routeId,rideId,type,routePoints,sequence,generatedAt,remainingTravelTimeOriginal,remainingTravelTimeNew,remainingDistanceOriginal,remainingDistanceNew
route-initial-synthetic-00-00,synthetic-00-00,Initial Route,"[{'lat': 14.5609964, 'lng': 120.9955721}, {'lat': 14.5614389, 'lng': 120.9955053}, {'lat': 14.5619111, 'lng': 120.9953898}, {'lat': 14.5623829, 'lng': 120.995273}, {'lat': 14.5628458, 'lng': 120.9951368}, {'lat': 14.5632913, 'lng': 120.9949423}, {'lat': 14.5637369, 'lng': 120.9947482}, {'lat': 14.564175, 'lng': 120.9945378}, {'lat': 14.5644792, 'lng': 120.9943923}, {'lat': 14.5649171, 'lng': 120.9941813}, {'lat': 14.5653581, 'lng': 120.9939772}, {'lat': 14.5649912, 'lng': 120.9939877}, {'lat': 14.5645518, 'lng': 120.9941955}, {'lat': 14.5642463, 'lng': 120.9943381}, {'lat': 14.5638067, 'lng': 120.9945454}, {'lat': 14.5633697, 'lng': 120.9947583}, {'lat': 14.5629292, 'lng': 120.9949637}, {'lat': 14.5625959, 'lng': 120.9952271}, {'lat': 14.5624453, 'lng': 120.9948039}, {'lat': 14.5620387, 'lng': 120.9945376}, {'lat': 14.5616565, 'lng': 120.9942426}, {'lat': 14.5614362, 'lng': 120.9939958}, {'lat': 14.561267, 'lng': 120.9937375}, {'lat': 14.5611845, 'lng': 120.9932601}, {'lat': 14.5610639, 'lng': 120.9927902}, {'lat': 14.5609126, 'lng': 120.9923297}, {'lat': 14.5607952, 'lng': 120.991858}, {'lat': 14.5606779, 'lng': 120.9913862}, {'lat': 14.5605607, 'lng': 120.9909145}, {'lat': 14.5604434, 'lng': 120.9904428}, {'lat': 14.5603262, 'lng': 120.989971}, {'lat': 14.5602089, 'lng': 120.9894993}, {'lat': 14.5600854, 'lng': 120.9890294}, {'lat': 14.5599642, 'lng': 120.9885587}, {'lat': 14.5598415, 'lng': 120.9880884}, {'lat': 14.5597187, 'lng': 120.987618}, {'lat': 14.559608, 'lng': 120.9872139}, {'lat': 14.5593921, 'lng': 120.9874968}, {'lat': 14.5589334, 'lng': 120.9876578}, {'lat': 14.558671, 'lng': 120.9877458}, {'lat': 14.5582786, 'lng': 120.9878231}, {'lat': 14.5582028, 'lng': 120.9879013}, {'lat': 14.5577391, 'lng': 120.988047}, {'lat': 14.5572753, 'lng': 120.9881926}, {'lat': 14.5568126, 'lng': 120.9883414}, {'lat': 14.5563522, 'lng': 120.9884974}, {'lat': 14.556085, 'lng': 120.9885842}, {'lat': 14.5556225, 'lng': 120.9887338}, {'lat': 14.5551599, 'lng': 120.9888829}, {'lat': 14.5547486, 'lng': 120.9888676}]",1,1767571190000,164,,2604.164,
route-regenerated-synthetic-00-00,synthetic-00-00,Regenerated Route,"[{'lat': 14.5609964, 'lng': 120.9955721}, {'lat': 14.5612891, 'lng': 120.9955419}, {'lat': 14.5616116, 'lng': 120.9954631}, {'lat': 14.561934, 'lng': 120.9953842}, {'lat': 14.5622564, 'lng': 120.9953054}, {'lat': 14.562581, 'lng': 120.9952398}, {'lat': 14.5624359, 'lng': 120.9951506}, {'lat': 14.5621165, 'lng': 120.9952403}, {'lat': 14.5617952, 'lng': 120.9953236}, {'lat': 14.5614739, 'lng': 120.9954068}, {'lat': 14.5611526, 'lng': 120.9954901}, {'lat': 14.5609087, 'lng': 120.9955511}, {'lat': 14.5605849, 'lng': 120.9956241}, {'lat': 14.5602609, 'lng': 120.9956962}, {'lat': 14.5601557, 'lng': 120.9955535}, {'lat': 14.5601047, 'lng': 120.9952255}, {'lat': 14.5600544, 'lng': 120.9948974}, {'lat': 14.5599976, 'lng': 120.9945704}, {'lat': 14.5599427, 'lng': 120.9942431}, {'lat': 14.5598881, 'lng': 120.9939157}, {'lat': 14.5598335, 'lng': 120.9935883}, {'lat': 14.5597789, 'lng': 120.9932609}, {'lat': 14.5596991, 'lng': 120.9929768}, {'lat': 14.5593858, 'lng': 120.9930865}, {'lat': 14.5590689, 'lng': 120.993185}, {'lat': 14.558749, 'lng': 120.9932734}, {'lat': 14.5584254, 'lng': 120.9933471}, {'lat': 14.5581013, 'lng': 120.9934184}, {'lat': 14.5579401, 'lng': 120.9932092}, {'lat': 14.5578441, 'lng': 120.9928915}, {'lat': 14.5577475, 'lng': 120.9925739}, {'lat': 14.5576505, 'lng': 120.9922565}, {'lat': 14.5575535, 'lng': 120.9919391}, {'lat': 14.5574566, 'lng': 120.9916216}, {'lat': 14.5573596, 'lng': 120.9913042}, {'lat': 14.5572626, 'lng': 120.9909868}, {'lat': 14.5571535, 'lng': 120.9906934}, {'lat': 14.5570025, 'lng': 120.9904663}, {'lat': 14.5568932, 'lng': 120.9901529}, {'lat': 14.5567837, 'lng': 120.9898396}, {'lat': 14.5566742, 'lng': 120.9895262}, {'lat': 14.5565616, 'lng': 120.989214}, {'lat': 14.5564526, 'lng': 120.9889005}, {'lat': 14.5563455, 'lng': 120.9885864}, {'lat': 14.5562766, 'lng': 120.9885222}, {'lat': 14.5559608, 'lng': 120.9886244}, {'lat': 14.555645, 'lng': 120.9887265}, {'lat': 14.5553291, 'lng': 120.9888285}, {'lat': 14.5550133, 'lng': 120.9889305}, {'lat': 14.5547486, 'lng': 120.9888676}]",2,1767571219000,164,164,2604.164,1775.59
route-initial-synthetic-00-01,synthetic-00-01,Initial Route,"[{'lat': 14.5633467, 'lng': 120.9988721}, {'lat': 14.5632987, 'lng': 120.9987607}, {'lat': 14.5632506, 'lng': 120.9986494}, {'lat': 14.5632026, 'lng': 120.998538}, {'lat': 14.5632281, 'lng': 120.9985972}, {'lat': 14.5632761, 'lng': 120.9987085}, {'lat': 14.5633242, 'lng': 120.9988199}, {'lat': 14.5633759, 'lng': 120.9989295}, {'lat': 14.5634309, 'lng': 120.9990376}, {'lat': 14.5634859, 'lng': 120.9991457}, {'lat': 14.5635408, 'lng': 120.9992539}, {'lat': 14.5635958, 'lng': 120.999362}, {'lat': 14.5636507, 'lng': 120.9994701}, {'lat': 14.5637057, 'lng': 120.9995782}, {'lat': 14.5637606, 'lng': 120.9996864}, {'lat': 14.5638156, 'lng': 120.9997945}, {'lat': 14.5638705, 'lng': 120.9999026}, {'lat': 14.5639255, 'lng': 121.0000107}, {'lat': 14.5639804, 'lng': 121.0001189}, {'lat': 14.5640354, 'lng': 121.000227}, {'lat': 14.5640904, 'lng': 121.0003351}, {'lat': 14.5641453, 'lng': 121.0004432}, {'lat': 14.5642003, 'lng': 121.0005513}, {'lat': 14.5642552, 'lng': 121.0006595}, {'lat': 14.5642507, 'lng': 121.0007488}, {'lat': 14.5641436, 'lng': 121.0008058}, {'lat': 14.5640365, 'lng': 121.0008627}, {'lat': 14.5639294, 'lng': 121.0009197}, {'lat': 14.5638555, 'lng': 121.0009812}, {'lat': 14.5639429, 'lng': 121.0010653}, {'lat': 14.5640304, 'lng': 121.0011493}, {'lat': 14.5641178, 'lng': 121.0012334}]",1,1768175990000,90,,408.784,
route-regenerated-synthetic-00-01,synthetic-00-01,Regenerated Route,"[{'lat': 14.5633467, 'lng': 120.9988721}, {'lat': 14.5632989, 'lng': 120.9987613}, {'lat': 14.5632511, 'lng': 120.9986504}, {'lat': 14.5632032, 'lng': 120.9985396}, {'lat': 14.5631044, 'lng': 120.9985373}, {'lat': 14.5629885, 'lng': 120.998571}, {'lat': 14.5628726, 'lng': 120.9986048}, {'lat': 14.5627581, 'lng': 120.9986427}, {'lat': 14.562646, 'lng': 120.9986874}, {'lat': 14.5625339, 'lng': 120.9987322}, {'lat': 14.5624218, 'lng': 120.998777}, {'lat': 14.562312, 'lng': 120.9988272}, {'lat': 14.5622029, 'lng': 120.9988788}, {'lat': 14.5620938, 'lng': 120.9989304}, {'lat': 14.5619988, 'lng': 120.9990037}, {'lat': 14.5619958, 'lng': 120.9990899}, {'lat': 14.5620816, 'lng': 120.9991749}, {'lat': 14.5621673, 'lng': 120.9992599}, {'lat': 14.5622531, 'lng': 120.9993448}, {'lat': 14.5623388, 'lng': 120.9994298}, {'lat': 14.5624246, 'lng': 120.9995147}, {'lat': 14.5625104, 'lng': 120.9995997}, {'lat': 14.5625962, 'lng': 120.9996846}, {'lat': 14.5626819, 'lng': 120.9997696}, {'lat': 14.5627677, 'lng': 120.9998545}, {'lat': 14.5628517, 'lng': 120.999941}, {'lat': 14.5629297, 'lng': 121.0000332}, {'lat': 14.5630076, 'lng': 121.0001254}, {'lat': 14.5630867, 'lng': 121.0002165}, {'lat': 14.5631749, 'lng': 121.0002989}, {'lat': 14.5632631, 'lng': 121.0003813}, {'lat': 14.563351, 'lng': 121.0004641}, {'lat': 14.5634341, 'lng': 121.0005516}, {'lat': 14.5635173, 'lng': 121.0006391}, {'lat': 14.5636004, 'lng': 121.0007266}, {'lat': 14.5636854, 'lng': 121.0008123}, {'lat': 14.5637709, 'lng': 121.0008975}, {'lat': 14.5638567, 'lng': 121.0009824}, {'lat': 14.5639438, 'lng': 121.0010661}, {'lat': 14.5640308, 'lng': 121.0011497}, {'lat': 14.5641178, 'lng': 121.0012334}]",2,1768176009000,90,90,408.784,529.418
route-initial-synthetic-00-02,synthetic-00-02,Initial Route,"[{'lat': 14.5609964, 'lng': 120.9955721}, {'lat': 14.5614389, 'lng': 120.9955053}, {'lat': 14.5619111, 'lng': 120.9953898}, {'lat': 14.5623829, 'lng': 120.995273}, {'lat': 14.5628458, 'lng': 120.9951368}, {'lat': 14.5632913, 'lng': 120.9949423}, {'lat': 14.5637369, 'lng': 120.9947482}, {'lat': 14.564175, 'lng': 120.9945378}, {'lat': 14.5644792, 'lng': 120.9943923}, {'lat': 14.5649171, 'lng': 120.9941813}, {'lat': 14.5653581, 'lng': 120.9939772}, {'lat': 14.5649912, 'lng': 120.9939877}, {'lat': 14.5645518, 'lng': 120.9941955}, {'lat': 14.5642463, 'lng': 120.9943381}, {'lat': 14.5638067, 'lng': 120.9945454}, {'lat': 14.5633697, 'lng': 120.9947583}, {'lat': 14.5629292, 'lng': 120.9949637}, {'lat': 14.5625959, 'lng': 120.9952271}, {'lat': 14.5624453, 'lng': 120.9948039}, {'lat': 14.5620387, 'lng': 120.9945376}, {'lat': 14.5616565, 'lng': 120.9942426}, {'lat': 14.5614362, 'lng': 120.9939958}, {'lat': 14.561267, 'lng': 120.9937375}, {'lat': 14.5611845, 'lng': 120.9932601}, {'lat': 14.5610639, 'lng': 120.9927902}, {'lat': 14.5609126, 'lng': 120.9923297}, {'lat': 14.5607952, 'lng': 120.991858}, {'lat': 14.5606779, 'lng': 120.9913862}, {'lat': 14.5605607, 'lng': 120.9909145}, {'lat': 14.5604434, 'lng': 120.9904428}, {'lat': 14.5603262, 'lng': 120.989971}, {'lat': 14.5602089, 'lng': 120.9894993}, {'lat': 14.5600854, 'lng': 120.9890294}, {'lat': 14.5599642, 'lng': 120.9885587}, {'lat': 14.5598415, 'lng': 120.9880884}, {'lat': 14.5597187, 'lng': 120.987618}, {'lat': 14.559608, 'lng': 120.9872139}, {'lat': 14.5593921, 'lng': 120.9874968}, {'lat': 14.5589334, 'lng': 120.9876578}, {'lat': 14.558671, 'lng': 120.9877458}, {'lat': 14.5582786, 'lng': 120.9878231}, {'lat': 14.5582028, 'lng': 120.9879013}, {'lat': 14.5577391, 'lng': 120.988047}, {'lat': 14.5572753, 'lng': 120.9881926}, {'lat': 14.5568126, 'lng': 120.9883414}, {'lat': 14.5563522, 'lng': 120.9884974}, {'lat': 14.556085, 'lng': 120.9885842}, {'lat': 14.5556225, 'lng': 120.9887338}, {'lat': 14.5551599, 'lng': 120.9888829}, {'lat': 14.5547486, 'lng': 120.9888676}]",1,1768780790000,156,,2604.164,
route-regenerated-synthetic-00-02,synthetic-00-02,Regenerated Route,"[{'lat': 14.5609964, 'lng': 120.9955721}, {'lat': 14.5612891, 'lng': 120.9955419}, {'lat': 14.5616116, 'lng': 120.9954631}, {'lat': 14.561934, 'lng': 120.9953842}, {'lat': 14.5622564, 'lng': 120.9953054}, {'lat': 14.562581, 'lng': 120.9952398}, {'lat': 14.5624359, 'lng': 120.9951506}, {'lat': 14.5621165, 'lng': 120.9952403}, {'lat': 14.5617952, 'lng': 120.9953236}, {'lat': 14.5614739, 'lng': 120.9954068}, {'lat': 14.5611526, 'lng': 120.9954901}, {'lat': 14.5609087, 'lng': 120.9955511}, {'lat': 14.5605849, 'lng': 120.9956241}, {'lat': 14.5602609, 'lng': 120.9956962}, {'lat': 14.5601557, 'lng': 120.9955535}, {'lat': 14.5601047, 'lng': 120.9952255}, {'lat': 14.5600544, 'lng': 120.9948974}, {'lat': 14.5599976, 'lng': 120.9945704}, {'lat': 14.5599427, 'lng': 120.9942431}, {'lat': 14.5598881, 'lng': 120.9939157}, {'lat': 14.5598335, 'lng': 120.9935883}, {'lat': 14.5597789, 'lng': 120.9932609}, {'lat': 14.5596991, 'lng': 120.9929768}, {'lat': 14.5593858, 'lng': 120.9930865}, {'lat': 14.5590689, 'lng': 120.993185}, {'lat': 14.558749, 'lng': 120.9932734}, {'lat': 14.5584254, 'lng': 120.9933471}, {'lat': 14.5581013, 'lng': 120.9934184}, {'lat': 14.5579401, 'lng': 120.9932092}, {'lat': 14.5578441, 'lng': 120.9928915}, {'lat': 14.5577475, 'lng': 120.9925739}, {'lat': 14.5576505, 'lng': 120.9922565}, {'lat': 14.5575535, 'lng': 120.9919391}, {'lat': 14.5574566, 'lng': 120.9916216}, {'lat': 14.5573596, 'lng': 120.9913042}, {'lat': 14.5572626, 'lng': 120.9909868}, {'lat': 14.5571535, 'lng': 120.9906934}, {'lat': 14.5570025, 'lng': 120.9904663}, {'lat': 14.5568932, 'lng': 120.9901529}, {'lat': 14.5567837, 'lng': 120.9898396}, {'lat': 14.5566742, 'lng': 120.9895262}, {'lat': 14.5565616, 'lng': 120.989214}, {'lat': 14.5564526, 'lng': 120.9889005}, {'lat': 14.5563455, 'lng': 120.9885864}, {'lat': 14.5562766, 'lng': 120.9885222}, {'lat': 14.5559608, 'lng': 120.9886244}, {'lat': 14.555645, 'lng': 120.9887265}, {'lat': 14.5553291, 'lng': 120.9888285}, {'lat': 14.5550133, 'lng': 120.9889305}, {'lat': 14.5547486, 'lng': 120.9888676}]",2,1768780818000,156,156,2604.164,1775.59
route-initial-synthetic-00-03,synthetic-00-03,Initial Route,"[{'lat': 14.5633467, 'lng': 120.9988721}, {'lat': 14.5632987, 'lng': 120.9987607}, {'lat': 14.5632506, 'lng': 120.9986494}, {'lat': 14.5632026, 'lng': 120.998538}, {'lat': 14.5632281, 'lng': 120.9985972}, {'lat': 14.5632761, 'lng': 120.9987085}, {'lat': 14.5633242, 'lng': 120.9988199}, {'lat': 14.5633759, 'lng': 120.9989295}, {'lat': 14.5634309, 'lng': 120.9990376}, {'lat': 14.5634859, 'lng': 120.9991457}, {'lat': 14.5635408, 'lng': 120.9992539}, {'lat': 14.5635958, 'lng': 120.999362}, {'lat': 14.5636507, 'lng': 120.9994701}, {'lat': 14.5637057, 'lng': 120.9995782}, {'lat': 14.5637606, 'lng': 120.9996864}, {'lat': 14.5638156, 'lng': 120.9997945}, {'lat': 14.5638705, 'lng': 120.9999026}, {'lat': 14.5639255, 'lng': 121.0000107}, {'lat': 14.5639804, 'lng': 121.0001189}, {'lat': 14.5640354, 'lng': 121.000227}, {'lat': 14.5640904, 'lng': 121.0003351}, {'lat': 14.5641453, 'lng': 121.0004432}, {'lat': 14.5642003, 'lng': 121.0005513}, {'lat': 14.5642552, 'lng': 121.0006595}, {'lat': 14.5642507, 'lng': 121.0007488}, {'lat': 14.5641436, 'lng': 121.0008058}, {'lat': 14.5640365, 'lng': 121.0008627}, {'lat': 14.5639294, 'lng': 121.0009197}, {'lat': 14.5638555, 'lng': 121.0009812}, {'lat': 14.5639429, 'lng': 121.0010653}, {'lat': 14.5640304, 'lng': 121.0011493}, {'lat': 14.5641178, 'lng': 121.0012334}]",1,1769385590000,90,,408.784,
route-regenerated-synthetic-00-03,synthetic-00-03,Regenerated Route,"[{'lat': 14.5633467, 'lng': 120.9988721}, {'lat': 14.5632989, 'lng': 120.9987613}, {'lat': 14.5632511, 'lng': 120.9986504}, {'lat': 14.5632032, 'lng': 120.9985396}, {'lat': 14.5631044, 'lng': 120.9985373}, {'lat': 14.5629885, 'lng': 120.998571}, {'lat': 14.5628726, 'lng': 120.9986048}, {'lat': 14.5627581, 'lng': 120.9986427}, {'lat': 14.562646, 'lng': 120.9986874}, {'lat': 14.5625339, 'lng': 120.9987322}, {'lat': 14.5624218, 'lng': 120.998777}, {'lat': 14.562312, 'lng': 120.9988272}, {'lat': 14.5622029, 'lng': 120.9988788}, {'lat': 14.5620938, 'lng': 120.9989304}, {'lat': 14.5619988, 'lng': 120.9990037}, {'lat': 14.5619958, 'lng': 120.9990899}, {'lat': 14.5620816, 'lng': 120.9991749}, {'lat': 14.5621673, 'lng': 120.9992599}, {'lat': 14.5622531, 'lng': 120.9993448}, {'lat': 14.5623388, 'lng': 120.9994298}, {'lat': 14.5624246, 'lng': 120.9995147}, {'lat': 14.5625104, 'lng': 120.9995997}, {'lat': 14.5625962, 'lng': 120.9996846}, {'lat': 14.5626819, 'lng': 120.9997696}, {'lat': 14.5627677, 'lng': 120.9998545}, {'lat': 14.5628517, 'lng': 120.999941}, {'lat': 14.5629297, 'lng': 121.0000332}, {'lat': 14.5630076, 'lng': 121.0001254}, {'lat': 14.5630867, 'lng': 121.0002165}, {'lat': 14.5631749, 'lng': 121.0002989}, {'lat': 14.5632631, 'lng': 121.0003813}, {'lat': 14.563351, 'lng': 121.0004641}, {'lat': 14.5634341, 'lng': 121.0005516}, {'lat': 14.5635173, 'lng': 121.0006391}, {'lat': 14.5636004, 'lng': 121.0007266}, {'lat': 14.5636854, 'lng': 121.0008123}, {'lat': 14.5637709, 'lng': 121.0008975}, {'lat': 14.5638567, 'lng': 121.0009824}, {'lat': 14.5639438, 'lng': 121.0010661}, {'lat': 14.5640308, 'lng': 121.0011497}, {'lat': 14.5641178, 'lng': 121.0012334}]",2,1769385609000,90,90,408.784,529.418
route-initial-synthetic-00-04,synthetic-00-04,Initial Route,"[{'lat': 14.5609964, 'lng': 120.9955721}, {'lat': 14.5614389, 'lng': 120.9955053}, {'lat': 14.5619111, 'lng': 120.9953898}, {'lat': 14.5623829, 'lng': 120.995273}, {'lat': 14.5628458, 'lng': 120.9951368}, {'lat': 14.5632913, 'lng': 120.9949423}, {'lat': 14.5637369, 'lng': 120.9947482}, {'lat': 14.564175, 'lng': 120.9945378}, {'lat': 14.5644792, 'lng': 120.9943923}, {'lat': 14.5649171, 'lng': 120.9941813}, {'lat': 14.5653581, 'lng': 120.9939772}, {'lat': 14.5649912, 'lng': 120.9939877}, {'lat': 14.5645518, 'lng': 120.9941955}, {'lat': 14.5642463, 'lng': 120.9943381}, {'lat': 14.5638067, 'lng': 120.9945454}, {'lat': 14.5633697, 'lng': 120.9947583}, {'lat': 14.5629292, 'lng': 120.9949637}, {'lat': 14.5625959, 'lng': 120.9952271}, {'lat': 14.5624453, 'lng': 120.9948039}, {'lat': 14.5620387, 'lng': 120.9945376}, {'lat': 14.5616565, 'lng': 120.9942426}, {'lat': 14.5614362, 'lng': 120.9939958}, {'lat': 14.561267, 'lng': 120.9937375}, {'lat': 14.5611845, 'lng': 120.9932601}, {'lat': 14.5610639, 'lng': 120.9927902}, {'lat': 14.5609126, 'lng': 120.9923297}, {'lat': 14.5607952, 'lng': 120.991858}, {'lat': 14.5606779, 'lng': 120.9913862}, {'lat': 14.5605607, 'lng': 120.9909145}, {'lat': 14.5604434, 'lng': 120.9904428}, {'lat': 14.5603262, 'lng': 120.989971}, {'lat': 14.5602089, 'lng': 120.9894993}, {'lat': 14.5600854, 'lng': 120.9890294}, {'lat': 14.5599642, 'lng': 120.9885587}, {'lat': 14.5598415, 'lng': 120.9880884}, {'lat': 14.5597187, 'lng': 120.987618}, {'lat': 14.559608, 'lng': 120.9872139}, {'lat': 14.5593921, 'lng': 120.9874968}, {'lat': 14.5589334, 'lng': 120.9876578}, {'lat': 14.558671, 'lng': 120.9877458}, {'lat': 14.5582786, 'lng': 120.9878231}, {'lat': 14.5582028, 'lng': 120.9879013}, {'lat': 14.5577391, 'lng': 120.988047}, {'lat': 14.5572753, 'lng': 120.9881926}, {'lat': 14.5568126, 'lng': 120.9883414}, {'lat': 14.5563522, 'lng': 120.9884974}, {'lat': 14.556085, 'lng': 120.9885842}, {'lat': 14.5556225, 'lng': 120.9887338}, {'lat': 14.5551599, 'lng': 120.9888829}, {'lat': 14.5547486, 'lng': 120.9888676}]",1,1769990390000,161,,2604.164,
route-regenerated-synthetic-00-04,synthetic-00-04,Regenerated Route,"[{'lat': 14.5609964, 'lng': 120.9955721}, {'lat': 14.5612891, 'lng': 120.9955419}, {'lat': 14.5616116, 'lng': 120.9954631}, {'lat': 14.561934, 'lng': 120.9953842}, {'lat': 14.5622564, 'lng': 120.9953054}, {'lat': 14.562581, 'lng': 120.9952398}, {'lat': 14.5624359, 'lng': 120.9951506}, {'lat': 14.5621165, 'lng': 120.9952403}, {'lat': 14.5617952, 'lng': 120.9953236}, {'lat': 14.5614739, 'lng': 120.9954068}, {'lat': 14.5611526, 'lng': 120.9954901}, {'lat': 14.5609087, 'lng': 120.9955511}, {'lat': 14.5605849, 'lng': 120.9956241}, {'lat': 14.5602609, 'lng': 120.9956962}, {'lat': 14.5601557, 'lng': 120.9955535}, {'lat': 14.5601047, 'lng': 120.9952255}, {'lat': 14.5600544, 'lng': 120.9948974}, {'lat': 14.5599976, 'lng': 120.9945704}, {'lat': 14.5599427, 'lng': 120.9942431}, {'lat': 14.5598881, 'lng': 120.9939157}, {'lat': 14.5598335, 'lng': 120.9935883}, {'lat': 14.5597789, 'lng': 120.9932609}, {'lat': 14.5596991, 'lng': 120.9929768}, {'lat': 14.5593858, 'lng': 120.9930865}, {'lat': 14.5590689, 'lng': 120.993185}, {'lat': 14.558749, 'lng': 120.9932734}, {'lat': 14.5584254, 'lng': 120.9933471}, {'lat': 14.5581013, 'lng': 120.9934184}, {'lat': 14.5579401, 'lng': 120.9932092}, {'lat': 14.5578441, 'lng': 120.9928915}, {'lat': 14.5577475, 'lng': 120.9925739}, {'lat': 14.5576505, 'lng': 120.9922565}, {'lat': 14.5575535, 'lng': 120.9919391}, {'lat': 14.5574566, 'lng': 120.9916216}, {'lat': 14.5573596, 'lng': 120.9913042}, {'lat': 14.5572626, 'lng': 120.9909868}, {'lat': 14.5571535, 'lng': 120.9906934}, {'lat': 14.5570025, 'lng': 120.9904663}, {'lat': 14.5568932, 'lng': 120.9901529}, {'lat': 14.5567837, 'lng': 120.9898396}, {'lat': 14.5566742, 'lng': 120.9895262}, {'lat': 14.5565616, 'lng': 120.989214}, {'lat': 14.5564526, 'lng': 120.9889005}, {'lat': 14.5563455, 'lng': 120.9885864}, {'lat': 14.5562766, 'lng': 120.9885222}, {'lat': 14.5559608, 'lng': 120.9886244}, {'lat': 14.555645, 'lng': 120.9887265}, {'lat': 14.5553291, 'lng': 120.9888285}, {'lat': 14.5550133, 'lng': 120.9889305}, {'lat': 14.5547486, 'lng': 120.9888676}]",2,1769990419000,161,161,2604.164,1775.59
route-initial-synthetic-00-05,synthetic-00-05,Initial Route,"[{'lat': 14.5633467, 'lng': 120.9988721}, {'lat': 14.5632987, 'lng': 120.9987607}, {'lat': 14.5632506, 'lng': 120.9986494}, {'lat': 14.5632026, 'lng': 120.998538}, {'lat': 14.5632281, 'lng': 120.9985972}, {'lat': 14.5632761, 'lng': 120.9987085}, {'lat': 14.5633242, 'lng': 120.9988199}, {'lat': 14.5633759, 'lng': 120.9989295}, {'lat': 14.5634309, 'lng': 120.9990376}, {'lat': 14.5634859, 'lng': 120.9991457}, {'lat': 14.5635408, 'lng': 120.9992539}, {'lat': 14.5635958, 'lng': 120.999362}, {'lat': 14.5636507, 'lng': 120.9994701}, {'lat': 14.5637057, 'lng': 120.9995782}, {'lat': 14.5637606, 'lng': 120.9996864}, {'lat': 14.5638156, 'lng': 120.9997945}, {'lat': 14.5638705, 'lng': 120.9999026}, {'lat': 14.5639255, 'lng': 121.0000107}, {'lat': 14.5639804, 'lng': 121.0001189}, {'lat': 14.5640354, 'lng': 121.000227}, {'lat': 14.5640904, 'lng': 121.0003351}, {'lat': 14.5641453, 'lng': 121.0004432}, {'lat': 14.5642003, 'lng': 121.0005513}, {'lat': 14.5642552, 'lng': 121.0006595}, {'lat': 14.5642507, 'lng': 121.0007488}, {'lat': 14.5641436, 'lng': 121.0008058}, {'lat': 14.5640365, 'lng': 121.0008627}, {'lat': 14.5639294, 'lng': 121.0009197}, {'lat': 14.5638555, 'lng': 121.0009812}, {'lat': 14.5639429, 'lng': 121.0010653}, {'lat': 14.5640304, 'lng': 121.0011493}, {'lat': 14.5641178, 'lng': 121.0012334}]",1,1770595190000,90,,408.784,
route-regenerated-synthetic-00-05,synthetic-00-05,Regenerated Route,"[{'lat': 14.5633467, 'lng': 120.9988721}, {'lat': 14.5632989, 'lng': 120.9987613}, {'lat': 14.5632511, 'lng': 120.9986504}, {'lat': 14.5632032, 'lng': 120.9985396}, {'lat': 14.5631044, 'lng': 120.9985373}, {'lat': 14.5629885, 'lng': 120.998571}, {'lat': 14.5628726, 'lng': 120.9986048}, {'lat': 14.5627581, 'lng': 120.9986427}, {'lat': 14.562646, 'lng': 120.9986874}, {'lat': 14.5625339, 'lng': 120.9987322}, {'lat': 14.5624218, 'lng': 120.998777}, {'lat': 14.562312, 'lng': 120.9988272}, {'lat': 14.5622029, 'lng': 120.9988788}, {'lat': 14.5620938, 'lng': 120.9989304}, {'lat': 14.5619988, 'lng': 120.9990037}, {'lat': 14.5619958, 'lng': 120.9990899}, {'lat': 14.5620816, 'lng': 120.9991749}, {'lat': 14.5621673, 'lng': 120.9992599}, {'lat': 14.5622531, 'lng': 120.9993448}, {'lat': 14.5623388, 'lng': 120.9994298}, {'lat': 14.5624246, 'lng': 120.9995147}, {'lat': 14.5625104, 'lng': 120.9995997}, {'lat': 14.5625962, 'lng': 120.9996846}, {'lat': 14.5626819, 'lng': 120.9997696}, {'lat': 14.5627677, 'lng': 120.9998545}, {'lat': 14.5628517, 'lng': 120.999941}, {'lat': 14.5629297, 'lng': 121.0000332}, {'lat': 14.5630076, 'lng': 121.0001254}, {'lat': 14.5630867, 'lng': 121.0002165}, {'lat': 14.5631749, 'lng': 121.0002989}, {'lat': 14.5632631, 'lng': 121.0003813}, {'lat': 14.563351, 'lng': 121.0004641}, {'lat': 14.5634341, 'lng': 121.0005516}, {'lat': 14.5635173, 'lng': 121.0006391}, {'lat': 14.5636004, 'lng': 121.0007266}, {'lat': 14.5636854, 'lng': 121.0008123}, {'lat': 14.5637709, 'lng': 121.0008975}, {'lat': 14.5638567, 'lng': 121.0009824}, {'lat': 14.5639438, 'lng': 121.0010661}, {'lat': 14.5640308, 'lng': 121.0011497}, {'lat': 14.5641178, 'lng': 121.0012334}]",2,1770595209000,90,90,408.784,529.418
route-initial-synthetic-00-06,synthetic-00-06,Initial Route,"[{'lat': 14.5643695, 'lng': 120.9943615}, {'lat': 14.5642655, 'lng': 120.9943292}, {'lat': 14.5641224, 'lng': 120.9943955}, {'lat': 14.5639792, 'lng': 120.9944617}, {'lat': 14.5638372, 'lng': 120.9945304}, {'lat': 14.5636964, 'lng': 120.9946015}, {'lat': 14.5635552, 'lng': 120.9946718}, {'lat': 14.5634122, 'lng': 120.9947384}, {'lat': 14.5632693, 'lng': 120.9948051}, {'lat': 14.563126, 'lng': 120.9948711}, {'lat': 14.5629833, 'lng': 120.9949383}, {'lat': 14.5628406, 'lng': 120.9950055}, {'lat': 14.5626978, 'lng': 120.9950726}, {'lat': 14.5625994, 'lng': 120.9951546}, {'lat': 14.562599, 'lng': 120.9951636}, {'lat': 14.562517, 'lng': 120.9951239}, {'lat': 14.5623671, 'lng': 120.9951733}, {'lat': 14.562215, 'lng': 120.9952148}, {'lat': 14.5620623, 'lng': 120.9952544}, {'lat': 14.5619096, 'lng': 120.9952939}, {'lat': 14.5617569, 'lng': 120.9953335}, {'lat': 14.5616042, 'lng': 120.9953731}, {'lat': 14.5614515, 'lng': 120.9954126}, {'lat': 14.5612988, 'lng': 120.9954522}, {'lat': 14.5611461, 'lng': 120.9954918}, {'lat': 14.5609934, 'lng': 120.9955313}, {'lat': 14.5609181, 'lng': 120.9955489}, {'lat': 14.5607643, 'lng': 120.9955842}, {'lat': 14.5606104, 'lng': 120.9956185}, {'lat': 14.5604564, 'lng': 120.9956527}, {'lat': 14.5603024, 'lng': 120.995687}, {'lat': 14.5601879, 'lng': 120.9957464}, {'lat': 14.5601648, 'lng': 120.9956117}, {'lat': 14.5601405, 'lng': 120.9954558}, {'lat': 14.5601163, 'lng': 120.9952999}, {'lat': 14.5600922, 'lng': 120.9951441}, {'lat': 14.5600683, 'lng': 120.9949881}, {'lat': 14.5600432, 'lng': 120.9948324}, {'lat': 14.5600161, 'lng': 120.994677}, {'lat': 14.5599892, 'lng': 120.9945216}, {'lat': 14.5599632, 'lng': 120.994366}, {'lat': 14.5599373, 'lng': 120.9942104}, {'lat': 14.5599113, 'lng': 120.9940548}, {'lat': 14.5598853, 'lng': 120.9938992}, {'lat': 14.5598594, 'lng': 120.9937436}, {'lat': 14.5598334, 'lng': 120.993588}, {'lat': 14.5598075, 'lng': 120.9934324}, {'lat': 14.5597815, 'lng': 120.9932768}, {'lat': 14.5597556, 'lng': 120.9931212}, {'lat': 14.5597296, 'lng': 120.9929656}]",1,1771210790000,90,,844.5,
route-initial-synthetic-00-07,synthetic-00-07,Initial Route,"[{'lat': 14.570849, 'lng': 120.9935069}, {'lat': 14.5708054, 'lng': 120.9933918}, {'lat': 14.5707618, 'lng': 120.9932767}, {'lat': 14.5707182, 'lng': 120.9931616}, {'lat': 14.5706746, 'lng': 120.9930465}, {'lat': 14.5706309, 'lng': 120.9929315}, {'lat': 14.5705873, 'lng': 120.9928164}, {'lat': 14.5705437, 'lng': 120.9927013}, {'lat': 14.5705001, 'lng': 120.9925862}, {'lat': 14.5704644, 'lng': 120.992474}, {'lat': 14.5705725, 'lng': 120.9924152}, {'lat': 14.5706807, 'lng': 120.9923565}, {'lat': 14.5707889, 'lng': 120.9922978}, {'lat': 14.570897, 'lng': 120.9922391}, {'lat': 14.571005, 'lng': 120.99218}, {'lat': 14.5710874, 'lng': 120.9921182}, {'lat': 14.5709911, 'lng': 120.9920415}, {'lat': 14.5708938, 'lng': 120.9919662}, {'lat': 14.5707981, 'lng': 120.9918888}, {'lat': 14.5707026, 'lng': 120.9918112}, {'lat': 14.5705943, 'lng': 120.9917533}, {'lat': 14.5704841, 'lng': 120.9916986}, {'lat': 14.570399, 'lng': 120.9916221}, {'lat': 14.5704245, 'lng': 120.991531}, {'lat': 14.5705334, 'lng': 120.9914736}, {'lat': 14.5706423, 'lng': 120.9914163}]",1,1771815590000,90,,336.0,
route-initial-synthetic-00-08,synthetic-00-08,Initial Route,"[{'lat': 14.5643695, 'lng': 120.9943615}, {'lat': 14.5644418, 'lng': 120.9944098}, {'lat': 14.5645525, 'lng': 120.9943574}, {'lat': 14.5646627, 'lng': 120.9943041}, {'lat': 14.5647729, 'lng': 120.9942509}, {'lat': 14.5648832, 'lng': 120.9941977}, {'lat': 14.5649934, 'lng': 120.9941445}, {'lat': 14.5651037, 'lng': 120.9940913}, {'lat': 14.565215, 'lng': 120.9940405}, {'lat': 14.5653268, 'lng': 120.9939905}, {'lat': 14.5653297, 'lng': 120.9939165}, {'lat': 14.5654133, 'lng': 120.9939535}, {'lat': 14.5655258, 'lng': 120.9939051}, {'lat': 14.5656364, 'lng': 120.9938527}, {'lat': 14.5657468, 'lng': 120.9937998}, {'lat': 14.5658093, 'lng': 120.9938771}, {'lat': 14.5658582, 'lng': 120.9939894}, {'lat': 14.565907, 'lng': 120.9941016}, {'lat': 14.5659559, 'lng': 120.9942139}, {'lat': 14.5660048, 'lng': 120.9943261}, {'lat': 14.5660536, 'lng': 120.9944384}, {'lat': 14.5661062, 'lng': 120.9945407}, {'lat': 14.5662171, 'lng': 120.9944887}, {'lat': 14.5663278, 'lng': 120.9944365}, {'lat': 14.5664382, 'lng': 120.9943835}, {'lat': 14.5665485, 'lng': 120.9943305}, {'lat': 14.5666587, 'lng': 120.9942773}, {'lat': 14.566769, 'lng': 120.9942241}, {'lat': 14.5668794, 'lng': 120.9941712}, {'lat': 14.5669899, 'lng': 120.9941187}, {'lat': 14.5671005, 'lng': 120.9940662}, {'lat': 14.5672111, 'lng': 120.9940137}, {'lat': 14.5673221, 'lng': 120.993962}, {'lat': 14.5674334, 'lng': 120.9939109}, {'lat': 14.5675446, 'lng': 120.9938599}, {'lat': 14.5676559, 'lng': 120.9938088}, {'lat': 14.5677671, 'lng': 120.9937577}]",1,1772420390000,90,,483.7,
route-initial-synthetic-00-09,synthetic-00-09,Initial Route,"[{'lat': 14.5587681, 'lng': 120.996085}, {'lat': 14.5588512, 'lng': 120.996111}, {'lat': 14.5589689, 'lng': 120.9960838}, {'lat': 14.5590865, 'lng': 120.9960567}, {'lat': 14.5592041, 'lng': 120.9960296}, {'lat': 14.5593218, 'lng': 120.9960025}, {'lat': 14.5594394, 'lng': 120.9959754}, {'lat': 14.559557, 'lng': 120.9959483}, {'lat': 14.5596746, 'lng': 120.995921}, {'lat': 14.5597922, 'lng': 120.9958937}, {'lat': 14.5599098, 'lng': 120.9958664}, {'lat': 14.5600274, 'lng': 120.9958391}, {'lat': 14.560145, 'lng': 120.9958119}, {'lat': 14.5601856, 'lng': 120.9957361}, {'lat': 14.5601656, 'lng': 120.995617}, {'lat': 14.5601471, 'lng': 120.9954978}, {'lat': 14.5601285, 'lng': 120.9953785}, {'lat': 14.56011, 'lng': 120.9952592}, {'lat': 14.5600915, 'lng': 120.9951399}, {'lat': 14.5600733, 'lng': 120.9950206}, {'lat': 14.560055, 'lng': 120.9949012}, {'lat': 14.5600345, 'lng': 120.9947823}, {'lat': 14.5600137, 'lng': 120.9946634}, {'lat': 14.5599931, 'lng': 120.9945444}, {'lat': 14.5600959, 'lng': 120.994499}, {'lat': 14.5602102, 'lng': 120.9944601}, {'lat': 14.5603163, 'lng': 120.9944025}, {'lat': 14.5604223, 'lng': 120.9943449}, {'lat': 14.5605284, 'lng': 120.9942872}, {'lat': 14.5606345, 'lng': 120.9942296}, {'lat': 14.5607405, 'lng': 120.9941719}, {'lat': 14.5608466, 'lng': 120.9941143}, {'lat': 14.5609524, 'lng': 120.9940562}, {'lat': 14.5610579, 'lng': 120.9939974}, {'lat': 14.5611616, 'lng': 120.9939357}, {'lat': 14.5612254, 'lng': 120.9938469}, {'lat': 14.5612184, 'lng': 120.9938952}, {'lat': 14.5612719, 'lng': 120.9940021}, {'lat': 14.5613312, 'lng': 120.9941072}, {'lat': 14.561407, 'lng': 120.9941998}, {'lat': 14.5614892, 'lng': 120.9941456}, {'lat': 14.5614876, 'lng': 120.9940559}, {'lat': 14.5614096, 'lng': 120.9939638}, {'lat': 14.561341, 'lng': 120.9938645}, {'lat': 14.5612841, 'lng': 120.9937582}, {'lat': 14.5612306, 'lng': 120.9938113}]",1,1773025190000,90,,593.8,
route-initial-synthetic-00-10,synthetic-00-10,Initial Route,"[{'lat': 14.5618298, 'lng': 120.9968042}, {'lat': 14.5617164, 'lng': 120.9968466}, {'lat': 14.561603, 'lng': 120.996889}, {'lat': 14.5614895, 'lng': 120.9969314}, {'lat': 14.5613761, 'lng': 120.9969738}, {'lat': 14.5612627, 'lng': 120.9970163}, {'lat': 14.5611487, 'lng': 120.997057}, {'lat': 14.5610348, 'lng': 120.9970981}, {'lat': 14.5609209, 'lng': 120.9971392}, {'lat': 14.560807, 'lng': 120.9971804}, {'lat': 14.560693, 'lng': 120.9972211}, {'lat': 14.5605789, 'lng': 120.9972616}, {'lat': 14.5604649, 'lng': 120.9973025}, {'lat': 14.5603513, 'lng': 120.9973443}, {'lat': 14.5602377, 'lng': 120.9973864}, {'lat': 14.5601238, 'lng': 120.9974275}, {'lat': 14.5600101, 'lng': 120.997469}, {'lat': 14.5598963, 'lng': 120.9975105}, {'lat': 14.5597836, 'lng': 120.9975547}, {'lat': 14.5596713, 'lng': 120.9976001}, {'lat': 14.5595589, 'lng': 120.997645}, {'lat': 14.5594424, 'lng': 120.9976777}, {'lat': 14.5593251, 'lng': 120.9977077}, {'lat': 14.5592078, 'lng': 120.9977378}, {'lat': 14.5590906, 'lng': 120.9977679}, {'lat': 14.5589733, 'lng': 120.9977979}, {'lat': 14.558856, 'lng': 120.997828}, {'lat': 14.5587387, 'lng': 120.9978581}, {'lat': 14.558623, 'lng': 120.9978936}, {'lat': 14.5585087, 'lng': 120.9979336}, {'lat': 14.5583944, 'lng': 120.9979736}, {'lat': 14.5582801, 'lng': 120.9980136}, {'lat': 14.5581658, 'lng': 120.9980535}, {'lat': 14.5580515, 'lng': 120.9980935}, {'lat': 14.5579373, 'lng': 120.9981335}, {'lat': 14.557823, 'lng': 120.9981735}, {'lat': 14.5577074, 'lng': 120.9982094}, {'lat': 14.5575907, 'lng': 120.9982417}, {'lat': 14.557474, 'lng': 120.998274}, {'lat': 14.5573573, 'lng': 120.9983064}, {'lat': 14.5572406, 'lng': 120.9983387}, {'lat': 14.5571239, 'lng': 120.998371}, {'lat': 14.5570072, 'lng': 120.9984033}, {'lat': 14.5568905, 'lng': 120.9984356}, {'lat': 14.5567732, 'lng': 120.9984653}]",1,1773629990000,90,,590.1,
route-initial-synthetic-00-11,synthetic-00-11,Initial Route,"[{'lat': 14.5643695, 'lng': 120.9943615}, {'lat': 14.5642655, 'lng': 120.9943292}, {'lat': 14.5641224, 'lng': 120.9943955}, {'lat': 14.5639792, 'lng': 120.9944617}, {'lat': 14.5638372, 'lng': 120.9945304}, {'lat': 14.5636964, 'lng': 120.9946015}, {'lat': 14.5635552, 'lng': 120.9946718}, {'lat': 14.5634122, 'lng': 120.9947384}, {'lat': 14.5632693, 'lng': 120.9948051}, {'lat': 14.563126, 'lng': 120.9948711}, {'lat': 14.5629833, 'lng': 120.9949383}, {'lat': 14.5628406, 'lng': 120.9950055}, {'lat': 14.5626978, 'lng': 120.9950726}, {'lat': 14.5625994, 'lng': 120.9951546}, {'lat': 14.562599, 'lng': 120.9951636}, {'lat': 14.562517, 'lng': 120.9951239}, {'lat': 14.5623671, 'lng': 120.9951733}, {'lat': 14.562215, 'lng': 120.9952148}, {'lat': 14.5620623, 'lng': 120.9952544}, {'lat': 14.5619096, 'lng': 120.9952939}, {'lat': 14.5617569, 'lng': 120.9953335}, {'lat': 14.5616042, 'lng': 120.9953731}, {'lat': 14.5614515, 'lng': 120.9954126}, {'lat': 14.5612988, 'lng': 120.9954522}, {'lat': 14.5611461, 'lng': 120.9954918}, {'lat': 14.5609934, 'lng': 120.9955313}, {'lat': 14.5609181, 'lng': 120.9955489}, {'lat': 14.5607643, 'lng': 120.9955842}, {'lat': 14.5606104, 'lng': 120.9956185}, {'lat': 14.5604564, 'lng': 120.9956527}, {'lat': 14.5603024, 'lng': 120.995687}, {'lat': 14.5601879, 'lng': 120.9957464}, {'lat': 14.5601648, 'lng': 120.9956117}, {'lat': 14.5601405, 'lng': 120.9954558}, {'lat': 14.5601163, 'lng': 120.9952999}, {'lat': 14.5600922, 'lng': 120.9951441}, {'lat': 14.5600683, 'lng': 120.9949881}, {'lat': 14.5600432, 'lng': 120.9948324}, {'lat': 14.5600161, 'lng': 120.994677}, {'lat': 14.5599892, 'lng': 120.9945216}, {'lat': 14.5599632, 'lng': 120.994366}, {'lat': 14.5599373, 'lng': 120.9942104}, {'lat': 14.5599113, 'lng': 120.9940548}, {'lat': 14.5598853, 'lng': 120.9938992}, {'lat': 14.5598594, 'lng': 120.9937436}, {'lat': 14.5598334, 'lng': 120.993588}, {'lat': 14.5598075, 'lng': 120.9934324}, {'lat': 14.5597815, 'lng': 120.9932768}, {'lat': 14.5597556, 'lng': 120.9931212}, {'lat': 14.5597296, 'lng': 120.9929656}]",1,1774234790000,90,,844.5,
route-initial-synthetic-01-00,synthetic-01-00,Initial Route,"[{'lat': 14.5633467, 'lng': 120.9988721}, {'lat': 14.5632987, 'lng': 120.9987607}, {'lat': 14.5632506, 'lng': 120.9986494}, {'lat': 14.5632026, 'lng': 120.998538}, {'lat': 14.5632281, 'lng': 120.9985972}, {'lat': 14.5632761, 'lng': 120.9987085}, {'lat': 14.5633242, 'lng': 120.9988199}, {'lat': 14.5633759, 'lng': 120.9989295}, {'lat': 14.5634309, 'lng': 120.9990376}, {'lat': 14.5634859, 'lng': 120.9991457}, {'lat': 14.5635408, 'lng': 120.9992539}, {'lat': 14.5635958, 'lng': 120.999362}, {'lat': 14.5636507, 'lng': 120.9994701}, {'lat': 14.5637057, 'lng': 120.9995782}, {'lat': 14.5637606, 'lng': 120.9996864}, {'lat': 14.5638156, 'lng': 120.9997945}, {'lat': 14.5638705, 'lng': 120.9999026}, {'lat': 14.5639255, 'lng': 121.0000107}, {'lat': 14.5639804, 'lng': 121.0001189}, {'lat': 14.5640354, 'lng': 121.000227}, {'lat': 14.5640904, 'lng': 121.0003351}, {'lat': 14.5641453, 'lng': 121.0004432}, {'lat': 14.5642003, 'lng': 121.0005513}, {'lat': 14.5642552, 'lng': 121.0006595}, {'lat': 14.5642507, 'lng': 121.0007488}, {'lat': 14.5641436, 'lng': 121.0008058}, {'lat': 14.5640365, 'lng': 121.0008627}, {'lat': 14.5639294, 'lng': 121.0009197}, {'lat': 14.5638555, 'lng': 121.0009812}, {'lat': 14.5639429, 'lng': 121.0010653}, {'lat': 14.5640304, 'lng': 121.0011493}, {'lat': 14.5641178, 'lng': 121.0012334}]",1,1767571193000,90,,408.784,
route-regenerated-synthetic-01-00,synthetic-01-00,Regenerated Route,"[{'lat': 14.5633467, 'lng': 120.9988721}, {'lat': 14.5632989, 'lng': 120.9987613}, {'lat': 14.5632511, 'lng': 120.9986504}, {'lat': 14.5632032, 'lng': 120.9985396}, {'lat': 14.5631044, 'lng': 120.9985373}, {'lat': 14.5629885, 'lng': 120.998571}, {'lat': 14.5628726, 'lng': 120.9986048}, {'lat': 14.5627581, 'lng': 120.9986427}, {'lat': 14.562646, 'lng': 120.9986874}, {'lat': 14.5625339, 'lng': 120.9987322}, {'lat': 14.5624218, 'lng': 120.998777}, {'lat': 14.562312, 'lng': 120.9988272}, {'lat': 14.5622029, 'lng': 120.9988788}, {'lat': 14.5620938, 'lng': 120.9989304}, {'lat': 14.5619988, 'lng': 120.9990037}, {'lat': 14.5619958, 'lng': 120.9990899}, {'lat': 14.5620816, 'lng': 120.9991749}, {'lat': 14.5621673, 'lng': 120.9992599}, {'lat': 14.5622531, 'lng': 120.9993448}, {'lat': 14.5623388, 'lng': 120.9994298}, {'lat': 14.5624246, 'lng': 120.9995147}, {'lat': 14.5625104, 'lng': 120.9995997}, {'lat': 14.5625962, 'lng': 120.9996846}, {'lat': 14.5626819, 'lng': 120.9997696}, {'lat': 14.5627677, 'lng': 120.9998545}, {'lat': 14.5628517, 'lng': 120.999941}, {'lat': 14.5629297, 'lng': 121.0000332}, {'lat': 14.5630076, 'lng': 121.0001254}, {'lat': 14.5630867, 'lng': 121.0002165}, {'lat': 14.5631749, 'lng': 121.0002989}, {'lat': 14.5632631, 'lng': 121.0003813}, {'lat': 14.563351, 'lng': 121.0004641}, {'lat': 14.5634341, 'lng': 121.0005516}, {'lat': 14.5635173, 'lng': 121.0006391}, {'lat': 14.5636004, 'lng': 121.0007266}, {'lat': 14.5636854, 'lng': 121.0008123}, {'lat': 14.5637709, 'lng': 121.0008975}, {'lat': 14.5638567, 'lng': 121.0009824}, {'lat': 14.5639438, 'lng': 121.0010661}, {'lat': 14.5640308, 'lng': 121.0011497}, {'lat': 14.5641178, 'lng': 121.0012334}]",2,1767571212000,90,90,408.784,529.418
route-initial-synthetic-01-01,synthetic-01-01,Initial Route,"[{'lat': 14.5609964, 'lng': 120.9955721}, {'lat': 14.5614389, 'lng': 120.9955053}, {'lat': 14.5619111, 'lng': 120.9953898}, {'lat': 14.5623829, 'lng': 120.995273}, {'lat': 14.5628458, 'lng': 120.9951368}, {'lat': 14.5632913, 'lng': 120.9949423}, {'lat': 14.5637369, 'lng': 120.9947482}, {'lat': 14.564175, 'lng': 120.9945378}, {'lat': 14.5644792, 'lng': 120.9943923}, {'lat': 14.5649171, 'lng': 120.9941813}, {'lat': 14.5653581, 'lng': 120.9939772}, {'lat': 14.5649912, 'lng': 120.9939877}, {'lat': 14.5645518, 'lng': 120.9941955}, {'lat': 14.5642463, 'lng': 120.9943381}, {'lat': 14.5638067, 'lng': 120.9945454}, {'lat': 14.5633697, 'lng': 120.9947583}, {'lat': 14.5629292, 'lng': 120.9949637}, {'lat': 14.5625959, 'lng': 120.9952271}, {'lat': 14.5624453, 'lng': 120.9948039}, {'lat': 14.5620387, 'lng': 120.9945376}, {'lat': 14.5616565, 'lng': 120.9942426}, {'lat': 14.5614362, 'lng': 120.9939958}, {'lat': 14.561267, 'lng': 120.9937375}, {'lat': 14.5611845, 'lng': 120.9932601}, {'lat': 14.5610639, 'lng': 120.9927902}, {'lat': 14.5609126, 'lng': 120.9923297}, {'lat': 14.5607952, 'lng': 120.991858}, {'lat': 14.5606779, 'lng': 120.9913862}, {'lat': 14.5605607, 'lng': 120.9909145}, {'lat': 14.5604434, 'lng': 120.9904428}, {'lat': 14.5603262, 'lng': 120.989971}, {'lat': 14.5602089, 'lng': 120.9894993}, {'lat': 14.5600854, 'lng': 120.9890294}, {'lat': 14.5599642, 'lng': 120.9885587}, {'lat': 14.5598415, 'lng': 120.9880884}, {'lat': 14.5597187, 'lng': 120.987618}, {'lat': 14.559608, 'lng': 120.9872139}, {'lat': 14.5593921, 'lng': 120.9874968}, {'lat': 14.5589334, 'lng': 120.9876578}, {'lat': 14.558671, 'lng': 120.9877458}, {'lat': 14.5582786, 'lng': 120.9878231}, {'lat': 14.5582028, 'lng': 120.9879013}, {'lat': 14.5577391, 'lng': 120.988047}, {'lat': 14.5572753, 'lng': 120.9881926}, {'lat': 14.5568126, 'lng': 120.9883414}, {'lat': 14.5563522, 'lng': 120.9884974}, {'lat': 14.556085, 'lng': 120.9885842}, {'lat': 14.5556225, 'lng': 120.9887338}, {'lat': 14.5551599, 'lng': 120.9888829}, {'lat': 14.5547486, 'lng': 120.9888676}]",1,1768175993000,168,,2604.164,
route-regenerated-synthetic-01-01,synthetic-01-01,Regenerated Route,"[{'lat': 14.5609964, 'lng': 120.9955721}, {'lat': 14.5612891, 'lng': 120.9955419}, {'lat': 14.5616116, 'lng': 120.9954631}, {'lat': 14.561934, 'lng': 120.9953842}, {'lat': 14.5622564, 'lng': 120.9953054}, {'lat': 14.562581, 'lng': 120.9952398}, {'lat': 14.5624359, 'lng': 120.9951506}, {'lat': 14.5621165, 'lng': 120.9952403}, {'lat': 14.5617952, 'lng': 120.9953236}, {'lat': 14.5614739, 'lng': 120.9954068}, {'lat': 14.5611526, 'lng': 120.9954901}, {'lat': 14.5609087, 'lng': 120.9955511}, {'lat': 14.5605849, 'lng': 120.9956241}, {'lat': 14.5602609, 'lng': 120.9956962}, {'lat': 14.5601557, 'lng': 120.9955535}, {'lat': 14.5601047, 'lng': 120.9952255}, {'lat': 14.5600544, 'lng': 120.9948974}, {'lat': 14.5599976, 'lng': 120.9945704}, {'lat': 14.5599427, 'lng': 120.9942431}, {'lat': 14.5598881, 'lng': 120.9939157}, {'lat': 14.5598335, 'lng': 120.9935883}, {'lat': 14.5597789, 'lng': 120.9932609}, {'lat': 14.5596991, 'lng': 120.9929768}, {'lat': 14.5593858, 'lng': 120.9930865}, {'lat': 14.5590689, 'lng': 120.993185}, {'lat': 14.558749, 'lng': 120.9932734}, {'lat': 14.5584254, 'lng': 120.9933471}, {'lat': 14.5581013, 'lng': 120.9934184}, {'lat': 14.5579401, 'lng': 120.9932092}, {'lat': 14.5578441, 'lng': 120.9928915}, {'lat': 14.5577475, 'lng': 120.9925739}, {'lat': 14.5576505, 'lng': 120.9922565}, {'lat': 14.5575535, 'lng': 120.9919391}, {'lat': 14.5574566, 'lng': 120.9916216}, {'lat': 14.5573596, 'lng': 120.9913042}, {'lat': 14.5572626, 'lng': 120.9909868}, {'lat': 14.5571535, 'lng': 120.9906934}, {'lat': 14.5570025, 'lng': 120.9904663}, {'lat': 14.5568932, 'lng': 120.9901529}, {'lat': 14.5567837, 'lng': 120.9898396}, {'lat': 14.5566742, 'lng': 120.9895262}, {'lat': 14.5565616, 'lng': 120.989214}, {'lat': 14.5564526, 'lng': 120.9889005}, {'lat': 14.5563455, 'lng': 120.9885864}, {'lat': 14.5562766, 'lng': 120.9885222}, {'lat': 14.5559608, 'lng': 120.9886244}, {'lat': 14.555645, 'lng': 120.9887265}, {'lat': 14.5553291, 'lng': 120.9888285}, {'lat': 14.5550133, 'lng': 120.9889305}, {'lat': 14.5547486, 'lng': 120.9888676}]",2,1768176022000,168,168,2604.164,1775.59
route-initial-synthetic-01-02,synthetic-01-02,Initial Route,"[{'lat': 14.5633467, 'lng': 120.9988721}, {'lat': 14.5632987, 'lng': 120.9987607}, {'lat': 14.5632506, 'lng': 120.9986494}, {'lat': 14.5632026, 'lng': 120.998538}, {'lat': 14.5632281, 'lng': 120.9985972}, {'lat': 14.5632761, 'lng': 120.9987085}, {'lat': 14.5633242, 'lng': 120.9988199}, {'lat': 14.5633759, 'lng': 120.9989295}, {'lat': 14.5634309, 'lng': 120.9990376}, {'lat': 14.5634859, 'lng': 120.9991457}, {'lat': 14.5635408, 'lng': 120.9992539}, {'lat': 14.5635958, 'lng': 120.999362}, {'lat': 14.5636507, 'lng': 120.9994701}, {'lat': 14.5637057, 'lng': 120.9995782}, {'lat': 14.5637606, 'lng': 120.9996864}, {'lat': 14.5638156, 'lng': 120.9997945}, {'lat': 14.5638705, 'lng': 120.9999026}, {'lat': 14.5639255, 'lng': 121.0000107}, {'lat': 14.5639804, 'lng': 121.0001189}, {'lat': 14.5640354, 'lng': 121.000227}, {'lat': 14.5640904, 'lng': 121.0003351}, {'lat': 14.5641453, 'lng': 121.0004432}, {'lat': 14.5642003, 'lng': 121.0005513}, {'lat': 14.5642552, 'lng': 121.0006595}, {'lat': 14.5642507, 'lng': 121.0007488}, {'lat': 14.5641436, 'lng': 121.0008058}, {'lat': 14.5640365, 'lng': 121.0008627}, {'lat': 14.5639294, 'lng': 121.0009197}, {'lat': 14.5638555, 'lng': 121.0009812}, {'lat': 14.5639429, 'lng': 121.0010653}, {'lat': 14.5640304, 'lng': 121.0011493}, {'lat': 14.5641178, 'lng': 121.0012334}]",1,1768780793000,90,,408.784,
route-regenerated-synthetic-01-02,synthetic-01-02,Regenerated Route,"[{'lat': 14.5633467, 'lng': 120.9988721}, {'lat': 14.5632989, 'lng': 120.9987613}, {'lat': 14.5632511, 'lng': 120.9986504}, {'lat': 14.5632032, 'lng': 120.9985396}, {'lat': 14.5631044, 'lng': 120.9985373}, {'lat': 14.5629885, 'lng': 120.998571}, {'lat': 14.5628726, 'lng': 120.9986048}, {'lat': 14.5627581, 'lng': 120.9986427}, {'lat': 14.562646, 'lng': 120.9986874}, {'lat': 14.5625339, 'lng': 120.9987322}, {'lat': 14.5624218, 'lng': 120.998777}, {'lat': 14.562312, 'lng': 120.9988272}, {'lat': 14.5622029, 'lng': 120.9988788}, {'lat': 14.5620938, 'lng': 120.9989304}, {'lat': 14.5619988, 'lng': 120.9990037}, {'lat': 14.5619958, 'lng': 120.9990899}, {'lat': 14.5620816, 'lng': 120.9991749}, {'lat': 14.5621673, 'lng': 120.9992599}, {'lat': 14.5622531, 'lng': 120.9993448}, {'lat': 14.5623388, 'lng': 120.9994298}, {'lat': 14.5624246, 'lng': 120.9995147}, {'lat': 14.5625104, 'lng': 120.9995997}, {'lat': 14.5625962, 'lng': 120.9996846}, {'lat': 14.5626819, 'lng': 120.9997696}, {'lat': 14.5627677, 'lng': 120.9998545}, {'lat': 14.5628517, 'lng': 120.999941}, {'lat': 14.5629297, 'lng': 121.0000332}, {'lat': 14.5630076, 'lng': 121.0001254}, {'lat': 14.5630867, 'lng': 121.0002165}, {'lat': 14.5631749, 'lng': 121.0002989}, {'lat': 14.5632631, 'lng': 121.0003813}, {'lat': 14.563351, 'lng': 121.0004641}, {'lat': 14.5634341, 'lng': 121.0005516}, {'lat': 14.5635173, 'lng': 121.0006391}, {'lat': 14.5636004, 'lng': 121.0007266}, {'lat': 14.5636854, 'lng': 121.0008123}, {'lat': 14.5637709, 'lng': 121.0008975}, {'lat': 14.5638567, 'lng': 121.0009824}, {'lat': 14.5639438, 'lng': 121.0010661}, {'lat': 14.5640308, 'lng': 121.0011497}, {'lat': 14.5641178, 'lng': 121.0012334}]",2,1768780812000,90,90,408.784,529.418
route-initial-synthetic-01-03,synthetic-01-03,Initial Route,"[{'lat': 14.5609964, 'lng': 120.9955721}, {'lat': 14.5614389, 'lng': 120.9955053}, {'lat': 14.5619111, 'lng': 120.9953898}, {'lat': 14.5623829, 'lng': 120.995273}, {'lat': 14.5628458, 'lng': 120.9951368}, {'lat': 14.5632913, 'lng': 120.9949423}, {'lat': 14.5637369, 'lng': 120.9947482}, {'lat': 14.564175, 'lng': 120.9945378}, {'lat': 14.5644792, 'lng': 120.9943923}, {'lat': 14.5649171, 'lng': 120.9941813}, {'lat': 14.5653581, 'lng': 120.9939772}, {'lat': 14.5649912, 'lng': 120.9939877}, {'lat': 14.5645518, 'lng': 120.9941955}, {'lat': 14.5642463, 'lng': 120.9943381}, {'lat': 14.5638067, 'lng': 120.9945454}, {'lat': 14.5633697, 'lng': 120.9947583}, {'lat': 14.5629292, 'lng': 120.9949637}, {'lat': 14.5625959, 'lng': 120.9952271}, {'lat': 14.5624453, 'lng': 120.9948039}, {'lat': 14.5620387, 'lng': 120.9945376}, {'lat': 14.5616565, 'lng': 120.9942426}, {'lat': 14.5614362, 'lng': 120.9939958}, {'lat': 14.561267, 'lng': 120.9937375}, {'lat': 14.5611845, 'lng': 120.9932601}, {'lat': 14.5610639, 'lng': 120.9927902}, {'lat': 14.5609126, 'lng': 120.9923297}, {'lat': 14.5607952, 'lng': 120.991858}, {'lat': 14.5606779, 'lng': 120.9913862}, {'lat': 14.5605607, 'lng': 120.9909145}, {'lat': 14.5604434, 'lng': 120.9904428}, {'lat': 14.5603262, 'lng': 120.989971}, {'lat': 14.5602089, 'lng': 120.9894993}, {'lat': 14.5600854, 'lng': 120.9890294}, {'lat': 14.5599642, 'lng': 120.9885587}, {'lat': 14.5598415, 'lng': 120.9880884}, {'lat': 14.5597187, 'lng': 120.987618}, {'lat': 14.559608, 'lng': 120.9872139}, {'lat': 14.5593921, 'lng': 120.9874968}, {'lat': 14.5589334, 'lng': 120.9876578}, {'lat': 14.558671, 'lng': 120.9877458}, {'lat': 14.5582786, 'lng': 120.9878231}, {'lat': 14.5582028, 'lng': 120.9879013}, {'lat': 14.5577391, 'lng': 120.988047}, {'lat': 14.5572753, 'lng': 120.9881926}, {'lat': 14.5568126, 'lng': 120.9883414}, {'lat': 14.5563522, 'lng': 120.9884974}, {'lat': 14.556085, 'lng': 120.9885842}, {'lat': 14.5556225, 'lng': 120.9887338}, {'lat': 14.5551599, 'lng': 120.9888829}, {'lat': 14.5547486, 'lng': 120.9888676}]",1,1769385593000,159,,2604.164,
route-regenerated-synthetic-01-03,synthetic-01-03,Regenerated Route,"[{'lat': 14.5609964, 'lng': 120.9955721}, {'lat': 14.5612891, 'lng': 120.9955419}, {'lat': 14.5616116, 'lng': 120.9954631}, {'lat': 14.561934, 'lng': 120.9953842}, {'lat': 14.5622564, 'lng': 120.9953054}, {'lat': 14.562581, 'lng': 120.9952398}, {'lat': 14.5624359, 'lng': 120.9951506}, {'lat': 14.5621165, 'lng': 120.9952403}, {'lat': 14.5617952, 'lng': 120.9953236}, {'lat': 14.5614739, 'lng': 120.9954068}, {'lat': 14.5611526, 'lng': 120.9954901}, {'lat': 14.5609087, 'lng': 120.9955511}, {'lat': 14.5605849, 'lng': 120.9956241}, {'lat': 14.5602609, 'lng': 120.9956962}, {'lat': 14.5601557, 'lng': 120.9955535}, {'lat': 14.5601047, 'lng': 120.9952255}, {'lat': 14.5600544, 'lng': 120.9948974}, {'lat': 14.5599976, 'lng': 120.9945704}, {'lat': 14.5599427, 'lng': 120.9942431}, {'lat': 14.5598881, 'lng': 120.9939157}, {'lat': 14.5598335, 'lng': 120.9935883}, {'lat': 14.5597789, 'lng': 120.9932609}, {'lat': 14.5596991, 'lng': 120.9929768}, {'lat': 14.5593858, 'lng': 120.9930865}, {'lat': 14.5590689, 'lng': 120.993185}, {'lat': 14.558749, 'lng': 120.9932734}, {'lat': 14.5584254, 'lng': 120.9933471}, {'lat': 14.5581013, 'lng': 120.9934184}, {'lat': 14.5579401, 'lng': 120.9932092}, {'lat': 14.5578441, 'lng': 120.9928915}, {'lat': 14.5577475, 'lng': 120.9925739}, {'lat': 14.5576505, 'lng': 120.9922565}, {'lat': 14.5575535, 'lng': 120.9919391}, {'lat': 14.5574566, 'lng': 120.9916216}, {'lat': 14.5573596, 'lng': 120.9913042}, {'lat': 14.5572626, 'lng': 120.9909868}, {'lat': 14.5571535, 'lng': 120.9906934}, {'lat': 14.5570025, 'lng': 120.9904663}, {'lat': 14.5568932, 'lng': 120.9901529}, {'lat': 14.5567837, 'lng': 120.9898396}, {'lat': 14.5566742, 'lng': 120.9895262}, {'lat': 14.5565616, 'lng': 120.989214}, {'lat': 14.5564526, 'lng': 120.9889005}, {'lat': 14.5563455, 'lng': 120.9885864}, {'lat': 14.5562766, 'lng': 120.9885222}, {'lat': 14.5559608, 'lng': 120.9886244}, {'lat': 14.555645, 'lng': 120.9887265}, {'lat': 14.5553291, 'lng': 120.9888285}, {'lat': 14.5550133, 'lng': 120.9889305}, {'lat': 14.5547486, 'lng': 120.9888676}]",2,1769385622000,159,159,2604.164,1775.59
route-initial-synthetic-01-04,synthetic-01-04,Initial Route,"[{'lat': 14.5633467, 'lng': 120.9988721}, {'lat': 14.5632987, 'lng': 120.9987607}, {'lat': 14.5632506, 'lng': 120.9986494}, {'lat': 14.5632026, 'lng': 120.998538}, {'lat': 14.5632281, 'lng': 120.9985972}, {'lat': 14.5632761, 'lng': 120.9987085}, {'lat': 14.5633242, 'lng': 120.9988199}, {'lat': 14.5633759, 'lng': 120.9989295}, {'lat': 14.5634309, 'lng': 120.9990376}, {'lat': 14.5634859, 'lng': 120.9991457}, {'lat': 14.5635408, 'lng': 120.9992539}, {'lat': 14.5635958, 'lng': 120.999362}, {'lat': 14.5636507, 'lng': 120.9994701}, {'lat': 14.5637057, 'lng': 120.9995782}, {'lat': 14.5637606, 'lng': 120.9996864}, {'lat': 14.5638156, 'lng': 120.9997945}, {'lat': 14.5638705, 'lng': 120.9999026}, {'lat': 14.5639255, 'lng': 121.0000107}, {'lat': 14.5639804, 'lng': 121.0001189}, {'lat': 14.5640354, 'lng': 121.000227}, {'lat': 14.5640904, 'lng': 121.0003351}, {'lat': 14.5641453, 'lng': 121.0004432}, {'lat': 14.5642003, 'lng': 121.0005513}, {'lat': 14.5642552, 'lng': 121.0006595}, {'lat': 14.5642507, 'lng': 121.0007488}, {'lat': 14.5641436, 'lng': 121.0008058}, {'lat': 14.5640365, 'lng': 121.0008627}, {'lat': 14.5639294, 'lng': 121.0009197}, {'lat': 14.5638555, 'lng': 121.0009812}, {'lat': 14.5639429, 'lng': 121.0010653}, {'lat': 14.5640304, 'lng': 121.0011493}, {'lat': 14.5641178, 'lng': 121.0012334}]",1,1769990393000,90,,408.784,
route-regenerated-synthetic-01-04,synthetic-01-04,Regenerated Route,"[{'lat': 14.5633467, 'lng': 120.9988721}, {'lat': 14.5632989, 'lng': 120.9987613}, {'lat': 14.5632511, 'lng': 120.9986504}, {'lat': 14.5632032, 'lng': 120.9985396}, {'lat': 14.5631044, 'lng': 120.9985373}, {'lat': 14.5629885, 'lng': 120.998571}, {'lat': 14.5628726, 'lng': 120.9986048}, {'lat': 14.5627581, 'lng': 120.9986427}, {'lat': 14.562646, 'lng': 120.9986874}, {'lat': 14.5625339, 'lng': 120.9987322}, {'lat': 14.5624218, 'lng': 120.998777}, {'lat': 14.562312, 'lng': 120.9988272}, {'lat': 14.5622029, 'lng': 120.9988788}, {'lat': 14.5620938, 'lng': 120.9989304}, {'lat': 14.5619988, 'lng': 120.9990037}, {'lat': 14.5619958, 'lng': 120.9990899}, {'lat': 14.5620816, 'lng': 120.9991749}, {'lat': 14.5621673, 'lng': 120.9992599}, {'lat': 14.5622531, 'lng': 120.9993448}, {'lat': 14.5623388, 'lng': 120.9994298}, {'lat': 14.5624246, 'lng': 120.9995147}, {'lat': 14.5625104, 'lng': 120.9995997}, {'lat': 14.5625962, 'lng': 120.9996846}, {'lat': 14.5626819, 'lng': 120.9997696}, {'lat': 14.5627677, 'lng': 120.9998545}, {'lat': 14.5628517, 'lng': 120.999941}, {'lat': 14.5629297, 'lng': 121.0000332}, {'lat': 14.5630076, 'lng': 121.0001254}, {'lat': 14.5630867, 'lng': 121.0002165}, {'lat': 14.5631749, 'lng': 121.0002989}, {'lat': 14.5632631, 'lng': 121.0003813}, {'lat': 14.563351, 'lng': 121.0004641}, {'lat': 14.5634341, 'lng': 121.0005516}, {'lat': 14.5635173, 'lng': 121.0006391}, {'lat': 14.5636004, 'lng': 121.0007266}, {'lat': 14.5636854, 'lng': 121.0008123}, {'lat': 14.5637709, 'lng': 121.0008975}, {'lat': 14.5638567, 'lng': 121.0009824}, {'lat': 14.5639438, 'lng': 121.0010661}, {'lat': 14.5640308, 'lng': 121.0011497}, {'lat': 14.5641178, 'lng': 121.0012334}]",2,1769990412000,90,90,408.784,529.418
route-initial-synthetic-01-05,synthetic-01-05,Initial Route,"[{'lat': 14.5609964, 'lng': 120.9955721}, {'lat': 14.5614389, 'lng': 120.9955053}, {'lat': 14.5619111, 'lng': 120.9953898}, {'lat': 14.5623829, 'lng': 120.995273}, {'lat': 14.5628458, 'lng': 120.9951368}, {'lat': 14.5632913, 'lng': 120.9949423}, {'lat': 14.5637369, 'lng': 120.9947482}, {'lat': 14.564175, 'lng': 120.9945378}, {'lat': 14.5644792, 'lng': 120.9943923}, {'lat': 14.5649171, 'lng': 120.9941813}, {'lat': 14.5653581, 'lng': 120.9939772}, {'lat': 14.5649912, 'lng': 120.9939877}, {'lat': 14.5645518, 'lng': 120.9941955}, {'lat': 14.5642463, 'lng': 120.9943381}, {'lat': 14.5638067, 'lng': 120.9945454}, {'lat': 14.5633697, 'lng': 120.9947583}, {'lat': 14.5629292, 'lng': 120.9949637}, {'lat': 14.5625959, 'lng': 120.9952271}, {'lat': 14.5624453, 'lng': 120.9948039}, {'lat': 14.5620387, 'lng': 120.9945376}, {'lat': 14.5616565, 'lng': 120.9942426}, {'lat': 14.5614362, 'lng': 120.9939958}, {'lat': 14.561267, 'lng': 120.9937375}, {'lat': 14.5611845, 'lng': 120.9932601}, {'lat': 14.5610639, 'lng': 120.9927902}, {'lat': 14.5609126, 'lng': 120.9923297}, {'lat': 14.5607952, 'lng': 120.991858}, {'lat': 14.5606779, 'lng': 120.9913862}, {'lat': 14.5605607, 'lng': 120.9909145}, {'lat': 14.5604434, 'lng': 120.9904428}, {'lat': 14.5603262, 'lng': 120.989971}, {'lat': 14.5602089, 'lng': 120.9894993}, {'lat': 14.5600854, 'lng': 120.9890294}, {'lat': 14.5599642, 'lng': 120.9885587}, {'lat': 14.5598415, 'lng': 120.9880884}, {'lat': 14.5597187, 'lng': 120.987618}, {'lat': 14.559608, 'lng': 120.9872139}, {'lat': 14.5593921, 'lng': 120.9874968}, {'lat': 14.5589334, 'lng': 120.9876578}, {'lat': 14.558671, 'lng': 120.9877458}, {'lat': 14.5582786, 'lng': 120.9878231}, {'lat': 14.5582028, 'lng': 120.9879013}, {'lat': 14.5577391, 'lng': 120.988047}, {'lat': 14.5572753, 'lng': 120.9881926}, {'lat': 14.5568126, 'lng': 120.9883414}, {'lat': 14.5563522, 'lng': 120.9884974}, {'lat': 14.556085, 'lng': 120.9885842}, {'lat': 14.5556225, 'lng': 120.9887338}, {'lat': 14.5551599, 'lng': 120.9888829}, {'lat': 14.5547486, 'lng': 120.9888676}]",1,1770595193000,159,,2604.164,
route-regenerated-synthetic-01-05,synthetic-01-05,Regenerated Route,"[{'lat': 14.5609964, 'lng': 120.9955721}, {'lat': 14.5612891, 'lng': 120.9955419}, {'lat': 14.5616116, 'lng': 120.9954631}, {'lat': 14.561934, 'lng': 120.9953842}, {'lat': 14.5622564, 'lng': 120.9953054}, {'lat': 14.562581, 'lng': 120.9952398}, {'lat': 14.5624359, 'lng': 120.9951506}, {'lat': 14.5621165, 'lng': 120.9952403}, {'lat': 14.5617952, 'lng': 120.9953236}, {'lat': 14.5614739, 'lng': 120.9954068}, {'lat': 14.5611526, 'lng': 120.9954901}, {'lat': 14.5609087, 'lng': 120.9955511}, {'lat': 14.5605849, 'lng': 120.9956241}, {'lat': 14.5602609, 'lng': 120.9956962}, {'lat': 14.5601557, 'lng': 120.9955535}, {'lat': 14.5601047, 'lng': 120.9952255}, {'lat': 14.5600544, 'lng': 120.9948974}, {'lat': 14.5599976, 'lng': 120.9945704}, {'lat': 14.5599427, 'lng': 120.9942431}, {'lat': 14.5598881, 'lng': 120.9939157}, {'lat': 14.5598335, 'lng': 120.9935883}, {'lat': 14.5597789, 'lng': 120.9932609}, {'lat': 14.5596991, 'lng': 120.9929768}, {'lat': 14.5593858, 'lng': 120.9930865}, {'lat': 14.5590689, 'lng': 120.993185}, {'lat': 14.558749, 'lng': 120.9932734}, {'lat': 14.5584254, 'lng': 120.9933471}, {'lat': 14.5581013, 'lng': 120.9934184}, {'lat': 14.5579401, 'lng': 120.9932092}, {'lat': 14.5578441, 'lng': 120.9928915}, {'lat': 14.5577475, 'lng': 120.9925739}, {'lat': 14.5576505, 'lng': 120.9922565}, {'lat': 14.5575535, 'lng': 120.9919391}, {'lat': 14.5574566, 'lng': 120.9916216}, {'lat': 14.5573596, 'lng': 120.9913042}, {'lat': 14.5572626, 'lng': 120.9909868}, {'lat': 14.5571535, 'lng': 120.9906934}, {'lat': 14.5570025, 'lng': 120.9904663}, {'lat': 14.5568932, 'lng': 120.9901529}, {'lat': 14.5567837, 'lng': 120.9898396}, {'lat': 14.5566742, 'lng': 120.9895262}, {'lat': 14.5565616, 'lng': 120.989214}, {'lat': 14.5564526, 'lng': 120.9889005}, {'lat': 14.5563455, 'lng': 120.9885864}, {'lat': 14.5562766, 'lng': 120.9885222}, {'lat': 14.5559608, 'lng': 120.9886244}, {'lat': 14.555645, 'lng': 120.9887265}, {'lat': 14.5553291, 'lng': 120.9888285}, {'lat': 14.5550133, 'lng': 120.9889305}, {'lat': 14.5547486, 'lng': 120.9888676}]",2,1770595222000,159,159,2604.164,1775.59
route-initial-synthetic-01-06,synthetic-01-06,Initial Route,"[{'lat': 14.570849, 'lng': 120.9935069}, {'lat': 14.5708054, 'lng': 120.9933918}, {'lat': 14.5707618, 'lng': 120.9932767}, {'lat': 14.5707182, 'lng': 120.9931616}, {'lat': 14.5706746, 'lng': 120.9930465}, {'lat': 14.5706309, 'lng': 120.9929315}, {'lat': 14.5705873, 'lng': 120.9928164}, {'lat': 14.5705437, 'lng': 120.9927013}, {'lat': 14.5705001, 'lng': 120.9925862}, {'lat': 14.5704644, 'lng': 120.992474}, {'lat': 14.5705725, 'lng': 120.9924152}, {'lat': 14.5706807, 'lng': 120.9923565}, {'lat': 14.5707889, 'lng': 120.9922978}, {'lat': 14.570897, 'lng': 120.9922391}, {'lat': 14.571005, 'lng': 120.99218}, {'lat': 14.5710874, 'lng': 120.9921182}, {'lat': 14.5709911, 'lng': 120.9920415}, {'lat': 14.5708938, 'lng': 120.9919662}, {'lat': 14.5707981, 'lng': 120.9918888}, {'lat': 14.5707026, 'lng': 120.9918112}, {'lat': 14.5705943, 'lng': 120.9917533}, {'lat': 14.5704841, 'lng': 120.9916986}, {'lat': 14.570399, 'lng': 120.9916221}, {'lat': 14.5704245, 'lng': 120.991531}, {'lat': 14.5705334, 'lng': 120.9914736}, {'lat': 14.5706423, 'lng': 120.9914163}]",1,1771210793000,90,,336.0,
route-initial-synthetic-01-07,synthetic-01-07,Initial Route,"[{'lat': 14.5643695, 'lng': 120.9943615}, {'lat': 14.5644418, 'lng': 120.9944098}, {'lat': 14.5645525, 'lng': 120.9943574}, {'lat': 14.5646627, 'lng': 120.9943041}, {'lat': 14.5647729, 'lng': 120.9942509}, {'lat': 14.5648832, 'lng': 120.9941977}, {'lat': 14.5649934, 'lng': 120.9941445}, {'lat': 14.5651037, 'lng': 120.9940913}, {'lat': 14.565215, 'lng': 120.9940405}, {'lat': 14.5653268, 'lng': 120.9939905}, {'lat': 14.5653297, 'lng': 120.9939165}, {'lat': 14.5654133, 'lng': 120.9939535}, {'lat': 14.5655258, 'lng': 120.9939051}, {'lat': 14.5656364, 'lng': 120.9938527}, {'lat': 14.5657468, 'lng': 120.9937998}, {'lat': 14.5658093, 'lng': 120.9938771}, {'lat': 14.5658582, 'lng': 120.9939894}, {'lat': 14.565907, 'lng': 120.9941016}, {'lat': 14.5659559, 'lng': 120.9942139}, {'lat': 14.5660048, 'lng': 120.9943261}, {'lat': 14.5660536, 'lng': 120.9944384}, {'lat': 14.5661062, 'lng': 120.9945407}, {'lat': 14.5662171, 'lng': 120.9944887}, {'lat': 14.5663278, 'lng': 120.9944365}, {'lat': 14.5664382, 'lng': 120.9943835}, {'lat': 14.5665485, 'lng': 120.9943305}, {'lat': 14.5666587, 'lng': 120.9942773}, {'lat': 14.566769, 'lng': 120.9942241}, {'lat': 14.5668794, 'lng': 120.9941712}, {'lat': 14.5669899, 'lng': 120.9941187}, {'lat': 14.5671005, 'lng': 120.9940662}, {'lat': 14.5672111, 'lng': 120.9940137}, {'lat': 14.5673221, 'lng': 120.993962}, {'lat': 14.5674334, 'lng': 120.9939109}, {'lat': 14.5675446, 'lng': 120.9938599}, {'lat': 14.5676559, 'lng': 120.9938088}, {'lat': 14.5677671, 'lng': 120.9937577}]",1,1771815593000,90,,483.7,
route-initial-synthetic-01-08,synthetic-01-08,Initial Route,"[{'lat': 14.5587681, 'lng': 120.996085}, {'lat': 14.5588512, 'lng': 120.996111}, {'lat': 14.5589689, 'lng': 120.9960838}, {'lat': 14.5590865, 'lng': 120.9960567}, {'lat': 14.5592041, 'lng': 120.9960296}, {'lat': 14.5593218, 'lng': 120.9960025}, {'lat': 14.5594394, 'lng': 120.9959754}, {'lat': 14.559557, 'lng': 120.9959483}, {'lat': 14.5596746, 'lng': 120.995921}, {'lat': 14.5597922, 'lng': 120.9958937}, {'lat': 14.5599098, 'lng': 120.9958664}, {'lat': 14.5600274, 'lng': 120.9958391}, {'lat': 14.560145, 'lng': 120.9958119}, {'lat': 14.5601856, 'lng': 120.9957361}, {'lat': 14.5601656, 'lng': 120.995617}, {'lat': 14.5601471, 'lng': 120.9954978}, {'lat': 14.5601285, 'lng': 120.9953785}, {'lat': 14.56011, 'lng': 120.9952592}, {'lat': 14.5600915, 'lng': 120.9951399}, {'lat': 14.5600733, 'lng': 120.9950206}, {'lat': 14.560055, 'lng': 120.9949012}, {'lat': 14.5600345, 'lng': 120.9947823}, {'lat': 14.5600137, 'lng': 120.9946634}, {'lat': 14.5599931, 'lng': 120.9945444}, {'lat': 14.5600959, 'lng': 120.994499}, {'lat': 14.5602102, 'lng': 120.9944601}, {'lat': 14.5603163, 'lng': 120.9944025}, {'lat': 14.5604223, 'lng': 120.9943449}, {'lat': 14.5605284, 'lng': 120.9942872}, {'lat': 14.5606345, 'lng': 120.9942296}, {'lat': 14.5607405, 'lng': 120.9941719}, {'lat': 14.5608466, 'lng': 120.9941143}, {'lat': 14.5609524, 'lng': 120.9940562}, {'lat': 14.5610579, 'lng': 120.9939974}, {'lat': 14.5611616, 'lng': 120.9939357}, {'lat': 14.5612254, 'lng': 120.9938469}, {'lat': 14.5612184, 'lng': 120.9938952}, {'lat': 14.5612719, 'lng': 120.9940021}, {'lat': 14.5613312, 'lng': 120.9941072}, {'lat': 14.561407, 'lng': 120.9941998}, {'lat': 14.5614892, 'lng': 120.9941456}, {'lat': 14.5614876, 'lng': 120.9940559}, {'lat': 14.5614096, 'lng': 120.9939638}, {'lat': 14.561341, 'lng': 120.9938645}, {'lat': 14.5612841, 'lng': 120.9937582}, {'lat': 14.5612306, 'lng': 120.9938113}]",1,1772420393000,90,,593.8,
route-initial-synthetic-01-09,synthetic-01-09,Initial Route,"[{'lat': 14.5618298, 'lng': 120.9968042}, {'lat': 14.5617164, 'lng': 120.9968466}, {'lat': 14.561603, 'lng': 120.996889}, {'lat': 14.5614895, 'lng': 120.9969314}, {'lat': 14.5613761, 'lng': 120.9969738}, {'lat': 14.5612627, 'lng': 120.9970163}, {'lat': 14.5611487, 'lng': 120.997057}, {'lat': 14.5610348, 'lng': 120.9970981}, {'lat': 14.5609209, 'lng': 120.9971392}, {'lat': 14.560807, 'lng': 120.9971804}, {'lat': 14.560693, 'lng': 120.9972211}, {'lat': 14.5605789, 'lng': 120.9972616}, {'lat': 14.5604649, 'lng': 120.9973025}, {'lat': 14.5603513, 'lng': 120.9973443}, {'lat': 14.5602377, 'lng': 120.9973864}, {'lat': 14.5601238, 'lng': 120.9974275}, {'lat': 14.5600101, 'lng': 120.997469}, {'lat': 14.5598963, 'lng': 120.9975105}, {'lat': 14.5597836, 'lng': 120.9975547}, {'lat': 14.5596713, 'lng': 120.9976001}, {'lat': 14.5595589, 'lng': 120.997645}, {'lat': 14.5594424, 'lng': 120.9976777}, {'lat': 14.5593251, 'lng': 120.9977077}, {'lat': 14.5592078, 'lng': 120.9977378}, {'lat': 14.5590906, 'lng': 120.9977679}, {'lat': 14.5589733, 'lng': 120.9977979}, {'lat': 14.558856, 'lng': 120.997828}, {'lat': 14.5587387, 'lng': 120.9978581}, {'lat': 14.558623, 'lng': 120.9978936}, {'lat': 14.5585087, 'lng': 120.9979336}, {'lat': 14.5583944, 'lng': 120.9979736}, {'lat': 14.5582801, 'lng': 120.9980136}, {'lat': 14.5581658, 'lng': 120.9980535}, {'lat': 14.5580515, 'lng': 120.9980935}, {'lat': 14.5579373, 'lng': 120.9981335}, {'lat': 14.557823, 'lng': 120.9981735}, {'lat': 14.5577074, 'lng': 120.9982094}, {'lat': 14.5575907, 'lng': 120.9982417}, {'lat': 14.557474, 'lng': 120.998274}, {'lat': 14.5573573, 'lng': 120.9983064}, {'lat': 14.5572406, 'lng': 120.9983387}, {'lat': 14.5571239, 'lng': 120.998371}, {'lat': 14.5570072, 'lng': 120.9984033}, {'lat': 14.5568905, 'lng': 120.9984356}, {'lat': 14.5567732, 'lng': 120.9984653}]",1,1773025193000,90,,590.1,
route-initial-synthetic-01-10,synthetic-01-10,Initial Route,"[{'lat': 14.5643695, 'lng': 120.9943615}, {'lat': 14.5642655, 'lng': 120.9943292}, {'lat': 14.5641224, 'lng': 120.9943955}, {'lat': 14.5639792, 'lng': 120.9944617}, {'lat': 14.5638372, 'lng': 120.9945304}, {'lat': 14.5636964, 'lng': 120.9946015}, {'lat': 14.5635552, 'lng': 120.9946718}, {'lat': 14.5634122, 'lng': 120.9947384}, {'lat': 14.5632693, 'lng': 120.9948051}, {'lat': 14.563126, 'lng': 120.9948711}, {'lat': 14.5629833, 'lng': 120.9949383}, {'lat': 14.5628406, 'lng': 120.9950055}, {'lat': 14.5626978, 'lng': 120.9950726}, {'lat': 14.5625994, 'lng': 120.9951546}, {'lat': 14.562599, 'lng': 120.9951636}, {'lat': 14.562517, 'lng': 120.9951239}, {'lat': 14.5623671, 'lng': 120.9951733}, {'lat': 14.562215, 'lng': 120.9952148}, {'lat': 14.5620623, 'lng': 120.9952544}, {'lat': 14.5619096, 'lng': 120.9952939}, {'lat': 14.5617569, 'lng': 120.9953335}, {'lat': 14.5616042, 'lng': 120.9953731}, {'lat': 14.5614515, 'lng': 120.9954126}, {'lat': 14.5612988, 'lng': 120.9954522}, {'lat': 14.5611461, 'lng': 120.9954918}, {'lat': 14.5609934, 'lng': 120.9955313}, {'lat': 14.5609181, 'lng': 120.9955489}, {'lat': 14.5607643, 'lng': 120.9955842}, {'lat': 14.5606104, 'lng': 120.9956185}, {'lat': 14.5604564, 'lng': 120.9956527}, {'lat': 14.5603024, 'lng': 120.995687}, {'lat': 14.5601879, 'lng': 120.9957464}, {'lat': 14.5601648, 'lng': 120.9956117}, {'lat': 14.5601405, 'lng': 120.9954558}, {'lat': 14.5601163, 'lng': 120.9952999}, {'lat': 14.5600922, 'lng': 120.9951441}, {'lat': 14.5600683, 'lng': 120.9949881}, {'lat': 14.5600432, 'lng': 120.9948324}, {'lat': 14.5600161, 'lng': 120.994677}, {'lat': 14.5599892, 'lng': 120.9945216}, {'lat': 14.5599632, 'lng': 120.994366}, {'lat': 14.5599373, 'lng': 120.9942104}, {'lat': 14.5599113, 'lng': 120.9940548}, {'lat': 14.5598853, 'lng': 120.9938992}, {'lat': 14.5598594, 'lng': 120.9937436}, {'lat': 14.5598334, 'lng': 120.993588}, {'lat': 14.5598075, 'lng': 120.9934324}, {'lat': 14.5597815, 'lng': 120.9932768}, {'lat': 14.5597556, 'lng': 120.9931212}, {'lat': 14.5597296, 'lng': 120.9929656}]",1,1773629993000,90,,844.5,
route-initial-synthetic-01-11,synthetic-01-11,Initial Route,"[{'lat': 14.570849, 'lng': 120.9935069}, {'lat': 14.5708054, 'lng': 120.9933918}, {'lat': 14.5707618, 'lng': 120.9932767}, {'lat': 14.5707182, 'lng': 120.9931616}, {'lat': 14.5706746, 'lng': 120.9930465}, {'lat': 14.5706309, 'lng': 120.9929315}, {'lat': 14.5705873, 'lng': 120.9928164}, {'lat': 14.5705437, 'lng': 120.9927013}, {'lat': 14.5705001, 'lng': 120.9925862}, {'lat': 14.5704644, 'lng': 120.992474}, {'lat': 14.5705725, 'lng': 120.9924152}, {'lat': 14.5706807, 'lng': 120.9923565}, {'lat': 14.5707889, 'lng': 120.9922978}, {'lat': 14.570897, 'lng': 120.9922391}, {'lat': 14.571005, 'lng': 120.99218}, {'lat': 14.5710874, 'lng': 120.9921182}, {'lat': 14.5709911, 'lng': 120.9920415}, {'lat': 14.5708938, 'lng': 120.9919662}, {'lat': 14.5707981, 'lng': 120.9918888}, {'lat': 14.5707026, 'lng': 120.9918112}, {'lat': 14.5705943, 'lng': 120.9917533}, {'lat': 14.5704841, 'lng': 120.9916986}, {'lat': 14.570399, 'lng': 120.9916221}, {'lat': 14.5704245, 'lng': 120.991531}, {'lat': 14.5705334, 'lng': 120.9914736}, {'lat': 14.5706423, 'lng': 120.9914163}]",1,1774234793000,90,,336.0,
route-initial-synthetic-02-00,synthetic-02-00,Initial Route,"[{'lat': 14.5609964, 'lng': 120.9955721}, {'lat': 14.5614389, 'lng': 120.9955053}, {'lat': 14.5619111, 'lng': 120.9953898}, {'lat': 14.5623829, 'lng': 120.995273}, {'lat': 14.5628458, 'lng': 120.9951368}, {'lat': 14.5632913, 'lng': 120.9949423}, {'lat': 14.5637369, 'lng': 120.9947482}, {'lat': 14.564175, 'lng': 120.9945378}, {'lat': 14.5644792, 'lng': 120.9943923}, {'lat': 14.5649171, 'lng': 120.9941813}, {'lat': 14.5653581, 'lng': 120.9939772}, {'lat': 14.5649912, 'lng': 120.9939877}, {'lat': 14.5645518, 'lng': 120.9941955}, {'lat': 14.5642463, 'lng': 120.9943381}, {'lat': 14.5638067, 'lng': 120.9945454}, {'lat': 14.5633697, 'lng': 120.9947583}, {'lat': 14.5629292, 'lng': 120.9949637}, {'lat': 14.5625959, 'lng': 120.9952271}, {'lat': 14.5624453, 'lng': 120.9948039}, {'lat': 14.5620387, 'lng': 120.9945376}, {'lat': 14.5616565, 'lng': 120.9942426}, {'lat': 14.5614362, 'lng': 120.9939958}, {'lat': 14.561267, 'lng': 120.9937375}, {'lat': 14.5611845, 'lng': 120.9932601}, {'lat': 14.5610639, 'lng': 120.9927902}, {'lat': 14.5609126, 'lng': 120.9923297}, {'lat': 14.5607952, 'lng': 120.991858}, {'lat': 14.5606779, 'lng': 120.9913862}, {'lat': 14.5605607, 'lng': 120.9909145}, {'lat': 14.5604434, 'lng': 120.9904428}, {'lat': 14.5603262, 'lng': 120.989971}, {'lat': 14.5602089, 'lng': 120.9894993}, {'lat': 14.5600854, 'lng': 120.9890294}, {'lat': 14.5599642, 'lng': 120.9885587}, {'lat': 14.5598415, 'lng': 120.9880884}, {'lat': 14.5597187, 'lng': 120.987618}, {'lat': 14.559608, 'lng': 120.9872139}, {'lat': 14.5593921, 'lng': 120.9874968}, {'lat': 14.5589334, 'lng': 120.9876578}, {'lat': 14.558671, 'lng': 120.9877458}, {'lat': 14.5582786, 'lng': 120.9878231}, {'lat': 14.5582028, 'lng': 120.9879013}, {'lat': 14.5577391, 'lng': 120.988047}, {'lat': 14.5572753, 'lng': 120.9881926}, {'lat': 14.5568126, 'lng': 120.9883414}, {'lat': 14.5563522, 'lng': 120.9884974}, {'lat': 14.556085, 'lng': 120.9885842}, {'lat': 14.5556225, 'lng': 120.9887338}, {'lat': 14.5551599, 'lng': 120.9888829}, {'lat': 14.5547486, 'lng': 120.9888676}]",1,1767571196000,164,,2604.164,
route-regenerated-synthetic-02-00,synthetic-02-00,Regenerated Route,"[{'lat': 14.5609964, 'lng': 120.9955721}, {'lat': 14.5612891, 'lng': 120.9955419}, {'lat': 14.5616116, 'lng': 120.9954631}, {'lat': 14.561934, 'lng': 120.9953842}, {'lat': 14.5622564, 'lng': 120.9953054}, {'lat': 14.562581, 'lng': 120.9952398}, {'lat': 14.5624359, 'lng': 120.9951506}, {'lat': 14.5621165, 'lng': 120.9952403}, {'lat': 14.5617952, 'lng': 120.9953236}, {'lat': 14.5614739, 'lng': 120.9954068}, {'lat': 14.5611526, 'lng': 120.9954901}, {'lat': 14.5609087, 'lng': 120.9955511}, {'lat': 14.5605849, 'lng': 120.9956241}, {'lat': 14.5602609, 'lng': 120.9956962}, {'lat': 14.5601557, 'lng': 120.9955535}, {'lat': 14.5601047, 'lng': 120.9952255}, {'lat': 14.5600544, 'lng': 120.9948974}, {'lat': 14.5599976, 'lng': 120.9945704}, {'lat': 14.5599427, 'lng': 120.9942431}, {'lat': 14.5598881, 'lng': 120.9939157}, {'lat': 14.5598335, 'lng': 120.9935883}, {'lat': 14.5597789, 'lng': 120.9932609}, {'lat': 14.5596991, 'lng': 120.9929768}, {'lat': 14.5593858, 'lng': 120.9930865}, {'lat': 14.5590689, 'lng': 120.993185}, {'lat': 14.558749, 'lng': 120.9932734}, {'lat': 14.5584254, 'lng': 120.9933471}, {'lat': 14.5581013, 'lng': 120.9934184}, {'lat': 14.5579401, 'lng': 120.9932092}, {'lat': 14.5578441, 'lng': 120.9928915}, {'lat': 14.5577475, 'lng': 120.9925739}, {'lat': 14.5576505, 'lng': 120.9922565}, {'lat': 14.5575535, 'lng': 120.9919391}, {'lat': 14.5574566, 'lng': 120.9916216}, {'lat': 14.5573596, 'lng': 120.9913042}, {'lat': 14.5572626, 'lng': 120.9909868}, {'lat': 14.5571535, 'lng': 120.9906934}, {'lat': 14.5570025, 'lng': 120.9904663}, {'lat': 14.5568932, 'lng': 120.9901529}, {'lat': 14.5567837, 'lng': 120.9898396}, {'lat': 14.5566742, 'lng': 120.9895262}, {'lat': 14.5565616, 'lng': 120.989214}, {'lat': 14.5564526, 'lng': 120.9889005}, {'lat': 14.5563455, 'lng': 120.9885864}, {'lat': 14.5562766, 'lng': 120.9885222}, {'lat': 14.5559608, 'lng': 120.9886244}, {'lat': 14.555645, 'lng': 120.9887265}, {'lat': 14.5553291, 'lng': 120.9888285}, {'lat': 14.5550133, 'lng': 120.9889305}, {'lat': 14.5547486, 'lng': 120.9888676}]",2,1767571225000,164,164,2604.164,1775.59
route-initial-synthetic-02-01,synthetic-02-01,Initial Route,"[{'lat': 14.5633467, 'lng': 120.9988721}, {'lat': 14.5632987, 'lng': 120.9987607}, {'lat': 14.5632506, 'lng': 120.9986494}, {'lat': 14.5632026, 'lng': 120.998538}, {'lat': 14.5632281, 'lng': 120.9985972}, {'lat': 14.5632761, 'lng': 120.9987085}, {'lat': 14.5633242, 'lng': 120.9988199}, {'lat': 14.5633759, 'lng': 120.9989295}, {'lat': 14.5634309, 'lng': 120.9990376}, {'lat': 14.5634859, 'lng': 120.9991457}, {'lat': 14.5635408, 'lng': 120.9992539}, {'lat': 14.5635958, 'lng': 120.999362}, {'lat': 14.5636507, 'lng': 120.9994701}, {'lat': 14.5637057, 'lng': 120.9995782}, {'lat': 14.5637606, 'lng': 120.9996864}, {'lat': 14.5638156, 'lng': 120.9997945}, {'lat': 14.5638705, 'lng': 120.9999026}, {'lat': 14.5639255, 'lng': 121.0000107}, {'lat': 14.5639804, 'lng': 121.0001189}, {'lat': 14.5640354, 'lng': 121.000227}, {'lat': 14.5640904, 'lng': 121.0003351}, {'lat': 14.5641453, 'lng': 121.0004432}, {'lat': 14.5642003, 'lng': 121.0005513}, {'lat': 14.5642552, 'lng': 121.0006595}, {'lat': 14.5642507, 'lng': 121.0007488}, {'lat': 14.5641436, 'lng': 121.0008058}, {'lat': 14.5640365, 'lng': 121.0008627}, {'lat': 14.5639294, 'lng': 121.0009197}, {'lat': 14.5638555, 'lng': 121.0009812}, {'lat': 14.5639429, 'lng': 121.0010653}, {'lat': 14.5640304, 'lng': 121.0011493}, {'lat': 14.5641178, 'lng': 121.0012334}]",1,1768175996000,90,,408.784,
route-regenerated-synthetic-02-01,synthetic-02-01,Regenerated Route,"[{'lat': 14.5633467, 'lng': 120.9988721}, {'lat': 14.5632989, 'lng': 120.9987613}, {'lat': 14.5632511, 'lng': 120.9986504}, {'lat': 14.5632032, 'lng': 120.9985396}, {'lat': 14.5631044, 'lng': 120.9985373}, {'lat': 14.5629885, 'lng': 120.998571}, {'lat': 14.5628726, 'lng': 120.9986048}, {'lat': 14.5627581, 'lng': 120.9986427}, {'lat': 14.562646, 'lng': 120.9986874}, {'lat': 14.5625339, 'lng': 120.9987322}, {'lat': 14.5624218, 'lng': 120.998777}, {'lat': 14.562312, 'lng': 120.9988272}, {'lat': 14.5622029, 'lng': 120.9988788}, {'lat': 14.5620938, 'lng': 120.9989304}, {'lat': 14.5619988, 'lng': 120.9990037}, {'lat': 14.5619958, 'lng': 120.9990899}, {'lat': 14.5620816, 'lng': 120.9991749}, {'lat': 14.5621673, 'lng': 120.9992599}, {'lat': 14.5622531, 'lng': 120.9993448}, {'lat': 14.5623388, 'lng': 120.9994298}, {'lat': 14.5624246, 'lng': 120.9995147}, {'lat': 14.5625104, 'lng': 120.9995997}, {'lat': 14.5625962, 'lng': 120.9996846}, {'lat': 14.5626819, 'lng': 120.9997696}, {'lat': 14.5627677, 'lng': 120.9998545}, {'lat': 14.5628517, 'lng': 120.999941}, {'lat': 14.5629297, 'lng': 121.0000332}, {'lat': 14.5630076, 'lng': 121.0001254}, {'lat': 14.5630867, 'lng': 121.0002165}, {'lat': 14.5631749, 'lng': 121.0002989}, {'lat': 14.5632631, 'lng': 121.0003813}, {'lat': 14.563351, 'lng': 121.0004641}, {'lat': 14.5634341, 'lng': 121.0005516}, {'lat': 14.5635173, 'lng': 121.0006391}, {'lat': 14.5636004, 'lng': 121.0007266}, {'lat': 14.5636854, 'lng': 121.0008123}, {'lat': 14.5637709, 'lng': 121.0008975}, {'lat': 14.5638567, 'lng': 121.0009824}, {'lat': 14.5639438, 'lng': 121.0010661}, {'lat': 14.5640308, 'lng': 121.0011497}, {'lat': 14.5641178, 'lng': 121.0012334}]",2,1768176015000,90,90,408.784,529.418
route-initial-synthetic-02-02,synthetic-02-02,Initial Route,"[{'lat': 14.5609964, 'lng': 120.9955721}, {'lat': 14.5614389, 'lng': 120.9955053}, {'lat': 14.5619111, 'lng': 120.9953898}, {'lat': 14.5623829, 'lng': 120.995273}, {'lat': 14.5628458, 'lng': 120.9951368}, {'lat': 14.5632913, 'lng': 120.9949423}, {'lat': 14.5637369, 'lng': 120.9947482}, {'lat': 14.564175, 'lng': 120.9945378}, {'lat': 14.5644792, 'lng': 120.9943923}, {'lat': 14.5649171, 'lng': 120.9941813}, {'lat': 14.5653581, 'lng': 120.9939772}, {'lat': 14.5649912, 'lng': 120.9939877}, {'lat': 14.5645518, 'lng': 120.9941955}, {'lat': 14.5642463, 'lng': 120.9943381}, {'lat': 14.5638067, 'lng': 120.9945454}, {'lat': 14.5633697, 'lng': 120.9947583}, {'lat': 14.5629292, 'lng': 120.9949637}, {'lat': 14.5625959, 'lng': 120.9952271}, {'lat': 14.5624453, 'lng': 120.9948039}, {'lat': 14.5620387, 'lng': 120.9945376}, {'lat': 14.5616565, 'lng': 120.9942426}, {'lat': 14.5614362, 'lng': 120.9939958}, {'lat': 14.561267, 'lng': 120.9937375}, {'lat': 14.5611845, 'lng': 120.9932601}, {'lat': 14.5610639, 'lng': 120.9927902}, {'lat': 14.5609126, 'lng': 120.9923297}, {'lat': 14.5607952, 'lng': 120.991858}, {'lat': 14.5606779, 'lng': 120.9913862}, {'lat': 14.5605607, 'lng': 120.9909145}, {'lat': 14.5604434, 'lng': 120.9904428}, {'lat': 14.5603262, 'lng': 120.989971}, {'lat': 14.5602089, 'lng': 120.9894993}, {'lat': 14.5600854, 'lng': 120.9890294}, {'lat': 14.5599642, 'lng': 120.9885587}, {'lat': 14.5598415, 'lng': 120.9880884}, {'lat': 14.5597187, 'lng': 120.987618}, {'lat': 14.559608, 'lng': 120.9872139}, {'lat': 14.5593921, 'lng': 120.9874968}, {'lat': 14.5589334, 'lng': 120.9876578}, {'lat': 14.558671, 'lng': 120.9877458}, {'lat': 14.5582786, 'lng': 120.9878231}, {'lat': 14.5582028, 'lng': 120.9879013}, {'lat': 14.5577391, 'lng': 120.988047}, {'lat': 14.5572753, 'lng': 120.9881926}, {'lat': 14.5568126, 'lng': 120.9883414}, {'lat': 14.5563522, 'lng': 120.9884974}, {'lat': 14.556085, 'lng': 120.9885842}, {'lat': 14.5556225, 'lng': 120.9887338}, {'lat': 14.5551599, 'lng': 120.9888829}, {'lat': 14.5547486, 'lng': 120.9888676}]",1,1768780796000,159,,2604.164,
route-regenerated-synthetic-02-02,synthetic-02-02,Regenerated Route,"[{'lat': 14.5609964, 'lng': 120.9955721}, {'lat': 14.5612891, 'lng': 120.9955419}, {'lat': 14.5616116, 'lng': 120.9954631}, {'lat': 14.561934, 'lng': 120.9953842}, {'lat': 14.5622564, 'lng': 120.9953054}, {'lat': 14.562581, 'lng': 120.9952398}, {'lat': 14.5624359, 'lng': 120.9951506}, {'lat': 14.5621165, 'lng': 120.9952403}, {'lat': 14.5617952, 'lng': 120.9953236}, {'lat': 14.5614739, 'lng': 120.9954068}, {'lat': 14.5611526, 'lng': 120.9954901}, {'lat': 14.5609087, 'lng': 120.9955511}, {'lat': 14.5605849, 'lng': 120.9956241}, {'lat': 14.5602609, 'lng': 120.9956962}, {'lat': 14.5601557, 'lng': 120.9955535}, {'lat': 14.5601047, 'lng': 120.9952255}, {'lat': 14.5600544, 'lng': 120.9948974}, {'lat': 14.5599976, 'lng': 120.9945704}, {'lat': 14.5599427, 'lng': 120.9942431}, {'lat': 14.5598881, 'lng': 120.9939157}, {'lat': 14.5598335, 'lng': 120.9935883}, {'lat': 14.5597789, 'lng': 120.9932609}, {'lat': 14.5596991, 'lng': 120.9929768}, {'lat': 14.5593858, 'lng': 120.9930865}, {'lat': 14.5590689, 'lng': 120.993185}, {'lat': 14.558749, 'lng': 120.9932734}, {'lat': 14.5584254, 'lng': 120.9933471}, {'lat': 14.5581013, 'lng': 120.9934184}, {'lat': 14.5579401, 'lng': 120.9932092}, {'lat': 14.5578441, 'lng': 120.9928915}, {'lat': 14.5577475, 'lng': 120.9925739}, {'lat': 14.5576505, 'lng': 120.9922565}, {'lat': 14.5575535, 'lng': 120.9919391}, {'lat': 14.5574566, 'lng': 120.9916216}, {'lat': 14.5573596, 'lng': 120.9913042}, {'lat': 14.5572626, 'lng': 120.9909868}, {'lat': 14.5571535, 'lng': 120.9906934}, {'lat': 14.5570025, 'lng': 120.9904663}, {'lat': 14.5568932, 'lng': 120.9901529}, {'lat': 14.5567837, 'lng': 120.9898396}, {'lat': 14.5566742, 'lng': 120.9895262}, {'lat': 14.5565616, 'lng': 120.989214}, {'lat': 14.5564526, 'lng': 120.9889005}, {'lat': 14.5563455, 'lng': 120.9885864}, {'lat': 14.5562766, 'lng': 120.9885222}, {'lat': 14.5559608, 'lng': 120.9886244}, {'lat': 14.555645, 'lng': 120.9887265}, {'lat': 14.5553291, 'lng': 120.9888285}, {'lat': 14.5550133, 'lng': 120.9889305}, {'lat': 14.5547486, 'lng': 120.9888676}]",2,1768780825000,159,159,2604.164,1775.59
route-initial-synthetic-02-03,synthetic-02-03,Initial Route,"[{'lat': 14.5633467, 'lng': 120.9988721}, {'lat': 14.5632987, 'lng': 120.9987607}, {'lat': 14.5632506, 'lng': 120.9986494}, {'lat': 14.5632026, 'lng': 120.998538}, {'lat': 14.5632281, 'lng': 120.9985972}, {'lat': 14.5632761, 'lng': 120.9987085}, {'lat': 14.5633242, 'lng': 120.9988199}, {'lat': 14.5633759, 'lng': 120.9989295}, {'lat': 14.5634309, 'lng': 120.9990376}, {'lat': 14.5634859, 'lng': 120.9991457}, {'lat': 14.5635408, 'lng': 120.9992539}, {'lat': 14.5635958, 'lng': 120.999362}, {'lat': 14.5636507, 'lng': 120.9994701}, {'lat': 14.5637057, 'lng': 120.9995782}, {'lat': 14.5637606, 'lng': 120.9996864}, {'lat': 14.5638156, 'lng': 120.9997945}, {'lat': 14.5638705, 'lng': 120.9999026}, {'lat': 14.5639255, 'lng': 121.0000107}, {'lat': 14.5639804, 'lng': 121.0001189}, {'lat': 14.5640354, 'lng': 121.000227}, {'lat': 14.5640904, 'lng': 121.0003351}, {'lat': 14.5641453, 'lng': 121.0004432}, {'lat': 14.5642003, 'lng': 121.0005513}, {'lat': 14.5642552, 'lng': 121.0006595}, {'lat': 14.5642507, 'lng': 121.0007488}, {'lat': 14.5641436, 'lng': 121.0008058}, {'lat': 14.5640365, 'lng': 121.0008627}, {'lat': 14.5639294, 'lng': 121.0009197}, {'lat': 14.5638555, 'lng': 121.0009812}, {'lat': 14.5639429, 'lng': 121.0010653}, {'lat': 14.5640304, 'lng': 121.0011493}, {'lat': 14.5641178, 'lng': 121.0012334}]",1,1769385596000,90,,408.784,
route-regenerated-synthetic-02-03,synthetic-02-03,Regenerated Route,"[{'lat': 14.5633467, 'lng': 120.9988721}, {'lat': 14.5632989, 'lng': 120.9987613}, {'lat': 14.5632511, 'lng': 120.9986504}, {'lat': 14.5632032, 'lng': 120.9985396}, {'lat': 14.5631044, 'lng': 120.9985373}, {'lat': 14.5629885, 'lng': 120.998571}, {'lat': 14.5628726, 'lng': 120.9986048}, {'lat': 14.5627581, 'lng': 120.9986427}, {'lat': 14.562646, 'lng': 120.9986874}, {'lat': 14.5625339, 'lng': 120.9987322}, {'lat': 14.5624218, 'lng': 120.998777}, {'lat': 14.562312, 'lng': 120.9988272}, {'lat': 14.5622029, 'lng': 120.9988788}, {'lat': 14.5620938, 'lng': 120.9989304}, {'lat': 14.5619988, 'lng': 120.9990037}, {'lat': 14.5619958, 'lng': 120.9990899}, {'lat': 14.5620816, 'lng': 120.9991749}, {'lat': 14.5621673, 'lng': 120.9992599}, {'lat': 14.5622531, 'lng': 120.9993448}, {'lat': 14.5623388, 'lng': 120.9994298}, {'lat': 14.5624246, 'lng': 120.9995147}, {'lat': 14.5625104, 'lng': 120.9995997}, {'lat': 14.5625962, 'lng': 120.9996846}, {'lat': 14.5626819, 'lng': 120.9997696}, {'lat': 14.5627677, 'lng': 120.9998545}, {'lat': 14.5628517, 'lng': 120.999941}, {'lat': 14.5629297, 'lng': 121.0000332}, {'lat': 14.5630076, 'lng': 121.0001254}, {'lat': 14.5630867, 'lng': 121.0002165}, {'lat': 14.5631749, 'lng': 121.0002989}, {'lat': 14.5632631, 'lng': 121.0003813}, {'lat': 14.563351, 'lng': 121.0004641}, {'lat': 14.5634341, 'lng': 121.0005516}, {'lat': 14.5635173, 'lng': 121.0006391}, {'lat': 14.5636004, 'lng': 121.0007266}, {'lat': 14.5636854, 'lng': 121.0008123}, {'lat': 14.5637709, 'lng': 121.0008975}, {'lat': 14.5638567, 'lng': 121.0009824}, {'lat': 14.5639438, 'lng': 121.0010661}, {'lat': 14.5640308, 'lng': 121.0011497}, {'lat': 14.5641178, 'lng': 121.0012334}]",2,1769385615000,90,90,408.784,529.418
route-initial-synthetic-02-04,synthetic-02-04,Initial Route,"[{'lat': 14.5609964, 'lng': 120.9955721}, {'lat': 14.5614389, 'lng': 120.9955053}, {'lat': 14.5619111, 'lng': 120.9953898}, {'lat': 14.5623829, 'lng': 120.995273}, {'lat': 14.5628458, 'lng': 120.9951368}, {'lat': 14.5632913, 'lng': 120.9949423}, {'lat': 14.5637369, 'lng': 120.9947482}, {'lat': 14.564175, 'lng': 120.9945378}, {'lat': 14.5644792, 'lng': 120.9943923}, {'lat': 14.5649171, 'lng': 120.9941813}, {'lat': 14.5653581, 'lng': 120.9939772}, {'lat': 14.5649912, 'lng': 120.9939877}, {'lat': 14.5645518, 'lng': 120.9941955}, {'lat': 14.5642463, 'lng': 120.9943381}, {'lat': 14.5638067, 'lng': 120.9945454}, {'lat': 14.5633697, 'lng': 120.9947583}, {'lat': 14.5629292, 'lng': 120.9949637}, {'lat': 14.5625959, 'lng': 120.9952271}, {'lat': 14.5624453, 'lng': 120.9948039}, {'lat': 14.5620387, 'lng': 120.9945376}, {'lat': 14.5616565, 'lng': 120.9942426}, {'lat': 14.5614362, 'lng': 120.9939958}, {'lat': 14.561267, 'lng': 120.9937375}, {'lat': 14.5611845, 'lng': 120.9932601}, {'lat': 14.5610639, 'lng': 120.9927902}, {'lat': 14.5609126, 'lng': 120.9923297}, {'lat': 14.5607952, 'lng': 120.991858}, {'lat': 14.5606779, 'lng': 120.9913862}, {'lat': 14.5605607, 'lng': 120.9909145}, {'lat': 14.5604434, 'lng': 120.9904428}, {'lat': 14.5603262, 'lng': 120.989971}, {'lat': 14.5602089, 'lng': 120.9894993}, {'lat': 14.5600854, 'lng': 120.9890294}, {'lat': 14.5599642, 'lng': 120.9885587}, {'lat': 14.5598415, 'lng': 120.9880884}, {'lat': 14.5597187, 'lng': 120.987618}, {'lat': 14.559608, 'lng': 120.9872139}, {'lat': 14.5593921, 'lng': 120.9874968}, {'lat': 14.5589334, 'lng': 120.9876578}, {'lat': 14.558671, 'lng': 120.9877458}, {'lat': 14.5582786, 'lng': 120.9878231}, {'lat': 14.5582028, 'lng': 120.9879013}, {'lat': 14.5577391, 'lng': 120.988047}, {'lat': 14.5572753, 'lng': 120.9881926}, {'lat': 14.5568126, 'lng': 120.9883414}, {'lat': 14.5563522, 'lng': 120.9884974}, {'lat': 14.556085, 'lng': 120.9885842}, {'lat': 14.5556225, 'lng': 120.9887338}, {'lat': 14.5551599, 'lng': 120.9888829}, {'lat': 14.5547486, 'lng': 120.9888676}]",1,1769990396000,164,,2604.164,
route-regenerated-synthetic-02-04,synthetic-02-04,Regenerated Route,"[{'lat': 14.5609964, 'lng': 120.9955721}, {'lat': 14.5612891, 'lng': 120.9955419}, {'lat': 14.5616116, 'lng': 120.9954631}, {'lat': 14.561934, 'lng': 120.9953842}, {'lat': 14.5622564, 'lng': 120.9953054}, {'lat': 14.562581, 'lng': 120.9952398}, {'lat': 14.5624359, 'lng': 120.9951506}, {'lat': 14.5621165, 'lng': 120.9952403}, {'lat': 14.5617952, 'lng': 120.9953236}, {'lat': 14.5614739, 'lng': 120.9954068}, {'lat': 14.5611526, 'lng': 120.9954901}, {'lat': 14.5609087, 'lng': 120.9955511}, {'lat': 14.5605849, 'lng': 120.9956241}, {'lat': 14.5602609, 'lng': 120.9956962}, {'lat': 14.5601557, 'lng': 120.9955535}, {'lat': 14.5601047, 'lng': 120.9952255}, {'lat': 14.5600544, 'lng': 120.9948974}, {'lat': 14.5599976, 'lng': 120.9945704}, {'lat': 14.5599427, 'lng': 120.9942431}, {'lat': 14.5598881, 'lng': 120.9939157}, {'lat': 14.5598335, 'lng': 120.9935883}, {'lat': 14.5597789, 'lng': 120.9932609}, {'lat': 14.5596991, 'lng': 120.9929768}, {'lat': 14.5593858, 'lng': 120.9930865}, {'lat': 14.5590689, 'lng': 120.993185}, {'lat': 14.558749, 'lng': 120.9932734}, {'lat': 14.5584254, 'lng': 120.9933471}, {'lat': 14.5581013, 'lng': 120.9934184}, {'lat': 14.5579401, 'lng': 120.9932092}, {'lat': 14.5578441, 'lng': 120.9928915}, {'lat': 14.5577475, 'lng': 120.9925739}, {'lat': 14.5576505, 'lng': 120.9922565}, {'lat': 14.5575535, 'lng': 120.9919391}, {'lat': 14.5574566, 'lng': 120.9916216}, {'lat': 14.5573596, 'lng': 120.9913042}, {'lat': 14.5572626, 'lng': 120.9909868}, {'lat': 14.5571535, 'lng': 120.9906934}, {'lat': 14.5570025, 'lng': 120.9904663}, {'lat': 14.5568932, 'lng': 120.9901529}, {'lat': 14.5567837, 'lng': 120.9898396}, {'lat': 14.5566742, 'lng': 120.9895262}, {'lat': 14.5565616, 'lng': 120.989214}, {'lat': 14.5564526, 'lng': 120.9889005}, {'lat': 14.5563455, 'lng': 120.9885864}, {'lat': 14.5562766, 'lng': 120.9885222}, {'lat': 14.5559608, 'lng': 120.9886244}, {'lat': 14.555645, 'lng': 120.9887265}, {'lat': 14.5553291, 'lng': 120.9888285}, {'lat': 14.5550133, 'lng': 120.9889305}, {'lat': 14.5547486, 'lng': 120.9888676}]",2,1769990425000,164,164,2604.164,1775.59
route-initial-synthetic-02-05,synthetic-02-05,Initial Route,"[{'lat': 14.5633467, 'lng': 120.9988721}, {'lat': 14.5632987, 'lng': 120.9987607}, {'lat': 14.5632506, 'lng': 120.9986494}, {'lat': 14.5632026, 'lng': 120.998538}, {'lat': 14.5632281, 'lng': 120.9985972}, {'lat': 14.5632761, 'lng': 120.9987085}, {'lat': 14.5633242, 'lng': 120.9988199}, {'lat': 14.5633759, 'lng': 120.9989295}, {'lat': 14.5634309, 'lng': 120.9990376}, {'lat': 14.5634859, 'lng': 120.9991457}, {'lat': 14.5635408, 'lng': 120.9992539}, {'lat': 14.5635958, 'lng': 120.999362}, {'lat': 14.5636507, 'lng': 120.9994701}, {'lat': 14.5637057, 'lng': 120.9995782}, {'lat': 14.5637606, 'lng': 120.9996864}, {'lat': 14.5638156, 'lng': 120.9997945}, {'lat': 14.5638705, 'lng': 120.9999026}, {'lat': 14.5639255, 'lng': 121.0000107}, {'lat': 14.5639804, 'lng': 121.0001189}, {'lat': 14.5640354, 'lng': 121.000227}, {'lat': 14.5640904, 'lng': 121.0003351}, {'lat': 14.5641453, 'lng': 121.0004432}, {'lat': 14.5642003, 'lng': 121.0005513}, {'lat': 14.5642552, 'lng': 121.0006595}, {'lat': 14.5642507, 'lng': 121.0007488}, {'lat': 14.5641436, 'lng': 121.0008058}, {'lat': 14.5640365, 'lng': 121.0008627}, {'lat': 14.5639294, 'lng': 121.0009197}, {'lat': 14.5638555, 'lng': 121.0009812}, {'lat': 14.5639429, 'lng': 121.0010653}, {'lat': 14.5640304, 'lng': 121.0011493}, {'lat': 14.5641178, 'lng': 121.0012334}]",1,1770595196000,90,,408.784,
route-regenerated-synthetic-02-05,synthetic-02-05,Regenerated Route,"[{'lat': 14.5633467, 'lng': 120.9988721}, {'lat': 14.5632989, 'lng': 120.9987613}, {'lat': 14.5632511, 'lng': 120.9986504}, {'lat': 14.5632032, 'lng': 120.9985396}, {'lat': 14.5631044, 'lng': 120.9985373}, {'lat': 14.5629885, 'lng': 120.998571}, {'lat': 14.5628726, 'lng': 120.9986048}, {'lat': 14.5627581, 'lng': 120.9986427}, {'lat': 14.562646, 'lng': 120.9986874}, {'lat': 14.5625339, 'lng': 120.9987322}, {'lat': 14.5624218, 'lng': 120.998777}, {'lat': 14.562312, 'lng': 120.9988272}, {'lat': 14.5622029, 'lng': 120.9988788}, {'lat': 14.5620938, 'lng': 120.9989304}, {'lat': 14.5619988, 'lng': 120.9990037}, {'lat': 14.5619958, 'lng': 120.9990899}, {'lat': 14.5620816, 'lng': 120.9991749}, {'lat': 14.5621673, 'lng': 120.9992599}, {'lat': 14.5622531, 'lng': 120.9993448}, {'lat': 14.5623388, 'lng': 120.9994298}, {'lat': 14.5624246, 'lng': 120.9995147}, {'lat': 14.5625104, 'lng': 120.9995997}, {'lat': 14.5625962, 'lng': 120.9996846}, {'lat': 14.5626819, 'lng': 120.9997696}, {'lat': 14.5627677, 'lng': 120.9998545}, {'lat': 14.5628517, 'lng': 120.999941}, {'lat': 14.5629297, 'lng': 121.0000332}, {'lat': 14.5630076, 'lng': 121.0001254}, {'lat': 14.5630867, 'lng': 121.0002165}, {'lat': 14.5631749, 'lng': 121.0002989}, {'lat': 14.5632631, 'lng': 121.0003813}, {'lat': 14.563351, 'lng': 121.0004641}, {'lat': 14.5634341, 'lng': 121.0005516}, {'lat': 14.5635173, 'lng': 121.0006391}, {'lat': 14.5636004, 'lng': 121.0007266}, {'lat': 14.5636854, 'lng': 121.0008123}, {'lat': 14.5637709, 'lng': 121.0008975}, {'lat': 14.5638567, 'lng': 121.0009824}, {'lat': 14.5639438, 'lng': 121.0010661}, {'lat': 14.5640308, 'lng': 121.0011497}, {'lat': 14.5641178, 'lng': 121.0012334}]",2,1770595215000,90,90,408.784,529.418
route-initial-synthetic-02-06,synthetic-02-06,Initial Route,"[{'lat': 14.5643695, 'lng': 120.9943615}, {'lat': 14.5644418, 'lng': 120.9944098}, {'lat': 14.5645525, 'lng': 120.9943574}, {'lat': 14.5646627, 'lng': 120.9943041}, {'lat': 14.5647729, 'lng': 120.9942509}, {'lat': 14.5648832, 'lng': 120.9941977}, {'lat': 14.5649934, 'lng': 120.9941445}, {'lat': 14.5651037, 'lng': 120.9940913}, {'lat': 14.565215, 'lng': 120.9940405}, {'lat': 14.5653268, 'lng': 120.9939905}, {'lat': 14.5653297, 'lng': 120.9939165}, {'lat': 14.5654133, 'lng': 120.9939535}, {'lat': 14.5655258, 'lng': 120.9939051}, {'lat': 14.5656364, 'lng': 120.9938527}, {'lat': 14.5657468, 'lng': 120.9937998}, {'lat': 14.5658093, 'lng': 120.9938771}, {'lat': 14.5658582, 'lng': 120.9939894}, {'lat': 14.565907, 'lng': 120.9941016}, {'lat': 14.5659559, 'lng': 120.9942139}, {'lat': 14.5660048, 'lng': 120.9943261}, {'lat': 14.5660536, 'lng': 120.9944384}, {'lat': 14.5661062, 'lng': 120.9945407}, {'lat': 14.5662171, 'lng': 120.9944887}, {'lat': 14.5663278, 'lng': 120.9944365}, {'lat': 14.5664382, 'lng': 120.9943835}, {'lat': 14.5665485, 'lng': 120.9943305}, {'lat': 14.5666587, 'lng': 120.9942773}, {'lat': 14.566769, 'lng': 120.9942241}, {'lat': 14.5668794, 'lng': 120.9941712}, {'lat': 14.5669899, 'lng': 120.9941187}, {'lat': 14.5671005, 'lng': 120.9940662}, {'lat': 14.5672111, 'lng': 120.9940137}, {'lat': 14.5673221, 'lng': 120.993962}, {'lat': 14.5674334, 'lng': 120.9939109}, {'lat': 14.5675446, 'lng': 120.9938599}, {'lat': 14.5676559, 'lng': 120.9938088}, {'lat': 14.5677671, 'lng': 120.9937577}]",1,1771210796000,90,,483.7,
route-initial-synthetic-02-07,synthetic-02-07,Initial Route,"[{'lat': 14.5587681, 'lng': 120.996085}, {'lat': 14.5588512, 'lng': 120.996111}, {'lat': 14.5589689, 'lng': 120.9960838}, {'lat': 14.5590865, 'lng': 120.9960567}, {'lat': 14.5592041, 'lng': 120.9960296}, {'lat': 14.5593218, 'lng': 120.9960025}, {'lat': 14.5594394, 'lng': 120.9959754}, {'lat': 14.559557, 'lng': 120.9959483}, {'lat': 14.5596746, 'lng': 120.995921}, {'lat': 14.5597922, 'lng': 120.9958937}, {'lat': 14.5599098, 'lng': 120.9958664}, {'lat': 14.5600274, 'lng': 120.9958391}, {'lat': 14.560145, 'lng': 120.9958119}, {'lat': 14.5601856, 'lng': 120.9957361}, {'lat': 14.5601656, 'lng': 120.995617}, {'lat': 14.5601471, 'lng': 120.9954978}, {'lat': 14.5601285, 'lng': 120.9953785}, {'lat': 14.56011, 'lng': 120.9952592}, {'lat': 14.5600915, 'lng': 120.9951399}, {'lat': 14.5600733, 'lng': 120.9950206}, {'lat': 14.560055, 'lng': 120.9949012}, {'lat': 14.5600345, 'lng': 120.9947823}, {'lat': 14.5600137, 'lng': 120.9946634}, {'lat': 14.5599931, 'lng': 120.9945444}, {'lat': 14.5600959, 'lng': 120.994499}, {'lat': 14.5602102, 'lng': 120.9944601}, {'lat': 14.5603163, 'lng': 120.9944025}, {'lat': 14.5604223, 'lng': 120.9943449}, {'lat': 14.5605284, 'lng': 120.9942872}, {'lat': 14.5606345, 'lng': 120.9942296}, {'lat': 14.5607405, 'lng': 120.9941719}, {'lat': 14.5608466, 'lng': 120.9941143}, {'lat': 14.5609524, 'lng': 120.9940562}, {'lat': 14.5610579, 'lng': 120.9939974}, {'lat': 14.5611616, 'lng': 120.9939357}, {'lat': 14.5612254, 'lng': 120.9938469}, {'lat': 14.5612184, 'lng': 120.9938952}, {'lat': 14.5612719, 'lng': 120.9940021}, {'lat': 14.5613312, 'lng': 120.9941072}, {'lat': 14.561407, 'lng': 120.9941998}, {'lat': 14.5614892, 'lng': 120.9941456}, {'lat': 14.5614876, 'lng': 120.9940559}, {'lat': 14.5614096, 'lng': 120.9939638}, {'lat': 14.561341, 'lng': 120.9938645}, {'lat': 14.5612841, 'lng': 120.9937582}, {'lat': 14.5612306, 'lng': 120.9938113}]",1,1771815596000,90,,593.8,
route-initial-synthetic-02-08,synthetic-02-08,Initial Route,"[{'lat': 14.5618298, 'lng': 120.9968042}, {'lat': 14.5617164, 'lng': 120.9968466}, {'lat': 14.561603, 'lng': 120.996889}, {'lat': 14.5614895, 'lng': 120.9969314}, {'lat': 14.5613761, 'lng': 120.9969738}, {'lat': 14.5612627, 'lng': 120.9970163}, {'lat': 14.5611487, 'lng': 120.997057}, {'lat': 14.5610348, 'lng': 120.9970981}, {'lat': 14.5609209, 'lng': 120.9971392}, {'lat': 14.560807, 'lng': 120.9971804}, {'lat': 14.560693, 'lng': 120.9972211}, {'lat': 14.5605789, 'lng': 120.9972616}, {'lat': 14.5604649, 'lng': 120.9973025}, {'lat': 14.5603513, 'lng': 120.9973443}, {'lat': 14.5602377, 'lng': 120.9973864}, {'lat': 14.5601238, 'lng': 120.9974275}, {'lat': 14.5600101, 'lng': 120.997469}, {'lat': 14.5598963, 'lng': 120.9975105}, {'lat': 14.5597836, 'lng': 120.9975547}, {'lat': 14.5596713, 'lng': 120.9976001}, {'lat': 14.5595589, 'lng': 120.997645}, {'lat': 14.5594424, 'lng': 120.9976777}, {'lat': 14.5593251, 'lng': 120.9977077}, {'lat': 14.5592078, 'lng': 120.9977378}, {'lat': 14.5590906, 'lng': 120.9977679}, {'lat': 14.5589733, 'lng': 120.9977979}, {'lat': 14.558856, 'lng': 120.997828}, {'lat': 14.5587387, 'lng': 120.9978581}, {'lat': 14.558623, 'lng': 120.9978936}, {'lat': 14.5585087, 'lng': 120.9979336}, {'lat': 14.5583944, 'lng': 120.9979736}, {'lat': 14.5582801, 'lng': 120.9980136}, {'lat': 14.5581658, 'lng': 120.9980535}, {'lat': 14.5580515, 'lng': 120.9980935}, {'lat': 14.5579373, 'lng': 120.9981335}, {'lat': 14.557823, 'lng': 120.9981735}, {'lat': 14.5577074, 'lng': 120.9982094}, {'lat': 14.5575907, 'lng': 120.9982417}, {'lat': 14.557474, 'lng': 120.998274}, {'lat': 14.5573573, 'lng': 120.9983064}, {'lat': 14.5572406, 'lng': 120.9983387}, {'lat': 14.5571239, 'lng': 120.998371}, {'lat': 14.5570072, 'lng': 120.9984033}, {'lat': 14.5568905, 'lng': 120.9984356}, {'lat': 14.5567732, 'lng': 120.9984653}]",1,1772420396000,90,,590.1,
route-initial-synthetic-02-09,synthetic-02-09,Initial Route,"[{'lat': 14.5643695, 'lng': 120.9943615}, {'lat': 14.5642655, 'lng': 120.9943292}, {'lat': 14.5641224, 'lng': 120.9943955}, {'lat': 14.5639792, 'lng': 120.9944617}, {'lat': 14.5638372, 'lng': 120.9945304}, {'lat': 14.5636964, 'lng': 120.9946015}, {'lat': 14.5635552, 'lng': 120.9946718}, {'lat': 14.5634122, 'lng': 120.9947384}, {'lat': 14.5632693, 'lng': 120.9948051}, {'lat': 14.563126, 'lng': 120.9948711}, {'lat': 14.5629833, 'lng': 120.9949383}, {'lat': 14.5628406, 'lng': 120.9950055}, {'lat': 14.5626978, 'lng': 120.9950726}, {'lat': 14.5625994, 'lng': 120.9951546}, {'lat': 14.562599, 'lng': 120.9951636}, {'lat': 14.562517, 'lng': 120.9951239}, {'lat': 14.5623671, 'lng': 120.9951733}, {'lat': 14.562215, 'lng': 120.9952148}, {'lat': 14.5620623, 'lng': 120.9952544}, {'lat': 14.5619096, 'lng': 120.9952939}, {'lat': 14.5617569, 'lng': 120.9953335}, {'lat': 14.5616042, 'lng': 120.9953731}, {'lat': 14.5614515, 'lng': 120.9954126}, {'lat': 14.5612988, 'lng': 120.9954522}, {'lat': 14.5611461, 'lng': 120.9954918}, {'lat': 14.5609934, 'lng': 120.9955313}, {'lat': 14.5609181, 'lng': 120.9955489}, {'lat': 14.5607643, 'lng': 120.9955842}, {'lat': 14.5606104, 'lng': 120.9956185}, {'lat': 14.5604564, 'lng': 120.9956527}, {'lat': 14.5603024, 'lng': 120.995687}, {'lat': 14.5601879, 'lng': 120.9957464}, {'lat': 14.5601648, 'lng': 120.9956117}, {'lat': 14.5601405, 'lng': 120.9954558}, {'lat': 14.5601163, 'lng': 120.9952999}, {'lat': 14.5600922, 'lng': 120.9951441}, {'lat': 14.5600683, 'lng': 120.9949881}, {'lat': 14.5600432, 'lng': 120.9948324}, {'lat': 14.5600161, 'lng': 120.994677}, {'lat': 14.5599892, 'lng': 120.9945216}, {'lat': 14.5599632, 'lng': 120.994366}, {'lat': 14.5599373, 'lng': 120.9942104}, {'lat': 14.5599113, 'lng': 120.9940548}, {'lat': 14.5598853, 'lng': 120.9938992}, {'lat': 14.5598594, 'lng': 120.9937436}, {'lat': 14.5598334, 'lng': 120.993588}, {'lat': 14.5598075, 'lng': 120.9934324}, {'lat': 14.5597815, 'lng': 120.9932768}, {'lat': 14.5597556, 'lng': 120.9931212}, {'lat': 14.5597296, 'lng': 120.9929656}]",1,1773025196000,90,,844.5,
route-initial-synthetic-02-10,synthetic-02-10,Initial Route,"[{'lat': 14.570849, 'lng': 120.9935069}, {'lat': 14.5708054, 'lng': 120.9933918}, {'lat': 14.5707618, 'lng': 120.9932767}, {'lat': 14.5707182, 'lng': 120.9931616}, {'lat': 14.5706746, 'lng': 120.9930465}, {'lat': 14.5706309, 'lng': 120.9929315}, {'lat': 14.5705873, 'lng': 120.9928164}, {'lat': 14.5705437, 'lng': 120.9927013}, {'lat': 14.5705001, 'lng': 120.9925862}, {'lat': 14.5704644, 'lng': 120.992474}, {'lat': 14.5705725, 'lng': 120.9924152}, {'lat': 14.5706807, 'lng': 120.9923565}, {'lat': 14.5707889, 'lng': 120.9922978}, {'lat': 14.570897, 'lng': 120.9922391}, {'lat': 14.571005, 'lng': 120.99218}, {'lat': 14.5710874, 'lng': 120.9921182}, {'lat': 14.5709911, 'lng': 120.9920415}, {'lat': 14.5708938, 'lng': 120.9919662}, {'lat': 14.5707981, 'lng': 120.9918888}, {'lat': 14.5707026, 'lng': 120.9918112}, {'lat': 14.5705943, 'lng': 120.9917533}, {'lat': 14.5704841, 'lng': 120.9916986}, {'lat': 14.570399, 'lng': 120.9916221}, {'lat': 14.5704245, 'lng': 120.991531}, {'lat': 14.5705334, 'lng': 120.9914736}, {'lat': 14.5706423, 'lng': 120.9914163}]",1,1773629996000,90,,336.0,
route-initial-synthetic-02-11,synthetic-02-11,Initial Route,"[{'lat': 14.5643695, 'lng': 120.9943615}, {'lat': 14.5644418, 'lng': 120.9944098}, {'lat': 14.5645525, 'lng': 120.9943574}, {'lat': 14.5646627, 'lng': 120.9943041}, {'lat': 14.5647729, 'lng': 120.9942509}, {'lat': 14.5648832, 'lng': 120.9941977}, {'lat': 14.5649934, 'lng': 120.9941445}, {'lat': 14.5651037, 'lng': 120.9940913}, {'lat': 14.565215, 'lng': 120.9940405}, {'lat': 14.5653268, 'lng': 120.9939905}, {'lat': 14.5653297, 'lng': 120.9939165}, {'lat': 14.5654133, 'lng': 120.9939535}, {'lat': 14.5655258, 'lng': 120.9939051}, {'lat': 14.5656364, 'lng': 120.9938527}, {'lat': 14.5657468, 'lng': 120.9937998}, {'lat': 14.5658093, 'lng': 120.9938771}, {'lat': 14.5658582, 'lng': 120.9939894}, {'lat': 14.565907, 'lng': 120.9941016}, {'lat': 14.5659559, 'lng': 120.9942139}, {'lat': 14.5660048, 'lng': 120.9943261}, {'lat': 14.5660536, 'lng': 120.9944384}, {'lat': 14.5661062, 'lng': 120.9945407}, {'lat': 14.5662171, 'lng': 120.9944887}, {'lat': 14.5663278, 'lng': 120.9944365}, {'lat': 14.5664382, 'lng': 120.9943835}, {'lat': 14.5665485, 'lng': 120.9943305}, {'lat': 14.5666587, 'lng': 120.9942773}, {'lat': 14.566769, 'lng': 120.9942241}, {'lat': 14.5668794, 'lng': 120.9941712}, {'lat': 14.5669899, 'lng': 120.9941187}, {'lat': 14.5671005, 'lng': 120.9940662}, {'lat': 14.5672111, 'lng': 120.9940137}, {'lat': 14.5673221, 'lng': 120.993962}, {'lat': 14.5674334, 'lng': 120.9939109}, {'lat': 14.5675446, 'lng': 120.9938599}, {'lat': 14.5676559, 'lng': 120.9938088}, {'lat': 14.5677671, 'lng': 120.9937577}]",1,1774234796000,90,,483.7,
route-initial-synthetic-03-00,synthetic-03-00,Initial Route,"[{'lat': 14.5633467, 'lng': 120.9988721}, {'lat': 14.5632987, 'lng': 120.9987607}, {'lat': 14.5632506, 'lng': 120.9986494}, {'lat': 14.5632026, 'lng': 120.998538}, {'lat': 14.5632281, 'lng': 120.9985972}, {'lat': 14.5632761, 'lng': 120.9987085}, {'lat': 14.5633242, 'lng': 120.9988199}, {'lat': 14.5633759, 'lng': 120.9989295}, {'lat': 14.5634309, 'lng': 120.9990376}, {'lat': 14.5634859, 'lng': 120.9991457}, {'lat': 14.5635408, 'lng': 120.9992539}, {'lat': 14.5635958, 'lng': 120.999362}, {'lat': 14.5636507, 'lng': 120.9994701}, {'lat': 14.5637057, 'lng': 120.9995782}, {'lat': 14.5637606, 'lng': 120.9996864}, {'lat': 14.5638156, 'lng': 120.9997945}, {'lat': 14.5638705, 'lng': 120.9999026}, {'lat': 14.5639255, 'lng': 121.0000107}, {'lat': 14.5639804, 'lng': 121.0001189}, {'lat': 14.5640354, 'lng': 121.000227}, {'lat': 14.5640904, 'lng': 121.0003351}, {'lat': 14.5641453, 'lng': 121.0004432}, {'lat': 14.5642003, 'lng': 121.0005513}, {'lat': 14.5642552, 'lng': 121.0006595}, {'lat': 14.5642507, 'lng': 121.0007488}, {'lat': 14.5641436, 'lng': 121.0008058}, {'lat': 14.5640365, 'lng': 121.0008627}, {'lat': 14.5639294, 'lng': 121.0009197}, {'lat': 14.5638555, 'lng': 121.0009812}, {'lat': 14.5639429, 'lng': 121.0010653}, {'lat': 14.5640304, 'lng': 121.0011493}, {'lat': 14.5641178, 'lng': 121.0012334}]",1,1767571199000,90,,408.784,
route-regenerated-synthetic-03-00,synthetic-03-00,Regenerated Route,"[{'lat': 14.5633467, 'lng': 120.9988721}, {'lat': 14.5632989, 'lng': 120.9987613}, {'lat': 14.5632511, 'lng': 120.9986504}, {'lat': 14.5632032, 'lng': 120.9985396}, {'lat': 14.5631044, 'lng': 120.9985373}, {'lat': 14.5629885, 'lng': 120.998571}, {'lat': 14.5628726, 'lng': 120.9986048}, {'lat': 14.5627581, 'lng': 120.9986427}, {'lat': 14.562646, 'lng': 120.9986874}, {'lat': 14.5625339, 'lng': 120.9987322}, {'lat': 14.5624218, 'lng': 120.998777}, {'lat': 14.562312, 'lng': 120.9988272}, {'lat': 14.5622029, 'lng': 120.9988788}, {'lat': 14.5620938, 'lng': 120.9989304}, {'lat': 14.5619988, 'lng': 120.9990037}, {'lat': 14.5619958, 'lng': 120.9990899}, {'lat': 14.5620816, 'lng': 120.9991749}, {'lat': 14.5621673, 'lng': 120.9992599}, {'lat': 14.5622531, 'lng': 120.9993448}, {'lat': 14.5623388, 'lng': 120.9994298}, {'lat': 14.5624246, 'lng': 120.9995147}, {'lat': 14.5625104, 'lng': 120.9995997}, {'lat': 14.5625962, 'lng': 120.9996846}, {'lat': 14.5626819, 'lng': 120.9997696}, {'lat': 14.5627677, 'lng': 120.9998545}, {'lat': 14.5628517, 'lng': 120.999941}, {'lat': 14.5629297, 'lng': 121.0000332}, {'lat': 14.5630076, 'lng': 121.0001254}, {'lat': 14.5630867, 'lng': 121.0002165}, {'lat': 14.5631749, 'lng': 121.0002989}, {'lat': 14.5632631, 'lng': 121.0003813}, {'lat': 14.563351, 'lng': 121.0004641}, {'lat': 14.5634341, 'lng': 121.0005516}, {'lat': 14.5635173, 'lng': 121.0006391}, {'lat': 14.5636004, 'lng': 121.0007266}, {'lat': 14.5636854, 'lng': 121.0008123}, {'lat': 14.5637709, 'lng': 121.0008975}, {'lat': 14.5638567, 'lng': 121.0009824}, {'lat': 14.5639438, 'lng': 121.0010661}, {'lat': 14.5640308, 'lng': 121.0011497}, {'lat': 14.5641178, 'lng': 121.0012334}]",2,1767571218000,90,90,408.784,529.418
route-initial-synthetic-03-01,synthetic-03-01,Initial Route,"[{'lat': 14.5609964, 'lng': 120.9955721}, {'lat': 14.5614389, 'lng': 120.9955053}, {'lat': 14.5619111, 'lng': 120.9953898}, {'lat': 14.5623829, 'lng': 120.995273}, {'lat': 14.5628458, 'lng': 120.9951368}, {'lat': 14.5632913, 'lng': 120.9949423}, {'lat': 14.5637369, 'lng': 120.9947482}, {'lat': 14.564175, 'lng': 120.9945378}, {'lat': 14.5644792, 'lng': 120.9943923}, {'lat': 14.5649171, 'lng': 120.9941813}, {'lat': 14.5653581, 'lng': 120.9939772}, {'lat': 14.5649912, 'lng': 120.9939877}, {'lat': 14.5645518, 'lng': 120.9941955}, {'lat': 14.5642463, 'lng': 120.9943381}, {'lat': 14.5638067, 'lng': 120.9945454}, {'lat': 14.5633697, 'lng': 120.9947583}, {'lat': 14.5629292, 'lng': 120.9949637}, {'lat': 14.5625959, 'lng': 120.9952271}, {'lat': 14.5624453, 'lng': 120.9948039}, {'lat': 14.5620387, 'lng': 120.9945376}, {'lat': 14.5616565, 'lng': 120.9942426}, {'lat': 14.5614362, 'lng': 120.9939958}, {'lat': 14.561267, 'lng': 120.9937375}, {'lat': 14.5611845, 'lng': 120.9932601}, {'lat': 14.5610639, 'lng': 120.9927902}, {'lat': 14.5609126, 'lng': 120.9923297}, {'lat': 14.5607952, 'lng': 120.991858}, {'lat': 14.5606779, 'lng': 120.9913862}, {'lat': 14.5605607, 'lng': 120.9909145}, {'lat': 14.5604434, 'lng': 120.9904428}, {'lat': 14.5603262, 'lng': 120.989971}, {'lat': 14.5602089, 'lng': 120.9894993}, {'lat': 14.5600854, 'lng': 120.9890294}, {'lat': 14.5599642, 'lng': 120.9885587}, {'lat': 14.5598415, 'lng': 120.9880884}, {'lat': 14.5597187, 'lng': 120.987618}, {'lat': 14.559608, 'lng': 120.9872139}, {'lat': 14.5593921, 'lng': 120.9874968}, {'lat': 14.5589334, 'lng': 120.9876578}, {'lat': 14.558671, 'lng': 120.9877458}, {'lat': 14.5582786, 'lng': 120.9878231}, {'lat': 14.5582028, 'lng': 120.9879013}, {'lat': 14.5577391, 'lng': 120.988047}, {'lat': 14.5572753, 'lng': 120.9881926}, {'lat': 14.5568126, 'lng': 120.9883414}, {'lat': 14.5563522, 'lng': 120.9884974}, {'lat': 14.556085, 'lng': 120.9885842}, {'lat': 14.5556225, 'lng': 120.9887338}, {'lat': 14.5551599, 'lng': 120.9888829}, {'lat': 14.5547486, 'lng': 120.9888676}]",1,1768175999000,168,,2604.164,
route-regenerated-synthetic-03-01,synthetic-03-01,Regenerated Route,"[{'lat': 14.5609964, 'lng': 120.9955721}, {'lat': 14.5612891, 'lng': 120.9955419}, {'lat': 14.5616116, 'lng': 120.9954631}, {'lat': 14.561934, 'lng': 120.9953842}, {'lat': 14.5622564, 'lng': 120.9953054}, {'lat': 14.562581, 'lng': 120.9952398}, {'lat': 14.5624359, 'lng': 120.9951506}, {'lat': 14.5621165, 'lng': 120.9952403}, {'lat': 14.5617952, 'lng': 120.9953236}, {'lat': 14.5614739, 'lng': 120.9954068}, {'lat': 14.5611526, 'lng': 120.9954901}, {'lat': 14.5609087, 'lng': 120.9955511}, {'lat': 14.5605849, 'lng': 120.9956241}, {'lat': 14.5602609, 'lng': 120.9956962}, {'lat': 14.5601557, 'lng': 120.9955535}, {'lat': 14.5601047, 'lng': 120.9952255}, {'lat': 14.5600544, 'lng': 120.9948974}, {'lat': 14.5599976, 'lng': 120.9945704}, {'lat': 14.5599427, 'lng': 120.9942431}, {'lat': 14.5598881, 'lng': 120.9939157}, {'lat': 14.5598335, 'lng': 120.9935883}, {'lat': 14.5597789, 'lng': 120.9932609}, {'lat': 14.5596991, 'lng': 120.9929768}, {'lat': 14.5593858, 'lng': 120.9930865}, {'lat': 14.5590689, 'lng': 120.993185}, {'lat': 14.558749, 'lng': 120.9932734}, {'lat': 14.5584254, 'lng': 120.9933471}, {'lat': 14.5581013, 'lng': 120.9934184}, {'lat': 14.5579401, 'lng': 120.9932092}, {'lat': 14.5578441, 'lng': 120.9928915}, {'lat': 14.5577475, 'lng': 120.9925739}, {'lat': 14.5576505, 'lng': 120.9922565}, {'lat': 14.5575535, 'lng': 120.9919391}, {'lat': 14.5574566, 'lng': 120.9916216}, {'lat': 14.5573596, 'lng': 120.9913042}, {'lat': 14.5572626, 'lng': 120.9909868}, {'lat': 14.5571535, 'lng': 120.9906934}, {'lat': 14.5570025, 'lng': 120.9904663}, {'lat': 14.5568932, 'lng': 120.9901529}, {'lat': 14.5567837, 'lng': 120.9898396}, {'lat': 14.5566742, 'lng': 120.9895262}, {'lat': 14.5565616, 'lng': 120.989214}, {'lat': 14.5564526, 'lng': 120.9889005}, {'lat': 14.5563455, 'lng': 120.9885864}, {'lat': 14.5562766, 'lng': 120.9885222}, {'lat': 14.5559608, 'lng': 120.9886244}, {'lat': 14.555645, 'lng': 120.9887265}, {'lat': 14.5553291, 'lng': 120.9888285}, {'lat': 14.5550133, 'lng': 120.9889305}, {'lat': 14.5547486, 'lng': 120.9888676}]",2,1768176028000,168,168,2604.164,1775.59
route-initial-synthetic-03-02,synthetic-03-02,Initial Route,"[{'lat': 14.5633467, 'lng': 120.9988721}, {'lat': 14.5632987, 'lng': 120.9987607}, {'lat': 14.5632506, 'lng': 120.9986494}, {'lat': 14.5632026, 'lng': 120.998538}, {'lat': 14.5632281, 'lng': 120.9985972}, {'lat': 14.5632761, 'lng': 120.9987085}, {'lat': 14.5633242, 'lng': 120.9988199}, {'lat': 14.5633759, 'lng': 120.9989295}, {'lat': 14.5634309, 'lng': 120.9990376}, {'lat': 14.5634859, 'lng': 120.9991457}, {'lat': 14.5635408, 'lng': 120.9992539}, {'lat': 14.5635958, 'lng': 120.999362}, {'lat': 14.5636507, 'lng': 120.9994701}, {'lat': 14.5637057, 'lng': 120.9995782}, {'lat': 14.5637606, 'lng': 120.9996864}, {'lat': 14.5638156, 'lng': 120.9997945}, {'lat': 14.5638705, 'lng': 120.9999026}, {'lat': 14.5639255, 'lng': 121.0000107}, {'lat': 14.5639804, 'lng': 121.0001189}, {'lat': 14.5640354, 'lng': 121.000227}, {'lat': 14.5640904, 'lng': 121.0003351}, {'lat': 14.5641453, 'lng': 121.0004432}, {'lat': 14.5642003, 'lng': 121.0005513}, {'lat': 14.5642552, 'lng': 121.0006595}, {'lat': 14.5642507, 'lng': 121.0007488}, {'lat': 14.5641436, 'lng': 121.0008058}, {'lat': 14.5640365, 'lng': 121.0008627}, {'lat': 14.5639294, 'lng': 121.0009197}, {'lat': 14.5638555, 'lng': 121.0009812}, {'lat': 14.5639429, 'lng': 121.0010653}, {'lat': 14.5640304, 'lng': 121.0011493}, {'lat': 14.5641178, 'lng': 121.0012334}]",1,1768780799000,90,,408.784,
route-regenerated-synthetic-03-02,synthetic-03-02,Regenerated Route,"[{'lat': 14.5633467, 'lng': 120.9988721}, {'lat': 14.5632989, 'lng': 120.9987613}, {'lat': 14.5632511, 'lng': 120.9986504}, {'lat': 14.5632032, 'lng': 120.9985396}, {'lat': 14.5631044, 'lng': 120.9985373}, {'lat': 14.5629885, 'lng': 120.998571}, {'lat': 14.5628726, 'lng': 120.9986048}, {'lat': 14.5627581, 'lng': 120.9986427}, {'lat': 14.562646, 'lng': 120.9986874}, {'lat': 14.5625339, 'lng': 120.9987322}, {'lat': 14.5624218, 'lng': 120.998777}, {'lat': 14.562312, 'lng': 120.9988272}, {'lat': 14.5622029, 'lng': 120.9988788}, {'lat': 14.5620938, 'lng': 120.9989304}, {'lat': 14.5619988, 'lng': 120.9990037}, {'lat': 14.5619958, 'lng': 120.9990899}, {'lat': 14.5620816, 'lng': 120.9991749}, {'lat': 14.5621673, 'lng': 120.9992599}, {'lat': 14.5622531, 'lng': 120.9993448}, {'lat': 14.5623388, 'lng': 120.9994298}, {'lat': 14.5624246, 'lng': 120.9995147}, {'lat': 14.5625104, 'lng': 120.9995997}, {'lat': 14.5625962, 'lng': 120.9996846}, {'lat': 14.5626819, 'lng': 120.9997696}, {'lat': 14.5627677, 'lng': 120.9998545}, {'lat': 14.5628517, 'lng': 120.999941}, {'lat': 14.5629297, 'lng': 121.0000332}, {'lat': 14.5630076, 'lng': 121.0001254}, {'lat': 14.5630867, 'lng': 121.0002165}, {'lat': 14.5631749, 'lng': 121.0002989}, {'lat': 14.5632631, 'lng': 121.0003813}, {'lat': 14.563351, 'lng': 121.0004641}, {'lat': 14.5634341, 'lng': 121.0005516}, {'lat': 14.5635173, 'lng': 121.0006391}, {'lat': 14.5636004, 'lng': 121.0007266}, {'lat': 14.5636854, 'lng': 121.0008123}, {'lat': 14.5637709, 'lng': 121.0008975}, {'lat': 14.5638567, 'lng': 121.0009824}, {'lat': 14.5639438, 'lng': 121.0010661}, {'lat': 14.5640308, 'lng': 121.0011497}, {'lat': 14.5641178, 'lng': 121.0012334}]",2,1768780818000,90,90,408.784,529.418
route-initial-synthetic-03-03,synthetic-03-03,Initial Route,"[{'lat': 14.5609964, 'lng': 120.9955721}, {'lat': 14.5614389, 'lng': 120.9955053}, {'lat': 14.5619111, 'lng': 120.9953898}, {'lat': 14.5623829, 'lng': 120.995273}, {'lat': 14.5628458, 'lng': 120.9951368}, {'lat': 14.5632913, 'lng': 120.9949423}, {'lat': 14.5637369, 'lng': 120.9947482}, {'lat': 14.564175, 'lng': 120.9945378}, {'lat': 14.5644792, 'lng': 120.9943923}, {'lat': 14.5649171, 'lng': 120.9941813}, {'lat': 14.5653581, 'lng': 120.9939772}, {'lat': 14.5649912, 'lng': 120.9939877}, {'lat': 14.5645518, 'lng': 120.9941955}, {'lat': 14.5642463, 'lng': 120.9943381}, {'lat': 14.5638067, 'lng': 120.9945454}, {'lat': 14.5633697, 'lng': 120.9947583}, {'lat': 14.5629292, 'lng': 120.9949637}, {'lat': 14.5625959, 'lng': 120.9952271}, {'lat': 14.5624453, 'lng': 120.9948039}, {'lat': 14.5620387, 'lng': 120.9945376}, {'lat': 14.5616565, 'lng': 120.9942426}, {'lat': 14.5614362, 'lng': 120.9939958}, {'lat': 14.561267, 'lng': 120.9937375}, {'lat': 14.5611845, 'lng': 120.9932601}, {'lat': 14.5610639, 'lng': 120.9927902}, {'lat': 14.5609126, 'lng': 120.9923297}, {'lat': 14.5607952, 'lng': 120.991858}, {'lat': 14.5606779, 'lng': 120.9913862}, {'lat': 14.5605607, 'lng': 120.9909145}, {'lat': 14.5604434, 'lng': 120.9904428}, {'lat': 14.5603262, 'lng': 120.989971}, {'lat': 14.5602089, 'lng': 120.9894993}, {'lat': 14.5600854, 'lng': 120.9890294}, {'lat': 14.5599642, 'lng': 120.9885587}, {'lat': 14.5598415, 'lng': 120.9880884}, {'lat': 14.5597187, 'lng': 120.987618}, {'lat': 14.559608, 'lng': 120.9872139}, {'lat': 14.5593921, 'lng': 120.9874968}, {'lat': 14.5589334, 'lng': 120.9876578}, {'lat': 14.558671, 'lng': 120.9877458}, {'lat': 14.5582786, 'lng': 120.9878231}, {'lat': 14.5582028, 'lng': 120.9879013}, {'lat': 14.5577391, 'lng': 120.988047}, {'lat': 14.5572753, 'lng': 120.9881926}, {'lat': 14.5568126, 'lng': 120.9883414}, {'lat': 14.5563522, 'lng': 120.9884974}, {'lat': 14.556085, 'lng': 120.9885842}, {'lat': 14.5556225, 'lng': 120.9887338}, {'lat': 14.5551599, 'lng': 120.9888829}, {'lat': 14.5547486, 'lng': 120.9888676}]",1,1769385599000,164,,2604.164,
route-regenerated-synthetic-03-03,synthetic-03-03,Regenerated Route,"[{'lat': 14.5609964, 'lng': 120.9955721}, {'lat': 14.5612891, 'lng': 120.9955419}, {'lat': 14.5616116, 'lng': 120.9954631}, {'lat': 14.561934, 'lng': 120.9953842}, {'lat': 14.5622564, 'lng': 120.9953054}, {'lat': 14.562581, 'lng': 120.9952398}, {'lat': 14.5624359, 'lng': 120.9951506}, {'lat': 14.5621165, 'lng': 120.9952403}, {'lat': 14.5617952, 'lng': 120.9953236}, {'lat': 14.5614739, 'lng': 120.9954068}, {'lat': 14.5611526, 'lng': 120.9954901}, {'lat': 14.5609087, 'lng': 120.9955511}, {'lat': 14.5605849, 'lng': 120.9956241}, {'lat': 14.5602609, 'lng': 120.9956962}, {'lat': 14.5601557, 'lng': 120.9955535}, {'lat': 14.5601047, 'lng': 120.9952255}, {'lat': 14.5600544, 'lng': 120.9948974}, {'lat': 14.5599976, 'lng': 120.9945704}, {'lat': 14.5599427, 'lng': 120.9942431}, {'lat': 14.5598881, 'lng': 120.9939157}, {'lat': 14.5598335, 'lng': 120.9935883}, {'lat': 14.5597789, 'lng': 120.9932609}, {'lat': 14.5596991, 'lng': 120.9929768}, {'lat': 14.5593858, 'lng': 120.9930865}, {'lat': 14.5590689, 'lng': 120.993185}, {'lat': 14.558749, 'lng': 120.9932734}, {'lat': 14.5584254, 'lng': 120.9933471}, {'lat': 14.5581013, 'lng': 120.9934184}, {'lat': 14.5579401, 'lng': 120.9932092}, {'lat': 14.5578441, 'lng': 120.9928915}, {'lat': 14.5577475, 'lng': 120.9925739}, {'lat': 14.5576505, 'lng': 120.9922565}, {'lat': 14.5575535, 'lng': 120.9919391}, {'lat': 14.5574566, 'lng': 120.9916216}, {'lat': 14.5573596, 'lng': 120.9913042}, {'lat': 14.5572626, 'lng': 120.9909868}, {'lat': 14.5571535, 'lng': 120.9906934}, {'lat': 14.5570025, 'lng': 120.9904663}, {'lat': 14.5568932, 'lng': 120.9901529}, {'lat': 14.5567837, 'lng': 120.9898396}, {'lat': 14.5566742, 'lng': 120.9895262}, {'lat': 14.5565616, 'lng': 120.989214}, {'lat': 14.5564526, 'lng': 120.9889005}, {'lat': 14.5563455, 'lng': 120.9885864}, {'lat': 14.5562766, 'lng': 120.9885222}, {'lat': 14.5559608, 'lng': 120.9886244}, {'lat': 14.555645, 'lng': 120.9887265}, {'lat': 14.5553291, 'lng': 120.9888285}, {'lat': 14.5550133, 'lng': 120.9889305}, {'lat': 14.5547486, 'lng': 120.9888676}]",2,1769385628000,164,164,2604.164,1775.59
route-initial-synthetic-03-04,synthetic-03-04,Initial Route,"[{'lat': 14.5633467, 'lng': 120.9988721}, {'lat': 14.5632987, 'lng': 120.9987607}, {'lat': 14.5632506, 'lng': 120.9986494}, {'lat': 14.5632026, 'lng': 120.998538}, {'lat': 14.5632281, 'lng': 120.9985972}, {'lat': 14.5632761, 'lng': 120.9987085}, {'lat': 14.5633242, 'lng': 120.9988199}, {'lat': 14.5633759, 'lng': 120.9989295}, {'lat': 14.5634309, 'lng': 120.9990376}, {'lat': 14.5634859, 'lng': 120.9991457}, {'lat': 14.5635408, 'lng': 120.9992539}, {'lat': 14.5635958, 'lng': 120.999362}, {'lat': 14.5636507, 'lng': 120.9994701}, {'lat': 14.5637057, 'lng': 120.9995782}, {'lat': 14.5637606, 'lng': 120.9996864}, {'lat': 14.5638156, 'lng': 120.9997945}, {'lat': 14.5638705, 'lng': 120.9999026}, {'lat': 14.5639255, 'lng': 121.0000107}, {'lat': 14.5639804, 'lng': 121.0001189}, {'lat': 14.5640354, 'lng': 121.000227}, {'lat': 14.5640904, 'lng': 121.0003351}, {'lat': 14.5641453, 'lng': 121.0004432}, {'lat': 14.5642003, 'lng': 121.0005513}, {'lat': 14.5642552, 'lng': 121.0006595}, {'lat': 14.5642507, 'lng': 121.0007488}, {'lat': 14.5641436, 'lng': 121.0008058}, {'lat': 14.5640365, 'lng': 121.0008627}, {'lat': 14.5639294, 'lng': 121.0009197}, {'lat': 14.5638555, 'lng': 121.0009812}, {'lat': 14.5639429, 'lng': 121.0010653}, {'lat': 14.5640304, 'lng': 121.0011493}, {'lat': 14.5641178, 'lng': 121.0012334}]",1,1769990399000,90,,408.784,
route-regenerated-synthetic-03-04,synthetic-03-04,Regenerated Route,"[{'lat': 14.5633467, 'lng': 120.9988721}, {'lat': 14.5632989, 'lng': 120.9987613}, {'lat': 14.5632511, 'lng': 120.9986504}, {'lat': 14.5632032, 'lng': 120.9985396}, {'lat': 14.5631044, 'lng': 120.9985373}, {'lat': 14.5629885, 'lng': 120.998571}, {'lat': 14.5628726, 'lng': 120.9986048}, {'lat': 14.5627581, 'lng': 120.9986427}, {'lat': 14.562646, 'lng': 120.9986874}, {'lat': 14.5625339, 'lng': 120.9987322}, {'lat': 14.5624218, 'lng': 120.998777}, {'lat': 14.562312, 'lng': 120.9988272}, {'lat': 14.5622029, 'lng': 120.9988788}, {'lat': 14.5620938, 'lng': 120.9989304}, {'lat': 14.5619988, 'lng': 120.9990037}, {'lat': 14.5619958, 'lng': 120.9990899}, {'lat': 14.5620816, 'lng': 120.9991749}, {'lat': 14.5621673, 'lng': 120.9992599}, {'lat': 14.5622531, 'lng': 120.9993448}, {'lat': 14.5623388, 'lng': 120.9994298}, {'lat': 14.5624246, 'lng': 120.9995147}, {'lat': 14.5625104, 'lng': 120.9995997}, {'lat': 14.5625962, 'lng': 120.9996846}, {'lat': 14.5626819, 'lng': 120.9997696}, {'lat': 14.5627677, 'lng': 120.9998545}, {'lat': 14.5628517, 'lng': 120.999941}, {'lat': 14.5629297, 'lng': 121.0000332}, {'lat': 14.5630076, 'lng': 121.0001254}, {'lat': 14.5630867, 'lng': 121.0002165}, {'lat': 14.5631749, 'lng': 121.0002989}, {'lat': 14.5632631, 'lng': 121.0003813}, {'lat': 14.563351, 'lng': 121.0004641}, {'lat': 14.5634341, 'lng': 121.0005516}, {'lat': 14.5635173, 'lng': 121.0006391}, {'lat': 14.5636004, 'lng': 121.0007266}, {'lat': 14.5636854, 'lng': 121.0008123}, {'lat': 14.5637709, 'lng': 121.0008975}, {'lat': 14.5638567, 'lng': 121.0009824}, {'lat': 14.5639438, 'lng': 121.0010661}, {'lat': 14.5640308, 'lng': 121.0011497}, {'lat': 14.5641178, 'lng': 121.0012334}]",2,1769990418000,90,90,408.784,529.418
route-initial-synthetic-03-05,synthetic-03-05,Initial Route,"[{'lat': 14.5609964, 'lng': 120.9955721}, {'lat': 14.5614389, 'lng': 120.9955053}, {'lat': 14.5619111, 'lng': 120.9953898}, {'lat': 14.5623829, 'lng': 120.995273}, {'lat': 14.5628458, 'lng': 120.9951368}, {'lat': 14.5632913, 'lng': 120.9949423}, {'lat': 14.5637369, 'lng': 120.9947482}, {'lat': 14.564175, 'lng': 120.9945378}, {'lat': 14.5644792, 'lng': 120.9943923}, {'lat': 14.5649171, 'lng': 120.9941813}, {'lat': 14.5653581, 'lng': 120.9939772}, {'lat': 14.5649912, 'lng': 120.9939877}, {'lat': 14.5645518, 'lng': 120.9941955}, {'lat': 14.5642463, 'lng': 120.9943381}, {'lat': 14.5638067, 'lng': 120.9945454}, {'lat': 14.5633697, 'lng': 120.9947583}, {'lat': 14.5629292, 'lng': 120.9949637}, {'lat': 14.5625959, 'lng': 120.9952271}, {'lat': 14.5624453, 'lng': 120.9948039}, {'lat': 14.5620387, 'lng': 120.9945376}, {'lat': 14.5616565, 'lng': 120.9942426}, {'lat': 14.5614362, 'lng': 120.9939958}, {'lat': 14.561267, 'lng': 120.9937375}, {'lat': 14.5611845, 'lng': 120.9932601}, {'lat': 14.5610639, 'lng': 120.9927902}, {'lat': 14.5609126, 'lng': 120.9923297}, {'lat': 14.5607952, 'lng': 120.991858}, {'lat': 14.5606779, 'lng': 120.9913862}, {'lat': 14.5605607, 'lng': 120.9909145}, {'lat': 14.5604434, 'lng': 120.9904428}, {'lat': 14.5603262, 'lng': 120.989971}, {'lat': 14.5602089, 'lng': 120.9894993}, {'lat': 14.5600854, 'lng': 120.9890294}, {'lat': 14.5599642, 'lng': 120.9885587}, {'lat': 14.5598415, 'lng': 120.9880884}, {'lat': 14.5597187, 'lng': 120.987618}, {'lat': 14.559608, 'lng': 120.9872139}, {'lat': 14.5593921, 'lng': 120.9874968}, {'lat': 14.5589334, 'lng': 120.9876578}, {'lat': 14.558671, 'lng': 120.9877458}, {'lat': 14.5582786, 'lng': 120.9878231}, {'lat': 14.5582028, 'lng': 120.9879013}, {'lat': 14.5577391, 'lng': 120.988047}, {'lat': 14.5572753, 'lng': 120.9881926}, {'lat': 14.5568126, 'lng': 120.9883414}, {'lat': 14.5563522, 'lng': 120.9884974}, {'lat': 14.556085, 'lng': 120.9885842}, {'lat': 14.5556225, 'lng': 120.9887338}, {'lat': 14.5551599, 'lng': 120.9888829}, {'lat': 14.5547486, 'lng': 120.9888676}]",1,1770595199000,171,,2604.164,
route-regenerated-synthetic-03-05,synthetic-03-05,Regenerated Route,"[{'lat': 14.5609964, 'lng': 120.9955721}, {'lat': 14.5612891, 'lng': 120.9955419}, {'lat': 14.5616116, 'lng': 120.9954631}, {'lat': 14.561934, 'lng': 120.9953842}, {'lat': 14.5622564, 'lng': 120.9953054}, {'lat': 14.562581, 'lng': 120.9952398}, {'lat': 14.5624359, 'lng': 120.9951506}, {'lat': 14.5621165, 'lng': 120.9952403}, {'lat': 14.5617952, 'lng': 120.9953236}, {'lat': 14.5614739, 'lng': 120.9954068}, {'lat': 14.5611526, 'lng': 120.9954901}, {'lat': 14.5609087, 'lng': 120.9955511}, {'lat': 14.5605849, 'lng': 120.9956241}, {'lat': 14.5602609, 'lng': 120.9956962}, {'lat': 14.5601557, 'lng': 120.9955535}, {'lat': 14.5601047, 'lng': 120.9952255}, {'lat': 14.5600544, 'lng': 120.9948974}, {'lat': 14.5599976, 'lng': 120.9945704}, {'lat': 14.5599427, 'lng': 120.9942431}, {'lat': 14.5598881, 'lng': 120.9939157}, {'lat': 14.5598335, 'lng': 120.9935883}, {'lat': 14.5597789, 'lng': 120.9932609}, {'lat': 14.5596991, 'lng': 120.9929768}, {'lat': 14.5593858, 'lng': 120.9930865}, {'lat': 14.5590689, 'lng': 120.993185}, {'lat': 14.558749, 'lng': 120.9932734}, {'lat': 14.5584254, 'lng': 120.9933471}, {'lat': 14.5581013, 'lng': 120.9934184}, {'lat': 14.5579401, 'lng': 120.9932092}, {'lat': 14.5578441, 'lng': 120.9928915}, {'lat': 14.5577475, 'lng': 120.9925739}, {'lat': 14.5576505, 'lng': 120.9922565}, {'lat': 14.5575535, 'lng': 120.9919391}, {'lat': 14.5574566, 'lng': 120.9916216}, {'lat': 14.5573596, 'lng': 120.9913042}, {'lat': 14.5572626, 'lng': 120.9909868}, {'lat': 14.5571535, 'lng': 120.9906934}, {'lat': 14.5570025, 'lng': 120.9904663}, {'lat': 14.5568932, 'lng': 120.9901529}, {'lat': 14.5567837, 'lng': 120.9898396}, {'lat': 14.5566742, 'lng': 120.9895262}, {'lat': 14.5565616, 'lng': 120.989214}, {'lat': 14.5564526, 'lng': 120.9889005}, {'lat': 14.5563455, 'lng': 120.9885864}, {'lat': 14.5562766, 'lng': 120.9885222}, {'lat': 14.5559608, 'lng': 120.9886244}, {'lat': 14.555645, 'lng': 120.9887265}, {'lat': 14.5553291, 'lng': 120.9888285}, {'lat': 14.5550133, 'lng': 120.9889305}, {'lat': 14.5547486, 'lng': 120.9888676}]",2,1770595229000,171,171,2604.164,1775.59
route-initial-synthetic-03-06,synthetic-03-06,Initial Route,"[{'lat': 14.5587681, 'lng': 120.996085}, {'lat': 14.5588512, 'lng': 120.996111}, {'lat': 14.5589689, 'lng': 120.9960838}, {'lat': 14.5590865, 'lng': 120.9960567}, {'lat': 14.5592041, 'lng': 120.9960296}, {'lat': 14.5593218, 'lng': 120.9960025}, {'lat': 14.5594394, 'lng': 120.9959754}, {'lat': 14.559557, 'lng': 120.9959483}, {'lat': 14.5596746, 'lng': 120.995921}, {'lat': 14.5597922, 'lng': 120.9958937}, {'lat': 14.5599098, 'lng': 120.9958664}, {'lat': 14.5600274, 'lng': 120.9958391}, {'lat': 14.560145, 'lng': 120.9958119}, {'lat': 14.5601856, 'lng': 120.9957361}, {'lat': 14.5601656, 'lng': 120.995617}, {'lat': 14.5601471, 'lng': 120.9954978}, {'lat': 14.5601285, 'lng': 120.9953785}, {'lat': 14.56011, 'lng': 120.9952592}, {'lat': 14.5600915, 'lng': 120.9951399}, {'lat': 14.5600733, 'lng': 120.9950206}, {'lat': 14.560055, 'lng': 120.9949012}, {'lat': 14.5600345, 'lng': 120.9947823}, {'lat': 14.5600137, 'lng': 120.9946634}, {'lat': 14.5599931, 'lng': 120.9945444}, {'lat': 14.5600959, 'lng': 120.994499}, {'lat': 14.5602102, 'lng': 120.9944601}, {'lat': 14.5603163, 'lng': 120.9944025}, {'lat': 14.5604223, 'lng': 120.9943449}, {'lat': 14.5605284, 'lng': 120.9942872}, {'lat': 14.5606345, 'lng': 120.9942296}, {'lat': 14.5607405, 'lng': 120.9941719}, {'lat': 14.5608466, 'lng': 120.9941143}, {'lat': 14.5609524, 'lng': 120.9940562}, {'lat': 14.5610579, 'lng': 120.9939974}, {'lat': 14.5611616, 'lng': 120.9939357}, {'lat': 14.5612254, 'lng': 120.9938469}, {'lat': 14.5612184, 'lng': 120.9938952}, {'lat': 14.5612719, 'lng': 120.9940021}, {'lat': 14.5613312, 'lng': 120.9941072}, {'lat': 14.561407, 'lng': 120.9941998}, {'lat': 14.5614892, 'lng': 120.9941456}, {'lat': 14.5614876, 'lng': 120.9940559}, {'lat': 14.5614096, 'lng': 120.9939638}, {'lat': 14.561341, 'lng': 120.9938645}, {'lat': 14.5612841, 'lng': 120.9937582}, {'lat': 14.5612306, 'lng': 120.9938113}]",1,1771210799000,90,,593.8,
route-initial-synthetic-03-07,synthetic-03-07,Initial Route,"[{'lat': 14.5618298, 'lng': 120.9968042}, {'lat': 14.5617164, 'lng': 120.9968466}, {'lat': 14.561603, 'lng': 120.996889}, {'lat': 14.5614895, 'lng': 120.9969314}, {'lat': 14.5613761, 'lng': 120.9969738}, {'lat': 14.5612627, 'lng': 120.9970163}, {'lat': 14.5611487, 'lng': 120.997057}, {'lat': 14.5610348, 'lng': 120.9970981}, {'lat': 14.5609209, 'lng': 120.9971392}, {'lat': 14.560807, 'lng': 120.9971804}, {'lat': 14.560693, 'lng': 120.9972211}, {'lat': 14.5605789, 'lng': 120.9972616}, {'lat': 14.5604649, 'lng': 120.9973025}, {'lat': 14.5603513, 'lng': 120.9973443}, {'lat': 14.5602377, 'lng': 120.9973864}, {'lat': 14.5601238, 'lng': 120.9974275}, {'lat': 14.5600101, 'lng': 120.997469}, {'lat': 14.5598963, 'lng': 120.9975105}, {'lat': 14.5597836, 'lng': 120.9975547}, {'lat': 14.5596713, 'lng': 120.9976001}, {'lat': 14.5595589, 'lng': 120.997645}, {'lat': 14.5594424, 'lng': 120.9976777}, {'lat': 14.5593251, 'lng': 120.9977077}, {'lat': 14.5592078, 'lng': 120.9977378}, {'lat': 14.5590906, 'lng': 120.9977679}, {'lat': 14.5589733, 'lng': 120.9977979}, {'lat': 14.558856, 'lng': 120.997828}, {'lat': 14.5587387, 'lng': 120.9978581}, {'lat': 14.558623, 'lng': 120.9978936}, {'lat': 14.5585087, 'lng': 120.9979336}, {'lat': 14.5583944, 'lng': 120.9979736}, {'lat': 14.5582801, 'lng': 120.9980136}, {'lat': 14.5581658, 'lng': 120.9980535}, {'lat': 14.5580515, 'lng': 120.9980935}, {'lat': 14.5579373, 'lng': 120.9981335}, {'lat': 14.557823, 'lng': 120.9981735}, {'lat': 14.5577074, 'lng': 120.9982094}, {'lat': 14.5575907, 'lng': 120.9982417}, {'lat': 14.557474, 'lng': 120.998274}, {'lat': 14.5573573, 'lng': 120.9983064}, {'lat': 14.5572406, 'lng': 120.9983387}, {'lat': 14.5571239, 'lng': 120.998371}, {'lat': 14.5570072, 'lng': 120.9984033}, {'lat': 14.5568905, 'lng': 120.9984356}, {'lat': 14.5567732, 'lng': 120.9984653}]",1,1771815599000,90,,590.1,
route-initial-synthetic-03-08,synthetic-03-08,Initial Route,"[{'lat': 14.5643695, 'lng': 120.9943615}, {'lat': 14.5642655, 'lng': 120.9943292}, {'lat': 14.5641224, 'lng': 120.9943955}, {'lat': 14.5639792, 'lng': 120.9944617}, {'lat': 14.5638372, 'lng': 120.9945304}, {'lat': 14.5636964, 'lng': 120.9946015}, {'lat': 14.5635552, 'lng': 120.9946718}, {'lat': 14.5634122, 'lng': 120.9947384}, {'lat': 14.5632693, 'lng': 120.9948051}, {'lat': 14.563126, 'lng': 120.9948711}, {'lat': 14.5629833, 'lng': 120.9949383}, {'lat': 14.5628406, 'lng': 120.9950055}, {'lat': 14.5626978, 'lng': 120.9950726}, {'lat': 14.5625994, 'lng': 120.9951546}, {'lat': 14.562599, 'lng': 120.9951636}, {'lat': 14.562517, 'lng': 120.9951239}, {'lat': 14.5623671, 'lng': 120.9951733}, {'lat': 14.562215, 'lng': 120.9952148}, {'lat': 14.5620623, 'lng': 120.9952544}, {'lat': 14.5619096, 'lng': 120.9952939}, {'lat': 14.5617569, 'lng': 120.9953335}, {'lat': 14.5616042, 'lng': 120.9953731}, {'lat': 14.5614515, 'lng': 120.9954126}, {'lat': 14.5612988, 'lng': 120.9954522}, {'lat': 14.5611461, 'lng': 120.9954918}, {'lat': 14.5609934, 'lng': 120.9955313}, {'lat': 14.5609181, 'lng': 120.9955489}, {'lat': 14.5607643, 'lng': 120.9955842}, {'lat': 14.5606104, 'lng': 120.9956185}, {'lat': 14.5604564, 'lng': 120.9956527}, {'lat': 14.5603024, 'lng': 120.995687}, {'lat': 14.5601879, 'lng': 120.9957464}, {'lat': 14.5601648, 'lng': 120.9956117}, {'lat': 14.5601405, 'lng': 120.9954558}, {'lat': 14.5601163, 'lng': 120.9952999}, {'lat': 14.5600922, 'lng': 120.9951441}, {'lat': 14.5600683, 'lng': 120.9949881}, {'lat': 14.5600432, 'lng': 120.9948324}, {'lat': 14.5600161, 'lng': 120.994677}, {'lat': 14.5599892, 'lng': 120.9945216}, {'lat': 14.5599632, 'lng': 120.994366}, {'lat': 14.5599373, 'lng': 120.9942104}, {'lat': 14.5599113, 'lng': 120.9940548}, {'lat': 14.5598853, 'lng': 120.9938992}, {'lat': 14.5598594, 'lng': 120.9937436}, {'lat': 14.5598334, 'lng': 120.993588}, {'lat': 14.5598075, 'lng': 120.9934324}, {'lat': 14.5597815, 'lng': 120.9932768}, {'lat': 14.5597556, 'lng': 120.9931212}, {'lat': 14.5597296, 'lng': 120.9929656}]",1,1772420399000,90,,844.5,
route-initial-synthetic-03-09,synthetic-03-09,Initial Route,"[{'lat': 14.570849, 'lng': 120.9935069}, {'lat': 14.5708054, 'lng': 120.9933918}, {'lat': 14.5707618, 'lng': 120.9932767}, {'lat': 14.5707182, 'lng': 120.9931616}, {'lat': 14.5706746, 'lng': 120.9930465}, {'lat': 14.5706309, 'lng': 120.9929315}, {'lat': 14.5705873, 'lng': 120.9928164}, {'lat': 14.5705437, 'lng': 120.9927013}, {'lat': 14.5705001, 'lng': 120.9925862}, {'lat': 14.5704644, 'lng': 120.992474}, {'lat': 14.5705725, 'lng': 120.9924152}, {'lat': 14.5706807, 'lng': 120.9923565}, {'lat': 14.5707889, 'lng': 120.9922978}, {'lat': 14.570897, 'lng': 120.9922391}, {'lat': 14.571005, 'lng': 120.99218}, {'lat': 14.5710874, 'lng': 120.9921182}, {'lat': 14.5709911, 'lng': 120.9920415}, {'lat': 14.5708938, 'lng': 120.9919662}, {'lat': 14.5707981, 'lng': 120.9918888}, {'lat': 14.5707026, 'lng': 120.9918112}, {'lat': 14.5705943, 'lng': 120.9917533}, {'lat': 14.5704841, 'lng': 120.9916986}, {'lat': 14.570399, 'lng': 120.9916221}, {'lat': 14.5704245, 'lng': 120.991531}, {'lat': 14.5705334, 'lng': 120.9914736}, {'lat': 14.5706423, 'lng': 120.9914163}]",1,1773025199000,90,,336.0,
route-initial-synthetic-03-10,synthetic-03-10,Initial Route,"[{'lat': 14.5643695, 'lng': 120.9943615}, {'lat': 14.5644418, 'lng': 120.9944098}, {'lat': 14.5645525, 'lng': 120.9943574}, {'lat': 14.5646627, 'lng': 120.9943041}, {'lat': 14.5647729, 'lng': 120.9942509}, {'lat': 14.5648832, 'lng': 120.9941977}, {'lat': 14.5649934, 'lng': 120.9941445}, {'lat': 14.5651037, 'lng': 120.9940913}, {'lat': 14.565215, 'lng': 120.9940405}, {'lat': 14.5653268, 'lng': 120.9939905}, {'lat': 14.5653297, 'lng': 120.9939165}, {'lat': 14.5654133, 'lng': 120.9939535}, {'lat': 14.5655258, 'lng': 120.9939051}, {'lat': 14.5656364, 'lng': 120.9938527}, {'lat': 14.5657468, 'lng': 120.9937998}, {'lat': 14.5658093, 'lng': 120.9938771}, {'lat': 14.5658582, 'lng': 120.9939894}, {'lat': 14.565907, 'lng': 120.9941016}, {'lat': 14.5659559, 'lng': 120.9942139}, {'lat': 14.5660048, 'lng': 120.9943261}, {'lat': 14.5660536, 'lng': 120.9944384}, {'lat': 14.5661062, 'lng': 120.9945407}, {'lat': 14.5662171, 'lng': 120.9944887}, {'lat': 14.5663278, 'lng': 120.9944365}, {'lat': 14.5664382, 'lng': 120.9943835}, {'lat': 14.5665485, 'lng': 120.9943305}, {'lat': 14.5666587, 'lng': 120.9942773}, {'lat': 14.566769, 'lng': 120.9942241}, {'lat': 14.5668794, 'lng': 120.9941712}, {'lat': 14.5669899, 'lng': 120.9941187}, {'lat': 14.5671005, 'lng': 120.9940662}, {'lat': 14.5672111, 'lng': 120.9940137}, {'lat': 14.5673221, 'lng': 120.993962}, {'lat': 14.5674334, 'lng': 120.9939109}, {'lat': 14.5675446, 'lng': 120.9938599}, {'lat': 14.5676559, 'lng': 120.9938088}, {'lat': 14.5677671, 'lng': 120.9937577}]",1,1773629999000,90,,483.7,
route-initial-synthetic-03-11,synthetic-03-11,Initial Route,"[{'lat': 14.5587681, 'lng': 120.996085}, {'lat': 14.5588512, 'lng': 120.996111}, {'lat': 14.5589689, 'lng': 120.9960838}, {'lat': 14.5590865, 'lng': 120.9960567}, {'lat': 14.5592041, 'lng': 120.9960296}, {'lat': 14.5593218, 'lng': 120.9960025}, {'lat': 14.5594394, 'lng': 120.9959754}, {'lat': 14.559557, 'lng': 120.9959483}, {'lat': 14.5596746, 'lng': 120.995921}, {'lat': 14.5597922, 'lng': 120.9958937}, {'lat': 14.5599098, 'lng': 120.9958664}, {'lat': 14.5600274, 'lng': 120.9958391}, {'lat': 14.560145, 'lng': 120.9958119}, {'lat': 14.5601856, 'lng': 120.9957361}, {'lat': 14.5601656, 'lng': 120.995617}, {'lat': 14.5601471, 'lng': 120.9954978}, {'lat': 14.5601285, 'lng': 120.9953785}, {'lat': 14.56011, 'lng': 120.9952592}, {'lat': 14.5600915, 'lng': 120.9951399}, {'lat': 14.5600733, 'lng': 120.9950206}, {'lat': 14.560055, 'lng': 120.9949012}, {'lat': 14.5600345, 'lng': 120.9947823}, {'lat': 14.5600137, 'lng': 120.9946634}, {'lat': 14.5599931, 'lng': 120.9945444}, {'lat': 14.5600959, 'lng': 120.994499}, {'lat': 14.5602102, 'lng': 120.9944601}, {'lat': 14.5603163, 'lng': 120.9944025}, {'lat': 14.5604223, 'lng': 120.9943449}, {'lat': 14.5605284, 'lng': 120.9942872}, {'lat': 14.5606345, 'lng': 120.9942296}, {'lat': 14.5607405, 'lng': 120.9941719}, {'lat': 14.5608466, 'lng': 120.9941143}, {'lat': 14.5609524, 'lng': 120.9940562}, {'lat': 14.5610579, 'lng': 120.9939974}, {'lat': 14.5611616, 'lng': 120.9939357}, {'lat': 14.5612254, 'lng': 120.9938469}, {'lat': 14.5612184, 'lng': 120.9938952}, {'lat': 14.5612719, 'lng': 120.9940021}, {'lat': 14.5613312, 'lng': 120.9941072}, {'lat': 14.561407, 'lng': 120.9941998}, {'lat': 14.5614892, 'lng': 120.9941456}, {'lat': 14.5614876, 'lng': 120.9940559}, {'lat': 14.5614096, 'lng': 120.9939638}, {'lat': 14.561341, 'lng': 120.9938645}, {'lat': 14.5612841, 'lng': 120.9937582}, {'lat': 14.5612306, 'lng': 120.9938113}]",1,1774234799000,90,,593.8,
route-initial-synthetic-04-00,synthetic-04-00,Initial Route,"[{'lat': 14.5609964, 'lng': 120.9955721}, {'lat': 14.5614389, 'lng': 120.9955053}, {'lat': 14.5619111, 'lng': 120.9953898}, {'lat': 14.5623829, 'lng': 120.995273}, {'lat': 14.5628458, 'lng': 120.9951368}, {'lat': 14.5632913, 'lng': 120.9949423}, {'lat': 14.5637369, 'lng': 120.9947482}, {'lat': 14.564175, 'lng': 120.9945378}, {'lat': 14.5644792, 'lng': 120.9943923}, {'lat': 14.5649171, 'lng': 120.9941813}, {'lat': 14.5653581, 'lng': 120.9939772}, {'lat': 14.5649912, 'lng': 120.9939877}, {'lat': 14.5645518, 'lng': 120.9941955}, {'lat': 14.5642463, 'lng': 120.9943381}, {'lat': 14.5638067, 'lng': 120.9945454}, {'lat': 14.5633697, 'lng': 120.9947583}, {'lat': 14.5629292, 'lng': 120.9949637}, {'lat': 14.5625959, 'lng': 120.9952271}, {'lat': 14.5624453, 'lng': 120.9948039}, {'lat': 14.5620387, 'lng': 120.9945376}, {'lat': 14.5616565, 'lng': 120.9942426}, {'lat': 14.5614362, 'lng': 120.9939958}, {'lat': 14.561267, 'lng': 120.9937375}, {'lat': 14.5611845, 'lng': 120.9932601}, {'lat': 14.5610639, 'lng': 120.9927902}, {'lat': 14.5609126, 'lng': 120.9923297}, {'lat': 14.5607952, 'lng': 120.991858}, {'lat': 14.5606779, 'lng': 120.9913862}, {'lat': 14.5605607, 'lng': 120.9909145}, {'lat': 14.5604434, 'lng': 120.9904428}, {'lat': 14.5603262, 'lng': 120.989971}, {'lat': 14.5602089, 'lng': 120.9894993}, {'lat': 14.5600854, 'lng': 120.9890294}, {'lat': 14.5599642, 'lng': 120.9885587}, {'lat': 14.5598415, 'lng': 120.9880884}, {'lat': 14.5597187, 'lng': 120.987618}, {'lat': 14.559608, 'lng': 120.9872139}, {'lat': 14.5593921, 'lng': 120.9874968}, {'lat': 14.5589334, 'lng': 120.9876578}, {'lat': 14.558671, 'lng': 120.9877458}, {'lat': 14.5582786, 'lng': 120.9878231}, {'lat': 14.5582028, 'lng': 120.9879013}, {'lat': 14.5577391, 'lng': 120.988047}, {'lat': 14.5572753, 'lng': 120.9881926}, {'lat': 14.5568126, 'lng': 120.9883414}, {'lat': 14.5563522, 'lng': 120.9884974}, {'lat': 14.556085, 'lng': 120.9885842}, {'lat': 14.5556225, 'lng': 120.9887338}, {'lat': 14.5551599, 'lng': 120.9888829}, {'lat': 14.5547486, 'lng': 120.9888676}]",1,1767571202000,171,,2604.164,
route-regenerated-synthetic-04-00,synthetic-04-00,Regenerated Route,"[{'lat': 14.5609964, 'lng': 120.9955721}, {'lat': 14.5612891, 'lng': 120.9955419}, {'lat': 14.5616116, 'lng': 120.9954631}, {'lat': 14.561934, 'lng': 120.9953842}, {'lat': 14.5622564, 'lng': 120.9953054}, {'lat': 14.562581, 'lng': 120.9952398}, {'lat': 14.5624359, 'lng': 120.9951506}, {'lat': 14.5621165, 'lng': 120.9952403}, {'lat': 14.5617952, 'lng': 120.9953236}, {'lat': 14.5614739, 'lng': 120.9954068}, {'lat': 14.5611526, 'lng': 120.9954901}, {'lat': 14.5609087, 'lng': 120.9955511}, {'lat': 14.5605849, 'lng': 120.9956241}, {'lat': 14.5602609, 'lng': 120.9956962}, {'lat': 14.5601557, 'lng': 120.9955535}, {'lat': 14.5601047, 'lng': 120.9952255}, {'lat': 14.5600544, 'lng': 120.9948974}, {'lat': 14.5599976, 'lng': 120.9945704}, {'lat': 14.5599427, 'lng': 120.9942431}, {'lat': 14.5598881, 'lng': 120.9939157}, {'lat': 14.5598335, 'lng': 120.9935883}, {'lat': 14.5597789, 'lng': 120.9932609}, {'lat': 14.5596991, 'lng': 120.9929768}, {'lat': 14.5593858, 'lng': 120.9930865}, {'lat': 14.5590689, 'lng': 120.993185}, {'lat': 14.558749, 'lng': 120.9932734}, {'lat': 14.5584254, 'lng': 120.9933471}, {'lat': 14.5581013, 'lng': 120.9934184}, {'lat': 14.5579401, 'lng': 120.9932092}, {'lat': 14.5578441, 'lng': 120.9928915}, {'lat': 14.5577475, 'lng': 120.9925739}, {'lat': 14.5576505, 'lng': 120.9922565}, {'lat': 14.5575535, 'lng': 120.9919391}, {'lat': 14.5574566, 'lng': 120.9916216}, {'lat': 14.5573596, 'lng': 120.9913042}, {'lat': 14.5572626, 'lng': 120.9909868}, {'lat': 14.5571535, 'lng': 120.9906934}, {'lat': 14.5570025, 'lng': 120.9904663}, {'lat': 14.5568932, 'lng': 120.9901529}, {'lat': 14.5567837, 'lng': 120.9898396}, {'lat': 14.5566742, 'lng': 120.9895262}, {'lat': 14.5565616, 'lng': 120.989214}, {'lat': 14.5564526, 'lng': 120.9889005}, {'lat': 14.5563455, 'lng': 120.9885864}, {'lat': 14.5562766, 'lng': 120.9885222}, {'lat': 14.5559608, 'lng': 120.9886244}, {'lat': 14.555645, 'lng': 120.9887265}, {'lat': 14.5553291, 'lng': 120.9888285}, {'lat': 14.5550133, 'lng': 120.9889305}, {'lat': 14.5547486, 'lng': 120.9888676}]",2,1767571232000,171,171,2604.164,1775.59
route-initial-synthetic-04-01,synthetic-04-01,Initial Route,"[{'lat': 14.5633467, 'lng': 120.9988721}, {'lat': 14.5632987, 'lng': 120.9987607}, {'lat': 14.5632506, 'lng': 120.9986494}, {'lat': 14.5632026, 'lng': 120.998538}, {'lat': 14.5632281, 'lng': 120.9985972}, {'lat': 14.5632761, 'lng': 120.9987085}, {'lat': 14.5633242, 'lng': 120.9988199}, {'lat': 14.5633759, 'lng': 120.9989295}, {'lat': 14.5634309, 'lng': 120.9990376}, {'lat': 14.5634859, 'lng': 120.9991457}, {'lat': 14.5635408, 'lng': 120.9992539}, {'lat': 14.5635958, 'lng': 120.999362}, {'lat': 14.5636507, 'lng': 120.9994701}, {'lat': 14.5637057, 'lng': 120.9995782}, {'lat': 14.5637606, 'lng': 120.9996864}, {'lat': 14.5638156, 'lng': 120.9997945}, {'lat': 14.5638705, 'lng': 120.9999026}, {'lat': 14.5639255, 'lng': 121.0000107}, {'lat': 14.5639804, 'lng': 121.0001189}, {'lat': 14.5640354, 'lng': 121.000227}, {'lat': 14.5640904, 'lng': 121.0003351}, {'lat': 14.5641453, 'lng': 121.0004432}, {'lat': 14.5642003, 'lng': 121.0005513}, {'lat': 14.5642552, 'lng': 121.0006595}, {'lat': 14.5642507, 'lng': 121.0007488}, {'lat': 14.5641436, 'lng': 121.0008058}, {'lat': 14.5640365, 'lng': 121.0008627}, {'lat': 14.5639294, 'lng': 121.0009197}, {'lat': 14.5638555, 'lng': 121.0009812}, {'lat': 14.5639429, 'lng': 121.0010653}, {'lat': 14.5640304, 'lng': 121.0011493}, {'lat': 14.5641178, 'lng': 121.0012334}]",1,1768176002000,90,,408.784,
route-regenerated-synthetic-04-01,synthetic-04-01,Regenerated Route,"[{'lat': 14.5633467, 'lng': 120.9988721}, {'lat': 14.5632989, 'lng': 120.9987613}, {'lat': 14.5632511, 'lng': 120.9986504}, {'lat': 14.5632032, 'lng': 120.9985396}, {'lat': 14.5631044, 'lng': 120.9985373}, {'lat': 14.5629885, 'lng': 120.998571}, {'lat': 14.5628726, 'lng': 120.9986048}, {'lat': 14.5627581, 'lng': 120.9986427}, {'lat': 14.562646, 'lng': 120.9986874}, {'lat': 14.5625339, 'lng': 120.9987322}, {'lat': 14.5624218, 'lng': 120.998777}, {'lat': 14.562312, 'lng': 120.9988272}, {'lat': 14.5622029, 'lng': 120.9988788}, {'lat': 14.5620938, 'lng': 120.9989304}, {'lat': 14.5619988, 'lng': 120.9990037}, {'lat': 14.5619958, 'lng': 120.9990899}, {'lat': 14.5620816, 'lng': 120.9991749}, {'lat': 14.5621673, 'lng': 120.9992599}, {'lat': 14.5622531, 'lng': 120.9993448}, {'lat': 14.5623388, 'lng': 120.9994298}, {'lat': 14.5624246, 'lng': 120.9995147}, {'lat': 14.5625104, 'lng': 120.9995997}, {'lat': 14.5625962, 'lng': 120.9996846}, {'lat': 14.5626819, 'lng': 120.9997696}, {'lat': 14.5627677, 'lng': 120.9998545}, {'lat': 14.5628517, 'lng': 120.999941}, {'lat': 14.5629297, 'lng': 121.0000332}, {'lat': 14.5630076, 'lng': 121.0001254}, {'lat': 14.5630867, 'lng': 121.0002165}, {'lat': 14.5631749, 'lng': 121.0002989}, {'lat': 14.5632631, 'lng': 121.0003813}, {'lat': 14.563351, 'lng': 121.0004641}, {'lat': 14.5634341, 'lng': 121.0005516}, {'lat': 14.5635173, 'lng': 121.0006391}, {'lat': 14.5636004, 'lng': 121.0007266}, {'lat': 14.5636854, 'lng': 121.0008123}, {'lat': 14.5637709, 'lng': 121.0008975}, {'lat': 14.5638567, 'lng': 121.0009824}, {'lat': 14.5639438, 'lng': 121.0010661}, {'lat': 14.5640308, 'lng': 121.0011497}, {'lat': 14.5641178, 'lng': 121.0012334}]",2,1768176021000,90,90,408.784,529.418
route-initial-synthetic-04-02,synthetic-04-02,Initial Route,"[{'lat': 14.5609964, 'lng': 120.9955721}, {'lat': 14.5614389, 'lng': 120.9955053}, {'lat': 14.5619111, 'lng': 120.9953898}, {'lat': 14.5623829, 'lng': 120.995273}, {'lat': 14.5628458, 'lng': 120.9951368}, {'lat': 14.5632913, 'lng': 120.9949423}, {'lat': 14.5637369, 'lng': 120.9947482}, {'lat': 14.564175, 'lng': 120.9945378}, {'lat': 14.5644792, 'lng': 120.9943923}, {'lat': 14.5649171, 'lng': 120.9941813}, {'lat': 14.5653581, 'lng': 120.9939772}, {'lat': 14.5649912, 'lng': 120.9939877}, {'lat': 14.5645518, 'lng': 120.9941955}, {'lat': 14.5642463, 'lng': 120.9943381}, {'lat': 14.5638067, 'lng': 120.9945454}, {'lat': 14.5633697, 'lng': 120.9947583}, {'lat': 14.5629292, 'lng': 120.9949637}, {'lat': 14.5625959, 'lng': 120.9952271}, {'lat': 14.5624453, 'lng': 120.9948039}, {'lat': 14.5620387, 'lng': 120.9945376}, {'lat': 14.5616565, 'lng': 120.9942426}, {'lat': 14.5614362, 'lng': 120.9939958}, {'lat': 14.561267, 'lng': 120.9937375}, {'lat': 14.5611845, 'lng': 120.9932601}, {'lat': 14.5610639, 'lng': 120.9927902}, {'lat': 14.5609126, 'lng': 120.9923297}, {'lat': 14.5607952, 'lng': 120.991858}, {'lat': 14.5606779, 'lng': 120.9913862}, {'lat': 14.5605607, 'lng': 120.9909145}, {'lat': 14.5604434, 'lng': 120.9904428}, {'lat': 14.5603262, 'lng': 120.989971}, {'lat': 14.5602089, 'lng': 120.9894993}, {'lat': 14.5600854, 'lng': 120.9890294}, {'lat': 14.5599642, 'lng': 120.9885587}, {'lat': 14.5598415, 'lng': 120.9880884}, {'lat': 14.5597187, 'lng': 120.987618}, {'lat': 14.559608, 'lng': 120.9872139}, {'lat': 14.5593921, 'lng': 120.9874968}, {'lat': 14.5589334, 'lng': 120.9876578}, {'lat': 14.558671, 'lng': 120.9877458}, {'lat': 14.5582786, 'lng': 120.9878231}, {'lat': 14.5582028, 'lng': 120.9879013}, {'lat': 14.5577391, 'lng': 120.988047}, {'lat': 14.5572753, 'lng': 120.9881926}, {'lat': 14.5568126, 'lng': 120.9883414}, {'lat': 14.5563522, 'lng': 120.9884974}, {'lat': 14.556085, 'lng': 120.9885842}, {'lat': 14.5556225, 'lng': 120.9887338}, {'lat': 14.5551599, 'lng': 120.9888829}, {'lat': 14.5547486, 'lng': 120.9888676}]",1,1768780802000,168,,2604.164,
route-regenerated-synthetic-04-02,synthetic-04-02,Regenerated Route,"[{'lat': 14.5609964, 'lng': 120.9955721}, {'lat': 14.5612891, 'lng': 120.9955419}, {'lat': 14.5616116, 'lng': 120.9954631}, {'lat': 14.561934, 'lng': 120.9953842}, {'lat': 14.5622564, 'lng': 120.9953054}, {'lat': 14.562581, 'lng': 120.9952398}, {'lat': 14.5624359, 'lng': 120.9951506}, {'lat': 14.5621165, 'lng': 120.9952403}, {'lat': 14.5617952, 'lng': 120.9953236}, {'lat': 14.5614739, 'lng': 120.9954068}, {'lat': 14.5611526, 'lng': 120.9954901}, {'lat': 14.5609087, 'lng': 120.9955511}, {'lat': 14.5605849, 'lng': 120.9956241}, {'lat': 14.5602609, 'lng': 120.9956962}, {'lat': 14.5601557, 'lng': 120.9955535}, {'lat': 14.5601047, 'lng': 120.9952255}, {'lat': 14.5600544, 'lng': 120.9948974}, {'lat': 14.5599976, 'lng': 120.9945704}, {'lat': 14.5599427, 'lng': 120.9942431}, {'lat': 14.5598881, 'lng': 120.9939157}, {'lat': 14.5598335, 'lng': 120.9935883}, {'lat': 14.5597789, 'lng': 120.9932609}, {'lat': 14.5596991, 'lng': 120.9929768}, {'lat': 14.5593858, 'lng': 120.9930865}, {'lat': 14.5590689, 'lng': 120.993185}, {'lat': 14.558749, 'lng': 120.9932734}, {'lat': 14.5584254, 'lng': 120.9933471}, {'lat': 14.5581013, 'lng': 120.9934184}, {'lat': 14.5579401, 'lng': 120.9932092}, {'lat': 14.5578441, 'lng': 120.9928915}, {'lat': 14.5577475, 'lng': 120.9925739}, {'lat': 14.5576505, 'lng': 120.9922565}, {'lat': 14.5575535, 'lng': 120.9919391}, {'lat': 14.5574566, 'lng': 120.9916216}, {'lat': 14.5573596, 'lng': 120.9913042}, {'lat': 14.5572626, 'lng': 120.9909868}, {'lat': 14.5571535, 'lng': 120.9906934}, {'lat': 14.5570025, 'lng': 120.9904663}, {'lat': 14.5568932, 'lng': 120.9901529}, {'lat': 14.5567837, 'lng': 120.9898396}, {'lat': 14.5566742, 'lng': 120.9895262}, {'lat': 14.5565616, 'lng': 120.989214}, {'lat': 14.5564526, 'lng': 120.9889005}, {'lat': 14.5563455, 'lng': 120.9885864}, {'lat': 14.5562766, 'lng': 120.9885222}, {'lat': 14.5559608, 'lng': 120.9886244}, {'lat': 14.555645, 'lng': 120.9887265}, {'lat': 14.5553291, 'lng': 120.9888285}, {'lat': 14.5550133, 'lng': 120.9889305}, {'lat': 14.5547486, 'lng': 120.9888676}]",2,1768780831000,168,168,2604.164,1775.59
route-initial-synthetic-04-03,synthetic-04-03,Initial Route,"[{'lat': 14.5633467, 'lng': 120.9988721}, {'lat': 14.5632987, 'lng': 120.9987607}, {'lat': 14.5632506, 'lng': 120.9986494}, {'lat': 14.5632026, 'lng': 120.998538}, {'lat': 14.5632281, 'lng': 120.9985972}, {'lat': 14.5632761, 'lng': 120.9987085}, {'lat': 14.5633242, 'lng': 120.9988199}, {'lat': 14.5633759, 'lng': 120.9989295}, {'lat': 14.5634309, 'lng': 120.9990376}, {'lat': 14.5634859, 'lng': 120.9991457}, {'lat': 14.5635408, 'lng': 120.9992539}, {'lat': 14.5635958, 'lng': 120.999362}, {'lat': 14.5636507, 'lng': 120.9994701}, {'lat': 14.5637057, 'lng': 120.9995782}, {'lat': 14.5637606, 'lng': 120.9996864}, {'lat': 14.5638156, 'lng': 120.9997945}, {'lat': 14.5638705, 'lng': 120.9999026}, {'lat': 14.5639255, 'lng': 121.0000107}, {'lat': 14.5639804, 'lng': 121.0001189}, {'lat': 14.5640354, 'lng': 121.000227}, {'lat': 14.5640904, 'lng': 121.0003351}, {'lat': 14.5641453, 'lng': 121.0004432}, {'lat': 14.5642003, 'lng': 121.0005513}, {'lat': 14.5642552, 'lng': 121.0006595}, {'lat': 14.5642507, 'lng': 121.0007488}, {'lat': 14.5641436, 'lng': 121.0008058}, {'lat': 14.5640365, 'lng': 121.0008627}, {'lat': 14.5639294, 'lng': 121.0009197}, {'lat': 14.5638555, 'lng': 121.0009812}, {'lat': 14.5639429, 'lng': 121.0010653}, {'lat': 14.5640304, 'lng': 121.0011493}, {'lat': 14.5641178, 'lng': 121.0012334}]",1,1769385602000,90,,408.784,
route-regenerated-synthetic-04-03,synthetic-04-03,Regenerated Route,"[{'lat': 14.5633467, 'lng': 120.9988721}, {'lat': 14.5632989, 'lng': 120.9987613}, {'lat': 14.5632511, 'lng': 120.9986504}, {'lat': 14.5632032, 'lng': 120.9985396}, {'lat': 14.5631044, 'lng': 120.9985373}, {'lat': 14.5629885, 'lng': 120.998571}, {'lat': 14.5628726, 'lng': 120.9986048}, {'lat': 14.5627581, 'lng': 120.9986427}, {'lat': 14.562646, 'lng': 120.9986874}, {'lat': 14.5625339, 'lng': 120.9987322}, {'lat': 14.5624218, 'lng': 120.998777}, {'lat': 14.562312, 'lng': 120.9988272}, {'lat': 14.5622029, 'lng': 120.9988788}, {'lat': 14.5620938, 'lng': 120.9989304}, {'lat': 14.5619988, 'lng': 120.9990037}, {'lat': 14.5619958, 'lng': 120.9990899}, {'lat': 14.5620816, 'lng': 120.9991749}, {'lat': 14.5621673, 'lng': 120.9992599}, {'lat': 14.5622531, 'lng': 120.9993448}, {'lat': 14.5623388, 'lng': 120.9994298}, {'lat': 14.5624246, 'lng': 120.9995147}, {'lat': 14.5625104, 'lng': 120.9995997}, {'lat': 14.5625962, 'lng': 120.9996846}, {'lat': 14.5626819, 'lng': 120.9997696}, {'lat': 14.5627677, 'lng': 120.9998545}, {'lat': 14.5628517, 'lng': 120.999941}, {'lat': 14.5629297, 'lng': 121.0000332}, {'lat': 14.5630076, 'lng': 121.0001254}, {'lat': 14.5630867, 'lng': 121.0002165}, {'lat': 14.5631749, 'lng': 121.0002989}, {'lat': 14.5632631, 'lng': 121.0003813}, {'lat': 14.563351, 'lng': 121.0004641}, {'lat': 14.5634341, 'lng': 121.0005516}, {'lat': 14.5635173, 'lng': 121.0006391}, {'lat': 14.5636004, 'lng': 121.0007266}, {'lat': 14.5636854, 'lng': 121.0008123}, {'lat': 14.5637709, 'lng': 121.0008975}, {'lat': 14.5638567, 'lng': 121.0009824}, {'lat': 14.5639438, 'lng': 121.0010661}, {'lat': 14.5640308, 'lng': 121.0011497}, {'lat': 14.5641178, 'lng': 121.0012334}]",2,1769385621000,90,90,408.784,529.418
route-initial-synthetic-04-04,synthetic-04-04,Initial Route,"[{'lat': 14.5609964, 'lng': 120.9955721}, {'lat': 14.5614389, 'lng': 120.9955053}, {'lat': 14.5619111, 'lng': 120.9953898}, {'lat': 14.5623829, 'lng': 120.995273}, {'lat': 14.5628458, 'lng': 120.9951368}, {'lat': 14.5632913, 'lng': 120.9949423}, {'lat': 14.5637369, 'lng': 120.9947482}, {'lat': 14.564175, 'lng': 120.9945378}, {'lat': 14.5644792, 'lng': 120.9943923}, {'lat': 14.5649171, 'lng': 120.9941813}, {'lat': 14.5653581, 'lng': 120.9939772}, {'lat': 14.5649912, 'lng': 120.9939877}, {'lat': 14.5645518, 'lng': 120.9941955}, {'lat': 14.5642463, 'lng': 120.9943381}, {'lat': 14.5638067, 'lng': 120.9945454}, {'lat': 14.5633697, 'lng': 120.9947583}, {'lat': 14.5629292, 'lng': 120.9949637}, {'lat': 14.5625959, 'lng': 120.9952271}, {'lat': 14.5624453, 'lng': 120.9948039}, {'lat': 14.5620387, 'lng': 120.9945376}, {'lat': 14.5616565, 'lng': 120.9942426}, {'lat': 14.5614362, 'lng': 120.9939958}, {'lat': 14.561267, 'lng': 120.9937375}, {'lat': 14.5611845, 'lng': 120.9932601}, {'lat': 14.5610639, 'lng': 120.9927902}, {'lat': 14.5609126, 'lng': 120.9923297}, {'lat': 14.5607952, 'lng': 120.991858}, {'lat': 14.5606779, 'lng': 120.9913862}, {'lat': 14.5605607, 'lng': 120.9909145}, {'lat': 14.5604434, 'lng': 120.9904428}, {'lat': 14.5603262, 'lng': 120.989971}, {'lat': 14.5602089, 'lng': 120.9894993}, {'lat': 14.5600854, 'lng': 120.9890294}, {'lat': 14.5599642, 'lng': 120.9885587}, {'lat': 14.5598415, 'lng': 120.9880884}, {'lat': 14.5597187, 'lng': 120.987618}, {'lat': 14.559608, 'lng': 120.9872139}, {'lat': 14.5593921, 'lng': 120.9874968}, {'lat': 14.5589334, 'lng': 120.9876578}, {'lat': 14.558671, 'lng': 120.9877458}, {'lat': 14.5582786, 'lng': 120.9878231}, {'lat': 14.5582028, 'lng': 120.9879013}, {'lat': 14.5577391, 'lng': 120.988047}, {'lat': 14.5572753, 'lng': 120.9881926}, {'lat': 14.5568126, 'lng': 120.9883414}, {'lat': 14.5563522, 'lng': 120.9884974}, {'lat': 14.556085, 'lng': 120.9885842}, {'lat': 14.5556225, 'lng': 120.9887338}, {'lat': 14.5551599, 'lng': 120.9888829}, {'lat': 14.5547486, 'lng': 120.9888676}]",1,1769990402000,174,,2604.164,
route-regenerated-synthetic-04-04,synthetic-04-04,Regenerated Route,"[{'lat': 14.5609964, 'lng': 120.9955721}, {'lat': 14.5612891, 'lng': 120.9955419}, {'lat': 14.5616116, 'lng': 120.9954631}, {'lat': 14.561934, 'lng': 120.9953842}, {'lat': 14.5622564, 'lng': 120.9953054}, {'lat': 14.562581, 'lng': 120.9952398}, {'lat': 14.5624359, 'lng': 120.9951506}, {'lat': 14.5621165, 'lng': 120.9952403}, {'lat': 14.5617952, 'lng': 120.9953236}, {'lat': 14.5614739, 'lng': 120.9954068}, {'lat': 14.5611526, 'lng': 120.9954901}, {'lat': 14.5609087, 'lng': 120.9955511}, {'lat': 14.5605849, 'lng': 120.9956241}, {'lat': 14.5602609, 'lng': 120.9956962}, {'lat': 14.5601557, 'lng': 120.9955535}, {'lat': 14.5601047, 'lng': 120.9952255}, {'lat': 14.5600544, 'lng': 120.9948974}, {'lat': 14.5599976, 'lng': 120.9945704}, {'lat': 14.5599427, 'lng': 120.9942431}, {'lat': 14.5598881, 'lng': 120.9939157}, {'lat': 14.5598335, 'lng': 120.9935883}, {'lat': 14.5597789, 'lng': 120.9932609}, {'lat': 14.5596991, 'lng': 120.9929768}, {'lat': 14.5593858, 'lng': 120.9930865}, {'lat': 14.5590689, 'lng': 120.993185}, {'lat': 14.558749, 'lng': 120.9932734}, {'lat': 14.5584254, 'lng': 120.9933471}, {'lat': 14.5581013, 'lng': 120.9934184}, {'lat': 14.5579401, 'lng': 120.9932092}, {'lat': 14.5578441, 'lng': 120.9928915}, {'lat': 14.5577475, 'lng': 120.9925739}, {'lat': 14.5576505, 'lng': 120.9922565}, {'lat': 14.5575535, 'lng': 120.9919391}, {'lat': 14.5574566, 'lng': 120.9916216}, {'lat': 14.5573596, 'lng': 120.9913042}, {'lat': 14.5572626, 'lng': 120.9909868}, {'lat': 14.5571535, 'lng': 120.9906934}, {'lat': 14.5570025, 'lng': 120.9904663}, {'lat': 14.5568932, 'lng': 120.9901529}, {'lat': 14.5567837, 'lng': 120.9898396}, {'lat': 14.5566742, 'lng': 120.9895262}, {'lat': 14.5565616, 'lng': 120.989214}, {'lat': 14.5564526, 'lng': 120.9889005}, {'lat': 14.5563455, 'lng': 120.9885864}, {'lat': 14.5562766, 'lng': 120.9885222}, {'lat': 14.5559608, 'lng': 120.9886244}, {'lat': 14.555645, 'lng': 120.9887265}, {'lat': 14.5553291, 'lng': 120.9888285}, {'lat': 14.5550133, 'lng': 120.9889305}, {'lat': 14.5547486, 'lng': 120.9888676}]",2,1769990432000,174,174,2604.164,1775.59
route-initial-synthetic-04-05,synthetic-04-05,Initial Route,"[{'lat': 14.5633467, 'lng': 120.9988721}, {'lat': 14.5632987, 'lng': 120.9987607}, {'lat': 14.5632506, 'lng': 120.9986494}, {'lat': 14.5632026, 'lng': 120.998538}, {'lat': 14.5632281, 'lng': 120.9985972}, {'lat': 14.5632761, 'lng': 120.9987085}, {'lat': 14.5633242, 'lng': 120.9988199}, {'lat': 14.5633759, 'lng': 120.9989295}, {'lat': 14.5634309, 'lng': 120.9990376}, {'lat': 14.5634859, 'lng': 120.9991457}, {'lat': 14.5635408, 'lng': 120.9992539}, {'lat': 14.5635958, 'lng': 120.999362}, {'lat': 14.5636507, 'lng': 120.9994701}, {'lat': 14.5637057, 'lng': 120.9995782}, {'lat': 14.5637606, 'lng': 120.9996864}, {'lat': 14.5638156, 'lng': 120.9997945}, {'lat': 14.5638705, 'lng': 120.9999026}, {'lat': 14.5639255, 'lng': 121.0000107}, {'lat': 14.5639804, 'lng': 121.0001189}, {'lat': 14.5640354, 'lng': 121.000227}, {'lat': 14.5640904, 'lng': 121.0003351}, {'lat': 14.5641453, 'lng': 121.0004432}, {'lat': 14.5642003, 'lng': 121.0005513}, {'lat': 14.5642552, 'lng': 121.0006595}, {'lat': 14.5642507, 'lng': 121.0007488}, {'lat': 14.5641436, 'lng': 121.0008058}, {'lat': 14.5640365, 'lng': 121.0008627}, {'lat': 14.5639294, 'lng': 121.0009197}, {'lat': 14.5638555, 'lng': 121.0009812}, {'lat': 14.5639429, 'lng': 121.0010653}, {'lat': 14.5640304, 'lng': 121.0011493}, {'lat': 14.5641178, 'lng': 121.0012334}]",1,1770595202000,90,,408.784,
route-regenerated-synthetic-04-05,synthetic-04-05,Regenerated Route,"[{'lat': 14.5633467, 'lng': 120.9988721}, {'lat': 14.5632989, 'lng': 120.9987613}, {'lat': 14.5632511, 'lng': 120.9986504}, {'lat': 14.5632032, 'lng': 120.9985396}, {'lat': 14.5631044, 'lng': 120.9985373}, {'lat': 14.5629885, 'lng': 120.998571}, {'lat': 14.5628726, 'lng': 120.9986048}, {'lat': 14.5627581, 'lng': 120.9986427}, {'lat': 14.562646, 'lng': 120.9986874}, {'lat': 14.5625339, 'lng': 120.9987322}, {'lat': 14.5624218, 'lng': 120.998777}, {'lat': 14.562312, 'lng': 120.9988272}, {'lat': 14.5622029, 'lng': 120.9988788}, {'lat': 14.5620938, 'lng': 120.9989304}, {'lat': 14.5619988, 'lng': 120.9990037}, {'lat': 14.5619958, 'lng': 120.9990899}, {'lat': 14.5620816, 'lng': 120.9991749}, {'lat': 14.5621673, 'lng': 120.9992599}, {'lat': 14.5622531, 'lng': 120.9993448}, {'lat': 14.5623388, 'lng': 120.9994298}, {'lat': 14.5624246, 'lng': 120.9995147}, {'lat': 14.5625104, 'lng': 120.9995997}, {'lat': 14.5625962, 'lng': 120.9996846}, {'lat': 14.5626819, 'lng': 120.9997696}, {'lat': 14.5627677, 'lng': 120.9998545}, {'lat': 14.5628517, 'lng': 120.999941}, {'lat': 14.5629297, 'lng': 121.0000332}, {'lat': 14.5630076, 'lng': 121.0001254}, {'lat': 14.5630867, 'lng': 121.0002165}, {'lat': 14.5631749, 'lng': 121.0002989}, {'lat': 14.5632631, 'lng': 121.0003813}, {'lat': 14.563351, 'lng': 121.0004641}, {'lat': 14.5634341, 'lng': 121.0005516}, {'lat': 14.5635173, 'lng': 121.0006391}, {'lat': 14.5636004, 'lng': 121.0007266}, {'lat': 14.5636854, 'lng': 121.0008123}, {'lat': 14.5637709, 'lng': 121.0008975}, {'lat': 14.5638567, 'lng': 121.0009824}, {'lat': 14.5639438, 'lng': 121.0010661}, {'lat': 14.5640308, 'lng': 121.0011497}, {'lat': 14.5641178, 'lng': 121.0012334}]",2,1770595221000,90,90,408.784,529.418
route-initial-synthetic-04-06,synthetic-04-06,Initial Route,"[{'lat': 14.5618298, 'lng': 120.9968042}, {'lat': 14.5617164, 'lng': 120.9968466}, {'lat': 14.561603, 'lng': 120.996889}, {'lat': 14.5614895, 'lng': 120.9969314}, {'lat': 14.5613761, 'lng': 120.9969738}, {'lat': 14.5612627, 'lng': 120.9970163}, {'lat': 14.5611487, 'lng': 120.997057}, {'lat': 14.5610348, 'lng': 120.9970981}, {'lat': 14.5609209, 'lng': 120.9971392}, {'lat': 14.560807, 'lng': 120.9971804}, {'lat': 14.560693, 'lng': 120.9972211}, {'lat': 14.5605789, 'lng': 120.9972616}, {'lat': 14.5604649, 'lng': 120.9973025}, {'lat': 14.5603513, 'lng': 120.9973443}, {'lat': 14.5602377, 'lng': 120.9973864}, {'lat': 14.5601238, 'lng': 120.9974275}, {'lat': 14.5600101, 'lng': 120.997469}, {'lat': 14.5598963, 'lng': 120.9975105}, {'lat': 14.5597836, 'lng': 120.9975547}, {'lat': 14.5596713, 'lng': 120.9976001}, {'lat': 14.5595589, 'lng': 120.997645}, {'lat': 14.5594424, 'lng': 120.9976777}, {'lat': 14.5593251, 'lng': 120.9977077}, {'lat': 14.5592078, 'lng': 120.9977378}, {'lat': 14.5590906, 'lng': 120.9977679}, {'lat': 14.5589733, 'lng': 120.9977979}, {'lat': 14.558856, 'lng': 120.997828}, {'lat': 14.5587387, 'lng': 120.9978581}, {'lat': 14.558623, 'lng': 120.9978936}, {'lat': 14.5585087, 'lng': 120.9979336}, {'lat': 14.5583944, 'lng': 120.9979736}, {'lat': 14.5582801, 'lng': 120.9980136}, {'lat': 14.5581658, 'lng': 120.9980535}, {'lat': 14.5580515, 'lng': 120.9980935}, {'lat': 14.5579373, 'lng': 120.9981335}, {'lat': 14.557823, 'lng': 120.9981735}, {'lat': 14.5577074, 'lng': 120.9982094}, {'lat': 14.5575907, 'lng': 120.9982417}, {'lat': 14.557474, 'lng': 120.998274}, {'lat': 14.5573573, 'lng': 120.9983064}, {'lat': 14.5572406, 'lng': 120.9983387}, {'lat': 14.5571239, 'lng': 120.998371}, {'lat': 14.5570072, 'lng': 120.9984033}, {'lat': 14.5568905, 'lng': 120.9984356}, {'lat': 14.5567732, 'lng': 120.9984653}]",1,1771210802000,90,,590.1,
route-initial-synthetic-04-07,synthetic-04-07,Initial Route,"[{'lat': 14.5643695, 'lng': 120.9943615}, {'lat': 14.5642655, 'lng': 120.9943292}, {'lat': 14.5641224, 'lng': 120.9943955}, {'lat': 14.5639792, 'lng': 120.9944617}, {'lat': 14.5638372, 'lng': 120.9945304}, {'lat': 14.5636964, 'lng': 120.9946015}, {'lat': 14.5635552, 'lng': 120.9946718}, {'lat': 14.5634122, 'lng': 120.9947384}, {'lat': 14.5632693, 'lng': 120.9948051}, {'lat': 14.563126, 'lng': 120.9948711}, {'lat': 14.5629833, 'lng': 120.9949383}, {'lat': 14.5628406, 'lng': 120.9950055}, {'lat': 14.5626978, 'lng': 120.9950726}, {'lat': 14.5625994, 'lng': 120.9951546}, {'lat': 14.562599, 'lng': 120.9951636}, {'lat': 14.562517, 'lng': 120.9951239}, {'lat': 14.5623671, 'lng': 120.9951733}, {'lat': 14.562215, 'lng': 120.9952148}, {'lat': 14.5620623, 'lng': 120.9952544}, {'lat': 14.5619096, 'lng': 120.9952939}, {'lat': 14.5617569, 'lng': 120.9953335}, {'lat': 14.5616042, 'lng': 120.9953731}, {'lat': 14.5614515, 'lng': 120.9954126}, {'lat': 14.5612988, 'lng': 120.9954522}, {'lat': 14.5611461, 'lng': 120.9954918}, {'lat': 14.5609934, 'lng': 120.9955313}, {'lat': 14.5609181, 'lng': 120.9955489}, {'lat': 14.5607643, 'lng': 120.9955842}, {'lat': 14.5606104, 'lng': 120.9956185}, {'lat': 14.5604564, 'lng': 120.9956527}, {'lat': 14.5603024, 'lng': 120.995687}, {'lat': 14.5601879, 'lng': 120.9957464}, {'lat': 14.5601648, 'lng': 120.9956117}, {'lat': 14.5601405, 'lng': 120.9954558}, {'lat': 14.5601163, 'lng': 120.9952999}, {'lat': 14.5600922, 'lng': 120.9951441}, {'lat': 14.5600683, 'lng': 120.9949881}, {'lat': 14.5600432, 'lng': 120.9948324}, {'lat': 14.5600161, 'lng': 120.994677}, {'lat': 14.5599892, 'lng': 120.9945216}, {'lat': 14.5599632, 'lng': 120.994366}, {'lat': 14.5599373, 'lng': 120.9942104}, {'lat': 14.5599113, 'lng': 120.9940548}, {'lat': 14.5598853, 'lng': 120.9938992}, {'lat': 14.5598594, 'lng': 120.9937436}, {'lat': 14.5598334, 'lng': 120.993588}, {'lat': 14.5598075, 'lng': 120.9934324}, {'lat': 14.5597815, 'lng': 120.9932768}, {'lat': 14.5597556, 'lng': 120.9931212}, {'lat': 14.5597296, 'lng': 120.9929656}]",1,1771815602000,90,,844.5,
route-initial-synthetic-04-08,synthetic-04-08,Initial Route,"[{'lat': 14.570849, 'lng': 120.9935069}, {'lat': 14.5708054, 'lng': 120.9933918}, {'lat': 14.5707618, 'lng': 120.9932767}, {'lat': 14.5707182, 'lng': 120.9931616}, {'lat': 14.5706746, 'lng': 120.9930465}, {'lat': 14.5706309, 'lng': 120.9929315}, {'lat': 14.5705873, 'lng': 120.9928164}, {'lat': 14.5705437, 'lng': 120.9927013}, {'lat': 14.5705001, 'lng': 120.9925862}, {'lat': 14.5704644, 'lng': 120.992474}, {'lat': 14.5705725, 'lng': 120.9924152}, {'lat': 14.5706807, 'lng': 120.9923565}, {'lat': 14.5707889, 'lng': 120.9922978}, {'lat': 14.570897, 'lng': 120.9922391}, {'lat': 14.571005, 'lng': 120.99218}, {'lat': 14.5710874, 'lng': 120.9921182}, {'lat': 14.5709911, 'lng': 120.9920415}, {'lat': 14.5708938, 'lng': 120.9919662}, {'lat': 14.5707981, 'lng': 120.9918888}, {'lat': 14.5707026, 'lng': 120.9918112}, {'lat': 14.5705943, 'lng': 120.9917533}, {'lat': 14.5704841, 'lng': 120.9916986}, {'lat': 14.570399, 'lng': 120.9916221}, {'lat': 14.5704245, 'lng': 120.991531}, {'lat': 14.5705334, 'lng': 120.9914736}, {'lat': 14.5706423, 'lng': 120.9914163}]",1,1772420402000,90,,336.0,
route-initial-synthetic-04-09,synthetic-04-09,Initial Route,"[{'lat': 14.5643695, 'lng': 120.9943615}, {'lat': 14.5644418, 'lng': 120.9944098}, {'lat': 14.5645525, 'lng': 120.9943574}, {'lat': 14.5646627, 'lng': 120.9943041}, {'lat': 14.5647729, 'lng': 120.9942509}, {'lat': 14.5648832, 'lng': 120.9941977}, {'lat': 14.5649934, 'lng': 120.9941445}, {'lat': 14.5651037, 'lng': 120.9940913}, {'lat': 14.565215, 'lng': 120.9940405}, {'lat': 14.5653268, 'lng': 120.9939905}, {'lat': 14.5653297, 'lng': 120.9939165}, {'lat': 14.5654133, 'lng': 120.9939535}, {'lat': 14.5655258, 'lng': 120.9939051}, {'lat': 14.5656364, 'lng': 120.9938527}, {'lat': 14.5657468, 'lng': 120.9937998}, {'lat': 14.5658093, 'lng': 120.9938771}, {'lat': 14.5658582, 'lng': 120.9939894}, {'lat': 14.565907, 'lng': 120.9941016}, {'lat': 14.5659559, 'lng': 120.9942139}, {'lat': 14.5660048, 'lng': 120.9943261}, {'lat': 14.5660536, 'lng': 120.9944384}, {'lat': 14.5661062, 'lng': 120.9945407}, {'lat': 14.5662171, 'lng': 120.9944887}, {'lat': 14.5663278, 'lng': 120.9944365}, {'lat': 14.5664382, 'lng': 120.9943835}, {'lat': 14.5665485, 'lng': 120.9943305}, {'lat': 14.5666587, 'lng': 120.9942773}, {'lat': 14.566769, 'lng': 120.9942241}, {'lat': 14.5668794, 'lng': 120.9941712}, {'lat': 14.5669899, 'lng': 120.9941187}, {'lat': 14.5671005, 'lng': 120.9940662}, {'lat': 14.5672111, 'lng': 120.9940137}, {'lat': 14.5673221, 'lng': 120.993962}, {'lat': 14.5674334, 'lng': 120.9939109}, {'lat': 14.5675446, 'lng': 120.9938599}, {'lat': 14.5676559, 'lng': 120.9938088}, {'lat': 14.5677671, 'lng': 120.9937577}]",1,1773025202000,90,,483.7,
route-initial-synthetic-04-10,synthetic-04-10,Initial Route,"[{'lat': 14.5587681, 'lng': 120.996085}, {'lat': 14.5588512, 'lng': 120.996111}, {'lat': 14.5589689, 'lng': 120.9960838}, {'lat': 14.5590865, 'lng': 120.9960567}, {'lat': 14.5592041, 'lng': 120.9960296}, {'lat': 14.5593218, 'lng': 120.9960025}, {'lat': 14.5594394, 'lng': 120.9959754}, {'lat': 14.559557, 'lng': 120.9959483}, {'lat': 14.5596746, 'lng': 120.995921}, {'lat': 14.5597922, 'lng': 120.9958937}, {'lat': 14.5599098, 'lng': 120.9958664}, {'lat': 14.5600274, 'lng': 120.9958391}, {'lat': 14.560145, 'lng': 120.9958119}, {'lat': 14.5601856, 'lng': 120.9957361}, {'lat': 14.5601656, 'lng': 120.995617}, {'lat': 14.5601471, 'lng': 120.9954978}, {'lat': 14.5601285, 'lng': 120.9953785}, {'lat': 14.56011, 'lng': 120.9952592}, {'lat': 14.5600915, 'lng': 120.9951399}, {'lat': 14.5600733, 'lng': 120.9950206}, {'lat': 14.560055, 'lng': 120.9949012}, {'lat': 14.5600345, 'lng': 120.9947823}, {'lat': 14.5600137, 'lng': 120.9946634}, {'lat': 14.5599931, 'lng': 120.9945444}, {'lat': 14.5600959, 'lng': 120.994499}, {'lat': 14.5602102, 'lng': 120.9944601}, {'lat': 14.5603163, 'lng': 120.9944025}, {'lat': 14.5604223, 'lng': 120.9943449}, {'lat': 14.5605284, 'lng': 120.9942872}, {'lat': 14.5606345, 'lng': 120.9942296}, {'lat': 14.5607405, 'lng': 120.9941719}, {'lat': 14.5608466, 'lng': 120.9941143}, {'lat': 14.5609524, 'lng': 120.9940562}, {'lat': 14.5610579, 'lng': 120.9939974}, {'lat': 14.5611616, 'lng': 120.9939357}, {'lat': 14.5612254, 'lng': 120.9938469}, {'lat': 14.5612184, 'lng': 120.9938952}, {'lat': 14.5612719, 'lng': 120.9940021}, {'lat': 14.5613312, 'lng': 120.9941072}, {'lat': 14.561407, 'lng': 120.9941998}, {'lat': 14.5614892, 'lng': 120.9941456}, {'lat': 14.5614876, 'lng': 120.9940559}, {'lat': 14.5614096, 'lng': 120.9939638}, {'lat': 14.561341, 'lng': 120.9938645}, {'lat': 14.5612841, 'lng': 120.9937582}, {'lat': 14.5612306, 'lng': 120.9938113}]",1,1773630002000,90,,593.8,
route-initial-synthetic-04-11,synthetic-04-11,Initial Route,"[{'lat': 14.5618298, 'lng': 120.9968042}, {'lat': 14.5617164, 'lng': 120.9968466}, {'lat': 14.561603, 'lng': 120.996889}, {'lat': 14.5614895, 'lng': 120.9969314}, {'lat': 14.5613761, 'lng': 120.9969738}, {'lat': 14.5612627, 'lng': 120.9970163}, {'lat': 14.5611487, 'lng': 120.997057}, {'lat': 14.5610348, 'lng': 120.9970981}, {'lat': 14.5609209, 'lng': 120.9971392}, {'lat': 14.560807, 'lng': 120.9971804}, {'lat': 14.560693, 'lng': 120.9972211}, {'lat': 14.5605789, 'lng': 120.9972616}, {'lat': 14.5604649, 'lng': 120.9973025}, {'lat': 14.5603513, 'lng': 120.9973443}, {'lat': 14.5602377, 'lng': 120.9973864}, {'lat': 14.5601238, 'lng': 120.9974275}, {'lat': 14.5600101, 'lng': 120.997469}, {'lat': 14.5598963, 'lng': 120.9975105}, {'lat': 14.5597836, 'lng': 120.9975547}, {'lat': 14.5596713, 'lng': 120.9976001}, {'lat': 14.5595589, 'lng': 120.997645}, {'lat': 14.5594424, 'lng': 120.9976777}, {'lat': 14.5593251, 'lng': 120.9977077}, {'lat': 14.5592078, 'lng': 120.9977378}, {'lat': 14.5590906, 'lng': 120.9977679}, {'lat': 14.5589733, 'lng': 120.9977979}, {'lat': 14.558856, 'lng': 120.997828}, {'lat': 14.5587387, 'lng': 120.9978581}, {'lat': 14.558623, 'lng': 120.9978936}, {'lat': 14.5585087, 'lng': 120.9979336}, {'lat': 14.5583944, 'lng': 120.9979736}, {'lat': 14.5582801, 'lng': 120.9980136}, {'lat': 14.5581658, 'lng': 120.9980535}, {'lat': 14.5580515, 'lng': 120.9980935}, {'lat': 14.5579373, 'lng': 120.9981335}, {'lat': 14.557823, 'lng': 120.9981735}, {'lat': 14.5577074, 'lng': 120.9982094}, {'lat': 14.5575907, 'lng': 120.9982417}, {'lat': 14.557474, 'lng': 120.998274}, {'lat': 14.5573573, 'lng': 120.9983064}, {'lat': 14.5572406, 'lng': 120.9983387}, {'lat': 14.5571239, 'lng': 120.998371}, {'lat': 14.5570072, 'lng': 120.9984033}, {'lat': 14.5568905, 'lng': 120.9984356}, {'lat': 14.5567732, 'lng': 120.9984653}]",1,1774234802000,90,,590.1,
route-initial-synthetic-05-00,synthetic-05-00,Initial Route,"[{'lat': 14.5633467, 'lng': 120.9988721}, {'lat': 14.5632987, 'lng': 120.9987607}, {'lat': 14.5632506, 'lng': 120.9986494}, {'lat': 14.5632026, 'lng': 120.998538}, {'lat': 14.5632281, 'lng': 120.9985972}, {'lat': 14.5632761, 'lng': 120.9987085}, {'lat': 14.5633242, 'lng': 120.9988199}, {'lat': 14.5633759, 'lng': 120.9989295}, {'lat': 14.5634309, 'lng': 120.9990376}, {'lat': 14.5634859, 'lng': 120.9991457}, {'lat': 14.5635408, 'lng': 120.9992539}, {'lat': 14.5635958, 'lng': 120.999362}, {'lat': 14.5636507, 'lng': 120.9994701}, {'lat': 14.5637057, 'lng': 120.9995782}, {'lat': 14.5637606, 'lng': 120.9996864}, {'lat': 14.5638156, 'lng': 120.9997945}, {'lat': 14.5638705, 'lng': 120.9999026}, {'lat': 14.5639255, 'lng': 121.0000107}, {'lat': 14.5639804, 'lng': 121.0001189}, {'lat': 14.5640354, 'lng': 121.000227}, {'lat': 14.5640904, 'lng': 121.0003351}, {'lat': 14.5641453, 'lng': 121.0004432}, {'lat': 14.5642003, 'lng': 121.0005513}, {'lat': 14.5642552, 'lng': 121.0006595}, {'lat': 14.5642507, 'lng': 121.0007488}, {'lat': 14.5641436, 'lng': 121.0008058}, {'lat': 14.5640365, 'lng': 121.0008627}, {'lat': 14.5639294, 'lng': 121.0009197}, {'lat': 14.5638555, 'lng': 121.0009812}, {'lat': 14.5639429, 'lng': 121.0010653}, {'lat': 14.5640304, 'lng': 121.0011493}, {'lat': 14.5641178, 'lng': 121.0012334}]",1,1767571205000,90,,408.784,
route-regenerated-synthetic-05-00,synthetic-05-00,Regenerated Route,"[{'lat': 14.5633467, 'lng': 120.9988721}, {'lat': 14.5632989, 'lng': 120.9987613}, {'lat': 14.5632511, 'lng': 120.9986504}, {'lat': 14.5632032, 'lng': 120.9985396}, {'lat': 14.5631044, 'lng': 120.9985373}, {'lat': 14.5629885, 'lng': 120.998571}, {'lat': 14.5628726, 'lng': 120.9986048}, {'lat': 14.5627581, 'lng': 120.9986427}, {'lat': 14.562646, 'lng': 120.9986874}, {'lat': 14.5625339, 'lng': 120.9987322}, {'lat': 14.5624218, 'lng': 120.998777}, {'lat': 14.562312, 'lng': 120.9988272}, {'lat': 14.5622029, 'lng': 120.9988788}, {'lat': 14.5620938, 'lng': 120.9989304}, {'lat': 14.5619988, 'lng': 120.9990037}, {'lat': 14.5619958, 'lng': 120.9990899}, {'lat': 14.5620816, 'lng': 120.9991749}, {'lat': 14.5621673, 'lng': 120.9992599}, {'lat': 14.5622531, 'lng': 120.9993448}, {'lat': 14.5623388, 'lng': 120.9994298}, {'lat': 14.5624246, 'lng': 120.9995147}, {'lat': 14.5625104, 'lng': 120.9995997}, {'lat': 14.5625962, 'lng': 120.9996846}, {'lat': 14.5626819, 'lng': 120.9997696}, {'lat': 14.5627677, 'lng': 120.9998545}, {'lat': 14.5628517, 'lng': 120.999941}, {'lat': 14.5629297, 'lng': 121.0000332}, {'lat': 14.5630076, 'lng': 121.0001254}, {'lat': 14.5630867, 'lng': 121.0002165}, {'lat': 14.5631749, 'lng': 121.0002989}, {'lat': 14.5632631, 'lng': 121.0003813}, {'lat': 14.563351, 'lng': 121.0004641}, {'lat': 14.5634341, 'lng': 121.0005516}, {'lat': 14.5635173, 'lng': 121.0006391}, {'lat': 14.5636004, 'lng': 121.0007266}, {'lat': 14.5636854, 'lng': 121.0008123}, {'lat': 14.5637709, 'lng': 121.0008975}, {'lat': 14.5638567, 'lng': 121.0009824}, {'lat': 14.5639438, 'lng': 121.0010661}, {'lat': 14.5640308, 'lng': 121.0011497}, {'lat': 14.5641178, 'lng': 121.0012334}]",2,1767571224000,90,90,408.784,529.418
route-initial-synthetic-05-01,synthetic-05-01,Initial Route,"[{'lat': 14.5609964, 'lng': 120.9955721}, {'lat': 14.5614389, 'lng': 120.9955053}, {'lat': 14.5619111, 'lng': 120.9953898}, {'lat': 14.5623829, 'lng': 120.995273}, {'lat': 14.5628458, 'lng': 120.9951368}, {'lat': 14.5632913, 'lng': 120.9949423}, {'lat': 14.5637369, 'lng': 120.9947482}, {'lat': 14.564175, 'lng': 120.9945378}, {'lat': 14.5644792, 'lng': 120.9943923}, {'lat': 14.5649171, 'lng': 120.9941813}, {'lat': 14.5653581, 'lng': 120.9939772}, {'lat': 14.5649912, 'lng': 120.9939877}, {'lat': 14.5645518, 'lng': 120.9941955}, {'lat': 14.5642463, 'lng': 120.9943381}, {'lat': 14.5638067, 'lng': 120.9945454}, {'lat': 14.5633697, 'lng': 120.9947583}, {'lat': 14.5629292, 'lng': 120.9949637}, {'lat': 14.5625959, 'lng': 120.9952271}, {'lat': 14.5624453, 'lng': 120.9948039}, {'lat': 14.5620387, 'lng': 120.9945376}, {'lat': 14.5616565, 'lng': 120.9942426}, {'lat': 14.5614362, 'lng': 120.9939958}, {'lat': 14.561267, 'lng': 120.9937375}, {'lat': 14.5611845, 'lng': 120.9932601}, {'lat': 14.5610639, 'lng': 120.9927902}, {'lat': 14.5609126, 'lng': 120.9923297}, {'lat': 14.5607952, 'lng': 120.991858}, {'lat': 14.5606779, 'lng': 120.9913862}, {'lat': 14.5605607, 'lng': 120.9909145}, {'lat': 14.5604434, 'lng': 120.9904428}, {'lat': 14.5603262, 'lng': 120.989971}, {'lat': 14.5602089, 'lng': 120.9894993}, {'lat': 14.5600854, 'lng': 120.9890294}, {'lat': 14.5599642, 'lng': 120.9885587}, {'lat': 14.5598415, 'lng': 120.9880884}, {'lat': 14.5597187, 'lng': 120.987618}, {'lat': 14.559608, 'lng': 120.9872139}, {'lat': 14.5593921, 'lng': 120.9874968}, {'lat': 14.5589334, 'lng': 120.9876578}, {'lat': 14.558671, 'lng': 120.9877458}, {'lat': 14.5582786, 'lng': 120.9878231}, {'lat': 14.5582028, 'lng': 120.9879013}, {'lat': 14.5577391, 'lng': 120.988047}, {'lat': 14.5572753, 'lng': 120.9881926}, {'lat': 14.5568126, 'lng': 120.9883414}, {'lat': 14.5563522, 'lng': 120.9884974}, {'lat': 14.556085, 'lng': 120.9885842}, {'lat': 14.5556225, 'lng': 120.9887338}, {'lat': 14.5551599, 'lng': 120.9888829}, {'lat': 14.5547486, 'lng': 120.9888676}]",1,1768176005000,159,,2604.164,
route-regenerated-synthetic-05-01,synthetic-05-01,Regenerated Route,"[{'lat': 14.5609964, 'lng': 120.9955721}, {'lat': 14.5612891, 'lng': 120.9955419}, {'lat': 14.5616116, 'lng': 120.9954631}, {'lat': 14.561934, 'lng': 120.9953842}, {'lat': 14.5622564, 'lng': 120.9953054}, {'lat': 14.562581, 'lng': 120.9952398}, {'lat': 14.5624359, 'lng': 120.9951506}, {'lat': 14.5621165, 'lng': 120.9952403}, {'lat': 14.5617952, 'lng': 120.9953236}, {'lat': 14.5614739, 'lng': 120.9954068}, {'lat': 14.5611526, 'lng': 120.9954901}, {'lat': 14.5609087, 'lng': 120.9955511}, {'lat': 14.5605849, 'lng': 120.9956241}, {'lat': 14.5602609, 'lng': 120.9956962}, {'lat': 14.5601557, 'lng': 120.9955535}, {'lat': 14.5601047, 'lng': 120.9952255}, {'lat': 14.5600544, 'lng': 120.9948974}, {'lat': 14.5599976, 'lng': 120.9945704}, {'lat': 14.5599427, 'lng': 120.9942431}, {'lat': 14.5598881, 'lng': 120.9939157}, {'lat': 14.5598335, 'lng': 120.9935883}, {'lat': 14.5597789, 'lng': 120.9932609}, {'lat': 14.5596991, 'lng': 120.9929768}, {'lat': 14.5593858, 'lng': 120.9930865}, {'lat': 14.5590689, 'lng': 120.993185}, {'lat': 14.558749, 'lng': 120.9932734}, {'lat': 14.5584254, 'lng': 120.9933471}, {'lat': 14.5581013, 'lng': 120.9934184}, {'lat': 14.5579401, 'lng': 120.9932092}, {'lat': 14.5578441, 'lng': 120.9928915}, {'lat': 14.5577475, 'lng': 120.9925739}, {'lat': 14.5576505, 'lng': 120.9922565}, {'lat': 14.5575535, 'lng': 120.9919391}, {'lat': 14.5574566, 'lng': 120.9916216}, {'lat': 14.5573596, 'lng': 120.9913042}, {'lat': 14.5572626, 'lng': 120.9909868}, {'lat': 14.5571535, 'lng': 120.9906934}, {'lat': 14.5570025, 'lng': 120.9904663}, {'lat': 14.5568932, 'lng': 120.9901529}, {'lat': 14.5567837, 'lng': 120.9898396}, {'lat': 14.5566742, 'lng': 120.9895262}, {'lat': 14.5565616, 'lng': 120.989214}, {'lat': 14.5564526, 'lng': 120.9889005}, {'lat': 14.5563455, 'lng': 120.9885864}, {'lat': 14.5562766, 'lng': 120.9885222}, {'lat': 14.5559608, 'lng': 120.9886244}, {'lat': 14.555645, 'lng': 120.9887265}, {'lat': 14.5553291, 'lng': 120.9888285}, {'lat': 14.5550133, 'lng': 120.9889305}, {'lat': 14.5547486, 'lng': 120.9888676}]",2,1768176034000,159,159,2604.164,1775.59
route-initial-synthetic-05-02,synthetic-05-02,Initial Route,"[{'lat': 14.5633467, 'lng': 120.9988721}, {'lat': 14.5632987, 'lng': 120.9987607}, {'lat': 14.5632506, 'lng': 120.9986494}, {'lat': 14.5632026, 'lng': 120.998538}, {'lat': 14.5632281, 'lng': 120.9985972}, {'lat': 14.5632761, 'lng': 120.9987085}, {'lat': 14.5633242, 'lng': 120.9988199}, {'lat': 14.5633759, 'lng': 120.9989295}, {'lat': 14.5634309, 'lng': 120.9990376}, {'lat': 14.5634859, 'lng': 120.9991457}, {'lat': 14.5635408, 'lng': 120.9992539}, {'lat': 14.5635958, 'lng': 120.999362}, {'lat': 14.5636507, 'lng': 120.9994701}, {'lat': 14.5637057, 'lng': 120.9995782}, {'lat': 14.5637606, 'lng': 120.9996864}, {'lat': 14.5638156, 'lng': 120.9997945}, {'lat': 14.5638705, 'lng': 120.9999026}, {'lat': 14.5639255, 'lng': 121.0000107}, {'lat': 14.5639804, 'lng': 121.0001189}, {'lat': 14.5640354, 'lng': 121.000227}, {'lat': 14.5640904, 'lng': 121.0003351}, {'lat': 14.5641453, 'lng': 121.0004432}, {'lat': 14.5642003, 'lng': 121.0005513}, {'lat': 14.5642552, 'lng': 121.0006595}, {'lat': 14.5642507, 'lng': 121.0007488}, {'lat': 14.5641436, 'lng': 121.0008058}, {'lat': 14.5640365, 'lng': 121.0008627}, {'lat': 14.5639294, 'lng': 121.0009197}, {'lat': 14.5638555, 'lng': 121.0009812}, {'lat': 14.5639429, 'lng': 121.0010653}, {'lat': 14.5640304, 'lng': 121.0011493}, {'lat': 14.5641178, 'lng': 121.0012334}]",1,1768780805000,90,,408.784,
route-regenerated-synthetic-05-02,synthetic-05-02,Regenerated Route,"[{'lat': 14.5633467, 'lng': 120.9988721}, {'lat': 14.5632989, 'lng': 120.9987613}, {'lat': 14.5632511, 'lng': 120.9986504}, {'lat': 14.5632032, 'lng': 120.9985396}, {'lat': 14.5631044, 'lng': 120.9985373}, {'lat': 14.5629885, 'lng': 120.998571}, {'lat': 14.5628726, 'lng': 120.9986048}, {'lat': 14.5627581, 'lng': 120.9986427}, {'lat': 14.562646, 'lng': 120.9986874}, {'lat': 14.5625339, 'lng': 120.9987322}, {'lat': 14.5624218, 'lng': 120.998777}, {'lat': 14.562312, 'lng': 120.9988272}, {'lat': 14.5622029, 'lng': 120.9988788}, {'lat': 14.5620938, 'lng': 120.9989304}, {'lat': 14.5619988, 'lng': 120.9990037}, {'lat': 14.5619958, 'lng': 120.9990899}, {'lat': 14.5620816, 'lng': 120.9991749}, {'lat': 14.5621673, 'lng': 120.9992599}, {'lat': 14.5622531, 'lng': 120.9993448}, {'lat': 14.5623388, 'lng': 120.9994298}, {'lat': 14.5624246, 'lng': 120.9995147}, {'lat': 14.5625104, 'lng': 120.9995997}, {'lat': 14.5625962, 'lng': 120.9996846}, {'lat': 14.5626819, 'lng': 120.9997696}, {'lat': 14.5627677, 'lng': 120.9998545}, {'lat': 14.5628517, 'lng': 120.999941}, {'lat': 14.5629297, 'lng': 121.0000332}, {'lat': 14.5630076, 'lng': 121.0001254}, {'lat': 14.5630867, 'lng': 121.0002165}, {'lat': 14.5631749, 'lng': 121.0002989}, {'lat': 14.5632631, 'lng': 121.0003813}, {'lat': 14.563351, 'lng': 121.0004641}, {'lat': 14.5634341, 'lng': 121.0005516}, {'lat': 14.5635173, 'lng': 121.0006391}, {'lat': 14.5636004, 'lng': 121.0007266}, {'lat': 14.5636854, 'lng': 121.0008123}, {'lat': 14.5637709, 'lng': 121.0008975}, {'lat': 14.5638567, 'lng': 121.0009824}, {'lat': 14.5639438, 'lng': 121.0010661}, {'lat': 14.5640308, 'lng': 121.0011497}, {'lat': 14.5641178, 'lng': 121.0012334}]",2,1768780824000,90,90,408.784,529.418
route-initial-synthetic-05-03,synthetic-05-03,Initial Route,"[{'lat': 14.5609964, 'lng': 120.9955721}, {'lat': 14.5614389, 'lng': 120.9955053}, {'lat': 14.5619111, 'lng': 120.9953898}, {'lat': 14.5623829, 'lng': 120.995273}, {'lat': 14.5628458, 'lng': 120.9951368}, {'lat': 14.5632913, 'lng': 120.9949423}, {'lat': 14.5637369, 'lng': 120.9947482}, {'lat': 14.564175, 'lng': 120.9945378}, {'lat': 14.5644792, 'lng': 120.9943923}, {'lat': 14.5649171, 'lng': 120.9941813}, {'lat': 14.5653581, 'lng': 120.9939772}, {'lat': 14.5649912, 'lng': 120.9939877}, {'lat': 14.5645518, 'lng': 120.9941955}, {'lat': 14.5642463, 'lng': 120.9943381}, {'lat': 14.5638067, 'lng': 120.9945454}, {'lat': 14.5633697, 'lng': 120.9947583}, {'lat': 14.5629292, 'lng': 120.9949637}, {'lat': 14.5625959, 'lng': 120.9952271}, {'lat': 14.5624453, 'lng': 120.9948039}, {'lat': 14.5620387, 'lng': 120.9945376}, {'lat': 14.5616565, 'lng': 120.9942426}, {'lat': 14.5614362, 'lng': 120.9939958}, {'lat': 14.561267, 'lng': 120.9937375}, {'lat': 14.5611845, 'lng': 120.9932601}, {'lat': 14.5610639, 'lng': 120.9927902}, {'lat': 14.5609126, 'lng': 120.9923297}, {'lat': 14.5607952, 'lng': 120.991858}, {'lat': 14.5606779, 'lng': 120.9913862}, {'lat': 14.5605607, 'lng': 120.9909145}, {'lat': 14.5604434, 'lng': 120.9904428}, {'lat': 14.5603262, 'lng': 120.989971}, {'lat': 14.5602089, 'lng': 120.9894993}, {'lat': 14.5600854, 'lng': 120.9890294}, {'lat': 14.5599642, 'lng': 120.9885587}, {'lat': 14.5598415, 'lng': 120.9880884}, {'lat': 14.5597187, 'lng': 120.987618}, {'lat': 14.559608, 'lng': 120.9872139}, {'lat': 14.5593921, 'lng': 120.9874968}, {'lat': 14.5589334, 'lng': 120.9876578}, {'lat': 14.558671, 'lng': 120.9877458}, {'lat': 14.5582786, 'lng': 120.9878231}, {'lat': 14.5582028, 'lng': 120.9879013}, {'lat': 14.5577391, 'lng': 120.988047}, {'lat': 14.5572753, 'lng': 120.9881926}, {'lat': 14.5568126, 'lng': 120.9883414}, {'lat': 14.5563522, 'lng': 120.9884974}, {'lat': 14.556085, 'lng': 120.9885842}, {'lat': 14.5556225, 'lng': 120.9887338}, {'lat': 14.5551599, 'lng': 120.9888829}, {'lat': 14.5547486, 'lng': 120.9888676}]",1,1769385605000,174,,2604.164,
route-regenerated-synthetic-05-03,synthetic-05-03,Regenerated Route,"[{'lat': 14.5609964, 'lng': 120.9955721}, {'lat': 14.5612891, 'lng': 120.9955419}, {'lat': 14.5616116, 'lng': 120.9954631}, {'lat': 14.561934, 'lng': 120.9953842}, {'lat': 14.5622564, 'lng': 120.9953054}, {'lat': 14.562581, 'lng': 120.9952398}, {'lat': 14.5624359, 'lng': 120.9951506}, {'lat': 14.5621165, 'lng': 120.9952403}, {'lat': 14.5617952, 'lng': 120.9953236}, {'lat': 14.5614739, 'lng': 120.9954068}, {'lat': 14.5611526, 'lng': 120.9954901}, {'lat': 14.5609087, 'lng': 120.9955511}, {'lat': 14.5605849, 'lng': 120.9956241}, {'lat': 14.5602609, 'lng': 120.9956962}, {'lat': 14.5601557, 'lng': 120.9955535}, {'lat': 14.5601047, 'lng': 120.9952255}, {'lat': 14.5600544, 'lng': 120.9948974}, {'lat': 14.5599976, 'lng': 120.9945704}, {'lat': 14.5599427, 'lng': 120.9942431}, {'lat': 14.5598881, 'lng': 120.9939157}, {'lat': 14.5598335, 'lng': 120.9935883}, {'lat': 14.5597789, 'lng': 120.9932609}, {'lat': 14.5596991, 'lng': 120.9929768}, {'lat': 14.5593858, 'lng': 120.9930865}, {'lat': 14.5590689, 'lng': 120.993185}, {'lat': 14.558749, 'lng': 120.9932734}, {'lat': 14.5584254, 'lng': 120.9933471}, {'lat': 14.5581013, 'lng': 120.9934184}, {'lat': 14.5579401, 'lng': 120.9932092}, {'lat': 14.5578441, 'lng': 120.9928915}, {'lat': 14.5577475, 'lng': 120.9925739}, {'lat': 14.5576505, 'lng': 120.9922565}, {'lat': 14.5575535, 'lng': 120.9919391}, {'lat': 14.5574566, 'lng': 120.9916216}, {'lat': 14.5573596, 'lng': 120.9913042}, {'lat': 14.5572626, 'lng': 120.9909868}, {'lat': 14.5571535, 'lng': 120.9906934}, {'lat': 14.5570025, 'lng': 120.9904663}, {'lat': 14.5568932, 'lng': 120.9901529}, {'lat': 14.5567837, 'lng': 120.9898396}, {'lat': 14.5566742, 'lng': 120.9895262}, {'lat': 14.5565616, 'lng': 120.989214}, {'lat': 14.5564526, 'lng': 120.9889005}, {'lat': 14.5563455, 'lng': 120.9885864}, {'lat': 14.5562766, 'lng': 120.9885222}, {'lat': 14.5559608, 'lng': 120.9886244}, {'lat': 14.555645, 'lng': 120.9887265}, {'lat': 14.5553291, 'lng': 120.9888285}, {'lat': 14.5550133, 'lng': 120.9889305}, {'lat': 14.5547486, 'lng': 120.9888676}]",2,1769385635000,174,174,2604.164,1775.59
route-initial-synthetic-05-04,synthetic-05-04,Initial Route,"[{'lat': 14.5633467, 'lng': 120.9988721}, {'lat': 14.5632987, 'lng': 120.9987607}, {'lat': 14.5632506, 'lng': 120.9986494}, {'lat': 14.5632026, 'lng': 120.998538}, {'lat': 14.5632281, 'lng': 120.9985972}, {'lat': 14.5632761, 'lng': 120.9987085}, {'lat': 14.5633242, 'lng': 120.9988199}, {'lat': 14.5633759, 'lng': 120.9989295}, {'lat': 14.5634309, 'lng': 120.9990376}, {'lat': 14.5634859, 'lng': 120.9991457}, {'lat': 14.5635408, 'lng': 120.9992539}, {'lat': 14.5635958, 'lng': 120.999362}, {'lat': 14.5636507, 'lng': 120.9994701}, {'lat': 14.5637057, 'lng': 120.9995782}, {'lat': 14.5637606, 'lng': 120.9996864}, {'lat': 14.5638156, 'lng': 120.9997945}, {'lat': 14.5638705, 'lng': 120.9999026}, {'lat': 14.5639255, 'lng': 121.0000107}, {'lat': 14.5639804, 'lng': 121.0001189}, {'lat': 14.5640354, 'lng': 121.000227}, {'lat': 14.5640904, 'lng': 121.0003351}, {'lat': 14.5641453, 'lng': 121.0004432}, {'lat': 14.5642003, 'lng': 121.0005513}, {'lat': 14.5642552, 'lng': 121.0006595}, {'lat': 14.5642507, 'lng': 121.0007488}, {'lat': 14.5641436, 'lng': 121.0008058}, {'lat': 14.5640365, 'lng': 121.0008627}, {'lat': 14.5639294, 'lng': 121.0009197}, {'lat': 14.5638555, 'lng': 121.0009812}, {'lat': 14.5639429, 'lng': 121.0010653}, {'lat': 14.5640304, 'lng': 121.0011493}, {'lat': 14.5641178, 'lng': 121.0012334}]",1,1769990405000,90,,408.784,
route-regenerated-synthetic-05-04,synthetic-05-04,Regenerated Route,"[{'lat': 14.5633467, 'lng': 120.9988721}, {'lat': 14.5632989, 'lng': 120.9987613}, {'lat': 14.5632511, 'lng': 120.9986504}, {'lat': 14.5632032, 'lng': 120.9985396}, {'lat': 14.5631044, 'lng': 120.9985373}, {'lat': 14.5629885, 'lng': 120.998571}, {'lat': 14.5628726, 'lng': 120.9986048}, {'lat': 14.5627581, 'lng': 120.9986427}, {'lat': 14.562646, 'lng': 120.9986874}, {'lat': 14.5625339, 'lng': 120.9987322}, {'lat': 14.5624218, 'lng': 120.998777}, {'lat': 14.562312, 'lng': 120.9988272}, {'lat': 14.5622029, 'lng': 120.9988788}, {'lat': 14.5620938, 'lng': 120.9989304}, {'lat': 14.5619988, 'lng': 120.9990037}, {'lat': 14.5619958, 'lng': 120.9990899}, {'lat': 14.5620816, 'lng': 120.9991749}, {'lat': 14.5621673, 'lng': 120.9992599}, {'lat': 14.5622531, 'lng': 120.9993448}, {'lat': 14.5623388, 'lng': 120.9994298}, {'lat': 14.5624246, 'lng': 120.9995147}, {'lat': 14.5625104, 'lng': 120.9995997}, {'lat': 14.5625962, 'lng': 120.9996846}, {'lat': 14.5626819, 'lng': 120.9997696}, {'lat': 14.5627677, 'lng': 120.9998545}, {'lat': 14.5628517, 'lng': 120.999941}, {'lat': 14.5629297, 'lng': 121.0000332}, {'lat': 14.5630076, 'lng': 121.0001254}, {'lat': 14.5630867, 'lng': 121.0002165}, {'lat': 14.5631749, 'lng': 121.0002989}, {'lat': 14.5632631, 'lng': 121.0003813}, {'lat': 14.563351, 'lng': 121.0004641}, {'lat': 14.5634341, 'lng': 121.0005516}, {'lat': 14.5635173, 'lng': 121.0006391}, {'lat': 14.5636004, 'lng': 121.0007266}, {'lat': 14.5636854, 'lng': 121.0008123}, {'lat': 14.5637709, 'lng': 121.0008975}, {'lat': 14.5638567, 'lng': 121.0009824}, {'lat': 14.5639438, 'lng': 121.0010661}, {'lat': 14.5640308, 'lng': 121.0011497}, {'lat': 14.5641178, 'lng': 121.0012334}]",2,1769990424000,90,90,408.784,529.418
route-initial-synthetic-05-05,synthetic-05-05,Initial Route,"[{'lat': 14.5609964, 'lng': 120.9955721}, {'lat': 14.5614389, 'lng': 120.9955053}, {'lat': 14.5619111, 'lng': 120.9953898}, {'lat': 14.5623829, 'lng': 120.995273}, {'lat': 14.5628458, 'lng': 120.9951368}, {'lat': 14.5632913, 'lng': 120.9949423}, {'lat': 14.5637369, 'lng': 120.9947482}, {'lat': 14.564175, 'lng': 120.9945378}, {'lat': 14.5644792, 'lng': 120.9943923}, {'lat': 14.5649171, 'lng': 120.9941813}, {'lat': 14.5653581, 'lng': 120.9939772}, {'lat': 14.5649912, 'lng': 120.9939877}, {'lat': 14.5645518, 'lng': 120.9941955}, {'lat': 14.5642463, 'lng': 120.9943381}, {'lat': 14.5638067, 'lng': 120.9945454}, {'lat': 14.5633697, 'lng': 120.9947583}, {'lat': 14.5629292, 'lng': 120.9949637}, {'lat': 14.5625959, 'lng': 120.9952271}, {'lat': 14.5624453, 'lng': 120.9948039}, {'lat': 14.5620387, 'lng': 120.9945376}, {'lat': 14.5616565, 'lng': 120.9942426}, {'lat': 14.5614362, 'lng': 120.9939958}, {'lat': 14.561267, 'lng': 120.9937375}, {'lat': 14.5611845, 'lng': 120.9932601}, {'lat': 14.5610639, 'lng': 120.9927902}, {'lat': 14.5609126, 'lng': 120.9923297}, {'lat': 14.5607952, 'lng': 120.991858}, {'lat': 14.5606779, 'lng': 120.9913862}, {'lat': 14.5605607, 'lng': 120.9909145}, {'lat': 14.5604434, 'lng': 120.9904428}, {'lat': 14.5603262, 'lng': 120.989971}, {'lat': 14.5602089, 'lng': 120.9894993}, {'lat': 14.5600854, 'lng': 120.9890294}, {'lat': 14.5599642, 'lng': 120.9885587}, {'lat': 14.5598415, 'lng': 120.9880884}, {'lat': 14.5597187, 'lng': 120.987618}, {'lat': 14.559608, 'lng': 120.9872139}, {'lat': 14.5593921, 'lng': 120.9874968}, {'lat': 14.5589334, 'lng': 120.9876578}, {'lat': 14.558671, 'lng': 120.9877458}, {'lat': 14.5582786, 'lng': 120.9878231}, {'lat': 14.5582028, 'lng': 120.9879013}, {'lat': 14.5577391, 'lng': 120.988047}, {'lat': 14.5572753, 'lng': 120.9881926}, {'lat': 14.5568126, 'lng': 120.9883414}, {'lat': 14.5563522, 'lng': 120.9884974}, {'lat': 14.556085, 'lng': 120.9885842}, {'lat': 14.5556225, 'lng': 120.9887338}, {'lat': 14.5551599, 'lng': 120.9888829}, {'lat': 14.5547486, 'lng': 120.9888676}]",1,1770595205000,159,,2604.164,
route-regenerated-synthetic-05-05,synthetic-05-05,Regenerated Route,"[{'lat': 14.5609964, 'lng': 120.9955721}, {'lat': 14.5612891, 'lng': 120.9955419}, {'lat': 14.5616116, 'lng': 120.9954631}, {'lat': 14.561934, 'lng': 120.9953842}, {'lat': 14.5622564, 'lng': 120.9953054}, {'lat': 14.562581, 'lng': 120.9952398}, {'lat': 14.5624359, 'lng': 120.9951506}, {'lat': 14.5621165, 'lng': 120.9952403}, {'lat': 14.5617952, 'lng': 120.9953236}, {'lat': 14.5614739, 'lng': 120.9954068}, {'lat': 14.5611526, 'lng': 120.9954901}, {'lat': 14.5609087, 'lng': 120.9955511}, {'lat': 14.5605849, 'lng': 120.9956241}, {'lat': 14.5602609, 'lng': 120.9956962}, {'lat': 14.5601557, 'lng': 120.9955535}, {'lat': 14.5601047, 'lng': 120.9952255}, {'lat': 14.5600544, 'lng': 120.9948974}, {'lat': 14.5599976, 'lng': 120.9945704}, {'lat': 14.5599427, 'lng': 120.9942431}, {'lat': 14.5598881, 'lng': 120.9939157}, {'lat': 14.5598335, 'lng': 120.9935883}, {'lat': 14.5597789, 'lng': 120.9932609}, {'lat': 14.5596991, 'lng': 120.9929768}, {'lat': 14.5593858, 'lng': 120.9930865}, {'lat': 14.5590689, 'lng': 120.993185}, {'lat': 14.558749, 'lng': 120.9932734}, {'lat': 14.5584254, 'lng': 120.9933471}, {'lat': 14.5581013, 'lng': 120.9934184}, {'lat': 14.5579401, 'lng': 120.9932092}, {'lat': 14.5578441, 'lng': 120.9928915}, {'lat': 14.5577475, 'lng': 120.9925739}, {'lat': 14.5576505, 'lng': 120.9922565}, {'lat': 14.5575535, 'lng': 120.9919391}, {'lat': 14.5574566, 'lng': 120.9916216}, {'lat': 14.5573596, 'lng': 120.9913042}, {'lat': 14.5572626, 'lng': 120.9909868}, {'lat': 14.5571535, 'lng': 120.9906934}, {'lat': 14.5570025, 'lng': 120.9904663}, {'lat': 14.5568932, 'lng': 120.9901529}, {'lat': 14.5567837, 'lng': 120.9898396}, {'lat': 14.5566742, 'lng': 120.9895262}, {'lat': 14.5565616, 'lng': 120.989214}, {'lat': 14.5564526, 'lng': 120.9889005}, {'lat': 14.5563455, 'lng': 120.9885864}, {'lat': 14.5562766, 'lng': 120.9885222}, {'lat': 14.5559608, 'lng': 120.9886244}, {'lat': 14.555645, 'lng': 120.9887265}, {'lat': 14.5553291, 'lng': 120.9888285}, {'lat': 14.5550133, 'lng': 120.9889305}, {'lat': 14.5547486, 'lng': 120.9888676}]",2,1770595234000,159,159,2604.164,1775.59
route-initial-synthetic-05-06,synthetic-05-06,Initial Route,"[{'lat': 14.5643695, 'lng': 120.9943615}, {'lat': 14.5642655, 'lng': 120.9943292}, {'lat': 14.5641224, 'lng': 120.9943955}, {'lat': 14.5639792, 'lng': 120.9944617}, {'lat': 14.5638372, 'lng': 120.9945304}, {'lat': 14.5636964, 'lng': 120.9946015}, {'lat': 14.5635552, 'lng': 120.9946718}, {'lat': 14.5634122, 'lng': 120.9947384}, {'lat': 14.5632693, 'lng': 120.9948051}, {'lat': 14.563126, 'lng': 120.9948711}, {'lat': 14.5629833, 'lng': 120.9949383}, {'lat': 14.5628406, 'lng': 120.9950055}, {'lat': 14.5626978, 'lng': 120.9950726}, {'lat': 14.5625994, 'lng': 120.9951546}, {'lat': 14.562599, 'lng': 120.9951636}, {'lat': 14.562517, 'lng': 120.9951239}, {'lat': 14.5623671, 'lng': 120.9951733}, {'lat': 14.562215, 'lng': 120.9952148}, {'lat': 14.5620623, 'lng': 120.9952544}, {'lat': 14.5619096, 'lng': 120.9952939}, {'lat': 14.5617569, 'lng': 120.9953335}, {'lat': 14.5616042, 'lng': 120.9953731}, {'lat': 14.5614515, 'lng': 120.9954126}, {'lat': 14.5612988, 'lng': 120.9954522}, {'lat': 14.5611461, 'lng': 120.9954918}, {'lat': 14.5609934, 'lng': 120.9955313}, {'lat': 14.5609181, 'lng': 120.9955489}, {'lat': 14.5607643, 'lng': 120.9955842}, {'lat': 14.5606104, 'lng': 120.9956185}, {'lat': 14.5604564, 'lng': 120.9956527}, {'lat': 14.5603024, 'lng': 120.995687}, {'lat': 14.5601879, 'lng': 120.9957464}, {'lat': 14.5601648, 'lng': 120.9956117}, {'lat': 14.5601405, 'lng': 120.9954558}, {'lat': 14.5601163, 'lng': 120.9952999}, {'lat': 14.5600922, 'lng': 120.9951441}, {'lat': 14.5600683, 'lng': 120.9949881}, {'lat': 14.5600432, 'lng': 120.9948324}, {'lat': 14.5600161, 'lng': 120.994677}, {'lat': 14.5599892, 'lng': 120.9945216}, {'lat': 14.5599632, 'lng': 120.994366}, {'lat': 14.5599373, 'lng': 120.9942104}, {'lat': 14.5599113, 'lng': 120.9940548}, {'lat': 14.5598853, 'lng': 120.9938992}, {'lat': 14.5598594, 'lng': 120.9937436}, {'lat': 14.5598334, 'lng': 120.993588}, {'lat': 14.5598075, 'lng': 120.9934324}, {'lat': 14.5597815, 'lng': 120.9932768}, {'lat': 14.5597556, 'lng': 120.9931212}, {'lat': 14.5597296, 'lng': 120.9929656}]",1,1771210805000,90,,844.5,
route-initial-synthetic-05-07,synthetic-05-07,Initial Route,"[{'lat': 14.570849, 'lng': 120.9935069}, {'lat': 14.5708054, 'lng': 120.9933918}, {'lat': 14.5707618, 'lng': 120.9932767}, {'lat': 14.5707182, 'lng': 120.9931616}, {'lat': 14.5706746, 'lng': 120.9930465}, {'lat': 14.5706309, 'lng': 120.9929315}, {'lat': 14.5705873, 'lng': 120.9928164}, {'lat': 14.5705437, 'lng': 120.9927013}, {'lat': 14.5705001, 'lng': 120.9925862}, {'lat': 14.5704644, 'lng': 120.992474}, {'lat': 14.5705725, 'lng': 120.9924152}, {'lat': 14.5706807, 'lng': 120.9923565}, {'lat': 14.5707889, 'lng': 120.9922978}, {'lat': 14.570897, 'lng': 120.9922391}, {'lat': 14.571005, 'lng': 120.99218}, {'lat': 14.5710874, 'lng': 120.9921182}, {'lat': 14.5709911, 'lng': 120.9920415}, {'lat': 14.5708938, 'lng': 120.9919662}, {'lat': 14.5707981, 'lng': 120.9918888}, {'lat': 14.5707026, 'lng': 120.9918112}, {'lat': 14.5705943, 'lng': 120.9917533}, {'lat': 14.5704841, 'lng': 120.9916986}, {'lat': 14.570399, 'lng': 120.9916221}, {'lat': 14.5704245, 'lng': 120.991531}, {'lat': 14.5705334, 'lng': 120.9914736}, {'lat': 14.5706423, 'lng': 120.9914163}]",1,1771815605000,90,,336.0,
route-initial-synthetic-05-08,synthetic-05-08,Initial Route,"[{'lat': 14.5643695, 'lng': 120.9943615}, {'lat': 14.5644418, 'lng': 120.9944098}, {'lat': 14.5645525, 'lng': 120.9943574}, {'lat': 14.5646627, 'lng': 120.9943041}, {'lat': 14.5647729, 'lng': 120.9942509}, {'lat': 14.5648832, 'lng': 120.9941977}, {'lat': 14.5649934, 'lng': 120.9941445}, {'lat': 14.5651037, 'lng': 120.9940913}, {'lat': 14.565215, 'lng': 120.9940405}, {'lat': 14.5653268, 'lng': 120.9939905}, {'lat': 14.5653297, 'lng': 120.9939165}, {'lat': 14.5654133, 'lng': 120.9939535}, {'lat': 14.5655258, 'lng': 120.9939051}, {'lat': 14.5656364, 'lng': 120.9938527}, {'lat': 14.5657468, 'lng': 120.9937998}, {'lat': 14.5658093, 'lng': 120.9938771}, {'lat': 14.5658582, 'lng': 120.9939894}, {'lat': 14.565907, 'lng': 120.9941016}, {'lat': 14.5659559, 'lng': 120.9942139}, {'lat': 14.5660048, 'lng': 120.9943261}, {'lat': 14.5660536, 'lng': 120.9944384}, {'lat': 14.5661062, 'lng': 120.9945407}, {'lat': 14.5662171, 'lng': 120.9944887}, {'lat': 14.5663278, 'lng': 120.9944365}, {'lat': 14.5664382, 'lng': 120.9943835}, {'lat': 14.5665485, 'lng': 120.9943305}, {'lat': 14.5666587, 'lng': 120.9942773}, {'lat': 14.566769, 'lng': 120.9942241}, {'lat': 14.5668794, 'lng': 120.9941712}, {'lat': 14.5669899, 'lng': 120.9941187}, {'lat': 14.5671005, 'lng': 120.9940662}, {'lat': 14.5672111, 'lng': 120.9940137}, {'lat': 14.5673221, 'lng': 120.993962}, {'lat': 14.5674334, 'lng': 120.9939109}, {'lat': 14.5675446, 'lng': 120.9938599}, {'lat': 14.5676559, 'lng': 120.9938088}, {'lat': 14.5677671, 'lng': 120.9937577}]",1,1772420405000,90,,483.7,
route-initial-synthetic-05-09,synthetic-05-09,Initial Route,"[{'lat': 14.5587681, 'lng': 120.996085}, {'lat': 14.5588512, 'lng': 120.996111}, {'lat': 14.5589689, 'lng': 120.9960838}, {'lat': 14.5590865, 'lng': 120.9960567}, {'lat': 14.5592041, 'lng': 120.9960296}, {'lat': 14.5593218, 'lng': 120.9960025}, {'lat': 14.5594394, 'lng': 120.9959754}, {'lat': 14.559557, 'lng': 120.9959483}, {'lat': 14.5596746, 'lng': 120.995921}, {'lat': 14.5597922, 'lng': 120.9958937}, {'lat': 14.5599098, 'lng': 120.9958664}, {'lat': 14.5600274, 'lng': 120.9958391}, {'lat': 14.560145, 'lng': 120.9958119}, {'lat': 14.5601856, 'lng': 120.9957361}, {'lat': 14.5601656, 'lng': 120.995617}, {'lat': 14.5601471, 'lng': 120.9954978}, {'lat': 14.5601285, 'lng': 120.9953785}, {'lat': 14.56011, 'lng': 120.9952592}, {'lat': 14.5600915, 'lng': 120.9951399}, {'lat': 14.5600733, 'lng': 120.9950206}, {'lat': 14.560055, 'lng': 120.9949012}, {'lat': 14.5600345, 'lng': 120.9947823}, {'lat': 14.5600137, 'lng': 120.9946634}, {'lat': 14.5599931, 'lng': 120.9945444}, {'lat': 14.5600959, 'lng': 120.994499}, {'lat': 14.5602102, 'lng': 120.9944601}, {'lat': 14.5603163, 'lng': 120.9944025}, {'lat': 14.5604223, 'lng': 120.9943449}, {'lat': 14.5605284, 'lng': 120.9942872}, {'lat': 14.5606345, 'lng': 120.9942296}, {'lat': 14.5607405, 'lng': 120.9941719}, {'lat': 14.5608466, 'lng': 120.9941143}, {'lat': 14.5609524, 'lng': 120.9940562}, {'lat': 14.5610579, 'lng': 120.9939974}, {'lat': 14.5611616, 'lng': 120.9939357}, {'lat': 14.5612254, 'lng': 120.9938469}, {'lat': 14.5612184, 'lng': 120.9938952}, {'lat': 14.5612719, 'lng': 120.9940021}, {'lat': 14.5613312, 'lng': 120.9941072}, {'lat': 14.561407, 'lng': 120.9941998}, {'lat': 14.5614892, 'lng': 120.9941456}, {'lat': 14.5614876, 'lng': 120.9940559}, {'lat': 14.5614096, 'lng': 120.9939638}, {'lat': 14.561341, 'lng': 120.9938645}, {'lat': 14.5612841, 'lng': 120.9937582}, {'lat': 14.5612306, 'lng': 120.9938113}]",1,1773025205000,90,,593.8,
route-initial-synthetic-05-10,synthetic-05-10,Initial Route,"[{'lat': 14.5618298, 'lng': 120.9968042}, {'lat': 14.5617164, 'lng': 120.9968466}, {'lat': 14.561603, 'lng': 120.996889}, {'lat': 14.5614895, 'lng': 120.9969314}, {'lat': 14.5613761, 'lng': 120.9969738}, {'lat': 14.5612627, 'lng': 120.9970163}, {'lat': 14.5611487, 'lng': 120.997057}, {'lat': 14.5610348, 'lng': 120.9970981}, {'lat': 14.5609209, 'lng': 120.9971392}, {'lat': 14.560807, 'lng': 120.9971804}, {'lat': 14.560693, 'lng': 120.9972211}, {'lat': 14.5605789, 'lng': 120.9972616}, {'lat': 14.5604649, 'lng': 120.9973025}, {'lat': 14.5603513, 'lng': 120.9973443}, {'lat': 14.5602377, 'lng': 120.9973864}, {'lat': 14.5601238, 'lng': 120.9974275}, {'lat': 14.5600101, 'lng': 120.997469}, {'lat': 14.5598963, 'lng': 120.9975105}, {'lat': 14.5597836, 'lng': 120.9975547}, {'lat': 14.5596713, 'lng': 120.9976001}, {'lat': 14.5595589, 'lng': 120.997645}, {'lat': 14.5594424, 'lng': 120.9976777}, {'lat': 14.5593251, 'lng': 120.9977077}, {'lat': 14.5592078, 'lng': 120.9977378}, {'lat': 14.5590906, 'lng': 120.9977679}, {'lat': 14.5589733, 'lng': 120.9977979}, {'lat': 14.558856, 'lng': 120.997828}, {'lat': 14.5587387, 'lng': 120.9978581}, {'lat': 14.558623, 'lng': 120.9978936}, {'lat': 14.5585087, 'lng': 120.9979336}, {'lat': 14.5583944, 'lng': 120.9979736}, {'lat': 14.5582801, 'lng': 120.9980136}, {'lat': 14.5581658, 'lng': 120.9980535}, {'lat': 14.5580515, 'lng': 120.9980935}, {'lat': 14.5579373, 'lng': 120.9981335}, {'lat': 14.557823, 'lng': 120.9981735}, {'lat': 14.5577074, 'lng': 120.9982094}, {'lat': 14.5575907, 'lng': 120.9982417}, {'lat': 14.557474, 'lng': 120.998274}, {'lat': 14.5573573, 'lng': 120.9983064}, {'lat': 14.5572406, 'lng': 120.9983387}, {'lat': 14.5571239, 'lng': 120.998371}, {'lat': 14.5570072, 'lng': 120.9984033}, {'lat': 14.5568905, 'lng': 120.9984356}, {'lat': 14.5567732, 'lng': 120.9984653}]",1,1773630005000,90,,590.1,
route-initial-synthetic-05-11,synthetic-05-11,Initial Route,"[{'lat': 14.5643695, 'lng': 120.9943615}, {'lat': 14.5642655, 'lng': 120.9943292}, {'lat': 14.5641224, 'lng': 120.9943955}, {'lat': 14.5639792, 'lng': 120.9944617}, {'lat': 14.5638372, 'lng': 120.9945304}, {'lat': 14.5636964, 'lng': 120.9946015}, {'lat': 14.5635552, 'lng': 120.9946718}, {'lat': 14.5634122, 'lng': 120.9947384}, {'lat': 14.5632693, 'lng': 120.9948051}, {'lat': 14.563126, 'lng': 120.9948711}, {'lat': 14.5629833, 'lng': 120.9949383}, {'lat': 14.5628406, 'lng': 120.9950055}, {'lat': 14.5626978, 'lng': 120.9950726}, {'lat': 14.5625994, 'lng': 120.9951546}, {'lat': 14.562599, 'lng': 120.9951636}, {'lat': 14.562517, 'lng': 120.9951239}, {'lat': 14.5623671, 'lng': 120.9951733}, {'lat': 14.562215, 'lng': 120.9952148}, {'lat': 14.5620623, 'lng': 120.9952544}, {'lat': 14.5619096, 'lng': 120.9952939}, {'lat': 14.5617569, 'lng': 120.9953335}, {'lat': 14.5616042, 'lng': 120.9953731}, {'lat': 14.5614515, 'lng': 120.9954126}, {'lat': 14.5612988, 'lng': 120.9954522}, {'lat': 14.5611461, 'lng': 120.9954918}, {'lat': 14.5609934, 'lng': 120.9955313}, {'lat': 14.5609181, 'lng': 120.9955489}, {'lat': 14.5607643, 'lng': 120.9955842}, {'lat': 14.5606104, 'lng': 120.9956185}, {'lat': 14.5604564, 'lng': 120.9956527}, {'lat': 14.5603024, 'lng': 120.995687}, {'lat': 14.5601879, 'lng': 120.9957464}, {'lat': 14.5601648, 'lng': 120.9956117}, {'lat': 14.5601405, 'lng': 120.9954558}, {'lat': 14.5601163, 'lng': 120.9952999}, {'lat': 14.5600922, 'lng': 120.9951441}, {'lat': 14.5600683, 'lng': 120.9949881}, {'lat': 14.5600432, 'lng': 120.9948324}, {'lat': 14.5600161, 'lng': 120.994677}, {'lat': 14.5599892, 'lng': 120.9945216}, {'lat': 14.5599632, 'lng': 120.994366}, {'lat': 14.5599373, 'lng': 120.9942104}, {'lat': 14.5599113, 'lng': 120.9940548}, {'lat': 14.5598853, 'lng': 120.9938992}, {'lat': 14.5598594, 'lng': 120.9937436}, {'lat': 14.5598334, 'lng': 120.993588}, {'lat': 14.5598075, 'lng': 120.9934324}, {'lat': 14.5597815, 'lng': 120.9932768}, {'lat': 14.5597556, 'lng': 120.9931212}, {'lat': 14.5597296, 'lng': 120.9929656}]",1,1774234805000,90,,844.5,
route-initial-synthetic-06-00,synthetic-06-00,Initial Route,"[{'lat': 14.5609964, 'lng': 120.9955721}, {'lat': 14.5614389, 'lng': 120.9955053}, {'lat': 14.5619111, 'lng': 120.9953898}, {'lat': 14.5623829, 'lng': 120.995273}, {'lat': 14.5628458, 'lng': 120.9951368}, {'lat': 14.5632913, 'lng': 120.9949423}, {'lat': 14.5637369, 'lng': 120.9947482}, {'lat': 14.564175, 'lng': 120.9945378}, {'lat': 14.5644792, 'lng': 120.9943923}, {'lat': 14.5649171, 'lng': 120.9941813}, {'lat': 14.5653581, 'lng': 120.9939772}, {'lat': 14.5649912, 'lng': 120.9939877}, {'lat': 14.5645518, 'lng': 120.9941955}, {'lat': 14.5642463, 'lng': 120.9943381}, {'lat': 14.5638067, 'lng': 120.9945454}, {'lat': 14.5633697, 'lng': 120.9947583}, {'lat': 14.5629292, 'lng': 120.9949637}, {'lat': 14.5625959, 'lng': 120.9952271}, {'lat': 14.5624453, 'lng': 120.9948039}, {'lat': 14.5620387, 'lng': 120.9945376}, {'lat': 14.5616565, 'lng': 120.9942426}, {'lat': 14.5614362, 'lng': 120.9939958}, {'lat': 14.561267, 'lng': 120.9937375}, {'lat': 14.5611845, 'lng': 120.9932601}, {'lat': 14.5610639, 'lng': 120.9927902}, {'lat': 14.5609126, 'lng': 120.9923297}, {'lat': 14.5607952, 'lng': 120.991858}, {'lat': 14.5606779, 'lng': 120.9913862}, {'lat': 14.5605607, 'lng': 120.9909145}, {'lat': 14.5604434, 'lng': 120.9904428}, {'lat': 14.5603262, 'lng': 120.989971}, {'lat': 14.5602089, 'lng': 120.9894993}, {'lat': 14.5600854, 'lng': 120.9890294}, {'lat': 14.5599642, 'lng': 120.9885587}, {'lat': 14.5598415, 'lng': 120.9880884}, {'lat': 14.5597187, 'lng': 120.987618}, {'lat': 14.559608, 'lng': 120.9872139}, {'lat': 14.5593921, 'lng': 120.9874968}, {'lat': 14.5589334, 'lng': 120.9876578}, {'lat': 14.558671, 'lng': 120.9877458}, {'lat': 14.5582786, 'lng': 120.9878231}, {'lat': 14.5582028, 'lng': 120.9879013}, {'lat': 14.5577391, 'lng': 120.988047}, {'lat': 14.5572753, 'lng': 120.9881926}, {'lat': 14.5568126, 'lng': 120.9883414}, {'lat': 14.5563522, 'lng': 120.9884974}, {'lat': 14.556085, 'lng': 120.9885842}, {'lat': 14.5556225, 'lng': 120.9887338}, {'lat': 14.5551599, 'lng': 120.9888829}, {'lat': 14.5547486, 'lng': 120.9888676}]",1,1767571208000,178,,2604.164,
route-regenerated-synthetic-06-00,synthetic-06-00,Regenerated Route,"[{'lat': 14.5609964, 'lng': 120.9955721}, {'lat': 14.5612891, 'lng': 120.9955419}, {'lat': 14.5616116, 'lng': 120.9954631}, {'lat': 14.561934, 'lng': 120.9953842}, {'lat': 14.5622564, 'lng': 120.9953054}, {'lat': 14.562581, 'lng': 120.9952398}, {'lat': 14.5624359, 'lng': 120.9951506}, {'lat': 14.5621165, 'lng': 120.9952403}, {'lat': 14.5617952, 'lng': 120.9953236}, {'lat': 14.5614739, 'lng': 120.9954068}, {'lat': 14.5611526, 'lng': 120.9954901}, {'lat': 14.5609087, 'lng': 120.9955511}, {'lat': 14.5605849, 'lng': 120.9956241}, {'lat': 14.5602609, 'lng': 120.9956962}, {'lat': 14.5601557, 'lng': 120.9955535}, {'lat': 14.5601047, 'lng': 120.9952255}, {'lat': 14.5600544, 'lng': 120.9948974}, {'lat': 14.5599976, 'lng': 120.9945704}, {'lat': 14.5599427, 'lng': 120.9942431}, {'lat': 14.5598881, 'lng': 120.9939157}, {'lat': 14.5598335, 'lng': 120.9935883}, {'lat': 14.5597789, 'lng': 120.9932609}, {'lat': 14.5596991, 'lng': 120.9929768}, {'lat': 14.5593858, 'lng': 120.9930865}, {'lat': 14.5590689, 'lng': 120.993185}, {'lat': 14.558749, 'lng': 120.9932734}, {'lat': 14.5584254, 'lng': 120.9933471}, {'lat': 14.5581013, 'lng': 120.9934184}, {'lat': 14.5579401, 'lng': 120.9932092}, {'lat': 14.5578441, 'lng': 120.9928915}, {'lat': 14.5577475, 'lng': 120.9925739}, {'lat': 14.5576505, 'lng': 120.9922565}, {'lat': 14.5575535, 'lng': 120.9919391}, {'lat': 14.5574566, 'lng': 120.9916216}, {'lat': 14.5573596, 'lng': 120.9913042}, {'lat': 14.5572626, 'lng': 120.9909868}, {'lat': 14.5571535, 'lng': 120.9906934}, {'lat': 14.5570025, 'lng': 120.9904663}, {'lat': 14.5568932, 'lng': 120.9901529}, {'lat': 14.5567837, 'lng': 120.9898396}, {'lat': 14.5566742, 'lng': 120.9895262}, {'lat': 14.5565616, 'lng': 120.989214}, {'lat': 14.5564526, 'lng': 120.9889005}, {'lat': 14.5563455, 'lng': 120.9885864}, {'lat': 14.5562766, 'lng': 120.9885222}, {'lat': 14.5559608, 'lng': 120.9886244}, {'lat': 14.555645, 'lng': 120.9887265}, {'lat': 14.5553291, 'lng': 120.9888285}, {'lat': 14.5550133, 'lng': 120.9889305}, {'lat': 14.5547486, 'lng': 120.9888676}]",2,1767571239000,178,178,2604.164,1775.59
route-initial-synthetic-06-01,synthetic-06-01,Initial Route,"[{'lat': 14.5633467, 'lng': 120.9988721}, {'lat': 14.5632987, 'lng': 120.9987607}, {'lat': 14.5632506, 'lng': 120.9986494}, {'lat': 14.5632026, 'lng': 120.998538}, {'lat': 14.5632281, 'lng': 120.9985972}, {'lat': 14.5632761, 'lng': 120.9987085}, {'lat': 14.5633242, 'lng': 120.9988199}, {'lat': 14.5633759, 'lng': 120.9989295}, {'lat': 14.5634309, 'lng': 120.9990376}, {'lat': 14.5634859, 'lng': 120.9991457}, {'lat': 14.5635408, 'lng': 120.9992539}, {'lat': 14.5635958, 'lng': 120.999362}, {'lat': 14.5636507, 'lng': 120.9994701}, {'lat': 14.5637057, 'lng': 120.9995782}, {'lat': 14.5637606, 'lng': 120.9996864}, {'lat': 14.5638156, 'lng': 120.9997945}, {'lat': 14.5638705, 'lng': 120.9999026}, {'lat': 14.5639255, 'lng': 121.0000107}, {'lat': 14.5639804, 'lng': 121.0001189}, {'lat': 14.5640354, 'lng': 121.000227}, {'lat': 14.5640904, 'lng': 121.0003351}, {'lat': 14.5641453, 'lng': 121.0004432}, {'lat': 14.5642003, 'lng': 121.0005513}, {'lat': 14.5642552, 'lng': 121.0006595}, {'lat': 14.5642507, 'lng': 121.0007488}, {'lat': 14.5641436, 'lng': 121.0008058}, {'lat': 14.5640365, 'lng': 121.0008627}, {'lat': 14.5639294, 'lng': 121.0009197}, {'lat': 14.5638555, 'lng': 121.0009812}, {'lat': 14.5639429, 'lng': 121.0010653}, {'lat': 14.5640304, 'lng': 121.0011493}, {'lat': 14.5641178, 'lng': 121.0012334}]",1,1768176008000,90,,408.784,
route-regenerated-synthetic-06-01,synthetic-06-01,Regenerated Route,"[{'lat': 14.5633467, 'lng': 120.9988721}, {'lat': 14.5632989, 'lng': 120.9987613}, {'lat': 14.5632511, 'lng': 120.9986504}, {'lat': 14.5632032, 'lng': 120.9985396}, {'lat': 14.5631044, 'lng': 120.9985373}, {'lat': 14.5629885, 'lng': 120.998571}, {'lat': 14.5628726, 'lng': 120.9986048}, {'lat': 14.5627581, 'lng': 120.9986427}, {'lat': 14.562646, 'lng': 120.9986874}, {'lat': 14.5625339, 'lng': 120.9987322}, {'lat': 14.5624218, 'lng': 120.998777}, {'lat': 14.562312, 'lng': 120.9988272}, {'lat': 14.5622029, 'lng': 120.9988788}, {'lat': 14.5620938, 'lng': 120.9989304}, {'lat': 14.5619988, 'lng': 120.9990037}, {'lat': 14.5619958, 'lng': 120.9990899}, {'lat': 14.5620816, 'lng': 120.9991749}, {'lat': 14.5621673, 'lng': 120.9992599}, {'lat': 14.5622531, 'lng': 120.9993448}, {'lat': 14.5623388, 'lng': 120.9994298}, {'lat': 14.5624246, 'lng': 120.9995147}, {'lat': 14.5625104, 'lng': 120.9995997}, {'lat': 14.5625962, 'lng': 120.9996846}, {'lat': 14.5626819, 'lng': 120.9997696}, {'lat': 14.5627677, 'lng': 120.9998545}, {'lat': 14.5628517, 'lng': 120.999941}, {'lat': 14.5629297, 'lng': 121.0000332}, {'lat': 14.5630076, 'lng': 121.0001254}, {'lat': 14.5630867, 'lng': 121.0002165}, {'lat': 14.5631749, 'lng': 121.0002989}, {'lat': 14.5632631, 'lng': 121.0003813}, {'lat': 14.563351, 'lng': 121.0004641}, {'lat': 14.5634341, 'lng': 121.0005516}, {'lat': 14.5635173, 'lng': 121.0006391}, {'lat': 14.5636004, 'lng': 121.0007266}, {'lat': 14.5636854, 'lng': 121.0008123}, {'lat': 14.5637709, 'lng': 121.0008975}, {'lat': 14.5638567, 'lng': 121.0009824}, {'lat': 14.5639438, 'lng': 121.0010661}, {'lat': 14.5640308, 'lng': 121.0011497}, {'lat': 14.5641178, 'lng': 121.0012334}]",2,1768176027000,90,90,408.784,529.418
route-initial-synthetic-06-02,synthetic-06-02,Initial Route,"[{'lat': 14.5609964, 'lng': 120.9955721}, {'lat': 14.5614389, 'lng': 120.9955053}, {'lat': 14.5619111, 'lng': 120.9953898}, {'lat': 14.5623829, 'lng': 120.995273}, {'lat': 14.5628458, 'lng': 120.9951368}, {'lat': 14.5632913, 'lng': 120.9949423}, {'lat': 14.5637369, 'lng': 120.9947482}, {'lat': 14.564175, 'lng': 120.9945378}, {'lat': 14.5644792, 'lng': 120.9943923}, {'lat': 14.5649171, 'lng': 120.9941813}, {'lat': 14.5653581, 'lng': 120.9939772}, {'lat': 14.5649912, 'lng': 120.9939877}, {'lat': 14.5645518, 'lng': 120.9941955}, {'lat': 14.5642463, 'lng': 120.9943381}, {'lat': 14.5638067, 'lng': 120.9945454}, {'lat': 14.5633697, 'lng': 120.9947583}, {'lat': 14.5629292, 'lng': 120.9949637}, {'lat': 14.5625959, 'lng': 120.9952271}, {'lat': 14.5624453, 'lng': 120.9948039}, {'lat': 14.5620387, 'lng': 120.9945376}, {'lat': 14.5616565, 'lng': 120.9942426}, {'lat': 14.5614362, 'lng': 120.9939958}, {'lat': 14.561267, 'lng': 120.9937375}, {'lat': 14.5611845, 'lng': 120.9932601}, {'lat': 14.5610639, 'lng': 120.9927902}, {'lat': 14.5609126, 'lng': 120.9923297}, {'lat': 14.5607952, 'lng': 120.991858}, {'lat': 14.5606779, 'lng': 120.9913862}, {'lat': 14.5605607, 'lng': 120.9909145}, {'lat': 14.5604434, 'lng': 120.9904428}, {'lat': 14.5603262, 'lng': 120.989971}, {'lat': 14.5602089, 'lng': 120.9894993}, {'lat': 14.5600854, 'lng': 120.9890294}, {'lat': 14.5599642, 'lng': 120.9885587}, {'lat': 14.5598415, 'lng': 120.9880884}, {'lat': 14.5597187, 'lng': 120.987618}, {'lat': 14.559608, 'lng': 120.9872139}, {'lat': 14.5593921, 'lng': 120.9874968}, {'lat': 14.5589334, 'lng': 120.9876578}, {'lat': 14.558671, 'lng': 120.9877458}, {'lat': 14.5582786, 'lng': 120.9878231}, {'lat': 14.5582028, 'lng': 120.9879013}, {'lat': 14.5577391, 'lng': 120.988047}, {'lat': 14.5572753, 'lng': 120.9881926}, {'lat': 14.5568126, 'lng': 120.9883414}, {'lat': 14.5563522, 'lng': 120.9884974}, {'lat': 14.556085, 'lng': 120.9885842}, {'lat': 14.5556225, 'lng': 120.9887338}, {'lat': 14.5551599, 'lng': 120.9888829}, {'lat': 14.5547486, 'lng': 120.9888676}]",1,1768780808000,168,,2604.164,
route-regenerated-synthetic-06-02,synthetic-06-02,Regenerated Route,"[{'lat': 14.5609964, 'lng': 120.9955721}, {'lat': 14.5612891, 'lng': 120.9955419}, {'lat': 14.5616116, 'lng': 120.9954631}, {'lat': 14.561934, 'lng': 120.9953842}, {'lat': 14.5622564, 'lng': 120.9953054}, {'lat': 14.562581, 'lng': 120.9952398}, {'lat': 14.5624359, 'lng': 120.9951506}, {'lat': 14.5621165, 'lng': 120.9952403}, {'lat': 14.5617952, 'lng': 120.9953236}, {'lat': 14.5614739, 'lng': 120.9954068}, {'lat': 14.5611526, 'lng': 120.9954901}, {'lat': 14.5609087, 'lng': 120.9955511}, {'lat': 14.5605849, 'lng': 120.9956241}, {'lat': 14.5602609, 'lng': 120.9956962}, {'lat': 14.5601557, 'lng': 120.9955535}, {'lat': 14.5601047, 'lng': 120.9952255}, {'lat': 14.5600544, 'lng': 120.9948974}, {'lat': 14.5599976, 'lng': 120.9945704}, {'lat': 14.5599427, 'lng': 120.9942431}, {'lat': 14.5598881, 'lng': 120.9939157}, {'lat': 14.5598335, 'lng': 120.9935883}, {'lat': 14.5597789, 'lng': 120.9932609}, {'lat': 14.5596991, 'lng': 120.9929768}, {'lat': 14.5593858, 'lng': 120.9930865}, {'lat': 14.5590689, 'lng': 120.993185}, {'lat': 14.558749, 'lng': 120.9932734}, {'lat': 14.5584254, 'lng': 120.9933471}, {'lat': 14.5581013, 'lng': 120.9934184}, {'lat': 14.5579401, 'lng': 120.9932092}, {'lat': 14.5578441, 'lng': 120.9928915}, {'lat': 14.5577475, 'lng': 120.9925739}, {'lat': 14.5576505, 'lng': 120.9922565}, {'lat': 14.5575535, 'lng': 120.9919391}, {'lat': 14.5574566, 'lng': 120.9916216}, {'lat': 14.5573596, 'lng': 120.9913042}, {'lat': 14.5572626, 'lng': 120.9909868}, {'lat': 14.5571535, 'lng': 120.9906934}, {'lat': 14.5570025, 'lng': 120.9904663}, {'lat': 14.5568932, 'lng': 120.9901529}, {'lat': 14.5567837, 'lng': 120.9898396}, {'lat': 14.5566742, 'lng': 120.9895262}, {'lat': 14.5565616, 'lng': 120.989214}, {'lat': 14.5564526, 'lng': 120.9889005}, {'lat': 14.5563455, 'lng': 120.9885864}, {'lat': 14.5562766, 'lng': 120.9885222}, {'lat': 14.5559608, 'lng': 120.9886244}, {'lat': 14.555645, 'lng': 120.9887265}, {'lat': 14.5553291, 'lng': 120.9888285}, {'lat': 14.5550133, 'lng': 120.9889305}, {'lat': 14.5547486, 'lng': 120.9888676}]",2,1768780837000,168,168,2604.164,1775.59
route-initial-synthetic-06-03,synthetic-06-03,Initial Route,"[{'lat': 14.5633467, 'lng': 120.9988721}, {'lat': 14.5632987, 'lng': 120.9987607}, {'lat': 14.5632506, 'lng': 120.9986494}, {'lat': 14.5632026, 'lng': 120.998538}, {'lat': 14.5632281, 'lng': 120.9985972}, {'lat': 14.5632761, 'lng': 120.9987085}, {'lat': 14.5633242, 'lng': 120.9988199}, {'lat': 14.5633759, 'lng': 120.9989295}, {'lat': 14.5634309, 'lng': 120.9990376}, {'lat': 14.5634859, 'lng': 120.9991457}, {'lat': 14.5635408, 'lng': 120.9992539}, {'lat': 14.5635958, 'lng': 120.999362}, {'lat': 14.5636507, 'lng': 120.9994701}, {'lat': 14.5637057, 'lng': 120.9995782}, {'lat': 14.5637606, 'lng': 120.9996864}, {'lat': 14.5638156, 'lng': 120.9997945}, {'lat': 14.5638705, 'lng': 120.9999026}, {'lat': 14.5639255, 'lng': 121.0000107}, {'lat': 14.5639804, 'lng': 121.0001189}, {'lat': 14.5640354, 'lng': 121.000227}, {'lat': 14.5640904, 'lng': 121.0003351}, {'lat': 14.5641453, 'lng': 121.0004432}, {'lat': 14.5642003, 'lng': 121.0005513}, {'lat': 14.5642552, 'lng': 121.0006595}, {'lat': 14.5642507, 'lng': 121.0007488}, {'lat': 14.5641436, 'lng': 121.0008058}, {'lat': 14.5640365, 'lng': 121.0008627}, {'lat': 14.5639294, 'lng': 121.0009197}, {'lat': 14.5638555, 'lng': 121.0009812}, {'lat': 14.5639429, 'lng': 121.0010653}, {'lat': 14.5640304, 'lng': 121.0011493}, {'lat': 14.5641178, 'lng': 121.0012334}]",1,1769385608000,90,,408.784,
route-regenerated-synthetic-06-03,synthetic-06-03,Regenerated Route,"[{'lat': 14.5633467, 'lng': 120.9988721}, {'lat': 14.5632989, 'lng': 120.9987613}, {'lat': 14.5632511, 'lng': 120.9986504}, {'lat': 14.5632032, 'lng': 120.9985396}, {'lat': 14.5631044, 'lng': 120.9985373}, {'lat': 14.5629885, 'lng': 120.998571}, {'lat': 14.5628726, 'lng': 120.9986048}, {'lat': 14.5627581, 'lng': 120.9986427}, {'lat': 14.562646, 'lng': 120.9986874}, {'lat': 14.5625339, 'lng': 120.9987322}, {'lat': 14.5624218, 'lng': 120.998777}, {'lat': 14.562312, 'lng': 120.9988272}, {'lat': 14.5622029, 'lng': 120.9988788}, {'lat': 14.5620938, 'lng': 120.9989304}, {'lat': 14.5619988, 'lng': 120.9990037}, {'lat': 14.5619958, 'lng': 120.9990899}, {'lat': 14.5620816, 'lng': 120.9991749}, {'lat': 14.5621673, 'lng': 120.9992599}, {'lat': 14.5622531, 'lng': 120.9993448}, {'lat': 14.5623388, 'lng': 120.9994298}, {'lat': 14.5624246, 'lng': 120.9995147}, {'lat': 14.5625104, 'lng': 120.9995997}, {'lat': 14.5625962, 'lng': 120.9996846}, {'lat': 14.5626819, 'lng': 120.9997696}, {'lat': 14.5627677, 'lng': 120.9998545}, {'lat': 14.5628517, 'lng': 120.999941}, {'lat': 14.5629297, 'lng': 121.0000332}, {'lat': 14.5630076, 'lng': 121.0001254}, {'lat': 14.5630867, 'lng': 121.0002165}, {'lat': 14.5631749, 'lng': 121.0002989}, {'lat': 14.5632631, 'lng': 121.0003813}, {'lat': 14.563351, 'lng': 121.0004641}, {'lat': 14.5634341, 'lng': 121.0005516}, {'lat': 14.5635173, 'lng': 121.0006391}, {'lat': 14.5636004, 'lng': 121.0007266}, {'lat': 14.5636854, 'lng': 121.0008123}, {'lat': 14.5637709, 'lng': 121.0008975}, {'lat': 14.5638567, 'lng': 121.0009824}, {'lat': 14.5639438, 'lng': 121.0010661}, {'lat': 14.5640308, 'lng': 121.0011497}, {'lat': 14.5641178, 'lng': 121.0012334}]",2,1769385627000,90,90,408.784,529.418
route-initial-synthetic-06-04,synthetic-06-04,Initial Route,"[{'lat': 14.5609964, 'lng': 120.9955721}, {'lat': 14.5614389, 'lng': 120.9955053}, {'lat': 14.5619111, 'lng': 120.9953898}, {'lat': 14.5623829, 'lng': 120.995273}, {'lat': 14.5628458, 'lng': 120.9951368}, {'lat': 14.5632913, 'lng': 120.9949423}, {'lat': 14.5637369, 'lng': 120.9947482}, {'lat': 14.564175, 'lng': 120.9945378}, {'lat': 14.5644792, 'lng': 120.9943923}, {'lat': 14.5649171, 'lng': 120.9941813}, {'lat': 14.5653581, 'lng': 120.9939772}, {'lat': 14.5649912, 'lng': 120.9939877}, {'lat': 14.5645518, 'lng': 120.9941955}, {'lat': 14.5642463, 'lng': 120.9943381}, {'lat': 14.5638067, 'lng': 120.9945454}, {'lat': 14.5633697, 'lng': 120.9947583}, {'lat': 14.5629292, 'lng': 120.9949637}, {'lat': 14.5625959, 'lng': 120.9952271}, {'lat': 14.5624453, 'lng': 120.9948039}, {'lat': 14.5620387, 'lng': 120.9945376}, {'lat': 14.5616565, 'lng': 120.9942426}, {'lat': 14.5614362, 'lng': 120.9939958}, {'lat': 14.561267, 'lng': 120.9937375}, {'lat': 14.5611845, 'lng': 120.9932601}, {'lat': 14.5610639, 'lng': 120.9927902}, {'lat': 14.5609126, 'lng': 120.9923297}, {'lat': 14.5607952, 'lng': 120.991858}, {'lat': 14.5606779, 'lng': 120.9913862}, {'lat': 14.5605607, 'lng': 120.9909145}, {'lat': 14.5604434, 'lng': 120.9904428}, {'lat': 14.5603262, 'lng': 120.989971}, {'lat': 14.5602089, 'lng': 120.9894993}, {'lat': 14.5600854, 'lng': 120.9890294}, {'lat': 14.5599642, 'lng': 120.9885587}, {'lat': 14.5598415, 'lng': 120.9880884}, {'lat': 14.5597187, 'lng': 120.987618}, {'lat': 14.559608, 'lng': 120.9872139}, {'lat': 14.5593921, 'lng': 120.9874968}, {'lat': 14.5589334, 'lng': 120.9876578}, {'lat': 14.558671, 'lng': 120.9877458}, {'lat': 14.5582786, 'lng': 120.9878231}, {'lat': 14.5582028, 'lng': 120.9879013}, {'lat': 14.5577391, 'lng': 120.988047}, {'lat': 14.5572753, 'lng': 120.9881926}, {'lat': 14.5568126, 'lng': 120.9883414}, {'lat': 14.5563522, 'lng': 120.9884974}, {'lat': 14.556085, 'lng': 120.9885842}, {'lat': 14.5556225, 'lng': 120.9887338}, {'lat': 14.5551599, 'lng': 120.9888829}, {'lat': 14.5547486, 'lng': 120.9888676}]",1,1769990408000,156,,2604.164,
route-regenerated-synthetic-06-04,synthetic-06-04,Regenerated Route,"[{'lat': 14.5609964, 'lng': 120.9955721}, {'lat': 14.5612891, 'lng': 120.9955419}, {'lat': 14.5616116, 'lng': 120.9954631}, {'lat': 14.561934, 'lng': 120.9953842}, {'lat': 14.5622564, 'lng': 120.9953054}, {'lat': 14.562581, 'lng': 120.9952398}, {'lat': 14.5624359, 'lng': 120.9951506}, {'lat': 14.5621165, 'lng': 120.9952403}, {'lat': 14.5617952, 'lng': 120.9953236}, {'lat': 14.5614739, 'lng': 120.9954068}, {'lat': 14.5611526, 'lng': 120.9954901}, {'lat': 14.5609087, 'lng': 120.9955511}, {'lat': 14.5605849, 'lng': 120.9956241}, {'lat': 14.5602609, 'lng': 120.9956962}, {'lat': 14.5601557, 'lng': 120.9955535}, {'lat': 14.5601047, 'lng': 120.9952255}, {'lat': 14.5600544, 'lng': 120.9948974}, {'lat': 14.5599976, 'lng': 120.9945704}, {'lat': 14.5599427, 'lng': 120.9942431}, {'lat': 14.5598881, 'lng': 120.9939157}, {'lat': 14.5598335, 'lng': 120.9935883}, {'lat': 14.5597789, 'lng': 120.9932609}, {'lat': 14.5596991, 'lng': 120.9929768}, {'lat': 14.5593858, 'lng': 120.9930865}, {'lat': 14.5590689, 'lng': 120.993185}, {'lat': 14.558749, 'lng': 120.9932734}, {'lat': 14.5584254, 'lng': 120.9933471}, {'lat': 14.5581013, 'lng': 120.9934184}, {'lat': 14.5579401, 'lng': 120.9932092}, {'lat': 14.5578441, 'lng': 120.9928915}, {'lat': 14.5577475, 'lng': 120.9925739}, {'lat': 14.5576505, 'lng': 120.9922565}, {'lat': 14.5575535, 'lng': 120.9919391}, {'lat': 14.5574566, 'lng': 120.9916216}, {'lat': 14.5573596, 'lng': 120.9913042}, {'lat': 14.5572626, 'lng': 120.9909868}, {'lat': 14.5571535, 'lng': 120.9906934}, {'lat': 14.5570025, 'lng': 120.9904663}, {'lat': 14.5568932, 'lng': 120.9901529}, {'lat': 14.5567837, 'lng': 120.9898396}, {'lat': 14.5566742, 'lng': 120.9895262}, {'lat': 14.5565616, 'lng': 120.989214}, {'lat': 14.5564526, 'lng': 120.9889005}, {'lat': 14.5563455, 'lng': 120.9885864}, {'lat': 14.5562766, 'lng': 120.9885222}, {'lat': 14.5559608, 'lng': 120.9886244}, {'lat': 14.555645, 'lng': 120.9887265}, {'lat': 14.5553291, 'lng': 120.9888285}, {'lat': 14.5550133, 'lng': 120.9889305}, {'lat': 14.5547486, 'lng': 120.9888676}]",2,1769990436000,156,156,2604.164,1775.59
route-initial-synthetic-06-05,synthetic-06-05,Initial Route,"[{'lat': 14.5633467, 'lng': 120.9988721}, {'lat': 14.5632987, 'lng': 120.9987607}, {'lat': 14.5632506, 'lng': 120.9986494}, {'lat': 14.5632026, 'lng': 120.998538}, {'lat': 14.5632281, 'lng': 120.9985972}, {'lat': 14.5632761, 'lng': 120.9987085}, {'lat': 14.5633242, 'lng': 120.9988199}, {'lat': 14.5633759, 'lng': 120.9989295}, {'lat': 14.5634309, 'lng': 120.9990376}, {'lat': 14.5634859, 'lng': 120.9991457}, {'lat': 14.5635408, 'lng': 120.9992539}, {'lat': 14.5635958, 'lng': 120.999362}, {'lat': 14.5636507, 'lng': 120.9994701}, {'lat': 14.5637057, 'lng': 120.9995782}, {'lat': 14.5637606, 'lng': 120.9996864}, {'lat': 14.5638156, 'lng': 120.9997945}, {'lat': 14.5638705, 'lng': 120.9999026}, {'lat': 14.5639255, 'lng': 121.0000107}, {'lat': 14.5639804, 'lng': 121.0001189}, {'lat': 14.5640354, 'lng': 121.000227}, {'lat': 14.5640904, 'lng': 121.0003351}, {'lat': 14.5641453, 'lng': 121.0004432}, {'lat': 14.5642003, 'lng': 121.0005513}, {'lat': 14.5642552, 'lng': 121.0006595}, {'lat': 14.5642507, 'lng': 121.0007488}, {'lat': 14.5641436, 'lng': 121.0008058}, {'lat': 14.5640365, 'lng': 121.0008627}, {'lat': 14.5639294, 'lng': 121.0009197}, {'lat': 14.5638555, 'lng': 121.0009812}, {'lat': 14.5639429, 'lng': 121.0010653}, {'lat': 14.5640304, 'lng': 121.0011493}, {'lat': 14.5641178, 'lng': 121.0012334}]",1,1770595208000,90,,408.784,
route-regenerated-synthetic-06-05,synthetic-06-05,Regenerated Route,"[{'lat': 14.5633467, 'lng': 120.9988721}, {'lat': 14.5632989, 'lng': 120.9987613}, {'lat': 14.5632511, 'lng': 120.9986504}, {'lat': 14.5632032, 'lng': 120.9985396}, {'lat': 14.5631044, 'lng': 120.9985373}, {'lat': 14.5629885, 'lng': 120.998571}, {'lat': 14.5628726, 'lng': 120.9986048}, {'lat': 14.5627581, 'lng': 120.9986427}, {'lat': 14.562646, 'lng': 120.9986874}, {'lat': 14.5625339, 'lng': 120.9987322}, {'lat': 14.5624218, 'lng': 120.998777}, {'lat': 14.562312, 'lng': 120.9988272}, {'lat': 14.5622029, 'lng': 120.9988788}, {'lat': 14.5620938, 'lng': 120.9989304}, {'lat': 14.5619988, 'lng': 120.9990037}, {'lat': 14.5619958, 'lng': 120.9990899}, {'lat': 14.5620816, 'lng': 120.9991749}, {'lat': 14.5621673, 'lng': 120.9992599}, {'lat': 14.5622531, 'lng': 120.9993448}, {'lat': 14.5623388, 'lng': 120.9994298}, {'lat': 14.5624246, 'lng': 120.9995147}, {'lat': 14.5625104, 'lng': 120.9995997}, {'lat': 14.5625962, 'lng': 120.9996846}, {'lat': 14.5626819, 'lng': 120.9997696}, {'lat': 14.5627677, 'lng': 120.9998545}, {'lat': 14.5628517, 'lng': 120.999941}, {'lat': 14.5629297, 'lng': 121.0000332}, {'lat': 14.5630076, 'lng': 121.0001254}, {'lat': 14.5630867, 'lng': 121.0002165}, {'lat': 14.5631749, 'lng': 121.0002989}, {'lat': 14.5632631, 'lng': 121.0003813}, {'lat': 14.563351, 'lng': 121.0004641}, {'lat': 14.5634341, 'lng': 121.0005516}, {'lat': 14.5635173, 'lng': 121.0006391}, {'lat': 14.5636004, 'lng': 121.0007266}, {'lat': 14.5636854, 'lng': 121.0008123}, {'lat': 14.5637709, 'lng': 121.0008975}, {'lat': 14.5638567, 'lng': 121.0009824}, {'lat': 14.5639438, 'lng': 121.0010661}, {'lat': 14.5640308, 'lng': 121.0011497}, {'lat': 14.5641178, 'lng': 121.0012334}]",2,1770595227000,90,90,408.784,529.418
route-initial-synthetic-06-06,synthetic-06-06,Initial Route,"[{'lat': 14.570849, 'lng': 120.9935069}, {'lat': 14.5708054, 'lng': 120.9933918}, {'lat': 14.5707618, 'lng': 120.9932767}, {'lat': 14.5707182, 'lng': 120.9931616}, {'lat': 14.5706746, 'lng': 120.9930465}, {'lat': 14.5706309, 'lng': 120.9929315}, {'lat': 14.5705873, 'lng': 120.9928164}, {'lat': 14.5705437, 'lng': 120.9927013}, {'lat': 14.5705001, 'lng': 120.9925862}, {'lat': 14.5704644, 'lng': 120.992474}, {'lat': 14.5705725, 'lng': 120.9924152}, {'lat': 14.5706807, 'lng': 120.9923565}, {'lat': 14.5707889, 'lng': 120.9922978}, {'lat': 14.570897, 'lng': 120.9922391}, {'lat': 14.571005, 'lng': 120.99218}, {'lat': 14.5710874, 'lng': 120.9921182}, {'lat': 14.5709911, 'lng': 120.9920415}, {'lat': 14.5708938, 'lng': 120.9919662}, {'lat': 14.5707981, 'lng': 120.9918888}, {'lat': 14.5707026, 'lng': 120.9918112}, {'lat': 14.5705943, 'lng': 120.9917533}, {'lat': 14.5704841, 'lng': 120.9916986}, {'lat': 14.570399, 'lng': 120.9916221}, {'lat': 14.5704245, 'lng': 120.991531}, {'lat': 14.5705334, 'lng': 120.9914736}, {'lat': 14.5706423, 'lng': 120.9914163}]",1,1771210808000,90,,336.0,
route-initial-synthetic-06-07,synthetic-06-07,Initial Route,"[{'lat': 14.5643695, 'lng': 120.9943615}, {'lat': 14.5644418, 'lng': 120.9944098}, {'lat': 14.5645525, 'lng': 120.9943574}, {'lat': 14.5646627, 'lng': 120.9943041}, {'lat': 14.5647729, 'lng': 120.9942509}, {'lat': 14.5648832, 'lng': 120.9941977}, {'lat': 14.5649934, 'lng': 120.9941445}, {'lat': 14.5651037, 'lng': 120.9940913}, {'lat': 14.565215, 'lng': 120.9940405}, {'lat': 14.5653268, 'lng': 120.9939905}, {'lat': 14.5653297, 'lng': 120.9939165}, {'lat': 14.5654133, 'lng': 120.9939535}, {'lat': 14.5655258, 'lng': 120.9939051}, {'lat': 14.5656364, 'lng': 120.9938527}, {'lat': 14.5657468, 'lng': 120.9937998}, {'lat': 14.5658093, 'lng': 120.9938771}, {'lat': 14.5658582, 'lng': 120.9939894}, {'lat': 14.565907, 'lng': 120.9941016}, {'lat': 14.5659559, 'lng': 120.9942139}, {'lat': 14.5660048, 'lng': 120.9943261}, {'lat': 14.5660536, 'lng': 120.9944384}, {'lat': 14.5661062, 'lng': 120.9945407}, {'lat': 14.5662171, 'lng': 120.9944887}, {'lat': 14.5663278, 'lng': 120.9944365}, {'lat': 14.5664382, 'lng': 120.9943835}, {'lat': 14.5665485, 'lng': 120.9943305}, {'lat': 14.5666587, 'lng': 120.9942773}, {'lat': 14.566769, 'lng': 120.9942241}, {'lat': 14.5668794, 'lng': 120.9941712}, {'lat': 14.5669899, 'lng': 120.9941187}, {'lat': 14.5671005, 'lng': 120.9940662}, {'lat': 14.5672111, 'lng': 120.9940137}, {'lat': 14.5673221, 'lng': 120.993962}, {'lat': 14.5674334, 'lng': 120.9939109}, {'lat': 14.5675446, 'lng': 120.9938599}, {'lat': 14.5676559, 'lng': 120.9938088}, {'lat': 14.5677671, 'lng': 120.9937577}]",1,1771815608000,90,,483.7,
route-initial-synthetic-06-08,synthetic-06-08,Initial Route,"[{'lat': 14.5587681, 'lng': 120.996085}, {'lat': 14.5588512, 'lng': 120.996111}, {'lat': 14.5589689, 'lng': 120.9960838}, {'lat': 14.5590865, 'lng': 120.9960567}, {'lat': 14.5592041, 'lng': 120.9960296}, {'lat': 14.5593218, 'lng': 120.9960025}, {'lat': 14.5594394, 'lng': 120.9959754}, {'lat': 14.559557, 'lng': 120.9959483}, {'lat': 14.5596746, 'lng': 120.995921}, {'lat': 14.5597922, 'lng': 120.9958937}, {'lat': 14.5599098, 'lng': 120.9958664}, {'lat': 14.5600274, 'lng': 120.9958391}, {'lat': 14.560145, 'lng': 120.9958119}, {'lat': 14.5601856, 'lng': 120.9957361}, {'lat': 14.5601656, 'lng': 120.995617}, {'lat': 14.5601471, 'lng': 120.9954978}, {'lat': 14.5601285, 'lng': 120.9953785}, {'lat': 14.56011, 'lng': 120.9952592}, {'lat': 14.5600915, 'lng': 120.9951399}, {'lat': 14.5600733, 'lng': 120.9950206}, {'lat': 14.560055, 'lng': 120.9949012}, {'lat': 14.5600345, 'lng': 120.9947823}, {'lat': 14.5600137, 'lng': 120.9946634}, {'lat': 14.5599931, 'lng': 120.9945444}, {'lat': 14.5600959, 'lng': 120.994499}, {'lat': 14.5602102, 'lng': 120.9944601}, {'lat': 14.5603163, 'lng': 120.9944025}, {'lat': 14.5604223, 'lng': 120.9943449}, {'lat': 14.5605284, 'lng': 120.9942872}, {'lat': 14.5606345, 'lng': 120.9942296}, {'lat': 14.5607405, 'lng': 120.9941719}, {'lat': 14.5608466, 'lng': 120.9941143}, {'lat': 14.5609524, 'lng': 120.9940562}, {'lat': 14.5610579, 'lng': 120.9939974}, {'lat': 14.5611616, 'lng': 120.9939357}, {'lat': 14.5612254, 'lng': 120.9938469}, {'lat': 14.5612184, 'lng': 120.9938952}, {'lat': 14.5612719, 'lng': 120.9940021}, {'lat': 14.5613312, 'lng': 120.9941072}, {'lat': 14.561407, 'lng': 120.9941998}, {'lat': 14.5614892, 'lng': 120.9941456}, {'lat': 14.5614876, 'lng': 120.9940559}, {'lat': 14.5614096, 'lng': 120.9939638}, {'lat': 14.561341, 'lng': 120.9938645}, {'lat': 14.5612841, 'lng': 120.9937582}, {'lat': 14.5612306, 'lng': 120.9938113}]",1,1772420408000,90,,593.8,
route-initial-synthetic-06-09,synthetic-06-09,Initial Route,"[{'lat': 14.5618298, 'lng': 120.9968042}, {'lat': 14.5617164, 'lng': 120.9968466}, {'lat': 14.561603, 'lng': 120.996889}, {'lat': 14.5614895, 'lng': 120.9969314}, {'lat': 14.5613761, 'lng': 120.9969738}, {'lat': 14.5612627, 'lng': 120.9970163}, {'lat': 14.5611487, 'lng': 120.997057}, {'lat': 14.5610348, 'lng': 120.9970981}, {'lat': 14.5609209, 'lng': 120.9971392}, {'lat': 14.560807, 'lng': 120.9971804}, {'lat': 14.560693, 'lng': 120.9972211}, {'lat': 14.5605789, 'lng': 120.9972616}, {'lat': 14.5604649, 'lng': 120.9973025}, {'lat': 14.5603513, 'lng': 120.9973443}, {'lat': 14.5602377, 'lng': 120.9973864}, {'lat': 14.5601238, 'lng': 120.9974275}, {'lat': 14.5600101, 'lng': 120.997469}, {'lat': 14.5598963, 'lng': 120.9975105}, {'lat': 14.5597836, 'lng': 120.9975547}, {'lat': 14.5596713, 'lng': 120.9976001}, {'lat': 14.5595589, 'lng': 120.997645}, {'lat': 14.5594424, 'lng': 120.9976777}, {'lat': 14.5593251, 'lng': 120.9977077}, {'lat': 14.5592078, 'lng': 120.9977378}, {'lat': 14.5590906, 'lng': 120.9977679}, {'lat': 14.5589733, 'lng': 120.9977979}, {'lat': 14.558856, 'lng': 120.997828}, {'lat': 14.5587387, 'lng': 120.9978581}, {'lat': 14.558623, 'lng': 120.9978936}, {'lat': 14.5585087, 'lng': 120.9979336}, {'lat': 14.5583944, 'lng': 120.9979736}, {'lat': 14.5582801, 'lng': 120.9980136}, {'lat': 14.5581658, 'lng': 120.9980535}, {'lat': 14.5580515, 'lng': 120.9980935}, {'lat': 14.5579373, 'lng': 120.9981335}, {'lat': 14.557823, 'lng': 120.9981735}, {'lat': 14.5577074, 'lng': 120.9982094}, {'lat': 14.5575907, 'lng': 120.9982417}, {'lat': 14.557474, 'lng': 120.998274}, {'lat': 14.5573573, 'lng': 120.9983064}, {'lat': 14.5572406, 'lng': 120.9983387}, {'lat': 14.5571239, 'lng': 120.998371}, {'lat': 14.5570072, 'lng': 120.9984033}, {'lat': 14.5568905, 'lng': 120.9984356}, {'lat': 14.5567732, 'lng': 120.9984653}]",1,1773025208000,90,,590.1,
route-initial-synthetic-06-10,synthetic-06-10,Initial Route,"[{'lat': 14.5643695, 'lng': 120.9943615}, {'lat': 14.5642655, 'lng': 120.9943292}, {'lat': 14.5641224, 'lng': 120.9943955}, {'lat': 14.5639792, 'lng': 120.9944617}, {'lat': 14.5638372, 'lng': 120.9945304}, {'lat': 14.5636964, 'lng': 120.9946015}, {'lat': 14.5635552, 'lng': 120.9946718}, {'lat': 14.5634122, 'lng': 120.9947384}, {'lat': 14.5632693, 'lng': 120.9948051}, {'lat': 14.563126, 'lng': 120.9948711}, {'lat': 14.5629833, 'lng': 120.9949383}, {'lat': 14.5628406, 'lng': 120.9950055}, {'lat': 14.5626978, 'lng': 120.9950726}, {'lat': 14.5625994, 'lng': 120.9951546}, {'lat': 14.562599, 'lng': 120.9951636}, {'lat': 14.562517, 'lng': 120.9951239}, {'lat': 14.5623671, 'lng': 120.9951733}, {'lat': 14.562215, 'lng': 120.9952148}, {'lat': 14.5620623, 'lng': 120.9952544}, {'lat': 14.5619096, 'lng': 120.9952939}, {'lat': 14.5617569, 'lng': 120.9953335}, {'lat': 14.5616042, 'lng': 120.9953731}, {'lat': 14.5614515, 'lng': 120.9954126}, {'lat': 14.5612988, 'lng': 120.9954522}, {'lat': 14.5611461, 'lng': 120.9954918}, {'lat': 14.5609934, 'lng': 120.9955313}, {'lat': 14.5609181, 'lng': 120.9955489}, {'lat': 14.5607643, 'lng': 120.9955842}, {'lat': 14.5606104, 'lng': 120.9956185}, {'lat': 14.5604564, 'lng': 120.9956527}, {'lat': 14.5603024, 'lng': 120.995687}, {'lat': 14.5601879, 'lng': 120.9957464}, {'lat': 14.5601648, 'lng': 120.9956117}, {'lat': 14.5601405, 'lng': 120.9954558}, {'lat': 14.5601163, 'lng': 120.9952999}, {'lat': 14.5600922, 'lng': 120.9951441}, {'lat': 14.5600683, 'lng': 120.9949881}, {'lat': 14.5600432, 'lng': 120.9948324}, {'lat': 14.5600161, 'lng': 120.994677}, {'lat': 14.5599892, 'lng': 120.9945216}, {'lat': 14.5599632, 'lng': 120.994366}, {'lat': 14.5599373, 'lng': 120.9942104}, {'lat': 14.5599113, 'lng': 120.9940548}, {'lat': 14.5598853, 'lng': 120.9938992}, {'lat': 14.5598594, 'lng': 120.9937436}, {'lat': 14.5598334, 'lng': 120.993588}, {'lat': 14.5598075, 'lng': 120.9934324}, {'lat': 14.5597815, 'lng': 120.9932768}, {'lat': 14.5597556, 'lng': 120.9931212}, {'lat': 14.5597296, 'lng': 120.9929656}]",1,1773630008000,90,,844.5,
route-initial-synthetic-06-11,synthetic-06-11,Initial Route,"[{'lat': 14.570849, 'lng': 120.9935069}, {'lat': 14.5708054, 'lng': 120.9933918}, {'lat': 14.5707618, 'lng': 120.9932767}, {'lat': 14.5707182, 'lng': 120.9931616}, {'lat': 14.5706746, 'lng': 120.9930465}, {'lat': 14.5706309, 'lng': 120.9929315}, {'lat': 14.5705873, 'lng': 120.9928164}, {'lat': 14.5705437, 'lng': 120.9927013}, {'lat': 14.5705001, 'lng': 120.9925862}, {'lat': 14.5704644, 'lng': 120.992474}, {'lat': 14.5705725, 'lng': 120.9924152}, {'lat': 14.5706807, 'lng': 120.9923565}, {'lat': 14.5707889, 'lng': 120.9922978}, {'lat': 14.570897, 'lng': 120.9922391}, {'lat': 14.571005, 'lng': 120.99218}, {'lat': 14.5710874, 'lng': 120.9921182}, {'lat': 14.5709911, 'lng': 120.9920415}, {'lat': 14.5708938, 'lng': 120.9919662}, {'lat': 14.5707981, 'lng': 120.9918888}, {'lat': 14.5707026, 'lng': 120.9918112}, {'lat': 14.5705943, 'lng': 120.9917533}, {'lat': 14.5704841, 'lng': 120.9916986}, {'lat': 14.570399, 'lng': 120.9916221}, {'lat': 14.5704245, 'lng': 120.991531}, {'lat': 14.5705334, 'lng': 120.9914736}, {'lat': 14.5706423, 'lng': 120.9914163}]",1,1774234808000,90,,336.0,
route-initial-synthetic-07-00,synthetic-07-00,Initial Route,"[{'lat': 14.5633467, 'lng': 120.9988721}, {'lat': 14.5632987, 'lng': 120.9987607}, {'lat': 14.5632506, 'lng': 120.9986494}, {'lat': 14.5632026, 'lng': 120.998538}, {'lat': 14.5632281, 'lng': 120.9985972}, {'lat': 14.5632761, 'lng': 120.9987085}, {'lat': 14.5633242, 'lng': 120.9988199}, {'lat': 14.5633759, 'lng': 120.9989295}, {'lat': 14.5634309, 'lng': 120.9990376}, {'lat': 14.5634859, 'lng': 120.9991457}, {'lat': 14.5635408, 'lng': 120.9992539}, {'lat': 14.5635958, 'lng': 120.999362}, {'lat': 14.5636507, 'lng': 120.9994701}, {'lat': 14.5637057, 'lng': 120.9995782}, {'lat': 14.5637606, 'lng': 120.9996864}, {'lat': 14.5638156, 'lng': 120.9997945}, {'lat': 14.5638705, 'lng': 120.9999026}, {'lat': 14.5639255, 'lng': 121.0000107}, {'lat': 14.5639804, 'lng': 121.0001189}, {'lat': 14.5640354, 'lng': 121.000227}, {'lat': 14.5640904, 'lng': 121.0003351}, {'lat': 14.5641453, 'lng': 121.0004432}, {'lat': 14.5642003, 'lng': 121.0005513}, {'lat': 14.5642552, 'lng': 121.0006595}, {'lat': 14.5642507, 'lng': 121.0007488}, {'lat': 14.5641436, 'lng': 121.0008058}, {'lat': 14.5640365, 'lng': 121.0008627}, {'lat': 14.5639294, 'lng': 121.0009197}, {'lat': 14.5638555, 'lng': 121.0009812}, {'lat': 14.5639429, 'lng': 121.0010653}, {'lat': 14.5640304, 'lng': 121.0011493}, {'lat': 14.5641178, 'lng': 121.0012334}]",1,1767571211000,90,,408.784,
route-regenerated-synthetic-07-00,synthetic-07-00,Regenerated Route,"[{'lat': 14.5633467, 'lng': 120.9988721}, {'lat': 14.5632989, 'lng': 120.9987613}, {'lat': 14.5632511, 'lng': 120.9986504}, {'lat': 14.5632032, 'lng': 120.9985396}, {'lat': 14.5631044, 'lng': 120.9985373}, {'lat': 14.5629885, 'lng': 120.998571}, {'lat': 14.5628726, 'lng': 120.9986048}, {'lat': 14.5627581, 'lng': 120.9986427}, {'lat': 14.562646, 'lng': 120.9986874}, {'lat': 14.5625339, 'lng': 120.9987322}, {'lat': 14.5624218, 'lng': 120.998777}, {'lat': 14.562312, 'lng': 120.9988272}, {'lat': 14.5622029, 'lng': 120.9988788}, {'lat': 14.5620938, 'lng': 120.9989304}, {'lat': 14.5619988, 'lng': 120.9990037}, {'lat': 14.5619958, 'lng': 120.9990899}, {'lat': 14.5620816, 'lng': 120.9991749}, {'lat': 14.5621673, 'lng': 120.9992599}, {'lat': 14.5622531, 'lng': 120.9993448}, {'lat': 14.5623388, 'lng': 120.9994298}, {'lat': 14.5624246, 'lng': 120.9995147}, {'lat': 14.5625104, 'lng': 120.9995997}, {'lat': 14.5625962, 'lng': 120.9996846}, {'lat': 14.5626819, 'lng': 120.9997696}, {'lat': 14.5627677, 'lng': 120.9998545}, {'lat': 14.5628517, 'lng': 120.999941}, {'lat': 14.5629297, 'lng': 121.0000332}, {'lat': 14.5630076, 'lng': 121.0001254}, {'lat': 14.5630867, 'lng': 121.0002165}, {'lat': 14.5631749, 'lng': 121.0002989}, {'lat': 14.5632631, 'lng': 121.0003813}, {'lat': 14.563351, 'lng': 121.0004641}, {'lat': 14.5634341, 'lng': 121.0005516}, {'lat': 14.5635173, 'lng': 121.0006391}, {'lat': 14.5636004, 'lng': 121.0007266}, {'lat': 14.5636854, 'lng': 121.0008123}, {'lat': 14.5637709, 'lng': 121.0008975}, {'lat': 14.5638567, 'lng': 121.0009824}, {'lat': 14.5639438, 'lng': 121.0010661}, {'lat': 14.5640308, 'lng': 121.0011497}, {'lat': 14.5641178, 'lng': 121.0012334}]",2,1767571230000,90,90,408.784,529.418
route-initial-synthetic-07-01,synthetic-07-01,Initial Route,"[{'lat': 14.5609964, 'lng': 120.9955721}, {'lat': 14.5614389, 'lng': 120.9955053}, {'lat': 14.5619111, 'lng': 120.9953898}, {'lat': 14.5623829, 'lng': 120.995273}, {'lat': 14.5628458, 'lng': 120.9951368}, {'lat': 14.5632913, 'lng': 120.9949423}, {'lat': 14.5637369, 'lng': 120.9947482}, {'lat': 14.564175, 'lng': 120.9945378}, {'lat': 14.5644792, 'lng': 120.9943923}, {'lat': 14.5649171, 'lng': 120.9941813}, {'lat': 14.5653581, 'lng': 120.9939772}, {'lat': 14.5649912, 'lng': 120.9939877}, {'lat': 14.5645518, 'lng': 120.9941955}, {'lat': 14.5642463, 'lng': 120.9943381}, {'lat': 14.5638067, 'lng': 120.9945454}, {'lat': 14.5633697, 'lng': 120.9947583}, {'lat': 14.5629292, 'lng': 120.9949637}, {'lat': 14.5625959, 'lng': 120.9952271}, {'lat': 14.5624453, 'lng': 120.9948039}, {'lat': 14.5620387, 'lng': 120.9945376}, {'lat': 14.5616565, 'lng': 120.9942426}, {'lat': 14.5614362, 'lng': 120.9939958}, {'lat': 14.561267, 'lng': 120.9937375}, {'lat': 14.5611845, 'lng': 120.9932601}, {'lat': 14.5610639, 'lng': 120.9927902}, {'lat': 14.5609126, 'lng': 120.9923297}, {'lat': 14.5607952, 'lng': 120.991858}, {'lat': 14.5606779, 'lng': 120.9913862}, {'lat': 14.5605607, 'lng': 120.9909145}, {'lat': 14.5604434, 'lng': 120.9904428}, {'lat': 14.5603262, 'lng': 120.989971}, {'lat': 14.5602089, 'lng': 120.9894993}, {'lat': 14.5600854, 'lng': 120.9890294}, {'lat': 14.5599642, 'lng': 120.9885587}, {'lat': 14.5598415, 'lng': 120.9880884}, {'lat': 14.5597187, 'lng': 120.987618}, {'lat': 14.559608, 'lng': 120.9872139}, {'lat': 14.5593921, 'lng': 120.9874968}, {'lat': 14.5589334, 'lng': 120.9876578}, {'lat': 14.558671, 'lng': 120.9877458}, {'lat': 14.5582786, 'lng': 120.9878231}, {'lat': 14.5582028, 'lng': 120.9879013}, {'lat': 14.5577391, 'lng': 120.988047}, {'lat': 14.5572753, 'lng': 120.9881926}, {'lat': 14.5568126, 'lng': 120.9883414}, {'lat': 14.5563522, 'lng': 120.9884974}, {'lat': 14.556085, 'lng': 120.9885842}, {'lat': 14.5556225, 'lng': 120.9887338}, {'lat': 14.5551599, 'lng': 120.9888829}, {'lat': 14.5547486, 'lng': 120.9888676}]",1,1768176011000,156,,2604.164,
route-regenerated-synthetic-07-01,synthetic-07-01,Regenerated Route,"[{'lat': 14.5609964, 'lng': 120.9955721}, {'lat': 14.5612891, 'lng': 120.9955419}, {'lat': 14.5616116, 'lng': 120.9954631}, {'lat': 14.561934, 'lng': 120.9953842}, {'lat': 14.5622564, 'lng': 120.9953054}, {'lat': 14.562581, 'lng': 120.9952398}, {'lat': 14.5624359, 'lng': 120.9951506}, {'lat': 14.5621165, 'lng': 120.9952403}, {'lat': 14.5617952, 'lng': 120.9953236}, {'lat': 14.5614739, 'lng': 120.9954068}, {'lat': 14.5611526, 'lng': 120.9954901}, {'lat': 14.5609087, 'lng': 120.9955511}, {'lat': 14.5605849, 'lng': 120.9956241}, {'lat': 14.5602609, 'lng': 120.9956962}, {'lat': 14.5601557, 'lng': 120.9955535}, {'lat': 14.5601047, 'lng': 120.9952255}, {'lat': 14.5600544, 'lng': 120.9948974}, {'lat': 14.5599976, 'lng': 120.9945704}, {'lat': 14.5599427, 'lng': 120.9942431}, {'lat': 14.5598881, 'lng': 120.9939157}, {'lat': 14.5598335, 'lng': 120.9935883}, {'lat': 14.5597789, 'lng': 120.9932609}, {'lat': 14.5596991, 'lng': 120.9929768}, {'lat': 14.5593858, 'lng': 120.9930865}, {'lat': 14.5590689, 'lng': 120.993185}, {'lat': 14.558749, 'lng': 120.9932734}, {'lat': 14.5584254, 'lng': 120.9933471}, {'lat': 14.5581013, 'lng': 120.9934184}, {'lat': 14.5579401, 'lng': 120.9932092}, {'lat': 14.5578441, 'lng': 120.9928915}, {'lat': 14.5577475, 'lng': 120.9925739}, {'lat': 14.5576505, 'lng': 120.9922565}, {'lat': 14.5575535, 'lng': 120.9919391}, {'lat': 14.5574566, 'lng': 120.9916216}, {'lat': 14.5573596, 'lng': 120.9913042}, {'lat': 14.5572626, 'lng': 120.9909868}, {'lat': 14.5571535, 'lng': 120.9906934}, {'lat': 14.5570025, 'lng': 120.9904663}, {'lat': 14.5568932, 'lng': 120.9901529}, {'lat': 14.5567837, 'lng': 120.9898396}, {'lat': 14.5566742, 'lng': 120.9895262}, {'lat': 14.5565616, 'lng': 120.989214}, {'lat': 14.5564526, 'lng': 120.9889005}, {'lat': 14.5563455, 'lng': 120.9885864}, {'lat': 14.5562766, 'lng': 120.9885222}, {'lat': 14.5559608, 'lng': 120.9886244}, {'lat': 14.555645, 'lng': 120.9887265}, {'lat': 14.5553291, 'lng': 120.9888285}, {'lat': 14.5550133, 'lng': 120.9889305}, {'lat': 14.5547486, 'lng': 120.9888676}]",2,1768176039000,156,156,2604.164,1775.59
route-initial-synthetic-07-02,synthetic-07-02,Initial Route,"[{'lat': 14.5633467, 'lng': 120.9988721}, {'lat': 14.5632987, 'lng': 120.9987607}, {'lat': 14.5632506, 'lng': 120.9986494}, {'lat': 14.5632026, 'lng': 120.998538}, {'lat': 14.5632281, 'lng': 120.9985972}, {'lat': 14.5632761, 'lng': 120.9987085}, {'lat': 14.5633242, 'lng': 120.9988199}, {'lat': 14.5633759, 'lng': 120.9989295}, {'lat': 14.5634309, 'lng': 120.9990376}, {'lat': 14.5634859, 'lng': 120.9991457}, {'lat': 14.5635408, 'lng': 120.9992539}, {'lat': 14.5635958, 'lng': 120.999362}, {'lat': 14.5636507, 'lng': 120.9994701}, {'lat': 14.5637057, 'lng': 120.9995782}, {'lat': 14.5637606, 'lng': 120.9996864}, {'lat': 14.5638156, 'lng': 120.9997945}, {'lat': 14.5638705, 'lng': 120.9999026}, {'lat': 14.5639255, 'lng': 121.0000107}, {'lat': 14.5639804, 'lng': 121.0001189}, {'lat': 14.5640354, 'lng': 121.000227}, {'lat': 14.5640904, 'lng': 121.0003351}, {'lat': 14.5641453, 'lng': 121.0004432}, {'lat': 14.5642003, 'lng': 121.0005513}, {'lat': 14.5642552, 'lng': 121.0006595}, {'lat': 14.5642507, 'lng': 121.0007488}, {'lat': 14.5641436, 'lng': 121.0008058}, {'lat': 14.5640365, 'lng': 121.0008627}, {'lat': 14.5639294, 'lng': 121.0009197}, {'lat': 14.5638555, 'lng': 121.0009812}, {'lat': 14.5639429, 'lng': 121.0010653}, {'lat': 14.5640304, 'lng': 121.0011493}, {'lat': 14.5641178, 'lng': 121.0012334}]",1,1768780811000,90,,408.784,
route-regenerated-synthetic-07-02,synthetic-07-02,Regenerated Route,"[{'lat': 14.5633467, 'lng': 120.9988721}, {'lat': 14.5632989, 'lng': 120.9987613}, {'lat': 14.5632511, 'lng': 120.9986504}, {'lat': 14.5632032, 'lng': 120.9985396}, {'lat': 14.5631044, 'lng': 120.9985373}, {'lat': 14.5629885, 'lng': 120.998571}, {'lat': 14.5628726, 'lng': 120.9986048}, {'lat': 14.5627581, 'lng': 120.9986427}, {'lat': 14.562646, 'lng': 120.9986874}, {'lat': 14.5625339, 'lng': 120.9987322}, {'lat': 14.5624218, 'lng': 120.998777}, {'lat': 14.562312, 'lng': 120.9988272}, {'lat': 14.5622029, 'lng': 120.9988788}, {'lat': 14.5620938, 'lng': 120.9989304}, {'lat': 14.5619988, 'lng': 120.9990037}, {'lat': 14.5619958, 'lng': 120.9990899}, {'lat': 14.5620816, 'lng': 120.9991749}, {'lat': 14.5621673, 'lng': 120.9992599}, {'lat': 14.5622531, 'lng': 120.9993448}, {'lat': 14.5623388, 'lng': 120.9994298}, {'lat': 14.5624246, 'lng': 120.9995147}, {'lat': 14.5625104, 'lng': 120.9995997}, {'lat': 14.5625962, 'lng': 120.9996846}, {'lat': 14.5626819, 'lng': 120.9997696}, {'lat': 14.5627677, 'lng': 120.9998545}, {'lat': 14.5628517, 'lng': 120.999941}, {'lat': 14.5629297, 'lng': 121.0000332}, {'lat': 14.5630076, 'lng': 121.0001254}, {'lat': 14.5630867, 'lng': 121.0002165}, {'lat': 14.5631749, 'lng': 121.0002989}, {'lat': 14.5632631, 'lng': 121.0003813}, {'lat': 14.563351, 'lng': 121.0004641}, {'lat': 14.5634341, 'lng': 121.0005516}, {'lat': 14.5635173, 'lng': 121.0006391}, {'lat': 14.5636004, 'lng': 121.0007266}, {'lat': 14.5636854, 'lng': 121.0008123}, {'lat': 14.5637709, 'lng': 121.0008975}, {'lat': 14.5638567, 'lng': 121.0009824}, {'lat': 14.5639438, 'lng': 121.0010661}, {'lat': 14.5640308, 'lng': 121.0011497}, {'lat': 14.5641178, 'lng': 121.0012334}]",2,1768780830000,90,90,408.784,529.418
route-initial-synthetic-07-03,synthetic-07-03,Initial Route,"[{'lat': 14.5609964, 'lng': 120.9955721}, {'lat': 14.5614389, 'lng': 120.9955053}, {'lat': 14.5619111, 'lng': 120.9953898}, {'lat': 14.5623829, 'lng': 120.995273}, {'lat': 14.5628458, 'lng': 120.9951368}, {'lat': 14.5632913, 'lng': 120.9949423}, {'lat': 14.5637369, 'lng': 120.9947482}, {'lat': 14.564175, 'lng': 120.9945378}, {'lat': 14.5644792, 'lng': 120.9943923}, {'lat': 14.5649171, 'lng': 120.9941813}, {'lat': 14.5653581, 'lng': 120.9939772}, {'lat': 14.5649912, 'lng': 120.9939877}, {'lat': 14.5645518, 'lng': 120.9941955}, {'lat': 14.5642463, 'lng': 120.9943381}, {'lat': 14.5638067, 'lng': 120.9945454}, {'lat': 14.5633697, 'lng': 120.9947583}, {'lat': 14.5629292, 'lng': 120.9949637}, {'lat': 14.5625959, 'lng': 120.9952271}, {'lat': 14.5624453, 'lng': 120.9948039}, {'lat': 14.5620387, 'lng': 120.9945376}, {'lat': 14.5616565, 'lng': 120.9942426}, {'lat': 14.5614362, 'lng': 120.9939958}, {'lat': 14.561267, 'lng': 120.9937375}, {'lat': 14.5611845, 'lng': 120.9932601}, {'lat': 14.5610639, 'lng': 120.9927902}, {'lat': 14.5609126, 'lng': 120.9923297}, {'lat': 14.5607952, 'lng': 120.991858}, {'lat': 14.5606779, 'lng': 120.9913862}, {'lat': 14.5605607, 'lng': 120.9909145}, {'lat': 14.5604434, 'lng': 120.9904428}, {'lat': 14.5603262, 'lng': 120.989971}, {'lat': 14.5602089, 'lng': 120.9894993}, {'lat': 14.5600854, 'lng': 120.9890294}, {'lat': 14.5599642, 'lng': 120.9885587}, {'lat': 14.5598415, 'lng': 120.9880884}, {'lat': 14.5597187, 'lng': 120.987618}, {'lat': 14.559608, 'lng': 120.9872139}, {'lat': 14.5593921, 'lng': 120.9874968}, {'lat': 14.5589334, 'lng': 120.9876578}, {'lat': 14.558671, 'lng': 120.9877458}, {'lat': 14.5582786, 'lng': 120.9878231}, {'lat': 14.5582028, 'lng': 120.9879013}, {'lat': 14.5577391, 'lng': 120.988047}, {'lat': 14.5572753, 'lng': 120.9881926}, {'lat': 14.5568126, 'lng': 120.9883414}, {'lat': 14.5563522, 'lng': 120.9884974}, {'lat': 14.556085, 'lng': 120.9885842}, {'lat': 14.5556225, 'lng': 120.9887338}, {'lat': 14.5551599, 'lng': 120.9888829}, {'lat': 14.5547486, 'lng': 120.9888676}]",1,1769385611000,178,,2604.164,
route-regenerated-synthetic-07-03,synthetic-07-03,Regenerated Route,"[{'lat': 14.5609964, 'lng': 120.9955721}, {'lat': 14.5612891, 'lng': 120.9955419}, {'lat': 14.5616116, 'lng': 120.9954631}, {'lat': 14.561934, 'lng': 120.9953842}, {'lat': 14.5622564, 'lng': 120.9953054}, {'lat': 14.562581, 'lng': 120.9952398}, {'lat': 14.5624359, 'lng': 120.9951506}, {'lat': 14.5621165, 'lng': 120.9952403}, {'lat': 14.5617952, 'lng': 120.9953236}, {'lat': 14.5614739, 'lng': 120.9954068}, {'lat': 14.5611526, 'lng': 120.9954901}, {'lat': 14.5609087, 'lng': 120.9955511}, {'lat': 14.5605849, 'lng': 120.9956241}, {'lat': 14.5602609, 'lng': 120.9956962}, {'lat': 14.5601557, 'lng': 120.9955535}, {'lat': 14.5601047, 'lng': 120.9952255}, {'lat': 14.5600544, 'lng': 120.9948974}, {'lat': 14.5599976, 'lng': 120.9945704}, {'lat': 14.5599427, 'lng': 120.9942431}, {'lat': 14.5598881, 'lng': 120.9939157}, {'lat': 14.5598335, 'lng': 120.9935883}, {'lat': 14.5597789, 'lng': 120.9932609}, {'lat': 14.5596991, 'lng': 120.9929768}, {'lat': 14.5593858, 'lng': 120.9930865}, {'lat': 14.5590689, 'lng': 120.993185}, {'lat': 14.558749, 'lng': 120.9932734}, {'lat': 14.5584254, 'lng': 120.9933471}, {'lat': 14.5581013, 'lng': 120.9934184}, {'lat': 14.5579401, 'lng': 120.9932092}, {'lat': 14.5578441, 'lng': 120.9928915}, {'lat': 14.5577475, 'lng': 120.9925739}, {'lat': 14.5576505, 'lng': 120.9922565}, {'lat': 14.5575535, 'lng': 120.9919391}, {'lat': 14.5574566, 'lng': 120.9916216}, {'lat': 14.5573596, 'lng': 120.9913042}, {'lat': 14.5572626, 'lng': 120.9909868}, {'lat': 14.5571535, 'lng': 120.9906934}, {'lat': 14.5570025, 'lng': 120.9904663}, {'lat': 14.5568932, 'lng': 120.9901529}, {'lat': 14.5567837, 'lng': 120.9898396}, {'lat': 14.5566742, 'lng': 120.9895262}, {'lat': 14.5565616, 'lng': 120.989214}, {'lat': 14.5564526, 'lng': 120.9889005}, {'lat': 14.5563455, 'lng': 120.9885864}, {'lat': 14.5562766, 'lng': 120.9885222}, {'lat': 14.5559608, 'lng': 120.9886244}, {'lat': 14.555645, 'lng': 120.9887265}, {'lat': 14.5553291, 'lng': 120.9888285}, {'lat': 14.5550133, 'lng': 120.9889305}, {'lat': 14.5547486, 'lng': 120.9888676}]",2,1769385642000,178,178,2604.164,1775.59
route-initial-synthetic-07-04,synthetic-07-04,Initial Route,"[{'lat': 14.5633467, 'lng': 120.9988721}, {'lat': 14.5632987, 'lng': 120.9987607}, {'lat': 14.5632506, 'lng': 120.9986494}, {'lat': 14.5632026, 'lng': 120.998538}, {'lat': 14.5632281, 'lng': 120.9985972}, {'lat': 14.5632761, 'lng': 120.9987085}, {'lat': 14.5633242, 'lng': 120.9988199}, {'lat': 14.5633759, 'lng': 120.9989295}, {'lat': 14.5634309, 'lng': 120.9990376}, {'lat': 14.5634859, 'lng': 120.9991457}, {'lat': 14.5635408, 'lng': 120.9992539}, {'lat': 14.5635958, 'lng': 120.999362}, {'lat': 14.5636507, 'lng': 120.9994701}, {'lat': 14.5637057, 'lng': 120.9995782}, {'lat': 14.5637606, 'lng': 120.9996864}, {'lat': 14.5638156, 'lng': 120.9997945}, {'lat': 14.5638705, 'lng': 120.9999026}, {'lat': 14.5639255, 'lng': 121.0000107}, {'lat': 14.5639804, 'lng': 121.0001189}, {'lat': 14.5640354, 'lng': 121.000227}, {'lat': 14.5640904, 'lng': 121.0003351}, {'lat': 14.5641453, 'lng': 121.0004432}, {'lat': 14.5642003, 'lng': 121.0005513}, {'lat': 14.5642552, 'lng': 121.0006595}, {'lat': 14.5642507, 'lng': 121.0007488}, {'lat': 14.5641436, 'lng': 121.0008058}, {'lat': 14.5640365, 'lng': 121.0008627}, {'lat': 14.5639294, 'lng': 121.0009197}, {'lat': 14.5638555, 'lng': 121.0009812}, {'lat': 14.5639429, 'lng': 121.0010653}, {'lat': 14.5640304, 'lng': 121.0011493}, {'lat': 14.5641178, 'lng': 121.0012334}]",1,1769990411000,90,,408.784,
route-regenerated-synthetic-07-04,synthetic-07-04,Regenerated Route,"[{'lat': 14.5633467, 'lng': 120.9988721}, {'lat': 14.5632989, 'lng': 120.9987613}, {'lat': 14.5632511, 'lng': 120.9986504}, {'lat': 14.5632032, 'lng': 120.9985396}, {'lat': 14.5631044, 'lng': 120.9985373}, {'lat': 14.5629885, 'lng': 120.998571}, {'lat': 14.5628726, 'lng': 120.9986048}, {'lat': 14.5627581, 'lng': 120.9986427}, {'lat': 14.562646, 'lng': 120.9986874}, {'lat': 14.5625339, 'lng': 120.9987322}, {'lat': 14.5624218, 'lng': 120.998777}, {'lat': 14.562312, 'lng': 120.9988272}, {'lat': 14.5622029, 'lng': 120.9988788}, {'lat': 14.5620938, 'lng': 120.9989304}, {'lat': 14.5619988, 'lng': 120.9990037}, {'lat': 14.5619958, 'lng': 120.9990899}, {'lat': 14.5620816, 'lng': 120.9991749}, {'lat': 14.5621673, 'lng': 120.9992599}, {'lat': 14.5622531, 'lng': 120.9993448}, {'lat': 14.5623388, 'lng': 120.9994298}, {'lat': 14.5624246, 'lng': 120.9995147}, {'lat': 14.5625104, 'lng': 120.9995997}, {'lat': 14.5625962, 'lng': 120.9996846}, {'lat': 14.5626819, 'lng': 120.9997696}, {'lat': 14.5627677, 'lng': 120.9998545}, {'lat': 14.5628517, 'lng': 120.999941}, {'lat': 14.5629297, 'lng': 121.0000332}, {'lat': 14.5630076, 'lng': 121.0001254}, {'lat': 14.5630867, 'lng': 121.0002165}, {'lat': 14.5631749, 'lng': 121.0002989}, {'lat': 14.5632631, 'lng': 121.0003813}, {'lat': 14.563351, 'lng': 121.0004641}, {'lat': 14.5634341, 'lng': 121.0005516}, {'lat': 14.5635173, 'lng': 121.0006391}, {'lat': 14.5636004, 'lng': 121.0007266}, {'lat': 14.5636854, 'lng': 121.0008123}, {'lat': 14.5637709, 'lng': 121.0008975}, {'lat': 14.5638567, 'lng': 121.0009824}, {'lat': 14.5639438, 'lng': 121.0010661}, {'lat': 14.5640308, 'lng': 121.0011497}, {'lat': 14.5641178, 'lng': 121.0012334}]",2,1769990430000,90,90,408.784,529.418
route-initial-synthetic-07-05,synthetic-07-05,Initial Route,"[{'lat': 14.5609964, 'lng': 120.9955721}, {'lat': 14.5614389, 'lng': 120.9955053}, {'lat': 14.5619111, 'lng': 120.9953898}, {'lat': 14.5623829, 'lng': 120.995273}, {'lat': 14.5628458, 'lng': 120.9951368}, {'lat': 14.5632913, 'lng': 120.9949423}, {'lat': 14.5637369, 'lng': 120.9947482}, {'lat': 14.564175, 'lng': 120.9945378}, {'lat': 14.5644792, 'lng': 120.9943923}, {'lat': 14.5649171, 'lng': 120.9941813}, {'lat': 14.5653581, 'lng': 120.9939772}, {'lat': 14.5649912, 'lng': 120.9939877}, {'lat': 14.5645518, 'lng': 120.9941955}, {'lat': 14.5642463, 'lng': 120.9943381}, {'lat': 14.5638067, 'lng': 120.9945454}, {'lat': 14.5633697, 'lng': 120.9947583}, {'lat': 14.5629292, 'lng': 120.9949637}, {'lat': 14.5625959, 'lng': 120.9952271}, {'lat': 14.5624453, 'lng': 120.9948039}, {'lat': 14.5620387, 'lng': 120.9945376}, {'lat': 14.5616565, 'lng': 120.9942426}, {'lat': 14.5614362, 'lng': 120.9939958}, {'lat': 14.561267, 'lng': 120.9937375}, {'lat': 14.5611845, 'lng': 120.9932601}, {'lat': 14.5610639, 'lng': 120.9927902}, {'lat': 14.5609126, 'lng': 120.9923297}, {'lat': 14.5607952, 'lng': 120.991858}, {'lat': 14.5606779, 'lng': 120.9913862}, {'lat': 14.5605607, 'lng': 120.9909145}, {'lat': 14.5604434, 'lng': 120.9904428}, {'lat': 14.5603262, 'lng': 120.989971}, {'lat': 14.5602089, 'lng': 120.9894993}, {'lat': 14.5600854, 'lng': 120.9890294}, {'lat': 14.5599642, 'lng': 120.9885587}, {'lat': 14.5598415, 'lng': 120.9880884}, {'lat': 14.5597187, 'lng': 120.987618}, {'lat': 14.559608, 'lng': 120.9872139}, {'lat': 14.5593921, 'lng': 120.9874968}, {'lat': 14.5589334, 'lng': 120.9876578}, {'lat': 14.558671, 'lng': 120.9877458}, {'lat': 14.5582786, 'lng': 120.9878231}, {'lat': 14.5582028, 'lng': 120.9879013}, {'lat': 14.5577391, 'lng': 120.988047}, {'lat': 14.5572753, 'lng': 120.9881926}, {'lat': 14.5568126, 'lng': 120.9883414}, {'lat': 14.5563522, 'lng': 120.9884974}, {'lat': 14.556085, 'lng': 120.9885842}, {'lat': 14.5556225, 'lng': 120.9887338}, {'lat': 14.5551599, 'lng': 120.9888829}, {'lat': 14.5547486, 'lng': 120.9888676}]",1,1770595211000,159,,2604.164,
route-regenerated-synthetic-07-05,synthetic-07-05,Regenerated Route,"[{'lat': 14.5609964, 'lng': 120.9955721}, {'lat': 14.5612891, 'lng': 120.9955419}, {'lat': 14.5616116, 'lng': 120.9954631}, {'lat': 14.561934, 'lng': 120.9953842}, {'lat': 14.5622564, 'lng': 120.9953054}, {'lat': 14.562581, 'lng': 120.9952398}, {'lat': 14.5624359, 'lng': 120.9951506}, {'lat': 14.5621165, 'lng': 120.9952403}, {'lat': 14.5617952, 'lng': 120.9953236}, {'lat': 14.5614739, 'lng': 120.9954068}, {'lat': 14.5611526, 'lng': 120.9954901}, {'lat': 14.5609087, 'lng': 120.9955511}, {'lat': 14.5605849, 'lng': 120.9956241}, {'lat': 14.5602609, 'lng': 120.9956962}, {'lat': 14.5601557, 'lng': 120.9955535}, {'lat': 14.5601047, 'lng': 120.9952255}, {'lat': 14.5600544, 'lng': 120.9948974}, {'lat': 14.5599976, 'lng': 120.9945704}, {'lat': 14.5599427, 'lng': 120.9942431}, {'lat': 14.5598881, 'lng': 120.9939157}, {'lat': 14.5598335, 'lng': 120.9935883}, {'lat': 14.5597789, 'lng': 120.9932609}, {'lat': 14.5596991, 'lng': 120.9929768}, {'lat': 14.5593858, 'lng': 120.9930865}, {'lat': 14.5590689, 'lng': 120.993185}, {'lat': 14.558749, 'lng': 120.9932734}, {'lat': 14.5584254, 'lng': 120.9933471}, {'lat': 14.5581013, 'lng': 120.9934184}, {'lat': 14.5579401, 'lng': 120.9932092}, {'lat': 14.5578441, 'lng': 120.9928915}, {'lat': 14.5577475, 'lng': 120.9925739}, {'lat': 14.5576505, 'lng': 120.9922565}, {'lat': 14.5575535, 'lng': 120.9919391}, {'lat': 14.5574566, 'lng': 120.9916216}, {'lat': 14.5573596, 'lng': 120.9913042}, {'lat': 14.5572626, 'lng': 120.9909868}, {'lat': 14.5571535, 'lng': 120.9906934}, {'lat': 14.5570025, 'lng': 120.9904663}, {'lat': 14.5568932, 'lng': 120.9901529}, {'lat': 14.5567837, 'lng': 120.9898396}, {'lat': 14.5566742, 'lng': 120.9895262}, {'lat': 14.5565616, 'lng': 120.989214}, {'lat': 14.5564526, 'lng': 120.9889005}, {'lat': 14.5563455, 'lng': 120.9885864}, {'lat': 14.5562766, 'lng': 120.9885222}, {'lat': 14.5559608, 'lng': 120.9886244}, {'lat': 14.555645, 'lng': 120.9887265}, {'lat': 14.5553291, 'lng': 120.9888285}, {'lat': 14.5550133, 'lng': 120.9889305}, {'lat': 14.5547486, 'lng': 120.9888676}]",2,1770595240000,159,159,2604.164,1775.59
route-initial-synthetic-07-06,synthetic-07-06,Initial Route,"[{'lat': 14.5643695, 'lng': 120.9943615}, {'lat': 14.5644418, 'lng': 120.9944098}, {'lat': 14.5645525, 'lng': 120.9943574}, {'lat': 14.5646627, 'lng': 120.9943041}, {'lat': 14.5647729, 'lng': 120.9942509}, {'lat': 14.5648832, 'lng': 120.9941977}, {'lat': 14.5649934, 'lng': 120.9941445}, {'lat': 14.5651037, 'lng': 120.9940913}, {'lat': 14.565215, 'lng': 120.9940405}, {'lat': 14.5653268, 'lng': 120.9939905}, {'lat': 14.5653297, 'lng': 120.9939165}, {'lat': 14.5654133, 'lng': 120.9939535}, {'lat': 14.5655258, 'lng': 120.9939051}, {'lat': 14.5656364, 'lng': 120.9938527}, {'lat': 14.5657468, 'lng': 120.9937998}, {'lat': 14.5658093, 'lng': 120.9938771}, {'lat': 14.5658582, 'lng': 120.9939894}, {'lat': 14.565907, 'lng': 120.9941016}, {'lat': 14.5659559, 'lng': 120.9942139}, {'lat': 14.5660048, 'lng': 120.9943261}, {'lat': 14.5660536, 'lng': 120.9944384}, {'lat': 14.5661062, 'lng': 120.9945407}, {'lat': 14.5662171, 'lng': 120.9944887}, {'lat': 14.5663278, 'lng': 120.9944365}, {'lat': 14.5664382, 'lng': 120.9943835}, {'lat': 14.5665485, 'lng': 120.9943305}, {'lat': 14.5666587, 'lng': 120.9942773}, {'lat': 14.566769, 'lng': 120.9942241}, {'lat': 14.5668794, 'lng': 120.9941712}, {'lat': 14.5669899, 'lng': 120.9941187}, {'lat': 14.5671005, 'lng': 120.9940662}, {'lat': 14.5672111, 'lng': 120.9940137}, {'lat': 14.5673221, 'lng': 120.993962}, {'lat': 14.5674334, 'lng': 120.9939109}, {'lat': 14.5675446, 'lng': 120.9938599}, {'lat': 14.5676559, 'lng': 120.9938088}, {'lat': 14.5677671, 'lng': 120.9937577}]",1,1771210811000,90,,483.7,
route-initial-synthetic-07-07,synthetic-07-07,Initial Route,"[{'lat': 14.5587681, 'lng': 120.996085}, {'lat': 14.5588512, 'lng': 120.996111}, {'lat': 14.5589689, 'lng': 120.9960838}, {'lat': 14.5590865, 'lng': 120.9960567}, {'lat': 14.5592041, 'lng': 120.9960296}, {'lat': 14.5593218, 'lng': 120.9960025}, {'lat': 14.5594394, 'lng': 120.9959754}, {'lat': 14.559557, 'lng': 120.9959483}, {'lat': 14.5596746, 'lng': 120.995921}, {'lat': 14.5597922, 'lng': 120.9958937}, {'lat': 14.5599098, 'lng': 120.9958664}, {'lat': 14.5600274, 'lng': 120.9958391}, {'lat': 14.560145, 'lng': 120.9958119}, {'lat': 14.5601856, 'lng': 120.9957361}, {'lat': 14.5601656, 'lng': 120.995617}, {'lat': 14.5601471, 'lng': 120.9954978}, {'lat': 14.5601285, 'lng': 120.9953785}, {'lat': 14.56011, 'lng': 120.9952592}, {'lat': 14.5600915, 'lng': 120.9951399}, {'lat': 14.5600733, 'lng': 120.9950206}, {'lat': 14.560055, 'lng': 120.9949012}, {'lat': 14.5600345, 'lng': 120.9947823}, {'lat': 14.5600137, 'lng': 120.9946634}, {'lat': 14.5599931, 'lng': 120.9945444}, {'lat': 14.5600959, 'lng': 120.994499}, {'lat': 14.5602102, 'lng': 120.9944601}, {'lat': 14.5603163, 'lng': 120.9944025}, {'lat': 14.5604223, 'lng': 120.9943449}, {'lat': 14.5605284, 'lng': 120.9942872}, {'lat': 14.5606345, 'lng': 120.9942296}, {'lat': 14.5607405, 'lng': 120.9941719}, {'lat': 14.5608466, 'lng': 120.9941143}, {'lat': 14.5609524, 'lng': 120.9940562}, {'lat': 14.5610579, 'lng': 120.9939974}, {'lat': 14.5611616, 'lng': 120.9939357}, {'lat': 14.5612254, 'lng': 120.9938469}, {'lat': 14.5612184, 'lng': 120.9938952}, {'lat': 14.5612719, 'lng': 120.9940021}, {'lat': 14.5613312, 'lng': 120.9941072}, {'lat': 14.561407, 'lng': 120.9941998}, {'lat': 14.5614892, 'lng': 120.9941456}, {'lat': 14.5614876, 'lng': 120.9940559}, {'lat': 14.5614096, 'lng': 120.9939638}, {'lat': 14.561341, 'lng': 120.9938645}, {'lat': 14.5612841, 'lng': 120.9937582}, {'lat': 14.5612306, 'lng': 120.9938113}]",1,1771815611000,90,,593.8,
route-initial-synthetic-07-08,synthetic-07-08,Initial Route,"[{'lat': 14.5618298, 'lng': 120.9968042}, {'lat': 14.5617164, 'lng': 120.9968466}, {'lat': 14.561603, 'lng': 120.996889}, {'lat': 14.5614895, 'lng': 120.9969314}, {'lat': 14.5613761, 'lng': 120.9969738}, {'lat': 14.5612627, 'lng': 120.9970163}, {'lat': 14.5611487, 'lng': 120.997057}, {'lat': 14.5610348, 'lng': 120.9970981}, {'lat': 14.5609209, 'lng': 120.9971392}, {'lat': 14.560807, 'lng': 120.9971804}, {'lat': 14.560693, 'lng': 120.9972211}, {'lat': 14.5605789, 'lng': 120.9972616}, {'lat': 14.5604649, 'lng': 120.9973025}, {'lat': 14.5603513, 'lng': 120.9973443}, {'lat': 14.5602377, 'lng': 120.9973864}, {'lat': 14.5601238, 'lng': 120.9974275}, {'lat': 14.5600101, 'lng': 120.997469}, {'lat': 14.5598963, 'lng': 120.9975105}, {'lat': 14.5597836, 'lng': 120.9975547}, {'lat': 14.5596713, 'lng': 120.9976001}, {'lat': 14.5595589, 'lng': 120.997645}, {'lat': 14.5594424, 'lng': 120.9976777}, {'lat': 14.5593251, 'lng': 120.9977077}, {'lat': 14.5592078, 'lng': 120.9977378}, {'lat': 14.5590906, 'lng': 120.9977679}, {'lat': 14.5589733, 'lng': 120.9977979}, {'lat': 14.558856, 'lng': 120.997828}, {'lat': 14.5587387, 'lng': 120.9978581}, {'lat': 14.558623, 'lng': 120.9978936}, {'lat': 14.5585087, 'lng': 120.9979336}, {'lat': 14.5583944, 'lng': 120.9979736}, {'lat': 14.5582801, 'lng': 120.9980136}, {'lat': 14.5581658, 'lng': 120.9980535}, {'lat': 14.5580515, 'lng': 120.9980935}, {'lat': 14.5579373, 'lng': 120.9981335}, {'lat': 14.557823, 'lng': 120.9981735}, {'lat': 14.5577074, 'lng': 120.9982094}, {'lat': 14.5575907, 'lng': 120.9982417}, {'lat': 14.557474, 'lng': 120.998274}, {'lat': 14.5573573, 'lng': 120.9983064}, {'lat': 14.5572406, 'lng': 120.9983387}, {'lat': 14.5571239, 'lng': 120.998371}, {'lat': 14.5570072, 'lng': 120.9984033}, {'lat': 14.5568905, 'lng': 120.9984356}, {'lat': 14.5567732, 'lng': 120.9984653}]",1,1772420411000,90,,590.1,
route-initial-synthetic-07-09,synthetic-07-09,Initial Route,"[{'lat': 14.5643695, 'lng': 120.9943615}, {'lat': 14.5642655, 'lng': 120.9943292}, {'lat': 14.5641224, 'lng': 120.9943955}, {'lat': 14.5639792, 'lng': 120.9944617}, {'lat': 14.5638372, 'lng': 120.9945304}, {'lat': 14.5636964, 'lng': 120.9946015}, {'lat': 14.5635552, 'lng': 120.9946718}, {'lat': 14.5634122, 'lng': 120.9947384}, {'lat': 14.5632693, 'lng': 120.9948051}, {'lat': 14.563126, 'lng': 120.9948711}, {'lat': 14.5629833, 'lng': 120.9949383}, {'lat': 14.5628406, 'lng': 120.9950055}, {'lat': 14.5626978, 'lng': 120.9950726}, {'lat': 14.5625994, 'lng': 120.9951546}, {'lat': 14.562599, 'lng': 120.9951636}, {'lat': 14.562517, 'lng': 120.9951239}, {'lat': 14.5623671, 'lng': 120.9951733}, {'lat': 14.562215, 'lng': 120.9952148}, {'lat': 14.5620623, 'lng': 120.9952544}, {'lat': 14.5619096, 'lng': 120.9952939}, {'lat': 14.5617569, 'lng': 120.9953335}, {'lat': 14.5616042, 'lng': 120.9953731}, {'lat': 14.5614515, 'lng': 120.9954126}, {'lat': 14.5612988, 'lng': 120.9954522}, {'lat': 14.5611461, 'lng': 120.9954918}, {'lat': 14.5609934, 'lng': 120.9955313}, {'lat': 14.5609181, 'lng': 120.9955489}, {'lat': 14.5607643, 'lng': 120.9955842}, {'lat': 14.5606104, 'lng': 120.9956185}, {'lat': 14.5604564, 'lng': 120.9956527}, {'lat': 14.5603024, 'lng': 120.995687}, {'lat': 14.5601879, 'lng': 120.9957464}, {'lat': 14.5601648, 'lng': 120.9956117}, {'lat': 14.5601405, 'lng': 120.9954558}, {'lat': 14.5601163, 'lng': 120.9952999}, {'lat': 14.5600922, 'lng': 120.9951441}, {'lat': 14.5600683, 'lng': 120.9949881}, {'lat': 14.5600432, 'lng': 120.9948324}, {'lat': 14.5600161, 'lng': 120.994677}, {'lat': 14.5599892, 'lng': 120.9945216}, {'lat': 14.5599632, 'lng': 120.994366}, {'lat': 14.5599373, 'lng': 120.9942104}, {'lat': 14.5599113, 'lng': 120.9940548}, {'lat': 14.5598853, 'lng': 120.9938992}, {'lat': 14.5598594, 'lng': 120.9937436}, {'lat': 14.5598334, 'lng': 120.993588}, {'lat': 14.5598075, 'lng': 120.9934324}, {'lat': 14.5597815, 'lng': 120.9932768}, {'lat': 14.5597556, 'lng': 120.9931212}, {'lat': 14.5597296, 'lng': 120.9929656}]",1,1773025211000,90,,844.5,
route-initial-synthetic-07-10,synthetic-07-10,Initial Route,"[{'lat': 14.570849, 'lng': 120.9935069}, {'lat': 14.5708054, 'lng': 120.9933918}, {'lat': 14.5707618, 'lng': 120.9932767}, {'lat': 14.5707182, 'lng': 120.9931616}, {'lat': 14.5706746, 'lng': 120.9930465}, {'lat': 14.5706309, 'lng': 120.9929315}, {'lat': 14.5705873, 'lng': 120.9928164}, {'lat': 14.5705437, 'lng': 120.9927013}, {'lat': 14.5705001, 'lng': 120.9925862}, {'lat': 14.5704644, 'lng': 120.992474}, {'lat': 14.5705725, 'lng': 120.9924152}, {'lat': 14.5706807, 'lng': 120.9923565}, {'lat': 14.5707889, 'lng': 120.9922978}, {'lat': 14.570897, 'lng': 120.9922391}, {'lat': 14.571005, 'lng': 120.99218}, {'lat': 14.5710874, 'lng': 120.9921182}, {'lat': 14.5709911, 'lng': 120.9920415}, {'lat': 14.5708938, 'lng': 120.9919662}, {'lat': 14.5707981, 'lng': 120.9918888}, {'lat': 14.5707026, 'lng': 120.9918112}, {'lat': 14.5705943, 'lng': 120.9917533}, {'lat': 14.5704841, 'lng': 120.9916986}, {'lat': 14.570399, 'lng': 120.9916221}, {'lat': 14.5704245, 'lng': 120.991531}, {'lat': 14.5705334, 'lng': 120.9914736}, {'lat': 14.5706423, 'lng': 120.9914163}]",1,1773630011000,90,,336.0,
route-initial-synthetic-07-11,synthetic-07-11,Initial Route,"[{'lat': 14.5643695, 'lng': 120.9943615}, {'lat': 14.5644418, 'lng': 120.9944098}, {'lat': 14.5645525, 'lng': 120.9943574}, {'lat': 14.5646627, 'lng': 120.9943041}, {'lat': 14.5647729, 'lng': 120.9942509}, {'lat': 14.5648832, 'lng': 120.9941977}, {'lat': 14.5649934, 'lng': 120.9941445}, {'lat': 14.5651037, 'lng': 120.9940913}, {'lat': 14.565215, 'lng': 120.9940405}, {'lat': 14.5653268, 'lng': 120.9939905}, {'lat': 14.5653297, 'lng': 120.9939165}, {'lat': 14.5654133, 'lng': 120.9939535}, {'lat': 14.5655258, 'lng': 120.9939051}, {'lat': 14.5656364, 'lng': 120.9938527}, {'lat': 14.5657468, 'lng': 120.9937998}, {'lat': 14.5658093, 'lng': 120.9938771}, {'lat': 14.5658582, 'lng': 120.9939894}, {'lat': 14.565907, 'lng': 120.9941016}, {'lat': 14.5659559, 'lng': 120.9942139}, {'lat': 14.5660048, 'lng': 120.9943261}, {'lat': 14.5660536, 'lng': 120.9944384}, {'lat': 14.5661062, 'lng': 120.9945407}, {'lat': 14.5662171, 'lng': 120.9944887}, {'lat': 14.5663278, 'lng': 120.9944365}, {'lat': 14.5664382, 'lng': 120.9943835}, {'lat': 14.5665485, 'lng': 120.9943305}, {'lat': 14.5666587, 'lng': 120.9942773}, {'lat': 14.566769, 'lng': 120.9942241}, {'lat': 14.5668794, 'lng': 120.9941712}, {'lat': 14.5669899, 'lng': 120.9941187}, {'lat': 14.5671005, 'lng': 120.9940662}, {'lat': 14.5672111, 'lng': 120.9940137}, {'lat': 14.5673221, 'lng': 120.993962}, {'lat': 14.5674334, 'lng': 120.9939109}, {'lat': 14.5675446, 'lng': 120.9938599}, {'lat': 14.5676559, 'lng': 120.9938088}, {'lat': 14.5677671, 'lng': 120.9937577}]",1,1774234811000,90,,483.7,
