rideId,pointIndex,latitude,longitude,timestamp,elevation
synthetic-traffic-00-00,0,14.5609964,120.9955721,1767570000000,0.0
synthetic-traffic-00-00,1,14.56102,120.9956077,1767570002000,0.0
synthetic-traffic-00-00,2,14.5610734,120.9955947,1767570004000,0.0
synthetic-traffic-00-00,3,14.5611267,120.9955816,1767570006000,0.0
synthetic-traffic-00-00,4,14.56118,120.9955686,1767570008000,0.0
synthetic-traffic-00-00,5,14.5612333,120.9955556,1767570010000,0.0
synthetic-traffic-00-00,6,14.5612866,120.9955425,1767570012000,0.0
synthetic-traffic-00-00,7,14.5613399,120.9955295,1767570014000,0.0
synthetic-traffic-00-00,8,14.5613932,120.9955165,1767570016000,0.0
synthetic-traffic-00-00,9,14.5614465,120.9955034,1767570018000,0.0
synthetic-traffic-00-00,10,14.5614998,120.9954904,1767570020000,0.0
synthetic-traffic-00-00,11,14.5615531,120.9954773,1767570022000,0.0
synthetic-traffic-00-00,12,14.5616065,120.9954643,1767570024000,0.0
synthetic-traffic-00-00,13,14.5616598,120.9954513,1767570026000,0.0
synthetic-traffic-00-00,14,14.5617131,120.9954382,1767570028000,0.0
synthetic-traffic-00-00,15,14.5617664,120.9954252,1767570030000,0.0
synthetic-traffic-00-00,16,14.5618197,120.9954122,1767570032000,0.0
synthetic-traffic-00-00,17,14.561873,120.9953991,1767570034000,0.0
synthetic-traffic-00-00,18,14.5619263,120.9953861,1767570036000,0.0
synthetic-traffic-00-00,19,14.5619796,120.995373,1767570038000,0.0
synthetic-traffic-00-00,20,14.5620329,120.99536,1767570040000,0.0
synthetic-traffic-00-00,21,14.5620862,120.995347,1767570042000,0.0
synthetic-traffic-00-00,22,14.5621396,120.9953339,1767570044000,0.0
synthetic-traffic-00-00,23,14.5621929,120.9953209,1767570046000,0.0
synthetic-traffic-00-00,24,14.5622462,120.9953079,1767570048000,0.0
synthetic-traffic-00-00,25,14.5622995,120.9952948,1767570050000,0.0
synthetic-traffic-00-00,26,14.5623527,120.9952816,1767570052000,0.0
synthetic-traffic-00-00,27,14.5624055,120.9952666,1767570054000,0.0
synthetic-traffic-00-00,28,14.5624592,120.9952557,1767570056000,0.0
synthetic-traffic-00-00,29,14.5625136,120.9952486,1767570058000,0.0
synthetic-traffic-00-00,30,14.562568,120.9952415,1767570060000,0.0
synthetic-traffic-00-00,31,14.5626213,120.9952295,1767570062000,0.0
synthetic-traffic-00-00,32,14.5626734,120.9952122,1767570064000,0.0
synthetic-traffic-00-00,33,14.5627237,120.9951902,1767570066000,0.0
synthetic-traffic-00-00,34,14.562774,120.9951682,1767570068000,0.0
synthetic-traffic-00-00,35,14.5628243,120.9951462,1767570070000,0.0
synthetic-traffic-00-00,36,14.5628745,120.9951243,1767570072000,0.0
synthetic-traffic-00-00,37,14.5629248,120.9951023,1767570074000,0.0
synthetic-traffic-00-00,38,14.5629751,120.9950803,1767570076000,0.0
synthetic-traffic-00-00,39,14.5630254,120.9950584,1767570078000,0.0
synthetic-traffic-00-00,40,14.5630757,120.9950364,1767570080000,0.0
synthetic-traffic-00-00,41,14.563126,120.9950144,1767570082000,0.0
synthetic-traffic-00-00,42,14.5631763,120.9949925,1767570084000,0.0
synthetic-traffic-00-00,43,14.5632266,120.9949705,1767570086000,0.0
synthetic-traffic-00-00,44,14.5632769,120.9949485,1767570088000,0.0
synthetic-traffic-00-00,45,14.5633272,120.9949266,1767570090000,0.0
synthetic-traffic-00-00,46,14.5633775,120.9949046,1767570092000,0.0
synthetic-traffic-00-00,47,14.5634278,120.9948826,1767570094000,0.0
synthetic-traffic-00-00,48,14.5634781,120.9948607,1767570096000,0.0
synthetic-traffic-00-00,49,14.5635284,120.9948387,1767570098000,0.0
synthetic-traffic-00-00,50,14.5635786,120.9948167,1767570100000,0.0
synthetic-traffic-00-00,51,14.5636289,120.9947948,1767570102000,0.0
synthetic-traffic-00-00,52,14.5636793,120.9947729,1767570104000,0.0
synthetic-traffic-00-00,53,14.5637297,120.9947513,1767570106000,0.0
synthetic-traffic-00-00,54,14.5637802,120.9947297,1767570108000,0.0
synthetic-traffic-00-00,55,14.5638299,120.9947066,1767570110000,0.0
synthetic-traffic-00-00,56,14.5638792,120.9946825,1767570112000,0.0
synthetic-traffic-00-00,57,14.5639285,120.9946584,1767570114000,0.0
synthetic-traffic-00-00,58,14.5639778,120.9946342,1767570116000,0.0
synthetic-traffic-00-00,59,14.5640271,120.9946101,1767570118000,0.0
synthetic-traffic-00-00,60,14.5640764,120.994586,1767570120000,0.0
synthetic-traffic-00-00,61,14.5641257,120.9945619,1767570122000,0.0
synthetic-traffic-00-00,62,14.564175,120.9945378,1767570124000,0.0
synthetic-traffic-00-00,63,14.5642243,120.9945137,1767570126000,0.0
synthetic-traffic-00-00,64,14.5642736,120.9944895,1767570128000,0.0
synthetic-traffic-00-00,65,14.5643229,120.9944654,1767570130000,0.0
synthetic-traffic-00-00,66,14.5643725,120.9944419,1767570132000,0.0
synthetic-traffic-00-00,67,14.5643881,120.9944058,1767570134000,0.0
synthetic-traffic-00-00,68,14.5643721,120.9943678,1767570136000,0.0
synthetic-traffic-00-00,69,14.5643934,120.9944184,1767570138000,0.0
synthetic-traffic-00-00,70,14.5644366,120.9944123,1767570140000,0.0
synthetic-traffic-00-00,71,14.5644863,120.994389,1767570142000,0.0
synthetic-traffic-00-00,72,14.5645358,120.9943654,1767570144000,0.0
synthetic-traffic-00-00,73,14.5645853,120.9943415,1767570146000,0.0
synthetic-traffic-00-00,74,14.5646347,120.9943177,1767570148000,0.0
synthetic-traffic-00-00,75,14.5646841,120.9942938,1767570150000,0.0
synthetic-traffic-00-00,76,14.5647335,120.99427,1767570152000,0.0
synthetic-traffic-00-00,77,14.5647829,120.9942461,1767570154000,0.0
synthetic-traffic-00-00,78,14.5648324,120.9942222,1767570156000,0.0
synthetic-traffic-00-00,79,14.5648818,120.9941984,1767570158000,0.0
synthetic-traffic-00-00,80,14.5649312,120.9941745,1767570160000,0.0
synthetic-traffic-00-00,81,14.5649806,120.9941506,1767570162000,0.0
synthetic-traffic-00-00,82,14.5650301,120.9941268,1767570164000,0.0
synthetic-traffic-00-00,83,14.5650795,120.9941029,1767570166000,0.0
synthetic-traffic-00-00,84,14.5651289,120.9940791,1767570168000,0.0
synthetic-traffic-00-00,85,14.5651789,120.9940565,1767570170000,0.0
synthetic-traffic-00-00,86,14.5652291,120.9940342,1767570172000,0.0
synthetic-traffic-00-00,87,14.5652792,120.9940118,1767570174000,0.0
synthetic-traffic-00-00,88,14.5653293,120.9939894,1767570176000,0.0
synthetic-traffic-00-00,89,14.5653537,120.9939591,1767570178000,0.0
synthetic-traffic-00-00,90,14.5653267,120.9939113,1767570180000,0.0
synthetic-traffic-00-00,91,14.5652997,120.9938635,1767570182000,0.0
synthetic-traffic-00-00,92,14.5652596,120.9938582,1767570184000,0.0
synthetic-traffic-00-00,93,14.5652102,120.9938823,1767570186000,0.0
synthetic-traffic-00-00,94,14.5651609,120.9939064,1767570188000,0.0
synthetic-traffic-00-00,95,14.5651116,120.9939304,1767570190000,0.0
synthetic-traffic-00-00,96,14.5650621,120.9939541,1767570192000,0.0
synthetic-traffic-00-00,97,14.5650125,120.9939776,1767570194000,0.0
synthetic-traffic-00-00,98,14.5649629,120.9940011,1767570196000,0.0
synthetic-traffic-00-00,99,14.5649133,120.9940247,1767570198000,0.0
synthetic-traffic-00-00,100,14.5648638,120.9940482,1767570200000,0.0
synthetic-traffic-00-00,101,14.5648142,120.9940718,1767570202000,0.0
synthetic-traffic-00-00,102,14.5647646,120.9940952,1767570204000,0.0
synthetic-traffic-00-00,103,14.5647149,120.9941186,1767570206000,0.0
synthetic-traffic-00-00,104,14.5646653,120.994142,1767570208000,0.0
synthetic-traffic-00-00,105,14.5646157,120.9941654,1767570210000,0.0
synthetic-traffic-00-00,106,14.564566,120.9941888,1767570212000,0.0
synthetic-traffic-00-00,107,14.5645164,120.9942122,1767570214000,0.0
synthetic-traffic-00-00,108,14.5644667,120.9942357,1767570216000,0.0
synthetic-traffic-00-00,109,14.5644168,120.9942585,1767570218000,0.0
synthetic-traffic-00-00,110,14.5643668,120.994281,1767570220000,0.0
synthetic-traffic-00-00,111,14.5643506,120.9943169,1767570222000,0.0
synthetic-traffic-00-00,112,14.5643669,120.9943555,1767570224000,0.0
synthetic-traffic-00-00,113,14.5643456,120.994305,1767570226000,0.0
synthetic-traffic-00-00,114,14.564303,120.9943113,1767570228000,0.0
synthetic-traffic-00-00,115,14.5642534,120.9943348,1767570230000,0.0
synthetic-traffic-00-00,116,14.5642036,120.9943579,1767570232000,0.0
synthetic-traffic-00-00,117,14.5641538,120.9943809,1767570234000,0.0
synthetic-traffic-00-00,118,14.564104,120.994404,1767570236000,0.0
synthetic-traffic-00-00,119,14.5640542,120.994427,1767570238000,0.0
synthetic-traffic-00-00,120,14.5640044,120.9944501,1767570240000,0.0
synthetic-traffic-00-00,121,14.5639546,120.9944731,1767570242000,0.0
synthetic-traffic-00-00,122,14.5639053,120.9944972,1767570244000,0.0
synthetic-traffic-00-00,123,14.563856,120.9945213,1767570246000,0.0
synthetic-traffic-00-00,124,14.5638067,120.9945454,1767570248000,0.0
synthetic-traffic-00-00,125,14.5637578,120.9945705,1767570250000,0.0
synthetic-traffic-00-00,126,14.5637089,120.9945953,1767570252000,0.0
synthetic-traffic-00-00,127,14.5636598,120.9946197,1767570254000,0.0
synthetic-traffic-00-00,128,14.5636106,120.9946442,1767570256000,0.0
synthetic-traffic-00-00,129,14.5635615,120.9946686,1767570258000,0.0
synthetic-traffic-00-00,130,14.5635119,120.9946922,1767570260000,0.0
synthetic-traffic-00-00,131,14.5634621,120.9947152,1767570262000,0.0
synthetic-traffic-00-00,132,14.5634124,120.9947384,1767570264000,0.0
synthetic-traffic-00-00,133,14.5633626,120.9947616,1767570266000,0.0
synthetic-traffic-00-00,134,14.5633129,120.9947848,1767570268000,0.0
synthetic-traffic-00-00,135,14.5632632,120.994808,1767570270000,0.0
synthetic-traffic-00-00,136,14.5632134,120.9948312,1767570272000,0.0
synthetic-traffic-00-00,137,14.5631633,120.9948536,1767570274000,0.0
synthetic-traffic-00-00,138,14.5631137,120.9948769,1767570276000,0.0
synthetic-traffic-00-00,139,14.563064,120.9949003,1767570278000,0.0
synthetic-traffic-00-00,140,14.5630144,120.9949237,1767570280000,0.0
synthetic-traffic-00-00,141,14.5629647,120.994947,1767570282000,0.0
synthetic-traffic-00-00,142,14.562915,120.9949704,1767570284000,0.0
synthetic-traffic-00-00,143,14.5628654,120.9949938,1767570286000,0.0
synthetic-traffic-00-00,144,14.5628157,120.9950172,1767570288000,0.0
synthetic-traffic-00-00,145,14.5627661,120.9950405,1767570290000,0.0
synthetic-traffic-00-00,146,14.5627164,120.9950639,1767570292000,0.0
synthetic-traffic-00-00,147,14.5626658,120.9950843,1767570294000,0.0
synthetic-traffic-00-00,148,14.5626118,120.9950941,1767570296000,0.0
synthetic-traffic-00-00,149,14.5626001,120.995141,1767570298000,0.0
synthetic-traffic-00-00,150,14.5625975,120.9951958,1767570300000,0.0
synthetic-traffic-00-00,151,14.562596,120.9952252,1767570302000,0.0
synthetic-traffic-00-00,152,14.5625987,120.9951704,1767570304000,0.0
synthetic-traffic-00-00,153,14.5626013,120.9951155,1767570306000,0.0
synthetic-traffic-00-00,154,14.5625886,120.9950635,1767570308000,0.0
synthetic-traffic-00-00,155,14.5625664,120.9950133,1767570310000,0.0
synthetic-traffic-00-00,156,14.5625399,120.9949653,1767570312000,0.0
synthetic-traffic-00-00,157,14.5625134,120.9949172,1767570314000,0.0
synthetic-traffic-00-00,158,14.5624869,120.9948692,1767570316000,0.0
synthetic-traffic-00-00,159,14.5624603,120.9948211,1767570318000,0.0
synthetic-traffic-00-00,160,14.5624191,120.9947867,1767570320000,0.0
synthetic-traffic-00-00,161,14.5623732,120.9947567,1767570322000,0.0
synthetic-traffic-00-00,162,14.5623273,120.9947266,1767570324000,0.0
synthetic-traffic-00-00,163,14.5622813,120.9946965,1767570326000,0.0
synthetic-traffic-00-00,164,14.5622354,120.9946665,1767570328000,0.0
synthetic-traffic-00-00,165,14.5621895,120.9946364,1767570330000,0.0
synthetic-traffic-00-00,166,14.5621436,120.9946064,1767570332000,0.0
synthetic-traffic-00-00,167,14.5620977,120.9945763,1767570334000,0.0
synthetic-traffic-00-00,168,14.5620518,120.9945462,1767570336000,0.0
synthetic-traffic-00-00,169,14.5620059,120.9945162,1767570338000,0.0
synthetic-traffic-00-00,170,14.5619599,120.9944861,1767570340000,0.0
synthetic-traffic-00-00,171,14.561914,120.994456,1767570342000,0.0
synthetic-traffic-00-00,172,14.5618681,120.994426,1767570344000,0.0
synthetic-traffic-00-00,173,14.5618222,120.9943959,1767570346000,0.0
synthetic-traffic-00-00,174,14.5617763,120.9943658,1767570348000,0.0
synthetic-traffic-00-00,175,14.5617357,120.9943295,1767570350000,0.0
synthetic-traffic-00-00,176,14.5616987,120.994289,1767570352000,0.0
synthetic-traffic-00-00,177,14.5616618,120.9942484,1767570354000,0.0
synthetic-traffic-00-00,178,14.5616249,120.9942078,1767570356000,0.0
synthetic-traffic-00-00,179,14.5615879,120.9941672,1767570358000,0.0
synthetic-traffic-00-00,180,14.561551,120.9941266,1767570360000,0.0
synthetic-traffic-00-00,181,14.561514,120.9941185,1767570362000,0.0
synthetic-traffic-00-00,182,14.561477,120.994159,1767570364000,0.0
synthetic-traffic-00-00,183,14.561513,120.9941196,1767570366000,0.0
synthetic-traffic-00-00,184,14.5615079,120.9940788,1767570368000,0.0
synthetic-traffic-00-00,185,14.5614715,120.9940378,1767570370000,0.0
synthetic-traffic-00-00,186,14.5614362,120.9939958,1767570372000,0.0
synthetic-traffic-00-00,187,14.5614011,120.9939536,1767570374000,0.0
synthetic-traffic-00-00,188,14.5613704,120.9939081,1767570376000,0.0
synthetic-traffic-00-00,189,14.5613397,120.9938626,1767570378000,0.0
synthetic-traffic-00-00,190,14.5613125,120.9938151,1767570380000,0.0
synthetic-traffic-00-00,191,14.561288,120.993766,1767570382000,0.0
synthetic-traffic-00-00,192,14.5612636,120.9937446,1767570384000,0.0
synthetic-traffic-00-00,193,14.5612393,120.9937938,1767570386000,0.0
synthetic-traffic-00-00,194,14.5612462,120.9937797,1767570388000,0.0
synthetic-traffic-00-00,195,14.5612704,120.9937305,1767570390000,0.0
synthetic-traffic-00-00,196,14.5612613,120.9936764,1767570392000,0.0
synthetic-traffic-00-00,197,14.5612522,120.9936222,1767570394000,0.0
synthetic-traffic-00-00,198,14.5612431,120.9935681,1767570396000,0.0
synthetic-traffic-00-00,199,14.561234,120.993514,1767570398000,0.0
synthetic-traffic-00-00,200,14.5612244,120.99346,1767570400000,0.0
synthetic-traffic-00-00,201,14.5612136,120.9934061,1767570402000,0.0
synthetic-traffic-00-00,202,14.5612029,120.9933523,1767570404000,0.0
synthetic-traffic-00-00,203,14.5611921,120.9932985,1767570406000,0.0
synthetic-traffic-00-00,204,14.5611812,120.9932447,1767570408000,0.0
synthetic-traffic-00-00,205,14.561169,120.9931912,1767570410000,0.0
synthetic-traffic-00-00,206,14.5611567,120.9931377,1767570412000,0.0
synthetic-traffic-00-00,207,14.5611445,120.9930842,1767570414000,0.0
synthetic-traffic-00-00,208,14.5611323,120.9930307,1767570416000,0.0
synthetic-traffic-00-00,209,14.56112,120.9929772,1767570418000,0.0
synthetic-traffic-00-00,210,14.5611078,120.9929237,1767570420000,0.0
synthetic-traffic-00-00,211,14.5610955,120.9928702,1767570422000,0.0
synthetic-traffic-00-00,212,14.5610761,120.9928191,1767570424000,0.0
synthetic-traffic-00-00,213,14.5610547,120.9927685,1767570426000,0.0
synthetic-traffic-00-00,214,14.5610334,120.992718,1767570428000,0.0
synthetic-traffic-00-00,215,14.561012,120.9926674,1767570430000,0.0
synthetic-traffic-00-00,216,14.5609907,120.9926169,1767570432000,0.0
synthetic-traffic-00-00,217,14.5609726,120.9925652,1767570434000,0.0
synthetic-traffic-00-00,218,14.5609591,120.992512,1767570436000,0.0
synthetic-traffic-00-00,219,14.5609455,120.9924588,1767570438000,0.0
synthetic-traffic-00-00,220,14.560932,120.9924056,1767570440000,0.0
synthetic-traffic-00-00,221,14.5609184,120.9923525,1767570442000,0.0
synthetic-traffic-00-00,222,14.5609049,120.9922993,1767570444000,0.0
synthetic-traffic-00-00,223,14.5608916,120.992246,1767570446000,0.0
synthetic-traffic-00-00,224,14.5608784,120.9921928,1767570448000,0.0
synthetic-traffic-00-00,225,14.5608651,120.9921395,1767570450000,0.0
synthetic-traffic-00-00,226,14.5608519,120.9920862,1767570452000,0.0
synthetic-traffic-00-00,227,14.5608387,120.992033,1767570454000,0.0
synthetic-traffic-00-00,228,14.5608254,120.9919797,1767570456000,0.0
synthetic-traffic-00-00,229,14.5608122,120.9919264,1767570458000,0.0
synthetic-traffic-00-00,230,14.560799,120.9918732,1767570460000,0.0
synthetic-traffic-00-00,231,14.5607857,120.9918199,1767570462000,0.0
synthetic-traffic-00-00,232,14.5607725,120.9917667,1767570464000,0.0
synthetic-traffic-00-00,233,14.5607593,120.9917134,1767570466000,0.0
synthetic-traffic-00-00,234,14.560746,120.9916601,1767570468000,0.0
synthetic-traffic-00-00,235,14.5607328,120.9916069,1767570470000,0.0
synthetic-traffic-00-00,236,14.5607196,120.9915536,1767570472000,0.0
synthetic-traffic-00-00,237,14.5607063,120.9915004,1767570474000,0.0
synthetic-traffic-00-00,238,14.5606931,120.9914471,1767570476000,0.0
synthetic-traffic-00-00,239,14.5606798,120.9913938,1767570478000,0.0
synthetic-traffic-00-00,240,14.5606666,120.9913406,1767570480000,0.0
synthetic-traffic-00-00,241,14.5606534,120.9912873,1767570482000,0.0
synthetic-traffic-00-00,242,14.5606401,120.9912341,1767570484000,0.0
synthetic-traffic-00-00,243,14.5606269,120.9911808,1767570486000,0.0
synthetic-traffic-00-00,244,14.5606136,120.9911275,1767570488000,0.0
synthetic-traffic-00-00,245,14.5606004,120.9910743,1767570490000,0.0
synthetic-traffic-00-00,246,14.5605872,120.991021,1767570492000,0.0
synthetic-traffic-00-00,247,14.5605739,120.9909678,1767570494000,0.0
synthetic-traffic-00-00,248,14.5605607,120.9909145,1767570496000,0.0
synthetic-traffic-00-00,249,14.5605474,120.9908612,1767570498000,0.0
synthetic-traffic-00-00,250,14.5605342,120.990808,1767570500000,0.0
synthetic-traffic-00-00,251,14.560521,120.9907547,1767570502000,0.0
synthetic-traffic-00-00,252,14.5605077,120.9907015,1767570504000,0.0
synthetic-traffic-00-00,253,14.5604945,120.9906482,1767570506000,0.0
synthetic-traffic-00-00,254,14.5604812,120.9905949,1767570508000,0.0
synthetic-traffic-00-00,255,14.560468,120.9905417,1767570510000,0.0
synthetic-traffic-00-00,256,14.5604548,120.9904884,1767570512000,0.0
synthetic-traffic-00-00,257,14.5604415,120.9904352,1767570514000,0.0
synthetic-traffic-00-00,258,14.5604283,120.9903819,1767570516000,0.0
synthetic-traffic-00-00,259,14.5604151,120.9903286,1767570518000,0.0
synthetic-traffic-00-00,260,14.5604018,120.9902754,1767570520000,0.0
synthetic-traffic-00-00,261,14.5603886,120.9902221,1767570522000,0.0
synthetic-traffic-00-00,262,14.5603753,120.9901689,1767570524000,0.0
synthetic-traffic-00-00,263,14.5603621,120.9901156,1767570526000,0.0
synthetic-traffic-00-00,264,14.5603488,120.9900623,1767570528000,0.0
synthetic-traffic-00-00,265,14.5603356,120.9900091,1767570530000,0.0
synthetic-traffic-00-00,266,14.5603224,120.9899558,1767570532000,0.0
synthetic-traffic-00-00,267,14.5603091,120.9899026,1767570534000,0.0
synthetic-traffic-00-00,268,14.5602959,120.9898493,1767570536000,0.0
synthetic-traffic-00-00,269,14.5602826,120.989796,1767570538000,0.0
synthetic-traffic-00-00,270,14.5602694,120.9897428,1767570540000,0.0
synthetic-traffic-00-00,271,14.5602562,120.9896895,1767570542000,0.0
synthetic-traffic-00-00,272,14.5602429,120.9896363,1767570544000,0.0
synthetic-traffic-00-00,273,14.5602297,120.989583,1767570546000,0.0
synthetic-traffic-00-00,274,14.5602164,120.9895297,1767570548000,0.0
synthetic-traffic-00-00,275,14.5602032,120.9894765,1767570550000,0.0
synthetic-traffic-00-00,276,14.5601898,120.9894233,1767570552000,0.0
synthetic-traffic-00-00,277,14.5601759,120.9893702,1767570554000,0.0
synthetic-traffic-00-00,278,14.5601599,120.9893178,1767570556000,0.0
synthetic-traffic-00-00,279,14.560144,120.9892653,1767570558000,0.0
synthetic-traffic-00-00,280,14.5601308,120.989212,1767570560000,0.0
synthetic-traffic-00-00,281,14.5601176,120.9891588,1767570562000,0.0
synthetic-traffic-00-00,282,14.5601043,120.9891055,1767570564000,0.0
synthetic-traffic-00-00,283,14.5600911,120.9890522,1767570566000,0.0
synthetic-traffic-00-00,284,14.5600778,120.988999,1767570568000,0.0
synthetic-traffic-00-00,285,14.5600646,120.9889457,1767570570000,0.0
synthetic-traffic-00-00,286,14.5600513,120.9888925,1767570572000,0.0
synthetic-traffic-00-00,287,14.5600374,120.9888394,1767570574000,0.0
synthetic-traffic-00-00,288,14.5600236,120.9887863,1767570576000,0.0
synthetic-traffic-00-00,289,14.5600097,120.9887332,1767570578000,0.0
synthetic-traffic-00-00,290,14.5599959,120.9886801,1767570580000,0.0
synthetic-traffic-00-00,291,14.559982,120.988627,1767570582000,0.0
synthetic-traffic-00-00,292,14.5599682,120.9885739,1767570584000,0.0
synthetic-traffic-00-00,293,14.5599543,120.9885208,1767570586000,0.0
synthetic-traffic-00-00,294,14.5599405,120.9884677,1767570588000,0.0
synthetic-traffic-00-00,295,14.5599266,120.9884145,1767570590000,0.0
synthetic-traffic-00-00,296,14.5599128,120.9883614,1767570592000,0.0
synthetic-traffic-00-00,297,14.5598989,120.9883083,1767570594000,0.0
synthetic-traffic-00-00,298,14.559885,120.9882552,1767570596000,0.0
synthetic-traffic-00-00,299,14.5598712,120.9882021,1767570598000,0.0
synthetic-traffic-00-00,300,14.5598573,120.988149,1767570600000,0.0
synthetic-traffic-00-00,301,14.5598434,120.9880959,1767570602000,0.0
synthetic-traffic-00-00,302,14.5598296,120.9880428,1767570604000,0.0
synthetic-traffic-00-00,303,14.5598157,120.9879897,1767570606000,0.0
synthetic-traffic-00-00,304,14.5598019,120.9879366,1767570608000,0.0
synthetic-traffic-00-00,305,14.559788,120.9878835,1767570610000,0.0
synthetic-traffic-00-00,306,14.5597741,120.9878304,1767570612000,0.0
synthetic-traffic-00-00,307,14.5597603,120.9877773,1767570614000,0.0
synthetic-traffic-00-00,308,14.5597464,120.9877242,1767570616000,0.0
synthetic-traffic-00-00,309,14.5597326,120.9876711,1767570618000,0.0
synthetic-traffic-00-00,310,14.5597187,120.987618,1767570620000,0.0
synthetic-traffic-00-00,311,14.5597048,120.9875649,1767570622000,0.0
synthetic-traffic-00-00,312,14.5596918,120.9875116,1767570624000,0.0
synthetic-traffic-00-00,313,14.5596793,120.9874582,1767570626000,0.0
synthetic-traffic-00-00,314,14.5596671,120.9874047,1767570628000,0.0
synthetic-traffic-00-00,315,14.5596511,120.9873522,1767570630000,0.0
synthetic-traffic-00-00,316,14.5596348,120.9872998,1767570632000,0.0
synthetic-traffic-00-00,317,14.5596185,120.9872474,1767570634000,0.0
synthetic-traffic-00-00,318,14.5596021,120.987195,1767570636000,0.0
synthetic-traffic-00-00,319,14.5596104,120.9872214,1767570638000,0.0
synthetic-traffic-00-00,320,14.5596267,120.9872738,1767570640000,0.0
synthetic-traffic-00-00,321,14.559643,120.9873262,1767570642000,0.0
synthetic-traffic-00-00,322,14.5596593,120.9873786,1767570644000,0.0
synthetic-traffic-00-00,323,14.5596362,120.9874111,1767570646000,0.0
synthetic-traffic-00-00,324,14.5595844,120.9874293,1767570648000,0.0
synthetic-traffic-00-00,325,14.5595326,120.9874475,1767570650000,0.0
synthetic-traffic-00-00,326,14.5594808,120.9874656,1767570652000,0.0
synthetic-traffic-00-00,327,14.559429,120.9874838,1767570654000,0.0
synthetic-traffic-00-00,328,14.5593773,120.987502,1767570656000,0.0
synthetic-traffic-00-00,329,14.5593255,120.9875202,1767570658000,0.0
synthetic-traffic-00-00,330,14.5592737,120.9875383,1767570660000,0.0
synthetic-traffic-00-00,331,14.5592219,120.9875565,1767570662000,0.0
synthetic-traffic-00-00,332,14.5591701,120.9875747,1767570664000,0.0
synthetic-traffic-00-00,333,14.5591183,120.9875928,1767570666000,0.0
synthetic-traffic-00-00,334,14.5590666,120.987611,1767570668000,0.0
synthetic-traffic-00-00,335,14.5590148,120.9876292,1767570670000,0.0
synthetic-traffic-00-00,336,14.558963,120.9876474,1767570672000,0.0
synthetic-traffic-00-00,337,14.5589168,120.9876526,1767570674000,0.0
synthetic-traffic-00-00,338,14.5588946,120.9876024,1767570676000,0.0
synthetic-traffic-00-00,339,14.5588849,120.9875806,1767570678000,0.0
synthetic-traffic-00-00,340,14.5589071,120.9876308,1767570680000,0.0
synthetic-traffic-00-00,341,14.5589015,120.9876686,1767570682000,0.0
synthetic-traffic-00-00,342,14.5588494,120.9876861,1767570684000,0.0
synthetic-traffic-00-00,343,14.5587974,120.9877035,1767570686000,0.0
synthetic-traffic-00-00,344,14.5587453,120.9877209,1767570688000,0.0
synthetic-traffic-00-00,345,14.5586933,120.9877383,1767570690000,0.0
synthetic-traffic-00-00,346,14.5586413,120.9877558,1767570692000,0.0
synthetic-traffic-00-00,347,14.5585892,120.9877732,1767570694000,0.0
synthetic-traffic-00-00,348,14.5585372,120.9877906,1767570696000,0.0
synthetic-traffic-00-00,349,14.5584851,120.9878081,1767570698000,0.0
synthetic-traffic-00-00,350,14.5584331,120.9878255,1767570700000,0.0
synthetic-traffic-00-00,351,14.5583811,120.9878429,1767570702000,0.0
synthetic-traffic-00-00,352,14.558329,120.9878603,1767570704000,0.0
synthetic-traffic-00-00,353,14.558277,120.9878778,1767570706000,0.0
synthetic-traffic-00-00,354,14.5582754,120.9878385,1767570708000,0.0
synthetic-traffic-00-00,355,14.5582866,120.9877848,1767570710000,0.0
synthetic-traffic-00-00,356,14.5582979,120.9877311,1767570712000,0.0
synthetic-traffic-00-00,357,14.5583091,120.9876773,1767570714000,0.0
synthetic-traffic-00-00,358,14.5583106,120.9876703,1767570716000,0.0
synthetic-traffic-00-00,359,14.5582993,120.987724,1767570718000,0.0
synthetic-traffic-00-00,360,14.5582881,120.9877777,1767570720000,0.0
synthetic-traffic-00-00,361,14.5582768,120.9878314,1767570722000,0.0
synthetic-traffic-00-00,362,14.5582626,120.9878825,1767570724000,0.0
synthetic-traffic-00-00,363,14.5582103,120.9878989,1767570726000,0.0
synthetic-traffic-00-00,364,14.5581579,120.9879154,1767570728000,0.0
synthetic-traffic-00-00,365,14.5581056,120.9879318,1767570730000,0.0
synthetic-traffic-00-00,366,14.5580532,120.9879483,1767570732000,0.0
synthetic-traffic-00-00,367,14.5580009,120.9879648,1767570734000,0.0
synthetic-traffic-00-00,368,14.5579485,120.9879812,1767570736000,0.0
synthetic-traffic-00-00,369,14.5578962,120.9879977,1767570738000,0.0
synthetic-traffic-00-00,370,14.5578438,120.9880141,1767570740000,0.0
synthetic-traffic-00-00,371,14.5577914,120.9880306,1767570742000,0.0
synthetic-traffic-00-00,372,14.5577391,120.988047,1767570744000,0.0
synthetic-traffic-00-00,373,14.5576867,120.9880635,1767570746000,0.0
synthetic-traffic-00-00,374,14.5576344,120.9880799,1767570748000,0.0
synthetic-traffic-00-00,375,14.557582,120.9880964,1767570750000,0.0
synthetic-traffic-00-00,376,14.5575297,120.9881128,1767570752000,0.0
synthetic-traffic-00-00,377,14.5574773,120.9881293,1767570754000,0.0
synthetic-traffic-00-00,378,14.5574249,120.9881457,1767570756000,0.0
synthetic-traffic-00-00,379,14.5573726,120.9881621,1767570758000,0.0
synthetic-traffic-00-00,380,14.5573202,120.9881785,1767570760000,0.0
synthetic-traffic-00-00,381,14.5572678,120.9881949,1767570762000,0.0
synthetic-traffic-00-00,382,14.5572154,120.9882113,1767570764000,0.0
synthetic-traffic-00-00,383,14.5571631,120.9882277,1767570766000,0.0
synthetic-traffic-00-00,384,14.5571107,120.9882441,1767570768000,0.0
synthetic-traffic-00-00,385,14.5570583,120.9882605,1767570770000,0.0
synthetic-traffic-00-00,386,14.557006,120.9882769,1767570772000,0.0
synthetic-traffic-00-00,387,14.5569536,120.9882933,1767570774000,0.0
synthetic-traffic-00-00,388,14.5569015,120.9883106,1767570776000,0.0
synthetic-traffic-00-00,389,14.5568496,120.9883285,1767570778000,0.0
synthetic-traffic-00-00,390,14.5567978,120.9883465,1767570780000,0.0
synthetic-traffic-00-00,391,14.5567459,120.9883645,1767570782000,0.0
synthetic-traffic-00-00,392,14.5566941,120.9883824,1767570784000,0.0
synthetic-traffic-00-00,393,14.5566422,120.9884004,1767570786000,0.0
synthetic-traffic-00-00,394,14.5565902,120.9884181,1767570788000,0.0
synthetic-traffic-00-00,395,14.5565382,120.9884354,1767570790000,0.0
synthetic-traffic-00-00,396,14.5564861,120.9884528,1767570792000,0.0
synthetic-traffic-00-00,397,14.556434,120.9884701,1767570794000,0.0
synthetic-traffic-00-00,398,14.556382,120.9884875,1767570796000,0.0
synthetic-traffic-00-00,399,14.5563299,120.9885048,1767570798000,0.0
synthetic-traffic-00-00,400,14.5563046,120.9884676,1767570800000,0.0
synthetic-traffic-00-00,401,14.5562866,120.9884158,1767570802000,0.0
synthetic-traffic-00-00,402,14.5563017,120.9884593,1767570804000,0.0
synthetic-traffic-00-00,403,14.5563163,120.9885093,1767570806000,0.0
synthetic-traffic-00-00,404,14.5562641,120.9885262,1767570808000,0.0
synthetic-traffic-00-00,405,14.5562118,120.9885431,1767570810000,0.0
synthetic-traffic-00-00,406,14.5561596,120.98856,1767570812000,0.0
synthetic-traffic-00-00,407,14.5561074,120.9885769,1767570814000,0.0
synthetic-traffic-00-00,408,14.5560552,120.9885938,1767570816000,0.0
synthetic-traffic-00-00,409,14.556003,120.9886107,1767570818000,0.0
synthetic-traffic-00-00,410,14.5559508,120.9886276,1767570820000,0.0
synthetic-traffic-00-00,411,14.5558985,120.9886445,1767570822000,0.0
synthetic-traffic-00-00,412,14.5558463,120.9886614,1767570824000,0.0
synthetic-traffic-00-00,413,14.5557941,120.9886783,1767570826000,0.0
synthetic-traffic-00-00,414,14.5557419,120.9886952,1767570828000,0.0
synthetic-traffic-00-00,415,14.5556897,120.9887121,1767570830000,0.0
synthetic-traffic-00-00,416,14.5556375,120.988729,1767570832000,0.0
synthetic-traffic-00-00,417,14.5555853,120.9887459,1767570834000,0.0
synthetic-traffic-00-00,418,14.555533,120.9887628,1767570836000,0.0
synthetic-traffic-00-00,419,14.5554808,120.9887797,1767570838000,0.0
synthetic-traffic-00-00,420,14.5554286,120.9887965,1767570840000,0.0
synthetic-traffic-00-00,421,14.5553763,120.9888133,1767570842000,0.0
synthetic-traffic-00-00,422,14.5553241,120.9888301,1767570844000,0.0
synthetic-traffic-00-00,423,14.5552718,120.9888469,1767570846000,0.0
synthetic-traffic-00-00,424,14.5552196,120.9888637,1767570848000,0.0
synthetic-traffic-00-00,425,14.5551673,120.9888805,1767570850000,0.0
synthetic-traffic-00-00,426,14.5551151,120.9888973,1767570852000,0.0
synthetic-traffic-00-00,427,14.5550629,120.9889143,1767570854000,0.0
synthetic-traffic-00-00,428,14.5550108,120.9889314,1767570856000,0.0
synthetic-traffic-00-00,429,14.5549586,120.9889484,1767570858000,0.0
synthetic-traffic-00-00,430,14.5549064,120.9889655,1767570860000,0.0
synthetic-traffic-00-00,431,14.5548543,120.9889825,1767570862000,0.0
synthetic-traffic-00-00,432,14.554816,120.9889543,1767570864000,0.0
synthetic-traffic-00-00,433,14.5547823,120.988911,1767570866000,0.0
synthetic-traffic-00-00,434,14.5547486,120.9888676,1767570868000,0.0
synthetic-traffic-00-01,0,14.5633467,120.9988721,1767570000000,0.0
synthetic-traffic-00-01,1,14.5633248,120.9988213,1767570002000,0.0
synthetic-traffic-00-01,2,14.5633029,120.9987706,1767570004000,0.0
synthetic-traffic-00-01,3,14.563281,120.9987198,1767570006000,0.0
synthetic-traffic-00-01,4,14.5632591,120.998669,1767570008000,0.0
synthetic-traffic-00-01,5,14.5632372,120.9986183,1767570010000,0.0
synthetic-traffic-00-01,6,14.5632153,120.9985675,1767570012000,0.0
synthetic-traffic-00-01,7,14.5631934,120.9985167,1767570014000,0.0
synthetic-traffic-00-01,8,14.5632111,120.9985579,1767570016000,0.0
synthetic-traffic-00-01,9,14.563233,120.9986086,1767570018000,0.0
synthetic-traffic-00-01,10,14.5632549,120.9986594,1767570020000,0.0
synthetic-traffic-00-01,11,14.5632768,120.9987102,1767570022000,0.0
synthetic-traffic-00-01,12,14.5632987,120.9987609,1767570024000,0.0
synthetic-traffic-00-01,13,14.5633206,120.9988117,1767570026000,0.0
synthetic-traffic-00-01,14,14.5633425,120.9988625,1767570028000,0.0
synthetic-traffic-00-01,15,14.563367,120.998912,1767570030000,0.0
synthetic-traffic-00-01,16,14.5633921,120.9989613,1767570032000,0.0
synthetic-traffic-00-01,17,14.5634171,120.9990106,1767570034000,0.0
synthetic-traffic-00-01,18,14.5634422,120.9990599,1767570036000,0.0
synthetic-traffic-00-01,19,14.5634673,120.9991092,1767570038000,0.0
synthetic-traffic-00-01,20,14.5634923,120.9991585,1767570040000,0.0
synthetic-traffic-00-01,21,14.5635174,120.9992078,1767570042000,0.0
synthetic-traffic-00-01,22,14.5635424,120.999257,1767570044000,0.0
synthetic-traffic-00-01,23,14.5635675,120.9993063,1767570046000,0.0
synthetic-traffic-00-01,24,14.5635925,120.9993556,1767570048000,0.0
synthetic-traffic-00-01,25,14.5636176,120.9994049,1767570050000,0.0
synthetic-traffic-00-01,26,14.5636426,120.9994542,1767570052000,0.0
synthetic-traffic-00-01,27,14.5636677,120.9995035,1767570054000,0.0
synthetic-traffic-00-01,28,14.5636927,120.9995528,1767570056000,0.0
synthetic-traffic-00-01,29,14.5637178,120.9996021,1767570058000,0.0
synthetic-traffic-00-01,30,14.5637429,120.9996514,1767570060000,0.0
synthetic-traffic-00-01,31,14.5637679,120.9997007,1767570062000,0.0
synthetic-traffic-00-01,32,14.563793,120.99975,1767570064000,0.0
synthetic-traffic-00-01,33,14.563818,120.9997992,1767570066000,0.0
synthetic-traffic-00-01,34,14.5638431,120.9998485,1767570068000,0.0
synthetic-traffic-00-01,35,14.5638681,120.9998978,1767570070000,0.0
synthetic-traffic-00-01,36,14.5638932,120.9999471,1767570072000,0.0
synthetic-traffic-00-01,37,14.5639182,120.9999964,1767570074000,0.0
synthetic-traffic-00-01,38,14.5639433,121.0000457,1767570076000,0.0
synthetic-traffic-00-01,39,14.5639683,121.000095,1767570078000,0.0
synthetic-traffic-00-01,40,14.5639934,121.0001443,1767570080000,0.0
synthetic-traffic-00-01,41,14.5640184,121.0001936,1767570082000,0.0
synthetic-traffic-00-01,42,14.5640435,121.0002429,1767570084000,0.0
synthetic-traffic-00-01,43,14.5640685,121.0002922,1767570086000,0.0
synthetic-traffic-00-01,44,14.5640936,121.0003415,1767570088000,0.0
synthetic-traffic-00-01,45,14.5641187,121.0003907,1767570090000,0.0
synthetic-traffic-00-01,46,14.5641437,121.00044,1767570092000,0.0
synthetic-traffic-00-01,47,14.5641688,121.0004893,1767570094000,0.0
synthetic-traffic-00-01,48,14.5641938,121.0005386,1767570096000,0.0
synthetic-traffic-00-01,49,14.5642189,121.0005879,1767570098000,0.0
synthetic-traffic-00-01,50,14.5642439,121.0006372,1767570100000,0.0
synthetic-traffic-00-01,51,14.564269,121.0006865,1767570102000,0.0
synthetic-traffic-00-01,52,14.5642822,121.0007321,1767570104000,0.0
synthetic-traffic-00-01,53,14.5642334,121.000758,1767570106000,0.0
synthetic-traffic-00-01,54,14.5641846,121.000784,1767570108000,0.0
synthetic-traffic-00-01,55,14.5641357,121.0008099,1767570110000,0.0
synthetic-traffic-00-01,56,14.5640869,121.0008359,1767570112000,0.0
synthetic-traffic-00-01,57,14.5640381,121.0008619,1767570114000,0.0
synthetic-traffic-00-01,58,14.5639893,121.0008878,1767570116000,0.0
synthetic-traffic-00-01,59,14.5639405,121.0009138,1767570118000,0.0
synthetic-traffic-00-01,60,14.5638916,121.0009398,1767570120000,0.0
synthetic-traffic-00-01,61,14.5638428,121.0009657,1767570122000,0.0
synthetic-traffic-00-01,62,14.5638786,121.0010035,1767570124000,0.0
synthetic-traffic-00-01,63,14.5639185,121.0010418,1767570126000,0.0
synthetic-traffic-00-01,64,14.5639584,121.0010801,1767570128000,0.0
synthetic-traffic-00-01,65,14.5639982,121.0011184,1767570130000,0.0
synthetic-traffic-00-01,66,14.5640381,121.0011568,1767570132000,0.0
synthetic-traffic-00-01,67,14.5640779,121.0011951,1767570134000,0.0
synthetic-traffic-00-01,68,14.5641178,121.0012334,1767570136000,0.0
synthetic-traffic-01-00,0,14.5609964,120.9955721,1768174800000,0.0
synthetic-traffic-01-00,1,14.56102,120.9956077,1768174802000,0.0
synthetic-traffic-01-00,2,14.5610734,120.9955947,1768174804000,0.0
synthetic-traffic-01-00,3,14.5611267,120.9955816,1768174806000,0.0
synthetic-traffic-01-00,4,14.56118,120.9955686,1768174808000,0.0
synthetic-traffic-01-00,5,14.5612333,120.9955556,1768174810000,0.0
synthetic-traffic-01-00,6,14.5612866,120.9955425,1768174812000,0.0
synthetic-traffic-01-00,7,14.5613399,120.9955295,1768174814000,0.0
synthetic-traffic-01-00,8,14.5613932,120.9955165,1768174816000,0.0
synthetic-traffic-01-00,9,14.5614465,120.9955034,1768174818000,0.0
synthetic-traffic-01-00,10,14.5614998,120.9954904,1768174820000,0.0
synthetic-traffic-01-00,11,14.5615531,120.9954773,1768174822000,0.0
synthetic-traffic-01-00,12,14.5616065,120.9954643,1768174824000,0.0
synthetic-traffic-01-00,13,14.5616598,120.9954513,1768174826000,0.0
synthetic-traffic-01-00,14,14.5617131,120.9954382,1768174828000,0.0
synthetic-traffic-01-00,15,14.5617664,120.9954252,1768174830000,0.0
synthetic-traffic-01-00,16,14.5618197,120.9954122,1768174832000,0.0
synthetic-traffic-01-00,17,14.561873,120.9953991,1768174834000,0.0
synthetic-traffic-01-00,18,14.5619263,120.9953861,1768174836000,0.0
synthetic-traffic-01-00,19,14.5619796,120.995373,1768174838000,0.0
synthetic-traffic-01-00,20,14.5620329,120.99536,1768174840000,0.0
synthetic-traffic-01-00,21,14.5620862,120.995347,1768174842000,0.0
synthetic-traffic-01-00,22,14.5621396,120.9953339,1768174844000,0.0
synthetic-traffic-01-00,23,14.5621929,120.9953209,1768174846000,0.0
synthetic-traffic-01-00,24,14.5622462,120.9953079,1768174848000,0.0
synthetic-traffic-01-00,25,14.5622995,120.9952948,1768174850000,0.0
synthetic-traffic-01-00,26,14.5623527,120.9952816,1768174852000,0.0
synthetic-traffic-01-00,27,14.5624055,120.9952666,1768174854000,0.0
synthetic-traffic-01-00,28,14.5624592,120.9952557,1768174856000,0.0
synthetic-traffic-01-00,29,14.5625136,120.9952486,1768174858000,0.0
synthetic-traffic-01-00,30,14.562568,120.9952415,1768174860000,0.0
synthetic-traffic-01-00,31,14.5626213,120.9952295,1768174862000,0.0
synthetic-traffic-01-00,32,14.5626734,120.9952122,1768174864000,0.0
synthetic-traffic-01-00,33,14.5627237,120.9951902,1768174866000,0.0
synthetic-traffic-01-00,34,14.562774,120.9951682,1768174868000,0.0
synthetic-traffic-01-00,35,14.5628243,120.9951462,1768174870000,0.0
synthetic-traffic-01-00,36,14.5628745,120.9951243,1768174872000,0.0
synthetic-traffic-01-00,37,14.5629248,120.9951023,1768174874000,0.0
synthetic-traffic-01-00,38,14.5629751,120.9950803,1768174876000,0.0
synthetic-traffic-01-00,39,14.5630254,120.9950584,1768174878000,0.0
synthetic-traffic-01-00,40,14.5630757,120.9950364,1768174880000,0.0
synthetic-traffic-01-00,41,14.563126,120.9950144,1768174882000,0.0
synthetic-traffic-01-00,42,14.5631763,120.9949925,1768174884000,0.0
synthetic-traffic-01-00,43,14.5632266,120.9949705,1768174886000,0.0
synthetic-traffic-01-00,44,14.5632769,120.9949485,1768174888000,0.0
synthetic-traffic-01-00,45,14.5633272,120.9949266,1768174890000,0.0
synthetic-traffic-01-00,46,14.5633775,120.9949046,1768174892000,0.0
synthetic-traffic-01-00,47,14.5634278,120.9948826,1768174894000,0.0
synthetic-traffic-01-00,48,14.5634781,120.9948607,1768174896000,0.0
synthetic-traffic-01-00,49,14.5635284,120.9948387,1768174898000,0.0
synthetic-traffic-01-00,50,14.5635786,120.9948167,1768174900000,0.0
synthetic-traffic-01-00,51,14.5636289,120.9947948,1768174902000,0.0
synthetic-traffic-01-00,52,14.5636793,120.9947729,1768174904000,0.0
synthetic-traffic-01-00,53,14.5637297,120.9947513,1768174906000,0.0
synthetic-traffic-01-00,54,14.5637802,120.9947297,1768174908000,0.0
synthetic-traffic-01-00,55,14.5638299,120.9947066,1768174910000,0.0
synthetic-traffic-01-00,56,14.5638792,120.9946825,1768174912000,0.0
synthetic-traffic-01-00,57,14.5639285,120.9946584,1768174914000,0.0
synthetic-traffic-01-00,58,14.5639778,120.9946342,1768174916000,0.0
synthetic-traffic-01-00,59,14.5640271,120.9946101,1768174918000,0.0
synthetic-traffic-01-00,60,14.5640764,120.994586,1768174920000,0.0
synthetic-traffic-01-00,61,14.5641257,120.9945619,1768174922000,0.0
synthetic-traffic-01-00,62,14.564175,120.9945378,1768174924000,0.0
synthetic-traffic-01-00,63,14.5642243,120.9945137,1768174926000,0.0
synthetic-traffic-01-00,64,14.5642736,120.9944895,1768174928000,0.0
synthetic-traffic-01-00,65,14.5643229,120.9944654,1768174930000,0.0
synthetic-traffic-01-00,66,14.5643725,120.9944419,1768174932000,0.0
synthetic-traffic-01-00,67,14.5643881,120.9944058,1768174934000,0.0
synthetic-traffic-01-00,68,14.5643721,120.9943678,1768174936000,0.0
synthetic-traffic-01-00,69,14.5643934,120.9944184,1768174938000,0.0
synthetic-traffic-01-00,70,14.5644366,120.9944123,1768174940000,0.0
synthetic-traffic-01-00,71,14.5644863,120.994389,1768174942000,0.0
synthetic-traffic-01-00,72,14.5645358,120.9943654,1768174944000,0.0
synthetic-traffic-01-00,73,14.5645853,120.9943415,1768174946000,0.0
synthetic-traffic-01-00,74,14.5646347,120.9943177,1768174948000,0.0
synthetic-traffic-01-00,75,14.5646841,120.9942938,1768174950000,0.0
synthetic-traffic-01-00,76,14.5647335,120.99427,1768174952000,0.0
synthetic-traffic-01-00,77,14.5647829,120.9942461,1768174954000,0.0
synthetic-traffic-01-00,78,14.5648324,120.9942222,1768174956000,0.0
synthetic-traffic-01-00,79,14.5648818,120.9941984,1768174958000,0.0
synthetic-traffic-01-00,80,14.5649312,120.9941745,1768174960000,0.0
synthetic-traffic-01-00,81,14.5649806,120.9941506,1768174962000,0.0
synthetic-traffic-01-00,82,14.5650301,120.9941268,1768174964000,0.0
synthetic-traffic-01-00,83,14.5650795,120.9941029,1768174966000,0.0
synthetic-traffic-01-00,84,14.5651289,120.9940791,1768174968000,0.0
synthetic-traffic-01-00,85,14.5651789,120.9940565,1768174970000,0.0
synthetic-traffic-01-00,86,14.5652291,120.9940342,1768174972000,0.0
synthetic-traffic-01-00,87,14.5652792,120.9940118,1768174974000,0.0
synthetic-traffic-01-00,88,14.5653293,120.9939894,1768174976000,0.0
synthetic-traffic-01-00,89,14.5653537,120.9939591,1768174978000,0.0
synthetic-traffic-01-00,90,14.5653267,120.9939113,1768174980000,0.0
synthetic-traffic-01-00,91,14.5652997,120.9938635,1768174982000,0.0
synthetic-traffic-01-00,92,14.5652596,120.9938582,1768174984000,0.0
synthetic-traffic-01-00,93,14.5652102,120.9938823,1768174986000,0.0
synthetic-traffic-01-00,94,14.5651609,120.9939064,1768174988000,0.0
synthetic-traffic-01-00,95,14.5651116,120.9939304,1768174990000,0.0
synthetic-traffic-01-00,96,14.5650621,120.9939541,1768174992000,0.0
synthetic-traffic-01-00,97,14.5650125,120.9939776,1768174994000,0.0
synthetic-traffic-01-00,98,14.5649629,120.9940011,1768174996000,0.0
synthetic-traffic-01-00,99,14.5649133,120.9940247,1768174998000,0.0
synthetic-traffic-01-00,100,14.5648638,120.9940482,1768175000000,0.0
synthetic-traffic-01-00,101,14.5648142,120.9940718,1768175002000,0.0
synthetic-traffic-01-00,102,14.5647646,120.9940952,1768175004000,0.0
synthetic-traffic-01-00,103,14.5647149,120.9941186,1768175006000,0.0
synthetic-traffic-01-00,104,14.5646653,120.994142,1768175008000,0.0
synthetic-traffic-01-00,105,14.5646157,120.9941654,1768175010000,0.0
synthetic-traffic-01-00,106,14.564566,120.9941888,1768175012000,0.0
synthetic-traffic-01-00,107,14.5645164,120.9942122,1768175014000,0.0
synthetic-traffic-01-00,108,14.5644667,120.9942357,1768175016000,0.0
synthetic-traffic-01-00,109,14.5644168,120.9942585,1768175018000,0.0
synthetic-traffic-01-00,110,14.5643668,120.994281,1768175020000,0.0
synthetic-traffic-01-00,111,14.5643506,120.9943169,1768175022000,0.0
synthetic-traffic-01-00,112,14.5643669,120.9943555,1768175024000,0.0
synthetic-traffic-01-00,113,14.5643456,120.994305,1768175026000,0.0
synthetic-traffic-01-00,114,14.564303,120.9943113,1768175028000,0.0
synthetic-traffic-01-00,115,14.5642534,120.9943348,1768175030000,0.0
synthetic-traffic-01-00,116,14.5642036,120.9943579,1768175032000,0.0
synthetic-traffic-01-00,117,14.5641538,120.9943809,1768175034000,0.0
synthetic-traffic-01-00,118,14.564104,120.994404,1768175036000,0.0
synthetic-traffic-01-00,119,14.5640542,120.994427,1768175038000,0.0
synthetic-traffic-01-00,120,14.5640044,120.9944501,1768175040000,0.0
synthetic-traffic-01-00,121,14.5639546,120.9944731,1768175042000,0.0
synthetic-traffic-01-00,122,14.5639053,120.9944972,1768175044000,0.0
synthetic-traffic-01-00,123,14.563856,120.9945213,1768175046000,0.0
synthetic-traffic-01-00,124,14.5638067,120.9945454,1768175048000,0.0
synthetic-traffic-01-00,125,14.5637578,120.9945705,1768175050000,0.0
synthetic-traffic-01-00,126,14.5637089,120.9945953,1768175052000,0.0
synthetic-traffic-01-00,127,14.5636598,120.9946197,1768175054000,0.0
synthetic-traffic-01-00,128,14.5636106,120.9946442,1768175056000,0.0
synthetic-traffic-01-00,129,14.5635615,120.9946686,1768175058000,0.0
synthetic-traffic-01-00,130,14.5635119,120.9946922,1768175060000,0.0
synthetic-traffic-01-00,131,14.5634621,120.9947152,1768175062000,0.0
synthetic-traffic-01-00,132,14.5634124,120.9947384,1768175064000,0.0
synthetic-traffic-01-00,133,14.5633626,120.9947616,1768175066000,0.0
synthetic-traffic-01-00,134,14.5633129,120.9947848,1768175068000,0.0
synthetic-traffic-01-00,135,14.5632632,120.994808,1768175070000,0.0
synthetic-traffic-01-00,136,14.5632134,120.9948312,1768175072000,0.0
synthetic-traffic-01-00,137,14.5631633,120.9948536,1768175074000,0.0
synthetic-traffic-01-00,138,14.5631137,120.9948769,1768175076000,0.0
synthetic-traffic-01-00,139,14.563064,120.9949003,1768175078000,0.0
synthetic-traffic-01-00,140,14.5630144,120.9949237,1768175080000,0.0
synthetic-traffic-01-00,141,14.5629647,120.994947,1768175082000,0.0
synthetic-traffic-01-00,142,14.562915,120.9949704,1768175084000,0.0
synthetic-traffic-01-00,143,14.5628654,120.9949938,1768175086000,0.0
synthetic-traffic-01-00,144,14.5628157,120.9950172,1768175088000,0.0
synthetic-traffic-01-00,145,14.5627661,120.9950405,1768175090000,0.0
synthetic-traffic-01-00,146,14.5627164,120.9950639,1768175092000,0.0
synthetic-traffic-01-00,147,14.5626658,120.9950843,1768175094000,0.0
synthetic-traffic-01-00,148,14.5626118,120.9950941,1768175096000,0.0
synthetic-traffic-01-00,149,14.5626001,120.995141,1768175098000,0.0
synthetic-traffic-01-00,150,14.5625975,120.9951958,1768175100000,0.0
synthetic-traffic-01-00,151,14.562596,120.9952252,1768175102000,0.0
synthetic-traffic-01-00,152,14.5625987,120.9951704,1768175104000,0.0
synthetic-traffic-01-00,153,14.5626013,120.9951155,1768175106000,0.0
synthetic-traffic-01-00,154,14.5625886,120.9950635,1768175108000,0.0
synthetic-traffic-01-00,155,14.5625664,120.9950133,1768175110000,0.0
synthetic-traffic-01-00,156,14.5625399,120.9949653,1768175112000,0.0
synthetic-traffic-01-00,157,14.5625134,120.9949172,1768175114000,0.0
synthetic-traffic-01-00,158,14.5624869,120.9948692,1768175116000,0.0
synthetic-traffic-01-00,159,14.5624603,120.9948211,1768175118000,0.0
synthetic-traffic-01-00,160,14.5624191,120.9947867,1768175120000,0.0
synthetic-traffic-01-00,161,14.5623732,120.9947567,1768175122000,0.0
synthetic-traffic-01-00,162,14.5623273,120.9947266,1768175124000,0.0
synthetic-traffic-01-00,163,14.5622813,120.9946965,1768175126000,0.0
synthetic-traffic-01-00,164,14.5622354,120.9946665,1768175128000,0.0
synthetic-traffic-01-00,165,14.5621895,120.9946364,1768175130000,0.0
synthetic-traffic-01-00,166,14.5621436,120.9946064,1768175132000,0.0
synthetic-traffic-01-00,167,14.5620977,120.9945763,1768175134000,0.0
synthetic-traffic-01-00,168,14.5620518,120.9945462,1768175136000,0.0
synthetic-traffic-01-00,169,14.5620059,120.9945162,1768175138000,0.0
synthetic-traffic-01-00,170,14.5619599,120.9944861,1768175140000,0.0
synthetic-traffic-01-00,171,14.561914,120.994456,1768175142000,0.0
synthetic-traffic-01-00,172,14.5618681,120.994426,1768175144000,0.0
synthetic-traffic-01-00,173,14.5618222,120.9943959,1768175146000,0.0
synthetic-traffic-01-00,174,14.5617763,120.9943658,1768175148000,0.0
synthetic-traffic-01-00,175,14.5617357,120.9943295,1768175150000,0.0
synthetic-traffic-01-00,176,14.5616987,120.994289,1768175152000,0.0
synthetic-traffic-01-00,177,14.5616618,120.9942484,1768175154000,0.0
synthetic-traffic-01-00,178,14.5616249,120.9942078,1768175156000,0.0
synthetic-traffic-01-00,179,14.5615879,120.9941672,1768175158000,0.0
synthetic-traffic-01-00,180,14.561551,120.9941266,1768175160000,0.0
synthetic-traffic-01-00,181,14.561514,120.9941185,1768175162000,0.0
synthetic-traffic-01-00,182,14.561477,120.994159,1768175164000,0.0
synthetic-traffic-01-00,183,14.561513,120.9941196,1768175166000,0.0
synthetic-traffic-01-00,184,14.5615079,120.9940788,1768175168000,0.0
synthetic-traffic-01-00,185,14.5614715,120.9940378,1768175170000,0.0
synthetic-traffic-01-00,186,14.5614362,120.9939958,1768175172000,0.0
synthetic-traffic-01-00,187,14.5614011,120.9939536,1768175174000,0.0
synthetic-traffic-01-00,188,14.5613704,120.9939081,1768175176000,0.0
synthetic-traffic-01-00,189,14.5613397,120.9938626,1768175178000,0.0
synthetic-traffic-01-00,190,14.5613125,120.9938151,1768175180000,0.0
synthetic-traffic-01-00,191,14.561288,120.993766,1768175182000,0.0
synthetic-traffic-01-00,192,14.5612636,120.9937446,1768175184000,0.0
synthetic-traffic-01-00,193,14.5612393,120.9937938,1768175186000,0.0
synthetic-traffic-01-00,194,14.5612462,120.9937797,1768175188000,0.0
synthetic-traffic-01-00,195,14.5612704,120.9937305,1768175190000,0.0
synthetic-traffic-01-00,196,14.5612613,120.9936764,1768175192000,0.0
synthetic-traffic-01-00,197,14.5612522,120.9936222,1768175194000,0.0
synthetic-traffic-01-00,198,14.5612431,120.9935681,1768175196000,0.0
synthetic-traffic-01-00,199,14.561234,120.993514,1768175198000,0.0
synthetic-traffic-01-00,200,14.5612244,120.99346,1768175200000,0.0
synthetic-traffic-01-00,201,14.5612136,120.9934061,1768175202000,0.0
synthetic-traffic-01-00,202,14.5612029,120.9933523,1768175204000,0.0
synthetic-traffic-01-00,203,14.5611921,120.9932985,1768175206000,0.0
synthetic-traffic-01-00,204,14.5611812,120.9932447,1768175208000,0.0
synthetic-traffic-01-00,205,14.561169,120.9931912,1768175210000,0.0
synthetic-traffic-01-00,206,14.5611567,120.9931377,1768175212000,0.0
synthetic-traffic-01-00,207,14.5611445,120.9930842,1768175214000,0.0
synthetic-traffic-01-00,208,14.5611323,120.9930307,1768175216000,0.0
synthetic-traffic-01-00,209,14.56112,120.9929772,1768175218000,0.0
synthetic-traffic-01-00,210,14.5611078,120.9929237,1768175220000,0.0
synthetic-traffic-01-00,211,14.5610955,120.9928702,1768175222000,0.0
synthetic-traffic-01-00,212,14.5610761,120.9928191,1768175224000,0.0
synthetic-traffic-01-00,213,14.5610547,120.9927685,1768175226000,0.0
synthetic-traffic-01-00,214,14.5610334,120.992718,1768175228000,0.0
synthetic-traffic-01-00,215,14.561012,120.9926674,1768175230000,0.0
synthetic-traffic-01-00,216,14.5609907,120.9926169,1768175232000,0.0
synthetic-traffic-01-00,217,14.5609726,120.9925652,1768175234000,0.0
synthetic-traffic-01-00,218,14.5609591,120.992512,1768175236000,0.0
synthetic-traffic-01-00,219,14.5609455,120.9924588,1768175238000,0.0
synthetic-traffic-01-00,220,14.560932,120.9924056,1768175240000,0.0
synthetic-traffic-01-00,221,14.5609184,120.9923525,1768175242000,0.0
synthetic-traffic-01-00,222,14.5609049,120.9922993,1768175244000,0.0
synthetic-traffic-01-00,223,14.5608916,120.992246,1768175246000,0.0
synthetic-traffic-01-00,224,14.5608784,120.9921928,1768175248000,0.0
synthetic-traffic-01-00,225,14.5608651,120.9921395,1768175250000,0.0
synthetic-traffic-01-00,226,14.5608519,120.9920862,1768175252000,0.0
synthetic-traffic-01-00,227,14.5608387,120.992033,1768175254000,0.0
synthetic-traffic-01-00,228,14.5608254,120.9919797,1768175256000,0.0
synthetic-traffic-01-00,229,14.5608122,120.9919264,1768175258000,0.0
synthetic-traffic-01-00,230,14.560799,120.9918732,1768175260000,0.0
synthetic-traffic-01-00,231,14.5607857,120.9918199,1768175262000,0.0
synthetic-traffic-01-00,232,14.5607725,120.9917667,1768175264000,0.0
synthetic-traffic-01-00,233,14.5607593,120.9917134,1768175266000,0.0
synthetic-traffic-01-00,234,14.560746,120.9916601,1768175268000,0.0
synthetic-traffic-01-00,235,14.5607328,120.9916069,1768175270000,0.0
synthetic-traffic-01-00,236,14.5607196,120.9915536,1768175272000,0.0
synthetic-traffic-01-00,237,14.5607063,120.9915004,1768175274000,0.0
synthetic-traffic-01-00,238,14.5606931,120.9914471,1768175276000,0.0
synthetic-traffic-01-00,239,14.5606798,120.9913938,1768175278000,0.0
synthetic-traffic-01-00,240,14.5606666,120.9913406,1768175280000,0.0
synthetic-traffic-01-00,241,14.5606534,120.9912873,1768175282000,0.0
synthetic-traffic-01-00,242,14.5606401,120.9912341,1768175284000,0.0
synthetic-traffic-01-00,243,14.5606269,120.9911808,1768175286000,0.0
synthetic-traffic-01-00,244,14.5606136,120.9911275,1768175288000,0.0
synthetic-traffic-01-00,245,14.5606004,120.9910743,1768175290000,0.0
synthetic-traffic-01-00,246,14.5605872,120.991021,1768175292000,0.0
synthetic-traffic-01-00,247,14.5605739,120.9909678,1768175294000,0.0
synthetic-traffic-01-00,248,14.5605607,120.9909145,1768175296000,0.0
synthetic-traffic-01-00,249,14.5605474,120.9908612,1768175298000,0.0
synthetic-traffic-01-00,250,14.5605342,120.990808,1768175300000,0.0
synthetic-traffic-01-00,251,14.560521,120.9907547,1768175302000,0.0
synthetic-traffic-01-00,252,14.5605077,120.9907015,1768175304000,0.0
synthetic-traffic-01-00,253,14.5604945,120.9906482,1768175306000,0.0
synthetic-traffic-01-00,254,14.5604812,120.9905949,1768175308000,0.0
synthetic-traffic-01-00,255,14.560468,120.9905417,1768175310000,0.0
synthetic-traffic-01-00,256,14.5604548,120.9904884,1768175312000,0.0
synthetic-traffic-01-00,257,14.5604415,120.9904352,1768175314000,0.0
synthetic-traffic-01-00,258,14.5604283,120.9903819,1768175316000,0.0
synthetic-traffic-01-00,259,14.5604151,120.9903286,1768175318000,0.0
synthetic-traffic-01-00,260,14.5604018,120.9902754,1768175320000,0.0
synthetic-traffic-01-00,261,14.5603886,120.9902221,1768175322000,0.0
synthetic-traffic-01-00,262,14.5603753,120.9901689,1768175324000,0.0
synthetic-traffic-01-00,263,14.5603621,120.9901156,1768175326000,0.0
synthetic-traffic-01-00,264,14.5603488,120.9900623,1768175328000,0.0
synthetic-traffic-01-00,265,14.5603356,120.9900091,1768175330000,0.0
synthetic-traffic-01-00,266,14.5603224,120.9899558,1768175332000,0.0
synthetic-traffic-01-00,267,14.5603091,120.9899026,1768175334000,0.0
synthetic-traffic-01-00,268,14.5602959,120.9898493,1768175336000,0.0
synthetic-traffic-01-00,269,14.5602826,120.989796,1768175338000,0.0
synthetic-traffic-01-00,270,14.5602694,120.9897428,1768175340000,0.0
synthetic-traffic-01-00,271,14.5602562,120.9896895,1768175342000,0.0
synthetic-traffic-01-00,272,14.5602429,120.9896363,1768175344000,0.0
synthetic-traffic-01-00,273,14.5602297,120.989583,1768175346000,0.0
synthetic-traffic-01-00,274,14.5602164,120.9895297,1768175348000,0.0
synthetic-traffic-01-00,275,14.5602032,120.9894765,1768175350000,0.0
synthetic-traffic-01-00,276,14.5601898,120.9894233,1768175352000,0.0
synthetic-traffic-01-00,277,14.5601759,120.9893702,1768175354000,0.0
synthetic-traffic-01-00,278,14.5601599,120.9893178,1768175356000,0.0
synthetic-traffic-01-00,279,14.560144,120.9892653,1768175358000,0.0
synthetic-traffic-01-00,280,14.5601308,120.989212,1768175360000,0.0
synthetic-traffic-01-00,281,14.5601176,120.9891588,1768175362000,0.0
synthetic-traffic-01-00,282,14.5601043,120.9891055,1768175364000,0.0
synthetic-traffic-01-00,283,14.5600911,120.9890522,1768175366000,0.0
synthetic-traffic-01-00,284,14.5600778,120.988999,1768175368000,0.0
synthetic-traffic-01-00,285,14.5600646,120.9889457,1768175370000,0.0
synthetic-traffic-01-00,286,14.5600513,120.9888925,1768175372000,0.0
synthetic-traffic-01-00,287,14.5600374,120.9888394,1768175374000,0.0
synthetic-traffic-01-00,288,14.5600236,120.9887863,1768175376000,0.0
synthetic-traffic-01-00,289,14.5600097,120.9887332,1768175378000,0.0
synthetic-traffic-01-00,290,14.5599959,120.9886801,1768175380000,0.0
synthetic-traffic-01-00,291,14.559982,120.988627,1768175382000,0.0
synthetic-traffic-01-00,292,14.5599682,120.9885739,1768175384000,0.0
synthetic-traffic-01-00,293,14.5599543,120.9885208,1768175386000,0.0
synthetic-traffic-01-00,294,14.5599405,120.9884677,1768175388000,0.0
synthetic-traffic-01-00,295,14.5599266,120.9884145,1768175390000,0.0
synthetic-traffic-01-00,296,14.5599128,120.9883614,1768175392000,0.0
synthetic-traffic-01-00,297,14.5598989,120.9883083,1768175394000,0.0
synthetic-traffic-01-00,298,14.559885,120.9882552,1768175396000,0.0
synthetic-traffic-01-00,299,14.5598712,120.9882021,1768175398000,0.0
synthetic-traffic-01-00,300,14.5598573,120.988149,1768175400000,0.0
synthetic-traffic-01-00,301,14.5598434,120.9880959,1768175402000,0.0
synthetic-traffic-01-00,302,14.5598296,120.9880428,1768175404000,0.0
synthetic-traffic-01-00,303,14.5598157,120.9879897,1768175406000,0.0
synthetic-traffic-01-00,304,14.5598019,120.9879366,1768175408000,0.0
synthetic-traffic-01-00,305,14.559788,120.9878835,1768175410000,0.0
synthetic-traffic-01-00,306,14.5597741,120.9878304,1768175412000,0.0
synthetic-traffic-01-00,307,14.5597603,120.9877773,1768175414000,0.0
synthetic-traffic-01-00,308,14.5597464,120.9877242,1768175416000,0.0
synthetic-traffic-01-00,309,14.5597326,120.9876711,1768175418000,0.0
synthetic-traffic-01-00,310,14.5597187,120.987618,1768175420000,0.0
synthetic-traffic-01-00,311,14.5597048,120.9875649,1768175422000,0.0
synthetic-traffic-01-00,312,14.5596918,120.9875116,1768175424000,0.0
synthetic-traffic-01-00,313,14.5596793,120.9874582,1768175426000,0.0
synthetic-traffic-01-00,314,14.5596671,120.9874047,1768175428000,0.0
synthetic-traffic-01-00,315,14.5596511,120.9873522,1768175430000,0.0
synthetic-traffic-01-00,316,14.5596348,120.9872998,1768175432000,0.0
synthetic-traffic-01-00,317,14.5596185,120.9872474,1768175434000,0.0
synthetic-traffic-01-00,318,14.5596021,120.987195,1768175436000,0.0
synthetic-traffic-01-00,319,14.5596104,120.9872214,1768175438000,0.0
synthetic-traffic-01-00,320,14.5596267,120.9872738,1768175440000,0.0
synthetic-traffic-01-00,321,14.559643,120.9873262,1768175442000,0.0
synthetic-traffic-01-00,322,14.5596593,120.9873786,1768175444000,0.0
synthetic-traffic-01-00,323,14.5596362,120.9874111,1768175446000,0.0
synthetic-traffic-01-00,324,14.5595844,120.9874293,1768175448000,0.0
synthetic-traffic-01-00,325,14.5595326,120.9874475,1768175450000,0.0
synthetic-traffic-01-00,326,14.5594808,120.9874656,1768175452000,0.0
synthetic-traffic-01-00,327,14.559429,120.9874838,1768175454000,0.0
synthetic-traffic-01-00,328,14.5593773,120.987502,1768175456000,0.0
synthetic-traffic-01-00,329,14.5593255,120.9875202,1768175458000,0.0
synthetic-traffic-01-00,330,14.5592737,120.9875383,1768175460000,0.0
synthetic-traffic-01-00,331,14.5592219,120.9875565,1768175462000,0.0
synthetic-traffic-01-00,332,14.5591701,120.9875747,1768175464000,0.0
synthetic-traffic-01-00,333,14.5591183,120.9875928,1768175466000,0.0
synthetic-traffic-01-00,334,14.5590666,120.987611,1768175468000,0.0
synthetic-traffic-01-00,335,14.5590148,120.9876292,1768175470000,0.0
synthetic-traffic-01-00,336,14.558963,120.9876474,1768175472000,0.0
synthetic-traffic-01-00,337,14.5589168,120.9876526,1768175474000,0.0
synthetic-traffic-01-00,338,14.5588946,120.9876024,1768175476000,0.0
synthetic-traffic-01-00,339,14.5588849,120.9875806,1768175478000,0.0
synthetic-traffic-01-00,340,14.5589071,120.9876308,1768175480000,0.0
synthetic-traffic-01-00,341,14.5589015,120.9876686,1768175482000,0.0
synthetic-traffic-01-00,342,14.5588494,120.9876861,1768175484000,0.0
synthetic-traffic-01-00,343,14.5587974,120.9877035,1768175486000,0.0
synthetic-traffic-01-00,344,14.5587453,120.9877209,1768175488000,0.0
synthetic-traffic-01-00,345,14.5586933,120.9877383,1768175490000,0.0
synthetic-traffic-01-00,346,14.5586413,120.9877558,1768175492000,0.0
synthetic-traffic-01-00,347,14.5585892,120.9877732,1768175494000,0.0
synthetic-traffic-01-00,348,14.5585372,120.9877906,1768175496000,0.0
synthetic-traffic-01-00,349,14.5584851,120.9878081,1768175498000,0.0
synthetic-traffic-01-00,350,14.5584331,120.9878255,1768175500000,0.0
synthetic-traffic-01-00,351,14.5583811,120.9878429,1768175502000,0.0
synthetic-traffic-01-00,352,14.558329,120.9878603,1768175504000,0.0
synthetic-traffic-01-00,353,14.558277,120.9878778,1768175506000,0.0
synthetic-traffic-01-00,354,14.5582754,120.9878385,1768175508000,0.0
synthetic-traffic-01-00,355,14.5582866,120.9877848,1768175510000,0.0
synthetic-traffic-01-00,356,14.5582979,120.9877311,1768175512000,0.0
synthetic-traffic-01-00,357,14.5583091,120.9876773,1768175514000,0.0
synthetic-traffic-01-00,358,14.5583106,120.9876703,1768175516000,0.0
synthetic-traffic-01-00,359,14.5582993,120.987724,1768175518000,0.0
synthetic-traffic-01-00,360,14.5582881,120.9877777,1768175520000,0.0
synthetic-traffic-01-00,361,14.5582768,120.9878314,1768175522000,0.0
synthetic-traffic-01-00,362,14.5582626,120.9878825,1768175524000,0.0
synthetic-traffic-01-00,363,14.5582103,120.9878989,1768175526000,0.0
synthetic-traffic-01-00,364,14.5581579,120.9879154,1768175528000,0.0
synthetic-traffic-01-00,365,14.5581056,120.9879318,1768175530000,0.0
synthetic-traffic-01-00,366,14.5580532,120.9879483,1768175532000,0.0
synthetic-traffic-01-00,367,14.5580009,120.9879648,1768175534000,0.0
synthetic-traffic-01-00,368,14.5579485,120.9879812,1768175536000,0.0
synthetic-traffic-01-00,369,14.5578962,120.9879977,1768175538000,0.0
synthetic-traffic-01-00,370,14.5578438,120.9880141,1768175540000,0.0
synthetic-traffic-01-00,371,14.5577914,120.9880306,1768175542000,0.0
synthetic-traffic-01-00,372,14.5577391,120.988047,1768175544000,0.0
synthetic-traffic-01-00,373,14.5576867,120.9880635,1768175546000,0.0
synthetic-traffic-01-00,374,14.5576344,120.9880799,1768175548000,0.0
synthetic-traffic-01-00,375,14.557582,120.9880964,1768175550000,0.0
synthetic-traffic-01-00,376,14.5575297,120.9881128,1768175552000,0.0
synthetic-traffic-01-00,377,14.5574773,120.9881293,1768175554000,0.0
synthetic-traffic-01-00,378,14.5574249,120.9881457,1768175556000,0.0
synthetic-traffic-01-00,379,14.5573726,120.9881621,1768175558000,0.0
synthetic-traffic-01-00,380,14.5573202,120.9881785,1768175560000,0.0
synthetic-traffic-01-00,381,14.5572678,120.9881949,1768175562000,0.0
synthetic-traffic-01-00,382,14.5572154,120.9882113,1768175564000,0.0
synthetic-traffic-01-00,383,14.5571631,120.9882277,1768175566000,0.0
synthetic-traffic-01-00,384,14.5571107,120.9882441,1768175568000,0.0
synthetic-traffic-01-00,385,14.5570583,120.9882605,1768175570000,0.0
synthetic-traffic-01-00,386,14.557006,120.9882769,1768175572000,0.0
synthetic-traffic-01-00,387,14.5569536,120.9882933,1768175574000,0.0
synthetic-traffic-01-00,388,14.5569015,120.9883106,1768175576000,0.0
synthetic-traffic-01-00,389,14.5568496,120.9883285,1768175578000,0.0
synthetic-traffic-01-00,390,14.5567978,120.9883465,1768175580000,0.0
synthetic-traffic-01-00,391,14.5567459,120.9883645,1768175582000,0.0
synthetic-traffic-01-00,392,14.5566941,120.9883824,1768175584000,0.0
synthetic-traffic-01-00,393,14.5566422,120.9884004,1768175586000,0.0
synthetic-traffic-01-00,394,14.5565902,120.9884181,1768175588000,0.0
synthetic-traffic-01-00,395,14.5565382,120.9884354,1768175590000,0.0
synthetic-traffic-01-00,396,14.5564861,120.9884528,1768175592000,0.0
synthetic-traffic-01-00,397,14.556434,120.9884701,1768175594000,0.0
synthetic-traffic-01-00,398,14.556382,120.9884875,1768175596000,0.0
synthetic-traffic-01-00,399,14.5563299,120.9885048,1768175598000,0.0
synthetic-traffic-01-00,400,14.5563046,120.9884676,1768175600000,0.0
synthetic-traffic-01-00,401,14.5562866,120.9884158,1768175602000,0.0
synthetic-traffic-01-00,402,14.5563017,120.9884593,1768175604000,0.0
synthetic-traffic-01-00,403,14.5563163,120.9885093,1768175606000,0.0
synthetic-traffic-01-00,404,14.5562641,120.9885262,1768175608000,0.0
synthetic-traffic-01-00,405,14.5562118,120.9885431,1768175610000,0.0
synthetic-traffic-01-00,406,14.5561596,120.98856,1768175612000,0.0
synthetic-traffic-01-00,407,14.5561074,120.9885769,1768175614000,0.0
synthetic-traffic-01-00,408,14.5560552,120.9885938,1768175616000,0.0
synthetic-traffic-01-00,409,14.556003,120.9886107,1768175618000,0.0
synthetic-traffic-01-00,410,14.5559508,120.9886276,1768175620000,0.0
synthetic-traffic-01-00,411,14.5558985,120.9886445,1768175622000,0.0
synthetic-traffic-01-00,412,14.5558463,120.9886614,1768175624000,0.0
synthetic-traffic-01-00,413,14.5557941,120.9886783,1768175626000,0.0
synthetic-traffic-01-00,414,14.5557419,120.9886952,1768175628000,0.0
synthetic-traffic-01-00,415,14.5556897,120.9887121,1768175630000,0.0
synthetic-traffic-01-00,416,14.5556375,120.988729,1768175632000,0.0
synthetic-traffic-01-00,417,14.5555853,120.9887459,1768175634000,0.0
synthetic-traffic-01-00,418,14.555533,120.9887628,1768175636000,0.0
synthetic-traffic-01-00,419,14.5554808,120.9887797,1768175638000,0.0
synthetic-traffic-01-00,420,14.5554286,120.9887965,1768175640000,0.0
synthetic-traffic-01-00,421,14.5553763,120.9888133,1768175642000,0.0
synthetic-traffic-01-00,422,14.5553241,120.9888301,1768175644000,0.0
synthetic-traffic-01-00,423,14.5552718,120.9888469,1768175646000,0.0
synthetic-traffic-01-00,424,14.5552196,120.9888637,1768175648000,0.0
synthetic-traffic-01-00,425,14.5551673,120.9888805,1768175650000,0.0
synthetic-traffic-01-00,426,14.5551151,120.9888973,1768175652000,0.0
synthetic-traffic-01-00,427,14.5550629,120.9889143,1768175654000,0.0
synthetic-traffic-01-00,428,14.5550108,120.9889314,1768175656000,0.0
synthetic-traffic-01-00,429,14.5549586,120.9889484,1768175658000,0.0
synthetic-traffic-01-00,430,14.5549064,120.9889655,1768175660000,0.0
synthetic-traffic-01-00,431,14.5548543,120.9889825,1768175662000,0.0
synthetic-traffic-01-00,432,14.554816,120.9889543,1768175664000,0.0
synthetic-traffic-01-00,433,14.5547823,120.988911,1768175666000,0.0
synthetic-traffic-01-00,434,14.5547486,120.9888676,1768175668000,0.0
synthetic-traffic-01-01,0,14.5633467,120.9988721,1768174800000,0.0
synthetic-traffic-01-01,1,14.5633248,120.9988213,1768174802000,0.0
synthetic-traffic-01-01,2,14.5633029,120.9987706,1768174804000,0.0
synthetic-traffic-01-01,3,14.563281,120.9987198,1768174806000,0.0
synthetic-traffic-01-01,4,14.5632591,120.998669,1768174808000,0.0
synthetic-traffic-01-01,5,14.5632372,120.9986183,1768174810000,0.0
synthetic-traffic-01-01,6,14.5632153,120.9985675,1768174812000,0.0
synthetic-traffic-01-01,7,14.5631934,120.9985167,1768174814000,0.0
synthetic-traffic-01-01,8,14.5632111,120.9985579,1768174816000,0.0
synthetic-traffic-01-01,9,14.563233,120.9986086,1768174818000,0.0
synthetic-traffic-01-01,10,14.5632549,120.9986594,1768174820000,0.0
synthetic-traffic-01-01,11,14.5632768,120.9987102,1768174822000,0.0
synthetic-traffic-01-01,12,14.5632987,120.9987609,1768174824000,0.0
synthetic-traffic-01-01,13,14.5633206,120.9988117,1768174826000,0.0
synthetic-traffic-01-01,14,14.5633425,120.9988625,1768174828000,0.0
synthetic-traffic-01-01,15,14.563367,120.998912,1768174830000,0.0
synthetic-traffic-01-01,16,14.5633921,120.9989613,1768174832000,0.0
synthetic-traffic-01-01,17,14.5634171,120.9990106,1768174834000,0.0
synthetic-traffic-01-01,18,14.5634422,120.9990599,1768174836000,0.0
synthetic-traffic-01-01,19,14.5634673,120.9991092,1768174838000,0.0
synthetic-traffic-01-01,20,14.5634923,120.9991585,1768174840000,0.0
synthetic-traffic-01-01,21,14.5635174,120.9992078,1768174842000,0.0
synthetic-traffic-01-01,22,14.5635424,120.999257,1768174844000,0.0
synthetic-traffic-01-01,23,14.5635675,120.9993063,1768174846000,0.0
synthetic-traffic-01-01,24,14.5635925,120.9993556,1768174848000,0.0
synthetic-traffic-01-01,25,14.5636176,120.9994049,1768174850000,0.0
synthetic-traffic-01-01,26,14.5636426,120.9994542,1768174852000,0.0
synthetic-traffic-01-01,27,14.5636677,120.9995035,1768174854000,0.0
synthetic-traffic-01-01,28,14.5636927,120.9995528,1768174856000,0.0
synthetic-traffic-01-01,29,14.5637178,120.9996021,1768174858000,0.0
synthetic-traffic-01-01,30,14.5637429,120.9996514,1768174860000,0.0
synthetic-traffic-01-01,31,14.5637679,120.9997007,1768174862000,0.0
synthetic-traffic-01-01,32,14.563793,120.99975,1768174864000,0.0
synthetic-traffic-01-01,33,14.563818,120.9997992,1768174866000,0.0
synthetic-traffic-01-01,34,14.5638431,120.9998485,1768174868000,0.0
synthetic-traffic-01-01,35,14.5638681,120.9998978,1768174870000,0.0
synthetic-traffic-01-01,36,14.5638932,120.9999471,1768174872000,0.0
synthetic-traffic-01-01,37,14.5639182,120.9999964,1768174874000,0.0
synthetic-traffic-01-01,38,14.5639433,121.0000457,1768174876000,0.0
synthetic-traffic-01-01,39,14.5639683,121.000095,1768174878000,0.0
synthetic-traffic-01-01,40,14.5639934,121.0001443,1768174880000,0.0
synthetic-traffic-01-01,41,14.5640184,121.0001936,1768174882000,0.0
synthetic-traffic-01-01,42,14.5640435,121.0002429,1768174884000,0.0
synthetic-traffic-01-01,43,14.5640685,121.0002922,1768174886000,0.0
synthetic-traffic-01-01,44,14.5640936,121.0003415,1768174888000,0.0
synthetic-traffic-01-01,45,14.5641187,121.0003907,1768174890000,0.0
synthetic-traffic-01-01,46,14.5641437,121.00044,1768174892000,0.0
synthetic-traffic-01-01,47,14.5641688,121.0004893,1768174894000,0.0
synthetic-traffic-01-01,48,14.5641938,121.0005386,1768174896000,0.0
synthetic-traffic-01-01,49,14.5642189,121.0005879,1768174898000,0.0
synthetic-traffic-01-01,50,14.5642439,121.0006372,1768174900000,0.0
synthetic-traffic-01-01,51,14.564269,121.0006865,1768174902000,0.0
synthetic-traffic-01-01,52,14.5642822,121.0007321,1768174904000,0.0
synthetic-traffic-01-01,53,14.5642334,121.000758,1768174906000,0.0
synthetic-traffic-01-01,54,14.5641846,121.000784,1768174908000,0.0
synthetic-traffic-01-01,55,14.5641357,121.0008099,1768174910000,0.0
synthetic-traffic-01-01,56,14.5640869,121.0008359,1768174912000,0.0
synthetic-traffic-01-01,57,14.5640381,121.0008619,1768174914000,0.0
synthetic-traffic-01-01,58,14.5639893,121.0008878,1768174916000,0.0
synthetic-traffic-01-01,59,14.5639405,121.0009138,1768174918000,0.0
synthetic-traffic-01-01,60,14.5638916,121.0009398,1768174920000,0.0
synthetic-traffic-01-01,61,14.5638428,121.0009657,1768174922000,0.0
synthetic-traffic-01-01,62,14.5638786,121.0010035,1768174924000,0.0
synthetic-traffic-01-01,63,14.5639185,121.0010418,1768174926000,0.0
synthetic-traffic-01-01,64,14.5639584,121.0010801,1768174928000,0.0
synthetic-traffic-01-01,65,14.5639982,121.0011184,1768174930000,0.0
synthetic-traffic-01-01,66,14.5640381,121.0011568,1768174932000,0.0
synthetic-traffic-01-01,67,14.5640779,121.0011951,1768174934000,0.0
synthetic-traffic-01-01,68,14.5641178,121.0012334,1768174936000,0.0
synthetic-traffic-02-00,0,14.5609964,120.9955721,1768779600000,0.0
synthetic-traffic-02-00,1,14.56102,120.9956077,1768779602000,0.0
synthetic-traffic-02-00,2,14.5610734,120.9955947,1768779604000,0.0
synthetic-traffic-02-00,3,14.5611267,120.9955816,1768779606000,0.0
synthetic-traffic-02-00,4,14.56118,120.9955686,1768779608000,0.0
synthetic-traffic-02-00,5,14.5612333,120.9955556,1768779610000,0.0
synthetic-traffic-02-00,6,14.5612866,120.9955425,1768779612000,0.0
synthetic-traffic-02-00,7,14.5613399,120.9955295,1768779614000,0.0
synthetic-traffic-02-00,8,14.5613932,120.9955165,1768779616000,0.0
synthetic-traffic-02-00,9,14.5614465,120.9955034,1768779618000,0.0
synthetic-traffic-02-00,10,14.5614998,120.9954904,1768779620000,0.0
synthetic-traffic-02-00,11,14.5615531,120.9954773,1768779622000,0.0
synthetic-traffic-02-00,12,14.5616065,120.9954643,1768779624000,0.0
synthetic-traffic-02-00,13,14.5616598,120.9954513,1768779626000,0.0
synthetic-traffic-02-00,14,14.5617131,120.9954382,1768779628000,0.0
synthetic-traffic-02-00,15,14.5617664,120.9954252,1768779630000,0.0
synthetic-traffic-02-00,16,14.5618197,120.9954122,1768779632000,0.0
synthetic-traffic-02-00,17,14.561873,120.9953991,1768779634000,0.0
synthetic-traffic-02-00,18,14.5619263,120.9953861,1768779636000,0.0
synthetic-traffic-02-00,19,14.5619796,120.995373,1768779638000,0.0
synthetic-traffic-02-00,20,14.5620329,120.99536,1768779640000,0.0
synthetic-traffic-02-00,21,14.5620862,120.995347,1768779642000,0.0
synthetic-traffic-02-00,22,14.5621396,120.9953339,1768779644000,0.0
synthetic-traffic-02-00,23,14.5621929,120.9953209,1768779646000,0.0
synthetic-traffic-02-00,24,14.5622462,120.9953079,1768779648000,0.0
synthetic-traffic-02-00,25,14.5622995,120.9952948,1768779650000,0.0
synthetic-traffic-02-00,26,14.5623527,120.9952816,1768779652000,0.0
synthetic-traffic-02-00,27,14.5624055,120.9952666,1768779654000,0.0
synthetic-traffic-02-00,28,14.5624592,120.9952557,1768779656000,0.0
synthetic-traffic-02-00,29,14.5625136,120.9952486,1768779658000,0.0
synthetic-traffic-02-00,30,14.562568,120.9952415,1768779660000,0.0
synthetic-traffic-02-00,31,14.5626213,120.9952295,1768779662000,0.0
synthetic-traffic-02-00,32,14.5626734,120.9952122,1768779664000,0.0
synthetic-traffic-02-00,33,14.5627237,120.9951902,1768779666000,0.0
synthetic-traffic-02-00,34,14.562774,120.9951682,1768779668000,0.0
synthetic-traffic-02-00,35,14.5628243,120.9951462,1768779670000,0.0
synthetic-traffic-02-00,36,14.5628745,120.9951243,1768779672000,0.0
synthetic-traffic-02-00,37,14.5629248,120.9951023,1768779674000,0.0
synthetic-traffic-02-00,38,14.5629751,120.9950803,1768779676000,0.0
synthetic-traffic-02-00,39,14.5630254,120.9950584,1768779678000,0.0
synthetic-traffic-02-00,40,14.5630757,120.9950364,1768779680000,0.0
synthetic-traffic-02-00,41,14.563126,120.9950144,1768779682000,0.0
synthetic-traffic-02-00,42,14.5631763,120.9949925,1768779684000,0.0
synthetic-traffic-02-00,43,14.5632266,120.9949705,1768779686000,0.0
synthetic-traffic-02-00,44,14.5632769,120.9949485,1768779688000,0.0
synthetic-traffic-02-00,45,14.5633272,120.9949266,1768779690000,0.0
synthetic-traffic-02-00,46,14.5633775,120.9949046,1768779692000,0.0
synthetic-traffic-02-00,47,14.5634278,120.9948826,1768779694000,0.0
synthetic-traffic-02-00,48,14.5634781,120.9948607,1768779696000,0.0
synthetic-traffic-02-00,49,14.5635284,120.9948387,1768779698000,0.0
synthetic-traffic-02-00,50,14.5635786,120.9948167,1768779700000,0.0
synthetic-traffic-02-00,51,14.5636289,120.9947948,1768779702000,0.0
synthetic-traffic-02-00,52,14.5636793,120.9947729,1768779704000,0.0
synthetic-traffic-02-00,53,14.5637297,120.9947513,1768779706000,0.0
synthetic-traffic-02-00,54,14.5637802,120.9947297,1768779708000,0.0
synthetic-traffic-02-00,55,14.5638299,120.9947066,1768779710000,0.0
synthetic-traffic-02-00,56,14.5638792,120.9946825,1768779712000,0.0
synthetic-traffic-02-00,57,14.5639285,120.9946584,1768779714000,0.0
synthetic-traffic-02-00,58,14.5639778,120.9946342,1768779716000,0.0
synthetic-traffic-02-00,59,14.5640271,120.9946101,1768779718000,0.0
synthetic-traffic-02-00,60,14.5640764,120.994586,1768779720000,0.0
synthetic-traffic-02-00,61,14.5641257,120.9945619,1768779722000,0.0
synthetic-traffic-02-00,62,14.564175,120.9945378,1768779724000,0.0
synthetic-traffic-02-00,63,14.5642243,120.9945137,1768779726000,0.0
synthetic-traffic-02-00,64,14.5642736,120.9944895,1768779728000,0.0
synthetic-traffic-02-00,65,14.5643229,120.9944654,1768779730000,0.0
synthetic-traffic-02-00,66,14.5643725,120.9944419,1768779732000,0.0
synthetic-traffic-02-00,67,14.5643881,120.9944058,1768779734000,0.0
synthetic-traffic-02-00,68,14.5643721,120.9943678,1768779736000,0.0
synthetic-traffic-02-00,69,14.5643934,120.9944184,1768779738000,0.0
synthetic-traffic-02-00,70,14.5644366,120.9944123,1768779740000,0.0
synthetic-traffic-02-00,71,14.5644863,120.994389,1768779742000,0.0
synthetic-traffic-02-00,72,14.5645358,120.9943654,1768779744000,0.0
synthetic-traffic-02-00,73,14.5645853,120.9943415,1768779746000,0.0
synthetic-traffic-02-00,74,14.5646347,120.9943177,1768779748000,0.0
synthetic-traffic-02-00,75,14.5646841,120.9942938,1768779750000,0.0
synthetic-traffic-02-00,76,14.5647335,120.99427,1768779752000,0.0
synthetic-traffic-02-00,77,14.5647829,120.9942461,1768779754000,0.0
synthetic-traffic-02-00,78,14.5648324,120.9942222,1768779756000,0.0
synthetic-traffic-02-00,79,14.5648818,120.9941984,1768779758000,0.0
synthetic-traffic-02-00,80,14.5649312,120.9941745,1768779760000,0.0
synthetic-traffic-02-00,81,14.5649806,120.9941506,1768779762000,0.0
synthetic-traffic-02-00,82,14.5650301,120.9941268,1768779764000,0.0
synthetic-traffic-02-00,83,14.5650795,120.9941029,1768779766000,0.0
synthetic-traffic-02-00,84,14.5651289,120.9940791,1768779768000,0.0
synthetic-traffic-02-00,85,14.5651789,120.9940565,1768779770000,0.0
synthetic-traffic-02-00,86,14.5652291,120.9940342,1768779772000,0.0
synthetic-traffic-02-00,87,14.5652792,120.9940118,1768779774000,0.0
synthetic-traffic-02-00,88,14.5653293,120.9939894,1768779776000,0.0
synthetic-traffic-02-00,89,14.5653537,120.9939591,1768779778000,0.0
synthetic-traffic-02-00,90,14.5653267,120.9939113,1768779780000,0.0
synthetic-traffic-02-00,91,14.5652997,120.9938635,1768779782000,0.0
synthetic-traffic-02-00,92,14.5652596,120.9938582,1768779784000,0.0
synthetic-traffic-02-00,93,14.5652102,120.9938823,1768779786000,0.0
synthetic-traffic-02-00,94,14.5651609,120.9939064,1768779788000,0.0
synthetic-traffic-02-00,95,14.5651116,120.9939304,1768779790000,0.0
synthetic-traffic-02-00,96,14.5650621,120.9939541,1768779792000,0.0
synthetic-traffic-02-00,97,14.5650125,120.9939776,1768779794000,0.0
synthetic-traffic-02-00,98,14.5649629,120.9940011,1768779796000,0.0
synthetic-traffic-02-00,99,14.5649133,120.9940247,1768779798000,0.0
synthetic-traffic-02-00,100,14.5648638,120.9940482,1768779800000,0.0
synthetic-traffic-02-00,101,14.5648142,120.9940718,1768779802000,0.0
synthetic-traffic-02-00,102,14.5647646,120.9940952,1768779804000,0.0
synthetic-traffic-02-00,103,14.5647149,120.9941186,1768779806000,0.0
synthetic-traffic-02-00,104,14.5646653,120.994142,1768779808000,0.0
synthetic-traffic-02-00,105,14.5646157,120.9941654,1768779810000,0.0
synthetic-traffic-02-00,106,14.564566,120.9941888,1768779812000,0.0
synthetic-traffic-02-00,107,14.5645164,120.9942122,1768779814000,0.0
synthetic-traffic-02-00,108,14.5644667,120.9942357,1768779816000,0.0
synthetic-traffic-02-00,109,14.5644168,120.9942585,1768779818000,0.0
synthetic-traffic-02-00,110,14.5643668,120.994281,1768779820000,0.0
synthetic-traffic-02-00,111,14.5643506,120.9943169,1768779822000,0.0
synthetic-traffic-02-00,112,14.5643669,120.9943555,1768779824000,0.0
synthetic-traffic-02-00,113,14.5643456,120.994305,1768779826000,0.0
synthetic-traffic-02-00,114,14.564303,120.9943113,1768779828000,0.0
synthetic-traffic-02-00,115,14.5642534,120.9943348,1768779830000,0.0
synthetic-traffic-02-00,116,14.5642036,120.9943579,1768779832000,0.0
synthetic-traffic-02-00,117,14.5641538,120.9943809,1768779834000,0.0
synthetic-traffic-02-00,118,14.564104,120.994404,1768779836000,0.0
synthetic-traffic-02-00,119,14.5640542,120.994427,1768779838000,0.0
synthetic-traffic-02-00,120,14.5640044,120.9944501,1768779840000,0.0
synthetic-traffic-02-00,121,14.5639546,120.9944731,1768779842000,0.0
synthetic-traffic-02-00,122,14.5639053,120.9944972,1768779844000,0.0
synthetic-traffic-02-00,123,14.563856,120.9945213,1768779846000,0.0
synthetic-traffic-02-00,124,14.5638067,120.9945454,1768779848000,0.0
synthetic-traffic-02-00,125,14.5637578,120.9945705,1768779850000,0.0
synthetic-traffic-02-00,126,14.5637089,120.9945953,1768779852000,0.0
synthetic-traffic-02-00,127,14.5636598,120.9946197,1768779854000,0.0
synthetic-traffic-02-00,128,14.5636106,120.9946442,1768779856000,0.0
synthetic-traffic-02-00,129,14.5635615,120.9946686,1768779858000,0.0
synthetic-traffic-02-00,130,14.5635119,120.9946922,1768779860000,0.0
synthetic-traffic-02-00,131,14.5634621,120.9947152,1768779862000,0.0
synthetic-traffic-02-00,132,14.5634124,120.9947384,1768779864000,0.0
synthetic-traffic-02-00,133,14.5633626,120.9947616,1768779866000,0.0
synthetic-traffic-02-00,134,14.5633129,120.9947848,1768779868000,0.0
synthetic-traffic-02-00,135,14.5632632,120.994808,1768779870000,0.0
synthetic-traffic-02-00,136,14.5632134,120.9948312,1768779872000,0.0
synthetic-traffic-02-00,137,14.5631633,120.9948536,1768779874000,0.0
synthetic-traffic-02-00,138,14.5631137,120.9948769,1768779876000,0.0
synthetic-traffic-02-00,139,14.563064,120.9949003,1768779878000,0.0
synthetic-traffic-02-00,140,14.5630144,120.9949237,1768779880000,0.0
synthetic-traffic-02-00,141,14.5629647,120.994947,1768779882000,0.0
synthetic-traffic-02-00,142,14.562915,120.9949704,1768779884000,0.0
synthetic-traffic-02-00,143,14.5628654,120.9949938,1768779886000,0.0
synthetic-traffic-02-00,144,14.5628157,120.9950172,1768779888000,0.0
synthetic-traffic-02-00,145,14.5627661,120.9950405,1768779890000,0.0
synthetic-traffic-02-00,146,14.5627164,120.9950639,1768779892000,0.0
synthetic-traffic-02-00,147,14.5626658,120.9950843,1768779894000,0.0
synthetic-traffic-02-00,148,14.5626118,120.9950941,1768779896000,0.0
synthetic-traffic-02-00,149,14.5626001,120.995141,1768779898000,0.0
synthetic-traffic-02-00,150,14.5625975,120.9951958,1768779900000,0.0
synthetic-traffic-02-00,151,14.562596,120.9952252,1768779902000,0.0
synthetic-traffic-02-00,152,14.5625987,120.9951704,1768779904000,0.0
synthetic-traffic-02-00,153,14.5626013,120.9951155,1768779906000,0.0
synthetic-traffic-02-00,154,14.5625886,120.9950635,1768779908000,0.0
synthetic-traffic-02-00,155,14.5625664,120.9950133,1768779910000,0.0
synthetic-traffic-02-00,156,14.5625399,120.9949653,1768779912000,0.0
synthetic-traffic-02-00,157,14.5625134,120.9949172,1768779914000,0.0
synthetic-traffic-02-00,158,14.5624869,120.9948692,1768779916000,0.0
synthetic-traffic-02-00,159,14.5624603,120.9948211,1768779918000,0.0
synthetic-traffic-02-00,160,14.5624191,120.9947867,1768779920000,0.0
synthetic-traffic-02-00,161,14.5623732,120.9947567,1768779922000,0.0
synthetic-traffic-02-00,162,14.5623273,120.9947266,1768779924000,0.0
synthetic-traffic-02-00,163,14.5622813,120.9946965,1768779926000,0.0
synthetic-traffic-02-00,164,14.5622354,120.9946665,1768779928000,0.0
synthetic-traffic-02-00,165,14.5621895,120.9946364,1768779930000,0.0
synthetic-traffic-02-00,166,14.5621436,120.9946064,1768779932000,0.0
synthetic-traffic-02-00,167,14.5620977,120.9945763,1768779934000,0.0
synthetic-traffic-02-00,168,14.5620518,120.9945462,1768779936000,0.0
synthetic-traffic-02-00,169,14.5620059,120.9945162,1768779938000,0.0
synthetic-traffic-02-00,170,14.5619599,120.9944861,1768779940000,0.0
synthetic-traffic-02-00,171,14.561914,120.994456,1768779942000,0.0
synthetic-traffic-02-00,172,14.5618681,120.994426,1768779944000,0.0
synthetic-traffic-02-00,173,14.5618222,120.9943959,1768779946000,0.0
synthetic-traffic-02-00,174,14.5617763,120.9943658,1768779948000,0.0
synthetic-traffic-02-00,175,14.5617357,120.9943295,1768779950000,0.0
synthetic-traffic-02-00,176,14.5616987,120.994289,1768779952000,0.0
synthetic-traffic-02-00,177,14.5616618,120.9942484,1768779954000,0.0
synthetic-traffic-02-00,178,14.5616249,120.9942078,1768779956000,0.0
synthetic-traffic-02-00,179,14.5615879,120.9941672,1768779958000,0.0
synthetic-traffic-02-00,180,14.561551,120.9941266,1768779960000,0.0
synthetic-traffic-02-00,181,14.561514,120.9941185,1768779962000,0.0
synthetic-traffic-02-00,182,14.561477,120.994159,1768779964000,0.0
synthetic-traffic-02-00,183,14.561513,120.9941196,1768779966000,0.0
synthetic-traffic-02-00,184,14.5615079,120.9940788,1768779968000,0.0
synthetic-traffic-02-00,185,14.5614715,120.9940378,1768779970000,0.0
synthetic-traffic-02-00,186,14.5614362,120.9939958,1768779972000,0.0
synthetic-traffic-02-00,187,14.5614011,120.9939536,1768779974000,0.0
synthetic-traffic-02-00,188,14.5613704,120.9939081,1768779976000,0.0
synthetic-traffic-02-00,189,14.5613397,120.9938626,1768779978000,0.0
synthetic-traffic-02-00,190,14.5613125,120.9938151,1768779980000,0.0
synthetic-traffic-02-00,191,14.561288,120.993766,1768779982000,0.0
synthetic-traffic-02-00,192,14.5612636,120.9937446,1768779984000,0.0
synthetic-traffic-02-00,193,14.5612393,120.9937938,1768779986000,0.0
synthetic-traffic-02-00,194,14.5612462,120.9937797,1768779988000,0.0
synthetic-traffic-02-00,195,14.5612704,120.9937305,1768779990000,0.0
synthetic-traffic-02-00,196,14.5612613,120.9936764,1768779992000,0.0
synthetic-traffic-02-00,197,14.5612522,120.9936222,1768779994000,0.0
synthetic-traffic-02-00,198,14.5612431,120.9935681,1768779996000,0.0
synthetic-traffic-02-00,199,14.561234,120.993514,1768779998000,0.0
synthetic-traffic-02-00,200,14.5612244,120.99346,1768780000000,0.0
synthetic-traffic-02-00,201,14.5612136,120.9934061,1768780002000,0.0
synthetic-traffic-02-00,202,14.5612029,120.9933523,1768780004000,0.0
synthetic-traffic-02-00,203,14.5611921,120.9932985,1768780006000,0.0
synthetic-traffic-02-00,204,14.5611812,120.9932447,1768780008000,0.0
synthetic-traffic-02-00,205,14.561169,120.9931912,1768780010000,0.0
synthetic-traffic-02-00,206,14.5611567,120.9931377,1768780012000,0.0
synthetic-traffic-02-00,207,14.5611445,120.9930842,1768780014000,0.0
synthetic-traffic-02-00,208,14.5611323,120.9930307,1768780016000,0.0
synthetic-traffic-02-00,209,14.56112,120.9929772,1768780018000,0.0
synthetic-traffic-02-00,210,14.5611078,120.9929237,1768780020000,0.0
synthetic-traffic-02-00,211,14.5610955,120.9928702,1768780022000,0.0
synthetic-traffic-02-00,212,14.5610761,120.9928191,1768780024000,0.0
synthetic-traffic-02-00,213,14.5610547,120.9927685,1768780026000,0.0
synthetic-traffic-02-00,214,14.5610334,120.992718,1768780028000,0.0
synthetic-traffic-02-00,215,14.561012,120.9926674,1768780030000,0.0
synthetic-traffic-02-00,216,14.5609907,120.9926169,1768780032000,0.0
synthetic-traffic-02-00,217,14.5609726,120.9925652,1768780034000,0.0
synthetic-traffic-02-00,218,14.5609591,120.992512,1768780036000,0.0
synthetic-traffic-02-00,219,14.5609455,120.9924588,1768780038000,0.0
synthetic-traffic-02-00,220,14.560932,120.9924056,1768780040000,0.0
synthetic-traffic-02-00,221,14.5609184,120.9923525,1768780042000,0.0
synthetic-traffic-02-00,222,14.5609049,120.9922993,1768780044000,0.0
synthetic-traffic-02-00,223,14.5608916,120.992246,1768780046000,0.0
synthetic-traffic-02-00,224,14.5608784,120.9921928,1768780048000,0.0
synthetic-traffic-02-00,225,14.5608651,120.9921395,1768780050000,0.0
synthetic-traffic-02-00,226,14.5608519,120.9920862,1768780052000,0.0
synthetic-traffic-02-00,227,14.5608387,120.992033,1768780054000,0.0
synthetic-traffic-02-00,228,14.5608254,120.9919797,1768780056000,0.0
synthetic-traffic-02-00,229,14.5608122,120.9919264,1768780058000,0.0
synthetic-traffic-02-00,230,14.560799,120.9918732,1768780060000,0.0
synthetic-traffic-02-00,231,14.5607857,120.9918199,1768780062000,0.0
synthetic-traffic-02-00,232,14.5607725,120.9917667,1768780064000,0.0
synthetic-traffic-02-00,233,14.5607593,120.9917134,1768780066000,0.0
synthetic-traffic-02-00,234,14.560746,120.9916601,1768780068000,0.0
synthetic-traffic-02-00,235,14.5607328,120.9916069,1768780070000,0.0
synthetic-traffic-02-00,236,14.5607196,120.9915536,1768780072000,0.0
synthetic-traffic-02-00,237,14.5607063,120.9915004,1768780074000,0.0
synthetic-traffic-02-00,238,14.5606931,120.9914471,1768780076000,0.0
synthetic-traffic-02-00,239,14.5606798,120.9913938,1768780078000,0.0
synthetic-traffic-02-00,240,14.5606666,120.9913406,1768780080000,0.0
synthetic-traffic-02-00,241,14.5606534,120.9912873,1768780082000,0.0
synthetic-traffic-02-00,242,14.5606401,120.9912341,1768780084000,0.0
synthetic-traffic-02-00,243,14.5606269,120.9911808,1768780086000,0.0
synthetic-traffic-02-00,244,14.5606136,120.9911275,1768780088000,0.0
synthetic-traffic-02-00,245,14.5606004,120.9910743,1768780090000,0.0
synthetic-traffic-02-00,246,14.5605872,120.991021,1768780092000,0.0
synthetic-traffic-02-00,247,14.5605739,120.9909678,1768780094000,0.0
synthetic-traffic-02-00,248,14.5605607,120.9909145,1768780096000,0.0
synthetic-traffic-02-00,249,14.5605474,120.9908612,1768780098000,0.0
synthetic-traffic-02-00,250,14.5605342,120.990808,1768780100000,0.0
synthetic-traffic-02-00,251,14.560521,120.9907547,1768780102000,0.0
synthetic-traffic-02-00,252,14.5605077,120.9907015,1768780104000,0.0
synthetic-traffic-02-00,253,14.5604945,120.9906482,1768780106000,0.0
synthetic-traffic-02-00,254,14.5604812,120.9905949,1768780108000,0.0
synthetic-traffic-02-00,255,14.560468,120.9905417,1768780110000,0.0
synthetic-traffic-02-00,256,14.5604548,120.9904884,1768780112000,0.0
synthetic-traffic-02-00,257,14.5604415,120.9904352,1768780114000,0.0
synthetic-traffic-02-00,258,14.5604283,120.9903819,1768780116000,0.0
synthetic-traffic-02-00,259,14.5604151,120.9903286,1768780118000,0.0
synthetic-traffic-02-00,260,14.5604018,120.9902754,1768780120000,0.0
synthetic-traffic-02-00,261,14.5603886,120.9902221,1768780122000,0.0
synthetic-traffic-02-00,262,14.5603753,120.9901689,1768780124000,0.0
synthetic-traffic-02-00,263,14.5603621,120.9901156,1768780126000,0.0
synthetic-traffic-02-00,264,14.5603488,120.9900623,1768780128000,0.0
synthetic-traffic-02-00,265,14.5603356,120.9900091,1768780130000,0.0
synthetic-traffic-02-00,266,14.5603224,120.9899558,1768780132000,0.0
synthetic-traffic-02-00,267,14.5603091,120.9899026,1768780134000,0.0
synthetic-traffic-02-00,268,14.5602959,120.9898493,1768780136000,0.0
synthetic-traffic-02-00,269,14.5602826,120.989796,1768780138000,0.0
synthetic-traffic-02-00,270,14.5602694,120.9897428,1768780140000,0.0
synthetic-traffic-02-00,271,14.5602562,120.9896895,1768780142000,0.0
synthetic-traffic-02-00,272,14.5602429,120.9896363,1768780144000,0.0
synthetic-traffic-02-00,273,14.5602297,120.989583,1768780146000,0.0
synthetic-traffic-02-00,274,14.5602164,120.9895297,1768780148000,0.0
synthetic-traffic-02-00,275,14.5602032,120.9894765,1768780150000,0.0
synthetic-traffic-02-00,276,14.5601898,120.9894233,1768780152000,0.0
synthetic-traffic-02-00,277,14.5601759,120.9893702,1768780154000,0.0
synthetic-traffic-02-00,278,14.5601599,120.9893178,1768780156000,0.0
synthetic-traffic-02-00,279,14.560144,120.9892653,1768780158000,0.0
synthetic-traffic-02-00,280,14.5601308,120.989212,1768780160000,0.0
synthetic-traffic-02-00,281,14.5601176,120.9891588,1768780162000,0.0
synthetic-traffic-02-00,282,14.5601043,120.9891055,1768780164000,0.0
synthetic-traffic-02-00,283,14.5600911,120.9890522,1768780166000,0.0
synthetic-traffic-02-00,284,14.5600778,120.988999,1768780168000,0.0
synthetic-traffic-02-00,285,14.5600646,120.9889457,1768780170000,0.0
synthetic-traffic-02-00,286,14.5600513,120.9888925,1768780172000,0.0
synthetic-traffic-02-00,287,14.5600374,120.9888394,1768780174000,0.0
synthetic-traffic-02-00,288,14.5600236,120.9887863,1768780176000,0.0
synthetic-traffic-02-00,289,14.5600097,120.9887332,1768780178000,0.0
synthetic-traffic-02-00,290,14.5599959,120.9886801,1768780180000,0.0
synthetic-traffic-02-00,291,14.559982,120.988627,1768780182000,0.0
synthetic-traffic-02-00,292,14.5599682,120.9885739,1768780184000,0.0
synthetic-traffic-02-00,293,14.5599543,120.9885208,1768780186000,0.0
synthetic-traffic-02-00,294,14.5599405,120.9884677,1768780188000,0.0
synthetic-traffic-02-00,295,14.5599266,120.9884145,1768780190000,0.0
synthetic-traffic-02-00,296,14.5599128,120.9883614,1768780192000,0.0
synthetic-traffic-02-00,297,14.5598989,120.9883083,1768780194000,0.0
synthetic-traffic-02-00,298,14.559885,120.9882552,1768780196000,0.0
synthetic-traffic-02-00,299,14.5598712,120.9882021,1768780198000,0.0
synthetic-traffic-02-00,300,14.5598573,120.988149,1768780200000,0.0
synthetic-traffic-02-00,301,14.5598434,120.9880959,1768780202000,0.0
synthetic-traffic-02-00,302,14.5598296,120.9880428,1768780204000,0.0
synthetic-traffic-02-00,303,14.5598157,120.9879897,1768780206000,0.0
synthetic-traffic-02-00,304,14.5598019,120.9879366,1768780208000,0.0
synthetic-traffic-02-00,305,14.559788,120.9878835,1768780210000,0.0
synthetic-traffic-02-00,306,14.5597741,120.9878304,1768780212000,0.0
synthetic-traffic-02-00,307,14.5597603,120.9877773,1768780214000,0.0
synthetic-traffic-02-00,308,14.5597464,120.9877242,1768780216000,0.0
synthetic-traffic-02-00,309,14.5597326,120.9876711,1768780218000,0.0
synthetic-traffic-02-00,310,14.5597187,120.987618,1768780220000,0.0
synthetic-traffic-02-00,311,14.5597048,120.9875649,1768780222000,0.0
synthetic-traffic-02-00,312,14.5596918,120.9875116,1768780224000,0.0
synthetic-traffic-02-00,313,14.5596793,120.9874582,1768780226000,0.0
synthetic-traffic-02-00,314,14.5596671,120.9874047,1768780228000,0.0
synthetic-traffic-02-00,315,14.5596511,120.9873522,1768780230000,0.0
synthetic-traffic-02-00,316,14.5596348,120.9872998,1768780232000,0.0
synthetic-traffic-02-00,317,14.5596185,120.9872474,1768780234000,0.0
synthetic-traffic-02-00,318,14.5596021,120.987195,1768780236000,0.0
synthetic-traffic-02-00,319,14.5596104,120.9872214,1768780238000,0.0
synthetic-traffic-02-00,320,14.5596267,120.9872738,1768780240000,0.0
synthetic-traffic-02-00,321,14.559643,120.9873262,1768780242000,0.0
synthetic-traffic-02-00,322,14.5596593,120.9873786,1768780244000,0.0
synthetic-traffic-02-00,323,14.5596362,120.9874111,1768780246000,0.0
synthetic-traffic-02-00,324,14.5595844,120.9874293,1768780248000,0.0
synthetic-traffic-02-00,325,14.5595326,120.9874475,1768780250000,0.0
synthetic-traffic-02-00,326,14.5594808,120.9874656,1768780252000,0.0
synthetic-traffic-02-00,327,14.559429,120.9874838,1768780254000,0.0
synthetic-traffic-02-00,328,14.5593773,120.987502,1768780256000,0.0
synthetic-traffic-02-00,329,14.5593255,120.9875202,1768780258000,0.0
synthetic-traffic-02-00,330,14.5592737,120.9875383,1768780260000,0.0
synthetic-traffic-02-00,331,14.5592219,120.9875565,1768780262000,0.0
synthetic-traffic-02-00,332,14.5591701,120.9875747,1768780264000,0.0
synthetic-traffic-02-00,333,14.5591183,120.9875928,1768780266000,0.0
synthetic-traffic-02-00,334,14.5590666,120.987611,1768780268000,0.0
synthetic-traffic-02-00,335,14.5590148,120.9876292,1768780270000,0.0
synthetic-traffic-02-00,336,14.558963,120.9876474,1768780272000,0.0
synthetic-traffic-02-00,337,14.5589168,120.9876526,1768780274000,0.0
synthetic-traffic-02-00,338,14.5588946,120.9876024,1768780276000,0.0
synthetic-traffic-02-00,339,14.5588849,120.9875806,1768780278000,0.0
synthetic-traffic-02-00,340,14.5589071,120.9876308,1768780280000,0.0
synthetic-traffic-02-00,341,14.5589015,120.9876686,1768780282000,0.0
synthetic-traffic-02-00,342,14.5588494,120.9876861,1768780284000,0.0
synthetic-traffic-02-00,343,14.5587974,120.9877035,1768780286000,0.0
synthetic-traffic-02-00,344,14.5587453,120.9877209,1768780288000,0.0
synthetic-traffic-02-00,345,14.5586933,120.9877383,1768780290000,0.0
synthetic-traffic-02-00,346,14.5586413,120.9877558,1768780292000,0.0
synthetic-traffic-02-00,347,14.5585892,120.9877732,1768780294000,0.0
synthetic-traffic-02-00,348,14.5585372,120.9877906,1768780296000,0.0
synthetic-traffic-02-00,349,14.5584851,120.9878081,1768780298000,0.0
synthetic-traffic-02-00,350,14.5584331,120.9878255,1768780300000,0.0
synthetic-traffic-02-00,351,14.5583811,120.9878429,1768780302000,0.0
synthetic-traffic-02-00,352,14.558329,120.9878603,1768780304000,0.0
synthetic-traffic-02-00,353,14.558277,120.9878778,1768780306000,0.0
synthetic-traffic-02-00,354,14.5582754,120.9878385,1768780308000,0.0
synthetic-traffic-02-00,355,14.5582866,120.9877848,1768780310000,0.0
synthetic-traffic-02-00,356,14.5582979,120.9877311,1768780312000,0.0
synthetic-traffic-02-00,357,14.5583091,120.9876773,1768780314000,0.0
synthetic-traffic-02-00,358,14.5583106,120.9876703,1768780316000,0.0
synthetic-traffic-02-00,359,14.5582993,120.987724,1768780318000,0.0
synthetic-traffic-02-00,360,14.5582881,120.9877777,1768780320000,0.0
synthetic-traffic-02-00,361,14.5582768,120.9878314,1768780322000,0.0
synthetic-traffic-02-00,362,14.5582626,120.9878825,1768780324000,0.0
synthetic-traffic-02-00,363,14.5582103,120.9878989,1768780326000,0.0
synthetic-traffic-02-00,364,14.5581579,120.9879154,1768780328000,0.0
synthetic-traffic-02-00,365,14.5581056,120.9879318,1768780330000,0.0
synthetic-traffic-02-00,366,14.5580532,120.9879483,1768780332000,0.0
synthetic-traffic-02-00,367,14.5580009,120.9879648,1768780334000,0.0
synthetic-traffic-02-00,368,14.5579485,120.9879812,1768780336000,0.0
synthetic-traffic-02-00,369,14.5578962,120.9879977,1768780338000,0.0
synthetic-traffic-02-00,370,14.5578438,120.9880141,1768780340000,0.0
synthetic-traffic-02-00,371,14.5577914,120.9880306,1768780342000,0.0
synthetic-traffic-02-00,372,14.5577391,120.988047,1768780344000,0.0
synthetic-traffic-02-00,373,14.5576867,120.9880635,1768780346000,0.0
synthetic-traffic-02-00,374,14.5576344,120.9880799,1768780348000,0.0
synthetic-traffic-02-00,375,14.557582,120.9880964,1768780350000,0.0
synthetic-traffic-02-00,376,14.5575297,120.9881128,1768780352000,0.0
synthetic-traffic-02-00,377,14.5574773,120.9881293,1768780354000,0.0
synthetic-traffic-02-00,378,14.5574249,120.9881457,1768780356000,0.0
synthetic-traffic-02-00,379,14.5573726,120.9881621,1768780358000,0.0
synthetic-traffic-02-00,380,14.5573202,120.9881785,1768780360000,0.0
synthetic-traffic-02-00,381,14.5572678,120.9881949,1768780362000,0.0
synthetic-traffic-02-00,382,14.5572154,120.9882113,1768780364000,0.0
synthetic-traffic-02-00,383,14.5571631,120.9882277,1768780366000,0.0
synthetic-traffic-02-00,384,14.5571107,120.9882441,1768780368000,0.0
synthetic-traffic-02-00,385,14.5570583,120.9882605,1768780370000,0.0
synthetic-traffic-02-00,386,14.557006,120.9882769,1768780372000,0.0
synthetic-traffic-02-00,387,14.5569536,120.9882933,1768780374000,0.0
synthetic-traffic-02-00,388,14.5569015,120.9883106,1768780376000,0.0
synthetic-traffic-02-00,389,14.5568496,120.9883285,1768780378000,0.0
synthetic-traffic-02-00,390,14.5567978,120.9883465,1768780380000,0.0
synthetic-traffic-02-00,391,14.5567459,120.9883645,1768780382000,0.0
synthetic-traffic-02-00,392,14.5566941,120.9883824,1768780384000,0.0
synthetic-traffic-02-00,393,14.5566422,120.9884004,1768780386000,0.0
synthetic-traffic-02-00,394,14.5565902,120.9884181,1768780388000,0.0
synthetic-traffic-02-00,395,14.5565382,120.9884354,1768780390000,0.0
synthetic-traffic-02-00,396,14.5564861,120.9884528,1768780392000,0.0
synthetic-traffic-02-00,397,14.556434,120.9884701,1768780394000,0.0
synthetic-traffic-02-00,398,14.556382,120.9884875,1768780396000,0.0
synthetic-traffic-02-00,399,14.5563299,120.9885048,1768780398000,0.0
synthetic-traffic-02-00,400,14.5563046,120.9884676,1768780400000,0.0
synthetic-traffic-02-00,401,14.5562866,120.9884158,1768780402000,0.0
synthetic-traffic-02-00,402,14.5563017,120.9884593,1768780404000,0.0
synthetic-traffic-02-00,403,14.5563163,120.9885093,1768780406000,0.0
synthetic-traffic-02-00,404,14.5562641,120.9885262,1768780408000,0.0
synthetic-traffic-02-00,405,14.5562118,120.9885431,1768780410000,0.0
synthetic-traffic-02-00,406,14.5561596,120.98856,1768780412000,0.0
synthetic-traffic-02-00,407,14.5561074,120.9885769,1768780414000,0.0
synthetic-traffic-02-00,408,14.5560552,120.9885938,1768780416000,0.0
synthetic-traffic-02-00,409,14.556003,120.9886107,1768780418000,0.0
synthetic-traffic-02-00,410,14.5559508,120.9886276,1768780420000,0.0
synthetic-traffic-02-00,411,14.5558985,120.9886445,1768780422000,0.0
synthetic-traffic-02-00,412,14.5558463,120.9886614,1768780424000,0.0
synthetic-traffic-02-00,413,14.5557941,120.9886783,1768780426000,0.0
synthetic-traffic-02-00,414,14.5557419,120.9886952,1768780428000,0.0
synthetic-traffic-02-00,415,14.5556897,120.9887121,1768780430000,0.0
synthetic-traffic-02-00,416,14.5556375,120.988729,1768780432000,0.0
synthetic-traffic-02-00,417,14.5555853,120.9887459,1768780434000,0.0
synthetic-traffic-02-00,418,14.555533,120.9887628,1768780436000,0.0
synthetic-traffic-02-00,419,14.5554808,120.9887797,1768780438000,0.0
synthetic-traffic-02-00,420,14.5554286,120.9887965,1768780440000,0.0
synthetic-traffic-02-00,421,14.5553763,120.9888133,1768780442000,0.0
synthetic-traffic-02-00,422,14.5553241,120.9888301,1768780444000,0.0
synthetic-traffic-02-00,423,14.5552718,120.9888469,1768780446000,0.0
synthetic-traffic-02-00,424,14.5552196,120.9888637,1768780448000,0.0
synthetic-traffic-02-00,425,14.5551673,120.9888805,1768780450000,0.0
synthetic-traffic-02-00,426,14.5551151,120.9888973,1768780452000,0.0
synthetic-traffic-02-00,427,14.5550629,120.9889143,1768780454000,0.0
synthetic-traffic-02-00,428,14.5550108,120.9889314,1768780456000,0.0
synthetic-traffic-02-00,429,14.5549586,120.9889484,1768780458000,0.0
synthetic-traffic-02-00,430,14.5549064,120.9889655,1768780460000,0.0
synthetic-traffic-02-00,431,14.5548543,120.9889825,1768780462000,0.0
synthetic-traffic-02-00,432,14.554816,120.9889543,1768780464000,0.0
synthetic-traffic-02-00,433,14.5547823,120.988911,1768780466000,0.0
synthetic-traffic-02-00,434,14.5547486,120.9888676,1768780468000,0.0
synthetic-traffic-02-01,0,14.5633467,120.9988721,1768779600000,0.0
synthetic-traffic-02-01,1,14.5633248,120.9988213,1768779602000,0.0
synthetic-traffic-02-01,2,14.5633029,120.9987706,1768779604000,0.0
synthetic-traffic-02-01,3,14.563281,120.9987198,1768779606000,0.0
synthetic-traffic-02-01,4,14.5632591,120.998669,1768779608000,0.0
synthetic-traffic-02-01,5,14.5632372,120.9986183,1768779610000,0.0
synthetic-traffic-02-01,6,14.5632153,120.9985675,1768779612000,0.0
synthetic-traffic-02-01,7,14.5631934,120.9985167,1768779614000,0.0
synthetic-traffic-02-01,8,14.5632111,120.9985579,1768779616000,0.0
synthetic-traffic-02-01,9,14.563233,120.9986086,1768779618000,0.0
synthetic-traffic-02-01,10,14.5632549,120.9986594,1768779620000,0.0
synthetic-traffic-02-01,11,14.5632768,120.9987102,1768779622000,0.0
synthetic-traffic-02-01,12,14.5632987,120.9987609,1768779624000,0.0
synthetic-traffic-02-01,13,14.5633206,120.9988117,1768779626000,0.0
synthetic-traffic-02-01,14,14.5633425,120.9988625,1768779628000,0.0
synthetic-traffic-02-01,15,14.563367,120.998912,1768779630000,0.0
synthetic-traffic-02-01,16,14.5633921,120.9989613,1768779632000,0.0
synthetic-traffic-02-01,17,14.5634171,120.9990106,1768779634000,0.0
synthetic-traffic-02-01,18,14.5634422,120.9990599,1768779636000,0.0
synthetic-traffic-02-01,19,14.5634673,120.9991092,1768779638000,0.0
synthetic-traffic-02-01,20,14.5634923,120.9991585,1768779640000,0.0
synthetic-traffic-02-01,21,14.5635174,120.9992078,1768779642000,0.0
synthetic-traffic-02-01,22,14.5635424,120.999257,1768779644000,0.0
synthetic-traffic-02-01,23,14.5635675,120.9993063,1768779646000,0.0
synthetic-traffic-02-01,24,14.5635925,120.9993556,1768779648000,0.0
synthetic-traffic-02-01,25,14.5636176,120.9994049,1768779650000,0.0
synthetic-traffic-02-01,26,14.5636426,120.9994542,1768779652000,0.0
synthetic-traffic-02-01,27,14.5636677,120.9995035,1768779654000,0.0
synthetic-traffic-02-01,28,14.5636927,120.9995528,1768779656000,0.0
synthetic-traffic-02-01,29,14.5637178,120.9996021,1768779658000,0.0
synthetic-traffic-02-01,30,14.5637429,120.9996514,1768779660000,0.0
synthetic-traffic-02-01,31,14.5637679,120.9997007,1768779662000,0.0
synthetic-traffic-02-01,32,14.563793,120.99975,1768779664000,0.0
synthetic-traffic-02-01,33,14.563818,120.9997992,1768779666000,0.0
synthetic-traffic-02-01,34,14.5638431,120.9998485,1768779668000,0.0
synthetic-traffic-02-01,35,14.5638681,120.9998978,1768779670000,0.0
synthetic-traffic-02-01,36,14.5638932,120.9999471,1768779672000,0.0
synthetic-traffic-02-01,37,14.5639182,120.9999964,1768779674000,0.0
synthetic-traffic-02-01,38,14.5639433,121.0000457,1768779676000,0.0
synthetic-traffic-02-01,39,14.5639683,121.000095,1768779678000,0.0
synthetic-traffic-02-01,40,14.5639934,121.0001443,1768779680000,0.0
synthetic-traffic-02-01,41,14.5640184,121.0001936,1768779682000,0.0
synthetic-traffic-02-01,42,14.5640435,121.0002429,1768779684000,0.0
synthetic-traffic-02-01,43,14.5640685,121.0002922,1768779686000,0.0
synthetic-traffic-02-01,44,14.5640936,121.0003415,1768779688000,0.0
synthetic-traffic-02-01,45,14.5641187,121.0003907,1768779690000,0.0
synthetic-traffic-02-01,46,14.5641437,121.00044,1768779692000,0.0
synthetic-traffic-02-01,47,14.5641688,121.0004893,1768779694000,0.0
synthetic-traffic-02-01,48,14.5641938,121.0005386,1768779696000,0.0
synthetic-traffic-02-01,49,14.5642189,121.0005879,1768779698000,0.0
synthetic-traffic-02-01,50,14.5642439,121.0006372,1768779700000,0.0
synthetic-traffic-02-01,51,14.564269,121.0006865,1768779702000,0.0
synthetic-traffic-02-01,52,14.5642822,121.0007321,1768779704000,0.0
synthetic-traffic-02-01,53,14.5642334,121.000758,1768779706000,0.0
synthetic-traffic-02-01,54,14.5641846,121.000784,1768779708000,0.0
synthetic-traffic-02-01,55,14.5641357,121.0008099,1768779710000,0.0
synthetic-traffic-02-01,56,14.5640869,121.0008359,1768779712000,0.0
synthetic-traffic-02-01,57,14.5640381,121.0008619,1768779714000,0.0
synthetic-traffic-02-01,58,14.5639893,121.0008878,1768779716000,0.0
synthetic-traffic-02-01,59,14.5639405,121.0009138,1768779718000,0.0
synthetic-traffic-02-01,60,14.5638916,121.0009398,1768779720000,0.0
synthetic-traffic-02-01,61,14.5638428,121.0009657,1768779722000,0.0
synthetic-traffic-02-01,62,14.5638786,121.0010035,1768779724000,0.0
synthetic-traffic-02-01,63,14.5639185,121.0010418,1768779726000,0.0
synthetic-traffic-02-01,64,14.5639584,121.0010801,1768779728000,0.0
synthetic-traffic-02-01,65,14.5639982,121.0011184,1768779730000,0.0
synthetic-traffic-02-01,66,14.5640381,121.0011568,1768779732000,0.0
synthetic-traffic-02-01,67,14.5640779,121.0011951,1768779734000,0.0
synthetic-traffic-02-01,68,14.5641178,121.0012334,1768779736000,0.0
synthetic-traffic-03-00,0,14.5609964,120.9955721,1769384400000,0.0
synthetic-traffic-03-00,1,14.56102,120.9956077,1769384402000,0.0
synthetic-traffic-03-00,2,14.5610734,120.9955947,1769384404000,0.0
synthetic-traffic-03-00,3,14.5611267,120.9955816,1769384406000,0.0
synthetic-traffic-03-00,4,14.56118,120.9955686,1769384408000,0.0
synthetic-traffic-03-00,5,14.5612333,120.9955556,1769384410000,0.0
synthetic-traffic-03-00,6,14.5612866,120.9955425,1769384412000,0.0
synthetic-traffic-03-00,7,14.5613399,120.9955295,1769384414000,0.0
synthetic-traffic-03-00,8,14.5613932,120.9955165,1769384416000,0.0
synthetic-traffic-03-00,9,14.5614465,120.9955034,1769384418000,0.0
synthetic-traffic-03-00,10,14.5614998,120.9954904,1769384420000,0.0
synthetic-traffic-03-00,11,14.5615531,120.9954773,1769384422000,0.0
synthetic-traffic-03-00,12,14.5616065,120.9954643,1769384424000,0.0
synthetic-traffic-03-00,13,14.5616598,120.9954513,1769384426000,0.0
synthetic-traffic-03-00,14,14.5617131,120.9954382,1769384428000,0.0
synthetic-traffic-03-00,15,14.5617664,120.9954252,1769384430000,0.0
synthetic-traffic-03-00,16,14.5618197,120.9954122,1769384432000,0.0
synthetic-traffic-03-00,17,14.561873,120.9953991,1769384434000,0.0
synthetic-traffic-03-00,18,14.5619263,120.9953861,1769384436000,0.0
synthetic-traffic-03-00,19,14.5619796,120.995373,1769384438000,0.0
synthetic-traffic-03-00,20,14.5620329,120.99536,1769384440000,0.0
synthetic-traffic-03-00,21,14.5620862,120.995347,1769384442000,0.0
synthetic-traffic-03-00,22,14.5621396,120.9953339,1769384444000,0.0
synthetic-traffic-03-00,23,14.5621929,120.9953209,1769384446000,0.0
synthetic-traffic-03-00,24,14.5622462,120.9953079,1769384448000,0.0
synthetic-traffic-03-00,25,14.5622995,120.9952948,1769384450000,0.0
synthetic-traffic-03-00,26,14.5623527,120.9952816,1769384452000,0.0
synthetic-traffic-03-00,27,14.5624055,120.9952666,1769384454000,0.0
synthetic-traffic-03-00,28,14.5624592,120.9952557,1769384456000,0.0
synthetic-traffic-03-00,29,14.5625136,120.9952486,1769384458000,0.0
synthetic-traffic-03-00,30,14.562568,120.9952415,1769384460000,0.0
synthetic-traffic-03-00,31,14.5626213,120.9952295,1769384462000,0.0
synthetic-traffic-03-00,32,14.5626734,120.9952122,1769384464000,0.0
synthetic-traffic-03-00,33,14.5627237,120.9951902,1769384466000,0.0
synthetic-traffic-03-00,34,14.562774,120.9951682,1769384468000,0.0
synthetic-traffic-03-00,35,14.5628243,120.9951462,1769384470000,0.0
synthetic-traffic-03-00,36,14.5628745,120.9951243,1769384472000,0.0
synthetic-traffic-03-00,37,14.5629248,120.9951023,1769384474000,0.0
synthetic-traffic-03-00,38,14.5629751,120.9950803,1769384476000,0.0
synthetic-traffic-03-00,39,14.5630254,120.9950584,1769384478000,0.0
synthetic-traffic-03-00,40,14.5630757,120.9950364,1769384480000,0.0
synthetic-traffic-03-00,41,14.563126,120.9950144,1769384482000,0.0
synthetic-traffic-03-00,42,14.5631763,120.9949925,1769384484000,0.0
synthetic-traffic-03-00,43,14.5632266,120.9949705,1769384486000,0.0
synthetic-traffic-03-00,44,14.5632769,120.9949485,1769384488000,0.0
synthetic-traffic-03-00,45,14.5633272,120.9949266,1769384490000,0.0
synthetic-traffic-03-00,46,14.5633775,120.9949046,1769384492000,0.0
synthetic-traffic-03-00,47,14.5634278,120.9948826,1769384494000,0.0
synthetic-traffic-03-00,48,14.5634781,120.9948607,1769384496000,0.0
synthetic-traffic-03-00,49,14.5635284,120.9948387,1769384498000,0.0
synthetic-traffic-03-00,50,14.5635786,120.9948167,1769384500000,0.0
synthetic-traffic-03-00,51,14.5636289,120.9947948,1769384502000,0.0
synthetic-traffic-03-00,52,14.5636793,120.9947729,1769384504000,0.0
synthetic-traffic-03-00,53,14.5637297,120.9947513,1769384506000,0.0
synthetic-traffic-03-00,54,14.5637802,120.9947297,1769384508000,0.0
synthetic-traffic-03-00,55,14.5638299,120.9947066,1769384510000,0.0
synthetic-traffic-03-00,56,14.5638792,120.9946825,1769384512000,0.0
synthetic-traffic-03-00,57,14.5639285,120.9946584,1769384514000,0.0
synthetic-traffic-03-00,58,14.5639778,120.9946342,1769384516000,0.0
synthetic-traffic-03-00,59,14.5640271,120.9946101,1769384518000,0.0
synthetic-traffic-03-00,60,14.5640764,120.994586,1769384520000,0.0
synthetic-traffic-03-00,61,14.5641257,120.9945619,1769384522000,0.0
synthetic-traffic-03-00,62,14.564175,120.9945378,1769384524000,0.0
synthetic-traffic-03-00,63,14.5642243,120.9945137,1769384526000,0.0
synthetic-traffic-03-00,64,14.5642736,120.9944895,1769384528000,0.0
synthetic-traffic-03-00,65,14.5643229,120.9944654,1769384530000,0.0
synthetic-traffic-03-00,66,14.5643725,120.9944419,1769384532000,0.0
synthetic-traffic-03-00,67,14.5643881,120.9944058,1769384534000,0.0
synthetic-traffic-03-00,68,14.5643721,120.9943678,1769384536000,0.0
synthetic-traffic-03-00,69,14.5643934,120.9944184,1769384538000,0.0
synthetic-traffic-03-00,70,14.5644366,120.9944123,1769384540000,0.0
synthetic-traffic-03-00,71,14.5644863,120.994389,1769384542000,0.0
synthetic-traffic-03-00,72,14.5645358,120.9943654,1769384544000,0.0
synthetic-traffic-03-00,73,14.5645853,120.9943415,1769384546000,0.0
synthetic-traffic-03-00,74,14.5646347,120.9943177,1769384548000,0.0
synthetic-traffic-03-00,75,14.5646841,120.9942938,1769384550000,0.0
synthetic-traffic-03-00,76,14.5647335,120.99427,1769384552000,0.0
synthetic-traffic-03-00,77,14.5647829,120.9942461,1769384554000,0.0
synthetic-traffic-03-00,78,14.5648324,120.9942222,1769384556000,0.0
synthetic-traffic-03-00,79,14.5648818,120.9941984,1769384558000,0.0
synthetic-traffic-03-00,80,14.5649312,120.9941745,1769384560000,0.0
synthetic-traffic-03-00,81,14.5649806,120.9941506,1769384562000,0.0
synthetic-traffic-03-00,82,14.5650301,120.9941268,1769384564000,0.0
synthetic-traffic-03-00,83,14.5650795,120.9941029,1769384566000,0.0
synthetic-traffic-03-00,84,14.5651289,120.9940791,1769384568000,0.0
synthetic-traffic-03-00,85,14.5651789,120.9940565,1769384570000,0.0
synthetic-traffic-03-00,86,14.5652291,120.9940342,1769384572000,0.0
synthetic-traffic-03-00,87,14.5652792,120.9940118,1769384574000,0.0
synthetic-traffic-03-00,88,14.5653293,120.9939894,1769384576000,0.0
synthetic-traffic-03-00,89,14.5653537,120.9939591,1769384578000,0.0
synthetic-traffic-03-00,90,14.5653267,120.9939113,1769384580000,0.0
synthetic-traffic-03-00,91,14.5652997,120.9938635,1769384582000,0.0
synthetic-traffic-03-00,92,14.5652596,120.9938582,1769384584000,0.0
synthetic-traffic-03-00,93,14.5652102,120.9938823,1769384586000,0.0
synthetic-traffic-03-00,94,14.5651609,120.9939064,1769384588000,0.0
synthetic-traffic-03-00,95,14.5651116,120.9939304,1769384590000,0.0
synthetic-traffic-03-00,96,14.5650621,120.9939541,1769384592000,0.0
synthetic-traffic-03-00,97,14.5650125,120.9939776,1769384594000,0.0
synthetic-traffic-03-00,98,14.5649629,120.9940011,1769384596000,0.0
synthetic-traffic-03-00,99,14.5649133,120.9940247,1769384598000,0.0
synthetic-traffic-03-00,100,14.5648638,120.9940482,1769384600000,0.0
synthetic-traffic-03-00,101,14.5648142,120.9940718,1769384602000,0.0
synthetic-traffic-03-00,102,14.5647646,120.9940952,1769384604000,0.0
synthetic-traffic-03-00,103,14.5647149,120.9941186,1769384606000,0.0
synthetic-traffic-03-00,104,14.5646653,120.994142,1769384608000,0.0
synthetic-traffic-03-00,105,14.5646157,120.9941654,1769384610000,0.0
synthetic-traffic-03-00,106,14.564566,120.9941888,1769384612000,0.0
synthetic-traffic-03-00,107,14.5645164,120.9942122,1769384614000,0.0
synthetic-traffic-03-00,108,14.5644667,120.9942357,1769384616000,0.0
synthetic-traffic-03-00,109,14.5644168,120.9942585,1769384618000,0.0
synthetic-traffic-03-00,110,14.5643668,120.994281,1769384620000,0.0
synthetic-traffic-03-00,111,14.5643506,120.9943169,1769384622000,0.0
synthetic-traffic-03-00,112,14.5643669,120.9943555,1769384624000,0.0
synthetic-traffic-03-00,113,14.5643456,120.994305,1769384626000,0.0
synthetic-traffic-03-00,114,14.564303,120.9943113,1769384628000,0.0
synthetic-traffic-03-00,115,14.5642534,120.9943348,1769384630000,0.0
synthetic-traffic-03-00,116,14.5642036,120.9943579,1769384632000,0.0
synthetic-traffic-03-00,117,14.5641538,120.9943809,1769384634000,0.0
synthetic-traffic-03-00,118,14.564104,120.994404,1769384636000,0.0
synthetic-traffic-03-00,119,14.5640542,120.994427,1769384638000,0.0
synthetic-traffic-03-00,120,14.5640044,120.9944501,1769384640000,0.0
synthetic-traffic-03-00,121,14.5639546,120.9944731,1769384642000,0.0
synthetic-traffic-03-00,122,14.5639053,120.9944972,1769384644000,0.0
synthetic-traffic-03-00,123,14.563856,120.9945213,1769384646000,0.0
synthetic-traffic-03-00,124,14.5638067,120.9945454,1769384648000,0.0
synthetic-traffic-03-00,125,14.5637578,120.9945705,1769384650000,0.0
synthetic-traffic-03-00,126,14.5637089,120.9945953,1769384652000,0.0
synthetic-traffic-03-00,127,14.5636598,120.9946197,1769384654000,0.0
synthetic-traffic-03-00,128,14.5636106,120.9946442,1769384656000,0.0
synthetic-traffic-03-00,129,14.5635615,120.9946686,1769384658000,0.0
synthetic-traffic-03-00,130,14.5635119,120.9946922,1769384660000,0.0
synthetic-traffic-03-00,131,14.5634621,120.9947152,1769384662000,0.0
synthetic-traffic-03-00,132,14.5634124,120.9947384,1769384664000,0.0
synthetic-traffic-03-00,133,14.5633626,120.9947616,1769384666000,0.0
synthetic-traffic-03-00,134,14.5633129,120.9947848,1769384668000,0.0
synthetic-traffic-03-00,135,14.5632632,120.994808,1769384670000,0.0
synthetic-traffic-03-00,136,14.5632134,120.9948312,1769384672000,0.0
synthetic-traffic-03-00,137,14.5631633,120.9948536,1769384674000,0.0
synthetic-traffic-03-00,138,14.5631137,120.9948769,1769384676000,0.0
synthetic-traffic-03-00,139,14.563064,120.9949003,1769384678000,0.0
synthetic-traffic-03-00,140,14.5630144,120.9949237,1769384680000,0.0
synthetic-traffic-03-00,141,14.5629647,120.994947,1769384682000,0.0
synthetic-traffic-03-00,142,14.562915,120.9949704,1769384684000,0.0
synthetic-traffic-03-00,143,14.5628654,120.9949938,1769384686000,0.0
synthetic-traffic-03-00,144,14.5628157,120.9950172,1769384688000,0.0
synthetic-traffic-03-00,145,14.5627661,120.9950405,1769384690000,0.0
synthetic-traffic-03-00,146,14.5627164,120.9950639,1769384692000,0.0
synthetic-traffic-03-00,147,14.5626658,120.9950843,1769384694000,0.0
synthetic-traffic-03-00,148,14.5626118,120.9950941,1769384696000,0.0
synthetic-traffic-03-00,149,14.5626001,120.995141,1769384698000,0.0
synthetic-traffic-03-00,150,14.5625975,120.9951958,1769384700000,0.0
synthetic-traffic-03-00,151,14.562596,120.9952252,1769384702000,0.0
synthetic-traffic-03-00,152,14.5625987,120.9951704,1769384704000,0.0
synthetic-traffic-03-00,153,14.5626013,120.9951155,1769384706000,0.0
synthetic-traffic-03-00,154,14.5625886,120.9950635,1769384708000,0.0
synthetic-traffic-03-00,155,14.5625664,120.9950133,1769384710000,0.0
synthetic-traffic-03-00,156,14.5625399,120.9949653,1769384712000,0.0
synthetic-traffic-03-00,157,14.5625134,120.9949172,1769384714000,0.0
synthetic-traffic-03-00,158,14.5624869,120.9948692,1769384716000,0.0
synthetic-traffic-03-00,159,14.5624603,120.9948211,1769384718000,0.0
synthetic-traffic-03-00,160,14.5624191,120.9947867,1769384720000,0.0
synthetic-traffic-03-00,161,14.5623732,120.9947567,1769384722000,0.0
synthetic-traffic-03-00,162,14.5623273,120.9947266,1769384724000,0.0
synthetic-traffic-03-00,163,14.5622813,120.9946965,1769384726000,0.0
synthetic-traffic-03-00,164,14.5622354,120.9946665,1769384728000,0.0
synthetic-traffic-03-00,165,14.5621895,120.9946364,1769384730000,0.0
synthetic-traffic-03-00,166,14.5621436,120.9946064,1769384732000,0.0
synthetic-traffic-03-00,167,14.5620977,120.9945763,1769384734000,0.0
synthetic-traffic-03-00,168,14.5620518,120.9945462,1769384736000,0.0
synthetic-traffic-03-00,169,14.5620059,120.9945162,1769384738000,0.0
synthetic-traffic-03-00,170,14.5619599,120.9944861,1769384740000,0.0
synthetic-traffic-03-00,171,14.561914,120.994456,1769384742000,0.0
synthetic-traffic-03-00,172,14.5618681,120.994426,1769384744000,0.0
synthetic-traffic-03-00,173,14.5618222,120.9943959,1769384746000,0.0
synthetic-traffic-03-00,174,14.5617763,120.9943658,1769384748000,0.0
synthetic-traffic-03-00,175,14.5617357,120.9943295,1769384750000,0.0
synthetic-traffic-03-00,176,14.5616987,120.994289,1769384752000,0.0
synthetic-traffic-03-00,177,14.5616618,120.9942484,1769384754000,0.0
synthetic-traffic-03-00,178,14.5616249,120.9942078,1769384756000,0.0
synthetic-traffic-03-00,179,14.5615879,120.9941672,1769384758000,0.0
synthetic-traffic-03-00,180,14.561551,120.9941266,1769384760000,0.0
synthetic-traffic-03-00,181,14.561514,120.9941185,1769384762000,0.0
synthetic-traffic-03-00,182,14.561477,120.994159,1769384764000,0.0
synthetic-traffic-03-00,183,14.561513,120.9941196,1769384766000,0.0
synthetic-traffic-03-00,184,14.5615079,120.9940788,1769384768000,0.0
synthetic-traffic-03-00,185,14.5614715,120.9940378,1769384770000,0.0
synthetic-traffic-03-00,186,14.5614362,120.9939958,1769384772000,0.0
synthetic-traffic-03-00,187,14.5614011,120.9939536,1769384774000,0.0
synthetic-traffic-03-00,188,14.5613704,120.9939081,1769384776000,0.0
synthetic-traffic-03-00,189,14.5613397,120.9938626,1769384778000,0.0
synthetic-traffic-03-00,190,14.5613125,120.9938151,1769384780000,0.0
synthetic-traffic-03-00,191,14.561288,120.993766,1769384782000,0.0
synthetic-traffic-03-00,192,14.5612636,120.9937446,1769384784000,0.0
synthetic-traffic-03-00,193,14.5612393,120.9937938,1769384786000,0.0
synthetic-traffic-03-00,194,14.5612462,120.9937797,1769384788000,0.0
synthetic-traffic-03-00,195,14.5612704,120.9937305,1769384790000,0.0
synthetic-traffic-03-00,196,14.5612613,120.9936764,1769384792000,0.0
synthetic-traffic-03-00,197,14.5612522,120.9936222,1769384794000,0.0
synthetic-traffic-03-00,198,14.5612431,120.9935681,1769384796000,0.0
synthetic-traffic-03-00,199,14.561234,120.993514,1769384798000,0.0
synthetic-traffic-03-00,200,14.5612244,120.99346,1769384800000,0.0
synthetic-traffic-03-00,201,14.5612136,120.9934061,1769384802000,0.0
synthetic-traffic-03-00,202,14.5612029,120.9933523,1769384804000,0.0
synthetic-traffic-03-00,203,14.5611921,120.9932985,1769384806000,0.0
synthetic-traffic-03-00,204,14.5611812,120.9932447,1769384808000,0.0
synthetic-traffic-03-00,205,14.561169,120.9931912,1769384810000,0.0
synthetic-traffic-03-00,206,14.5611567,120.9931377,1769384812000,0.0
synthetic-traffic-03-00,207,14.5611445,120.9930842,1769384814000,0.0
synthetic-traffic-03-00,208,14.5611323,120.9930307,1769384816000,0.0
synthetic-traffic-03-00,209,14.56112,120.9929772,1769384818000,0.0
synthetic-traffic-03-00,210,14.5611078,120.9929237,1769384820000,0.0
synthetic-traffic-03-00,211,14.5610955,120.9928702,1769384822000,0.0
synthetic-traffic-03-00,212,14.5610761,120.9928191,1769384824000,0.0
synthetic-traffic-03-00,213,14.5610547,120.9927685,1769384826000,0.0
synthetic-traffic-03-00,214,14.5610334,120.992718,1769384828000,0.0
synthetic-traffic-03-00,215,14.561012,120.9926674,1769384830000,0.0
synthetic-traffic-03-00,216,14.5609907,120.9926169,1769384832000,0.0
synthetic-traffic-03-00,217,14.5609726,120.9925652,1769384834000,0.0
synthetic-traffic-03-00,218,14.5609591,120.992512,1769384836000,0.0
synthetic-traffic-03-00,219,14.5609455,120.9924588,1769384838000,0.0
synthetic-traffic-03-00,220,14.560932,120.9924056,1769384840000,0.0
synthetic-traffic-03-00,221,14.5609184,120.9923525,1769384842000,0.0
synthetic-traffic-03-00,222,14.5609049,120.9922993,1769384844000,0.0
synthetic-traffic-03-00,223,14.5608916,120.992246,1769384846000,0.0
synthetic-traffic-03-00,224,14.5608784,120.9921928,1769384848000,0.0
synthetic-traffic-03-00,225,14.5608651,120.9921395,1769384850000,0.0
synthetic-traffic-03-00,226,14.5608519,120.9920862,1769384852000,0.0
synthetic-traffic-03-00,227,14.5608387,120.992033,1769384854000,0.0
synthetic-traffic-03-00,228,14.5608254,120.9919797,1769384856000,0.0
synthetic-traffic-03-00,229,14.5608122,120.9919264,1769384858000,0.0
synthetic-traffic-03-00,230,14.560799,120.9918732,1769384860000,0.0
synthetic-traffic-03-00,231,14.5607857,120.9918199,1769384862000,0.0
synthetic-traffic-03-00,232,14.5607725,120.9917667,1769384864000,0.0
synthetic-traffic-03-00,233,14.5607593,120.9917134,1769384866000,0.0
synthetic-traffic-03-00,234,14.560746,120.9916601,1769384868000,0.0
synthetic-traffic-03-00,235,14.5607328,120.9916069,1769384870000,0.0
synthetic-traffic-03-00,236,14.5607196,120.9915536,1769384872000,0.0
synthetic-traffic-03-00,237,14.5607063,120.9915004,1769384874000,0.0
synthetic-traffic-03-00,238,14.5606931,120.9914471,1769384876000,0.0
synthetic-traffic-03-00,239,14.5606798,120.9913938,1769384878000,0.0
synthetic-traffic-03-00,240,14.5606666,120.9913406,1769384880000,0.0
synthetic-traffic-03-00,241,14.5606534,120.9912873,1769384882000,0.0
synthetic-traffic-03-00,242,14.5606401,120.9912341,1769384884000,0.0
synthetic-traffic-03-00,243,14.5606269,120.9911808,1769384886000,0.0
synthetic-traffic-03-00,244,14.5606136,120.9911275,1769384888000,0.0
synthetic-traffic-03-00,245,14.5606004,120.9910743,1769384890000,0.0
synthetic-traffic-03-00,246,14.5605872,120.991021,1769384892000,0.0
synthetic-traffic-03-00,247,14.5605739,120.9909678,1769384894000,0.0
synthetic-traffic-03-00,248,14.5605607,120.9909145,1769384896000,0.0
synthetic-traffic-03-00,249,14.5605474,120.9908612,1769384898000,0.0
synthetic-traffic-03-00,250,14.5605342,120.990808,1769384900000,0.0
synthetic-traffic-03-00,251,14.560521,120.9907547,1769384902000,0.0
synthetic-traffic-03-00,252,14.5605077,120.9907015,1769384904000,0.0
synthetic-traffic-03-00,253,14.5604945,120.9906482,1769384906000,0.0
synthetic-traffic-03-00,254,14.5604812,120.9905949,1769384908000,0.0
synthetic-traffic-03-00,255,14.560468,120.9905417,1769384910000,0.0
synthetic-traffic-03-00,256,14.5604548,120.9904884,1769384912000,0.0
synthetic-traffic-03-00,257,14.5604415,120.9904352,1769384914000,0.0
synthetic-traffic-03-00,258,14.5604283,120.9903819,1769384916000,0.0
synthetic-traffic-03-00,259,14.5604151,120.9903286,1769384918000,0.0
synthetic-traffic-03-00,260,14.5604018,120.9902754,1769384920000,0.0
synthetic-traffic-03-00,261,14.5603886,120.9902221,1769384922000,0.0
synthetic-traffic-03-00,262,14.5603753,120.9901689,1769384924000,0.0
synthetic-traffic-03-00,263,14.5603621,120.9901156,1769384926000,0.0
synthetic-traffic-03-00,264,14.5603488,120.9900623,1769384928000,0.0
synthetic-traffic-03-00,265,14.5603356,120.9900091,1769384930000,0.0
synthetic-traffic-03-00,266,14.5603224,120.9899558,1769384932000,0.0
synthetic-traffic-03-00,267,14.5603091,120.9899026,1769384934000,0.0
synthetic-traffic-03-00,268,14.5602959,120.9898493,1769384936000,0.0
synthetic-traffic-03-00,269,14.5602826,120.989796,1769384938000,0.0
synthetic-traffic-03-00,270,14.5602694,120.9897428,1769384940000,0.0
synthetic-traffic-03-00,271,14.5602562,120.9896895,1769384942000,0.0
synthetic-traffic-03-00,272,14.5602429,120.9896363,1769384944000,0.0
synthetic-traffic-03-00,273,14.5602297,120.989583,1769384946000,0.0
synthetic-traffic-03-00,274,14.5602164,120.9895297,1769384948000,0.0
synthetic-traffic-03-00,275,14.5602032,120.9894765,1769384950000,0.0
synthetic-traffic-03-00,276,14.5601898,120.9894233,1769384952000,0.0
synthetic-traffic-03-00,277,14.5601759,120.9893702,1769384954000,0.0
synthetic-traffic-03-00,278,14.5601599,120.9893178,1769384956000,0.0
synthetic-traffic-03-00,279,14.560144,120.9892653,1769384958000,0.0
synthetic-traffic-03-00,280,14.5601308,120.989212,1769384960000,0.0
synthetic-traffic-03-00,281,14.5601176,120.9891588,1769384962000,0.0
synthetic-traffic-03-00,282,14.5601043,120.9891055,1769384964000,0.0
synthetic-traffic-03-00,283,14.5600911,120.9890522,1769384966000,0.0
synthetic-traffic-03-00,284,14.5600778,120.988999,1769384968000,0.0
synthetic-traffic-03-00,285,14.5600646,120.9889457,1769384970000,0.0
synthetic-traffic-03-00,286,14.5600513,120.9888925,1769384972000,0.0
synthetic-traffic-03-00,287,14.5600374,120.9888394,1769384974000,0.0
synthetic-traffic-03-00,288,14.5600236,120.9887863,1769384976000,0.0
synthetic-traffic-03-00,289,14.5600097,120.9887332,1769384978000,0.0
synthetic-traffic-03-00,290,14.5599959,120.9886801,1769384980000,0.0
synthetic-traffic-03-00,291,14.559982,120.988627,1769384982000,0.0
synthetic-traffic-03-00,292,14.5599682,120.9885739,1769384984000,0.0
synthetic-traffic-03-00,293,14.5599543,120.9885208,1769384986000,0.0
synthetic-traffic-03-00,294,14.5599405,120.9884677,1769384988000,0.0
synthetic-traffic-03-00,295,14.5599266,120.9884145,1769384990000,0.0
synthetic-traffic-03-00,296,14.5599128,120.9883614,1769384992000,0.0
synthetic-traffic-03-00,297,14.5598989,120.9883083,1769384994000,0.0
synthetic-traffic-03-00,298,14.559885,120.9882552,1769384996000,0.0
synthetic-traffic-03-00,299,14.5598712,120.9882021,1769384998000,0.0
synthetic-traffic-03-00,300,14.5598573,120.988149,1769385000000,0.0
synthetic-traffic-03-00,301,14.5598434,120.9880959,1769385002000,0.0
synthetic-traffic-03-00,302,14.5598296,120.9880428,1769385004000,0.0
synthetic-traffic-03-00,303,14.5598157,120.9879897,1769385006000,0.0
synthetic-traffic-03-00,304,14.5598019,120.9879366,1769385008000,0.0
synthetic-traffic-03-00,305,14.559788,120.9878835,1769385010000,0.0
synthetic-traffic-03-00,306,14.5597741,120.9878304,1769385012000,0.0
synthetic-traffic-03-00,307,14.5597603,120.9877773,1769385014000,0.0
synthetic-traffic-03-00,308,14.5597464,120.9877242,1769385016000,0.0
synthetic-traffic-03-00,309,14.5597326,120.9876711,1769385018000,0.0
synthetic-traffic-03-00,310,14.5597187,120.987618,1769385020000,0.0
synthetic-traffic-03-00,311,14.5597048,120.9875649,1769385022000,0.0
synthetic-traffic-03-00,312,14.5596918,120.9875116,1769385024000,0.0
synthetic-traffic-03-00,313,14.5596793,120.9874582,1769385026000,0.0
synthetic-traffic-03-00,314,14.5596671,120.9874047,1769385028000,0.0
synthetic-traffic-03-00,315,14.5596511,120.9873522,1769385030000,0.0
synthetic-traffic-03-00,316,14.5596348,120.9872998,1769385032000,0.0
synthetic-traffic-03-00,317,14.5596185,120.9872474,1769385034000,0.0
synthetic-traffic-03-00,318,14.5596021,120.987195,1769385036000,0.0
synthetic-traffic-03-00,319,14.5596104,120.9872214,1769385038000,0.0
synthetic-traffic-03-00,320,14.5596267,120.9872738,1769385040000,0.0
synthetic-traffic-03-00,321,14.559643,120.9873262,1769385042000,0.0
synthetic-traffic-03-00,322,14.5596593,120.9873786,1769385044000,0.0
synthetic-traffic-03-00,323,14.5596362,120.9874111,1769385046000,0.0
synthetic-traffic-03-00,324,14.5595844,120.9874293,1769385048000,0.0
synthetic-traffic-03-00,325,14.5595326,120.9874475,1769385050000,0.0
synthetic-traffic-03-00,326,14.5594808,120.9874656,1769385052000,0.0
synthetic-traffic-03-00,327,14.559429,120.9874838,1769385054000,0.0
synthetic-traffic-03-00,328,14.5593773,120.987502,1769385056000,0.0
synthetic-traffic-03-00,329,14.5593255,120.9875202,1769385058000,0.0
synthetic-traffic-03-00,330,14.5592737,120.9875383,1769385060000,0.0
synthetic-traffic-03-00,331,14.5592219,120.9875565,1769385062000,0.0
synthetic-traffic-03-00,332,14.5591701,120.9875747,1769385064000,0.0
synthetic-traffic-03-00,333,14.5591183,120.9875928,1769385066000,0.0
synthetic-traffic-03-00,334,14.5590666,120.987611,1769385068000,0.0
synthetic-traffic-03-00,335,14.5590148,120.9876292,1769385070000,0.0
synthetic-traffic-03-00,336,14.558963,120.9876474,1769385072000,0.0
synthetic-traffic-03-00,337,14.5589168,120.9876526,1769385074000,0.0
synthetic-traffic-03-00,338,14.5588946,120.9876024,1769385076000,0.0
synthetic-traffic-03-00,339,14.5588849,120.9875806,1769385078000,0.0
synthetic-traffic-03-00,340,14.5589071,120.9876308,1769385080000,0.0
synthetic-traffic-03-00,341,14.5589015,120.9876686,1769385082000,0.0
synthetic-traffic-03-00,342,14.5588494,120.9876861,1769385084000,0.0
synthetic-traffic-03-00,343,14.5587974,120.9877035,1769385086000,0.0
synthetic-traffic-03-00,344,14.5587453,120.9877209,1769385088000,0.0
synthetic-traffic-03-00,345,14.5586933,120.9877383,1769385090000,0.0
synthetic-traffic-03-00,346,14.5586413,120.9877558,1769385092000,0.0
synthetic-traffic-03-00,347,14.5585892,120.9877732,1769385094000,0.0
synthetic-traffic-03-00,348,14.5585372,120.9877906,1769385096000,0.0
synthetic-traffic-03-00,349,14.5584851,120.9878081,1769385098000,0.0
synthetic-traffic-03-00,350,14.5584331,120.9878255,1769385100000,0.0
synthetic-traffic-03-00,351,14.5583811,120.9878429,1769385102000,0.0
synthetic-traffic-03-00,352,14.558329,120.9878603,1769385104000,0.0
synthetic-traffic-03-00,353,14.558277,120.9878778,1769385106000,0.0
synthetic-traffic-03-00,354,14.5582754,120.9878385,1769385108000,0.0
synthetic-traffic-03-00,355,14.5582866,120.9877848,1769385110000,0.0
synthetic-traffic-03-00,356,14.5582979,120.9877311,1769385112000,0.0
synthetic-traffic-03-00,357,14.5583091,120.9876773,1769385114000,0.0
synthetic-traffic-03-00,358,14.5583106,120.9876703,1769385116000,0.0
synthetic-traffic-03-00,359,14.5582993,120.987724,1769385118000,0.0
synthetic-traffic-03-00,360,14.5582881,120.9877777,1769385120000,0.0
synthetic-traffic-03-00,361,14.5582768,120.9878314,1769385122000,0.0
synthetic-traffic-03-00,362,14.5582626,120.9878825,1769385124000,0.0
synthetic-traffic-03-00,363,14.5582103,120.9878989,1769385126000,0.0
synthetic-traffic-03-00,364,14.5581579,120.9879154,1769385128000,0.0
synthetic-traffic-03-00,365,14.5581056,120.9879318,1769385130000,0.0
synthetic-traffic-03-00,366,14.5580532,120.9879483,1769385132000,0.0
synthetic-traffic-03-00,367,14.5580009,120.9879648,1769385134000,0.0
synthetic-traffic-03-00,368,14.5579485,120.9879812,1769385136000,0.0
synthetic-traffic-03-00,369,14.5578962,120.9879977,1769385138000,0.0
synthetic-traffic-03-00,370,14.5578438,120.9880141,1769385140000,0.0
synthetic-traffic-03-00,371,14.5577914,120.9880306,1769385142000,0.0
synthetic-traffic-03-00,372,14.5577391,120.988047,1769385144000,0.0
synthetic-traffic-03-00,373,14.5576867,120.9880635,1769385146000,0.0
synthetic-traffic-03-00,374,14.5576344,120.9880799,1769385148000,0.0
synthetic-traffic-03-00,375,14.557582,120.9880964,1769385150000,0.0
synthetic-traffic-03-00,376,14.5575297,120.9881128,1769385152000,0.0
synthetic-traffic-03-00,377,14.5574773,120.9881293,1769385154000,0.0
synthetic-traffic-03-00,378,14.5574249,120.9881457,1769385156000,0.0
synthetic-traffic-03-00,379,14.5573726,120.9881621,1769385158000,0.0
synthetic-traffic-03-00,380,14.5573202,120.9881785,1769385160000,0.0
synthetic-traffic-03-00,381,14.5572678,120.9881949,1769385162000,0.0
synthetic-traffic-03-00,382,14.5572154,120.9882113,1769385164000,0.0
synthetic-traffic-03-00,383,14.5571631,120.9882277,1769385166000,0.0
synthetic-traffic-03-00,384,14.5571107,120.9882441,1769385168000,0.0
synthetic-traffic-03-00,385,14.5570583,120.9882605,1769385170000,0.0
synthetic-traffic-03-00,386,14.557006,120.9882769,1769385172000,0.0
synthetic-traffic-03-00,387,14.5569536,120.9882933,1769385174000,0.0
synthetic-traffic-03-00,388,14.5569015,120.9883106,1769385176000,0.0
synthetic-traffic-03-00,389,14.5568496,120.9883285,1769385178000,0.0
synthetic-traffic-03-00,390,14.5567978,120.9883465,1769385180000,0.0
synthetic-traffic-03-00,391,14.5567459,120.9883645,1769385182000,0.0
synthetic-traffic-03-00,392,14.5566941,120.9883824,1769385184000,0.0
synthetic-traffic-03-00,393,14.5566422,120.9884004,1769385186000,0.0
synthetic-traffic-03-00,394,14.5565902,120.9884181,1769385188000,0.0
synthetic-traffic-03-00,395,14.5565382,120.9884354,1769385190000,0.0
synthetic-traffic-03-00,396,14.5564861,120.9884528,1769385192000,0.0
synthetic-traffic-03-00,397,14.556434,120.9884701,1769385194000,0.0
synthetic-traffic-03-00,398,14.556382,120.9884875,1769385196000,0.0
synthetic-traffic-03-00,399,14.5563299,120.9885048,1769385198000,0.0
synthetic-traffic-03-00,400,14.5563046,120.9884676,1769385200000,0.0
synthetic-traffic-03-00,401,14.5562866,120.9884158,1769385202000,0.0
synthetic-traffic-03-00,402,14.5563017,120.9884593,1769385204000,0.0
synthetic-traffic-03-00,403,14.5563163,120.9885093,1769385206000,0.0
synthetic-traffic-03-00,404,14.5562641,120.9885262,1769385208000,0.0
synthetic-traffic-03-00,405,14.5562118,120.9885431,1769385210000,0.0
synthetic-traffic-03-00,406,14.5561596,120.98856,1769385212000,0.0
synthetic-traffic-03-00,407,14.5561074,120.9885769,1769385214000,0.0
synthetic-traffic-03-00,408,14.5560552,120.9885938,1769385216000,0.0
synthetic-traffic-03-00,409,14.556003,120.9886107,1769385218000,0.0
synthetic-traffic-03-00,410,14.5559508,120.9886276,1769385220000,0.0
synthetic-traffic-03-00,411,14.5558985,120.9886445,1769385222000,0.0
synthetic-traffic-03-00,412,14.5558463,120.9886614,1769385224000,0.0
synthetic-traffic-03-00,413,14.5557941,120.9886783,1769385226000,0.0
synthetic-traffic-03-00,414,14.5557419,120.9886952,1769385228000,0.0
synthetic-traffic-03-00,415,14.5556897,120.9887121,1769385230000,0.0
synthetic-traffic-03-00,416,14.5556375,120.988729,1769385232000,0.0
synthetic-traffic-03-00,417,14.5555853,120.9887459,1769385234000,0.0
synthetic-traffic-03-00,418,14.555533,120.9887628,1769385236000,0.0
synthetic-traffic-03-00,419,14.5554808,120.9887797,1769385238000,0.0
synthetic-traffic-03-00,420,14.5554286,120.9887965,1769385240000,0.0
synthetic-traffic-03-00,421,14.5553763,120.9888133,1769385242000,0.0
synthetic-traffic-03-00,422,14.5553241,120.9888301,1769385244000,0.0
synthetic-traffic-03-00,423,14.5552718,120.9888469,1769385246000,0.0
synthetic-traffic-03-00,424,14.5552196,120.9888637,1769385248000,0.0
synthetic-traffic-03-00,425,14.5551673,120.9888805,1769385250000,0.0
synthetic-traffic-03-00,426,14.5551151,120.9888973,1769385252000,0.0
synthetic-traffic-03-00,427,14.5550629,120.9889143,1769385254000,0.0
synthetic-traffic-03-00,428,14.5550108,120.9889314,1769385256000,0.0
synthetic-traffic-03-00,429,14.5549586,120.9889484,1769385258000,0.0
synthetic-traffic-03-00,430,14.5549064,120.9889655,1769385260000,0.0
synthetic-traffic-03-00,431,14.5548543,120.9889825,1769385262000,0.0
synthetic-traffic-03-00,432,14.554816,120.9889543,1769385264000,0.0
synthetic-traffic-03-00,433,14.5547823,120.988911,1769385266000,0.0
synthetic-traffic-03-00,434,14.5547486,120.9888676,1769385268000,0.0
synthetic-traffic-03-01,0,14.5633467,120.9988721,1769384400000,0.0
synthetic-traffic-03-01,1,14.5633248,120.9988213,1769384402000,0.0
synthetic-traffic-03-01,2,14.5633029,120.9987706,1769384404000,0.0
synthetic-traffic-03-01,3,14.563281,120.9987198,1769384406000,0.0
synthetic-traffic-03-01,4,14.5632591,120.998669,1769384408000,0.0
synthetic-traffic-03-01,5,14.5632372,120.9986183,1769384410000,0.0
synthetic-traffic-03-01,6,14.5632153,120.9985675,1769384412000,0.0
synthetic-traffic-03-01,7,14.5631934,120.9985167,1769384414000,0.0
synthetic-traffic-03-01,8,14.5632111,120.9985579,1769384416000,0.0
synthetic-traffic-03-01,9,14.563233,120.9986086,1769384418000,0.0
synthetic-traffic-03-01,10,14.5632549,120.9986594,1769384420000,0.0
synthetic-traffic-03-01,11,14.5632768,120.9987102,1769384422000,0.0
synthetic-traffic-03-01,12,14.5632987,120.9987609,1769384424000,0.0
synthetic-traffic-03-01,13,14.5633206,120.9988117,1769384426000,0.0
synthetic-traffic-03-01,14,14.5633425,120.9988625,1769384428000,0.0
synthetic-traffic-03-01,15,14.563367,120.998912,1769384430000,0.0
synthetic-traffic-03-01,16,14.5633921,120.9989613,1769384432000,0.0
synthetic-traffic-03-01,17,14.5634171,120.9990106,1769384434000,0.0
synthetic-traffic-03-01,18,14.5634422,120.9990599,1769384436000,0.0
synthetic-traffic-03-01,19,14.5634673,120.9991092,1769384438000,0.0
synthetic-traffic-03-01,20,14.5634923,120.9991585,1769384440000,0.0
synthetic-traffic-03-01,21,14.5635174,120.9992078,1769384442000,0.0
synthetic-traffic-03-01,22,14.5635424,120.999257,1769384444000,0.0
synthetic-traffic-03-01,23,14.5635675,120.9993063,1769384446000,0.0
synthetic-traffic-03-01,24,14.5635925,120.9993556,1769384448000,0.0
synthetic-traffic-03-01,25,14.5636176,120.9994049,1769384450000,0.0
synthetic-traffic-03-01,26,14.5636426,120.9994542,1769384452000,0.0
synthetic-traffic-03-01,27,14.5636677,120.9995035,1769384454000,0.0
synthetic-traffic-03-01,28,14.5636927,120.9995528,1769384456000,0.0
synthetic-traffic-03-01,29,14.5637178,120.9996021,1769384458000,0.0
synthetic-traffic-03-01,30,14.5637429,120.9996514,1769384460000,0.0
synthetic-traffic-03-01,31,14.5637679,120.9997007,1769384462000,0.0
synthetic-traffic-03-01,32,14.563793,120.99975,1769384464000,0.0
synthetic-traffic-03-01,33,14.563818,120.9997992,1769384466000,0.0
synthetic-traffic-03-01,34,14.5638431,120.9998485,1769384468000,0.0
synthetic-traffic-03-01,35,14.5638681,120.9998978,1769384470000,0.0
synthetic-traffic-03-01,36,14.5638932,120.9999471,1769384472000,0.0
synthetic-traffic-03-01,37,14.5639182,120.9999964,1769384474000,0.0
synthetic-traffic-03-01,38,14.5639433,121.0000457,1769384476000,0.0
synthetic-traffic-03-01,39,14.5639683,121.000095,1769384478000,0.0
synthetic-traffic-03-01,40,14.5639934,121.0001443,1769384480000,0.0
synthetic-traffic-03-01,41,14.5640184,121.0001936,1769384482000,0.0
synthetic-traffic-03-01,42,14.5640435,121.0002429,1769384484000,0.0
synthetic-traffic-03-01,43,14.5640685,121.0002922,1769384486000,0.0
synthetic-traffic-03-01,44,14.5640936,121.0003415,1769384488000,0.0
synthetic-traffic-03-01,45,14.5641187,121.0003907,1769384490000,0.0
synthetic-traffic-03-01,46,14.5641437,121.00044,1769384492000,0.0
synthetic-traffic-03-01,47,14.5641688,121.0004893,1769384494000,0.0
synthetic-traffic-03-01,48,14.5641938,121.0005386,1769384496000,0.0
synthetic-traffic-03-01,49,14.5642189,121.0005879,1769384498000,0.0
synthetic-traffic-03-01,50,14.5642439,121.0006372,1769384500000,0.0
synthetic-traffic-03-01,51,14.564269,121.0006865,1769384502000,0.0
synthetic-traffic-03-01,52,14.5642822,121.0007321,1769384504000,0.0
synthetic-traffic-03-01,53,14.5642334,121.000758,1769384506000,0.0
synthetic-traffic-03-01,54,14.5641846,121.000784,1769384508000,0.0
synthetic-traffic-03-01,55,14.5641357,121.0008099,1769384510000,0.0
synthetic-traffic-03-01,56,14.5640869,121.0008359,1769384512000,0.0
synthetic-traffic-03-01,57,14.5640381,121.0008619,1769384514000,0.0
synthetic-traffic-03-01,58,14.5639893,121.0008878,1769384516000,0.0
synthetic-traffic-03-01,59,14.5639405,121.0009138,1769384518000,0.0
synthetic-traffic-03-01,60,14.5638916,121.0009398,1769384520000,0.0
synthetic-traffic-03-01,61,14.5638428,121.0009657,1769384522000,0.0
synthetic-traffic-03-01,62,14.5638786,121.0010035,1769384524000,0.0
synthetic-traffic-03-01,63,14.5639185,121.0010418,1769384526000,0.0
synthetic-traffic-03-01,64,14.5639584,121.0010801,1769384528000,0.0
synthetic-traffic-03-01,65,14.5639982,121.0011184,1769384530000,0.0
synthetic-traffic-03-01,66,14.5640381,121.0011568,1769384532000,0.0
synthetic-traffic-03-01,67,14.5640779,121.0011951,1769384534000,0.0
synthetic-traffic-03-01,68,14.5641178,121.0012334,1769384536000,0.0
synthetic-traffic-04-00,0,14.5609964,120.9955721,1769989200000,0.0
synthetic-traffic-04-00,1,14.56102,120.9956077,1769989202000,0.0
synthetic-traffic-04-00,2,14.5610734,120.9955947,1769989204000,0.0
synthetic-traffic-04-00,3,14.5611267,120.9955816,1769989206000,0.0
synthetic-traffic-04-00,4,14.56118,120.9955686,1769989208000,0.0
synthetic-traffic-04-00,5,14.5612333,120.9955556,1769989210000,0.0
synthetic-traffic-04-00,6,14.5612866,120.9955425,1769989212000,0.0
synthetic-traffic-04-00,7,14.5613399,120.9955295,1769989214000,0.0
synthetic-traffic-04-00,8,14.5613932,120.9955165,1769989216000,0.0
synthetic-traffic-04-00,9,14.5614465,120.9955034,1769989218000,0.0
synthetic-traffic-04-00,10,14.5614998,120.9954904,1769989220000,0.0
synthetic-traffic-04-00,11,14.5615531,120.9954773,1769989222000,0.0
synthetic-traffic-04-00,12,14.5616065,120.9954643,1769989224000,0.0
synthetic-traffic-04-00,13,14.5616598,120.9954513,1769989226000,0.0
synthetic-traffic-04-00,14,14.5617131,120.9954382,1769989228000,0.0
synthetic-traffic-04-00,15,14.5617664,120.9954252,1769989230000,0.0
synthetic-traffic-04-00,16,14.5618197,120.9954122,1769989232000,0.0
synthetic-traffic-04-00,17,14.561873,120.9953991,1769989234000,0.0
synthetic-traffic-04-00,18,14.5619263,120.9953861,1769989236000,0.0
synthetic-traffic-04-00,19,14.5619796,120.995373,1769989238000,0.0
synthetic-traffic-04-00,20,14.5620329,120.99536,1769989240000,0.0
synthetic-traffic-04-00,21,14.5620862,120.995347,1769989242000,0.0
synthetic-traffic-04-00,22,14.5621396,120.9953339,1769989244000,0.0
synthetic-traffic-04-00,23,14.5621929,120.9953209,1769989246000,0.0
synthetic-traffic-04-00,24,14.5622462,120.9953079,1769989248000,0.0
synthetic-traffic-04-00,25,14.5622995,120.9952948,1769989250000,0.0
synthetic-traffic-04-00,26,14.5623527,120.9952816,1769989252000,0.0
synthetic-traffic-04-00,27,14.5624055,120.9952666,1769989254000,0.0
synthetic-traffic-04-00,28,14.5624592,120.9952557,1769989256000,0.0
synthetic-traffic-04-00,29,14.5625136,120.9952486,1769989258000,0.0
synthetic-traffic-04-00,30,14.562568,120.9952415,1769989260000,0.0
synthetic-traffic-04-00,31,14.5626213,120.9952295,1769989262000,0.0
synthetic-traffic-04-00,32,14.5626734,120.9952122,1769989264000,0.0
synthetic-traffic-04-00,33,14.5627237,120.9951902,1769989266000,0.0
synthetic-traffic-04-00,34,14.562774,120.9951682,1769989268000,0.0
synthetic-traffic-04-00,35,14.5628243,120.9951462,1769989270000,0.0
synthetic-traffic-04-00,36,14.5628745,120.9951243,1769989272000,0.0
synthetic-traffic-04-00,37,14.5629248,120.9951023,1769989274000,0.0
synthetic-traffic-04-00,38,14.5629751,120.9950803,1769989276000,0.0
synthetic-traffic-04-00,39,14.5630254,120.9950584,1769989278000,0.0
synthetic-traffic-04-00,40,14.5630757,120.9950364,1769989280000,0.0
synthetic-traffic-04-00,41,14.563126,120.9950144,1769989282000,0.0
synthetic-traffic-04-00,42,14.5631763,120.9949925,1769989284000,0.0
synthetic-traffic-04-00,43,14.5632266,120.9949705,1769989286000,0.0
synthetic-traffic-04-00,44,14.5632769,120.9949485,1769989288000,0.0
synthetic-traffic-04-00,45,14.5633272,120.9949266,1769989290000,0.0
synthetic-traffic-04-00,46,14.5633775,120.9949046,1769989292000,0.0
synthetic-traffic-04-00,47,14.5634278,120.9948826,1769989294000,0.0
synthetic-traffic-04-00,48,14.5634781,120.9948607,1769989296000,0.0
synthetic-traffic-04-00,49,14.5635284,120.9948387,1769989298000,0.0
synthetic-traffic-04-00,50,14.5635786,120.9948167,1769989300000,0.0
synthetic-traffic-04-00,51,14.5636289,120.9947948,1769989302000,0.0
synthetic-traffic-04-00,52,14.5636793,120.9947729,1769989304000,0.0
synthetic-traffic-04-00,53,14.5637297,120.9947513,1769989306000,0.0
synthetic-traffic-04-00,54,14.5637802,120.9947297,1769989308000,0.0
synthetic-traffic-04-00,55,14.5638299,120.9947066,1769989310000,0.0
synthetic-traffic-04-00,56,14.5638792,120.9946825,1769989312000,0.0
synthetic-traffic-04-00,57,14.5639285,120.9946584,1769989314000,0.0
synthetic-traffic-04-00,58,14.5639778,120.9946342,1769989316000,0.0
synthetic-traffic-04-00,59,14.5640271,120.9946101,1769989318000,0.0
synthetic-traffic-04-00,60,14.5640764,120.994586,1769989320000,0.0
synthetic-traffic-04-00,61,14.5641257,120.9945619,1769989322000,0.0
synthetic-traffic-04-00,62,14.564175,120.9945378,1769989324000,0.0
synthetic-traffic-04-00,63,14.5642243,120.9945137,1769989326000,0.0
synthetic-traffic-04-00,64,14.5642736,120.9944895,1769989328000,0.0
synthetic-traffic-04-00,65,14.5643229,120.9944654,1769989330000,0.0
synthetic-traffic-04-00,66,14.5643725,120.9944419,1769989332000,0.0
synthetic-traffic-04-00,67,14.5643881,120.9944058,1769989334000,0.0
synthetic-traffic-04-00,68,14.5643721,120.9943678,1769989336000,0.0
synthetic-traffic-04-00,69,14.5643934,120.9944184,1769989338000,0.0
synthetic-traffic-04-00,70,14.5644366,120.9944123,1769989340000,0.0
synthetic-traffic-04-00,71,14.5644863,120.994389,1769989342000,0.0
synthetic-traffic-04-00,72,14.5645358,120.9943654,1769989344000,0.0
synthetic-traffic-04-00,73,14.5645853,120.9943415,1769989346000,0.0
synthetic-traffic-04-00,74,14.5646347,120.9943177,1769989348000,0.0
synthetic-traffic-04-00,75,14.5646841,120.9942938,1769989350000,0.0
synthetic-traffic-04-00,76,14.5647335,120.99427,1769989352000,0.0
synthetic-traffic-04-00,77,14.5647829,120.9942461,1769989354000,0.0
synthetic-traffic-04-00,78,14.5648324,120.9942222,1769989356000,0.0
synthetic-traffic-04-00,79,14.5648818,120.9941984,1769989358000,0.0
synthetic-traffic-04-00,80,14.5649312,120.9941745,1769989360000,0.0
synthetic-traffic-04-00,81,14.5649806,120.9941506,1769989362000,0.0
synthetic-traffic-04-00,82,14.5650301,120.9941268,1769989364000,0.0
synthetic-traffic-04-00,83,14.5650795,120.9941029,1769989366000,0.0
synthetic-traffic-04-00,84,14.5651289,120.9940791,1769989368000,0.0
synthetic-traffic-04-00,85,14.5651789,120.9940565,1769989370000,0.0
synthetic-traffic-04-00,86,14.5652291,120.9940342,1769989372000,0.0
synthetic-traffic-04-00,87,14.5652792,120.9940118,1769989374000,0.0
synthetic-traffic-04-00,88,14.5653293,120.9939894,1769989376000,0.0
synthetic-traffic-04-00,89,14.5653537,120.9939591,1769989378000,0.0
synthetic-traffic-04-00,90,14.5653267,120.9939113,1769989380000,0.0
synthetic-traffic-04-00,91,14.5652997,120.9938635,1769989382000,0.0
synthetic-traffic-04-00,92,14.5652596,120.9938582,1769989384000,0.0
synthetic-traffic-04-00,93,14.5652102,120.9938823,1769989386000,0.0
synthetic-traffic-04-00,94,14.5651609,120.9939064,1769989388000,0.0
synthetic-traffic-04-00,95,14.5651116,120.9939304,1769989390000,0.0
synthetic-traffic-04-00,96,14.5650621,120.9939541,1769989392000,0.0
synthetic-traffic-04-00,97,14.5650125,120.9939776,1769989394000,0.0
synthetic-traffic-04-00,98,14.5649629,120.9940011,1769989396000,0.0
synthetic-traffic-04-00,99,14.5649133,120.9940247,1769989398000,0.0
synthetic-traffic-04-00,100,14.5648638,120.9940482,1769989400000,0.0
synthetic-traffic-04-00,101,14.5648142,120.9940718,1769989402000,0.0
synthetic-traffic-04-00,102,14.5647646,120.9940952,1769989404000,0.0
synthetic-traffic-04-00,103,14.5647149,120.9941186,1769989406000,0.0
synthetic-traffic-04-00,104,14.5646653,120.994142,1769989408000,0.0
synthetic-traffic-04-00,105,14.5646157,120.9941654,1769989410000,0.0
synthetic-traffic-04-00,106,14.564566,120.9941888,1769989412000,0.0
synthetic-traffic-04-00,107,14.5645164,120.9942122,1769989414000,0.0
synthetic-traffic-04-00,108,14.5644667,120.9942357,1769989416000,0.0
synthetic-traffic-04-00,109,14.5644168,120.9942585,1769989418000,0.0
synthetic-traffic-04-00,110,14.5643668,120.994281,1769989420000,0.0
synthetic-traffic-04-00,111,14.5643506,120.9943169,1769989422000,0.0
synthetic-traffic-04-00,112,14.5643669,120.9943555,1769989424000,0.0
synthetic-traffic-04-00,113,14.5643456,120.994305,1769989426000,0.0
synthetic-traffic-04-00,114,14.564303,120.9943113,1769989428000,0.0
synthetic-traffic-04-00,115,14.5642534,120.9943348,1769989430000,0.0
synthetic-traffic-04-00,116,14.5642036,120.9943579,1769989432000,0.0
synthetic-traffic-04-00,117,14.5641538,120.9943809,1769989434000,0.0
synthetic-traffic-04-00,118,14.564104,120.994404,1769989436000,0.0
synthetic-traffic-04-00,119,14.5640542,120.994427,1769989438000,0.0
synthetic-traffic-04-00,120,14.5640044,120.9944501,1769989440000,0.0
synthetic-traffic-04-00,121,14.5639546,120.9944731,1769989442000,0.0
synthetic-traffic-04-00,122,14.5639053,120.9944972,1769989444000,0.0
synthetic-traffic-04-00,123,14.563856,120.9945213,1769989446000,0.0
synthetic-traffic-04-00,124,14.5638067,120.9945454,1769989448000,0.0
synthetic-traffic-04-00,125,14.5637578,120.9945705,1769989450000,0.0
synthetic-traffic-04-00,126,14.5637089,120.9945953,1769989452000,0.0
synthetic-traffic-04-00,127,14.5636598,120.9946197,1769989454000,0.0
synthetic-traffic-04-00,128,14.5636106,120.9946442,1769989456000,0.0
synthetic-traffic-04-00,129,14.5635615,120.9946686,1769989458000,0.0
synthetic-traffic-04-00,130,14.5635119,120.9946922,1769989460000,0.0
synthetic-traffic-04-00,131,14.5634621,120.9947152,1769989462000,0.0
synthetic-traffic-04-00,132,14.5634124,120.9947384,1769989464000,0.0
synthetic-traffic-04-00,133,14.5633626,120.9947616,1769989466000,0.0
synthetic-traffic-04-00,134,14.5633129,120.9947848,1769989468000,0.0
synthetic-traffic-04-00,135,14.5632632,120.994808,1769989470000,0.0
synthetic-traffic-04-00,136,14.5632134,120.9948312,1769989472000,0.0
synthetic-traffic-04-00,137,14.5631633,120.9948536,1769989474000,0.0
synthetic-traffic-04-00,138,14.5631137,120.9948769,1769989476000,0.0
synthetic-traffic-04-00,139,14.563064,120.9949003,1769989478000,0.0
synthetic-traffic-04-00,140,14.5630144,120.9949237,1769989480000,0.0
synthetic-traffic-04-00,141,14.5629647,120.994947,1769989482000,0.0
synthetic-traffic-04-00,142,14.562915,120.9949704,1769989484000,0.0
synthetic-traffic-04-00,143,14.5628654,120.9949938,1769989486000,0.0
synthetic-traffic-04-00,144,14.5628157,120.9950172,1769989488000,0.0
synthetic-traffic-04-00,145,14.5627661,120.9950405,1769989490000,0.0
synthetic-traffic-04-00,146,14.5627164,120.9950639,1769989492000,0.0
synthetic-traffic-04-00,147,14.5626658,120.9950843,1769989494000,0.0
synthetic-traffic-04-00,148,14.5626118,120.9950941,1769989496000,0.0
synthetic-traffic-04-00,149,14.5626001,120.995141,1769989498000,0.0
synthetic-traffic-04-00,150,14.5625975,120.9951958,1769989500000,0.0
synthetic-traffic-04-00,151,14.562596,120.9952252,1769989502000,0.0
synthetic-traffic-04-00,152,14.5625987,120.9951704,1769989504000,0.0
synthetic-traffic-04-00,153,14.5626013,120.9951155,1769989506000,0.0
synthetic-traffic-04-00,154,14.5625886,120.9950635,1769989508000,0.0
synthetic-traffic-04-00,155,14.5625664,120.9950133,1769989510000,0.0
synthetic-traffic-04-00,156,14.5625399,120.9949653,1769989512000,0.0
synthetic-traffic-04-00,157,14.5625134,120.9949172,1769989514000,0.0
synthetic-traffic-04-00,158,14.5624869,120.9948692,1769989516000,0.0
synthetic-traffic-04-00,159,14.5624603,120.9948211,1769989518000,0.0
synthetic-traffic-04-00,160,14.5624191,120.9947867,1769989520000,0.0
synthetic-traffic-04-00,161,14.5623732,120.9947567,1769989522000,0.0
synthetic-traffic-04-00,162,14.5623273,120.9947266,1769989524000,0.0
synthetic-traffic-04-00,163,14.5622813,120.9946965,1769989526000,0.0
synthetic-traffic-04-00,164,14.5622354,120.9946665,1769989528000,0.0
synthetic-traffic-04-00,165,14.5621895,120.9946364,1769989530000,0.0
synthetic-traffic-04-00,166,14.5621436,120.9946064,1769989532000,0.0
synthetic-traffic-04-00,167,14.5620977,120.9945763,1769989534000,0.0
synthetic-traffic-04-00,168,14.5620518,120.9945462,1769989536000,0.0
synthetic-traffic-04-00,169,14.5620059,120.9945162,1769989538000,0.0
synthetic-traffic-04-00,170,14.5619599,120.9944861,1769989540000,0.0
synthetic-traffic-04-00,171,14.561914,120.994456,1769989542000,0.0
synthetic-traffic-04-00,172,14.5618681,120.994426,1769989544000,0.0
synthetic-traffic-04-00,173,14.5618222,120.9943959,1769989546000,0.0
synthetic-traffic-04-00,174,14.5617763,120.9943658,1769989548000,0.0
synthetic-traffic-04-00,175,14.5617357,120.9943295,1769989550000,0.0
synthetic-traffic-04-00,176,14.5616987,120.994289,1769989552000,0.0
synthetic-traffic-04-00,177,14.5616618,120.9942484,1769989554000,0.0
synthetic-traffic-04-00,178,14.5616249,120.9942078,1769989556000,0.0
synthetic-traffic-04-00,179,14.5615879,120.9941672,1769989558000,0.0
synthetic-traffic-04-00,180,14.561551,120.9941266,1769989560000,0.0
synthetic-traffic-04-00,181,14.561514,120.9941185,1769989562000,0.0
synthetic-traffic-04-00,182,14.561477,120.994159,1769989564000,0.0
synthetic-traffic-04-00,183,14.561513,120.9941196,1769989566000,0.0
synthetic-traffic-04-00,184,14.5615079,120.9940788,1769989568000,0.0
synthetic-traffic-04-00,185,14.5614715,120.9940378,1769989570000,0.0
synthetic-traffic-04-00,186,14.5614362,120.9939958,1769989572000,0.0
synthetic-traffic-04-00,187,14.5614011,120.9939536,1769989574000,0.0
synthetic-traffic-04-00,188,14.5613704,120.9939081,1769989576000,0.0
synthetic-traffic-04-00,189,14.5613397,120.9938626,1769989578000,0.0
synthetic-traffic-04-00,190,14.5613125,120.9938151,1769989580000,0.0
synthetic-traffic-04-00,191,14.561288,120.993766,1769989582000,0.0
synthetic-traffic-04-00,192,14.5612636,120.9937446,1769989584000,0.0
synthetic-traffic-04-00,193,14.5612393,120.9937938,1769989586000,0.0
synthetic-traffic-04-00,194,14.5612462,120.9937797,1769989588000,0.0
synthetic-traffic-04-00,195,14.5612704,120.9937305,1769989590000,0.0
synthetic-traffic-04-00,196,14.5612613,120.9936764,1769989592000,0.0
synthetic-traffic-04-00,197,14.5612522,120.9936222,1769989594000,0.0
synthetic-traffic-04-00,198,14.5612431,120.9935681,1769989596000,0.0
synthetic-traffic-04-00,199,14.561234,120.993514,1769989598000,0.0
synthetic-traffic-04-00,200,14.5612244,120.99346,1769989600000,0.0
synthetic-traffic-04-00,201,14.5612136,120.9934061,1769989602000,0.0
synthetic-traffic-04-00,202,14.5612029,120.9933523,1769989604000,0.0
synthetic-traffic-04-00,203,14.5611921,120.9932985,1769989606000,0.0
synthetic-traffic-04-00,204,14.5611812,120.9932447,1769989608000,0.0
synthetic-traffic-04-00,205,14.561169,120.9931912,1769989610000,0.0
synthetic-traffic-04-00,206,14.5611567,120.9931377,1769989612000,0.0
synthetic-traffic-04-00,207,14.5611445,120.9930842,1769989614000,0.0
synthetic-traffic-04-00,208,14.5611323,120.9930307,1769989616000,0.0
synthetic-traffic-04-00,209,14.56112,120.9929772,1769989618000,0.0
synthetic-traffic-04-00,210,14.5611078,120.9929237,1769989620000,0.0
synthetic-traffic-04-00,211,14.5610955,120.9928702,1769989622000,0.0
synthetic-traffic-04-00,212,14.5610761,120.9928191,1769989624000,0.0
synthetic-traffic-04-00,213,14.5610547,120.9927685,1769989626000,0.0
synthetic-traffic-04-00,214,14.5610334,120.992718,1769989628000,0.0
synthetic-traffic-04-00,215,14.561012,120.9926674,1769989630000,0.0
synthetic-traffic-04-00,216,14.5609907,120.9926169,1769989632000,0.0
synthetic-traffic-04-00,217,14.5609726,120.9925652,1769989634000,0.0
synthetic-traffic-04-00,218,14.5609591,120.992512,1769989636000,0.0
synthetic-traffic-04-00,219,14.5609455,120.9924588,1769989638000,0.0
synthetic-traffic-04-00,220,14.560932,120.9924056,1769989640000,0.0
synthetic-traffic-04-00,221,14.5609184,120.9923525,1769989642000,0.0
synthetic-traffic-04-00,222,14.5609049,120.9922993,1769989644000,0.0
synthetic-traffic-04-00,223,14.5608916,120.992246,1769989646000,0.0
synthetic-traffic-04-00,224,14.5608784,120.9921928,1769989648000,0.0
synthetic-traffic-04-00,225,14.5608651,120.9921395,1769989650000,0.0
synthetic-traffic-04-00,226,14.5608519,120.9920862,1769989652000,0.0
synthetic-traffic-04-00,227,14.5608387,120.992033,1769989654000,0.0
synthetic-traffic-04-00,228,14.5608254,120.9919797,1769989656000,0.0
synthetic-traffic-04-00,229,14.5608122,120.9919264,1769989658000,0.0
synthetic-traffic-04-00,230,14.560799,120.9918732,1769989660000,0.0
synthetic-traffic-04-00,231,14.5607857,120.9918199,1769989662000,0.0
synthetic-traffic-04-00,232,14.5607725,120.9917667,1769989664000,0.0
synthetic-traffic-04-00,233,14.5607593,120.9917134,1769989666000,0.0
synthetic-traffic-04-00,234,14.560746,120.9916601,1769989668000,0.0
synthetic-traffic-04-00,235,14.5607328,120.9916069,1769989670000,0.0
synthetic-traffic-04-00,236,14.5607196,120.9915536,1769989672000,0.0
synthetic-traffic-04-00,237,14.5607063,120.9915004,1769989674000,0.0
synthetic-traffic-04-00,238,14.5606931,120.9914471,1769989676000,0.0
synthetic-traffic-04-00,239,14.5606798,120.9913938,1769989678000,0.0
synthetic-traffic-04-00,240,14.5606666,120.9913406,1769989680000,0.0
synthetic-traffic-04-00,241,14.5606534,120.9912873,1769989682000,0.0
synthetic-traffic-04-00,242,14.5606401,120.9912341,1769989684000,0.0
synthetic-traffic-04-00,243,14.5606269,120.9911808,1769989686000,0.0
synthetic-traffic-04-00,244,14.5606136,120.9911275,1769989688000,0.0
synthetic-traffic-04-00,245,14.5606004,120.9910743,1769989690000,0.0
synthetic-traffic-04-00,246,14.5605872,120.991021,1769989692000,0.0
synthetic-traffic-04-00,247,14.5605739,120.9909678,1769989694000,0.0
synthetic-traffic-04-00,248,14.5605607,120.9909145,1769989696000,0.0
synthetic-traffic-04-00,249,14.5605474,120.9908612,1769989698000,0.0
synthetic-traffic-04-00,250,14.5605342,120.990808,1769989700000,0.0
synthetic-traffic-04-00,251,14.560521,120.9907547,1769989702000,0.0
synthetic-traffic-04-00,252,14.5605077,120.9907015,1769989704000,0.0
synthetic-traffic-04-00,253,14.5604945,120.9906482,1769989706000,0.0
synthetic-traffic-04-00,254,14.5604812,120.9905949,1769989708000,0.0
synthetic-traffic-04-00,255,14.560468,120.9905417,1769989710000,0.0
synthetic-traffic-04-00,256,14.5604548,120.9904884,1769989712000,0.0
synthetic-traffic-04-00,257,14.5604415,120.9904352,1769989714000,0.0
synthetic-traffic-04-00,258,14.5604283,120.9903819,1769989716000,0.0
synthetic-traffic-04-00,259,14.5604151,120.9903286,1769989718000,0.0
synthetic-traffic-04-00,260,14.5604018,120.9902754,1769989720000,0.0
synthetic-traffic-04-00,261,14.5603886,120.9902221,1769989722000,0.0
synthetic-traffic-04-00,262,14.5603753,120.9901689,1769989724000,0.0
synthetic-traffic-04-00,263,14.5603621,120.9901156,1769989726000,0.0
synthetic-traffic-04-00,264,14.5603488,120.9900623,1769989728000,0.0
synthetic-traffic-04-00,265,14.5603356,120.9900091,1769989730000,0.0
synthetic-traffic-04-00,266,14.5603224,120.9899558,1769989732000,0.0
synthetic-traffic-04-00,267,14.5603091,120.9899026,1769989734000,0.0
synthetic-traffic-04-00,268,14.5602959,120.9898493,1769989736000,0.0
synthetic-traffic-04-00,269,14.5602826,120.989796,1769989738000,0.0
synthetic-traffic-04-00,270,14.5602694,120.9897428,1769989740000,0.0
synthetic-traffic-04-00,271,14.5602562,120.9896895,1769989742000,0.0
synthetic-traffic-04-00,272,14.5602429,120.9896363,1769989744000,0.0
synthetic-traffic-04-00,273,14.5602297,120.989583,1769989746000,0.0
synthetic-traffic-04-00,274,14.5602164,120.9895297,1769989748000,0.0
synthetic-traffic-04-00,275,14.5602032,120.9894765,1769989750000,0.0
synthetic-traffic-04-00,276,14.5601898,120.9894233,1769989752000,0.0
synthetic-traffic-04-00,277,14.5601759,120.9893702,1769989754000,0.0
synthetic-traffic-04-00,278,14.5601599,120.9893178,1769989756000,0.0
synthetic-traffic-04-00,279,14.560144,120.9892653,1769989758000,0.0
synthetic-traffic-04-00,280,14.5601308,120.989212,1769989760000,0.0
synthetic-traffic-04-00,281,14.5601176,120.9891588,1769989762000,0.0
synthetic-traffic-04-00,282,14.5601043,120.9891055,1769989764000,0.0
synthetic-traffic-04-00,283,14.5600911,120.9890522,1769989766000,0.0
synthetic-traffic-04-00,284,14.5600778,120.988999,1769989768000,0.0
synthetic-traffic-04-00,285,14.5600646,120.9889457,1769989770000,0.0
synthetic-traffic-04-00,286,14.5600513,120.9888925,1769989772000,0.0
synthetic-traffic-04-00,287,14.5600374,120.9888394,1769989774000,0.0
synthetic-traffic-04-00,288,14.5600236,120.9887863,1769989776000,0.0
synthetic-traffic-04-00,289,14.5600097,120.9887332,1769989778000,0.0
synthetic-traffic-04-00,290,14.5599959,120.9886801,1769989780000,0.0
synthetic-traffic-04-00,291,14.559982,120.988627,1769989782000,0.0
synthetic-traffic-04-00,292,14.5599682,120.9885739,1769989784000,0.0
synthetic-traffic-04-00,293,14.5599543,120.9885208,1769989786000,0.0
synthetic-traffic-04-00,294,14.5599405,120.9884677,1769989788000,0.0
synthetic-traffic-04-00,295,14.5599266,120.9884145,1769989790000,0.0
synthetic-traffic-04-00,296,14.5599128,120.9883614,1769989792000,0.0
synthetic-traffic-04-00,297,14.5598989,120.9883083,1769989794000,0.0
synthetic-traffic-04-00,298,14.559885,120.9882552,1769989796000,0.0
synthetic-traffic-04-00,299,14.5598712,120.9882021,1769989798000,0.0
synthetic-traffic-04-00,300,14.5598573,120.988149,1769989800000,0.0
synthetic-traffic-04-00,301,14.5598434,120.9880959,1769989802000,0.0
synthetic-traffic-04-00,302,14.5598296,120.9880428,1769989804000,0.0
synthetic-traffic-04-00,303,14.5598157,120.9879897,1769989806000,0.0
synthetic-traffic-04-00,304,14.5598019,120.9879366,1769989808000,0.0
synthetic-traffic-04-00,305,14.559788,120.9878835,1769989810000,0.0
synthetic-traffic-04-00,306,14.5597741,120.9878304,1769989812000,0.0
synthetic-traffic-04-00,307,14.5597603,120.9877773,1769989814000,0.0
synthetic-traffic-04-00,308,14.5597464,120.9877242,1769989816000,0.0
synthetic-traffic-04-00,309,14.5597326,120.9876711,1769989818000,0.0
synthetic-traffic-04-00,310,14.5597187,120.987618,1769989820000,0.0
synthetic-traffic-04-00,311,14.5597048,120.9875649,1769989822000,0.0
synthetic-traffic-04-00,312,14.5596918,120.9875116,1769989824000,0.0
synthetic-traffic-04-00,313,14.5596793,120.9874582,1769989826000,0.0
synthetic-traffic-04-00,314,14.5596671,120.9874047,1769989828000,0.0
synthetic-traffic-04-00,315,14.5596511,120.9873522,1769989830000,0.0
synthetic-traffic-04-00,316,14.5596348,120.9872998,1769989832000,0.0
synthetic-traffic-04-00,317,14.5596185,120.9872474,1769989834000,0.0
synthetic-traffic-04-00,318,14.5596021,120.987195,1769989836000,0.0
synthetic-traffic-04-00,319,14.5596104,120.9872214,1769989838000,0.0
synthetic-traffic-04-00,320,14.5596267,120.9872738,1769989840000,0.0
synthetic-traffic-04-00,321,14.559643,120.9873262,1769989842000,0.0
synthetic-traffic-04-00,322,14.5596593,120.9873786,1769989844000,0.0
synthetic-traffic-04-00,323,14.5596362,120.9874111,1769989846000,0.0
synthetic-traffic-04-00,324,14.5595844,120.9874293,1769989848000,0.0
synthetic-traffic-04-00,325,14.5595326,120.9874475,1769989850000,0.0
synthetic-traffic-04-00,326,14.5594808,120.9874656,1769989852000,0.0
synthetic-traffic-04-00,327,14.559429,120.9874838,1769989854000,0.0
synthetic-traffic-04-00,328,14.5593773,120.987502,1769989856000,0.0
synthetic-traffic-04-00,329,14.5593255,120.9875202,1769989858000,0.0
synthetic-traffic-04-00,330,14.5592737,120.9875383,1769989860000,0.0
synthetic-traffic-04-00,331,14.5592219,120.9875565,1769989862000,0.0
synthetic-traffic-04-00,332,14.5591701,120.9875747,1769989864000,0.0
synthetic-traffic-04-00,333,14.5591183,120.9875928,1769989866000,0.0
synthetic-traffic-04-00,334,14.5590666,120.987611,1769989868000,0.0
synthetic-traffic-04-00,335,14.5590148,120.9876292,1769989870000,0.0
synthetic-traffic-04-00,336,14.558963,120.9876474,1769989872000,0.0
synthetic-traffic-04-00,337,14.5589168,120.9876526,1769989874000,0.0
synthetic-traffic-04-00,338,14.5588946,120.9876024,1769989876000,0.0
synthetic-traffic-04-00,339,14.5588849,120.9875806,1769989878000,0.0
synthetic-traffic-04-00,340,14.5589071,120.9876308,1769989880000,0.0
synthetic-traffic-04-00,341,14.5589015,120.9876686,1769989882000,0.0
synthetic-traffic-04-00,342,14.5588494,120.9876861,1769989884000,0.0
synthetic-traffic-04-00,343,14.5587974,120.9877035,1769989886000,0.0
synthetic-traffic-04-00,344,14.5587453,120.9877209,1769989888000,0.0
synthetic-traffic-04-00,345,14.5586933,120.9877383,1769989890000,0.0
synthetic-traffic-04-00,346,14.5586413,120.9877558,1769989892000,0.0
synthetic-traffic-04-00,347,14.5585892,120.9877732,1769989894000,0.0
synthetic-traffic-04-00,348,14.5585372,120.9877906,1769989896000,0.0
synthetic-traffic-04-00,349,14.5584851,120.9878081,1769989898000,0.0
synthetic-traffic-04-00,350,14.5584331,120.9878255,1769989900000,0.0
synthetic-traffic-04-00,351,14.5583811,120.9878429,1769989902000,0.0
synthetic-traffic-04-00,352,14.558329,120.9878603,1769989904000,0.0
synthetic-traffic-04-00,353,14.558277,120.9878778,1769989906000,0.0
synthetic-traffic-04-00,354,14.5582754,120.9878385,1769989908000,0.0
synthetic-traffic-04-00,355,14.5582866,120.9877848,1769989910000,0.0
synthetic-traffic-04-00,356,14.5582979,120.9877311,1769989912000,0.0
synthetic-traffic-04-00,357,14.5583091,120.9876773,1769989914000,0.0
synthetic-traffic-04-00,358,14.5583106,120.9876703,1769989916000,0.0
synthetic-traffic-04-00,359,14.5582993,120.987724,1769989918000,0.0
synthetic-traffic-04-00,360,14.5582881,120.9877777,1769989920000,0.0
synthetic-traffic-04-00,361,14.5582768,120.9878314,1769989922000,0.0
synthetic-traffic-04-00,362,14.5582626,120.9878825,1769989924000,0.0
synthetic-traffic-04-00,363,14.5582103,120.9878989,1769989926000,0.0
synthetic-traffic-04-00,364,14.5581579,120.9879154,1769989928000,0.0
synthetic-traffic-04-00,365,14.5581056,120.9879318,1769989930000,0.0
synthetic-traffic-04-00,366,14.5580532,120.9879483,1769989932000,0.0
synthetic-traffic-04-00,367,14.5580009,120.9879648,1769989934000,0.0
synthetic-traffic-04-00,368,14.5579485,120.9879812,1769989936000,0.0
synthetic-traffic-04-00,369,14.5578962,120.9879977,1769989938000,0.0
synthetic-traffic-04-00,370,14.5578438,120.9880141,1769989940000,0.0
synthetic-traffic-04-00,371,14.5577914,120.9880306,1769989942000,0.0
synthetic-traffic-04-00,372,14.5577391,120.988047,1769989944000,0.0
synthetic-traffic-04-00,373,14.5576867,120.9880635,1769989946000,0.0
synthetic-traffic-04-00,374,14.5576344,120.9880799,1769989948000,0.0
synthetic-traffic-04-00,375,14.557582,120.9880964,1769989950000,0.0
synthetic-traffic-04-00,376,14.5575297,120.9881128,1769989952000,0.0
synthetic-traffic-04-00,377,14.5574773,120.9881293,1769989954000,0.0
synthetic-traffic-04-00,378,14.5574249,120.9881457,1769989956000,0.0
synthetic-traffic-04-00,379,14.5573726,120.9881621,1769989958000,0.0
synthetic-traffic-04-00,380,14.5573202,120.9881785,1769989960000,0.0
synthetic-traffic-04-00,381,14.5572678,120.9881949,1769989962000,0.0
synthetic-traffic-04-00,382,14.5572154,120.9882113,1769989964000,0.0
synthetic-traffic-04-00,383,14.5571631,120.9882277,1769989966000,0.0
synthetic-traffic-04-00,384,14.5571107,120.9882441,1769989968000,0.0
synthetic-traffic-04-00,385,14.5570583,120.9882605,1769989970000,0.0
synthetic-traffic-04-00,386,14.557006,120.9882769,1769989972000,0.0
synthetic-traffic-04-00,387,14.5569536,120.9882933,1769989974000,0.0
synthetic-traffic-04-00,388,14.5569015,120.9883106,1769989976000,0.0
synthetic-traffic-04-00,389,14.5568496,120.9883285,1769989978000,0.0
synthetic-traffic-04-00,390,14.5567978,120.9883465,1769989980000,0.0
synthetic-traffic-04-00,391,14.5567459,120.9883645,1769989982000,0.0
synthetic-traffic-04-00,392,14.5566941,120.9883824,1769989984000,0.0
synthetic-traffic-04-00,393,14.5566422,120.9884004,1769989986000,0.0
synthetic-traffic-04-00,394,14.5565902,120.9884181,1769989988000,0.0
synthetic-traffic-04-00,395,14.5565382,120.9884354,1769989990000,0.0
synthetic-traffic-04-00,396,14.5564861,120.9884528,1769989992000,0.0
synthetic-traffic-04-00,397,14.556434,120.9884701,1769989994000,0.0
synthetic-traffic-04-00,398,14.556382,120.9884875,1769989996000,0.0
synthetic-traffic-04-00,399,14.5563299,120.9885048,1769989998000,0.0
synthetic-traffic-04-00,400,14.5563046,120.9884676,1769990000000,0.0
synthetic-traffic-04-00,401,14.5562866,120.9884158,1769990002000,0.0
synthetic-traffic-04-00,402,14.5563017,120.9884593,1769990004000,0.0
synthetic-traffic-04-00,403,14.5563163,120.9885093,1769990006000,0.0
synthetic-traffic-04-00,404,14.5562641,120.9885262,1769990008000,0.0
synthetic-traffic-04-00,405,14.5562118,120.9885431,1769990010000,0.0
synthetic-traffic-04-00,406,14.5561596,120.98856,1769990012000,0.0
synthetic-traffic-04-00,407,14.5561074,120.9885769,1769990014000,0.0
synthetic-traffic-04-00,408,14.5560552,120.9885938,1769990016000,0.0
synthetic-traffic-04-00,409,14.556003,120.9886107,1769990018000,0.0
synthetic-traffic-04-00,410,14.5559508,120.9886276,1769990020000,0.0
synthetic-traffic-04-00,411,14.5558985,120.9886445,1769990022000,0.0
synthetic-traffic-04-00,412,14.5558463,120.9886614,1769990024000,0.0
synthetic-traffic-04-00,413,14.5557941,120.9886783,1769990026000,0.0
synthetic-traffic-04-00,414,14.5557419,120.9886952,1769990028000,0.0
synthetic-traffic-04-00,415,14.5556897,120.9887121,1769990030000,0.0
synthetic-traffic-04-00,416,14.5556375,120.988729,1769990032000,0.0
synthetic-traffic-04-00,417,14.5555853,120.9887459,1769990034000,0.0
synthetic-traffic-04-00,418,14.555533,120.9887628,1769990036000,0.0
synthetic-traffic-04-00,419,14.5554808,120.9887797,1769990038000,0.0
synthetic-traffic-04-00,420,14.5554286,120.9887965,1769990040000,0.0
synthetic-traffic-04-00,421,14.5553763,120.9888133,1769990042000,0.0
synthetic-traffic-04-00,422,14.5553241,120.9888301,1769990044000,0.0
synthetic-traffic-04-00,423,14.5552718,120.9888469,1769990046000,0.0
synthetic-traffic-04-00,424,14.5552196,120.9888637,1769990048000,0.0
synthetic-traffic-04-00,425,14.5551673,120.9888805,1769990050000,0.0
synthetic-traffic-04-00,426,14.5551151,120.9888973,1769990052000,0.0
synthetic-traffic-04-00,427,14.5550629,120.9889143,1769990054000,0.0
synthetic-traffic-04-00,428,14.5550108,120.9889314,1769990056000,0.0
synthetic-traffic-04-00,429,14.5549586,120.9889484,1769990058000,0.0
synthetic-traffic-04-00,430,14.5549064,120.9889655,1769990060000,0.0
synthetic-traffic-04-00,431,14.5548543,120.9889825,1769990062000,0.0
synthetic-traffic-04-00,432,14.554816,120.9889543,1769990064000,0.0
synthetic-traffic-04-00,433,14.5547823,120.988911,1769990066000,0.0
synthetic-traffic-04-00,434,14.5547486,120.9888676,1769990068000,0.0
synthetic-traffic-04-01,0,14.5633467,120.9988721,1769989200000,0.0
synthetic-traffic-04-01,1,14.5633248,120.9988213,1769989202000,0.0
synthetic-traffic-04-01,2,14.5633029,120.9987706,1769989204000,0.0
synthetic-traffic-04-01,3,14.563281,120.9987198,1769989206000,0.0
synthetic-traffic-04-01,4,14.5632591,120.998669,1769989208000,0.0
synthetic-traffic-04-01,5,14.5632372,120.9986183,1769989210000,0.0
synthetic-traffic-04-01,6,14.5632153,120.9985675,1769989212000,0.0
synthetic-traffic-04-01,7,14.5631934,120.9985167,1769989214000,0.0
synthetic-traffic-04-01,8,14.5632111,120.9985579,1769989216000,0.0
synthetic-traffic-04-01,9,14.563233,120.9986086,1769989218000,0.0
synthetic-traffic-04-01,10,14.5632549,120.9986594,1769989220000,0.0
synthetic-traffic-04-01,11,14.5632768,120.9987102,1769989222000,0.0
synthetic-traffic-04-01,12,14.5632987,120.9987609,1769989224000,0.0
synthetic-traffic-04-01,13,14.5633206,120.9988117,1769989226000,0.0
synthetic-traffic-04-01,14,14.5633425,120.9988625,1769989228000,0.0
synthetic-traffic-04-01,15,14.563367,120.998912,1769989230000,0.0
synthetic-traffic-04-01,16,14.5633921,120.9989613,1769989232000,0.0
synthetic-traffic-04-01,17,14.5634171,120.9990106,1769989234000,0.0
synthetic-traffic-04-01,18,14.5634422,120.9990599,1769989236000,0.0
synthetic-traffic-04-01,19,14.5634673,120.9991092,1769989238000,0.0
synthetic-traffic-04-01,20,14.5634923,120.9991585,1769989240000,0.0
synthetic-traffic-04-01,21,14.5635174,120.9992078,1769989242000,0.0
synthetic-traffic-04-01,22,14.5635424,120.999257,1769989244000,0.0
synthetic-traffic-04-01,23,14.5635675,120.9993063,1769989246000,0.0
synthetic-traffic-04-01,24,14.5635925,120.9993556,1769989248000,0.0
synthetic-traffic-04-01,25,14.5636176,120.9994049,1769989250000,0.0
synthetic-traffic-04-01,26,14.5636426,120.9994542,1769989252000,0.0
synthetic-traffic-04-01,27,14.5636677,120.9995035,1769989254000,0.0
synthetic-traffic-04-01,28,14.5636927,120.9995528,1769989256000,0.0
synthetic-traffic-04-01,29,14.5637178,120.9996021,1769989258000,0.0
synthetic-traffic-04-01,30,14.5637429,120.9996514,1769989260000,0.0
synthetic-traffic-04-01,31,14.5637679,120.9997007,1769989262000,0.0
synthetic-traffic-04-01,32,14.563793,120.99975,1769989264000,0.0
synthetic-traffic-04-01,33,14.563818,120.9997992,1769989266000,0.0
synthetic-traffic-04-01,34,14.5638431,120.9998485,1769989268000,0.0
synthetic-traffic-04-01,35,14.5638681,120.9998978,1769989270000,0.0
synthetic-traffic-04-01,36,14.5638932,120.9999471,1769989272000,0.0
synthetic-traffic-04-01,37,14.5639182,120.9999964,1769989274000,0.0
synthetic-traffic-04-01,38,14.5639433,121.0000457,1769989276000,0.0
synthetic-traffic-04-01,39,14.5639683,121.000095,1769989278000,0.0
synthetic-traffic-04-01,40,14.5639934,121.0001443,1769989280000,0.0
synthetic-traffic-04-01,41,14.5640184,121.0001936,1769989282000,0.0
synthetic-traffic-04-01,42,14.5640435,121.0002429,1769989284000,0.0
synthetic-traffic-04-01,43,14.5640685,121.0002922,1769989286000,0.0
synthetic-traffic-04-01,44,14.5640936,121.0003415,1769989288000,0.0
synthetic-traffic-04-01,45,14.5641187,121.0003907,1769989290000,0.0
synthetic-traffic-04-01,46,14.5641437,121.00044,1769989292000,0.0
synthetic-traffic-04-01,47,14.5641688,121.0004893,1769989294000,0.0
synthetic-traffic-04-01,48,14.5641938,121.0005386,1769989296000,0.0
synthetic-traffic-04-01,49,14.5642189,121.0005879,1769989298000,0.0
synthetic-traffic-04-01,50,14.5642439,121.0006372,1769989300000,0.0
synthetic-traffic-04-01,51,14.564269,121.0006865,1769989302000,0.0
synthetic-traffic-04-01,52,14.5642822,121.0007321,1769989304000,0.0
synthetic-traffic-04-01,53,14.5642334,121.000758,1769989306000,0.0
synthetic-traffic-04-01,54,14.5641846,121.000784,1769989308000,0.0
synthetic-traffic-04-01,55,14.5641357,121.0008099,1769989310000,0.0
synthetic-traffic-04-01,56,14.5640869,121.0008359,1769989312000,0.0
synthetic-traffic-04-01,57,14.5640381,121.0008619,1769989314000,0.0
synthetic-traffic-04-01,58,14.5639893,121.0008878,1769989316000,0.0
synthetic-traffic-04-01,59,14.5639405,121.0009138,1769989318000,0.0
synthetic-traffic-04-01,60,14.5638916,121.0009398,1769989320000,0.0
synthetic-traffic-04-01,61,14.5638428,121.0009657,1769989322000,0.0
synthetic-traffic-04-01,62,14.5638786,121.0010035,1769989324000,0.0
synthetic-traffic-04-01,63,14.5639185,121.0010418,1769989326000,0.0
synthetic-traffic-04-01,64,14.5639584,121.0010801,1769989328000,0.0
synthetic-traffic-04-01,65,14.5639982,121.0011184,1769989330000,0.0
synthetic-traffic-04-01,66,14.5640381,121.0011568,1769989332000,0.0
synthetic-traffic-04-01,67,14.5640779,121.0011951,1769989334000,0.0
synthetic-traffic-04-01,68,14.5641178,121.0012334,1769989336000,0.0
synthetic-traffic-05-00,0,14.5609964,120.9955721,1770594000000,0.0
synthetic-traffic-05-00,1,14.56102,120.9956077,1770594002000,0.0
synthetic-traffic-05-00,2,14.5610734,120.9955947,1770594004000,0.0
synthetic-traffic-05-00,3,14.5611267,120.9955816,1770594006000,0.0
synthetic-traffic-05-00,4,14.56118,120.9955686,1770594008000,0.0
synthetic-traffic-05-00,5,14.5612333,120.9955556,1770594010000,0.0
synthetic-traffic-05-00,6,14.5612866,120.9955425,1770594012000,0.0
synthetic-traffic-05-00,7,14.5613399,120.9955295,1770594014000,0.0
synthetic-traffic-05-00,8,14.5613932,120.9955165,1770594016000,0.0
synthetic-traffic-05-00,9,14.5614465,120.9955034,1770594018000,0.0
synthetic-traffic-05-00,10,14.5614998,120.9954904,1770594020000,0.0
synthetic-traffic-05-00,11,14.5615531,120.9954773,1770594022000,0.0
synthetic-traffic-05-00,12,14.5616065,120.9954643,1770594024000,0.0
synthetic-traffic-05-00,13,14.5616598,120.9954513,1770594026000,0.0
synthetic-traffic-05-00,14,14.5617131,120.9954382,1770594028000,0.0
synthetic-traffic-05-00,15,14.5617664,120.9954252,1770594030000,0.0
synthetic-traffic-05-00,16,14.5618197,120.9954122,1770594032000,0.0
synthetic-traffic-05-00,17,14.561873,120.9953991,1770594034000,0.0
synthetic-traffic-05-00,18,14.5619263,120.9953861,1770594036000,0.0
synthetic-traffic-05-00,19,14.5619796,120.995373,1770594038000,0.0
synthetic-traffic-05-00,20,14.5620329,120.99536,1770594040000,0.0
synthetic-traffic-05-00,21,14.5620862,120.995347,1770594042000,0.0
synthetic-traffic-05-00,22,14.5621396,120.9953339,1770594044000,0.0
synthetic-traffic-05-00,23,14.5621929,120.9953209,1770594046000,0.0
synthetic-traffic-05-00,24,14.5622462,120.9953079,1770594048000,0.0
synthetic-traffic-05-00,25,14.5622995,120.9952948,1770594050000,0.0
synthetic-traffic-05-00,26,14.5623527,120.9952816,1770594052000,0.0
synthetic-traffic-05-00,27,14.5624055,120.9952666,1770594054000,0.0
synthetic-traffic-05-00,28,14.5624592,120.9952557,1770594056000,0.0
synthetic-traffic-05-00,29,14.5625136,120.9952486,1770594058000,0.0
synthetic-traffic-05-00,30,14.562568,120.9952415,1770594060000,0.0
synthetic-traffic-05-00,31,14.5626213,120.9952295,1770594062000,0.0
synthetic-traffic-05-00,32,14.5626734,120.9952122,1770594064000,0.0
synthetic-traffic-05-00,33,14.5627237,120.9951902,1770594066000,0.0
synthetic-traffic-05-00,34,14.562774,120.9951682,1770594068000,0.0
synthetic-traffic-05-00,35,14.5628243,120.9951462,1770594070000,0.0
synthetic-traffic-05-00,36,14.5628745,120.9951243,1770594072000,0.0
synthetic-traffic-05-00,37,14.5629248,120.9951023,1770594074000,0.0
synthetic-traffic-05-00,38,14.5629751,120.9950803,1770594076000,0.0
synthetic-traffic-05-00,39,14.5630254,120.9950584,1770594078000,0.0
synthetic-traffic-05-00,40,14.5630757,120.9950364,1770594080000,0.0
synthetic-traffic-05-00,41,14.563126,120.9950144,1770594082000,0.0
synthetic-traffic-05-00,42,14.5631763,120.9949925,1770594084000,0.0
synthetic-traffic-05-00,43,14.5632266,120.9949705,1770594086000,0.0
synthetic-traffic-05-00,44,14.5632769,120.9949485,1770594088000,0.0
synthetic-traffic-05-00,45,14.5633272,120.9949266,1770594090000,0.0
synthetic-traffic-05-00,46,14.5633775,120.9949046,1770594092000,0.0
synthetic-traffic-05-00,47,14.5634278,120.9948826,1770594094000,0.0
synthetic-traffic-05-00,48,14.5634781,120.9948607,1770594096000,0.0
synthetic-traffic-05-00,49,14.5635284,120.9948387,1770594098000,0.0
synthetic-traffic-05-00,50,14.5635786,120.9948167,1770594100000,0.0
synthetic-traffic-05-00,51,14.5636289,120.9947948,1770594102000,0.0
synthetic-traffic-05-00,52,14.5636793,120.9947729,1770594104000,0.0
synthetic-traffic-05-00,53,14.5637297,120.9947513,1770594106000,0.0
synthetic-traffic-05-00,54,14.5637802,120.9947297,1770594108000,0.0
synthetic-traffic-05-00,55,14.5638299,120.9947066,1770594110000,0.0
synthetic-traffic-05-00,56,14.5638792,120.9946825,1770594112000,0.0
synthetic-traffic-05-00,57,14.5639285,120.9946584,1770594114000,0.0
synthetic-traffic-05-00,58,14.5639778,120.9946342,1770594116000,0.0
synthetic-traffic-05-00,59,14.5640271,120.9946101,1770594118000,0.0
synthetic-traffic-05-00,60,14.5640764,120.994586,1770594120000,0.0
synthetic-traffic-05-00,61,14.5641257,120.9945619,1770594122000,0.0
synthetic-traffic-05-00,62,14.564175,120.9945378,1770594124000,0.0
synthetic-traffic-05-00,63,14.5642243,120.9945137,1770594126000,0.0
synthetic-traffic-05-00,64,14.5642736,120.9944895,1770594128000,0.0
synthetic-traffic-05-00,65,14.5643229,120.9944654,1770594130000,0.0
synthetic-traffic-05-00,66,14.5643725,120.9944419,1770594132000,0.0
synthetic-traffic-05-00,67,14.5643881,120.9944058,1770594134000,0.0
synthetic-traffic-05-00,68,14.5643721,120.9943678,1770594136000,0.0
synthetic-traffic-05-00,69,14.5643934,120.9944184,1770594138000,0.0
synthetic-traffic-05-00,70,14.5644366,120.9944123,1770594140000,0.0
synthetic-traffic-05-00,71,14.5644863,120.994389,1770594142000,0.0
synthetic-traffic-05-00,72,14.5645358,120.9943654,1770594144000,0.0
synthetic-traffic-05-00,73,14.5645853,120.9943415,1770594146000,0.0
synthetic-traffic-05-00,74,14.5646347,120.9943177,1770594148000,0.0
synthetic-traffic-05-00,75,14.5646841,120.9942938,1770594150000,0.0
synthetic-traffic-05-00,76,14.5647335,120.99427,1770594152000,0.0
synthetic-traffic-05-00,77,14.5647829,120.9942461,1770594154000,0.0
synthetic-traffic-05-00,78,14.5648324,120.9942222,1770594156000,0.0
synthetic-traffic-05-00,79,14.5648818,120.9941984,1770594158000,0.0
synthetic-traffic-05-00,80,14.5649312,120.9941745,1770594160000,0.0
synthetic-traffic-05-00,81,14.5649806,120.9941506,1770594162000,0.0
synthetic-traffic-05-00,82,14.5650301,120.9941268,1770594164000,0.0
synthetic-traffic-05-00,83,14.5650795,120.9941029,1770594166000,0.0
synthetic-traffic-05-00,84,14.5651289,120.9940791,1770594168000,0.0
synthetic-traffic-05-00,85,14.5651789,120.9940565,1770594170000,0.0
synthetic-traffic-05-00,86,14.5652291,120.9940342,1770594172000,0.0
synthetic-traffic-05-00,87,14.5652792,120.9940118,1770594174000,0.0
synthetic-traffic-05-00,88,14.5653293,120.9939894,1770594176000,0.0
synthetic-traffic-05-00,89,14.5653537,120.9939591,1770594178000,0.0
synthetic-traffic-05-00,90,14.5653267,120.9939113,1770594180000,0.0
synthetic-traffic-05-00,91,14.5652997,120.9938635,1770594182000,0.0
synthetic-traffic-05-00,92,14.5652596,120.9938582,1770594184000,0.0
synthetic-traffic-05-00,93,14.5652102,120.9938823,1770594186000,0.0
synthetic-traffic-05-00,94,14.5651609,120.9939064,1770594188000,0.0
synthetic-traffic-05-00,95,14.5651116,120.9939304,1770594190000,0.0
synthetic-traffic-05-00,96,14.5650621,120.9939541,1770594192000,0.0
synthetic-traffic-05-00,97,14.5650125,120.9939776,1770594194000,0.0
synthetic-traffic-05-00,98,14.5649629,120.9940011,1770594196000,0.0
synthetic-traffic-05-00,99,14.5649133,120.9940247,1770594198000,0.0
synthetic-traffic-05-00,100,14.5648638,120.9940482,1770594200000,0.0
synthetic-traffic-05-00,101,14.5648142,120.9940718,1770594202000,0.0
synthetic-traffic-05-00,102,14.5647646,120.9940952,1770594204000,0.0
synthetic-traffic-05-00,103,14.5647149,120.9941186,1770594206000,0.0
synthetic-traffic-05-00,104,14.5646653,120.994142,1770594208000,0.0
synthetic-traffic-05-00,105,14.5646157,120.9941654,1770594210000,0.0
synthetic-traffic-05-00,106,14.564566,120.9941888,1770594212000,0.0
synthetic-traffic-05-00,107,14.5645164,120.9942122,1770594214000,0.0
synthetic-traffic-05-00,108,14.5644667,120.9942357,1770594216000,0.0
synthetic-traffic-05-00,109,14.5644168,120.9942585,1770594218000,0.0
synthetic-traffic-05-00,110,14.5643668,120.994281,1770594220000,0.0
synthetic-traffic-05-00,111,14.5643506,120.9943169,1770594222000,0.0
synthetic-traffic-05-00,112,14.5643669,120.9943555,1770594224000,0.0
synthetic-traffic-05-00,113,14.5643456,120.994305,1770594226000,0.0
synthetic-traffic-05-00,114,14.564303,120.9943113,1770594228000,0.0
synthetic-traffic-05-00,115,14.5642534,120.9943348,1770594230000,0.0
synthetic-traffic-05-00,116,14.5642036,120.9943579,1770594232000,0.0
synthetic-traffic-05-00,117,14.5641538,120.9943809,1770594234000,0.0
synthetic-traffic-05-00,118,14.564104,120.994404,1770594236000,0.0
synthetic-traffic-05-00,119,14.5640542,120.994427,1770594238000,0.0
synthetic-traffic-05-00,120,14.5640044,120.9944501,1770594240000,0.0
synthetic-traffic-05-00,121,14.5639546,120.9944731,1770594242000,0.0
synthetic-traffic-05-00,122,14.5639053,120.9944972,1770594244000,0.0
synthetic-traffic-05-00,123,14.563856,120.9945213,1770594246000,0.0
synthetic-traffic-05-00,124,14.5638067,120.9945454,1770594248000,0.0
synthetic-traffic-05-00,125,14.5637578,120.9945705,1770594250000,0.0
synthetic-traffic-05-00,126,14.5637089,120.9945953,1770594252000,0.0
synthetic-traffic-05-00,127,14.5636598,120.9946197,1770594254000,0.0
synthetic-traffic-05-00,128,14.5636106,120.9946442,1770594256000,0.0
synthetic-traffic-05-00,129,14.5635615,120.9946686,1770594258000,0.0
synthetic-traffic-05-00,130,14.5635119,120.9946922,1770594260000,0.0
synthetic-traffic-05-00,131,14.5634621,120.9947152,1770594262000,0.0
synthetic-traffic-05-00,132,14.5634124,120.9947384,1770594264000,0.0
synthetic-traffic-05-00,133,14.5633626,120.9947616,1770594266000,0.0
synthetic-traffic-05-00,134,14.5633129,120.9947848,1770594268000,0.0
synthetic-traffic-05-00,135,14.5632632,120.994808,1770594270000,0.0
synthetic-traffic-05-00,136,14.5632134,120.9948312,1770594272000,0.0
synthetic-traffic-05-00,137,14.5631633,120.9948536,1770594274000,0.0
synthetic-traffic-05-00,138,14.5631137,120.9948769,1770594276000,0.0
synthetic-traffic-05-00,139,14.563064,120.9949003,1770594278000,0.0
synthetic-traffic-05-00,140,14.5630144,120.9949237,1770594280000,0.0
synthetic-traffic-05-00,141,14.5629647,120.994947,1770594282000,0.0
synthetic-traffic-05-00,142,14.562915,120.9949704,1770594284000,0.0
synthetic-traffic-05-00,143,14.5628654,120.9949938,1770594286000,0.0
synthetic-traffic-05-00,144,14.5628157,120.9950172,1770594288000,0.0
synthetic-traffic-05-00,145,14.5627661,120.9950405,1770594290000,0.0
synthetic-traffic-05-00,146,14.5627164,120.9950639,1770594292000,0.0
synthetic-traffic-05-00,147,14.5626658,120.9950843,1770594294000,0.0
synthetic-traffic-05-00,148,14.5626118,120.9950941,1770594296000,0.0
synthetic-traffic-05-00,149,14.5626001,120.995141,1770594298000,0.0
synthetic-traffic-05-00,150,14.5625975,120.9951958,1770594300000,0.0
synthetic-traffic-05-00,151,14.562596,120.9952252,1770594302000,0.0
synthetic-traffic-05-00,152,14.5625987,120.9951704,1770594304000,0.0
synthetic-traffic-05-00,153,14.5626013,120.9951155,1770594306000,0.0
synthetic-traffic-05-00,154,14.5625886,120.9950635,1770594308000,0.0
synthetic-traffic-05-00,155,14.5625664,120.9950133,1770594310000,0.0
synthetic-traffic-05-00,156,14.5625399,120.9949653,1770594312000,0.0
synthetic-traffic-05-00,157,14.5625134,120.9949172,1770594314000,0.0
synthetic-traffic-05-00,158,14.5624869,120.9948692,1770594316000,0.0
synthetic-traffic-05-00,159,14.5624603,120.9948211,1770594318000,0.0
synthetic-traffic-05-00,160,14.5624191,120.9947867,1770594320000,0.0
synthetic-traffic-05-00,161,14.5623732,120.9947567,1770594322000,0.0
synthetic-traffic-05-00,162,14.5623273,120.9947266,1770594324000,0.0
synthetic-traffic-05-00,163,14.5622813,120.9946965,1770594326000,0.0
synthetic-traffic-05-00,164,14.5622354,120.9946665,1770594328000,0.0
synthetic-traffic-05-00,165,14.5621895,120.9946364,1770594330000,0.0
synthetic-traffic-05-00,166,14.5621436,120.9946064,1770594332000,0.0
synthetic-traffic-05-00,167,14.5620977,120.9945763,1770594334000,0.0
synthetic-traffic-05-00,168,14.5620518,120.9945462,1770594336000,0.0
synthetic-traffic-05-00,169,14.5620059,120.9945162,1770594338000,0.0
synthetic-traffic-05-00,170,14.5619599,120.9944861,1770594340000,0.0
synthetic-traffic-05-00,171,14.561914,120.994456,1770594342000,0.0
synthetic-traffic-05-00,172,14.5618681,120.994426,1770594344000,0.0
synthetic-traffic-05-00,173,14.5618222,120.9943959,1770594346000,0.0
synthetic-traffic-05-00,174,14.5617763,120.9943658,1770594348000,0.0
synthetic-traffic-05-00,175,14.5617357,120.9943295,1770594350000,0.0
synthetic-traffic-05-00,176,14.5616987,120.994289,1770594352000,0.0
synthetic-traffic-05-00,177,14.5616618,120.9942484,1770594354000,0.0
synthetic-traffic-05-00,178,14.5616249,120.9942078,1770594356000,0.0
synthetic-traffic-05-00,179,14.5615879,120.9941672,1770594358000,0.0
synthetic-traffic-05-00,180,14.561551,120.9941266,1770594360000,0.0
synthetic-traffic-05-00,181,14.561514,120.9941185,1770594362000,0.0
synthetic-traffic-05-00,182,14.561477,120.994159,1770594364000,0.0
synthetic-traffic-05-00,183,14.561513,120.9941196,1770594366000,0.0
synthetic-traffic-05-00,184,14.5615079,120.9940788,1770594368000,0.0
synthetic-traffic-05-00,185,14.5614715,120.9940378,1770594370000,0.0
synthetic-traffic-05-00,186,14.5614362,120.9939958,1770594372000,0.0
synthetic-traffic-05-00,187,14.5614011,120.9939536,1770594374000,0.0
synthetic-traffic-05-00,188,14.5613704,120.9939081,1770594376000,0.0
synthetic-traffic-05-00,189,14.5613397,120.9938626,1770594378000,0.0
synthetic-traffic-05-00,190,14.5613125,120.9938151,1770594380000,0.0
synthetic-traffic-05-00,191,14.561288,120.993766,1770594382000,0.0
synthetic-traffic-05-00,192,14.5612636,120.9937446,1770594384000,0.0
synthetic-traffic-05-00,193,14.5612393,120.9937938,1770594386000,0.0
synthetic-traffic-05-00,194,14.5612462,120.9937797,1770594388000,0.0
synthetic-traffic-05-00,195,14.5612704,120.9937305,1770594390000,0.0
synthetic-traffic-05-00,196,14.5612613,120.9936764,1770594392000,0.0
synthetic-traffic-05-00,197,14.5612522,120.9936222,1770594394000,0.0
synthetic-traffic-05-00,198,14.5612431,120.9935681,1770594396000,0.0
synthetic-traffic-05-00,199,14.561234,120.993514,1770594398000,0.0
synthetic-traffic-05-00,200,14.5612244,120.99346,1770594400000,0.0
synthetic-traffic-05-00,201,14.5612136,120.9934061,1770594402000,0.0
synthetic-traffic-05-00,202,14.5612029,120.9933523,1770594404000,0.0
synthetic-traffic-05-00,203,14.5611921,120.9932985,1770594406000,0.0
synthetic-traffic-05-00,204,14.5611812,120.9932447,1770594408000,0.0
synthetic-traffic-05-00,205,14.561169,120.9931912,1770594410000,0.0
synthetic-traffic-05-00,206,14.5611567,120.9931377,1770594412000,0.0
synthetic-traffic-05-00,207,14.5611445,120.9930842,1770594414000,0.0
synthetic-traffic-05-00,208,14.5611323,120.9930307,1770594416000,0.0
synthetic-traffic-05-00,209,14.56112,120.9929772,1770594418000,0.0
synthetic-traffic-05-00,210,14.5611078,120.9929237,1770594420000,0.0
synthetic-traffic-05-00,211,14.5610955,120.9928702,1770594422000,0.0
synthetic-traffic-05-00,212,14.5610761,120.9928191,1770594424000,0.0
synthetic-traffic-05-00,213,14.5610547,120.9927685,1770594426000,0.0
synthetic-traffic-05-00,214,14.5610334,120.992718,1770594428000,0.0
synthetic-traffic-05-00,215,14.561012,120.9926674,1770594430000,0.0
synthetic-traffic-05-00,216,14.5609907,120.9926169,1770594432000,0.0
synthetic-traffic-05-00,217,14.5609726,120.9925652,1770594434000,0.0
synthetic-traffic-05-00,218,14.5609591,120.992512,1770594436000,0.0
synthetic-traffic-05-00,219,14.5609455,120.9924588,1770594438000,0.0
synthetic-traffic-05-00,220,14.560932,120.9924056,1770594440000,0.0
synthetic-traffic-05-00,221,14.5609184,120.9923525,1770594442000,0.0
synthetic-traffic-05-00,222,14.5609049,120.9922993,1770594444000,0.0
synthetic-traffic-05-00,223,14.5608916,120.992246,1770594446000,0.0
synthetic-traffic-05-00,224,14.5608784,120.9921928,1770594448000,0.0
synthetic-traffic-05-00,225,14.5608651,120.9921395,1770594450000,0.0
synthetic-traffic-05-00,226,14.5608519,120.9920862,1770594452000,0.0
synthetic-traffic-05-00,227,14.5608387,120.992033,1770594454000,0.0
synthetic-traffic-05-00,228,14.5608254,120.9919797,1770594456000,0.0
synthetic-traffic-05-00,229,14.5608122,120.9919264,1770594458000,0.0
synthetic-traffic-05-00,230,14.560799,120.9918732,1770594460000,0.0
synthetic-traffic-05-00,231,14.5607857,120.9918199,1770594462000,0.0
synthetic-traffic-05-00,232,14.5607725,120.9917667,1770594464000,0.0
synthetic-traffic-05-00,233,14.5607593,120.9917134,1770594466000,0.0
synthetic-traffic-05-00,234,14.560746,120.9916601,1770594468000,0.0
synthetic-traffic-05-00,235,14.5607328,120.9916069,1770594470000,0.0
synthetic-traffic-05-00,236,14.5607196,120.9915536,1770594472000,0.0
synthetic-traffic-05-00,237,14.5607063,120.9915004,1770594474000,0.0
synthetic-traffic-05-00,238,14.5606931,120.9914471,1770594476000,0.0
synthetic-traffic-05-00,239,14.5606798,120.9913938,1770594478000,0.0
synthetic-traffic-05-00,240,14.5606666,120.9913406,1770594480000,0.0
synthetic-traffic-05-00,241,14.5606534,120.9912873,1770594482000,0.0
synthetic-traffic-05-00,242,14.5606401,120.9912341,1770594484000,0.0
synthetic-traffic-05-00,243,14.5606269,120.9911808,1770594486000,0.0
synthetic-traffic-05-00,244,14.5606136,120.9911275,1770594488000,0.0
synthetic-traffic-05-00,245,14.5606004,120.9910743,1770594490000,0.0
synthetic-traffic-05-00,246,14.5605872,120.991021,1770594492000,0.0
synthetic-traffic-05-00,247,14.5605739,120.9909678,1770594494000,0.0
synthetic-traffic-05-00,248,14.5605607,120.9909145,1770594496000,0.0
synthetic-traffic-05-00,249,14.5605474,120.9908612,1770594498000,0.0
synthetic-traffic-05-00,250,14.5605342,120.990808,1770594500000,0.0
synthetic-traffic-05-00,251,14.560521,120.9907547,1770594502000,0.0
synthetic-traffic-05-00,252,14.5605077,120.9907015,1770594504000,0.0
synthetic-traffic-05-00,253,14.5604945,120.9906482,1770594506000,0.0
synthetic-traffic-05-00,254,14.5604812,120.9905949,1770594508000,0.0
synthetic-traffic-05-00,255,14.560468,120.9905417,1770594510000,0.0
synthetic-traffic-05-00,256,14.5604548,120.9904884,1770594512000,0.0
synthetic-traffic-05-00,257,14.5604415,120.9904352,1770594514000,0.0
synthetic-traffic-05-00,258,14.5604283,120.9903819,1770594516000,0.0
synthetic-traffic-05-00,259,14.5604151,120.9903286,1770594518000,0.0
synthetic-traffic-05-00,260,14.5604018,120.9902754,1770594520000,0.0
synthetic-traffic-05-00,261,14.5603886,120.9902221,1770594522000,0.0
synthetic-traffic-05-00,262,14.5603753,120.9901689,1770594524000,0.0
synthetic-traffic-05-00,263,14.5603621,120.9901156,1770594526000,0.0
synthetic-traffic-05-00,264,14.5603488,120.9900623,1770594528000,0.0
synthetic-traffic-05-00,265,14.5603356,120.9900091,1770594530000,0.0
synthetic-traffic-05-00,266,14.5603224,120.9899558,1770594532000,0.0
synthetic-traffic-05-00,267,14.5603091,120.9899026,1770594534000,0.0
synthetic-traffic-05-00,268,14.5602959,120.9898493,1770594536000,0.0
synthetic-traffic-05-00,269,14.5602826,120.989796,1770594538000,0.0
synthetic-traffic-05-00,270,14.5602694,120.9897428,1770594540000,0.0
synthetic-traffic-05-00,271,14.5602562,120.9896895,1770594542000,0.0
synthetic-traffic-05-00,272,14.5602429,120.9896363,1770594544000,0.0
synthetic-traffic-05-00,273,14.5602297,120.989583,1770594546000,0.0
synthetic-traffic-05-00,274,14.5602164,120.9895297,1770594548000,0.0
synthetic-traffic-05-00,275,14.5602032,120.9894765,1770594550000,0.0
synthetic-traffic-05-00,276,14.5601898,120.9894233,1770594552000,0.0
synthetic-traffic-05-00,277,14.5601759,120.9893702,1770594554000,0.0
synthetic-traffic-05-00,278,14.5601599,120.9893178,1770594556000,0.0
synthetic-traffic-05-00,279,14.560144,120.9892653,1770594558000,0.0
synthetic-traffic-05-00,280,14.5601308,120.989212,1770594560000,0.0
synthetic-traffic-05-00,281,14.5601176,120.9891588,1770594562000,0.0
synthetic-traffic-05-00,282,14.5601043,120.9891055,1770594564000,0.0
synthetic-traffic-05-00,283,14.5600911,120.9890522,1770594566000,0.0
synthetic-traffic-05-00,284,14.5600778,120.988999,1770594568000,0.0
synthetic-traffic-05-00,285,14.5600646,120.9889457,1770594570000,0.0
synthetic-traffic-05-00,286,14.5600513,120.9888925,1770594572000,0.0
synthetic-traffic-05-00,287,14.5600374,120.9888394,1770594574000,0.0
synthetic-traffic-05-00,288,14.5600236,120.9887863,1770594576000,0.0
synthetic-traffic-05-00,289,14.5600097,120.9887332,1770594578000,0.0
synthetic-traffic-05-00,290,14.5599959,120.9886801,1770594580000,0.0
synthetic-traffic-05-00,291,14.559982,120.988627,1770594582000,0.0
synthetic-traffic-05-00,292,14.5599682,120.9885739,1770594584000,0.0
synthetic-traffic-05-00,293,14.5599543,120.9885208,1770594586000,0.0
synthetic-traffic-05-00,294,14.5599405,120.9884677,1770594588000,0.0
synthetic-traffic-05-00,295,14.5599266,120.9884145,1770594590000,0.0
synthetic-traffic-05-00,296,14.5599128,120.9883614,1770594592000,0.0
synthetic-traffic-05-00,297,14.5598989,120.9883083,1770594594000,0.0
synthetic-traffic-05-00,298,14.559885,120.9882552,1770594596000,0.0
synthetic-traffic-05-00,299,14.5598712,120.9882021,1770594598000,0.0
synthetic-traffic-05-00,300,14.5598573,120.988149,1770594600000,0.0
synthetic-traffic-05-00,301,14.5598434,120.9880959,1770594602000,0.0
synthetic-traffic-05-00,302,14.5598296,120.9880428,1770594604000,0.0
synthetic-traffic-05-00,303,14.5598157,120.9879897,1770594606000,0.0
synthetic-traffic-05-00,304,14.5598019,120.9879366,1770594608000,0.0
synthetic-traffic-05-00,305,14.559788,120.9878835,1770594610000,0.0
synthetic-traffic-05-00,306,14.5597741,120.9878304,1770594612000,0.0
synthetic-traffic-05-00,307,14.5597603,120.9877773,1770594614000,0.0
synthetic-traffic-05-00,308,14.5597464,120.9877242,1770594616000,0.0
synthetic-traffic-05-00,309,14.5597326,120.9876711,1770594618000,0.0
synthetic-traffic-05-00,310,14.5597187,120.987618,1770594620000,0.0
synthetic-traffic-05-00,311,14.5597048,120.9875649,1770594622000,0.0
synthetic-traffic-05-00,312,14.5596918,120.9875116,1770594624000,0.0
synthetic-traffic-05-00,313,14.5596793,120.9874582,1770594626000,0.0
synthetic-traffic-05-00,314,14.5596671,120.9874047,1770594628000,0.0
synthetic-traffic-05-00,315,14.5596511,120.9873522,1770594630000,0.0
synthetic-traffic-05-00,316,14.5596348,120.9872998,1770594632000,0.0
synthetic-traffic-05-00,317,14.5596185,120.9872474,1770594634000,0.0
synthetic-traffic-05-00,318,14.5596021,120.987195,1770594636000,0.0
synthetic-traffic-05-00,319,14.5596104,120.9872214,1770594638000,0.0
synthetic-traffic-05-00,320,14.5596267,120.9872738,1770594640000,0.0
synthetic-traffic-05-00,321,14.559643,120.9873262,1770594642000,0.0
synthetic-traffic-05-00,322,14.5596593,120.9873786,1770594644000,0.0
synthetic-traffic-05-00,323,14.5596362,120.9874111,1770594646000,0.0
synthetic-traffic-05-00,324,14.5595844,120.9874293,1770594648000,0.0
synthetic-traffic-05-00,325,14.5595326,120.9874475,1770594650000,0.0
synthetic-traffic-05-00,326,14.5594808,120.9874656,1770594652000,0.0
synthetic-traffic-05-00,327,14.559429,120.9874838,1770594654000,0.0
synthetic-traffic-05-00,328,14.5593773,120.987502,1770594656000,0.0
synthetic-traffic-05-00,329,14.5593255,120.9875202,1770594658000,0.0
synthetic-traffic-05-00,330,14.5592737,120.9875383,1770594660000,0.0
synthetic-traffic-05-00,331,14.5592219,120.9875565,1770594662000,0.0
synthetic-traffic-05-00,332,14.5591701,120.9875747,1770594664000,0.0
synthetic-traffic-05-00,333,14.5591183,120.9875928,1770594666000,0.0
synthetic-traffic-05-00,334,14.5590666,120.987611,1770594668000,0.0
synthetic-traffic-05-00,335,14.5590148,120.9876292,1770594670000,0.0
synthetic-traffic-05-00,336,14.558963,120.9876474,1770594672000,0.0
synthetic-traffic-05-00,337,14.5589168,120.9876526,1770594674000,0.0
synthetic-traffic-05-00,338,14.5588946,120.9876024,1770594676000,0.0
synthetic-traffic-05-00,339,14.5588849,120.9875806,1770594678000,0.0
synthetic-traffic-05-00,340,14.5589071,120.9876308,1770594680000,0.0
synthetic-traffic-05-00,341,14.5589015,120.9876686,1770594682000,0.0
synthetic-traffic-05-00,342,14.5588494,120.9876861,1770594684000,0.0
synthetic-traffic-05-00,343,14.5587974,120.9877035,1770594686000,0.0
synthetic-traffic-05-00,344,14.5587453,120.9877209,1770594688000,0.0
synthetic-traffic-05-00,345,14.5586933,120.9877383,1770594690000,0.0
synthetic-traffic-05-00,346,14.5586413,120.9877558,1770594692000,0.0
synthetic-traffic-05-00,347,14.5585892,120.9877732,1770594694000,0.0
synthetic-traffic-05-00,348,14.5585372,120.9877906,1770594696000,0.0
synthetic-traffic-05-00,349,14.5584851,120.9878081,1770594698000,0.0
synthetic-traffic-05-00,350,14.5584331,120.9878255,1770594700000,0.0
synthetic-traffic-05-00,351,14.5583811,120.9878429,1770594702000,0.0
synthetic-traffic-05-00,352,14.558329,120.9878603,1770594704000,0.0
synthetic-traffic-05-00,353,14.558277,120.9878778,1770594706000,0.0
synthetic-traffic-05-00,354,14.5582754,120.9878385,1770594708000,0.0
synthetic-traffic-05-00,355,14.5582866,120.9877848,1770594710000,0.0
synthetic-traffic-05-00,356,14.5582979,120.9877311,1770594712000,0.0
synthetic-traffic-05-00,357,14.5583091,120.9876773,1770594714000,0.0
synthetic-traffic-05-00,358,14.5583106,120.9876703,1770594716000,0.0
synthetic-traffic-05-00,359,14.5582993,120.987724,1770594718000,0.0
synthetic-traffic-05-00,360,14.5582881,120.9877777,1770594720000,0.0
synthetic-traffic-05-00,361,14.5582768,120.9878314,1770594722000,0.0
synthetic-traffic-05-00,362,14.5582626,120.9878825,1770594724000,0.0
synthetic-traffic-05-00,363,14.5582103,120.9878989,1770594726000,0.0
synthetic-traffic-05-00,364,14.5581579,120.9879154,1770594728000,0.0
synthetic-traffic-05-00,365,14.5581056,120.9879318,1770594730000,0.0
synthetic-traffic-05-00,366,14.5580532,120.9879483,1770594732000,0.0
synthetic-traffic-05-00,367,14.5580009,120.9879648,1770594734000,0.0
synthetic-traffic-05-00,368,14.5579485,120.9879812,1770594736000,0.0
synthetic-traffic-05-00,369,14.5578962,120.9879977,1770594738000,0.0
synthetic-traffic-05-00,370,14.5578438,120.9880141,1770594740000,0.0
synthetic-traffic-05-00,371,14.5577914,120.9880306,1770594742000,0.0
synthetic-traffic-05-00,372,14.5577391,120.988047,1770594744000,0.0
synthetic-traffic-05-00,373,14.5576867,120.9880635,1770594746000,0.0
synthetic-traffic-05-00,374,14.5576344,120.9880799,1770594748000,0.0
synthetic-traffic-05-00,375,14.557582,120.9880964,1770594750000,0.0
synthetic-traffic-05-00,376,14.5575297,120.9881128,1770594752000,0.0
synthetic-traffic-05-00,377,14.5574773,120.9881293,1770594754000,0.0
synthetic-traffic-05-00,378,14.5574249,120.9881457,1770594756000,0.0
synthetic-traffic-05-00,379,14.5573726,120.9881621,1770594758000,0.0
synthetic-traffic-05-00,380,14.5573202,120.9881785,1770594760000,0.0
synthetic-traffic-05-00,381,14.5572678,120.9881949,1770594762000,0.0
synthetic-traffic-05-00,382,14.5572154,120.9882113,1770594764000,0.0
synthetic-traffic-05-00,383,14.5571631,120.9882277,1770594766000,0.0
synthetic-traffic-05-00,384,14.5571107,120.9882441,1770594768000,0.0
synthetic-traffic-05-00,385,14.5570583,120.9882605,1770594770000,0.0
synthetic-traffic-05-00,386,14.557006,120.9882769,1770594772000,0.0
synthetic-traffic-05-00,387,14.5569536,120.9882933,1770594774000,0.0
synthetic-traffic-05-00,388,14.5569015,120.9883106,1770594776000,0.0
synthetic-traffic-05-00,389,14.5568496,120.9883285,1770594778000,0.0
synthetic-traffic-05-00,390,14.5567978,120.9883465,1770594780000,0.0
synthetic-traffic-05-00,391,14.5567459,120.9883645,1770594782000,0.0
synthetic-traffic-05-00,392,14.5566941,120.9883824,1770594784000,0.0
synthetic-traffic-05-00,393,14.5566422,120.9884004,1770594786000,0.0
synthetic-traffic-05-00,394,14.5565902,120.9884181,1770594788000,0.0
synthetic-traffic-05-00,395,14.5565382,120.9884354,1770594790000,0.0
synthetic-traffic-05-00,396,14.5564861,120.9884528,1770594792000,0.0
synthetic-traffic-05-00,397,14.556434,120.9884701,1770594794000,0.0
synthetic-traffic-05-00,398,14.556382,120.9884875,1770594796000,0.0
synthetic-traffic-05-00,399,14.5563299,120.9885048,1770594798000,0.0
synthetic-traffic-05-00,400,14.5563046,120.9884676,1770594800000,0.0
synthetic-traffic-05-00,401,14.5562866,120.9884158,1770594802000,0.0
synthetic-traffic-05-00,402,14.5563017,120.9884593,1770594804000,0.0
synthetic-traffic-05-00,403,14.5563163,120.9885093,1770594806000,0.0
synthetic-traffic-05-00,404,14.5562641,120.9885262,1770594808000,0.0
synthetic-traffic-05-00,405,14.5562118,120.9885431,1770594810000,0.0
synthetic-traffic-05-00,406,14.5561596,120.98856,1770594812000,0.0
synthetic-traffic-05-00,407,14.5561074,120.9885769,1770594814000,0.0
synthetic-traffic-05-00,408,14.5560552,120.9885938,1770594816000,0.0
synthetic-traffic-05-00,409,14.556003,120.9886107,1770594818000,0.0
synthetic-traffic-05-00,410,14.5559508,120.9886276,1770594820000,0.0
synthetic-traffic-05-00,411,14.5558985,120.9886445,1770594822000,0.0
synthetic-traffic-05-00,412,14.5558463,120.9886614,1770594824000,0.0
synthetic-traffic-05-00,413,14.5557941,120.9886783,1770594826000,0.0
synthetic-traffic-05-00,414,14.5557419,120.9886952,1770594828000,0.0
synthetic-traffic-05-00,415,14.5556897,120.9887121,1770594830000,0.0
synthetic-traffic-05-00,416,14.5556375,120.988729,1770594832000,0.0
synthetic-traffic-05-00,417,14.5555853,120.9887459,1770594834000,0.0
synthetic-traffic-05-00,418,14.555533,120.9887628,1770594836000,0.0
synthetic-traffic-05-00,419,14.5554808,120.9887797,1770594838000,0.0
synthetic-traffic-05-00,420,14.5554286,120.9887965,1770594840000,0.0
synthetic-traffic-05-00,421,14.5553763,120.9888133,1770594842000,0.0
synthetic-traffic-05-00,422,14.5553241,120.9888301,1770594844000,0.0
synthetic-traffic-05-00,423,14.5552718,120.9888469,1770594846000,0.0
synthetic-traffic-05-00,424,14.5552196,120.9888637,1770594848000,0.0
synthetic-traffic-05-00,425,14.5551673,120.9888805,1770594850000,0.0
synthetic-traffic-05-00,426,14.5551151,120.9888973,1770594852000,0.0
synthetic-traffic-05-00,427,14.5550629,120.9889143,1770594854000,0.0
synthetic-traffic-05-00,428,14.5550108,120.9889314,1770594856000,0.0
synthetic-traffic-05-00,429,14.5549586,120.9889484,1770594858000,0.0
synthetic-traffic-05-00,430,14.5549064,120.9889655,1770594860000,0.0
synthetic-traffic-05-00,431,14.5548543,120.9889825,1770594862000,0.0
synthetic-traffic-05-00,432,14.554816,120.9889543,1770594864000,0.0
synthetic-traffic-05-00,433,14.5547823,120.988911,1770594866000,0.0
synthetic-traffic-05-00,434,14.5547486,120.9888676,1770594868000,0.0
synthetic-traffic-05-01,0,14.5633467,120.9988721,1770594000000,0.0
synthetic-traffic-05-01,1,14.5633248,120.9988213,1770594002000,0.0
synthetic-traffic-05-01,2,14.5633029,120.9987706,1770594004000,0.0
synthetic-traffic-05-01,3,14.563281,120.9987198,1770594006000,0.0
synthetic-traffic-05-01,4,14.5632591,120.998669,1770594008000,0.0
synthetic-traffic-05-01,5,14.5632372,120.9986183,1770594010000,0.0
synthetic-traffic-05-01,6,14.5632153,120.9985675,1770594012000,0.0
synthetic-traffic-05-01,7,14.5631934,120.9985167,1770594014000,0.0
synthetic-traffic-05-01,8,14.5632111,120.9985579,1770594016000,0.0
synthetic-traffic-05-01,9,14.563233,120.9986086,1770594018000,0.0
synthetic-traffic-05-01,10,14.5632549,120.9986594,1770594020000,0.0
synthetic-traffic-05-01,11,14.5632768,120.9987102,1770594022000,0.0
synthetic-traffic-05-01,12,14.5632987,120.9987609,1770594024000,0.0
synthetic-traffic-05-01,13,14.5633206,120.9988117,1770594026000,0.0
synthetic-traffic-05-01,14,14.5633425,120.9988625,1770594028000,0.0
synthetic-traffic-05-01,15,14.563367,120.998912,1770594030000,0.0
synthetic-traffic-05-01,16,14.5633921,120.9989613,1770594032000,0.0
synthetic-traffic-05-01,17,14.5634171,120.9990106,1770594034000,0.0
synthetic-traffic-05-01,18,14.5634422,120.9990599,1770594036000,0.0
synthetic-traffic-05-01,19,14.5634673,120.9991092,1770594038000,0.0
synthetic-traffic-05-01,20,14.5634923,120.9991585,1770594040000,0.0
synthetic-traffic-05-01,21,14.5635174,120.9992078,1770594042000,0.0
synthetic-traffic-05-01,22,14.5635424,120.999257,1770594044000,0.0
synthetic-traffic-05-01,23,14.5635675,120.9993063,1770594046000,0.0
synthetic-traffic-05-01,24,14.5635925,120.9993556,1770594048000,0.0
synthetic-traffic-05-01,25,14.5636176,120.9994049,1770594050000,0.0
synthetic-traffic-05-01,26,14.5636426,120.9994542,1770594052000,0.0
synthetic-traffic-05-01,27,14.5636677,120.9995035,1770594054000,0.0
synthetic-traffic-05-01,28,14.5636927,120.9995528,1770594056000,0.0
synthetic-traffic-05-01,29,14.5637178,120.9996021,1770594058000,0.0
synthetic-traffic-05-01,30,14.5637429,120.9996514,1770594060000,0.0
synthetic-traffic-05-01,31,14.5637679,120.9997007,1770594062000,0.0
synthetic-traffic-05-01,32,14.563793,120.99975,1770594064000,0.0
synthetic-traffic-05-01,33,14.563818,120.9997992,1770594066000,0.0
synthetic-traffic-05-01,34,14.5638431,120.9998485,1770594068000,0.0
synthetic-traffic-05-01,35,14.5638681,120.9998978,1770594070000,0.0
synthetic-traffic-05-01,36,14.5638932,120.9999471,1770594072000,0.0
synthetic-traffic-05-01,37,14.5639182,120.9999964,1770594074000,0.0
synthetic-traffic-05-01,38,14.5639433,121.0000457,1770594076000,0.0
synthetic-traffic-05-01,39,14.5639683,121.000095,1770594078000,0.0
synthetic-traffic-05-01,40,14.5639934,121.0001443,1770594080000,0.0
synthetic-traffic-05-01,41,14.5640184,121.0001936,1770594082000,0.0
synthetic-traffic-05-01,42,14.5640435,121.0002429,1770594084000,0.0
synthetic-traffic-05-01,43,14.5640685,121.0002922,1770594086000,0.0
synthetic-traffic-05-01,44,14.5640936,121.0003415,1770594088000,0.0
synthetic-traffic-05-01,45,14.5641187,121.0003907,1770594090000,0.0
synthetic-traffic-05-01,46,14.5641437,121.00044,1770594092000,0.0
synthetic-traffic-05-01,47,14.5641688,121.0004893,1770594094000,0.0
synthetic-traffic-05-01,48,14.5641938,121.0005386,1770594096000,0.0
synthetic-traffic-05-01,49,14.5642189,121.0005879,1770594098000,0.0
synthetic-traffic-05-01,50,14.5642439,121.0006372,1770594100000,0.0
synthetic-traffic-05-01,51,14.564269,121.0006865,1770594102000,0.0
synthetic-traffic-05-01,52,14.5642822,121.0007321,1770594104000,0.0
synthetic-traffic-05-01,53,14.5642334,121.000758,1770594106000,0.0
synthetic-traffic-05-01,54,14.5641846,121.000784,1770594108000,0.0
synthetic-traffic-05-01,55,14.5641357,121.0008099,1770594110000,0.0
synthetic-traffic-05-01,56,14.5640869,121.0008359,1770594112000,0.0
synthetic-traffic-05-01,57,14.5640381,121.0008619,1770594114000,0.0
synthetic-traffic-05-01,58,14.5639893,121.0008878,1770594116000,0.0
synthetic-traffic-05-01,59,14.5639405,121.0009138,1770594118000,0.0
synthetic-traffic-05-01,60,14.5638916,121.0009398,1770594120000,0.0
synthetic-traffic-05-01,61,14.5638428,121.0009657,1770594122000,0.0
synthetic-traffic-05-01,62,14.5638786,121.0010035,1770594124000,0.0
synthetic-traffic-05-01,63,14.5639185,121.0010418,1770594126000,0.0
synthetic-traffic-05-01,64,14.5639584,121.0010801,1770594128000,0.0
synthetic-traffic-05-01,65,14.5639982,121.0011184,1770594130000,0.0
synthetic-traffic-05-01,66,14.5640381,121.0011568,1770594132000,0.0
synthetic-traffic-05-01,67,14.5640779,121.0011951,1770594134000,0.0
synthetic-traffic-05-01,68,14.5641178,121.0012334,1770594136000,0.0
synthetic-traffic-06-00,0,14.5643695,120.9943615,1771210200000,0.0
synthetic-traffic-06-00,1,14.5642528,120.9943351,1771210202000,0.0
synthetic-traffic-06-00,2,14.5640969,120.9944073,1771210204000,0.0
synthetic-traffic-06-00,3,14.5639412,120.9944797,1771210206000,0.0
synthetic-traffic-06-00,4,14.5637869,120.9945552,1771210208000,0.0
synthetic-traffic-06-00,5,14.5636336,120.9946327,1771210210000,0.0
synthetic-traffic-06-00,6,14.563479,120.9947073,1771210212000,0.0
synthetic-traffic-06-00,7,14.5633233,120.9947799,1771210214000,0.0
synthetic-traffic-06-00,8,14.5631672,120.9948517,1771210216000,0.0
synthetic-traffic-06-00,9,14.5630118,120.9949249,1771210218000,0.0
synthetic-traffic-06-00,10,14.5628564,120.994998,1771210220000,0.0
synthetic-traffic-06-00,11,14.562701,120.9950711,1771210222000,0.0
synthetic-traffic-06-00,12,14.5625989,120.9951651,1771210224000,0.0
synthetic-traffic-06-00,13,14.5626002,120.9951391,1771210226000,0.0
synthetic-traffic-06-00,14,14.5624803,120.995136,1771210228000,0.0
synthetic-traffic-06-00,15,14.5623168,120.9951884,1771210230000,0.0
synthetic-traffic-06-00,16,14.5621505,120.9952315,1771210232000,0.0
synthetic-traffic-06-00,17,14.5619843,120.9952746,1771210234000,0.0
synthetic-traffic-06-00,18,14.561818,120.9953177,1771210236000,0.0
synthetic-traffic-06-00,19,14.5616517,120.9953608,1771210238000,0.0
synthetic-traffic-06-00,20,14.5614854,120.9954038,1771210240000,0.0
synthetic-traffic-06-00,21,14.5613192,120.9954469,1771210242000,0.0
synthetic-traffic-06-00,22,14.5611529,120.99549,1771210244000,0.0
synthetic-traffic-06-00,23,14.5609871,120.9955334,1771210246000,0.0
synthetic-traffic-06-00,24,14.5608976,120.9955536,1771210248000,0.0
synthetic-traffic-06-00,25,14.5607301,120.9955918,1771210250000,0.0
synthetic-traffic-06-00,26,14.5605625,120.9956291,1771210252000,0.0
synthetic-traffic-06-00,27,14.5603948,120.9956664,1771210254000,0.0
synthetic-traffic-06-00,28,14.5602271,120.9957038,1771210256000,0.0
synthetic-traffic-06-00,29,14.560175,120.9956775,1771210258000,0.0
synthetic-traffic-06-00,30,14.5601486,120.9955078,1771210260000,0.0
synthetic-traffic-06-00,31,14.5601222,120.995338,1771210262000,0.0
synthetic-traffic-06-00,32,14.5600959,120.9951683,1771210264000,0.0
synthetic-traffic-06-00,33,14.5600699,120.9949985,1771210266000,0.0
synthetic-traffic-06-00,34,14.5600426,120.9948289,1771210268000,0.0
synthetic-traffic-06-00,35,14.5600131,120.9946597,1771210270000,0.0
synthetic-traffic-06-00,36,14.559984,120.9944904,1771210272000,0.0
synthetic-traffic-06-00,37,14.5599557,120.994321,1771210274000,0.0
synthetic-traffic-06-00,38,14.5599275,120.9941516,1771210276000,0.0
synthetic-traffic-06-00,39,14.5598992,120.9939822,1771210278000,0.0
synthetic-traffic-06-00,40,14.5598709,120.9938127,1771210280000,0.0
synthetic-traffic-06-00,41,14.5598427,120.9936433,1771210282000,0.0
synthetic-traffic-06-00,42,14.5598144,120.9934739,1771210284000,0.0
synthetic-traffic-06-00,43,14.5597861,120.9933045,1771210286000,0.0
synthetic-traffic-06-00,44,14.5597579,120.993135,1771210288000,0.0
synthetic-traffic-06-00,45,14.5597296,120.9929656,1771210290000,0.0
synthetic-traffic-06-01,0,14.570849,120.9935069,1771210200000,0.0
synthetic-traffic-06-01,1,14.5708248,120.993443,1771210202000,0.0
synthetic-traffic-06-01,2,14.5708005,120.993379,1771210204000,0.0
synthetic-traffic-06-01,3,14.5707763,120.9933151,1771210206000,0.0
synthetic-traffic-06-01,4,14.5707521,120.9932511,1771210208000,0.0
synthetic-traffic-06-01,5,14.5707279,120.9931872,1771210210000,0.0
synthetic-traffic-06-01,6,14.5707036,120.9931233,1771210212000,0.0
synthetic-traffic-06-01,7,14.5706794,120.9930593,1771210214000,0.0
synthetic-traffic-06-01,8,14.5706552,120.9929954,1771210216000,0.0
synthetic-traffic-06-01,9,14.5706309,120.9929315,1771210218000,0.0
synthetic-traffic-06-01,10,14.5706067,120.9928675,1771210220000,0.0
synthetic-traffic-06-01,11,14.5705825,120.9928036,1771210222000,0.0
synthetic-traffic-06-01,12,14.5705583,120.9927396,1771210224000,0.0
synthetic-traffic-06-01,13,14.570534,120.9926757,1771210226000,0.0
synthetic-traffic-06-01,14,14.5705098,120.9926117,1771210228000,0.0
synthetic-traffic-06-01,15,14.5704856,120.9925478,1771210230000,0.0
synthetic-traffic-06-01,16,14.5704614,120.9924838,1771210232000,0.0
synthetic-traffic-06-01,17,14.5705125,120.9924479,1771210234000,0.0
synthetic-traffic-06-01,18,14.5705725,120.9924152,1771210236000,0.0
synthetic-traffic-06-01,19,14.5706326,120.9923826,1771210238000,0.0
synthetic-traffic-06-01,20,14.5706927,120.99235,1771210240000,0.0
synthetic-traffic-06-01,21,14.5707528,120.9923174,1771210242000,0.0
synthetic-traffic-06-01,22,14.5708129,120.9922847,1771210244000,0.0
synthetic-traffic-06-01,23,14.570873,120.9922521,1771210246000,0.0
synthetic-traffic-06-01,24,14.5709331,120.9922195,1771210248000,0.0
synthetic-traffic-06-01,25,14.5709931,120.9921867,1771210250000,0.0
synthetic-traffic-06-01,26,14.5710529,120.9921535,1771210252000,0.0
synthetic-traffic-06-01,27,14.5710874,120.9921182,1771210254000,0.0
synthetic-traffic-06-01,28,14.5710339,120.9920755,1771210256000,0.0
synthetic-traffic-06-01,29,14.5709803,120.9920331,1771210258000,0.0
synthetic-traffic-06-01,30,14.5709262,120.9919913,1771210260000,0.0
synthetic-traffic-06-01,31,14.5708724,120.9919491,1771210262000,0.0
synthetic-traffic-06-01,32,14.5708193,120.991906,1771210264000,0.0
synthetic-traffic-06-01,33,14.5707662,120.9918629,1771210266000,0.0
synthetic-traffic-06-01,34,14.5707132,120.9918198,1771210268000,0.0
synthetic-traffic-06-01,35,14.5706555,120.9917838,1771210270000,0.0
synthetic-traffic-06-01,36,14.5705943,120.9917533,1771210272000,0.0
synthetic-traffic-06-01,37,14.5705331,120.9917229,1771210274000,0.0
synthetic-traffic-06-01,38,14.5704718,120.9916925,1771210276000,0.0
synthetic-traffic-06-01,39,14.5704117,120.9916611,1771210278000,0.0
synthetic-traffic-06-01,40,14.5703905,120.9915961,1771210280000,0.0
synthetic-traffic-06-01,41,14.5704003,120.9915437,1771210282000,0.0
synthetic-traffic-06-01,42,14.5704608,120.9915119,1771210284000,0.0
synthetic-traffic-06-01,43,14.5705213,120.99148,1771210286000,0.0
synthetic-traffic-06-01,44,14.5705818,120.9914482,1771210288000,0.0
synthetic-traffic-06-01,45,14.5706423,120.9914163,1771210290000,0.0
synthetic-traffic-06-02,0,14.5643695,120.9943615,1771210200000,0.0
synthetic-traffic-06-02,1,14.5644197,120.9944202,1771210202000,0.0
synthetic-traffic-06-02,2,14.5645084,120.9943787,1771210204000,0.0
synthetic-traffic-06-02,3,14.5645966,120.9943361,1771210206000,0.0
synthetic-traffic-06-02,4,14.5646848,120.9942935,1771210208000,0.0
synthetic-traffic-06-02,5,14.5647729,120.9942509,1771210210000,0.0
synthetic-traffic-06-02,6,14.5648611,120.9942083,1771210212000,0.0
synthetic-traffic-06-02,7,14.5649493,120.9941658,1771210214000,0.0
synthetic-traffic-06-02,8,14.5650375,120.9941232,1771210216000,0.0
synthetic-traffic-06-02,9,14.5651257,120.9940806,1771210218000,0.0
synthetic-traffic-06-02,10,14.565215,120.9940405,1771210220000,0.0
synthetic-traffic-06-02,11,14.5653044,120.9940005,1771210222000,0.0
synthetic-traffic-06-02,12,14.5653459,120.9939453,1771210224000,0.0
synthetic-traffic-06-02,13,14.5653537,120.9939591,1771210226000,0.0
synthetic-traffic-06-02,14,14.5654358,120.9939438,1771210228000,0.0
synthetic-traffic-06-02,15,14.5655258,120.9939051,1771210230000,0.0
synthetic-traffic-06-02,16,14.5656144,120.9938633,1771210232000,0.0
synthetic-traffic-06-02,17,14.5657026,120.9938209,1771210234000,0.0
synthetic-traffic-06-02,18,14.5657796,120.99381,1771210236000,0.0
synthetic-traffic-06-02,19,14.5658191,120.9938996,1771210238000,0.0
synthetic-traffic-06-02,20,14.5658582,120.9939894,1771210240000,0.0
synthetic-traffic-06-02,21,14.5658973,120.9940792,1771210242000,0.0
synthetic-traffic-06-02,22,14.5659364,120.994169,1771210244000,0.0
synthetic-traffic-06-02,23,14.5659754,120.9942588,1771210246000,0.0
synthetic-traffic-06-02,24,14.5660145,120.9943486,1771210248000,0.0
synthetic-traffic-06-02,25,14.5660536,120.9944384,1771210250000,0.0
synthetic-traffic-06-02,26,14.5660927,120.9945282,1771210252000,0.0
synthetic-traffic-06-02,27,14.5661727,120.9945095,1771210254000,0.0
synthetic-traffic-06-02,28,14.5662614,120.994468,1771210256000,0.0
synthetic-traffic-06-02,29,14.5663499,120.9944259,1771210258000,0.0
synthetic-traffic-06-02,30,14.5664382,120.9943835,1771210260000,0.0
synthetic-traffic-06-02,31,14.5665264,120.9943411,1771210262000,0.0
synthetic-traffic-06-02,32,14.5666146,120.9942986,1771210264000,0.0
synthetic-traffic-06-02,33,14.5667028,120.994256,1771210266000,0.0
synthetic-traffic-06-02,34,14.5667911,120.9942135,1771210268000,0.0
synthetic-traffic-06-02,35,14.5668794,120.9941712,1771210270000,0.0
synthetic-traffic-06-02,36,14.5669678,120.9941292,1771210272000,0.0
synthetic-traffic-06-02,37,14.5670563,120.9940872,1771210274000,0.0
synthetic-traffic-06-02,38,14.5671448,120.9940452,1771210276000,0.0
synthetic-traffic-06-02,39,14.5672332,120.9940032,1771210278000,0.0
synthetic-traffic-06-02,40,14.5673221,120.993962,1771210280000,0.0
synthetic-traffic-06-02,41,14.5674111,120.9939212,1771210282000,0.0
synthetic-traffic-06-02,42,14.5675001,120.9938803,1771210284000,0.0
synthetic-traffic-06-02,43,14.5675891,120.9938394,1771210286000,0.0
synthetic-traffic-06-02,44,14.5676781,120.9937986,1771210288000,0.0
synthetic-traffic-06-02,45,14.5677671,120.9937577,1771210290000,0.0
synthetic-traffic-06-03,0,14.5587681,120.996085,1771210200000,0.0
synthetic-traffic-06-03,1,14.5588512,120.996111,1771210202000,0.0
synthetic-traffic-06-03,2,14.5589689,120.9960838,1771210204000,0.0
synthetic-traffic-06-03,3,14.5590865,120.9960567,1771210206000,0.0
synthetic-traffic-06-03,4,14.5592041,120.9960296,1771210208000,0.0
synthetic-traffic-06-03,5,14.5593218,120.9960025,1771210210000,0.0
synthetic-traffic-06-03,6,14.5594394,120.9959754,1771210212000,0.0
synthetic-traffic-06-03,7,14.559557,120.9959483,1771210214000,0.0
synthetic-traffic-06-03,8,14.5596746,120.995921,1771210216000,0.0
synthetic-traffic-06-03,9,14.5597922,120.9958937,1771210218000,0.0
synthetic-traffic-06-03,10,14.5599098,120.9958664,1771210220000,0.0
synthetic-traffic-06-03,11,14.5600274,120.9958391,1771210222000,0.0
synthetic-traffic-06-03,12,14.560145,120.9958119,1771210224000,0.0
synthetic-traffic-06-03,13,14.5601856,120.9957361,1771210226000,0.0
synthetic-traffic-06-03,14,14.5601656,120.995617,1771210228000,0.0
synthetic-traffic-06-03,15,14.5601471,120.9954978,1771210230000,0.0
synthetic-traffic-06-03,16,14.5601285,120.9953785,1771210232000,0.0
synthetic-traffic-06-03,17,14.56011,120.9952592,1771210234000,0.0
synthetic-traffic-06-03,18,14.5600915,120.9951399,1771210236000,0.0
synthetic-traffic-06-03,19,14.5600733,120.9950206,1771210238000,0.0
synthetic-traffic-06-03,20,14.560055,120.9949012,1771210240000,0.0
synthetic-traffic-06-03,21,14.5600345,120.9947823,1771210242000,0.0
synthetic-traffic-06-03,22,14.5600137,120.9946634,1771210244000,0.0
synthetic-traffic-06-03,23,14.5599931,120.9945444,1771210246000,0.0
synthetic-traffic-06-03,24,14.5600959,120.994499,1771210248000,0.0
synthetic-traffic-06-03,25,14.5602102,120.9944601,1771210250000,0.0
synthetic-traffic-06-03,26,14.5603163,120.9944025,1771210252000,0.0
synthetic-traffic-06-03,27,14.5604223,120.9943449,1771210254000,0.0
synthetic-traffic-06-03,28,14.5605284,120.9942872,1771210256000,0.0
synthetic-traffic-06-03,29,14.5606345,120.9942296,1771210258000,0.0
synthetic-traffic-06-03,30,14.5607405,120.9941719,1771210260000,0.0
synthetic-traffic-06-03,31,14.5608466,120.9941143,1771210262000,0.0
synthetic-traffic-06-03,32,14.5609524,120.9940562,1771210264000,0.0
synthetic-traffic-06-03,33,14.5610579,120.9939974,1771210266000,0.0
synthetic-traffic-06-03,34,14.5611616,120.9939357,1771210268000,0.0
synthetic-traffic-06-03,35,14.5612254,120.9938469,1771210270000,0.0
synthetic-traffic-06-03,36,14.5612184,120.9938952,1771210272000,0.0
synthetic-traffic-06-03,37,14.5612719,120.9940021,1771210274000,0.0
synthetic-traffic-06-03,38,14.5613312,120.9941072,1771210276000,0.0
synthetic-traffic-06-03,39,14.561407,120.9941998,1771210278000,0.0
synthetic-traffic-06-03,40,14.5614892,120.9941456,1771210280000,0.0
synthetic-traffic-06-03,41,14.5614876,120.9940559,1771210282000,0.0
synthetic-traffic-06-03,42,14.5614096,120.9939638,1771210284000,0.0
synthetic-traffic-06-03,43,14.561341,120.9938645,1771210286000,0.0
synthetic-traffic-06-03,44,14.5612841,120.9937582,1771210288000,0.0
synthetic-traffic-06-03,45,14.5612306,120.9938113,1771210290000,0.0
synthetic-traffic-06-04,0,14.5618298,120.9968042,1771210200000,0.0
synthetic-traffic-06-04,1,14.5617189,120.9968457,1771210202000,0.0
synthetic-traffic-06-04,2,14.561608,120.9968871,1771210204000,0.0
synthetic-traffic-06-04,3,14.5614971,120.9969286,1771210206000,0.0
synthetic-traffic-06-04,4,14.5613862,120.9969701,1771210208000,0.0
synthetic-traffic-06-04,5,14.5612753,120.9970115,1771210210000,0.0
synthetic-traffic-06-04,6,14.5611639,120.9970515,1771210212000,0.0
synthetic-traffic-06-04,7,14.5610525,120.9970917,1771210214000,0.0
synthetic-traffic-06-04,8,14.5609412,120.9971319,1771210216000,0.0
synthetic-traffic-06-04,9,14.5608298,120.9971722,1771210218000,0.0
synthetic-traffic-06-04,10,14.5607184,120.9972121,1771210220000,0.0
synthetic-traffic-06-04,11,14.5606068,120.9972517,1771210222000,0.0
synthetic-traffic-06-04,12,14.5604952,120.9972914,1771210224000,0.0
synthetic-traffic-06-04,13,14.5603841,120.9973322,1771210226000,0.0
synthetic-traffic-06-04,14,14.5602731,120.9973735,1771210228000,0.0
synthetic-traffic-06-04,15,14.5601617,120.9974136,1771210230000,0.0
synthetic-traffic-06-04,16,14.5600505,120.9974542,1771210232000,0.0
synthetic-traffic-06-04,17,14.5599393,120.9974948,1771210234000,0.0
synthetic-traffic-06-04,18,14.5598285,120.9975366,1771210236000,0.0
synthetic-traffic-06-04,19,14.5597187,120.9975809,1771210238000,0.0
synthetic-traffic-06-04,20,14.559609,120.9976253,1771210240000,0.0
synthetic-traffic-06-04,21,14.5594972,120.9976636,1771210242000,0.0
synthetic-traffic-06-04,22,14.5593825,120.997693,1771210244000,0.0
synthetic-traffic-06-04,23,14.5592678,120.9977224,1771210246000,0.0
synthetic-traffic-06-04,24,14.5591531,120.9977518,1771210248000,0.0
synthetic-traffic-06-04,25,14.5590384,120.9977812,1771210250000,0.0
synthetic-traffic-06-04,26,14.5589237,120.9978106,1771210252000,0.0
synthetic-traffic-06-04,27,14.5588091,120.99784,1771210254000,0.0
synthetic-traffic-06-04,28,14.5586944,120.9978695,1771210256000,0.0
synthetic-traffic-06-04,29,14.5585824,120.9979078,1771210258000,0.0
synthetic-traffic-06-04,30,14.5584706,120.9979469,1771210260000,0.0
synthetic-traffic-06-04,31,14.5583589,120.997986,1771210262000,0.0
synthetic-traffic-06-04,32,14.5582471,120.9980251,1771210264000,0.0
synthetic-traffic-06-04,33,14.5581354,120.9980642,1771210266000,0.0
synthetic-traffic-06-04,34,14.5580236,120.9981033,1771210268000,0.0
synthetic-traffic-06-04,35,14.5579119,120.9981424,1771210270000,0.0
synthetic-traffic-06-04,36,14.5578001,120.9981815,1771210272000,0.0
synthetic-traffic-06-04,37,14.5576866,120.9982151,1771210274000,0.0
synthetic-traffic-06-04,38,14.5575725,120.9982467,1771210276000,0.0
synthetic-traffic-06-04,39,14.5574584,120.9982783,1771210278000,0.0
synthetic-traffic-06-04,40,14.5573443,120.9983099,1771210280000,0.0
synthetic-traffic-06-04,41,14.5572302,120.9983415,1771210282000,0.0
synthetic-traffic-06-04,42,14.5571161,120.9983732,1771210284000,0.0
synthetic-traffic-06-04,43,14.557002,120.9984048,1771210286000,0.0
synthetic-traffic-06-04,44,14.5568879,120.9984364,1771210288000,0.0
synthetic-traffic-06-04,45,14.5567732,120.9984653,1771210290000,0.0
synthetic-traffic-07-00,0,14.5643695,120.9943615,1771815000000,0.0
synthetic-traffic-07-00,1,14.5642528,120.9943351,1771815002000,0.0
synthetic-traffic-07-00,2,14.5640969,120.9944073,1771815004000,0.0
synthetic-traffic-07-00,3,14.5639412,120.9944797,1771815006000,0.0
synthetic-traffic-07-00,4,14.5637869,120.9945552,1771815008000,0.0
synthetic-traffic-07-00,5,14.5636336,120.9946327,1771815010000,0.0
synthetic-traffic-07-00,6,14.563479,120.9947073,1771815012000,0.0
synthetic-traffic-07-00,7,14.5633233,120.9947799,1771815014000,0.0
synthetic-traffic-07-00,8,14.5631672,120.9948517,1771815016000,0.0
synthetic-traffic-07-00,9,14.5630118,120.9949249,1771815018000,0.0
synthetic-traffic-07-00,10,14.5628564,120.994998,1771815020000,0.0
synthetic-traffic-07-00,11,14.562701,120.9950711,1771815022000,0.0
synthetic-traffic-07-00,12,14.5625989,120.9951651,1771815024000,0.0
synthetic-traffic-07-00,13,14.5626002,120.9951391,1771815026000,0.0
synthetic-traffic-07-00,14,14.5624803,120.995136,1771815028000,0.0
synthetic-traffic-07-00,15,14.5623168,120.9951884,1771815030000,0.0
synthetic-traffic-07-00,16,14.5621505,120.9952315,1771815032000,0.0
synthetic-traffic-07-00,17,14.5619843,120.9952746,1771815034000,0.0
synthetic-traffic-07-00,18,14.561818,120.9953177,1771815036000,0.0
synthetic-traffic-07-00,19,14.5616517,120.9953608,1771815038000,0.0
synthetic-traffic-07-00,20,14.5614854,120.9954038,1771815040000,0.0
synthetic-traffic-07-00,21,14.5613192,120.9954469,1771815042000,0.0
synthetic-traffic-07-00,22,14.5611529,120.99549,1771815044000,0.0
synthetic-traffic-07-00,23,14.5609871,120.9955334,1771815046000,0.0
synthetic-traffic-07-00,24,14.5608976,120.9955536,1771815048000,0.0
synthetic-traffic-07-00,25,14.5607301,120.9955918,1771815050000,0.0
synthetic-traffic-07-00,26,14.5605625,120.9956291,1771815052000,0.0
synthetic-traffic-07-00,27,14.5603948,120.9956664,1771815054000,0.0
synthetic-traffic-07-00,28,14.5602271,120.9957038,1771815056000,0.0
synthetic-traffic-07-00,29,14.560175,120.9956775,1771815058000,0.0
synthetic-traffic-07-00,30,14.5601486,120.9955078,1771815060000,0.0
synthetic-traffic-07-00,31,14.5601222,120.995338,1771815062000,0.0
synthetic-traffic-07-00,32,14.5600959,120.9951683,1771815064000,0.0
synthetic-traffic-07-00,33,14.5600699,120.9949985,1771815066000,0.0
synthetic-traffic-07-00,34,14.5600426,120.9948289,1771815068000,0.0
synthetic-traffic-07-00,35,14.5600131,120.9946597,1771815070000,0.0
synthetic-traffic-07-00,36,14.559984,120.9944904,1771815072000,0.0
synthetic-traffic-07-00,37,14.5599557,120.994321,1771815074000,0.0
synthetic-traffic-07-00,38,14.5599275,120.9941516,1771815076000,0.0
synthetic-traffic-07-00,39,14.5598992,120.9939822,1771815078000,0.0
synthetic-traffic-07-00,40,14.5598709,120.9938127,1771815080000,0.0
synthetic-traffic-07-00,41,14.5598427,120.9936433,1771815082000,0.0
synthetic-traffic-07-00,42,14.5598144,120.9934739,1771815084000,0.0
synthetic-traffic-07-00,43,14.5597861,120.9933045,1771815086000,0.0
synthetic-traffic-07-00,44,14.5597579,120.993135,1771815088000,0.0
synthetic-traffic-07-00,45,14.5597296,120.9929656,1771815090000,0.0
synthetic-traffic-07-01,0,14.570849,120.9935069,1771815000000,0.0
synthetic-traffic-07-01,1,14.5708248,120.993443,1771815002000,0.0
synthetic-traffic-07-01,2,14.5708005,120.993379,1771815004000,0.0
synthetic-traffic-07-01,3,14.5707763,120.9933151,1771815006000,0.0
synthetic-traffic-07-01,4,14.5707521,120.9932511,1771815008000,0.0
synthetic-traffic-07-01,5,14.5707279,120.9931872,1771815010000,0.0
synthetic-traffic-07-01,6,14.5707036,120.9931233,1771815012000,0.0
synthetic-traffic-07-01,7,14.5706794,120.9930593,1771815014000,0.0
synthetic-traffic-07-01,8,14.5706552,120.9929954,1771815016000,0.0
synthetic-traffic-07-01,9,14.5706309,120.9929315,1771815018000,0.0
synthetic-traffic-07-01,10,14.5706067,120.9928675,1771815020000,0.0
synthetic-traffic-07-01,11,14.5705825,120.9928036,1771815022000,0.0
synthetic-traffic-07-01,12,14.5705583,120.9927396,1771815024000,0.0
synthetic-traffic-07-01,13,14.570534,120.9926757,1771815026000,0.0
synthetic-traffic-07-01,14,14.5705098,120.9926117,1771815028000,0.0
synthetic-traffic-07-01,15,14.5704856,120.9925478,1771815030000,0.0
synthetic-traffic-07-01,16,14.5704614,120.9924838,1771815032000,0.0
synthetic-traffic-07-01,17,14.5705125,120.9924479,1771815034000,0.0
synthetic-traffic-07-01,18,14.5705725,120.9924152,1771815036000,0.0
synthetic-traffic-07-01,19,14.5706326,120.9923826,1771815038000,0.0
synthetic-traffic-07-01,20,14.5706927,120.99235,1771815040000,0.0
synthetic-traffic-07-01,21,14.5707528,120.9923174,1771815042000,0.0
synthetic-traffic-07-01,22,14.5708129,120.9922847,1771815044000,0.0
synthetic-traffic-07-01,23,14.570873,120.9922521,1771815046000,0.0
synthetic-traffic-07-01,24,14.5709331,120.9922195,1771815048000,0.0
synthetic-traffic-07-01,25,14.5709931,120.9921867,1771815050000,0.0
synthetic-traffic-07-01,26,14.5710529,120.9921535,1771815052000,0.0
synthetic-traffic-07-01,27,14.5710874,120.9921182,1771815054000,0.0
synthetic-traffic-07-01,28,14.5710339,120.9920755,1771815056000,0.0
synthetic-traffic-07-01,29,14.5709803,120.9920331,1771815058000,0.0
synthetic-traffic-07-01,30,14.5709262,120.9919913,1771815060000,0.0
synthetic-traffic-07-01,31,14.5708724,120.9919491,1771815062000,0.0
synthetic-traffic-07-01,32,14.5708193,120.991906,1771815064000,0.0
synthetic-traffic-07-01,33,14.5707662,120.9918629,1771815066000,0.0
synthetic-traffic-07-01,34,14.5707132,120.9918198,1771815068000,0.0
synthetic-traffic-07-01,35,14.5706555,120.9917838,1771815070000,0.0
synthetic-traffic-07-01,36,14.5705943,120.9917533,1771815072000,0.0
synthetic-traffic-07-01,37,14.5705331,120.9917229,1771815074000,0.0
synthetic-traffic-07-01,38,14.5704718,120.9916925,1771815076000,0.0
synthetic-traffic-07-01,39,14.5704117,120.9916611,1771815078000,0.0
synthetic-traffic-07-01,40,14.5703905,120.9915961,1771815080000,0.0
synthetic-traffic-07-01,41,14.5704003,120.9915437,1771815082000,0.0
synthetic-traffic-07-01,42,14.5704608,120.9915119,1771815084000,0.0
synthetic-traffic-07-01,43,14.5705213,120.99148,1771815086000,0.0
synthetic-traffic-07-01,44,14.5705818,120.9914482,1771815088000,0.0
synthetic-traffic-07-01,45,14.5706423,120.9914163,1771815090000,0.0
synthetic-traffic-07-02,0,14.5643695,120.9943615,1771815000000,0.0
synthetic-traffic-07-02,1,14.5644197,120.9944202,1771815002000,0.0
synthetic-traffic-07-02,2,14.5645084,120.9943787,1771815004000,0.0
synthetic-traffic-07-02,3,14.5645966,120.9943361,1771815006000,0.0
synthetic-traffic-07-02,4,14.5646848,120.9942935,1771815008000,0.0
synthetic-traffic-07-02,5,14.5647729,120.9942509,1771815010000,0.0
synthetic-traffic-07-02,6,14.5648611,120.9942083,1771815012000,0.0
synthetic-traffic-07-02,7,14.5649493,120.9941658,1771815014000,0.0
synthetic-traffic-07-02,8,14.5650375,120.9941232,1771815016000,0.0
synthetic-traffic-07-02,9,14.5651257,120.9940806,1771815018000,0.0
synthetic-traffic-07-02,10,14.565215,120.9940405,1771815020000,0.0
synthetic-traffic-07-02,11,14.5653044,120.9940005,1771815022000,0.0
synthetic-traffic-07-02,12,14.5653459,120.9939453,1771815024000,0.0
synthetic-traffic-07-02,13,14.5653537,120.9939591,1771815026000,0.0
synthetic-traffic-07-02,14,14.5654358,120.9939438,1771815028000,0.0
synthetic-traffic-07-02,15,14.5655258,120.9939051,1771815030000,0.0
synthetic-traffic-07-02,16,14.5656144,120.9938633,1771815032000,0.0
synthetic-traffic-07-02,17,14.5657026,120.9938209,1771815034000,0.0
synthetic-traffic-07-02,18,14.5657796,120.99381,1771815036000,0.0
synthetic-traffic-07-02,19,14.5658191,120.9938996,1771815038000,0.0
synthetic-traffic-07-02,20,14.5658582,120.9939894,1771815040000,0.0
synthetic-traffic-07-02,21,14.5658973,120.9940792,1771815042000,0.0
synthetic-traffic-07-02,22,14.5659364,120.994169,1771815044000,0.0
synthetic-traffic-07-02,23,14.5659754,120.9942588,1771815046000,0.0
synthetic-traffic-07-02,24,14.5660145,120.9943486,1771815048000,0.0
synthetic-traffic-07-02,25,14.5660536,120.9944384,1771815050000,0.0
synthetic-traffic-07-02,26,14.5660927,120.9945282,1771815052000,0.0
synthetic-traffic-07-02,27,14.5661727,120.9945095,1771815054000,0.0
synthetic-traffic-07-02,28,14.5662614,120.994468,1771815056000,0.0
synthetic-traffic-07-02,29,14.5663499,120.9944259,1771815058000,0.0
synthetic-traffic-07-02,30,14.5664382,120.9943835,1771815060000,0.0
synthetic-traffic-07-02,31,14.5665264,120.9943411,1771815062000,0.0
synthetic-traffic-07-02,32,14.5666146,120.9942986,1771815064000,0.0
synthetic-traffic-07-02,33,14.5667028,120.994256,1771815066000,0.0
synthetic-traffic-07-02,34,14.5667911,120.9942135,1771815068000,0.0
synthetic-traffic-07-02,35,14.5668794,120.9941712,1771815070000,0.0
synthetic-traffic-07-02,36,14.5669678,120.9941292,1771815072000,0.0
synthetic-traffic-07-02,37,14.5670563,120.9940872,1771815074000,0.0
synthetic-traffic-07-02,38,14.5671448,120.9940452,1771815076000,0.0
synthetic-traffic-07-02,39,14.5672332,120.9940032,1771815078000,0.0
synthetic-traffic-07-02,40,14.5673221,120.993962,1771815080000,0.0
synthetic-traffic-07-02,41,14.5674111,120.9939212,1771815082000,0.0
synthetic-traffic-07-02,42,14.5675001,120.9938803,1771815084000,0.0
synthetic-traffic-07-02,43,14.5675891,120.9938394,1771815086000,0.0
synthetic-traffic-07-02,44,14.5676781,120.9937986,1771815088000,0.0
synthetic-traffic-07-02,45,14.5677671,120.9937577,1771815090000,0.0
synthetic-traffic-07-03,0,14.5587681,120.996085,1771815000000,0.0
synthetic-traffic-07-03,1,14.5588512,120.996111,1771815002000,0.0
synthetic-traffic-07-03,2,14.5589689,120.9960838,1771815004000,0.0
synthetic-traffic-07-03,3,14.5590865,120.9960567,1771815006000,0.0
synthetic-traffic-07-03,4,14.5592041,120.9960296,1771815008000,0.0
synthetic-traffic-07-03,5,14.5593218,120.9960025,1771815010000,0.0
synthetic-traffic-07-03,6,14.5594394,120.9959754,1771815012000,0.0
synthetic-traffic-07-03,7,14.559557,120.9959483,1771815014000,0.0
synthetic-traffic-07-03,8,14.5596746,120.995921,1771815016000,0.0
synthetic-traffic-07-03,9,14.5597922,120.9958937,1771815018000,0.0
synthetic-traffic-07-03,10,14.5599098,120.9958664,1771815020000,0.0
synthetic-traffic-07-03,11,14.5600274,120.9958391,1771815022000,0.0
synthetic-traffic-07-03,12,14.560145,120.9958119,1771815024000,0.0
synthetic-traffic-07-03,13,14.5601856,120.9957361,1771815026000,0.0
synthetic-traffic-07-03,14,14.5601656,120.995617,1771815028000,0.0
synthetic-traffic-07-03,15,14.5601471,120.9954978,1771815030000,0.0
synthetic-traffic-07-03,16,14.5601285,120.9953785,1771815032000,0.0
synthetic-traffic-07-03,17,14.56011,120.9952592,1771815034000,0.0
synthetic-traffic-07-03,18,14.5600915,120.9951399,1771815036000,0.0
synthetic-traffic-07-03,19,14.5600733,120.9950206,1771815038000,0.0
synthetic-traffic-07-03,20,14.560055,120.9949012,1771815040000,0.0
synthetic-traffic-07-03,21,14.5600345,120.9947823,1771815042000,0.0
synthetic-traffic-07-03,22,14.5600137,120.9946634,1771815044000,0.0
synthetic-traffic-07-03,23,14.5599931,120.9945444,1771815046000,0.0
synthetic-traffic-07-03,24,14.5600959,120.994499,1771815048000,0.0
synthetic-traffic-07-03,25,14.5602102,120.9944601,1771815050000,0.0
synthetic-traffic-07-03,26,14.5603163,120.9944025,1771815052000,0.0
synthetic-traffic-07-03,27,14.5604223,120.9943449,1771815054000,0.0
synthetic-traffic-07-03,28,14.5605284,120.9942872,1771815056000,0.0
synthetic-traffic-07-03,29,14.5606345,120.9942296,1771815058000,0.0
synthetic-traffic-07-03,30,14.5607405,120.9941719,1771815060000,0.0
synthetic-traffic-07-03,31,14.5608466,120.9941143,1771815062000,0.0
synthetic-traffic-07-03,32,14.5609524,120.9940562,1771815064000,0.0
synthetic-traffic-07-03,33,14.5610579,120.9939974,1771815066000,0.0
synthetic-traffic-07-03,34,14.5611616,120.9939357,1771815068000,0.0
synthetic-traffic-07-03,35,14.5612254,120.9938469,1771815070000,0.0
synthetic-traffic-07-03,36,14.5612184,120.9938952,1771815072000,0.0
synthetic-traffic-07-03,37,14.5612719,120.9940021,1771815074000,0.0
synthetic-traffic-07-03,38,14.5613312,120.9941072,1771815076000,0.0
synthetic-traffic-07-03,39,14.561407,120.9941998,1771815078000,0.0
synthetic-traffic-07-03,40,14.5614892,120.9941456,1771815080000,0.0
synthetic-traffic-07-03,41,14.5614876,120.9940559,1771815082000,0.0
synthetic-traffic-07-03,42,14.5614096,120.9939638,1771815084000,0.0
synthetic-traffic-07-03,43,14.561341,120.9938645,1771815086000,0.0
synthetic-traffic-07-03,44,14.5612841,120.9937582,1771815088000,0.0
synthetic-traffic-07-03,45,14.5612306,120.9938113,1771815090000,0.0
synthetic-traffic-07-04,0,14.5618298,120.9968042,1771815000000,0.0
synthetic-traffic-07-04,1,14.5617189,120.9968457,1771815002000,0.0
synthetic-traffic-07-04,2,14.561608,120.9968871,1771815004000,0.0
synthetic-traffic-07-04,3,14.5614971,120.9969286,1771815006000,0.0
synthetic-traffic-07-04,4,14.5613862,120.9969701,1771815008000,0.0
synthetic-traffic-07-04,5,14.5612753,120.9970115,1771815010000,0.0
synthetic-traffic-07-04,6,14.5611639,120.9970515,1771815012000,0.0
synthetic-traffic-07-04,7,14.5610525,120.9970917,1771815014000,0.0
synthetic-traffic-07-04,8,14.5609412,120.9971319,1771815016000,0.0
synthetic-traffic-07-04,9,14.5608298,120.9971722,1771815018000,0.0
synthetic-traffic-07-04,10,14.5607184,120.9972121,1771815020000,0.0
synthetic-traffic-07-04,11,14.5606068,120.9972517,1771815022000,0.0
synthetic-traffic-07-04,12,14.5604952,120.9972914,1771815024000,0.0
synthetic-traffic-07-04,13,14.5603841,120.9973322,1771815026000,0.0
synthetic-traffic-07-04,14,14.5602731,120.9973735,1771815028000,0.0
synthetic-traffic-07-04,15,14.5601617,120.9974136,1771815030000,0.0
synthetic-traffic-07-04,16,14.5600505,120.9974542,1771815032000,0.0
synthetic-traffic-07-04,17,14.5599393,120.9974948,1771815034000,0.0
synthetic-traffic-07-04,18,14.5598285,120.9975366,1771815036000,0.0
synthetic-traffic-07-04,19,14.5597187,120.9975809,1771815038000,0.0
synthetic-traffic-07-04,20,14.559609,120.9976253,1771815040000,0.0
synthetic-traffic-07-04,21,14.5594972,120.9976636,1771815042000,0.0
synthetic-traffic-07-04,22,14.5593825,120.997693,1771815044000,0.0
synthetic-traffic-07-04,23,14.5592678,120.9977224,1771815046000,0.0
synthetic-traffic-07-04,24,14.5591531,120.9977518,1771815048000,0.0
synthetic-traffic-07-04,25,14.5590384,120.9977812,1771815050000,0.0
synthetic-traffic-07-04,26,14.5589237,120.9978106,1771815052000,0.0
synthetic-traffic-07-04,27,14.5588091,120.99784,1771815054000,0.0
synthetic-traffic-07-04,28,14.5586944,120.9978695,1771815056000,0.0
synthetic-traffic-07-04,29,14.5585824,120.9979078,1771815058000,0.0
synthetic-traffic-07-04,30,14.5584706,120.9979469,1771815060000,0.0
synthetic-traffic-07-04,31,14.5583589,120.997986,1771815062000,0.0
synthetic-traffic-07-04,32,14.5582471,120.9980251,1771815064000,0.0
synthetic-traffic-07-04,33,14.5581354,120.9980642,1771815066000,0.0
synthetic-traffic-07-04,34,14.5580236,120.9981033,1771815068000,0.0
synthetic-traffic-07-04,35,14.5579119,120.9981424,1771815070000,0.0
synthetic-traffic-07-04,36,14.5578001,120.9981815,1771815072000,0.0
synthetic-traffic-07-04,37,14.5576866,120.9982151,1771815074000,0.0
synthetic-traffic-07-04,38,14.5575725,120.9982467,1771815076000,0.0
synthetic-traffic-07-04,39,14.5574584,120.9982783,1771815078000,0.0
synthetic-traffic-07-04,40,14.5573443,120.9983099,1771815080000,0.0
synthetic-traffic-07-04,41,14.5572302,120.9983415,1771815082000,0.0
synthetic-traffic-07-04,42,14.5571161,120.9983732,1771815084000,0.0
synthetic-traffic-07-04,43,14.557002,120.9984048,1771815086000,0.0
synthetic-traffic-07-04,44,14.5568879,120.9984364,1771815088000,0.0
synthetic-traffic-07-04,45,14.5567732,120.9984653,1771815090000,0.0
synthetic-traffic-08-00,0,14.5643695,120.9943615,1772419800000,0.0
synthetic-traffic-08-00,1,14.5642528,120.9943351,1772419802000,0.0
synthetic-traffic-08-00,2,14.5640969,120.9944073,1772419804000,0.0
synthetic-traffic-08-00,3,14.5639412,120.9944797,1772419806000,0.0
synthetic-traffic-08-00,4,14.5637869,120.9945552,1772419808000,0.0
synthetic-traffic-08-00,5,14.5636336,120.9946327,1772419810000,0.0
synthetic-traffic-08-00,6,14.563479,120.9947073,1772419812000,0.0
synthetic-traffic-08-00,7,14.5633233,120.9947799,1772419814000,0.0
synthetic-traffic-08-00,8,14.5631672,120.9948517,1772419816000,0.0
synthetic-traffic-08-00,9,14.5630118,120.9949249,1772419818000,0.0
synthetic-traffic-08-00,10,14.5628564,120.994998,1772419820000,0.0
synthetic-traffic-08-00,11,14.562701,120.9950711,1772419822000,0.0
synthetic-traffic-08-00,12,14.5625989,120.9951651,1772419824000,0.0
synthetic-traffic-08-00,13,14.5626002,120.9951391,1772419826000,0.0
synthetic-traffic-08-00,14,14.5624803,120.995136,1772419828000,0.0
synthetic-traffic-08-00,15,14.5623168,120.9951884,1772419830000,0.0
synthetic-traffic-08-00,16,14.5621505,120.9952315,1772419832000,0.0
synthetic-traffic-08-00,17,14.5619843,120.9952746,1772419834000,0.0
synthetic-traffic-08-00,18,14.561818,120.9953177,1772419836000,0.0
synthetic-traffic-08-00,19,14.5616517,120.9953608,1772419838000,0.0
synthetic-traffic-08-00,20,14.5614854,120.9954038,1772419840000,0.0
synthetic-traffic-08-00,21,14.5613192,120.9954469,1772419842000,0.0
synthetic-traffic-08-00,22,14.5611529,120.99549,1772419844000,0.0
synthetic-traffic-08-00,23,14.5609871,120.9955334,1772419846000,0.0
synthetic-traffic-08-00,24,14.5608976,120.9955536,1772419848000,0.0
synthetic-traffic-08-00,25,14.5607301,120.9955918,1772419850000,0.0
synthetic-traffic-08-00,26,14.5605625,120.9956291,1772419852000,0.0
synthetic-traffic-08-00,27,14.5603948,120.9956664,1772419854000,0.0
synthetic-traffic-08-00,28,14.5602271,120.9957038,1772419856000,0.0
synthetic-traffic-08-00,29,14.560175,120.9956775,1772419858000,0.0
synthetic-traffic-08-00,30,14.5601486,120.9955078,1772419860000,0.0
synthetic-traffic-08-00,31,14.5601222,120.995338,1772419862000,0.0
synthetic-traffic-08-00,32,14.5600959,120.9951683,1772419864000,0.0
synthetic-traffic-08-00,33,14.5600699,120.9949985,1772419866000,0.0
synthetic-traffic-08-00,34,14.5600426,120.9948289,1772419868000,0.0
synthetic-traffic-08-00,35,14.5600131,120.9946597,1772419870000,0.0
synthetic-traffic-08-00,36,14.559984,120.9944904,1772419872000,0.0
synthetic-traffic-08-00,37,14.5599557,120.994321,1772419874000,0.0
synthetic-traffic-08-00,38,14.5599275,120.9941516,1772419876000,0.0
synthetic-traffic-08-00,39,14.5598992,120.9939822,1772419878000,0.0
synthetic-traffic-08-00,40,14.5598709,120.9938127,1772419880000,0.0
synthetic-traffic-08-00,41,14.5598427,120.9936433,1772419882000,0.0
synthetic-traffic-08-00,42,14.5598144,120.9934739,1772419884000,0.0
synthetic-traffic-08-00,43,14.5597861,120.9933045,1772419886000,0.0
synthetic-traffic-08-00,44,14.5597579,120.993135,1772419888000,0.0
synthetic-traffic-08-00,45,14.5597296,120.9929656,1772419890000,0.0
synthetic-traffic-08-01,0,14.570849,120.9935069,1772419800000,0.0
synthetic-traffic-08-01,1,14.5708248,120.993443,1772419802000,0.0
synthetic-traffic-08-01,2,14.5708005,120.993379,1772419804000,0.0
synthetic-traffic-08-01,3,14.5707763,120.9933151,1772419806000,0.0
synthetic-traffic-08-01,4,14.5707521,120.9932511,1772419808000,0.0
synthetic-traffic-08-01,5,14.5707279,120.9931872,1772419810000,0.0
synthetic-traffic-08-01,6,14.5707036,120.9931233,1772419812000,0.0
synthetic-traffic-08-01,7,14.5706794,120.9930593,1772419814000,0.0
synthetic-traffic-08-01,8,14.5706552,120.9929954,1772419816000,0.0
synthetic-traffic-08-01,9,14.5706309,120.9929315,1772419818000,0.0
synthetic-traffic-08-01,10,14.5706067,120.9928675,1772419820000,0.0
synthetic-traffic-08-01,11,14.5705825,120.9928036,1772419822000,0.0
synthetic-traffic-08-01,12,14.5705583,120.9927396,1772419824000,0.0
synthetic-traffic-08-01,13,14.570534,120.9926757,1772419826000,0.0
synthetic-traffic-08-01,14,14.5705098,120.9926117,1772419828000,0.0
synthetic-traffic-08-01,15,14.5704856,120.9925478,1772419830000,0.0
synthetic-traffic-08-01,16,14.5704614,120.9924838,1772419832000,0.0
synthetic-traffic-08-01,17,14.5705125,120.9924479,1772419834000,0.0
synthetic-traffic-08-01,18,14.5705725,120.9924152,1772419836000,0.0
synthetic-traffic-08-01,19,14.5706326,120.9923826,1772419838000,0.0
synthetic-traffic-08-01,20,14.5706927,120.99235,1772419840000,0.0
synthetic-traffic-08-01,21,14.5707528,120.9923174,1772419842000,0.0
synthetic-traffic-08-01,22,14.5708129,120.9922847,1772419844000,0.0
synthetic-traffic-08-01,23,14.570873,120.9922521,1772419846000,0.0
synthetic-traffic-08-01,24,14.5709331,120.9922195,1772419848000,0.0
synthetic-traffic-08-01,25,14.5709931,120.9921867,1772419850000,0.0
synthetic-traffic-08-01,26,14.5710529,120.9921535,1772419852000,0.0
synthetic-traffic-08-01,27,14.5710874,120.9921182,1772419854000,0.0
synthetic-traffic-08-01,28,14.5710339,120.9920755,1772419856000,0.0
synthetic-traffic-08-01,29,14.5709803,120.9920331,1772419858000,0.0
synthetic-traffic-08-01,30,14.5709262,120.9919913,1772419860000,0.0
synthetic-traffic-08-01,31,14.5708724,120.9919491,1772419862000,0.0
synthetic-traffic-08-01,32,14.5708193,120.991906,1772419864000,0.0
synthetic-traffic-08-01,33,14.5707662,120.9918629,1772419866000,0.0
synthetic-traffic-08-01,34,14.5707132,120.9918198,1772419868000,0.0
synthetic-traffic-08-01,35,14.5706555,120.9917838,1772419870000,0.0
synthetic-traffic-08-01,36,14.5705943,120.9917533,1772419872000,0.0
synthetic-traffic-08-01,37,14.5705331,120.9917229,1772419874000,0.0
synthetic-traffic-08-01,38,14.5704718,120.9916925,1772419876000,0.0
synthetic-traffic-08-01,39,14.5704117,120.9916611,1772419878000,0.0
synthetic-traffic-08-01,40,14.5703905,120.9915961,1772419880000,0.0
synthetic-traffic-08-01,41,14.5704003,120.9915437,1772419882000,0.0
synthetic-traffic-08-01,42,14.5704608,120.9915119,1772419884000,0.0
synthetic-traffic-08-01,43,14.5705213,120.99148,1772419886000,0.0
synthetic-traffic-08-01,44,14.5705818,120.9914482,1772419888000,0.0
synthetic-traffic-08-01,45,14.5706423,120.9914163,1772419890000,0.0
synthetic-traffic-08-02,0,14.5643695,120.9943615,1772419800000,0.0
synthetic-traffic-08-02,1,14.5644197,120.9944202,1772419802000,0.0
synthetic-traffic-08-02,2,14.5645084,120.9943787,1772419804000,0.0
synthetic-traffic-08-02,3,14.5645966,120.9943361,1772419806000,0.0
synthetic-traffic-08-02,4,14.5646848,120.9942935,1772419808000,0.0
synthetic-traffic-08-02,5,14.5647729,120.9942509,1772419810000,0.0
synthetic-traffic-08-02,6,14.5648611,120.9942083,1772419812000,0.0
synthetic-traffic-08-02,7,14.5649493,120.9941658,1772419814000,0.0
synthetic-traffic-08-02,8,14.5650375,120.9941232,1772419816000,0.0
synthetic-traffic-08-02,9,14.5651257,120.9940806,1772419818000,0.0
synthetic-traffic-08-02,10,14.565215,120.9940405,1772419820000,0.0
synthetic-traffic-08-02,11,14.5653044,120.9940005,1772419822000,0.0
synthetic-traffic-08-02,12,14.5653459,120.9939453,1772419824000,0.0
synthetic-traffic-08-02,13,14.5653537,120.9939591,1772419826000,0.0
synthetic-traffic-08-02,14,14.5654358,120.9939438,1772419828000,0.0
synthetic-traffic-08-02,15,14.5655258,120.9939051,1772419830000,0.0
synthetic-traffic-08-02,16,14.5656144,120.9938633,1772419832000,0.0
synthetic-traffic-08-02,17,14.5657026,120.9938209,1772419834000,0.0
synthetic-traffic-08-02,18,14.5657796,120.99381,1772419836000,0.0
synthetic-traffic-08-02,19,14.5658191,120.9938996,1772419838000,0.0
synthetic-traffic-08-02,20,14.5658582,120.9939894,1772419840000,0.0
synthetic-traffic-08-02,21,14.5658973,120.9940792,1772419842000,0.0
synthetic-traffic-08-02,22,14.5659364,120.994169,1772419844000,0.0
synthetic-traffic-08-02,23,14.5659754,120.9942588,1772419846000,0.0
synthetic-traffic-08-02,24,14.5660145,120.9943486,1772419848000,0.0
synthetic-traffic-08-02,25,14.5660536,120.9944384,1772419850000,0.0
synthetic-traffic-08-02,26,14.5660927,120.9945282,1772419852000,0.0
synthetic-traffic-08-02,27,14.5661727,120.9945095,1772419854000,0.0
synthetic-traffic-08-02,28,14.5662614,120.994468,1772419856000,0.0
synthetic-traffic-08-02,29,14.5663499,120.9944259,1772419858000,0.0
synthetic-traffic-08-02,30,14.5664382,120.9943835,1772419860000,0.0
synthetic-traffic-08-02,31,14.5665264,120.9943411,1772419862000,0.0
synthetic-traffic-08-02,32,14.5666146,120.9942986,1772419864000,0.0
synthetic-traffic-08-02,33,14.5667028,120.994256,1772419866000,0.0
synthetic-traffic-08-02,34,14.5667911,120.9942135,1772419868000,0.0
synthetic-traffic-08-02,35,14.5668794,120.9941712,1772419870000,0.0
synthetic-traffic-08-02,36,14.5669678,120.9941292,1772419872000,0.0
synthetic-traffic-08-02,37,14.5670563,120.9940872,1772419874000,0.0
synthetic-traffic-08-02,38,14.5671448,120.9940452,1772419876000,0.0
synthetic-traffic-08-02,39,14.5672332,120.9940032,1772419878000,0.0
synthetic-traffic-08-02,40,14.5673221,120.993962,1772419880000,0.0
synthetic-traffic-08-02,41,14.5674111,120.9939212,1772419882000,0.0
synthetic-traffic-08-02,42,14.5675001,120.9938803,1772419884000,0.0
synthetic-traffic-08-02,43,14.5675891,120.9938394,1772419886000,0.0
synthetic-traffic-08-02,44,14.5676781,120.9937986,1772419888000,0.0
synthetic-traffic-08-02,45,14.5677671,120.9937577,1772419890000,0.0
synthetic-traffic-08-03,0,14.5587681,120.996085,1772419800000,0.0
synthetic-traffic-08-03,1,14.5588512,120.996111,1772419802000,0.0
synthetic-traffic-08-03,2,14.5589689,120.9960838,1772419804000,0.0
synthetic-traffic-08-03,3,14.5590865,120.9960567,1772419806000,0.0
synthetic-traffic-08-03,4,14.5592041,120.9960296,1772419808000,0.0
synthetic-traffic-08-03,5,14.5593218,120.9960025,1772419810000,0.0
synthetic-traffic-08-03,6,14.5594394,120.9959754,1772419812000,0.0
synthetic-traffic-08-03,7,14.559557,120.9959483,1772419814000,0.0
synthetic-traffic-08-03,8,14.5596746,120.995921,1772419816000,0.0
synthetic-traffic-08-03,9,14.5597922,120.9958937,1772419818000,0.0
synthetic-traffic-08-03,10,14.5599098,120.9958664,1772419820000,0.0
synthetic-traffic-08-03,11,14.5600274,120.9958391,1772419822000,0.0
synthetic-traffic-08-03,12,14.560145,120.9958119,1772419824000,0.0
synthetic-traffic-08-03,13,14.5601856,120.9957361,1772419826000,0.0
synthetic-traffic-08-03,14,14.5601656,120.995617,1772419828000,0.0
synthetic-traffic-08-03,15,14.5601471,120.9954978,1772419830000,0.0
synthetic-traffic-08-03,16,14.5601285,120.9953785,1772419832000,0.0
synthetic-traffic-08-03,17,14.56011,120.9952592,1772419834000,0.0
synthetic-traffic-08-03,18,14.5600915,120.9951399,1772419836000,0.0
synthetic-traffic-08-03,19,14.5600733,120.9950206,1772419838000,0.0
synthetic-traffic-08-03,20,14.560055,120.9949012,1772419840000,0.0
synthetic-traffic-08-03,21,14.5600345,120.9947823,1772419842000,0.0
synthetic-traffic-08-03,22,14.5600137,120.9946634,1772419844000,0.0
synthetic-traffic-08-03,23,14.5599931,120.9945444,1772419846000,0.0
synthetic-traffic-08-03,24,14.5600959,120.994499,1772419848000,0.0
synthetic-traffic-08-03,25,14.5602102,120.9944601,1772419850000,0.0
synthetic-traffic-08-03,26,14.5603163,120.9944025,1772419852000,0.0
synthetic-traffic-08-03,27,14.5604223,120.9943449,1772419854000,0.0
synthetic-traffic-08-03,28,14.5605284,120.9942872,1772419856000,0.0
synthetic-traffic-08-03,29,14.5606345,120.9942296,1772419858000,0.0
synthetic-traffic-08-03,30,14.5607405,120.9941719,1772419860000,0.0
synthetic-traffic-08-03,31,14.5608466,120.9941143,1772419862000,0.0
synthetic-traffic-08-03,32,14.5609524,120.9940562,1772419864000,0.0
synthetic-traffic-08-03,33,14.5610579,120.9939974,1772419866000,0.0
synthetic-traffic-08-03,34,14.5611616,120.9939357,1772419868000,0.0
synthetic-traffic-08-03,35,14.5612254,120.9938469,1772419870000,0.0
synthetic-traffic-08-03,36,14.5612184,120.9938952,1772419872000,0.0
synthetic-traffic-08-03,37,14.5612719,120.9940021,1772419874000,0.0
synthetic-traffic-08-03,38,14.5613312,120.9941072,1772419876000,0.0
synthetic-traffic-08-03,39,14.561407,120.9941998,1772419878000,0.0
synthetic-traffic-08-03,40,14.5614892,120.9941456,1772419880000,0.0
synthetic-traffic-08-03,41,14.5614876,120.9940559,1772419882000,0.0
synthetic-traffic-08-03,42,14.5614096,120.9939638,1772419884000,0.0
synthetic-traffic-08-03,43,14.561341,120.9938645,1772419886000,0.0
synthetic-traffic-08-03,44,14.5612841,120.9937582,1772419888000,0.0
synthetic-traffic-08-03,45,14.5612306,120.9938113,1772419890000,0.0
synthetic-traffic-08-04,0,14.5618298,120.9968042,1772419800000,0.0
synthetic-traffic-08-04,1,14.5617189,120.9968457,1772419802000,0.0
synthetic-traffic-08-04,2,14.561608,120.9968871,1772419804000,0.0
synthetic-traffic-08-04,3,14.5614971,120.9969286,1772419806000,0.0
synthetic-traffic-08-04,4,14.5613862,120.9969701,1772419808000,0.0
synthetic-traffic-08-04,5,14.5612753,120.9970115,1772419810000,0.0
synthetic-traffic-08-04,6,14.5611639,120.9970515,1772419812000,0.0
synthetic-traffic-08-04,7,14.5610525,120.9970917,1772419814000,0.0
synthetic-traffic-08-04,8,14.5609412,120.9971319,1772419816000,0.0
synthetic-traffic-08-04,9,14.5608298,120.9971722,1772419818000,0.0
synthetic-traffic-08-04,10,14.5607184,120.9972121,1772419820000,0.0
synthetic-traffic-08-04,11,14.5606068,120.9972517,1772419822000,0.0
synthetic-traffic-08-04,12,14.5604952,120.9972914,1772419824000,0.0
synthetic-traffic-08-04,13,14.5603841,120.9973322,1772419826000,0.0
synthetic-traffic-08-04,14,14.5602731,120.9973735,1772419828000,0.0
synthetic-traffic-08-04,15,14.5601617,120.9974136,1772419830000,0.0
synthetic-traffic-08-04,16,14.5600505,120.9974542,1772419832000,0.0
synthetic-traffic-08-04,17,14.5599393,120.9974948,1772419834000,0.0
synthetic-traffic-08-04,18,14.5598285,120.9975366,1772419836000,0.0
synthetic-traffic-08-04,19,14.5597187,120.9975809,1772419838000,0.0
synthetic-traffic-08-04,20,14.559609,120.9976253,1772419840000,0.0
synthetic-traffic-08-04,21,14.5594972,120.9976636,1772419842000,0.0
synthetic-traffic-08-04,22,14.5593825,120.997693,1772419844000,0.0
synthetic-traffic-08-04,23,14.5592678,120.9977224,1772419846000,0.0
synthetic-traffic-08-04,24,14.5591531,120.9977518,1772419848000,0.0
synthetic-traffic-08-04,25,14.5590384,120.9977812,1772419850000,0.0
synthetic-traffic-08-04,26,14.5589237,120.9978106,1772419852000,0.0
synthetic-traffic-08-04,27,14.5588091,120.99784,1772419854000,0.0
synthetic-traffic-08-04,28,14.5586944,120.9978695,1772419856000,0.0
synthetic-traffic-08-04,29,14.5585824,120.9979078,1772419858000,0.0
synthetic-traffic-08-04,30,14.5584706,120.9979469,1772419860000,0.0
synthetic-traffic-08-04,31,14.5583589,120.997986,1772419862000,0.0
synthetic-traffic-08-04,32,14.5582471,120.9980251,1772419864000,0.0
synthetic-traffic-08-04,33,14.5581354,120.9980642,1772419866000,0.0
synthetic-traffic-08-04,34,14.5580236,120.9981033,1772419868000,0.0
synthetic-traffic-08-04,35,14.5579119,120.9981424,1772419870000,0.0
synthetic-traffic-08-04,36,14.5578001,120.9981815,1772419872000,0.0
synthetic-traffic-08-04,37,14.5576866,120.9982151,1772419874000,0.0
synthetic-traffic-08-04,38,14.5575725,120.9982467,1772419876000,0.0
synthetic-traffic-08-04,39,14.5574584,120.9982783,1772419878000,0.0
synthetic-traffic-08-04,40,14.5573443,120.9983099,1772419880000,0.0
synthetic-traffic-08-04,41,14.5572302,120.9983415,1772419882000,0.0
synthetic-traffic-08-04,42,14.5571161,120.9983732,1772419884000,0.0
synthetic-traffic-08-04,43,14.557002,120.9984048,1772419886000,0.0
synthetic-traffic-08-04,44,14.5568879,120.9984364,1772419888000,0.0
synthetic-traffic-08-04,45,14.5567732,120.9984653,1772419890000,0.0
synthetic-traffic-09-00,0,14.5643695,120.9943615,1773024600000,0.0
synthetic-traffic-09-00,1,14.5642528,120.9943351,1773024602000,0.0
synthetic-traffic-09-00,2,14.5640969,120.9944073,1773024604000,0.0
synthetic-traffic-09-00,3,14.5639412,120.9944797,1773024606000,0.0
synthetic-traffic-09-00,4,14.5637869,120.9945552,1773024608000,0.0
synthetic-traffic-09-00,5,14.5636336,120.9946327,1773024610000,0.0
synthetic-traffic-09-00,6,14.563479,120.9947073,1773024612000,0.0
synthetic-traffic-09-00,7,14.5633233,120.9947799,1773024614000,0.0
synthetic-traffic-09-00,8,14.5631672,120.9948517,1773024616000,0.0
synthetic-traffic-09-00,9,14.5630118,120.9949249,1773024618000,0.0
synthetic-traffic-09-00,10,14.5628564,120.994998,1773024620000,0.0
synthetic-traffic-09-00,11,14.562701,120.9950711,1773024622000,0.0
synthetic-traffic-09-00,12,14.5625989,120.9951651,1773024624000,0.0
synthetic-traffic-09-00,13,14.5626002,120.9951391,1773024626000,0.0
synthetic-traffic-09-00,14,14.5624803,120.995136,1773024628000,0.0
synthetic-traffic-09-00,15,14.5623168,120.9951884,1773024630000,0.0
synthetic-traffic-09-00,16,14.5621505,120.9952315,1773024632000,0.0
synthetic-traffic-09-00,17,14.5619843,120.9952746,1773024634000,0.0
synthetic-traffic-09-00,18,14.561818,120.9953177,1773024636000,0.0
synthetic-traffic-09-00,19,14.5616517,120.9953608,1773024638000,0.0
synthetic-traffic-09-00,20,14.5614854,120.9954038,1773024640000,0.0
synthetic-traffic-09-00,21,14.5613192,120.9954469,1773024642000,0.0
synthetic-traffic-09-00,22,14.5611529,120.99549,1773024644000,0.0
synthetic-traffic-09-00,23,14.5609871,120.9955334,1773024646000,0.0
synthetic-traffic-09-00,24,14.5608976,120.9955536,1773024648000,0.0
synthetic-traffic-09-00,25,14.5607301,120.9955918,1773024650000,0.0
synthetic-traffic-09-00,26,14.5605625,120.9956291,1773024652000,0.0
synthetic-traffic-09-00,27,14.5603948,120.9956664,1773024654000,0.0
synthetic-traffic-09-00,28,14.5602271,120.9957038,1773024656000,0.0
synthetic-traffic-09-00,29,14.560175,120.9956775,1773024658000,0.0
synthetic-traffic-09-00,30,14.5601486,120.9955078,1773024660000,0.0
synthetic-traffic-09-00,31,14.5601222,120.995338,1773024662000,0.0
synthetic-traffic-09-00,32,14.5600959,120.9951683,1773024664000,0.0
synthetic-traffic-09-00,33,14.5600699,120.9949985,1773024666000,0.0
synthetic-traffic-09-00,34,14.5600426,120.9948289,1773024668000,0.0
synthetic-traffic-09-00,35,14.5600131,120.9946597,1773024670000,0.0
synthetic-traffic-09-00,36,14.559984,120.9944904,1773024672000,0.0
synthetic-traffic-09-00,37,14.5599557,120.994321,1773024674000,0.0
synthetic-traffic-09-00,38,14.5599275,120.9941516,1773024676000,0.0
synthetic-traffic-09-00,39,14.5598992,120.9939822,1773024678000,0.0
synthetic-traffic-09-00,40,14.5598709,120.9938127,1773024680000,0.0
synthetic-traffic-09-00,41,14.5598427,120.9936433,1773024682000,0.0
synthetic-traffic-09-00,42,14.5598144,120.9934739,1773024684000,0.0
synthetic-traffic-09-00,43,14.5597861,120.9933045,1773024686000,0.0
synthetic-traffic-09-00,44,14.5597579,120.993135,1773024688000,0.0
synthetic-traffic-09-00,45,14.5597296,120.9929656,1773024690000,0.0
synthetic-traffic-09-01,0,14.570849,120.9935069,1773024600000,0.0
synthetic-traffic-09-01,1,14.5708248,120.993443,1773024602000,0.0
synthetic-traffic-09-01,2,14.5708005,120.993379,1773024604000,0.0
synthetic-traffic-09-01,3,14.5707763,120.9933151,1773024606000,0.0
synthetic-traffic-09-01,4,14.5707521,120.9932511,1773024608000,0.0
synthetic-traffic-09-01,5,14.5707279,120.9931872,1773024610000,0.0
synthetic-traffic-09-01,6,14.5707036,120.9931233,1773024612000,0.0
synthetic-traffic-09-01,7,14.5706794,120.9930593,1773024614000,0.0
synthetic-traffic-09-01,8,14.5706552,120.9929954,1773024616000,0.0
synthetic-traffic-09-01,9,14.5706309,120.9929315,1773024618000,0.0
synthetic-traffic-09-01,10,14.5706067,120.9928675,1773024620000,0.0
synthetic-traffic-09-01,11,14.5705825,120.9928036,1773024622000,0.0
synthetic-traffic-09-01,12,14.5705583,120.9927396,1773024624000,0.0
synthetic-traffic-09-01,13,14.570534,120.9926757,1773024626000,0.0
synthetic-traffic-09-01,14,14.5705098,120.9926117,1773024628000,0.0
synthetic-traffic-09-01,15,14.5704856,120.9925478,1773024630000,0.0
synthetic-traffic-09-01,16,14.5704614,120.9924838,1773024632000,0.0
synthetic-traffic-09-01,17,14.5705125,120.9924479,1773024634000,0.0
synthetic-traffic-09-01,18,14.5705725,120.9924152,1773024636000,0.0
synthetic-traffic-09-01,19,14.5706326,120.9923826,1773024638000,0.0
synthetic-traffic-09-01,20,14.5706927,120.99235,1773024640000,0.0
synthetic-traffic-09-01,21,14.5707528,120.9923174,1773024642000,0.0
synthetic-traffic-09-01,22,14.5708129,120.9922847,1773024644000,0.0
synthetic-traffic-09-01,23,14.570873,120.9922521,1773024646000,0.0
synthetic-traffic-09-01,24,14.5709331,120.9922195,1773024648000,0.0
synthetic-traffic-09-01,25,14.5709931,120.9921867,1773024650000,0.0
synthetic-traffic-09-01,26,14.5710529,120.9921535,1773024652000,0.0
synthetic-traffic-09-01,27,14.5710874,120.9921182,1773024654000,0.0
synthetic-traffic-09-01,28,14.5710339,120.9920755,1773024656000,0.0
synthetic-traffic-09-01,29,14.5709803,120.9920331,1773024658000,0.0
synthetic-traffic-09-01,30,14.5709262,120.9919913,1773024660000,0.0
synthetic-traffic-09-01,31,14.5708724,120.9919491,1773024662000,0.0
synthetic-traffic-09-01,32,14.5708193,120.991906,1773024664000,0.0
synthetic-traffic-09-01,33,14.5707662,120.9918629,1773024666000,0.0
synthetic-traffic-09-01,34,14.5707132,120.9918198,1773024668000,0.0
synthetic-traffic-09-01,35,14.5706555,120.9917838,1773024670000,0.0
synthetic-traffic-09-01,36,14.5705943,120.9917533,1773024672000,0.0
synthetic-traffic-09-01,37,14.5705331,120.9917229,1773024674000,0.0
synthetic-traffic-09-01,38,14.5704718,120.9916925,1773024676000,0.0
synthetic-traffic-09-01,39,14.5704117,120.9916611,1773024678000,0.0
synthetic-traffic-09-01,40,14.5703905,120.9915961,1773024680000,0.0
synthetic-traffic-09-01,41,14.5704003,120.9915437,1773024682000,0.0
synthetic-traffic-09-01,42,14.5704608,120.9915119,1773024684000,0.0
synthetic-traffic-09-01,43,14.5705213,120.99148,1773024686000,0.0
synthetic-traffic-09-01,44,14.5705818,120.9914482,1773024688000,0.0
synthetic-traffic-09-01,45,14.5706423,120.9914163,1773024690000,0.0
synthetic-traffic-09-02,0,14.5643695,120.9943615,1773024600000,0.0
synthetic-traffic-09-02,1,14.5644197,120.9944202,1773024602000,0.0
synthetic-traffic-09-02,2,14.5645084,120.9943787,1773024604000,0.0
synthetic-traffic-09-02,3,14.5645966,120.9943361,1773024606000,0.0
synthetic-traffic-09-02,4,14.5646848,120.9942935,1773024608000,0.0
synthetic-traffic-09-02,5,14.5647729,120.9942509,1773024610000,0.0
synthetic-traffic-09-02,6,14.5648611,120.9942083,1773024612000,0.0
synthetic-traffic-09-02,7,14.5649493,120.9941658,1773024614000,0.0
synthetic-traffic-09-02,8,14.5650375,120.9941232,1773024616000,0.0
synthetic-traffic-09-02,9,14.5651257,120.9940806,1773024618000,0.0
synthetic-traffic-09-02,10,14.565215,120.9940405,1773024620000,0.0
synthetic-traffic-09-02,11,14.5653044,120.9940005,1773024622000,0.0
synthetic-traffic-09-02,12,14.5653459,120.9939453,1773024624000,0.0
synthetic-traffic-09-02,13,14.5653537,120.9939591,1773024626000,0.0
synthetic-traffic-09-02,14,14.5654358,120.9939438,1773024628000,0.0
synthetic-traffic-09-02,15,14.5655258,120.9939051,1773024630000,0.0
synthetic-traffic-09-02,16,14.5656144,120.9938633,1773024632000,0.0
synthetic-traffic-09-02,17,14.5657026,120.9938209,1773024634000,0.0
synthetic-traffic-09-02,18,14.5657796,120.99381,1773024636000,0.0
synthetic-traffic-09-02,19,14.5658191,120.9938996,1773024638000,0.0
synthetic-traffic-09-02,20,14.5658582,120.9939894,1773024640000,0.0
synthetic-traffic-09-02,21,14.5658973,120.9940792,1773024642000,0.0
synthetic-traffic-09-02,22,14.5659364,120.994169,1773024644000,0.0
synthetic-traffic-09-02,23,14.5659754,120.9942588,1773024646000,0.0
synthetic-traffic-09-02,24,14.5660145,120.9943486,1773024648000,0.0
synthetic-traffic-09-02,25,14.5660536,120.9944384,1773024650000,0.0
synthetic-traffic-09-02,26,14.5660927,120.9945282,1773024652000,0.0
synthetic-traffic-09-02,27,14.5661727,120.9945095,1773024654000,0.0
synthetic-traffic-09-02,28,14.5662614,120.994468,1773024656000,0.0
synthetic-traffic-09-02,29,14.5663499,120.9944259,1773024658000,0.0
synthetic-traffic-09-02,30,14.5664382,120.9943835,1773024660000,0.0
synthetic-traffic-09-02,31,14.5665264,120.9943411,1773024662000,0.0
synthetic-traffic-09-02,32,14.5666146,120.9942986,1773024664000,0.0
synthetic-traffic-09-02,33,14.5667028,120.994256,1773024666000,0.0
synthetic-traffic-09-02,34,14.5667911,120.9942135,1773024668000,0.0
synthetic-traffic-09-02,35,14.5668794,120.9941712,1773024670000,0.0
synthetic-traffic-09-02,36,14.5669678,120.9941292,1773024672000,0.0
synthetic-traffic-09-02,37,14.5670563,120.9940872,1773024674000,0.0
synthetic-traffic-09-02,38,14.5671448,120.9940452,1773024676000,0.0
synthetic-traffic-09-02,39,14.5672332,120.9940032,1773024678000,0.0
synthetic-traffic-09-02,40,14.5673221,120.993962,1773024680000,0.0
synthetic-traffic-09-02,41,14.5674111,120.9939212,1773024682000,0.0
synthetic-traffic-09-02,42,14.5675001,120.9938803,1773024684000,0.0
synthetic-traffic-09-02,43,14.5675891,120.9938394,1773024686000,0.0
synthetic-traffic-09-02,44,14.5676781,120.9937986,1773024688000,0.0
synthetic-traffic-09-02,45,14.5677671,120.9937577,1773024690000,0.0
synthetic-traffic-09-03,0,14.5587681,120.996085,1773024600000,0.0
synthetic-traffic-09-03,1,14.5588512,120.996111,1773024602000,0.0
synthetic-traffic-09-03,2,14.5589689,120.9960838,1773024604000,0.0
synthetic-traffic-09-03,3,14.5590865,120.9960567,1773024606000,0.0
synthetic-traffic-09-03,4,14.5592041,120.9960296,1773024608000,0.0
synthetic-traffic-09-03,5,14.5593218,120.9960025,1773024610000,0.0
synthetic-traffic-09-03,6,14.5594394,120.9959754,1773024612000,0.0
synthetic-traffic-09-03,7,14.559557,120.9959483,1773024614000,0.0
synthetic-traffic-09-03,8,14.5596746,120.995921,1773024616000,0.0
synthetic-traffic-09-03,9,14.5597922,120.9958937,1773024618000,0.0
synthetic-traffic-09-03,10,14.5599098,120.9958664,1773024620000,0.0
synthetic-traffic-09-03,11,14.5600274,120.9958391,1773024622000,0.0
synthetic-traffic-09-03,12,14.560145,120.9958119,1773024624000,0.0
synthetic-traffic-09-03,13,14.5601856,120.9957361,1773024626000,0.0
synthetic-traffic-09-03,14,14.5601656,120.995617,1773024628000,0.0
synthetic-traffic-09-03,15,14.5601471,120.9954978,1773024630000,0.0
synthetic-traffic-09-03,16,14.5601285,120.9953785,1773024632000,0.0
synthetic-traffic-09-03,17,14.56011,120.9952592,1773024634000,0.0
synthetic-traffic-09-03,18,14.5600915,120.9951399,1773024636000,0.0
synthetic-traffic-09-03,19,14.5600733,120.9950206,1773024638000,0.0
synthetic-traffic-09-03,20,14.560055,120.9949012,1773024640000,0.0
synthetic-traffic-09-03,21,14.5600345,120.9947823,1773024642000,0.0
synthetic-traffic-09-03,22,14.5600137,120.9946634,1773024644000,0.0
synthetic-traffic-09-03,23,14.5599931,120.9945444,1773024646000,0.0
synthetic-traffic-09-03,24,14.5600959,120.994499,1773024648000,0.0
synthetic-traffic-09-03,25,14.5602102,120.9944601,1773024650000,0.0
synthetic-traffic-09-03,26,14.5603163,120.9944025,1773024652000,0.0
synthetic-traffic-09-03,27,14.5604223,120.9943449,1773024654000,0.0
synthetic-traffic-09-03,28,14.5605284,120.9942872,1773024656000,0.0
synthetic-traffic-09-03,29,14.5606345,120.9942296,1773024658000,0.0
synthetic-traffic-09-03,30,14.5607405,120.9941719,1773024660000,0.0
synthetic-traffic-09-03,31,14.5608466,120.9941143,1773024662000,0.0
synthetic-traffic-09-03,32,14.5609524,120.9940562,1773024664000,0.0
synthetic-traffic-09-03,33,14.5610579,120.9939974,1773024666000,0.0
synthetic-traffic-09-03,34,14.5611616,120.9939357,1773024668000,0.0
synthetic-traffic-09-03,35,14.5612254,120.9938469,1773024670000,0.0
synthetic-traffic-09-03,36,14.5612184,120.9938952,1773024672000,0.0
synthetic-traffic-09-03,37,14.5612719,120.9940021,1773024674000,0.0
synthetic-traffic-09-03,38,14.5613312,120.9941072,1773024676000,0.0
synthetic-traffic-09-03,39,14.561407,120.9941998,1773024678000,0.0
synthetic-traffic-09-03,40,14.5614892,120.9941456,1773024680000,0.0
synthetic-traffic-09-03,41,14.5614876,120.9940559,1773024682000,0.0
synthetic-traffic-09-03,42,14.5614096,120.9939638,1773024684000,0.0
synthetic-traffic-09-03,43,14.561341,120.9938645,1773024686000,0.0
synthetic-traffic-09-03,44,14.5612841,120.9937582,1773024688000,0.0
synthetic-traffic-09-03,45,14.5612306,120.9938113,1773024690000,0.0
synthetic-traffic-09-04,0,14.5618298,120.9968042,1773024600000,0.0
synthetic-traffic-09-04,1,14.5617189,120.9968457,1773024602000,0.0
synthetic-traffic-09-04,2,14.561608,120.9968871,1773024604000,0.0
synthetic-traffic-09-04,3,14.5614971,120.9969286,1773024606000,0.0
synthetic-traffic-09-04,4,14.5613862,120.9969701,1773024608000,0.0
synthetic-traffic-09-04,5,14.5612753,120.9970115,1773024610000,0.0
synthetic-traffic-09-04,6,14.5611639,120.9970515,1773024612000,0.0
synthetic-traffic-09-04,7,14.5610525,120.9970917,1773024614000,0.0
synthetic-traffic-09-04,8,14.5609412,120.9971319,1773024616000,0.0
synthetic-traffic-09-04,9,14.5608298,120.9971722,1773024618000,0.0
synthetic-traffic-09-04,10,14.5607184,120.9972121,1773024620000,0.0
synthetic-traffic-09-04,11,14.5606068,120.9972517,1773024622000,0.0
synthetic-traffic-09-04,12,14.5604952,120.9972914,1773024624000,0.0
synthetic-traffic-09-04,13,14.5603841,120.9973322,1773024626000,0.0
synthetic-traffic-09-04,14,14.5602731,120.9973735,1773024628000,0.0
synthetic-traffic-09-04,15,14.5601617,120.9974136,1773024630000,0.0
synthetic-traffic-09-04,16,14.5600505,120.9974542,1773024632000,0.0
synthetic-traffic-09-04,17,14.5599393,120.9974948,1773024634000,0.0
synthetic-traffic-09-04,18,14.5598285,120.9975366,1773024636000,0.0
synthetic-traffic-09-04,19,14.5597187,120.9975809,1773024638000,0.0
synthetic-traffic-09-04,20,14.559609,120.9976253,1773024640000,0.0
synthetic-traffic-09-04,21,14.5594972,120.9976636,1773024642000,0.0
synthetic-traffic-09-04,22,14.5593825,120.997693,1773024644000,0.0
synthetic-traffic-09-04,23,14.5592678,120.9977224,1773024646000,0.0
synthetic-traffic-09-04,24,14.5591531,120.9977518,1773024648000,0.0
synthetic-traffic-09-04,25,14.5590384,120.9977812,1773024650000,0.0
synthetic-traffic-09-04,26,14.5589237,120.9978106,1773024652000,0.0
synthetic-traffic-09-04,27,14.5588091,120.99784,1773024654000,0.0
synthetic-traffic-09-04,28,14.5586944,120.9978695,1773024656000,0.0
synthetic-traffic-09-04,29,14.5585824,120.9979078,1773024658000,0.0
synthetic-traffic-09-04,30,14.5584706,120.9979469,1773024660000,0.0
synthetic-traffic-09-04,31,14.5583589,120.997986,1773024662000,0.0
synthetic-traffic-09-04,32,14.5582471,120.9980251,1773024664000,0.0
synthetic-traffic-09-04,33,14.5581354,120.9980642,1773024666000,0.0
synthetic-traffic-09-04,34,14.5580236,120.9981033,1773024668000,0.0
synthetic-traffic-09-04,35,14.5579119,120.9981424,1773024670000,0.0
synthetic-traffic-09-04,36,14.5578001,120.9981815,1773024672000,0.0
synthetic-traffic-09-04,37,14.5576866,120.9982151,1773024674000,0.0
synthetic-traffic-09-04,38,14.5575725,120.9982467,1773024676000,0.0
synthetic-traffic-09-04,39,14.5574584,120.9982783,1773024678000,0.0
synthetic-traffic-09-04,40,14.5573443,120.9983099,1773024680000,0.0
synthetic-traffic-09-04,41,14.5572302,120.9983415,1773024682000,0.0
synthetic-traffic-09-04,42,14.5571161,120.9983732,1773024684000,0.0
synthetic-traffic-09-04,43,14.557002,120.9984048,1773024686000,0.0
synthetic-traffic-09-04,44,14.5568879,120.9984364,1773024688000,0.0
synthetic-traffic-09-04,45,14.5567732,120.9984653,1773024690000,0.0
synthetic-traffic-10-00,0,14.5643695,120.9943615,1773629400000,0.0
synthetic-traffic-10-00,1,14.5642528,120.9943351,1773629402000,0.0
synthetic-traffic-10-00,2,14.5640969,120.9944073,1773629404000,0.0
synthetic-traffic-10-00,3,14.5639412,120.9944797,1773629406000,0.0
synthetic-traffic-10-00,4,14.5637869,120.9945552,1773629408000,0.0
synthetic-traffic-10-00,5,14.5636336,120.9946327,1773629410000,0.0
synthetic-traffic-10-00,6,14.563479,120.9947073,1773629412000,0.0
synthetic-traffic-10-00,7,14.5633233,120.9947799,1773629414000,0.0
synthetic-traffic-10-00,8,14.5631672,120.9948517,1773629416000,0.0
synthetic-traffic-10-00,9,14.5630118,120.9949249,1773629418000,0.0
synthetic-traffic-10-00,10,14.5628564,120.994998,1773629420000,0.0
synthetic-traffic-10-00,11,14.562701,120.9950711,1773629422000,0.0
synthetic-traffic-10-00,12,14.5625989,120.9951651,1773629424000,0.0
synthetic-traffic-10-00,13,14.5626002,120.9951391,1773629426000,0.0
synthetic-traffic-10-00,14,14.5624803,120.995136,1773629428000,0.0
synthetic-traffic-10-00,15,14.5623168,120.9951884,1773629430000,0.0
synthetic-traffic-10-00,16,14.5621505,120.9952315,1773629432000,0.0
synthetic-traffic-10-00,17,14.5619843,120.9952746,1773629434000,0.0
synthetic-traffic-10-00,18,14.561818,120.9953177,1773629436000,0.0
synthetic-traffic-10-00,19,14.5616517,120.9953608,1773629438000,0.0
synthetic-traffic-10-00,20,14.5614854,120.9954038,1773629440000,0.0
synthetic-traffic-10-00,21,14.5613192,120.9954469,1773629442000,0.0
synthetic-traffic-10-00,22,14.5611529,120.99549,1773629444000,0.0
synthetic-traffic-10-00,23,14.5609871,120.9955334,1773629446000,0.0
synthetic-traffic-10-00,24,14.5608976,120.9955536,1773629448000,0.0
synthetic-traffic-10-00,25,14.5607301,120.9955918,1773629450000,0.0
synthetic-traffic-10-00,26,14.5605625,120.9956291,1773629452000,0.0
synthetic-traffic-10-00,27,14.5603948,120.9956664,1773629454000,0.0
synthetic-traffic-10-00,28,14.5602271,120.9957038,1773629456000,0.0
synthetic-traffic-10-00,29,14.560175,120.9956775,1773629458000,0.0
synthetic-traffic-10-00,30,14.5601486,120.9955078,1773629460000,0.0
synthetic-traffic-10-00,31,14.5601222,120.995338,1773629462000,0.0
synthetic-traffic-10-00,32,14.5600959,120.9951683,1773629464000,0.0
synthetic-traffic-10-00,33,14.5600699,120.9949985,1773629466000,0.0
synthetic-traffic-10-00,34,14.5600426,120.9948289,1773629468000,0.0
synthetic-traffic-10-00,35,14.5600131,120.9946597,1773629470000,0.0
synthetic-traffic-10-00,36,14.559984,120.9944904,1773629472000,0.0
synthetic-traffic-10-00,37,14.5599557,120.994321,1773629474000,0.0
synthetic-traffic-10-00,38,14.5599275,120.9941516,1773629476000,0.0
synthetic-traffic-10-00,39,14.5598992,120.9939822,1773629478000,0.0
synthetic-traffic-10-00,40,14.5598709,120.9938127,1773629480000,0.0
synthetic-traffic-10-00,41,14.5598427,120.9936433,1773629482000,0.0
synthetic-traffic-10-00,42,14.5598144,120.9934739,1773629484000,0.0
synthetic-traffic-10-00,43,14.5597861,120.9933045,1773629486000,0.0
synthetic-traffic-10-00,44,14.5597579,120.993135,1773629488000,0.0
synthetic-traffic-10-00,45,14.5597296,120.9929656,1773629490000,0.0
synthetic-traffic-10-01,0,14.570849,120.9935069,1773629400000,0.0
synthetic-traffic-10-01,1,14.5708248,120.993443,1773629402000,0.0
synthetic-traffic-10-01,2,14.5708005,120.993379,1773629404000,0.0
synthetic-traffic-10-01,3,14.5707763,120.9933151,1773629406000,0.0
synthetic-traffic-10-01,4,14.5707521,120.9932511,1773629408000,0.0
synthetic-traffic-10-01,5,14.5707279,120.9931872,1773629410000,0.0
synthetic-traffic-10-01,6,14.5707036,120.9931233,1773629412000,0.0
synthetic-traffic-10-01,7,14.5706794,120.9930593,1773629414000,0.0
synthetic-traffic-10-01,8,14.5706552,120.9929954,1773629416000,0.0
synthetic-traffic-10-01,9,14.5706309,120.9929315,1773629418000,0.0
synthetic-traffic-10-01,10,14.5706067,120.9928675,1773629420000,0.0
synthetic-traffic-10-01,11,14.5705825,120.9928036,1773629422000,0.0
synthetic-traffic-10-01,12,14.5705583,120.9927396,1773629424000,0.0
synthetic-traffic-10-01,13,14.570534,120.9926757,1773629426000,0.0
synthetic-traffic-10-01,14,14.5705098,120.9926117,1773629428000,0.0
synthetic-traffic-10-01,15,14.5704856,120.9925478,1773629430000,0.0
synthetic-traffic-10-01,16,14.5704614,120.9924838,1773629432000,0.0
synthetic-traffic-10-01,17,14.5705125,120.9924479,1773629434000,0.0
synthetic-traffic-10-01,18,14.5705725,120.9924152,1773629436000,0.0
synthetic-traffic-10-01,19,14.5706326,120.9923826,1773629438000,0.0
synthetic-traffic-10-01,20,14.5706927,120.99235,1773629440000,0.0
synthetic-traffic-10-01,21,14.5707528,120.9923174,1773629442000,0.0
synthetic-traffic-10-01,22,14.5708129,120.9922847,1773629444000,0.0
synthetic-traffic-10-01,23,14.570873,120.9922521,1773629446000,0.0
synthetic-traffic-10-01,24,14.5709331,120.9922195,1773629448000,0.0
synthetic-traffic-10-01,25,14.5709931,120.9921867,1773629450000,0.0
synthetic-traffic-10-01,26,14.5710529,120.9921535,1773629452000,0.0
synthetic-traffic-10-01,27,14.5710874,120.9921182,1773629454000,0.0
synthetic-traffic-10-01,28,14.5710339,120.9920755,1773629456000,0.0
synthetic-traffic-10-01,29,14.5709803,120.9920331,1773629458000,0.0
synthetic-traffic-10-01,30,14.5709262,120.9919913,1773629460000,0.0
synthetic-traffic-10-01,31,14.5708724,120.9919491,1773629462000,0.0
synthetic-traffic-10-01,32,14.5708193,120.991906,1773629464000,0.0
synthetic-traffic-10-01,33,14.5707662,120.9918629,1773629466000,0.0
synthetic-traffic-10-01,34,14.5707132,120.9918198,1773629468000,0.0
synthetic-traffic-10-01,35,14.5706555,120.9917838,1773629470000,0.0
synthetic-traffic-10-01,36,14.5705943,120.9917533,1773629472000,0.0
synthetic-traffic-10-01,37,14.5705331,120.9917229,1773629474000,0.0
synthetic-traffic-10-01,38,14.5704718,120.9916925,1773629476000,0.0
synthetic-traffic-10-01,39,14.5704117,120.9916611,1773629478000,0.0
synthetic-traffic-10-01,40,14.5703905,120.9915961,1773629480000,0.0
synthetic-traffic-10-01,41,14.5704003,120.9915437,1773629482000,0.0
synthetic-traffic-10-01,42,14.5704608,120.9915119,1773629484000,0.0
synthetic-traffic-10-01,43,14.5705213,120.99148,1773629486000,0.0
synthetic-traffic-10-01,44,14.5705818,120.9914482,1773629488000,0.0
synthetic-traffic-10-01,45,14.5706423,120.9914163,1773629490000,0.0
synthetic-traffic-10-02,0,14.5643695,120.9943615,1773629400000,0.0
synthetic-traffic-10-02,1,14.5644197,120.9944202,1773629402000,0.0
synthetic-traffic-10-02,2,14.5645084,120.9943787,1773629404000,0.0
synthetic-traffic-10-02,3,14.5645966,120.9943361,1773629406000,0.0
synthetic-traffic-10-02,4,14.5646848,120.9942935,1773629408000,0.0
synthetic-traffic-10-02,5,14.5647729,120.9942509,1773629410000,0.0
synthetic-traffic-10-02,6,14.5648611,120.9942083,1773629412000,0.0
synthetic-traffic-10-02,7,14.5649493,120.9941658,1773629414000,0.0
synthetic-traffic-10-02,8,14.5650375,120.9941232,1773629416000,0.0
synthetic-traffic-10-02,9,14.5651257,120.9940806,1773629418000,0.0
synthetic-traffic-10-02,10,14.565215,120.9940405,1773629420000,0.0
synthetic-traffic-10-02,11,14.5653044,120.9940005,1773629422000,0.0
synthetic-traffic-10-02,12,14.5653459,120.9939453,1773629424000,0.0
synthetic-traffic-10-02,13,14.5653537,120.9939591,1773629426000,0.0
synthetic-traffic-10-02,14,14.5654358,120.9939438,1773629428000,0.0
synthetic-traffic-10-02,15,14.5655258,120.9939051,1773629430000,0.0
synthetic-traffic-10-02,16,14.5656144,120.9938633,1773629432000,0.0
synthetic-traffic-10-02,17,14.5657026,120.9938209,1773629434000,0.0
synthetic-traffic-10-02,18,14.5657796,120.99381,1773629436000,0.0
synthetic-traffic-10-02,19,14.5658191,120.9938996,1773629438000,0.0
synthetic-traffic-10-02,20,14.5658582,120.9939894,1773629440000,0.0
synthetic-traffic-10-02,21,14.5658973,120.9940792,1773629442000,0.0
synthetic-traffic-10-02,22,14.5659364,120.994169,1773629444000,0.0
synthetic-traffic-10-02,23,14.5659754,120.9942588,1773629446000,0.0
synthetic-traffic-10-02,24,14.5660145,120.9943486,1773629448000,0.0
synthetic-traffic-10-02,25,14.5660536,120.9944384,1773629450000,0.0
synthetic-traffic-10-02,26,14.5660927,120.9945282,1773629452000,0.0
synthetic-traffic-10-02,27,14.5661727,120.9945095,1773629454000,0.0
synthetic-traffic-10-02,28,14.5662614,120.994468,1773629456000,0.0
synthetic-traffic-10-02,29,14.5663499,120.9944259,1773629458000,0.0
synthetic-traffic-10-02,30,14.5664382,120.9943835,1773629460000,0.0
synthetic-traffic-10-02,31,14.5665264,120.9943411,1773629462000,0.0
synthetic-traffic-10-02,32,14.5666146,120.9942986,1773629464000,0.0
synthetic-traffic-10-02,33,14.5667028,120.994256,1773629466000,0.0
synthetic-traffic-10-02,34,14.5667911,120.9942135,1773629468000,0.0
synthetic-traffic-10-02,35,14.5668794,120.9941712,1773629470000,0.0
synthetic-traffic-10-02,36,14.5669678,120.9941292,1773629472000,0.0
synthetic-traffic-10-02,37,14.5670563,120.9940872,1773629474000,0.0
synthetic-traffic-10-02,38,14.5671448,120.9940452,1773629476000,0.0
synthetic-traffic-10-02,39,14.5672332,120.9940032,1773629478000,0.0
synthetic-traffic-10-02,40,14.5673221,120.993962,1773629480000,0.0
synthetic-traffic-10-02,41,14.5674111,120.9939212,1773629482000,0.0
synthetic-traffic-10-02,42,14.5675001,120.9938803,1773629484000,0.0
synthetic-traffic-10-02,43,14.5675891,120.9938394,1773629486000,0.0
synthetic-traffic-10-02,44,14.5676781,120.9937986,1773629488000,0.0
synthetic-traffic-10-02,45,14.5677671,120.9937577,1773629490000,0.0
synthetic-traffic-10-03,0,14.5587681,120.996085,1773629400000,0.0
synthetic-traffic-10-03,1,14.5588512,120.996111,1773629402000,0.0
synthetic-traffic-10-03,2,14.5589689,120.9960838,1773629404000,0.0
synthetic-traffic-10-03,3,14.5590865,120.9960567,1773629406000,0.0
synthetic-traffic-10-03,4,14.5592041,120.9960296,1773629408000,0.0
synthetic-traffic-10-03,5,14.5593218,120.9960025,1773629410000,0.0
synthetic-traffic-10-03,6,14.5594394,120.9959754,1773629412000,0.0
synthetic-traffic-10-03,7,14.559557,120.9959483,1773629414000,0.0
synthetic-traffic-10-03,8,14.5596746,120.995921,1773629416000,0.0
synthetic-traffic-10-03,9,14.5597922,120.9958937,1773629418000,0.0
synthetic-traffic-10-03,10,14.5599098,120.9958664,1773629420000,0.0
synthetic-traffic-10-03,11,14.5600274,120.9958391,1773629422000,0.0
synthetic-traffic-10-03,12,14.560145,120.9958119,1773629424000,0.0
synthetic-traffic-10-03,13,14.5601856,120.9957361,1773629426000,0.0
synthetic-traffic-10-03,14,14.5601656,120.995617,1773629428000,0.0
synthetic-traffic-10-03,15,14.5601471,120.9954978,1773629430000,0.0
synthetic-traffic-10-03,16,14.5601285,120.9953785,1773629432000,0.0
synthetic-traffic-10-03,17,14.56011,120.9952592,1773629434000,0.0
synthetic-traffic-10-03,18,14.5600915,120.9951399,1773629436000,0.0
synthetic-traffic-10-03,19,14.5600733,120.9950206,1773629438000,0.0
synthetic-traffic-10-03,20,14.560055,120.9949012,1773629440000,0.0
synthetic-traffic-10-03,21,14.5600345,120.9947823,1773629442000,0.0
synthetic-traffic-10-03,22,14.5600137,120.9946634,1773629444000,0.0
synthetic-traffic-10-03,23,14.5599931,120.9945444,1773629446000,0.0
synthetic-traffic-10-03,24,14.5600959,120.994499,1773629448000,0.0
synthetic-traffic-10-03,25,14.5602102,120.9944601,1773629450000,0.0
synthetic-traffic-10-03,26,14.5603163,120.9944025,1773629452000,0.0
synthetic-traffic-10-03,27,14.5604223,120.9943449,1773629454000,0.0
synthetic-traffic-10-03,28,14.5605284,120.9942872,1773629456000,0.0
synthetic-traffic-10-03,29,14.5606345,120.9942296,1773629458000,0.0
synthetic-traffic-10-03,30,14.5607405,120.9941719,1773629460000,0.0
synthetic-traffic-10-03,31,14.5608466,120.9941143,1773629462000,0.0
synthetic-traffic-10-03,32,14.5609524,120.9940562,1773629464000,0.0
synthetic-traffic-10-03,33,14.5610579,120.9939974,1773629466000,0.0
synthetic-traffic-10-03,34,14.5611616,120.9939357,1773629468000,0.0
synthetic-traffic-10-03,35,14.5612254,120.9938469,1773629470000,0.0
synthetic-traffic-10-03,36,14.5612184,120.9938952,1773629472000,0.0
synthetic-traffic-10-03,37,14.5612719,120.9940021,1773629474000,0.0
synthetic-traffic-10-03,38,14.5613312,120.9941072,1773629476000,0.0
synthetic-traffic-10-03,39,14.561407,120.9941998,1773629478000,0.0
synthetic-traffic-10-03,40,14.5614892,120.9941456,1773629480000,0.0
synthetic-traffic-10-03,41,14.5614876,120.9940559,1773629482000,0.0
synthetic-traffic-10-03,42,14.5614096,120.9939638,1773629484000,0.0
synthetic-traffic-10-03,43,14.561341,120.9938645,1773629486000,0.0
synthetic-traffic-10-03,44,14.5612841,120.9937582,1773629488000,0.0
synthetic-traffic-10-03,45,14.5612306,120.9938113,1773629490000,0.0
synthetic-traffic-10-04,0,14.5618298,120.9968042,1773629400000,0.0
synthetic-traffic-10-04,1,14.5617189,120.9968457,1773629402000,0.0
synthetic-traffic-10-04,2,14.561608,120.9968871,1773629404000,0.0
synthetic-traffic-10-04,3,14.5614971,120.9969286,1773629406000,0.0
synthetic-traffic-10-04,4,14.5613862,120.9969701,1773629408000,0.0
synthetic-traffic-10-04,5,14.5612753,120.9970115,1773629410000,0.0
synthetic-traffic-10-04,6,14.5611639,120.9970515,1773629412000,0.0
synthetic-traffic-10-04,7,14.5610525,120.9970917,1773629414000,0.0
synthetic-traffic-10-04,8,14.5609412,120.9971319,1773629416000,0.0
synthetic-traffic-10-04,9,14.5608298,120.9971722,1773629418000,0.0
synthetic-traffic-10-04,10,14.5607184,120.9972121,1773629420000,0.0
synthetic-traffic-10-04,11,14.5606068,120.9972517,1773629422000,0.0
synthetic-traffic-10-04,12,14.5604952,120.9972914,1773629424000,0.0
synthetic-traffic-10-04,13,14.5603841,120.9973322,1773629426000,0.0
synthetic-traffic-10-04,14,14.5602731,120.9973735,1773629428000,0.0
synthetic-traffic-10-04,15,14.5601617,120.9974136,1773629430000,0.0
synthetic-traffic-10-04,16,14.5600505,120.9974542,1773629432000,0.0
synthetic-traffic-10-04,17,14.5599393,120.9974948,1773629434000,0.0
synthetic-traffic-10-04,18,14.5598285,120.9975366,1773629436000,0.0
synthetic-traffic-10-04,19,14.5597187,120.9975809,1773629438000,0.0
synthetic-traffic-10-04,20,14.559609,120.9976253,1773629440000,0.0
synthetic-traffic-10-04,21,14.5594972,120.9976636,1773629442000,0.0
synthetic-traffic-10-04,22,14.5593825,120.997693,1773629444000,0.0
synthetic-traffic-10-04,23,14.5592678,120.9977224,1773629446000,0.0
synthetic-traffic-10-04,24,14.5591531,120.9977518,1773629448000,0.0
synthetic-traffic-10-04,25,14.5590384,120.9977812,1773629450000,0.0
synthetic-traffic-10-04,26,14.5589237,120.9978106,1773629452000,0.0
synthetic-traffic-10-04,27,14.5588091,120.99784,1773629454000,0.0
synthetic-traffic-10-04,28,14.5586944,120.9978695,1773629456000,0.0
synthetic-traffic-10-04,29,14.5585824,120.9979078,1773629458000,0.0
synthetic-traffic-10-04,30,14.5584706,120.9979469,1773629460000,0.0
synthetic-traffic-10-04,31,14.5583589,120.997986,1773629462000,0.0
synthetic-traffic-10-04,32,14.5582471,120.9980251,1773629464000,0.0
synthetic-traffic-10-04,33,14.5581354,120.9980642,1773629466000,0.0
synthetic-traffic-10-04,34,14.5580236,120.9981033,1773629468000,0.0
synthetic-traffic-10-04,35,14.5579119,120.9981424,1773629470000,0.0
synthetic-traffic-10-04,36,14.5578001,120.9981815,1773629472000,0.0
synthetic-traffic-10-04,37,14.5576866,120.9982151,1773629474000,0.0
synthetic-traffic-10-04,38,14.5575725,120.9982467,1773629476000,0.0
synthetic-traffic-10-04,39,14.5574584,120.9982783,1773629478000,0.0
synthetic-traffic-10-04,40,14.5573443,120.9983099,1773629480000,0.0
synthetic-traffic-10-04,41,14.5572302,120.9983415,1773629482000,0.0
synthetic-traffic-10-04,42,14.5571161,120.9983732,1773629484000,0.0
synthetic-traffic-10-04,43,14.557002,120.9984048,1773629486000,0.0
synthetic-traffic-10-04,44,14.5568879,120.9984364,1773629488000,0.0
synthetic-traffic-10-04,45,14.5567732,120.9984653,1773629490000,0.0
synthetic-traffic-11-00,0,14.5643695,120.9943615,1774234200000,0.0
synthetic-traffic-11-00,1,14.5642528,120.9943351,1774234202000,0.0
synthetic-traffic-11-00,2,14.5640969,120.9944073,1774234204000,0.0
synthetic-traffic-11-00,3,14.5639412,120.9944797,1774234206000,0.0
synthetic-traffic-11-00,4,14.5637869,120.9945552,1774234208000,0.0
synthetic-traffic-11-00,5,14.5636336,120.9946327,1774234210000,0.0
synthetic-traffic-11-00,6,14.563479,120.9947073,1774234212000,0.0
synthetic-traffic-11-00,7,14.5633233,120.9947799,1774234214000,0.0
synthetic-traffic-11-00,8,14.5631672,120.9948517,1774234216000,0.0
synthetic-traffic-11-00,9,14.5630118,120.9949249,1774234218000,0.0
synthetic-traffic-11-00,10,14.5628564,120.994998,1774234220000,0.0
synthetic-traffic-11-00,11,14.562701,120.9950711,1774234222000,0.0
synthetic-traffic-11-00,12,14.5625989,120.9951651,1774234224000,0.0
synthetic-traffic-11-00,13,14.5626002,120.9951391,1774234226000,0.0
synthetic-traffic-11-00,14,14.5624803,120.995136,1774234228000,0.0
synthetic-traffic-11-00,15,14.5623168,120.9951884,1774234230000,0.0
synthetic-traffic-11-00,16,14.5621505,120.9952315,1774234232000,0.0
synthetic-traffic-11-00,17,14.5619843,120.9952746,1774234234000,0.0
synthetic-traffic-11-00,18,14.561818,120.9953177,1774234236000,0.0
synthetic-traffic-11-00,19,14.5616517,120.9953608,1774234238000,0.0
synthetic-traffic-11-00,20,14.5614854,120.9954038,1774234240000,0.0
synthetic-traffic-11-00,21,14.5613192,120.9954469,1774234242000,0.0
synthetic-traffic-11-00,22,14.5611529,120.99549,1774234244000,0.0
synthetic-traffic-11-00,23,14.5609871,120.9955334,1774234246000,0.0
synthetic-traffic-11-00,24,14.5608976,120.9955536,1774234248000,0.0
synthetic-traffic-11-00,25,14.5607301,120.9955918,1774234250000,0.0
synthetic-traffic-11-00,26,14.5605625,120.9956291,1774234252000,0.0
synthetic-traffic-11-00,27,14.5603948,120.9956664,1774234254000,0.0
synthetic-traffic-11-00,28,14.5602271,120.9957038,1774234256000,0.0
synthetic-traffic-11-00,29,14.560175,120.9956775,1774234258000,0.0
synthetic-traffic-11-00,30,14.5601486,120.9955078,1774234260000,0.0
synthetic-traffic-11-00,31,14.5601222,120.995338,1774234262000,0.0
synthetic-traffic-11-00,32,14.5600959,120.9951683,1774234264000,0.0
synthetic-traffic-11-00,33,14.5600699,120.9949985,1774234266000,0.0
synthetic-traffic-11-00,34,14.5600426,120.9948289,1774234268000,0.0
synthetic-traffic-11-00,35,14.5600131,120.9946597,1774234270000,0.0
synthetic-traffic-11-00,36,14.559984,120.9944904,1774234272000,0.0
synthetic-traffic-11-00,37,14.5599557,120.994321,1774234274000,0.0
synthetic-traffic-11-00,38,14.5599275,120.9941516,1774234276000,0.0
synthetic-traffic-11-00,39,14.5598992,120.9939822,1774234278000,0.0
synthetic-traffic-11-00,40,14.5598709,120.9938127,1774234280000,0.0
synthetic-traffic-11-00,41,14.5598427,120.9936433,1774234282000,0.0
synthetic-traffic-11-00,42,14.5598144,120.9934739,1774234284000,0.0
synthetic-traffic-11-00,43,14.5597861,120.9933045,1774234286000,0.0
synthetic-traffic-11-00,44,14.5597579,120.993135,1774234288000,0.0
synthetic-traffic-11-00,45,14.5597296,120.9929656,1774234290000,0.0
synthetic-traffic-11-01,0,14.570849,120.9935069,1774234200000,0.0
synthetic-traffic-11-01,1,14.5708248,120.993443,1774234202000,0.0
synthetic-traffic-11-01,2,14.5708005,120.993379,1774234204000,0.0
synthetic-traffic-11-01,3,14.5707763,120.9933151,1774234206000,0.0
synthetic-traffic-11-01,4,14.5707521,120.9932511,1774234208000,0.0
synthetic-traffic-11-01,5,14.5707279,120.9931872,1774234210000,0.0
synthetic-traffic-11-01,6,14.5707036,120.9931233,1774234212000,0.0
synthetic-traffic-11-01,7,14.5706794,120.9930593,1774234214000,0.0
synthetic-traffic-11-01,8,14.5706552,120.9929954,1774234216000,0.0
synthetic-traffic-11-01,9,14.5706309,120.9929315,1774234218000,0.0
synthetic-traffic-11-01,10,14.5706067,120.9928675,1774234220000,0.0
synthetic-traffic-11-01,11,14.5705825,120.9928036,1774234222000,0.0
synthetic-traffic-11-01,12,14.5705583,120.9927396,1774234224000,0.0
synthetic-traffic-11-01,13,14.570534,120.9926757,1774234226000,0.0
synthetic-traffic-11-01,14,14.5705098,120.9926117,1774234228000,0.0
synthetic-traffic-11-01,15,14.5704856,120.9925478,1774234230000,0.0
synthetic-traffic-11-01,16,14.5704614,120.9924838,1774234232000,0.0
synthetic-traffic-11-01,17,14.5705125,120.9924479,1774234234000,0.0
synthetic-traffic-11-01,18,14.5705725,120.9924152,1774234236000,0.0
synthetic-traffic-11-01,19,14.5706326,120.9923826,1774234238000,0.0
synthetic-traffic-11-01,20,14.5706927,120.99235,1774234240000,0.0
synthetic-traffic-11-01,21,14.5707528,120.9923174,1774234242000,0.0
synthetic-traffic-11-01,22,14.5708129,120.9922847,1774234244000,0.0
synthetic-traffic-11-01,23,14.570873,120.9922521,1774234246000,0.0
synthetic-traffic-11-01,24,14.5709331,120.9922195,1774234248000,0.0
synthetic-traffic-11-01,25,14.5709931,120.9921867,1774234250000,0.0
synthetic-traffic-11-01,26,14.5710529,120.9921535,1774234252000,0.0
synthetic-traffic-11-01,27,14.5710874,120.9921182,1774234254000,0.0
synthetic-traffic-11-01,28,14.5710339,120.9920755,1774234256000,0.0
synthetic-traffic-11-01,29,14.5709803,120.9920331,1774234258000,0.0
synthetic-traffic-11-01,30,14.5709262,120.9919913,1774234260000,0.0
synthetic-traffic-11-01,31,14.5708724,120.9919491,1774234262000,0.0
synthetic-traffic-11-01,32,14.5708193,120.991906,1774234264000,0.0
synthetic-traffic-11-01,33,14.5707662,120.9918629,1774234266000,0.0
synthetic-traffic-11-01,34,14.5707132,120.9918198,1774234268000,0.0
synthetic-traffic-11-01,35,14.5706555,120.9917838,1774234270000,0.0
synthetic-traffic-11-01,36,14.5705943,120.9917533,1774234272000,0.0
synthetic-traffic-11-01,37,14.5705331,120.9917229,1774234274000,0.0
synthetic-traffic-11-01,38,14.5704718,120.9916925,1774234276000,0.0
synthetic-traffic-11-01,39,14.5704117,120.9916611,1774234278000,0.0
synthetic-traffic-11-01,40,14.5703905,120.9915961,1774234280000,0.0
synthetic-traffic-11-01,41,14.5704003,120.9915437,1774234282000,0.0
synthetic-traffic-11-01,42,14.5704608,120.9915119,1774234284000,0.0
synthetic-traffic-11-01,43,14.5705213,120.99148,1774234286000,0.0
synthetic-traffic-11-01,44,14.5705818,120.9914482,1774234288000,0.0
synthetic-traffic-11-01,45,14.5706423,120.9914163,1774234290000,0.0
synthetic-traffic-11-02,0,14.5643695,120.9943615,1774234200000,0.0
synthetic-traffic-11-02,1,14.5644197,120.9944202,1774234202000,0.0
synthetic-traffic-11-02,2,14.5645084,120.9943787,1774234204000,0.0
synthetic-traffic-11-02,3,14.5645966,120.9943361,1774234206000,0.0
synthetic-traffic-11-02,4,14.5646848,120.9942935,1774234208000,0.0
synthetic-traffic-11-02,5,14.5647729,120.9942509,1774234210000,0.0
synthetic-traffic-11-02,6,14.5648611,120.9942083,1774234212000,0.0
synthetic-traffic-11-02,7,14.5649493,120.9941658,1774234214000,0.0
synthetic-traffic-11-02,8,14.5650375,120.9941232,1774234216000,0.0
synthetic-traffic-11-02,9,14.5651257,120.9940806,1774234218000,0.0
synthetic-traffic-11-02,10,14.565215,120.9940405,1774234220000,0.0
synthetic-traffic-11-02,11,14.5653044,120.9940005,1774234222000,0.0
synthetic-traffic-11-02,12,14.5653459,120.9939453,1774234224000,0.0
synthetic-traffic-11-02,13,14.5653537,120.9939591,1774234226000,0.0
synthetic-traffic-11-02,14,14.5654358,120.9939438,1774234228000,0.0
synthetic-traffic-11-02,15,14.5655258,120.9939051,1774234230000,0.0
synthetic-traffic-11-02,16,14.5656144,120.9938633,1774234232000,0.0
synthetic-traffic-11-02,17,14.5657026,120.9938209,1774234234000,0.0
synthetic-traffic-11-02,18,14.5657796,120.99381,1774234236000,0.0
synthetic-traffic-11-02,19,14.5658191,120.9938996,1774234238000,0.0
synthetic-traffic-11-02,20,14.5658582,120.9939894,1774234240000,0.0
synthetic-traffic-11-02,21,14.5658973,120.9940792,1774234242000,0.0
synthetic-traffic-11-02,22,14.5659364,120.994169,1774234244000,0.0
synthetic-traffic-11-02,23,14.5659754,120.9942588,1774234246000,0.0
synthetic-traffic-11-02,24,14.5660145,120.9943486,1774234248000,0.0
synthetic-traffic-11-02,25,14.5660536,120.9944384,1774234250000,0.0
synthetic-traffic-11-02,26,14.5660927,120.9945282,1774234252000,0.0
synthetic-traffic-11-02,27,14.5661727,120.9945095,1774234254000,0.0
synthetic-traffic-11-02,28,14.5662614,120.994468,1774234256000,0.0
synthetic-traffic-11-02,29,14.5663499,120.9944259,1774234258000,0.0
synthetic-traffic-11-02,30,14.5664382,120.9943835,1774234260000,0.0
synthetic-traffic-11-02,31,14.5665264,120.9943411,1774234262000,0.0
synthetic-traffic-11-02,32,14.5666146,120.9942986,1774234264000,0.0
synthetic-traffic-11-02,33,14.5667028,120.994256,1774234266000,0.0
synthetic-traffic-11-02,34,14.5667911,120.9942135,1774234268000,0.0
synthetic-traffic-11-02,35,14.5668794,120.9941712,1774234270000,0.0
synthetic-traffic-11-02,36,14.5669678,120.9941292,1774234272000,0.0
synthetic-traffic-11-02,37,14.5670563,120.9940872,1774234274000,0.0
synthetic-traffic-11-02,38,14.5671448,120.9940452,1774234276000,0.0
synthetic-traffic-11-02,39,14.5672332,120.9940032,1774234278000,0.0
synthetic-traffic-11-02,40,14.5673221,120.993962,1774234280000,0.0
synthetic-traffic-11-02,41,14.5674111,120.9939212,1774234282000,0.0
synthetic-traffic-11-02,42,14.5675001,120.9938803,1774234284000,0.0
synthetic-traffic-11-02,43,14.5675891,120.9938394,1774234286000,0.0
synthetic-traffic-11-02,44,14.5676781,120.9937986,1774234288000,0.0
synthetic-traffic-11-02,45,14.5677671,120.9937577,1774234290000,0.0
synthetic-traffic-11-03,0,14.5587681,120.996085,1774234200000,0.0
synthetic-traffic-11-03,1,14.5588512,120.996111,1774234202000,0.0
synthetic-traffic-11-03,2,14.5589689,120.9960838,1774234204000,0.0
synthetic-traffic-11-03,3,14.5590865,120.9960567,1774234206000,0.0
synthetic-traffic-11-03,4,14.5592041,120.9960296,1774234208000,0.0
synthetic-traffic-11-03,5,14.5593218,120.9960025,1774234210000,0.0
synthetic-traffic-11-03,6,14.5594394,120.9959754,1774234212000,0.0
synthetic-traffic-11-03,7,14.559557,120.9959483,1774234214000,0.0
synthetic-traffic-11-03,8,14.5596746,120.995921,1774234216000,0.0
synthetic-traffic-11-03,9,14.5597922,120.9958937,1774234218000,0.0
synthetic-traffic-11-03,10,14.5599098,120.9958664,1774234220000,0.0
synthetic-traffic-11-03,11,14.5600274,120.9958391,1774234222000,0.0
synthetic-traffic-11-03,12,14.560145,120.9958119,1774234224000,0.0
synthetic-traffic-11-03,13,14.5601856,120.9957361,1774234226000,0.0
synthetic-traffic-11-03,14,14.5601656,120.995617,1774234228000,0.0
synthetic-traffic-11-03,15,14.5601471,120.9954978,1774234230000,0.0
synthetic-traffic-11-03,16,14.5601285,120.9953785,1774234232000,0.0
synthetic-traffic-11-03,17,14.56011,120.9952592,1774234234000,0.0
synthetic-traffic-11-03,18,14.5600915,120.9951399,1774234236000,0.0
synthetic-traffic-11-03,19,14.5600733,120.9950206,1774234238000,0.0
synthetic-traffic-11-03,20,14.560055,120.9949012,1774234240000,0.0
synthetic-traffic-11-03,21,14.5600345,120.9947823,1774234242000,0.0
synthetic-traffic-11-03,22,14.5600137,120.9946634,1774234244000,0.0
synthetic-traffic-11-03,23,14.5599931,120.9945444,1774234246000,0.0
synthetic-traffic-11-03,24,14.5600959,120.994499,1774234248000,0.0
synthetic-traffic-11-03,25,14.5602102,120.9944601,1774234250000,0.0
synthetic-traffic-11-03,26,14.5603163,120.9944025,1774234252000,0.0
synthetic-traffic-11-03,27,14.5604223,120.9943449,1774234254000,0.0
synthetic-traffic-11-03,28,14.5605284,120.9942872,1774234256000,0.0
synthetic-traffic-11-03,29,14.5606345,120.9942296,1774234258000,0.0
synthetic-traffic-11-03,30,14.5607405,120.9941719,1774234260000,0.0
synthetic-traffic-11-03,31,14.5608466,120.9941143,1774234262000,0.0
synthetic-traffic-11-03,32,14.5609524,120.9940562,1774234264000,0.0
synthetic-traffic-11-03,33,14.5610579,120.9939974,1774234266000,0.0
synthetic-traffic-11-03,34,14.5611616,120.9939357,1774234268000,0.0
synthetic-traffic-11-03,35,14.5612254,120.9938469,1774234270000,0.0
synthetic-traffic-11-03,36,14.5612184,120.9938952,1774234272000,0.0
synthetic-traffic-11-03,37,14.5612719,120.9940021,1774234274000,0.0
synthetic-traffic-11-03,38,14.5613312,120.9941072,1774234276000,0.0
synthetic-traffic-11-03,39,14.561407,120.9941998,1774234278000,0.0
synthetic-traffic-11-03,40,14.5614892,120.9941456,1774234280000,0.0
synthetic-traffic-11-03,41,14.5614876,120.9940559,1774234282000,0.0
synthetic-traffic-11-03,42,14.5614096,120.9939638,1774234284000,0.0
synthetic-traffic-11-03,43,14.561341,120.9938645,1774234286000,0.0
synthetic-traffic-11-03,44,14.5612841,120.9937582,1774234288000,0.0
synthetic-traffic-11-03,45,14.5612306,120.9938113,1774234290000,0.0
synthetic-traffic-11-04,0,14.5618298,120.9968042,1774234200000,0.0
synthetic-traffic-11-04,1,14.5617189,120.9968457,1774234202000,0.0
synthetic-traffic-11-04,2,14.561608,120.9968871,1774234204000,0.0
synthetic-traffic-11-04,3,14.5614971,120.9969286,1774234206000,0.0
synthetic-traffic-11-04,4,14.5613862,120.9969701,1774234208000,0.0
synthetic-traffic-11-04,5,14.5612753,120.9970115,1774234210000,0.0
synthetic-traffic-11-04,6,14.5611639,120.9970515,1774234212000,0.0
synthetic-traffic-11-04,7,14.5610525,120.9970917,1774234214000,0.0
synthetic-traffic-11-04,8,14.5609412,120.9971319,1774234216000,0.0
synthetic-traffic-11-04,9,14.5608298,120.9971722,1774234218000,0.0
synthetic-traffic-11-04,10,14.5607184,120.9972121,1774234220000,0.0
synthetic-traffic-11-04,11,14.5606068,120.9972517,1774234222000,0.0
synthetic-traffic-11-04,12,14.5604952,120.9972914,1774234224000,0.0
synthetic-traffic-11-04,13,14.5603841,120.9973322,1774234226000,0.0
synthetic-traffic-11-04,14,14.5602731,120.9973735,1774234228000,0.0
synthetic-traffic-11-04,15,14.5601617,120.9974136,1774234230000,0.0
synthetic-traffic-11-04,16,14.5600505,120.9974542,1774234232000,0.0
synthetic-traffic-11-04,17,14.5599393,120.9974948,1774234234000,0.0
synthetic-traffic-11-04,18,14.5598285,120.9975366,1774234236000,0.0
synthetic-traffic-11-04,19,14.5597187,120.9975809,1774234238000,0.0
synthetic-traffic-11-04,20,14.559609,120.9976253,1774234240000,0.0
synthetic-traffic-11-04,21,14.5594972,120.9976636,1774234242000,0.0
synthetic-traffic-11-04,22,14.5593825,120.997693,1774234244000,0.0
synthetic-traffic-11-04,23,14.5592678,120.9977224,1774234246000,0.0
synthetic-traffic-11-04,24,14.5591531,120.9977518,1774234248000,0.0
synthetic-traffic-11-04,25,14.5590384,120.9977812,1774234250000,0.0
synthetic-traffic-11-04,26,14.5589237,120.9978106,1774234252000,0.0
synthetic-traffic-11-04,27,14.5588091,120.99784,1774234254000,0.0
synthetic-traffic-11-04,28,14.5586944,120.9978695,1774234256000,0.0
synthetic-traffic-11-04,29,14.5585824,120.9979078,1774234258000,0.0
synthetic-traffic-11-04,30,14.5584706,120.9979469,1774234260000,0.0
synthetic-traffic-11-04,31,14.5583589,120.997986,1774234262000,0.0
synthetic-traffic-11-04,32,14.5582471,120.9980251,1774234264000,0.0
synthetic-traffic-11-04,33,14.5581354,120.9980642,1774234266000,0.0
synthetic-traffic-11-04,34,14.5580236,120.9981033,1774234268000,0.0
synthetic-traffic-11-04,35,14.5579119,120.9981424,1774234270000,0.0
synthetic-traffic-11-04,36,14.5578001,120.9981815,1774234272000,0.0
synthetic-traffic-11-04,37,14.5576866,120.9982151,1774234274000,0.0
synthetic-traffic-11-04,38,14.5575725,120.9982467,1774234276000,0.0
synthetic-traffic-11-04,39,14.5574584,120.9982783,1774234278000,0.0
synthetic-traffic-11-04,40,14.5573443,120.9983099,1774234280000,0.0
synthetic-traffic-11-04,41,14.5572302,120.9983415,1774234282000,0.0
synthetic-traffic-11-04,42,14.5571161,120.9983732,1774234284000,0.0
synthetic-traffic-11-04,43,14.557002,120.9984048,1774234286000,0.0
synthetic-traffic-11-04,44,14.5568879,120.9984364,1774234288000,0.0
synthetic-traffic-11-04,45,14.5567732,120.9984653,1774234290000,0.0
synthetic-00-00,0,14.5609964,120.9955721,1767571200000,0.0
synthetic-00-00,1,14.5611594,120.9955736,1767571202000,0.0
synthetic-00-00,2,14.5613521,120.9955265,1767571204000,0.0
synthetic-00-00,3,14.5615447,120.9954794,1767571206000,0.0
synthetic-00-00,4,14.5617374,120.9954323,1767571208000,0.0
synthetic-00-00,5,14.56193,120.9953852,1767571210000,0.0
synthetic-00-00,6,14.5621227,120.995338,1767571212000,0.0
synthetic-00-00,7,14.5623154,120.9952909,1767571214000,0.0
synthetic-00-00,8,14.5625088,120.9952492,1767571216000,0.0
synthetic-00-00,9,14.5626008,120.995127,1767571218000,0.0
synthetic-00-00,10,14.5624436,120.9951481,1767571220000,0.0
synthetic-00-00,11,14.5622537,120.9952048,1767571222000,0.0
synthetic-00-00,12,14.5620617,120.9952545,1767571224000,0.0
synthetic-00-00,13,14.5618697,120.9953043,1767571226000,0.0
synthetic-00-00,14,14.5616777,120.995354,1767571228000,0.0
synthetic-00-00,15,14.5614857,120.9954038,1767571230000,0.0
synthetic-00-00,16,14.5612937,120.9954535,1767571232000,0.0
synthetic-00-00,17,14.5611017,120.9955033,1767571234000,0.0
synthetic-00-00,18,14.5609871,120.9955335,1767571236000,0.0
synthetic-00-00,19,14.5607943,120.9955774,1767571238000,0.0
synthetic-00-00,20,14.5606007,120.9956206,1767571240000,0.0
synthetic-00-00,21,14.5604071,120.9956637,1767571242000,0.0
synthetic-00-00,22,14.5602135,120.9957068,1767571244000,0.0
synthetic-00-00,23,14.5601688,120.9956375,1767571246000,0.0
synthetic-00-00,24,14.5601383,120.9954415,1767571248000,0.0
synthetic-00-00,25,14.5601078,120.9952455,1767571250000,0.0
synthetic-00-00,26,14.5600777,120.9950495,1767571252000,0.0
synthetic-00-00,27,14.5600469,120.9948535,1767571254000,0.0
synthetic-00-00,28,14.5600128,120.9946581,1767571256000,0.0
synthetic-00-00,29,14.5599793,120.9944626,1767571258000,0.0
synthetic-00-00,30,14.5599467,120.994267,1767571260000,0.0
synthetic-00-00,31,14.5599141,120.9940714,1767571262000,0.0
synthetic-00-00,32,14.5598814,120.9938757,1767571264000,0.0
synthetic-00-00,33,14.5598488,120.9936801,1767571266000,0.0
synthetic-00-00,34,14.5598162,120.9934845,1767571268000,0.0
synthetic-00-00,35,14.5597835,120.9932888,1767571270000,0.0
synthetic-00-00,36,14.5597509,120.9930932,1767571272000,0.0
synthetic-00-00,37,14.5596649,120.9929894,1767571274000,0.0
synthetic-00-00,38,14.5594779,120.9930555,1767571276000,0.0
synthetic-00-00,39,14.5592899,120.9931187,1767571278000,0.0
synthetic-00-00,40,14.5590999,120.9931758,1767571280000,0.0
synthetic-00-00,41,14.558909,120.9932293,1767571282000,0.0
synthetic-00-00,42,14.5587178,120.993282,1767571284000,0.0
synthetic-00-00,43,14.5585243,120.9933254,1767571286000,0.0
synthetic-00-00,44,14.5583305,120.9933678,1767571288000,0.0
synthetic-00-00,45,14.5581368,120.9934105,1767571290000,0.0
synthetic-00-00,46,14.5579907,120.9933715,1767571292000,0.0
synthetic-00-00,47,14.5579317,120.9931821,1767571294000,0.0
synthetic-00-00,48,14.5578744,120.9929922,1767571296000,0.0
synthetic-00-00,49,14.5578173,120.9928023,1767571298000,0.0
synthetic-00-00,50,14.5577593,120.9926126,1767571300000,0.0
synthetic-00-00,51,14.5577014,120.9924229,1767571302000,0.0
synthetic-00-00,52,14.5576434,120.9922333,1767571304000,0.0
synthetic-00-00,53,14.5575855,120.9920436,1767571306000,0.0
synthetic-00-00,54,14.5575275,120.9918539,1767571308000,0.0
synthetic-00-00,55,14.5574696,120.9916642,1767571310000,0.0
synthetic-00-00,56,14.5574116,120.9914745,1767571312000,0.0
synthetic-00-00,57,14.5573537,120.9912848,1767571314000,0.0
synthetic-00-00,58,14.5572957,120.9910952,1767571316000,0.0
synthetic-00-00,59,14.5572378,120.9909055,1767571318000,0.0
synthetic-00-00,60,14.5571798,120.9907158,1767571320000,0.0
synthetic-00-00,61,14.5570625,120.9906383,1767571322000,0.0
synthetic-00-00,62,14.5569972,120.990451,1767571324000,0.0
synthetic-00-00,63,14.5569318,120.9902637,1767571326000,0.0
synthetic-00-00,64,14.5568665,120.9900765,1767571328000,0.0
synthetic-00-00,65,14.556801,120.9898892,1767571330000,0.0
synthetic-00-00,66,14.5567356,120.989702,1767571332000,0.0
synthetic-00-00,67,14.5566702,120.9895147,1767571334000,0.0
synthetic-00-00,68,14.5566032,120.9893281,1767571336000,0.0
synthetic-00-00,69,14.5565352,120.9891418,1767571338000,0.0
synthetic-00-00,70,14.5564709,120.9889541,1767571340000,0.0
synthetic-00-00,71,14.5564069,120.9887664,1767571342000,0.0
synthetic-00-00,72,14.5563428,120.9885787,1767571344000,0.0
synthetic-00-00,73,14.5562922,120.988432,1767571346000,0.0
synthetic-00-00,74,14.5562072,120.9885446,1767571348000,0.0
synthetic-00-00,75,14.5560185,120.9886057,1767571350000,0.0
synthetic-00-00,76,14.5558298,120.9886667,1767571352000,0.0
synthetic-00-00,77,14.5556411,120.9887278,1767571354000,0.0
synthetic-00-00,78,14.5554524,120.9887888,1767571356000,0.0
synthetic-00-00,79,14.5552636,120.9888495,1767571358000,0.0
synthetic-00-00,80,14.5550748,120.9889104,1767571360000,0.0
synthetic-00-00,81,14.5548863,120.9889721,1767571362000,0.0
synthetic-00-00,82,14.5547486,120.9888676,1767571364000,0.0
synthetic-00-01,0,14.5633467,120.9988721,1768176000000,0.0
synthetic-00-01,1,14.5633042,120.9987736,1768176002000,0.0
synthetic-00-01,2,14.5632617,120.9986751,1768176004000,0.0
synthetic-00-01,3,14.5632192,120.9985765,1768176006000,0.0
synthetic-00-01,4,14.5631559,120.9985222,1768176008000,0.0
synthetic-00-01,5,14.5630528,120.9985523,1768176010000,0.0
synthetic-00-01,6,14.5629498,120.9985823,1768176012000,0.0
synthetic-00-01,7,14.5628468,120.9986123,1768176014000,0.0
synthetic-00-01,8,14.5627456,120.9986476,1768176016000,0.0
synthetic-00-01,9,14.562646,120.9986874,1768176018000,0.0
synthetic-00-01,10,14.5625463,120.9987272,1768176020000,0.0
synthetic-00-01,11,14.5624467,120.998767,1768176022000,0.0
synthetic-00-01,12,14.5623484,120.99881,1768176024000,0.0
synthetic-00-01,13,14.5622514,120.9988558,1768176026000,0.0
synthetic-00-01,14,14.5621544,120.9989017,1768176028000,0.0
synthetic-00-01,15,14.5620597,120.9989513,1768176030000,0.0
synthetic-00-01,16,14.5619803,120.9990231,1768176032000,0.0
synthetic-00-01,17,14.5620053,120.9990994,1768176034000,0.0
synthetic-00-01,18,14.5620816,120.9991749,1768176036000,0.0
synthetic-00-01,19,14.5621578,120.9992504,1768176038000,0.0
synthetic-00-01,20,14.562234,120.9993259,1768176040000,0.0
synthetic-00-01,21,14.5623103,120.9994015,1768176042000,0.0
synthetic-00-01,22,14.5623865,120.999477,1768176044000,0.0
synthetic-00-01,23,14.5624627,120.9995525,1768176046000,0.0
synthetic-00-01,24,14.562539,120.999628,1768176048000,0.0
synthetic-00-01,25,14.5626152,120.9997035,1768176050000,0.0
synthetic-00-01,26,14.5626914,120.999779,1768176052000,0.0
synthetic-00-01,27,14.5627677,120.9998545,1768176054000,0.0
synthetic-00-01,28,14.5628431,120.9999308,1768176056000,0.0
synthetic-00-01,29,14.5629124,121.0000127,1768176058000,0.0
synthetic-00-01,30,14.5629816,121.0000947,1768176060000,0.0
synthetic-00-01,31,14.5630509,121.0001766,1768176062000,0.0
synthetic-00-01,32,14.5631259,121.0002532,1768176064000,0.0
synthetic-00-01,33,14.5632043,121.0003264,1768176066000,0.0
synthetic-00-01,34,14.5632827,121.0003996,1768176068000,0.0
synthetic-00-01,35,14.5633602,121.0004738,1768176070000,0.0
synthetic-00-01,36,14.5634341,121.0005516,1768176072000,0.0
synthetic-00-01,37,14.5635081,121.0006293,1768176074000,0.0
synthetic-00-01,38,14.563582,121.0007071,1768176076000,0.0
synthetic-00-01,39,14.5636569,121.0007839,1768176078000,0.0
synthetic-00-01,40,14.5637329,121.0008596,1768176080000,0.0
synthetic-00-01,41,14.5638089,121.0009354,1768176082000,0.0
synthetic-00-01,42,14.5638857,121.0010103,1768176084000,0.0
synthetic-00-01,43,14.5639631,121.0010847,1768176086000,0.0
synthetic-00-01,44,14.5640404,121.001159,1768176088000,0.0
synthetic-00-01,45,14.5641178,121.0012334,1768176090000,0.0
synthetic-00-02,0,14.5609964,120.9955721,1768780800000,0.0
synthetic-00-02,1,14.5611693,120.9955712,1768780802000,0.0
synthetic-00-02,2,14.5613718,120.9955217,1768780804000,0.0
synthetic-00-02,3,14.5615744,120.9954722,1768780806000,0.0
synthetic-00-02,4,14.5617769,120.9954226,1768780808000,0.0
synthetic-00-02,5,14.5619794,120.9953731,1768780810000,0.0
synthetic-00-02,6,14.562182,120.9953236,1768780812000,0.0
synthetic-00-02,7,14.5623842,120.9952727,1768780814000,0.0
synthetic-00-02,8,14.5625895,120.9952387,1768780816000,0.0
synthetic-00-02,9,14.5625451,120.9951147,1768780818000,0.0
synthetic-00-02,10,14.562347,120.9951799,1768780820000,0.0
synthetic-00-02,11,14.5621454,120.9952328,1768780822000,0.0
synthetic-00-02,12,14.5619435,120.9952851,1768780824000,0.0
synthetic-00-02,13,14.5617417,120.9953374,1768780826000,0.0
synthetic-00-02,14,14.5615398,120.9953897,1768780828000,0.0
synthetic-00-02,15,14.561338,120.995442,1768780830000,0.0
synthetic-00-02,16,14.5611361,120.9954944,1768780832000,0.0
synthetic-00-02,17,14.5609931,120.9955583,1768780834000,0.0
synthetic-00-02,18,14.5608091,120.995574,1768780836000,0.0
synthetic-00-02,19,14.5606057,120.9956195,1768780838000,0.0
synthetic-00-02,20,14.5604021,120.9956648,1768780840000,0.0
synthetic-00-02,21,14.5601986,120.9957101,1768780842000,0.0
synthetic-00-02,22,14.5601649,120.9956123,1768780844000,0.0
synthetic-00-02,23,14.5601328,120.9954063,1768780846000,0.0
synthetic-00-02,24,14.5601008,120.9952003,1768780848000,0.0
synthetic-00-02,25,14.5600692,120.9949942,1768780850000,0.0
synthetic-00-02,26,14.5600355,120.9947884,1768780852000,0.0
synthetic-00-02,27,14.5599997,120.994583,1768780854000,0.0
synthetic-00-02,28,14.5599651,120.9943774,1768780856000,0.0
synthetic-00-02,29,14.5599308,120.9941717,1768780858000,0.0
synthetic-00-02,30,14.5598965,120.993966,1768780860000,0.0
synthetic-00-02,31,14.5598622,120.9937604,1768780862000,0.0
synthetic-00-02,32,14.5598279,120.9935547,1768780864000,0.0
synthetic-00-02,33,14.5597936,120.993349,1768780866000,0.0
synthetic-00-02,34,14.5597593,120.9931434,1768780868000,0.0
synthetic-00-02,35,14.559703,120.9929754,1768780870000,0.0
synthetic-00-02,36,14.5595068,120.9930458,1768780872000,0.0
synthetic-00-02,37,14.5593092,120.9931122,1768780874000,0.0
synthetic-00-02,38,14.5591097,120.9931729,1768780876000,0.0
synthetic-00-02,39,14.558909,120.9932293,1768780878000,0.0
synthetic-00-02,40,14.558708,120.9932847,1768780880000,0.0
synthetic-00-02,41,14.5585044,120.9933298,1768780882000,0.0
synthetic-00-02,42,14.5583007,120.9933743,1768780884000,0.0
synthetic-00-02,43,14.5580971,120.9934193,1768780886000,0.0
synthetic-00-02,44,14.5579755,120.9933229,1768780888000,0.0
synthetic-00-02,45,14.5579139,120.9931237,1768780890000,0.0
synthetic-00-02,46,14.5578539,120.9929241,1768780892000,0.0
synthetic-00-02,47,14.5577935,120.9927245,1768780894000,0.0
synthetic-00-02,48,14.5577326,120.9925251,1768780896000,0.0
synthetic-00-02,49,14.5576716,120.9923257,1768780898000,0.0
synthetic-00-02,50,14.5576107,120.9921263,1768780900000,0.0
synthetic-00-02,51,14.5575498,120.9919268,1768780902000,0.0
synthetic-00-02,52,14.5574889,120.9917274,1768780904000,0.0
synthetic-00-02,53,14.557428,120.991528,1768780906000,0.0
synthetic-00-02,54,14.557367,120.9913286,1768780908000,0.0
synthetic-00-02,55,14.5573061,120.9911292,1768780910000,0.0
synthetic-00-02,56,14.5572452,120.9909298,1768780912000,0.0
synthetic-00-02,57,14.5571843,120.9907304,1768780914000,0.0
synthetic-00-02,58,14.5570642,120.9906431,1768780916000,0.0
synthetic-00-02,59,14.5569955,120.9904462,1768780918000,0.0
synthetic-00-02,60,14.5569268,120.9902493,1768780920000,0.0
synthetic-00-02,61,14.5568581,120.9900525,1768780922000,0.0
synthetic-00-02,62,14.5567893,120.9898556,1768780924000,0.0
synthetic-00-02,63,14.5567205,120.9896588,1768780926000,0.0
synthetic-00-02,64,14.5566518,120.9894619,1768780928000,0.0
synthetic-00-02,65,14.5565806,120.989266,1768780930000,0.0
synthetic-00-02,66,14.5565103,120.9890696,1768780932000,0.0
synthetic-00-02,67,14.556443,120.9888723,1768780934000,0.0
synthetic-00-02,68,14.5563757,120.988675,1768780936000,0.0
synthetic-00-02,69,14.5563081,120.9884777,1768780938000,0.0
synthetic-00-02,70,14.5562847,120.9885196,1768780940000,0.0
synthetic-00-02,71,14.5560863,120.9885838,1768780942000,0.0
synthetic-00-02,72,14.5558879,120.9886479,1768780944000,0.0
synthetic-00-02,73,14.5556895,120.9887121,1768780946000,0.0
synthetic-00-02,74,14.5554911,120.9887764,1768780948000,0.0
synthetic-00-02,75,14.5552926,120.9888402,1768780950000,0.0
synthetic-00-02,76,14.5550942,120.9889041,1768780952000,0.0
synthetic-00-02,77,14.554896,120.9889689,1768780954000,0.0
synthetic-00-02,78,14.5547486,120.9888676,1768780956000,0.0
synthetic-00-03,0,14.5633467,120.9988721,1769385600000,0.0
synthetic-00-03,1,14.5633042,120.9987736,1769385602000,0.0
synthetic-00-03,2,14.5632617,120.9986751,1769385604000,0.0
synthetic-00-03,3,14.5632192,120.9985765,1769385606000,0.0
synthetic-00-03,4,14.5631559,120.9985222,1769385608000,0.0
synthetic-00-03,5,14.5630528,120.9985523,1769385610000,0.0
synthetic-00-03,6,14.5629498,120.9985823,1769385612000,0.0
synthetic-00-03,7,14.5628468,120.9986123,1769385614000,0.0
synthetic-00-03,8,14.5627456,120.9986476,1769385616000,0.0
synthetic-00-03,9,14.562646,120.9986874,1769385618000,0.0
synthetic-00-03,10,14.5625463,120.9987272,1769385620000,0.0
synthetic-00-03,11,14.5624467,120.998767,1769385622000,0.0
synthetic-00-03,12,14.5623484,120.99881,1769385624000,0.0
synthetic-00-03,13,14.5622514,120.9988558,1769385626000,0.0
synthetic-00-03,14,14.5621544,120.9989017,1769385628000,0.0
synthetic-00-03,15,14.5620597,120.9989513,1769385630000,0.0
synthetic-00-03,16,14.5619803,120.9990231,1769385632000,0.0
synthetic-00-03,17,14.5620053,120.9990994,1769385634000,0.0
synthetic-00-03,18,14.5620816,120.9991749,1769385636000,0.0
synthetic-00-03,19,14.5621578,120.9992504,1769385638000,0.0
synthetic-00-03,20,14.562234,120.9993259,1769385640000,0.0
synthetic-00-03,21,14.5623103,120.9994015,1769385642000,0.0
synthetic-00-03,22,14.5623865,120.999477,1769385644000,0.0
synthetic-00-03,23,14.5624627,120.9995525,1769385646000,0.0
synthetic-00-03,24,14.562539,120.999628,1769385648000,0.0
synthetic-00-03,25,14.5626152,120.9997035,1769385650000,0.0
synthetic-00-03,26,14.5626914,120.999779,1769385652000,0.0
synthetic-00-03,27,14.5627677,120.9998545,1769385654000,0.0
synthetic-00-03,28,14.5628431,120.9999308,1769385656000,0.0
synthetic-00-03,29,14.5629124,121.0000127,1769385658000,0.0
synthetic-00-03,30,14.5629816,121.0000947,1769385660000,0.0
synthetic-00-03,31,14.5630509,121.0001766,1769385662000,0.0
synthetic-00-03,32,14.5631259,121.0002532,1769385664000,0.0
synthetic-00-03,33,14.5632043,121.0003264,1769385666000,0.0
synthetic-00-03,34,14.5632827,121.0003996,1769385668000,0.0
synthetic-00-03,35,14.5633602,121.0004738,1769385670000,0.0
synthetic-00-03,36,14.5634341,121.0005516,1769385672000,0.0
synthetic-00-03,37,14.5635081,121.0006293,1769385674000,0.0
synthetic-00-03,38,14.563582,121.0007071,1769385676000,0.0
synthetic-00-03,39,14.5636569,121.0007839,1769385678000,0.0
synthetic-00-03,40,14.5637329,121.0008596,1769385680000,0.0
synthetic-00-03,41,14.5638089,121.0009354,1769385682000,0.0
synthetic-00-03,42,14.5638857,121.0010103,1769385684000,0.0
synthetic-00-03,43,14.5639631,121.0010847,1769385686000,0.0
synthetic-00-03,44,14.5640404,121.001159,1769385688000,0.0
synthetic-00-03,45,14.5641178,121.0012334,1769385690000,0.0
synthetic-00-04,0,14.5609964,120.9955721,1769990400000,0.0
synthetic-00-04,1,14.561163,120.9955728,1769990402000,0.0
synthetic-00-04,2,14.5613592,120.9955248,1769990404000,0.0
synthetic-00-04,3,14.5615555,120.9954768,1769990406000,0.0
synthetic-00-04,4,14.5617517,120.9954288,1769990408000,0.0
synthetic-00-04,5,14.561948,120.9953808,1769990410000,0.0
synthetic-00-04,6,14.5621442,120.9953328,1769990412000,0.0
synthetic-00-04,7,14.5623405,120.9952848,1769990414000,0.0
synthetic-00-04,8,14.5625381,120.9952454,1769990416000,0.0
synthetic-00-04,9,14.5626004,120.9950964,1769990418000,0.0
synthetic-00-04,10,14.5624085,120.9951597,1769990420000,0.0
synthetic-00-04,11,14.5622143,120.995215,1769990422000,0.0
synthetic-00-04,12,14.5620187,120.9952657,1769990424000,0.0
synthetic-00-04,13,14.5618232,120.9953163,1769990426000,0.0
synthetic-00-04,14,14.5616276,120.995367,1769990428000,0.0
synthetic-00-04,15,14.561432,120.9954177,1769990430000,0.0
synthetic-00-04,16,14.5612364,120.9954684,1769990432000,0.0
synthetic-00-04,17,14.5610409,120.995519,1769990434000,0.0
synthetic-00-04,18,14.5609227,120.9955478,1769990436000,0.0
synthetic-00-04,19,14.5607258,120.9955928,1769990438000,0.0
synthetic-00-04,20,14.5605286,120.9956367,1769990440000,0.0
synthetic-00-04,21,14.5603313,120.9956806,1769990442000,0.0
synthetic-00-04,22,14.5601893,120.9957526,1769990444000,0.0
synthetic-00-04,23,14.5601557,120.9955535,1769990446000,0.0
synthetic-00-04,24,14.5601247,120.9953538,1769990448000,0.0
synthetic-00-04,25,14.5600937,120.9951542,1769990450000,0.0
synthetic-00-04,26,14.5600632,120.9949545,1769990452000,0.0
synthetic-00-04,27,14.5600297,120.9947552,1769990454000,0.0
synthetic-00-04,28,14.5599951,120.9945562,1769990456000,0.0
synthetic-00-04,29,14.5599617,120.9943569,1769990458000,0.0
synthetic-00-04,30,14.5599285,120.9941576,1769990460000,0.0
synthetic-00-04,31,14.5598952,120.9939584,1769990462000,0.0
synthetic-00-04,32,14.559862,120.9937591,1769990464000,0.0
synthetic-00-04,33,14.5598287,120.9935598,1769990466000,0.0
synthetic-00-04,34,14.5597955,120.9933605,1769990468000,0.0
synthetic-00-04,35,14.5597622,120.9931612,1769990470000,0.0
synthetic-00-04,36,14.5597261,120.9929669,1769990472000,0.0
synthetic-00-04,37,14.5595363,120.9930359,1769990474000,0.0
synthetic-00-04,38,14.5593448,120.9931003,1769990476000,0.0
synthetic-00-04,39,14.5591519,120.9931604,1769990478000,0.0
synthetic-00-04,40,14.5589577,120.9932159,1769990480000,0.0
synthetic-00-04,41,14.5587629,120.9932696,1769990482000,0.0
synthetic-00-04,42,14.5585664,120.9933162,1769990484000,0.0
synthetic-00-04,43,14.558369,120.9933594,1769990486000,0.0
synthetic-00-04,44,14.5581717,120.9934028,1769990488000,0.0
synthetic-00-04,45,14.5580002,120.9934021,1769990490000,0.0
synthetic-00-04,46,14.5579401,120.9932092,1769990492000,0.0
synthetic-00-04,47,14.5578815,120.9930158,1769990494000,0.0
synthetic-00-04,48,14.5578234,120.9928223,1769990496000,0.0
synthetic-00-04,49,14.5577644,120.9926291,1769990498000,0.0
synthetic-00-04,50,14.5577053,120.9924359,1769990500000,0.0
synthetic-00-04,51,14.5576463,120.9922427,1769990502000,0.0
synthetic-00-04,52,14.5575873,120.9920495,1769990504000,0.0
synthetic-00-04,53,14.5575282,120.9918562,1769990506000,0.0
synthetic-00-04,54,14.5574692,120.991663,1769990508000,0.0
synthetic-00-04,55,14.5574102,120.9914698,1769990510000,0.0
synthetic-00-04,56,14.5573512,120.9912766,1769990512000,0.0
synthetic-00-04,57,14.5572921,120.9910834,1769990514000,0.0
synthetic-00-04,58,14.5572331,120.9908902,1769990516000,0.0
synthetic-00-04,59,14.5571741,120.9906969,1769990518000,0.0
synthetic-00-04,60,14.5570548,120.9906162,1769990520000,0.0
synthetic-00-04,61,14.5569882,120.9904254,1769990522000,0.0
synthetic-00-04,62,14.5569217,120.9902346,1769990524000,0.0
synthetic-00-04,63,14.5568551,120.9900439,1769990526000,0.0
synthetic-00-04,64,14.5567884,120.9898532,1769990528000,0.0
synthetic-00-04,65,14.5567218,120.9896625,1769990530000,0.0
synthetic-00-04,66,14.5566552,120.9894717,1769990532000,0.0
synthetic-00-04,67,14.5565863,120.9892818,1769990534000,0.0
synthetic-00-04,68,14.5565179,120.9890917,1769990536000,0.0
synthetic-00-04,69,14.5564526,120.9889005,1769990538000,0.0
synthetic-00-04,70,14.5563874,120.9887093,1769990540000,0.0
synthetic-00-04,71,14.5563222,120.9885181,1769990542000,0.0
synthetic-00-04,72,14.5563145,120.988496,1769990544000,0.0
synthetic-00-04,73,14.5561393,120.9885666,1769990546000,0.0
synthetic-00-04,74,14.555947,120.9886288,1769990548000,0.0
synthetic-00-04,75,14.5557548,120.988691,1769990550000,0.0
synthetic-00-04,76,14.5555626,120.9887532,1769990552000,0.0
synthetic-00-04,77,14.5553703,120.9888152,1769990554000,0.0
synthetic-00-04,78,14.555178,120.988877,1769990556000,0.0
synthetic-00-04,79,14.5549858,120.9889395,1769990558000,0.0
synthetic-00-04,80,14.5548106,120.9889474,1769990560000,0.0
synthetic-00-05,0,14.5633467,120.9988721,1770595200000,0.0
synthetic-00-05,1,14.5633042,120.9987736,1770595202000,0.0
synthetic-00-05,2,14.5632617,120.9986751,1770595204000,0.0
synthetic-00-05,3,14.5632192,120.9985765,1770595206000,0.0
synthetic-00-05,4,14.5631559,120.9985222,1770595208000,0.0
synthetic-00-05,5,14.5630528,120.9985523,1770595210000,0.0
synthetic-00-05,6,14.5629498,120.9985823,1770595212000,0.0
synthetic-00-05,7,14.5628468,120.9986123,1770595214000,0.0
synthetic-00-05,8,14.5627456,120.9986476,1770595216000,0.0
synthetic-00-05,9,14.562646,120.9986874,1770595218000,0.0
synthetic-00-05,10,14.5625463,120.9987272,1770595220000,0.0
synthetic-00-05,11,14.5624467,120.998767,1770595222000,0.0
synthetic-00-05,12,14.5623484,120.99881,1770595224000,0.0
synthetic-00-05,13,14.5622514,120.9988558,1770595226000,0.0
synthetic-00-05,14,14.5621544,120.9989017,1770595228000,0.0
synthetic-00-05,15,14.5620597,120.9989513,1770595230000,0.0
synthetic-00-05,16,14.5619803,120.9990231,1770595232000,0.0
synthetic-00-05,17,14.5620053,120.9990994,1770595234000,0.0
synthetic-00-05,18,14.5620816,120.9991749,1770595236000,0.0
synthetic-00-05,19,14.5621578,120.9992504,1770595238000,0.0
synthetic-00-05,20,14.562234,120.9993259,1770595240000,0.0
synthetic-00-05,21,14.5623103,120.9994015,1770595242000,0.0
synthetic-00-05,22,14.5623865,120.999477,1770595244000,0.0
synthetic-00-05,23,14.5624627,120.9995525,1770595246000,0.0
synthetic-00-05,24,14.562539,120.999628,1770595248000,0.0
synthetic-00-05,25,14.5626152,120.9997035,1770595250000,0.0
synthetic-00-05,26,14.5626914,120.999779,1770595252000,0.0
synthetic-00-05,27,14.5627677,120.9998545,1770595254000,0.0
synthetic-00-05,28,14.5628431,120.9999308,1770595256000,0.0
synthetic-00-05,29,14.5629124,121.0000127,1770595258000,0.0
synthetic-00-05,30,14.5629816,121.0000947,1770595260000,0.0
synthetic-00-05,31,14.5630509,121.0001766,1770595262000,0.0
synthetic-00-05,32,14.5631259,121.0002532,1770595264000,0.0
synthetic-00-05,33,14.5632043,121.0003264,1770595266000,0.0
synthetic-00-05,34,14.5632827,121.0003996,1770595268000,0.0
synthetic-00-05,35,14.5633602,121.0004738,1770595270000,0.0
synthetic-00-05,36,14.5634341,121.0005516,1770595272000,0.0
synthetic-00-05,37,14.5635081,121.0006293,1770595274000,0.0
synthetic-00-05,38,14.563582,121.0007071,1770595276000,0.0
synthetic-00-05,39,14.5636569,121.0007839,1770595278000,0.0
synthetic-00-05,40,14.5637329,121.0008596,1770595280000,0.0
synthetic-00-05,41,14.5638089,121.0009354,1770595282000,0.0
synthetic-00-05,42,14.5638857,121.0010103,1770595284000,0.0
synthetic-00-05,43,14.5639631,121.0010847,1770595286000,0.0
synthetic-00-05,44,14.5640404,121.001159,1770595288000,0.0
synthetic-00-05,45,14.5641178,121.0012334,1770595290000,0.0
synthetic-00-06,0,14.5643695,120.9943615,1771210800000,0.0
synthetic-00-06,1,14.5642528,120.9943351,1771210802000,0.0
synthetic-00-06,2,14.5640969,120.9944073,1771210804000,0.0
synthetic-00-06,3,14.5639412,120.9944797,1771210806000,0.0
synthetic-00-06,4,14.5637869,120.9945552,1771210808000,0.0
synthetic-00-06,5,14.5636336,120.9946327,1771210810000,0.0
synthetic-00-06,6,14.563479,120.9947073,1771210812000,0.0
synthetic-00-06,7,14.5633233,120.9947799,1771210814000,0.0
synthetic-00-06,8,14.5631672,120.9948517,1771210816000,0.0
synthetic-00-06,9,14.5630118,120.9949249,1771210818000,0.0
synthetic-00-06,10,14.5628564,120.994998,1771210820000,0.0
synthetic-00-06,11,14.562701,120.9950711,1771210822000,0.0
synthetic-00-06,12,14.5625989,120.9951651,1771210824000,0.0
synthetic-00-06,13,14.5626002,120.9951391,1771210826000,0.0
synthetic-00-06,14,14.5624803,120.995136,1771210828000,0.0
synthetic-00-06,15,14.5623168,120.9951884,1771210830000,0.0
synthetic-00-06,16,14.5621505,120.9952315,1771210832000,0.0
synthetic-00-06,17,14.5619843,120.9952746,1771210834000,0.0
synthetic-00-06,18,14.561818,120.9953177,1771210836000,0.0
synthetic-00-06,19,14.5616517,120.9953608,1771210838000,0.0
synthetic-00-06,20,14.5614854,120.9954038,1771210840000,0.0
synthetic-00-06,21,14.5613192,120.9954469,1771210842000,0.0
synthetic-00-06,22,14.5611529,120.99549,1771210844000,0.0
synthetic-00-06,23,14.5609871,120.9955334,1771210846000,0.0
synthetic-00-06,24,14.5608976,120.9955536,1771210848000,0.0
synthetic-00-06,25,14.5607301,120.9955918,1771210850000,0.0
synthetic-00-06,26,14.5605625,120.9956291,1771210852000,0.0
synthetic-00-06,27,14.5603948,120.9956664,1771210854000,0.0
synthetic-00-06,28,14.5602271,120.9957038,1771210856000,0.0
synthetic-00-06,29,14.560175,120.9956775,1771210858000,0.0
synthetic-00-06,30,14.5601486,120.9955078,1771210860000,0.0
synthetic-00-06,31,14.5601222,120.995338,1771210862000,0.0
synthetic-00-06,32,14.5600959,120.9951683,1771210864000,0.0
synthetic-00-06,33,14.5600699,120.9949985,1771210866000,0.0
synthetic-00-06,34,14.5600426,120.9948289,1771210868000,0.0
synthetic-00-06,35,14.5600131,120.9946597,1771210870000,0.0
synthetic-00-06,36,14.559984,120.9944904,1771210872000,0.0
synthetic-00-06,37,14.5599557,120.994321,1771210874000,0.0
synthetic-00-06,38,14.5599275,120.9941516,1771210876000,0.0
synthetic-00-06,39,14.5598992,120.9939822,1771210878000,0.0
synthetic-00-06,40,14.5598709,120.9938127,1771210880000,0.0
synthetic-00-06,41,14.5598427,120.9936433,1771210882000,0.0
synthetic-00-06,42,14.5598144,120.9934739,1771210884000,0.0
synthetic-00-06,43,14.5597861,120.9933045,1771210886000,0.0
synthetic-00-06,44,14.5597579,120.993135,1771210888000,0.0
synthetic-00-06,45,14.5597296,120.9929656,1771210890000,0.0
synthetic-00-07,0,14.570849,120.9935069,1771815600000,0.0
synthetic-00-07,1,14.5708248,120.993443,1771815602000,0.0
synthetic-00-07,2,14.5708005,120.993379,1771815604000,0.0
synthetic-00-07,3,14.5707763,120.9933151,1771815606000,0.0
synthetic-00-07,4,14.5707521,120.9932511,1771815608000,0.0
synthetic-00-07,5,14.5707279,120.9931872,1771815610000,0.0
synthetic-00-07,6,14.5707036,120.9931233,1771815612000,0.0
synthetic-00-07,7,14.5706794,120.9930593,1771815614000,0.0
synthetic-00-07,8,14.5706552,120.9929954,1771815616000,0.0
synthetic-00-07,9,14.5706309,120.9929315,1771815618000,0.0
synthetic-00-07,10,14.5706067,120.9928675,1771815620000,0.0
synthetic-00-07,11,14.5705825,120.9928036,1771815622000,0.0
synthetic-00-07,12,14.5705583,120.9927396,1771815624000,0.0
synthetic-00-07,13,14.570534,120.9926757,1771815626000,0.0
synthetic-00-07,14,14.5705098,120.9926117,1771815628000,0.0
synthetic-00-07,15,14.5704856,120.9925478,1771815630000,0.0
synthetic-00-07,16,14.5704614,120.9924838,1771815632000,0.0
synthetic-00-07,17,14.5705125,120.9924479,1771815634000,0.0
synthetic-00-07,18,14.5705725,120.9924152,1771815636000,0.0
synthetic-00-07,19,14.5706326,120.9923826,1771815638000,0.0
synthetic-00-07,20,14.5706927,120.99235,1771815640000,0.0
synthetic-00-07,21,14.5707528,120.9923174,1771815642000,0.0
synthetic-00-07,22,14.5708129,120.9922847,1771815644000,0.0
synthetic-00-07,23,14.570873,120.9922521,1771815646000,0.0
synthetic-00-07,24,14.5709331,120.9922195,1771815648000,0.0
synthetic-00-07,25,14.5709931,120.9921867,1771815650000,0.0
synthetic-00-07,26,14.5710529,120.9921535,1771815652000,0.0
synthetic-00-07,27,14.5710874,120.9921182,1771815654000,0.0
synthetic-00-07,28,14.5710339,120.9920755,1771815656000,0.0
synthetic-00-07,29,14.5709803,120.9920331,1771815658000,0.0
synthetic-00-07,30,14.5709262,120.9919913,1771815660000,0.0
synthetic-00-07,31,14.5708724,120.9919491,1771815662000,0.0
synthetic-00-07,32,14.5708193,120.991906,1771815664000,0.0
synthetic-00-07,33,14.5707662,120.9918629,1771815666000,0.0
synthetic-00-07,34,14.5707132,120.9918198,1771815668000,0.0
synthetic-00-07,35,14.5706555,120.9917838,1771815670000,0.0
synthetic-00-07,36,14.5705943,120.9917533,1771815672000,0.0
synthetic-00-07,37,14.5705331,120.9917229,1771815674000,0.0
synthetic-00-07,38,14.5704718,120.9916925,1771815676000,0.0
synthetic-00-07,39,14.5704117,120.9916611,1771815678000,0.0
synthetic-00-07,40,14.5703905,120.9915961,1771815680000,0.0
synthetic-00-07,41,14.5704003,120.9915437,1771815682000,0.0
synthetic-00-07,42,14.5704608,120.9915119,1771815684000,0.0
synthetic-00-07,43,14.5705213,120.99148,1771815686000,0.0
synthetic-00-07,44,14.5705818,120.9914482,1771815688000,0.0
synthetic-00-07,45,14.5706423,120.9914163,1771815690000,0.0
synthetic-00-08,0,14.5643695,120.9943615,1772420400000,0.0
synthetic-00-08,1,14.5644197,120.9944202,1772420402000,0.0
synthetic-00-08,2,14.5645084,120.9943787,1772420404000,0.0
synthetic-00-08,3,14.5645966,120.9943361,1772420406000,0.0
synthetic-00-08,4,14.5646848,120.9942935,1772420408000,0.0
synthetic-00-08,5,14.5647729,120.9942509,1772420410000,0.0
synthetic-00-08,6,14.5648611,120.9942083,1772420412000,0.0
synthetic-00-08,7,14.5649493,120.9941658,1772420414000,0.0
synthetic-00-08,8,14.5650375,120.9941232,1772420416000,0.0
synthetic-00-08,9,14.5651257,120.9940806,1772420418000,0.0
synthetic-00-08,10,14.565215,120.9940405,1772420420000,0.0
synthetic-00-08,11,14.5653044,120.9940005,1772420422000,0.0
synthetic-00-08,12,14.5653459,120.9939453,1772420424000,0.0
synthetic-00-08,13,14.5653537,120.9939591,1772420426000,0.0
synthetic-00-08,14,14.5654358,120.9939438,1772420428000,0.0
synthetic-00-08,15,14.5655258,120.9939051,1772420430000,0.0
synthetic-00-08,16,14.5656144,120.9938633,1772420432000,0.0
synthetic-00-08,17,14.5657026,120.9938209,1772420434000,0.0
synthetic-00-08,18,14.5657796,120.99381,1772420436000,0.0
synthetic-00-08,19,14.5658191,120.9938996,1772420438000,0.0
synthetic-00-08,20,14.5658582,120.9939894,1772420440000,0.0
synthetic-00-08,21,14.5658973,120.9940792,1772420442000,0.0
synthetic-00-08,22,14.5659364,120.994169,1772420444000,0.0
synthetic-00-08,23,14.5659754,120.9942588,1772420446000,0.0
synthetic-00-08,24,14.5660145,120.9943486,1772420448000,0.0
synthetic-00-08,25,14.5660536,120.9944384,1772420450000,0.0
synthetic-00-08,26,14.5660927,120.9945282,1772420452000,0.0
synthetic-00-08,27,14.5661727,120.9945095,1772420454000,0.0
synthetic-00-08,28,14.5662614,120.994468,1772420456000,0.0
synthetic-00-08,29,14.5663499,120.9944259,1772420458000,0.0
synthetic-00-08,30,14.5664382,120.9943835,1772420460000,0.0
synthetic-00-08,31,14.5665264,120.9943411,1772420462000,0.0
synthetic-00-08,32,14.5666146,120.9942986,1772420464000,0.0
synthetic-00-08,33,14.5667028,120.994256,1772420466000,0.0
synthetic-00-08,34,14.5667911,120.9942135,1772420468000,0.0
synthetic-00-08,35,14.5668794,120.9941712,1772420470000,0.0
synthetic-00-08,36,14.5669678,120.9941292,1772420472000,0.0
synthetic-00-08,37,14.5670563,120.9940872,1772420474000,0.0
synthetic-00-08,38,14.5671448,120.9940452,1772420476000,0.0
synthetic-00-08,39,14.5672332,120.9940032,1772420478000,0.0
synthetic-00-08,40,14.5673221,120.993962,1772420480000,0.0
synthetic-00-08,41,14.5674111,120.9939212,1772420482000,0.0
synthetic-00-08,42,14.5675001,120.9938803,1772420484000,0.0
synthetic-00-08,43,14.5675891,120.9938394,1772420486000,0.0
synthetic-00-08,44,14.5676781,120.9937986,1772420488000,0.0
synthetic-00-08,45,14.5677671,120.9937577,1772420490000,0.0
synthetic-00-09,0,14.5587681,120.996085,1773025200000,0.0
synthetic-00-09,1,14.5588512,120.996111,1773025202000,0.0
synthetic-00-09,2,14.5589689,120.9960838,1773025204000,0.0
synthetic-00-09,3,14.5590865,120.9960567,1773025206000,0.0
synthetic-00-09,4,14.5592041,120.9960296,1773025208000,0.0
synthetic-00-09,5,14.5593218,120.9960025,1773025210000,0.0
synthetic-00-09,6,14.5594394,120.9959754,1773025212000,0.0
synthetic-00-09,7,14.559557,120.9959483,1773025214000,0.0
synthetic-00-09,8,14.5596746,120.995921,1773025216000,0.0
synthetic-00-09,9,14.5597922,120.9958937,1773025218000,0.0
synthetic-00-09,10,14.5599098,120.9958664,1773025220000,0.0
synthetic-00-09,11,14.5600274,120.9958391,1773025222000,0.0
synthetic-00-09,12,14.560145,120.9958119,1773025224000,0.0
synthetic-00-09,13,14.5601856,120.9957361,1773025226000,0.0
synthetic-00-09,14,14.5601656,120.995617,1773025228000,0.0
synthetic-00-09,15,14.5601471,120.9954978,1773025230000,0.0
synthetic-00-09,16,14.5601285,120.9953785,1773025232000,0.0
synthetic-00-09,17,14.56011,120.9952592,1773025234000,0.0
synthetic-00-09,18,14.5600915,120.9951399,1773025236000,0.0
synthetic-00-09,19,14.5600733,120.9950206,1773025238000,0.0
synthetic-00-09,20,14.560055,120.9949012,1773025240000,0.0
synthetic-00-09,21,14.5600345,120.9947823,1773025242000,0.0
synthetic-00-09,22,14.5600137,120.9946634,1773025244000,0.0
synthetic-00-09,23,14.5599931,120.9945444,1773025246000,0.0
synthetic-00-09,24,14.5600959,120.994499,1773025248000,0.0
synthetic-00-09,25,14.5602102,120.9944601,1773025250000,0.0
synthetic-00-09,26,14.5603163,120.9944025,1773025252000,0.0
synthetic-00-09,27,14.5604223,120.9943449,1773025254000,0.0
synthetic-00-09,28,14.5605284,120.9942872,1773025256000,0.0
synthetic-00-09,29,14.5606345,120.9942296,1773025258000,0.0
synthetic-00-09,30,14.5607405,120.9941719,1773025260000,0.0
synthetic-00-09,31,14.5608466,120.9941143,1773025262000,0.0
synthetic-00-09,32,14.5609524,120.9940562,1773025264000,0.0
synthetic-00-09,33,14.5610579,120.9939974,1773025266000,0.0
synthetic-00-09,34,14.5611616,120.9939357,1773025268000,0.0
synthetic-00-09,35,14.5612254,120.9938469,1773025270000,0.0
synthetic-00-09,36,14.5612184,120.9938952,1773025272000,0.0
synthetic-00-09,37,14.5612719,120.9940021,1773025274000,0.0
synthetic-00-09,38,14.5613312,120.9941072,1773025276000,0.0
synthetic-00-09,39,14.561407,120.9941998,1773025278000,0.0
synthetic-00-09,40,14.5614892,120.9941456,1773025280000,0.0
synthetic-00-09,41,14.5614876,120.9940559,1773025282000,0.0
synthetic-00-09,42,14.5614096,120.9939638,1773025284000,0.0
synthetic-00-09,43,14.561341,120.9938645,1773025286000,0.0
synthetic-00-09,44,14.5612841,120.9937582,1773025288000,0.0
synthetic-00-09,45,14.5612306,120.9938113,1773025290000,0.0
synthetic-00-10,0,14.5618298,120.9968042,1773630000000,0.0
synthetic-00-10,1,14.5617189,120.9968457,1773630002000,0.0
synthetic-00-10,2,14.561608,120.9968871,1773630004000,0.0
synthetic-00-10,3,14.5614971,120.9969286,1773630006000,0.0
synthetic-00-10,4,14.5613862,120.9969701,1773630008000,0.0
synthetic-00-10,5,14.5612753,120.9970115,1773630010000,0.0
synthetic-00-10,6,14.5611639,120.9970515,1773630012000,0.0
synthetic-00-10,7,14.5610525,120.9970917,1773630014000,0.0
synthetic-00-10,8,14.5609412,120.9971319,1773630016000,0.0
synthetic-00-10,9,14.5608298,120.9971722,1773630018000,0.0
synthetic-00-10,10,14.5607184,120.9972121,1773630020000,0.0
synthetic-00-10,11,14.5606068,120.9972517,1773630022000,0.0
synthetic-00-10,12,14.5604952,120.9972914,1773630024000,0.0
synthetic-00-10,13,14.5603841,120.9973322,1773630026000,0.0
synthetic-00-10,14,14.5602731,120.9973735,1773630028000,0.0
synthetic-00-10,15,14.5601617,120.9974136,1773630030000,0.0
synthetic-00-10,16,14.5600505,120.9974542,1773630032000,0.0
synthetic-00-10,17,14.5599393,120.9974948,1773630034000,0.0
synthetic-00-10,18,14.5598285,120.9975366,1773630036000,0.0
synthetic-00-10,19,14.5597187,120.9975809,1773630038000,0.0
synthetic-00-10,20,14.559609,120.9976253,1773630040000,0.0
synthetic-00-10,21,14.5594972,120.9976636,1773630042000,0.0
synthetic-00-10,22,14.5593825,120.997693,1773630044000,0.0
synthetic-00-10,23,14.5592678,120.9977224,1773630046000,0.0
synthetic-00-10,24,14.5591531,120.9977518,1773630048000,0.0
synthetic-00-10,25,14.5590384,120.9977812,1773630050000,0.0
synthetic-00-10,26,14.5589237,120.9978106,1773630052000,0.0
synthetic-00-10,27,14.5588091,120.99784,1773630054000,0.0
synthetic-00-10,28,14.5586944,120.9978695,1773630056000,0.0
synthetic-00-10,29,14.5585824,120.9979078,1773630058000,0.0
synthetic-00-10,30,14.5584706,120.9979469,1773630060000,0.0
synthetic-00-10,31,14.5583589,120.997986,1773630062000,0.0
synthetic-00-10,32,14.5582471,120.9980251,1773630064000,0.0
synthetic-00-10,33,14.5581354,120.9980642,1773630066000,0.0
synthetic-00-10,34,14.5580236,120.9981033,1773630068000,0.0
synthetic-00-10,35,14.5579119,120.9981424,1773630070000,0.0
synthetic-00-10,36,14.5578001,120.9981815,1773630072000,0.0
synthetic-00-10,37,14.5576866,120.9982151,1773630074000,0.0
synthetic-00-10,38,14.5575725,120.9982467,1773630076000,0.0
synthetic-00-10,39,14.5574584,120.9982783,1773630078000,0.0
synthetic-00-10,40,14.5573443,120.9983099,1773630080000,0.0
synthetic-00-10,41,14.5572302,120.9983415,1773630082000,0.0
synthetic-00-10,42,14.5571161,120.9983732,1773630084000,0.0
synthetic-00-10,43,14.557002,120.9984048,1773630086000,0.0
synthetic-00-10,44,14.5568879,120.9984364,1773630088000,0.0
synthetic-00-10,45,14.5567732,120.9984653,1773630090000,0.0
synthetic-00-11,0,14.5643695,120.9943615,1774234800000,0.0
synthetic-00-11,1,14.5642528,120.9943351,1774234802000,0.0
synthetic-00-11,2,14.5640969,120.9944073,1774234804000,0.0
synthetic-00-11,3,14.5639412,120.9944797,1774234806000,0.0
synthetic-00-11,4,14.5637869,120.9945552,1774234808000,0.0
synthetic-00-11,5,14.5636336,120.9946327,1774234810000,0.0
synthetic-00-11,6,14.563479,120.9947073,1774234812000,0.0
synthetic-00-11,7,14.5633233,120.9947799,1774234814000,0.0
synthetic-00-11,8,14.5631672,120.9948517,1774234816000,0.0
synthetic-00-11,9,14.5630118,120.9949249,1774234818000,0.0
synthetic-00-11,10,14.5628564,120.994998,1774234820000,0.0
synthetic-00-11,11,14.562701,120.9950711,1774234822000,0.0
synthetic-00-11,12,14.5625989,120.9951651,1774234824000,0.0
synthetic-00-11,13,14.5626002,120.9951391,1774234826000,0.0
synthetic-00-11,14,14.5624803,120.995136,1774234828000,0.0
synthetic-00-11,15,14.5623168,120.9951884,1774234830000,0.0
synthetic-00-11,16,14.5621505,120.9952315,1774234832000,0.0
synthetic-00-11,17,14.5619843,120.9952746,1774234834000,0.0
synthetic-00-11,18,14.561818,120.9953177,1774234836000,0.0
synthetic-00-11,19,14.5616517,120.9953608,1774234838000,0.0
synthetic-00-11,20,14.5614854,120.9954038,1774234840000,0.0
synthetic-00-11,21,14.5613192,120.9954469,1774234842000,0.0
synthetic-00-11,22,14.5611529,120.99549,1774234844000,0.0
synthetic-00-11,23,14.5609871,120.9955334,1774234846000,0.0
synthetic-00-11,24,14.5608976,120.9955536,1774234848000,0.0
synthetic-00-11,25,14.5607301,120.9955918,1774234850000,0.0
synthetic-00-11,26,14.5605625,120.9956291,1774234852000,0.0
synthetic-00-11,27,14.5603948,120.9956664,1774234854000,0.0
synthetic-00-11,28,14.5602271,120.9957038,1774234856000,0.0
synthetic-00-11,29,14.560175,120.9956775,1774234858000,0.0
synthetic-00-11,30,14.5601486,120.9955078,1774234860000,0.0
synthetic-00-11,31,14.5601222,120.995338,1774234862000,0.0
synthetic-00-11,32,14.5600959,120.9951683,1774234864000,0.0
synthetic-00-11,33,14.5600699,120.9949985,1774234866000,0.0
synthetic-00-11,34,14.5600426,120.9948289,1774234868000,0.0
synthetic-00-11,35,14.5600131,120.9946597,1774234870000,0.0
synthetic-00-11,36,14.559984,120.9944904,1774234872000,0.0
synthetic-00-11,37,14.5599557,120.994321,1774234874000,0.0
synthetic-00-11,38,14.5599275,120.9941516,1774234876000,0.0
synthetic-00-11,39,14.5598992,120.9939822,1774234878000,0.0
synthetic-00-11,40,14.5598709,120.9938127,1774234880000,0.0
synthetic-00-11,41,14.5598427,120.9936433,1774234882000,0.0
synthetic-00-11,42,14.5598144,120.9934739,1774234884000,0.0
synthetic-00-11,43,14.5597861,120.9933045,1774234886000,0.0
synthetic-00-11,44,14.5597579,120.993135,1774234888000,0.0
synthetic-00-11,45,14.5597296,120.9929656,1774234890000,0.0
synthetic-01-00,0,14.5633467,120.9988721,1767571203000,0.0
synthetic-01-00,1,14.5633042,120.9987736,1767571205000,0.0
synthetic-01-00,2,14.5632617,120.9986751,1767571207000,0.0
synthetic-01-00,3,14.5632192,120.9985765,1767571209000,0.0
synthetic-01-00,4,14.5631559,120.9985222,1767571211000,0.0
synthetic-01-00,5,14.5630528,120.9985523,1767571213000,0.0
synthetic-01-00,6,14.5629498,120.9985823,1767571215000,0.0
synthetic-01-00,7,14.5628468,120.9986123,1767571217000,0.0
synthetic-01-00,8,14.5627456,120.9986476,1767571219000,0.0
synthetic-01-00,9,14.562646,120.9986874,1767571221000,0.0
synthetic-01-00,10,14.5625463,120.9987272,1767571223000,0.0
synthetic-01-00,11,14.5624467,120.998767,1767571225000,0.0
synthetic-01-00,12,14.5623484,120.99881,1767571227000,0.0
synthetic-01-00,13,14.5622514,120.9988558,1767571229000,0.0
synthetic-01-00,14,14.5621544,120.9989017,1767571231000,0.0
synthetic-01-00,15,14.5620597,120.9989513,1767571233000,0.0
synthetic-01-00,16,14.5619803,120.9990231,1767571235000,0.0
synthetic-01-00,17,14.5620053,120.9990994,1767571237000,0.0
synthetic-01-00,18,14.5620816,120.9991749,1767571239000,0.0
synthetic-01-00,19,14.5621578,120.9992504,1767571241000,0.0
synthetic-01-00,20,14.562234,120.9993259,1767571243000,0.0
synthetic-01-00,21,14.5623103,120.9994015,1767571245000,0.0
synthetic-01-00,22,14.5623865,120.999477,1767571247000,0.0
synthetic-01-00,23,14.5624627,120.9995525,1767571249000,0.0
synthetic-01-00,24,14.562539,120.999628,1767571251000,0.0
synthetic-01-00,25,14.5626152,120.9997035,1767571253000,0.0
synthetic-01-00,26,14.5626914,120.999779,1767571255000,0.0
synthetic-01-00,27,14.5627677,120.9998545,1767571257000,0.0
synthetic-01-00,28,14.5628431,120.9999308,1767571259000,0.0
synthetic-01-00,29,14.5629124,121.0000127,1767571261000,0.0
synthetic-01-00,30,14.5629816,121.0000947,1767571263000,0.0
synthetic-01-00,31,14.5630509,121.0001766,1767571265000,0.0
synthetic-01-00,32,14.5631259,121.0002532,1767571267000,0.0
synthetic-01-00,33,14.5632043,121.0003264,1767571269000,0.0
synthetic-01-00,34,14.5632827,121.0003996,1767571271000,0.0
synthetic-01-00,35,14.5633602,121.0004738,1767571273000,0.0
synthetic-01-00,36,14.5634341,121.0005516,1767571275000,0.0
synthetic-01-00,37,14.5635081,121.0006293,1767571277000,0.0
synthetic-01-00,38,14.563582,121.0007071,1767571279000,0.0
synthetic-01-00,39,14.5636569,121.0007839,1767571281000,0.0
synthetic-01-00,40,14.5637329,121.0008596,1767571283000,0.0
synthetic-01-00,41,14.5638089,121.0009354,1767571285000,0.0
synthetic-01-00,42,14.5638857,121.0010103,1767571287000,0.0
synthetic-01-00,43,14.5639631,121.0010847,1767571289000,0.0
synthetic-01-00,44,14.5640404,121.001159,1767571291000,0.0
synthetic-01-00,45,14.5641178,121.0012334,1767571293000,0.0
synthetic-01-01,0,14.5609964,120.9955721,1768176003000,0.0
synthetic-01-01,1,14.5611548,120.9955748,1768176005000,0.0
synthetic-01-01,2,14.5613429,120.9955288,1768176007000,0.0
synthetic-01-01,3,14.561531,120.9954828,1768176009000,0.0
synthetic-01-01,4,14.561719,120.9954368,1768176011000,0.0
synthetic-01-01,5,14.5619071,120.9953908,1768176013000,0.0
synthetic-01-01,6,14.5620952,120.9953448,1768176015000,0.0
synthetic-01-01,7,14.5622833,120.9952988,1768176017000,0.0
synthetic-01-01,8,14.5624713,120.9952541,1768176019000,0.0
synthetic-01-01,9,14.5625987,120.9951695,1768176021000,0.0
synthetic-01-01,10,14.5624885,120.9951333,1768176023000,0.0
synthetic-01-01,11,14.562304,120.9951917,1768176025000,0.0
synthetic-01-01,12,14.5621165,120.9952403,1768176027000,0.0
synthetic-01-01,13,14.5619291,120.9952889,1768176029000,0.0
synthetic-01-01,14,14.5617417,120.9953374,1768176031000,0.0
synthetic-01-01,15,14.5615543,120.995386,1768176033000,0.0
synthetic-01-01,16,14.5613668,120.9954346,1768176035000,0.0
synthetic-01-01,17,14.5611794,120.9954831,1768176037000,0.0
synthetic-01-01,18,14.560992,120.9955317,1768176039000,0.0
synthetic-01-01,19,14.5608817,120.9955573,1768176041000,0.0
synthetic-01-01,20,14.5606929,120.9956001,1768176043000,0.0
synthetic-01-01,21,14.5605039,120.9956422,1768176045000,0.0
synthetic-01-01,22,14.5603149,120.9956842,1768176047000,0.0
synthetic-01-01,23,14.5601874,120.9957444,1768176049000,0.0
synthetic-01-01,24,14.5601557,120.9955535,1768176051000,0.0
synthetic-01-01,25,14.560126,120.9953621,1768176053000,0.0
synthetic-01-01,26,14.5600963,120.9951708,1768176055000,0.0
synthetic-01-01,27,14.560067,120.9949794,1768176057000,0.0
synthetic-01-01,28,14.5600355,120.9947884,1768176059000,0.0
synthetic-01-01,29,14.5600023,120.9945977,1768176061000,0.0
synthetic-01-01,30,14.55997,120.9944067,1768176063000,0.0
synthetic-01-01,31,14.5599382,120.9942158,1768176065000,0.0
synthetic-01-01,32,14.5599063,120.9940248,1768176067000,0.0
synthetic-01-01,33,14.5598744,120.9938338,1768176069000,0.0
synthetic-01-01,34,14.5598426,120.9936428,1768176071000,0.0
synthetic-01-01,35,14.5598107,120.9934519,1768176073000,0.0
synthetic-01-01,36,14.5597789,120.9932609,1768176075000,0.0
synthetic-01-01,37,14.559747,120.9930699,1768176077000,0.0
synthetic-01-01,38,14.5596471,120.9929959,1768176079000,0.0
synthetic-01-01,39,14.5594645,120.99306,1768176081000,0.0
synthetic-01-01,40,14.5592809,120.9931217,1768176083000,0.0
synthetic-01-01,41,14.5590954,120.9931771,1768176085000,0.0
synthetic-01-01,42,14.558909,120.9932293,1768176087000,0.0
synthetic-01-01,43,14.5587223,120.9932808,1768176089000,0.0
synthetic-01-01,44,14.5585335,120.9933234,1768176091000,0.0
synthetic-01-01,45,14.5583443,120.9933648,1768176093000,0.0
synthetic-01-01,46,14.5581553,120.9934064,1768176095000,0.0
synthetic-01-01,47,14.5579977,120.993394,1768176097000,0.0
synthetic-01-01,48,14.5579401,120.9932092,1768176099000,0.0
synthetic-01-01,49,14.5578839,120.9930239,1768176101000,0.0
synthetic-01-01,50,14.5578282,120.9928385,1768176103000,0.0
synthetic-01-01,51,14.5577717,120.9926533,1768176105000,0.0
synthetic-01-01,52,14.5577152,120.9924681,1768176107000,0.0
synthetic-01-01,53,14.5576586,120.9922829,1768176109000,0.0
synthetic-01-01,54,14.557602,120.9920978,1768176111000,0.0
synthetic-01-01,55,14.5575455,120.9919126,1768176113000,0.0
synthetic-01-01,56,14.5574889,120.9917274,1768176115000,0.0
synthetic-01-01,57,14.5574323,120.9915423,1768176117000,0.0
synthetic-01-01,58,14.5573758,120.9913571,1768176119000,0.0
synthetic-01-01,59,14.5573192,120.9911719,1768176121000,0.0
synthetic-01-01,60,14.5572626,120.9909868,1768176123000,0.0
synthetic-01-01,61,14.557206,120.9908016,1768176125000,0.0
synthetic-01-01,62,14.5571012,120.9907116,1768176127000,0.0
synthetic-01-01,63,14.5570298,120.9905446,1768176129000,0.0
synthetic-01-01,64,14.5569661,120.9903618,1768176131000,0.0
synthetic-01-01,65,14.5569023,120.990179,1768176133000,0.0
synthetic-01-01,66,14.5568384,120.9899962,1768176135000,0.0
synthetic-01-01,67,14.5567745,120.9898134,1768176137000,0.0
synthetic-01-01,68,14.5567107,120.9896307,1768176139000,0.0
synthetic-01-01,69,14.5566469,120.9894479,1768176141000,0.0
synthetic-01-01,70,14.5565806,120.989266,1768176143000,0.0
synthetic-01-01,71,14.5565151,120.9890837,1768176145000,0.0
synthetic-01-01,72,14.5564526,120.9889005,1768176147000,0.0
synthetic-01-01,73,14.5563901,120.9887172,1768176149000,0.0
synthetic-01-01,74,14.5563276,120.988534,1768176151000,0.0
synthetic-01-01,75,14.5563062,120.9884722,1768176153000,0.0
synthetic-01-01,76,14.5561713,120.9885563,1768176155000,0.0
synthetic-01-01,77,14.5559871,120.9886159,1768176157000,0.0
synthetic-01-01,78,14.5558029,120.9886754,1768176159000,0.0
synthetic-01-01,79,14.5556187,120.9887351,1768176161000,0.0
synthetic-01-01,80,14.5554344,120.9887946,1768176163000,0.0
synthetic-01-01,81,14.5552501,120.9888539,1768176165000,0.0
synthetic-01-01,82,14.5550658,120.9889134,1768176167000,0.0
synthetic-01-01,83,14.5548818,120.9889735,1768176169000,0.0
synthetic-01-01,84,14.5547486,120.9888676,1768176171000,0.0
synthetic-01-02,0,14.5633467,120.9988721,1768780803000,0.0
synthetic-01-02,1,14.5633042,120.9987736,1768780805000,0.0
synthetic-01-02,2,14.5632617,120.9986751,1768780807000,0.0
synthetic-01-02,3,14.5632192,120.9985765,1768780809000,0.0
synthetic-01-02,4,14.5631559,120.9985222,1768780811000,0.0
synthetic-01-02,5,14.5630528,120.9985523,1768780813000,0.0
synthetic-01-02,6,14.5629498,120.9985823,1768780815000,0.0
synthetic-01-02,7,14.5628468,120.9986123,1768780817000,0.0
synthetic-01-02,8,14.5627456,120.9986476,1768780819000,0.0
synthetic-01-02,9,14.562646,120.9986874,1768780821000,0.0
synthetic-01-02,10,14.5625463,120.9987272,1768780823000,0.0
synthetic-01-02,11,14.5624467,120.998767,1768780825000,0.0
synthetic-01-02,12,14.5623484,120.99881,1768780827000,0.0
synthetic-01-02,13,14.5622514,120.9988558,1768780829000,0.0
synthetic-01-02,14,14.5621544,120.9989017,1768780831000,0.0
synthetic-01-02,15,14.5620597,120.9989513,1768780833000,0.0
synthetic-01-02,16,14.5619803,120.9990231,1768780835000,0.0
synthetic-01-02,17,14.5620053,120.9990994,1768780837000,0.0
synthetic-01-02,18,14.5620816,120.9991749,1768780839000,0.0
synthetic-01-02,19,14.5621578,120.9992504,1768780841000,0.0
synthetic-01-02,20,14.562234,120.9993259,1768780843000,0.0
synthetic-01-02,21,14.5623103,120.9994015,1768780845000,0.0
synthetic-01-02,22,14.5623865,120.999477,1768780847000,0.0
synthetic-01-02,23,14.5624627,120.9995525,1768780849000,0.0
synthetic-01-02,24,14.562539,120.999628,1768780851000,0.0
synthetic-01-02,25,14.5626152,120.9997035,1768780853000,0.0
synthetic-01-02,26,14.5626914,120.999779,1768780855000,0.0
synthetic-01-02,27,14.5627677,120.9998545,1768780857000,0.0
synthetic-01-02,28,14.5628431,120.9999308,1768780859000,0.0
synthetic-01-02,29,14.5629124,121.0000127,1768780861000,0.0
synthetic-01-02,30,14.5629816,121.0000947,1768780863000,0.0
synthetic-01-02,31,14.5630509,121.0001766,1768780865000,0.0
synthetic-01-02,32,14.5631259,121.0002532,1768780867000,0.0
synthetic-01-02,33,14.5632043,121.0003264,1768780869000,0.0
synthetic-01-02,34,14.5632827,121.0003996,1768780871000,0.0
synthetic-01-02,35,14.5633602,121.0004738,1768780873000,0.0
synthetic-01-02,36,14.5634341,121.0005516,1768780875000,0.0
synthetic-01-02,37,14.5635081,121.0006293,1768780877000,0.0
synthetic-01-02,38,14.563582,121.0007071,1768780879000,0.0
synthetic-01-02,39,14.5636569,121.0007839,1768780881000,0.0
synthetic-01-02,40,14.5637329,121.0008596,1768780883000,0.0
synthetic-01-02,41,14.5638089,121.0009354,1768780885000,0.0
synthetic-01-02,42,14.5638857,121.0010103,1768780887000,0.0
synthetic-01-02,43,14.5639631,121.0010847,1768780889000,0.0
synthetic-01-02,44,14.5640404,121.001159,1768780891000,0.0
synthetic-01-02,45,14.5641178,121.0012334,1768780893000,0.0
synthetic-01-03,0,14.5609964,120.9955721,1769385603000,0.0
synthetic-01-03,1,14.5611655,120.9955722,1769385605000,0.0
synthetic-01-03,2,14.5613642,120.9955236,1769385607000,0.0
synthetic-01-03,3,14.5615629,120.995475,1769385609000,0.0
synthetic-01-03,4,14.5617616,120.9954264,1769385611000,0.0
synthetic-01-03,5,14.5619603,120.9953778,1769385613000,0.0
synthetic-01-03,6,14.5621591,120.9953292,1769385615000,0.0
synthetic-01-03,7,14.5623577,120.9952802,1769385617000,0.0
synthetic-01-03,8,14.5625583,120.9952428,1769385619000,0.0
synthetic-01-03,9,14.5625787,120.9951036,1769385621000,0.0
synthetic-01-03,10,14.5623844,120.9951676,1769385623000,0.0
synthetic-01-03,11,14.5621873,120.995222,1769385625000,0.0
synthetic-01-03,12,14.5619892,120.9952733,1769385627000,0.0
synthetic-01-03,13,14.5617912,120.9953246,1769385629000,0.0
synthetic-01-03,14,14.5615932,120.9953759,1769385631000,0.0
synthetic-01-03,15,14.5613951,120.9954272,1769385633000,0.0
synthetic-01-03,16,14.5611971,120.9954786,1769385635000,0.0
synthetic-01-03,17,14.560999,120.9955299,1769385637000,0.0
synthetic-01-03,18,14.5608782,120.9955581,1769385639000,0.0
synthetic-01-03,19,14.5606786,120.9956033,1769385641000,0.0
synthetic-01-03,20,14.5604789,120.9956477,1769385643000,0.0
synthetic-01-03,21,14.5602792,120.9956922,1769385645000,0.0
synthetic-01-03,22,14.5601782,120.9956979,1769385647000,0.0
synthetic-01-03,23,14.5601467,120.9954957,1769385649000,0.0
synthetic-01-03,24,14.5601153,120.9952936,1769385651000,0.0
synthetic-01-03,25,14.5600841,120.9950914,1769385653000,0.0
synthetic-01-03,26,14.5600531,120.9948892,1769385655000,0.0
synthetic-01-03,27,14.560018,120.9946876,1769385657000,0.0
synthetic-01-03,28,14.5599832,120.994486,1769385659000,0.0
synthetic-01-03,29,14.5599496,120.9942842,1769385661000,0.0
synthetic-01-03,30,14.5599159,120.9940824,1769385663000,0.0
synthetic-01-03,31,14.5598823,120.9938807,1769385665000,0.0
synthetic-01-03,32,14.5598486,120.9936789,1769385667000,0.0
synthetic-01-03,33,14.5598149,120.9934771,1769385669000,0.0
synthetic-01-03,34,14.5597813,120.9932753,1769385671000,0.0
synthetic-01-03,35,14.5597476,120.9930735,1769385673000,0.0
synthetic-01-03,36,14.5596403,120.9929985,1769385675000,0.0
synthetic-01-03,37,14.5594471,120.9930658,1769385677000,0.0
synthetic-01-03,38,14.5592531,120.9931305,1769385679000,0.0
synthetic-01-03,39,14.5590569,120.9931885,1769385681000,0.0
synthetic-01-03,40,14.5588597,120.9932429,1769385683000,0.0
synthetic-01-03,41,14.5586619,120.9932952,1769385685000,0.0
synthetic-01-03,42,14.5584621,120.993339,1769385687000,0.0
synthetic-01-03,43,14.5582623,120.9933828,1769385689000,0.0
synthetic-01-03,44,14.5580625,120.993427,1769385691000,0.0
synthetic-01-03,45,14.5579662,120.9932929,1769385693000,0.0
synthetic-01-03,46,14.557906,120.9930974,1769385695000,0.0
synthetic-01-03,47,14.5578471,120.9929014,1769385697000,0.0
synthetic-01-03,48,14.5577877,120.9927057,1769385699000,0.0
synthetic-01-03,49,14.557728,120.99251,1769385701000,0.0
synthetic-01-03,50,14.5576682,120.9923144,1769385703000,0.0
synthetic-01-03,51,14.5576084,120.9921187,1769385705000,0.0
synthetic-01-03,52,14.5575487,120.9919231,1769385707000,0.0
synthetic-01-03,53,14.5574889,120.9917274,1769385709000,0.0
synthetic-01-03,54,14.5574291,120.9915318,1769385711000,0.0
synthetic-01-03,55,14.5573693,120.9913361,1769385713000,0.0
synthetic-01-03,56,14.5573096,120.9911405,1769385715000,0.0
synthetic-01-03,57,14.5572498,120.9909448,1769385717000,0.0
synthetic-01-03,58,14.55719,120.9907492,1769385719000,0.0
synthetic-01-03,59,14.5570719,120.9906654,1769385721000,0.0
synthetic-01-03,60,14.5570046,120.9904722,1769385723000,0.0
synthetic-01-03,61,14.5569372,120.990279,1769385725000,0.0
synthetic-01-03,62,14.5568698,120.9900859,1769385727000,0.0
synthetic-01-03,63,14.5568023,120.9898928,1769385729000,0.0
synthetic-01-03,64,14.5567348,120.9896996,1769385731000,0.0
synthetic-01-03,65,14.5566673,120.9895065,1769385733000,0.0
synthetic-01-03,66,14.5565981,120.989314,1769385735000,0.0
synthetic-01-03,67,14.5565281,120.9891218,1769385737000,0.0
synthetic-01-03,68,14.5564621,120.9889282,1769385739000,0.0
synthetic-01-03,69,14.556396,120.9887345,1769385741000,0.0
synthetic-01-03,70,14.55633,120.9885409,1769385743000,0.0
synthetic-01-03,71,14.5563074,120.9884756,1769385745000,0.0
synthetic-01-03,72,14.5561574,120.9885608,1769385747000,0.0
synthetic-01-03,73,14.5559628,120.9886237,1769385749000,0.0
synthetic-01-03,74,14.5557681,120.9886867,1769385751000,0.0
synthetic-01-03,75,14.5555735,120.9887497,1769385753000,0.0
synthetic-01-03,76,14.5553788,120.9888125,1769385755000,0.0
synthetic-01-03,77,14.555184,120.9888751,1769385757000,0.0
synthetic-01-03,78,14.5549895,120.9889383,1769385759000,0.0
synthetic-01-03,79,14.5548114,120.9889484,1769385761000,0.0
synthetic-01-04,0,14.5633467,120.9988721,1769990403000,0.0
synthetic-01-04,1,14.5633042,120.9987736,1769990405000,0.0
synthetic-01-04,2,14.5632617,120.9986751,1769990407000,0.0
synthetic-01-04,3,14.5632192,120.9985765,1769990409000,0.0
synthetic-01-04,4,14.5631559,120.9985222,1769990411000,0.0
synthetic-01-04,5,14.5630528,120.9985523,1769990413000,0.0
synthetic-01-04,6,14.5629498,120.9985823,1769990415000,0.0
synthetic-01-04,7,14.5628468,120.9986123,1769990417000,0.0
synthetic-01-04,8,14.5627456,120.9986476,1769990419000,0.0
synthetic-01-04,9,14.562646,120.9986874,1769990421000,0.0
synthetic-01-04,10,14.5625463,120.9987272,1769990423000,0.0
synthetic-01-04,11,14.5624467,120.998767,1769990425000,0.0
synthetic-01-04,12,14.5623484,120.99881,1769990427000,0.0
synthetic-01-04,13,14.5622514,120.9988558,1769990429000,0.0
synthetic-01-04,14,14.5621544,120.9989017,1769990431000,0.0
synthetic-01-04,15,14.5620597,120.9989513,1769990433000,0.0
synthetic-01-04,16,14.5619803,120.9990231,1769990435000,0.0
synthetic-01-04,17,14.5620053,120.9990994,1769990437000,0.0
synthetic-01-04,18,14.5620816,120.9991749,1769990439000,0.0
synthetic-01-04,19,14.5621578,120.9992504,1769990441000,0.0
synthetic-01-04,20,14.562234,120.9993259,1769990443000,0.0
synthetic-01-04,21,14.5623103,120.9994015,1769990445000,0.0
synthetic-01-04,22,14.5623865,120.999477,1769990447000,0.0
synthetic-01-04,23,14.5624627,120.9995525,1769990449000,0.0
synthetic-01-04,24,14.562539,120.999628,1769990451000,0.0
synthetic-01-04,25,14.5626152,120.9997035,1769990453000,0.0
synthetic-01-04,26,14.5626914,120.999779,1769990455000,0.0
synthetic-01-04,27,14.5627677,120.9998545,1769990457000,0.0
synthetic-01-04,28,14.5628431,120.9999308,1769990459000,0.0
synthetic-01-04,29,14.5629124,121.0000127,1769990461000,0.0
synthetic-01-04,30,14.5629816,121.0000947,1769990463000,0.0
synthetic-01-04,31,14.5630509,121.0001766,1769990465000,0.0
synthetic-01-04,32,14.5631259,121.0002532,1769990467000,0.0
synthetic-01-04,33,14.5632043,121.0003264,1769990469000,0.0
synthetic-01-04,34,14.5632827,121.0003996,1769990471000,0.0
synthetic-01-04,35,14.5633602,121.0004738,1769990473000,0.0
synthetic-01-04,36,14.5634341,121.0005516,1769990475000,0.0
synthetic-01-04,37,14.5635081,121.0006293,1769990477000,0.0
synthetic-01-04,38,14.563582,121.0007071,1769990479000,0.0
synthetic-01-04,39,14.5636569,121.0007839,1769990481000,0.0
synthetic-01-04,40,14.5637329,121.0008596,1769990483000,0.0
synthetic-01-04,41,14.5638089,121.0009354,1769990485000,0.0
synthetic-01-04,42,14.5638857,121.0010103,1769990487000,0.0
synthetic-01-04,43,14.5639631,121.0010847,1769990489000,0.0
synthetic-01-04,44,14.5640404,121.001159,1769990491000,0.0
synthetic-01-04,45,14.5641178,121.0012334,1769990493000,0.0
synthetic-01-05,0,14.5609964,120.9955721,1770595203000,0.0
synthetic-01-05,1,14.5611655,120.9955722,1770595205000,0.0
synthetic-01-05,2,14.5613642,120.9955236,1770595207000,0.0
synthetic-01-05,3,14.5615629,120.995475,1770595209000,0.0
synthetic-01-05,4,14.5617616,120.9954264,1770595211000,0.0
synthetic-01-05,5,14.5619603,120.9953778,1770595213000,0.0
synthetic-01-05,6,14.5621591,120.9953292,1770595215000,0.0
synthetic-01-05,7,14.5623577,120.9952802,1770595217000,0.0
synthetic-01-05,8,14.5625583,120.9952428,1770595219000,0.0
synthetic-01-05,9,14.5625787,120.9951036,1770595221000,0.0
synthetic-01-05,10,14.5623844,120.9951676,1770595223000,0.0
synthetic-01-05,11,14.5621873,120.995222,1770595225000,0.0
synthetic-01-05,12,14.5619892,120.9952733,1770595227000,0.0
synthetic-01-05,13,14.5617912,120.9953246,1770595229000,0.0
synthetic-01-05,14,14.5615932,120.9953759,1770595231000,0.0
synthetic-01-05,15,14.5613951,120.9954272,1770595233000,0.0
synthetic-01-05,16,14.5611971,120.9954786,1770595235000,0.0
synthetic-01-05,17,14.560999,120.9955299,1770595237000,0.0
synthetic-01-05,18,14.5608782,120.9955581,1770595239000,0.0
synthetic-01-05,19,14.5606786,120.9956033,1770595241000,0.0
synthetic-01-05,20,14.5604789,120.9956477,1770595243000,0.0
synthetic-01-05,21,14.5602792,120.9956922,1770595245000,0.0
synthetic-01-05,22,14.5601782,120.9956979,1770595247000,0.0
synthetic-01-05,23,14.5601467,120.9954957,1770595249000,0.0
synthetic-01-05,24,14.5601153,120.9952936,1770595251000,0.0
synthetic-01-05,25,14.5600841,120.9950914,1770595253000,0.0
synthetic-01-05,26,14.5600531,120.9948892,1770595255000,0.0
synthetic-01-05,27,14.560018,120.9946876,1770595257000,0.0
synthetic-01-05,28,14.5599832,120.994486,1770595259000,0.0
synthetic-01-05,29,14.5599496,120.9942842,1770595261000,0.0
synthetic-01-05,30,14.5599159,120.9940824,1770595263000,0.0
synthetic-01-05,31,14.5598823,120.9938807,1770595265000,0.0
synthetic-01-05,32,14.5598486,120.9936789,1770595267000,0.0
synthetic-01-05,33,14.5598149,120.9934771,1770595269000,0.0
synthetic-01-05,34,14.5597813,120.9932753,1770595271000,0.0
synthetic-01-05,35,14.5597476,120.9930735,1770595273000,0.0
synthetic-01-05,36,14.5596403,120.9929985,1770595275000,0.0
synthetic-01-05,37,14.5594471,120.9930658,1770595277000,0.0
synthetic-01-05,38,14.5592531,120.9931305,1770595279000,0.0
synthetic-01-05,39,14.5590569,120.9931885,1770595281000,0.0
synthetic-01-05,40,14.5588597,120.9932429,1770595283000,0.0
synthetic-01-05,41,14.5586619,120.9932952,1770595285000,0.0
synthetic-01-05,42,14.5584621,120.993339,1770595287000,0.0
synthetic-01-05,43,14.5582623,120.9933828,1770595289000,0.0
synthetic-01-05,44,14.5580625,120.993427,1770595291000,0.0
synthetic-01-05,45,14.5579662,120.9932929,1770595293000,0.0
synthetic-01-05,46,14.557906,120.9930974,1770595295000,0.0
synthetic-01-05,47,14.5578471,120.9929014,1770595297000,0.0
synthetic-01-05,48,14.5577877,120.9927057,1770595299000,0.0
synthetic-01-05,49,14.557728,120.99251,1770595301000,0.0
synthetic-01-05,50,14.5576682,120.9923144,1770595303000,0.0
synthetic-01-05,51,14.5576084,120.9921187,1770595305000,0.0
synthetic-01-05,52,14.5575487,120.9919231,1770595307000,0.0
synthetic-01-05,53,14.5574889,120.9917274,1770595309000,0.0
synthetic-01-05,54,14.5574291,120.9915318,1770595311000,0.0
synthetic-01-05,55,14.5573693,120.9913361,1770595313000,0.0
synthetic-01-05,56,14.5573096,120.9911405,1770595315000,0.0
synthetic-01-05,57,14.5572498,120.9909448,1770595317000,0.0
synthetic-01-05,58,14.55719,120.9907492,1770595319000,0.0
synthetic-01-05,59,14.5570719,120.9906654,1770595321000,0.0
synthetic-01-05,60,14.5570046,120.9904722,1770595323000,0.0
synthetic-01-05,61,14.5569372,120.990279,1770595325000,0.0
synthetic-01-05,62,14.5568698,120.9900859,1770595327000,0.0
synthetic-01-05,63,14.5568023,120.9898928,1770595329000,0.0
synthetic-01-05,64,14.5567348,120.9896996,1770595331000,0.0
synthetic-01-05,65,14.5566673,120.9895065,1770595333000,0.0
synthetic-01-05,66,14.5565981,120.989314,1770595335000,0.0
synthetic-01-05,67,14.5565281,120.9891218,1770595337000,0.0
synthetic-01-05,68,14.5564621,120.9889282,1770595339000,0.0
synthetic-01-05,69,14.556396,120.9887345,1770595341000,0.0
synthetic-01-05,70,14.55633,120.9885409,1770595343000,0.0
synthetic-01-05,71,14.5563074,120.9884756,1770595345000,0.0
synthetic-01-05,72,14.5561574,120.9885608,1770595347000,0.0
synthetic-01-05,73,14.5559628,120.9886237,1770595349000,0.0
synthetic-01-05,74,14.5557681,120.9886867,1770595351000,0.0
synthetic-01-05,75,14.5555735,120.9887497,1770595353000,0.0
synthetic-01-05,76,14.5553788,120.9888125,1770595355000,0.0
synthetic-01-05,77,14.555184,120.9888751,1770595357000,0.0
synthetic-01-05,78,14.5549895,120.9889383,1770595359000,0.0
synthetic-01-05,79,14.5548114,120.9889484,1770595361000,0.0
synthetic-01-06,0,14.570849,120.9935069,1771210803000,0.0
synthetic-01-06,1,14.5708248,120.993443,1771210805000,0.0
synthetic-01-06,2,14.5708005,120.993379,1771210807000,0.0
synthetic-01-06,3,14.5707763,120.9933151,1771210809000,0.0
synthetic-01-06,4,14.5707521,120.9932511,1771210811000,0.0
synthetic-01-06,5,14.5707279,120.9931872,1771210813000,0.0
synthetic-01-06,6,14.5707036,120.9931233,1771210815000,0.0
synthetic-01-06,7,14.5706794,120.9930593,1771210817000,0.0
synthetic-01-06,8,14.5706552,120.9929954,1771210819000,0.0
synthetic-01-06,9,14.5706309,120.9929315,1771210821000,0.0
synthetic-01-06,10,14.5706067,120.9928675,1771210823000,0.0
synthetic-01-06,11,14.5705825,120.9928036,1771210825000,0.0
synthetic-01-06,12,14.5705583,120.9927396,1771210827000,0.0
synthetic-01-06,13,14.570534,120.9926757,1771210829000,0.0
synthetic-01-06,14,14.5705098,120.9926117,1771210831000,0.0
synthetic-01-06,15,14.5704856,120.9925478,1771210833000,0.0
synthetic-01-06,16,14.5704614,120.9924838,1771210835000,0.0
synthetic-01-06,17,14.5705125,120.9924479,1771210837000,0.0
synthetic-01-06,18,14.5705725,120.9924152,1771210839000,0.0
synthetic-01-06,19,14.5706326,120.9923826,1771210841000,0.0
synthetic-01-06,20,14.5706927,120.99235,1771210843000,0.0
synthetic-01-06,21,14.5707528,120.9923174,1771210845000,0.0
synthetic-01-06,22,14.5708129,120.9922847,1771210847000,0.0
synthetic-01-06,23,14.570873,120.9922521,1771210849000,0.0
synthetic-01-06,24,14.5709331,120.9922195,1771210851000,0.0
synthetic-01-06,25,14.5709931,120.9921867,1771210853000,0.0
synthetic-01-06,26,14.5710529,120.9921535,1771210855000,0.0
synthetic-01-06,27,14.5710874,120.9921182,1771210857000,0.0
synthetic-01-06,28,14.5710339,120.9920755,1771210859000,0.0
synthetic-01-06,29,14.5709803,120.9920331,1771210861000,0.0
synthetic-01-06,30,14.5709262,120.9919913,1771210863000,0.0
synthetic-01-06,31,14.5708724,120.9919491,1771210865000,0.0
synthetic-01-06,32,14.5708193,120.991906,1771210867000,0.0
synthetic-01-06,33,14.5707662,120.9918629,1771210869000,0.0
synthetic-01-06,34,14.5707132,120.9918198,1771210871000,0.0
synthetic-01-06,35,14.5706555,120.9917838,1771210873000,0.0
synthetic-01-06,36,14.5705943,120.9917533,1771210875000,0.0
synthetic-01-06,37,14.5705331,120.9917229,1771210877000,0.0
synthetic-01-06,38,14.5704718,120.9916925,1771210879000,0.0
synthetic-01-06,39,14.5704117,120.9916611,1771210881000,0.0
synthetic-01-06,40,14.5703905,120.9915961,1771210883000,0.0
synthetic-01-06,41,14.5704003,120.9915437,1771210885000,0.0
synthetic-01-06,42,14.5704608,120.9915119,1771210887000,0.0
synthetic-01-06,43,14.5705213,120.99148,1771210889000,0.0
synthetic-01-06,44,14.5705818,120.9914482,1771210891000,0.0
synthetic-01-06,45,14.5706423,120.9914163,1771210893000,0.0
synthetic-01-07,0,14.5643695,120.9943615,1771815603000,0.0
synthetic-01-07,1,14.5644197,120.9944202,1771815605000,0.0
synthetic-01-07,2,14.5645084,120.9943787,1771815607000,0.0
synthetic-01-07,3,14.5645966,120.9943361,1771815609000,0.0
synthetic-01-07,4,14.5646848,120.9942935,1771815611000,0.0
synthetic-01-07,5,14.5647729,120.9942509,1771815613000,0.0
synthetic-01-07,6,14.5648611,120.9942083,1771815615000,0.0
synthetic-01-07,7,14.5649493,120.9941658,1771815617000,0.0
synthetic-01-07,8,14.5650375,120.9941232,1771815619000,0.0
synthetic-01-07,9,14.5651257,120.9940806,1771815621000,0.0
synthetic-01-07,10,14.565215,120.9940405,1771815623000,0.0
synthetic-01-07,11,14.5653044,120.9940005,1771815625000,0.0
synthetic-01-07,12,14.5653459,120.9939453,1771815627000,0.0
synthetic-01-07,13,14.5653537,120.9939591,1771815629000,0.0
synthetic-01-07,14,14.5654358,120.9939438,1771815631000,0.0
synthetic-01-07,15,14.5655258,120.9939051,1771815633000,0.0
synthetic-01-07,16,14.5656144,120.9938633,1771815635000,0.0
synthetic-01-07,17,14.5657026,120.9938209,1771815637000,0.0
synthetic-01-07,18,14.5657796,120.99381,1771815639000,0.0
synthetic-01-07,19,14.5658191,120.9938996,1771815641000,0.0
synthetic-01-07,20,14.5658582,120.9939894,1771815643000,0.0
synthetic-01-07,21,14.5658973,120.9940792,1771815645000,0.0
synthetic-01-07,22,14.5659364,120.994169,1771815647000,0.0
synthetic-01-07,23,14.5659754,120.9942588,1771815649000,0.0
synthetic-01-07,24,14.5660145,120.9943486,1771815651000,0.0
synthetic-01-07,25,14.5660536,120.9944384,1771815653000,0.0
synthetic-01-07,26,14.5660927,120.9945282,1771815655000,0.0
synthetic-01-07,27,14.5661727,120.9945095,1771815657000,0.0
synthetic-01-07,28,14.5662614,120.994468,1771815659000,0.0
synthetic-01-07,29,14.5663499,120.9944259,1771815661000,0.0
synthetic-01-07,30,14.5664382,120.9943835,1771815663000,0.0
synthetic-01-07,31,14.5665264,120.9943411,1771815665000,0.0
synthetic-01-07,32,14.5666146,120.9942986,1771815667000,0.0
synthetic-01-07,33,14.5667028,120.994256,1771815669000,0.0
synthetic-01-07,34,14.5667911,120.9942135,1771815671000,0.0
synthetic-01-07,35,14.5668794,120.9941712,1771815673000,0.0
synthetic-01-07,36,14.5669678,120.9941292,1771815675000,0.0
synthetic-01-07,37,14.5670563,120.9940872,1771815677000,0.0
synthetic-01-07,38,14.5671448,120.9940452,1771815679000,0.0
synthetic-01-07,39,14.5672332,120.9940032,1771815681000,0.0
synthetic-01-07,40,14.5673221,120.993962,1771815683000,0.0
synthetic-01-07,41,14.5674111,120.9939212,1771815685000,0.0
synthetic-01-07,42,14.5675001,120.9938803,1771815687000,0.0
synthetic-01-07,43,14.5675891,120.9938394,1771815689000,0.0
synthetic-01-07,44,14.5676781,120.9937986,1771815691000,0.0
synthetic-01-07,45,14.5677671,120.9937577,1771815693000,0.0
synthetic-01-08,0,14.5587681,120.996085,1772420403000,0.0
synthetic-01-08,1,14.5588512,120.996111,1772420405000,0.0
synthetic-01-08,2,14.5589689,120.9960838,1772420407000,0.0
synthetic-01-08,3,14.5590865,120.9960567,1772420409000,0.0
synthetic-01-08,4,14.5592041,120.9960296,1772420411000,0.0
synthetic-01-08,5,14.5593218,120.9960025,1772420413000,0.0
synthetic-01-08,6,14.5594394,120.9959754,1772420415000,0.0
synthetic-01-08,7,14.559557,120.9959483,1772420417000,0.0
synthetic-01-08,8,14.5596746,120.995921,1772420419000,0.0
synthetic-01-08,9,14.5597922,120.9958937,1772420421000,0.0
synthetic-01-08,10,14.5599098,120.9958664,1772420423000,0.0
synthetic-01-08,11,14.5600274,120.9958391,1772420425000,0.0
synthetic-01-08,12,14.560145,120.9958119,1772420427000,0.0
synthetic-01-08,13,14.5601856,120.9957361,1772420429000,0.0
synthetic-01-08,14,14.5601656,120.995617,1772420431000,0.0
synthetic-01-08,15,14.5601471,120.9954978,1772420433000,0.0
synthetic-01-08,16,14.5601285,120.9953785,1772420435000,0.0
synthetic-01-08,17,14.56011,120.9952592,1772420437000,0.0
synthetic-01-08,18,14.5600915,120.9951399,1772420439000,0.0
synthetic-01-08,19,14.5600733,120.9950206,1772420441000,0.0
synthetic-01-08,20,14.560055,120.9949012,1772420443000,0.0
synthetic-01-08,21,14.5600345,120.9947823,1772420445000,0.0
synthetic-01-08,22,14.5600137,120.9946634,1772420447000,0.0
synthetic-01-08,23,14.5599931,120.9945444,1772420449000,0.0
synthetic-01-08,24,14.5600959,120.994499,1772420451000,0.0
synthetic-01-08,25,14.5602102,120.9944601,1772420453000,0.0
synthetic-01-08,26,14.5603163,120.9944025,1772420455000,0.0
synthetic-01-08,27,14.5604223,120.9943449,1772420457000,0.0
synthetic-01-08,28,14.5605284,120.9942872,1772420459000,0.0
synthetic-01-08,29,14.5606345,120.9942296,1772420461000,0.0
synthetic-01-08,30,14.5607405,120.9941719,1772420463000,0.0
synthetic-01-08,31,14.5608466,120.9941143,1772420465000,0.0
synthetic-01-08,32,14.5609524,120.9940562,1772420467000,0.0
synthetic-01-08,33,14.5610579,120.9939974,1772420469000,0.0
synthetic-01-08,34,14.5611616,120.9939357,1772420471000,0.0
synthetic-01-08,35,14.5612254,120.9938469,1772420473000,0.0
synthetic-01-08,36,14.5612184,120.9938952,1772420475000,0.0
synthetic-01-08,37,14.5612719,120.9940021,1772420477000,0.0
synthetic-01-08,38,14.5613312,120.9941072,1772420479000,0.0
synthetic-01-08,39,14.561407,120.9941998,1772420481000,0.0
synthetic-01-08,40,14.5614892,120.9941456,1772420483000,0.0
synthetic-01-08,41,14.5614876,120.9940559,1772420485000,0.0
synthetic-01-08,42,14.5614096,120.9939638,1772420487000,0.0
synthetic-01-08,43,14.561341,120.9938645,1772420489000,0.0
synthetic-01-08,44,14.5612841,120.9937582,1772420491000,0.0
synthetic-01-08,45,14.5612306,120.9938113,1772420493000,0.0
synthetic-01-09,0,14.5618298,120.9968042,1773025203000,0.0
synthetic-01-09,1,14.5617189,120.9968457,1773025205000,0.0
synthetic-01-09,2,14.561608,120.9968871,1773025207000,0.0
synthetic-01-09,3,14.5614971,120.9969286,1773025209000,0.0
synthetic-01-09,4,14.5613862,120.9969701,1773025211000,0.0
synthetic-01-09,5,14.5612753,120.9970115,1773025213000,0.0
synthetic-01-09,6,14.5611639,120.9970515,1773025215000,0.0
synthetic-01-09,7,14.5610525,120.9970917,1773025217000,0.0
synthetic-01-09,8,14.5609412,120.9971319,1773025219000,0.0
synthetic-01-09,9,14.5608298,120.9971722,1773025221000,0.0
synthetic-01-09,10,14.5607184,120.9972121,1773025223000,0.0
synthetic-01-09,11,14.5606068,120.9972517,1773025225000,0.0
synthetic-01-09,12,14.5604952,120.9972914,1773025227000,0.0
synthetic-01-09,13,14.5603841,120.9973322,1773025229000,0.0
synthetic-01-09,14,14.5602731,120.9973735,1773025231000,0.0
synthetic-01-09,15,14.5601617,120.9974136,1773025233000,0.0
synthetic-01-09,16,14.5600505,120.9974542,1773025235000,0.0
synthetic-01-09,17,14.5599393,120.9974948,1773025237000,0.0
synthetic-01-09,18,14.5598285,120.9975366,1773025239000,0.0
synthetic-01-09,19,14.5597187,120.9975809,1773025241000,0.0
synthetic-01-09,20,14.559609,120.9976253,1773025243000,0.0
synthetic-01-09,21,14.5594972,120.9976636,1773025245000,0.0
synthetic-01-09,22,14.5593825,120.997693,1773025247000,0.0
synthetic-01-09,23,14.5592678,120.9977224,1773025249000,0.0
synthetic-01-09,24,14.5591531,120.9977518,1773025251000,0.0
synthetic-01-09,25,14.5590384,120.9977812,1773025253000,0.0
synthetic-01-09,26,14.5589237,120.9978106,1773025255000,0.0
synthetic-01-09,27,14.5588091,120.99784,1773025257000,0.0
synthetic-01-09,28,14.5586944,120.9978695,1773025259000,0.0
synthetic-01-09,29,14.5585824,120.9979078,1773025261000,0.0
synthetic-01-09,30,14.5584706,120.9979469,1773025263000,0.0
synthetic-01-09,31,14.5583589,120.997986,1773025265000,0.0
synthetic-01-09,32,14.5582471,120.9980251,1773025267000,0.0
synthetic-01-09,33,14.5581354,120.9980642,1773025269000,0.0
synthetic-01-09,34,14.5580236,120.9981033,1773025271000,0.0
synthetic-01-09,35,14.5579119,120.9981424,1773025273000,0.0
synthetic-01-09,36,14.5578001,120.9981815,1773025275000,0.0
synthetic-01-09,37,14.5576866,120.9982151,1773025277000,0.0
synthetic-01-09,38,14.5575725,120.9982467,1773025279000,0.0
synthetic-01-09,39,14.5574584,120.9982783,1773025281000,0.0
synthetic-01-09,40,14.5573443,120.9983099,1773025283000,0.0
synthetic-01-09,41,14.5572302,120.9983415,1773025285000,0.0
synthetic-01-09,42,14.5571161,120.9983732,1773025287000,0.0
synthetic-01-09,43,14.557002,120.9984048,1773025289000,0.0
synthetic-01-09,44,14.5568879,120.9984364,1773025291000,0.0
synthetic-01-09,45,14.5567732,120.9984653,1773025293000,0.0
synthetic-01-10,0,14.5643695,120.9943615,1773630003000,0.0
synthetic-01-10,1,14.5642528,120.9943351,1773630005000,0.0
synthetic-01-10,2,14.5640969,120.9944073,1773630007000,0.0
synthetic-01-10,3,14.5639412,120.9944797,1773630009000,0.0
synthetic-01-10,4,14.5637869,120.9945552,1773630011000,0.0
synthetic-01-10,5,14.5636336,120.9946327,1773630013000,0.0
synthetic-01-10,6,14.563479,120.9947073,1773630015000,0.0
synthetic-01-10,7,14.5633233,120.9947799,1773630017000,0.0
synthetic-01-10,8,14.5631672,120.9948517,1773630019000,0.0
synthetic-01-10,9,14.5630118,120.9949249,1773630021000,0.0
synthetic-01-10,10,14.5628564,120.994998,1773630023000,0.0
synthetic-01-10,11,14.562701,120.9950711,1773630025000,0.0
synthetic-01-10,12,14.5625989,120.9951651,1773630027000,0.0
synthetic-01-10,13,14.5626002,120.9951391,1773630029000,0.0
synthetic-01-10,14,14.5624803,120.995136,1773630031000,0.0
synthetic-01-10,15,14.5623168,120.9951884,1773630033000,0.0
synthetic-01-10,16,14.5621505,120.9952315,1773630035000,0.0
synthetic-01-10,17,14.5619843,120.9952746,1773630037000,0.0
synthetic-01-10,18,14.561818,120.9953177,1773630039000,0.0
synthetic-01-10,19,14.5616517,120.9953608,1773630041000,0.0
synthetic-01-10,20,14.5614854,120.9954038,1773630043000,0.0
synthetic-01-10,21,14.5613192,120.9954469,1773630045000,0.0
synthetic-01-10,22,14.5611529,120.99549,1773630047000,0.0
synthetic-01-10,23,14.5609871,120.9955334,1773630049000,0.0
synthetic-01-10,24,14.5608976,120.9955536,1773630051000,0.0
synthetic-01-10,25,14.5607301,120.9955918,1773630053000,0.0
synthetic-01-10,26,14.5605625,120.9956291,1773630055000,0.0
synthetic-01-10,27,14.5603948,120.9956664,1773630057000,0.0
synthetic-01-10,28,14.5602271,120.9957038,1773630059000,0.0
synthetic-01-10,29,14.560175,120.9956775,1773630061000,0.0
synthetic-01-10,30,14.5601486,120.9955078,1773630063000,0.0
synthetic-01-10,31,14.5601222,120.995338,1773630065000,0.0
synthetic-01-10,32,14.5600959,120.9951683,1773630067000,0.0
synthetic-01-10,33,14.5600699,120.9949985,1773630069000,0.0
synthetic-01-10,34,14.5600426,120.9948289,1773630071000,0.0
synthetic-01-10,35,14.5600131,120.9946597,1773630073000,0.0
synthetic-01-10,36,14.559984,120.9944904,1773630075000,0.0
synthetic-01-10,37,14.5599557,120.994321,1773630077000,0.0
synthetic-01-10,38,14.5599275,120.9941516,1773630079000,0.0
synthetic-01-10,39,14.5598992,120.9939822,1773630081000,0.0
synthetic-01-10,40,14.5598709,120.9938127,1773630083000,0.0
synthetic-01-10,41,14.5598427,120.9936433,1773630085000,0.0
synthetic-01-10,42,14.5598144,120.9934739,1773630087000,0.0
synthetic-01-10,43,14.5597861,120.9933045,1773630089000,0.0
synthetic-01-10,44,14.5597579,120.993135,1773630091000,0.0
synthetic-01-10,45,14.5597296,120.9929656,1773630093000,0.0
synthetic-01-11,0,14.570849,120.9935069,1774234803000,0.0
synthetic-01-11,1,14.5708248,120.993443,1774234805000,0.0
synthetic-01-11,2,14.5708005,120.993379,1774234807000,0.0
synthetic-01-11,3,14.5707763,120.9933151,1774234809000,0.0
synthetic-01-11,4,14.5707521,120.9932511,1774234811000,0.0
synthetic-01-11,5,14.5707279,120.9931872,1774234813000,0.0
synthetic-01-11,6,14.5707036,120.9931233,1774234815000,0.0
synthetic-01-11,7,14.5706794,120.9930593,1774234817000,0.0
synthetic-01-11,8,14.5706552,120.9929954,1774234819000,0.0
synthetic-01-11,9,14.5706309,120.9929315,1774234821000,0.0
synthetic-01-11,10,14.5706067,120.9928675,1774234823000,0.0
synthetic-01-11,11,14.5705825,120.9928036,1774234825000,0.0
synthetic-01-11,12,14.5705583,120.9927396,1774234827000,0.0
synthetic-01-11,13,14.570534,120.9926757,1774234829000,0.0
synthetic-01-11,14,14.5705098,120.9926117,1774234831000,0.0
synthetic-01-11,15,14.5704856,120.9925478,1774234833000,0.0
synthetic-01-11,16,14.5704614,120.9924838,1774234835000,0.0
synthetic-01-11,17,14.5705125,120.9924479,1774234837000,0.0
synthetic-01-11,18,14.5705725,120.9924152,1774234839000,0.0
synthetic-01-11,19,14.5706326,120.9923826,1774234841000,0.0
synthetic-01-11,20,14.5706927,120.99235,1774234843000,0.0
synthetic-01-11,21,14.5707528,120.9923174,1774234845000,0.0
synthetic-01-11,22,14.5708129,120.9922847,1774234847000,0.0
synthetic-01-11,23,14.570873,120.9922521,1774234849000,0.0
synthetic-01-11,24,14.5709331,120.9922195,1774234851000,0.0
synthetic-01-11,25,14.5709931,120.9921867,1774234853000,0.0
synthetic-01-11,26,14.5710529,120.9921535,1774234855000,0.0
synthetic-01-11,27,14.5710874,120.9921182,1774234857000,0.0
synthetic-01-11,28,14.5710339,120.9920755,1774234859000,0.0
synthetic-01-11,29,14.5709803,120.9920331,1774234861000,0.0
synthetic-01-11,30,14.5709262,120.9919913,1774234863000,0.0
synthetic-01-11,31,14.5708724,120.9919491,1774234865000,0.0
synthetic-01-11,32,14.5708193,120.991906,1774234867000,0.0
synthetic-01-11,33,14.5707662,120.9918629,1774234869000,0.0
synthetic-01-11,34,14.5707132,120.9918198,1774234871000,0.0
synthetic-01-11,35,14.5706555,120.9917838,1774234873000,0.0
synthetic-01-11,36,14.5705943,120.9917533,1774234875000,0.0
synthetic-01-11,37,14.5705331,120.9917229,1774234877000,0.0
synthetic-01-11,38,14.5704718,120.9916925,1774234879000,0.0
synthetic-01-11,39,14.5704117,120.9916611,1774234881000,0.0
synthetic-01-11,40,14.5703905,120.9915961,1774234883000,0.0
synthetic-01-11,41,14.5704003,120.9915437,1774234885000,0.0
synthetic-01-11,42,14.5704608,120.9915119,1774234887000,0.0
synthetic-01-11,43,14.5705213,120.99148,1774234889000,0.0
synthetic-01-11,44,14.5705818,120.9914482,1774234891000,0.0
synthetic-01-11,45,14.5706423,120.9914163,1774234893000,0.0
synthetic-02-00,0,14.5609964,120.9955721,1767571206000,0.0
synthetic-02-00,1,14.5611594,120.9955736,1767571208000,0.0
synthetic-02-00,2,14.5613521,120.9955265,1767571210000,0.0
synthetic-02-00,3,14.5615447,120.9954794,1767571212000,0.0
synthetic-02-00,4,14.5617374,120.9954323,1767571214000,0.0
synthetic-02-00,5,14.56193,120.9953852,1767571216000,0.0
synthetic-02-00,6,14.5621227,120.995338,1767571218000,0.0
synthetic-02-00,7,14.5623154,120.9952909,1767571220000,0.0
synthetic-02-00,8,14.5625088,120.9952492,1767571222000,0.0
synthetic-02-00,9,14.5626008,120.995127,1767571224000,0.0
synthetic-02-00,10,14.5624436,120.9951481,1767571226000,0.0
synthetic-02-00,11,14.5622537,120.9952048,1767571228000,0.0
synthetic-02-00,12,14.5620617,120.9952545,1767571230000,0.0
synthetic-02-00,13,14.5618697,120.9953043,1767571232000,0.0
synthetic-02-00,14,14.5616777,120.995354,1767571234000,0.0
synthetic-02-00,15,14.5614857,120.9954038,1767571236000,0.0
synthetic-02-00,16,14.5612937,120.9954535,1767571238000,0.0
synthetic-02-00,17,14.5611017,120.9955033,1767571240000,0.0
synthetic-02-00,18,14.5609871,120.9955335,1767571242000,0.0
synthetic-02-00,19,14.5607943,120.9955774,1767571244000,0.0
synthetic-02-00,20,14.5606007,120.9956206,1767571246000,0.0
synthetic-02-00,21,14.5604071,120.9956637,1767571248000,0.0
synthetic-02-00,22,14.5602135,120.9957068,1767571250000,0.0
synthetic-02-00,23,14.5601688,120.9956375,1767571252000,0.0
synthetic-02-00,24,14.5601383,120.9954415,1767571254000,0.0
synthetic-02-00,25,14.5601078,120.9952455,1767571256000,0.0
synthetic-02-00,26,14.5600777,120.9950495,1767571258000,0.0
synthetic-02-00,27,14.5600469,120.9948535,1767571260000,0.0
synthetic-02-00,28,14.5600128,120.9946581,1767571262000,0.0
synthetic-02-00,29,14.5599793,120.9944626,1767571264000,0.0
synthetic-02-00,30,14.5599467,120.994267,1767571266000,0.0
synthetic-02-00,31,14.5599141,120.9940714,1767571268000,0.0
synthetic-02-00,32,14.5598814,120.9938757,1767571270000,0.0
synthetic-02-00,33,14.5598488,120.9936801,1767571272000,0.0
synthetic-02-00,34,14.5598162,120.9934845,1767571274000,0.0
synthetic-02-00,35,14.5597835,120.9932888,1767571276000,0.0
synthetic-02-00,36,14.5597509,120.9930932,1767571278000,0.0
synthetic-02-00,37,14.5596649,120.9929894,1767571280000,0.0
synthetic-02-00,38,14.5594779,120.9930555,1767571282000,0.0
synthetic-02-00,39,14.5592899,120.9931187,1767571284000,0.0
synthetic-02-00,40,14.5590999,120.9931758,1767571286000,0.0
synthetic-02-00,41,14.558909,120.9932293,1767571288000,0.0
synthetic-02-00,42,14.5587178,120.993282,1767571290000,0.0
synthetic-02-00,43,14.5585243,120.9933254,1767571292000,0.0
synthetic-02-00,44,14.5583305,120.9933678,1767571294000,0.0
synthetic-02-00,45,14.5581368,120.9934105,1767571296000,0.0
synthetic-02-00,46,14.5579907,120.9933715,1767571298000,0.0
synthetic-02-00,47,14.5579317,120.9931821,1767571300000,0.0
synthetic-02-00,48,14.5578744,120.9929922,1767571302000,0.0
synthetic-02-00,49,14.5578173,120.9928023,1767571304000,0.0
synthetic-02-00,50,14.5577593,120.9926126,1767571306000,0.0
synthetic-02-00,51,14.5577014,120.9924229,1767571308000,0.0
synthetic-02-00,52,14.5576434,120.9922333,1767571310000,0.0
synthetic-02-00,53,14.5575855,120.9920436,1767571312000,0.0
synthetic-02-00,54,14.5575275,120.9918539,1767571314000,0.0
synthetic-02-00,55,14.5574696,120.9916642,1767571316000,0.0
synthetic-02-00,56,14.5574116,120.9914745,1767571318000,0.0
synthetic-02-00,57,14.5573537,120.9912848,1767571320000,0.0
synthetic-02-00,58,14.5572957,120.9910952,1767571322000,0.0
synthetic-02-00,59,14.5572378,120.9909055,1767571324000,0.0
synthetic-02-00,60,14.5571798,120.9907158,1767571326000,0.0
synthetic-02-00,61,14.5570625,120.9906383,1767571328000,0.0
synthetic-02-00,62,14.5569972,120.990451,1767571330000,0.0
synthetic-02-00,63,14.5569318,120.9902637,1767571332000,0.0
synthetic-02-00,64,14.5568665,120.9900765,1767571334000,0.0
synthetic-02-00,65,14.556801,120.9898892,1767571336000,0.0
synthetic-02-00,66,14.5567356,120.989702,1767571338000,0.0
synthetic-02-00,67,14.5566702,120.9895147,1767571340000,0.0
synthetic-02-00,68,14.5566032,120.9893281,1767571342000,0.0
synthetic-02-00,69,14.5565352,120.9891418,1767571344000,0.0
synthetic-02-00,70,14.5564709,120.9889541,1767571346000,0.0
synthetic-02-00,71,14.5564069,120.9887664,1767571348000,0.0
synthetic-02-00,72,14.5563428,120.9885787,1767571350000,0.0
synthetic-02-00,73,14.5562922,120.988432,1767571352000,0.0
synthetic-02-00,74,14.5562072,120.9885446,1767571354000,0.0
synthetic-02-00,75,14.5560185,120.9886057,1767571356000,0.0
synthetic-02-00,76,14.5558298,120.9886667,1767571358000,0.0
synthetic-02-00,77,14.5556411,120.9887278,1767571360000,0.0
synthetic-02-00,78,14.5554524,120.9887888,1767571362000,0.0
synthetic-02-00,79,14.5552636,120.9888495,1767571364000,0.0
synthetic-02-00,80,14.5550748,120.9889104,1767571366000,0.0
synthetic-02-00,81,14.5548863,120.9889721,1767571368000,0.0
synthetic-02-00,82,14.5547486,120.9888676,1767571370000,0.0
synthetic-02-01,0,14.5633467,120.9988721,1768176006000,0.0
synthetic-02-01,1,14.5633042,120.9987736,1768176008000,0.0
synthetic-02-01,2,14.5632617,120.9986751,1768176010000,0.0
synthetic-02-01,3,14.5632192,120.9985765,1768176012000,0.0
synthetic-02-01,4,14.5631559,120.9985222,1768176014000,0.0
synthetic-02-01,5,14.5630528,120.9985523,1768176016000,0.0
synthetic-02-01,6,14.5629498,120.9985823,1768176018000,0.0
synthetic-02-01,7,14.5628468,120.9986123,1768176020000,0.0
synthetic-02-01,8,14.5627456,120.9986476,1768176022000,0.0
synthetic-02-01,9,14.562646,120.9986874,1768176024000,0.0
synthetic-02-01,10,14.5625463,120.9987272,1768176026000,0.0
synthetic-02-01,11,14.5624467,120.998767,1768176028000,0.0
synthetic-02-01,12,14.5623484,120.99881,1768176030000,0.0
synthetic-02-01,13,14.5622514,120.9988558,1768176032000,0.0
synthetic-02-01,14,14.5621544,120.9989017,1768176034000,0.0
synthetic-02-01,15,14.5620597,120.9989513,1768176036000,0.0
synthetic-02-01,16,14.5619803,120.9990231,1768176038000,0.0
synthetic-02-01,17,14.5620053,120.9990994,1768176040000,0.0
synthetic-02-01,18,14.5620816,120.9991749,1768176042000,0.0
synthetic-02-01,19,14.5621578,120.9992504,1768176044000,0.0
synthetic-02-01,20,14.562234,120.9993259,1768176046000,0.0
synthetic-02-01,21,14.5623103,120.9994015,1768176048000,0.0
synthetic-02-01,22,14.5623865,120.999477,1768176050000,0.0
synthetic-02-01,23,14.5624627,120.9995525,1768176052000,0.0
synthetic-02-01,24,14.562539,120.999628,1768176054000,0.0
synthetic-02-01,25,14.5626152,120.9997035,1768176056000,0.0
synthetic-02-01,26,14.5626914,120.999779,1768176058000,0.0
synthetic-02-01,27,14.5627677,120.9998545,1768176060000,0.0
synthetic-02-01,28,14.5628431,120.9999308,1768176062000,0.0
synthetic-02-01,29,14.5629124,121.0000127,1768176064000,0.0
synthetic-02-01,30,14.5629816,121.0000947,1768176066000,0.0
synthetic-02-01,31,14.5630509,121.0001766,1768176068000,0.0
synthetic-02-01,32,14.5631259,121.0002532,1768176070000,0.0
synthetic-02-01,33,14.5632043,121.0003264,1768176072000,0.0
synthetic-02-01,34,14.5632827,121.0003996,1768176074000,0.0
synthetic-02-01,35,14.5633602,121.0004738,1768176076000,0.0
synthetic-02-01,36,14.5634341,121.0005516,1768176078000,0.0
synthetic-02-01,37,14.5635081,121.0006293,1768176080000,0.0
synthetic-02-01,38,14.563582,121.0007071,1768176082000,0.0
synthetic-02-01,39,14.5636569,121.0007839,1768176084000,0.0
synthetic-02-01,40,14.5637329,121.0008596,1768176086000,0.0
synthetic-02-01,41,14.5638089,121.0009354,1768176088000,0.0
synthetic-02-01,42,14.5638857,121.0010103,1768176090000,0.0
synthetic-02-01,43,14.5639631,121.0010847,1768176092000,0.0
synthetic-02-01,44,14.5640404,121.001159,1768176094000,0.0
synthetic-02-01,45,14.5641178,121.0012334,1768176096000,0.0
synthetic-02-02,0,14.5609964,120.9955721,1768780806000,0.0
synthetic-02-02,1,14.5611655,120.9955722,1768780808000,0.0
synthetic-02-02,2,14.5613642,120.9955236,1768780810000,0.0
synthetic-02-02,3,14.5615629,120.995475,1768780812000,0.0
synthetic-02-02,4,14.5617616,120.9954264,1768780814000,0.0
synthetic-02-02,5,14.5619603,120.9953778,1768780816000,0.0
synthetic-02-02,6,14.5621591,120.9953292,1768780818000,0.0
synthetic-02-02,7,14.5623577,120.9952802,1768780820000,0.0
synthetic-02-02,8,14.5625583,120.9952428,1768780822000,0.0
synthetic-02-02,9,14.5625787,120.9951036,1768780824000,0.0
synthetic-02-02,10,14.5623844,120.9951676,1768780826000,0.0
synthetic-02-02,11,14.5621873,120.995222,1768780828000,0.0
synthetic-02-02,12,14.5619892,120.9952733,1768780830000,0.0
synthetic-02-02,13,14.5617912,120.9953246,1768780832000,0.0
synthetic-02-02,14,14.5615932,120.9953759,1768780834000,0.0
synthetic-02-02,15,14.5613951,120.9954272,1768780836000,0.0
synthetic-02-02,16,14.5611971,120.9954786,1768780838000,0.0
synthetic-02-02,17,14.560999,120.9955299,1768780840000,0.0
synthetic-02-02,18,14.5608782,120.9955581,1768780842000,0.0
synthetic-02-02,19,14.5606786,120.9956033,1768780844000,0.0
synthetic-02-02,20,14.5604789,120.9956477,1768780846000,0.0
synthetic-02-02,21,14.5602792,120.9956922,1768780848000,0.0
synthetic-02-02,22,14.5601782,120.9956979,1768780850000,0.0
synthetic-02-02,23,14.5601467,120.9954957,1768780852000,0.0
synthetic-02-02,24,14.5601153,120.9952936,1768780854000,0.0
synthetic-02-02,25,14.5600841,120.9950914,1768780856000,0.0
synthetic-02-02,26,14.5600531,120.9948892,1768780858000,0.0
synthetic-02-02,27,14.560018,120.9946876,1768780860000,0.0
synthetic-02-02,28,14.5599832,120.994486,1768780862000,0.0
synthetic-02-02,29,14.5599496,120.9942842,1768780864000,0.0
synthetic-02-02,30,14.5599159,120.9940824,1768780866000,0.0
synthetic-02-02,31,14.5598823,120.9938807,1768780868000,0.0
synthetic-02-02,32,14.5598486,120.9936789,1768780870000,0.0
synthetic-02-02,33,14.5598149,120.9934771,1768780872000,0.0
synthetic-02-02,34,14.5597813,120.9932753,1768780874000,0.0
synthetic-02-02,35,14.5597476,120.9930735,1768780876000,0.0
synthetic-02-02,36,14.5596403,120.9929985,1768780878000,0.0
synthetic-02-02,37,14.5594471,120.9930658,1768780880000,0.0
synthetic-02-02,38,14.5592531,120.9931305,1768780882000,0.0
synthetic-02-02,39,14.5590569,120.9931885,1768780884000,0.0
synthetic-02-02,40,14.5588597,120.9932429,1768780886000,0.0
synthetic-02-02,41,14.5586619,120.9932952,1768780888000,0.0
synthetic-02-02,42,14.5584621,120.993339,1768780890000,0.0
synthetic-02-02,43,14.5582623,120.9933828,1768780892000,0.0
synthetic-02-02,44,14.5580625,120.993427,1768780894000,0.0
synthetic-02-02,45,14.5579662,120.9932929,1768780896000,0.0
synthetic-02-02,46,14.557906,120.9930974,1768780898000,0.0
synthetic-02-02,47,14.5578471,120.9929014,1768780900000,0.0
synthetic-02-02,48,14.5577877,120.9927057,1768780902000,0.0
synthetic-02-02,49,14.557728,120.99251,1768780904000,0.0
synthetic-02-02,50,14.5576682,120.9923144,1768780906000,0.0
synthetic-02-02,51,14.5576084,120.9921187,1768780908000,0.0
synthetic-02-02,52,14.5575487,120.9919231,1768780910000,0.0
synthetic-02-02,53,14.5574889,120.9917274,1768780912000,0.0
synthetic-02-02,54,14.5574291,120.9915318,1768780914000,0.0
synthetic-02-02,55,14.5573693,120.9913361,1768780916000,0.0
synthetic-02-02,56,14.5573096,120.9911405,1768780918000,0.0
synthetic-02-02,57,14.5572498,120.9909448,1768780920000,0.0
synthetic-02-02,58,14.55719,120.9907492,1768780922000,0.0
synthetic-02-02,59,14.5570719,120.9906654,1768780924000,0.0
synthetic-02-02,60,14.5570046,120.9904722,1768780926000,0.0
synthetic-02-02,61,14.5569372,120.990279,1768780928000,0.0
synthetic-02-02,62,14.5568698,120.9900859,1768780930000,0.0
synthetic-02-02,63,14.5568023,120.9898928,1768780932000,0.0
synthetic-02-02,64,14.5567348,120.9896996,1768780934000,0.0
synthetic-02-02,65,14.5566673,120.9895065,1768780936000,0.0
synthetic-02-02,66,14.5565981,120.989314,1768780938000,0.0
synthetic-02-02,67,14.5565281,120.9891218,1768780940000,0.0
synthetic-02-02,68,14.5564621,120.9889282,1768780942000,0.0
synthetic-02-02,69,14.556396,120.9887345,1768780944000,0.0
synthetic-02-02,70,14.55633,120.9885409,1768780946000,0.0
synthetic-02-02,71,14.5563074,120.9884756,1768780948000,0.0
synthetic-02-02,72,14.5561574,120.9885608,1768780950000,0.0
synthetic-02-02,73,14.5559628,120.9886237,1768780952000,0.0
synthetic-02-02,74,14.5557681,120.9886867,1768780954000,0.0
synthetic-02-02,75,14.5555735,120.9887497,1768780956000,0.0
synthetic-02-02,76,14.5553788,120.9888125,1768780958000,0.0
synthetic-02-02,77,14.555184,120.9888751,1768780960000,0.0
synthetic-02-02,78,14.5549895,120.9889383,1768780962000,0.0
synthetic-02-02,79,14.5548114,120.9889484,1768780964000,0.0
synthetic-02-03,0,14.5633467,120.9988721,1769385606000,0.0
synthetic-02-03,1,14.5633042,120.9987736,1769385608000,0.0
synthetic-02-03,2,14.5632617,120.9986751,1769385610000,0.0
synthetic-02-03,3,14.5632192,120.9985765,1769385612000,0.0
synthetic-02-03,4,14.5631559,120.9985222,1769385614000,0.0
synthetic-02-03,5,14.5630528,120.9985523,1769385616000,0.0
synthetic-02-03,6,14.5629498,120.9985823,1769385618000,0.0
synthetic-02-03,7,14.5628468,120.9986123,1769385620000,0.0
synthetic-02-03,8,14.5627456,120.9986476,1769385622000,0.0
synthetic-02-03,9,14.562646,120.9986874,1769385624000,0.0
synthetic-02-03,10,14.5625463,120.9987272,1769385626000,0.0
synthetic-02-03,11,14.5624467,120.998767,1769385628000,0.0
synthetic-02-03,12,14.5623484,120.99881,1769385630000,0.0
synthetic-02-03,13,14.5622514,120.9988558,1769385632000,0.0
synthetic-02-03,14,14.5621544,120.9989017,1769385634000,0.0
synthetic-02-03,15,14.5620597,120.9989513,1769385636000,0.0
synthetic-02-03,16,14.5619803,120.9990231,1769385638000,0.0
synthetic-02-03,17,14.5620053,120.9990994,1769385640000,0.0
synthetic-02-03,18,14.5620816,120.9991749,1769385642000,0.0
synthetic-02-03,19,14.5621578,120.9992504,1769385644000,0.0
synthetic-02-03,20,14.562234,120.9993259,1769385646000,0.0
synthetic-02-03,21,14.5623103,120.9994015,1769385648000,0.0
synthetic-02-03,22,14.5623865,120.999477,1769385650000,0.0
synthetic-02-03,23,14.5624627,120.9995525,1769385652000,0.0
synthetic-02-03,24,14.562539,120.999628,1769385654000,0.0
synthetic-02-03,25,14.5626152,120.9997035,1769385656000,0.0
synthetic-02-03,26,14.5626914,120.999779,1769385658000,0.0
synthetic-02-03,27,14.5627677,120.9998545,1769385660000,0.0
synthetic-02-03,28,14.5628431,120.9999308,1769385662000,0.0
synthetic-02-03,29,14.5629124,121.0000127,1769385664000,0.0
synthetic-02-03,30,14.5629816,121.0000947,1769385666000,0.0
synthetic-02-03,31,14.5630509,121.0001766,1769385668000,0.0
synthetic-02-03,32,14.5631259,121.0002532,1769385670000,0.0
synthetic-02-03,33,14.5632043,121.0003264,1769385672000,0.0
synthetic-02-03,34,14.5632827,121.0003996,1769385674000,0.0
synthetic-02-03,35,14.5633602,121.0004738,1769385676000,0.0
synthetic-02-03,36,14.5634341,121.0005516,1769385678000,0.0
synthetic-02-03,37,14.5635081,121.0006293,1769385680000,0.0
synthetic-02-03,38,14.563582,121.0007071,1769385682000,0.0
synthetic-02-03,39,14.5636569,121.0007839,1769385684000,0.0
synthetic-02-03,40,14.5637329,121.0008596,1769385686000,0.0
synthetic-02-03,41,14.5638089,121.0009354,1769385688000,0.0
synthetic-02-03,42,14.5638857,121.0010103,1769385690000,0.0
synthetic-02-03,43,14.5639631,121.0010847,1769385692000,0.0
synthetic-02-03,44,14.5640404,121.001159,1769385694000,0.0
synthetic-02-03,45,14.5641178,121.0012334,1769385696000,0.0
synthetic-02-04,0,14.5609964,120.9955721,1769990406000,0.0
synthetic-02-04,1,14.5611594,120.9955736,1769990408000,0.0
synthetic-02-04,2,14.5613521,120.9955265,1769990410000,0.0
synthetic-02-04,3,14.5615447,120.9954794,1769990412000,0.0
synthetic-02-04,4,14.5617374,120.9954323,1769990414000,0.0
synthetic-02-04,5,14.56193,120.9953852,1769990416000,0.0
synthetic-02-04,6,14.5621227,120.995338,1769990418000,0.0
synthetic-02-04,7,14.5623154,120.9952909,1769990420000,0.0
synthetic-02-04,8,14.5625088,120.9952492,1769990422000,0.0
synthetic-02-04,9,14.5626008,120.995127,1769990424000,0.0
synthetic-02-04,10,14.5624436,120.9951481,1769990426000,0.0
synthetic-02-04,11,14.5622537,120.9952048,1769990428000,0.0
synthetic-02-04,12,14.5620617,120.9952545,1769990430000,0.0
synthetic-02-04,13,14.5618697,120.9953043,1769990432000,0.0
synthetic-02-04,14,14.5616777,120.995354,1769990434000,0.0
synthetic-02-04,15,14.5614857,120.9954038,1769990436000,0.0
synthetic-02-04,16,14.5612937,120.9954535,1769990438000,0.0
synthetic-02-04,17,14.5611017,120.9955033,1769990440000,0.0
synthetic-02-04,18,14.5609871,120.9955335,1769990442000,0.0
synthetic-02-04,19,14.5607943,120.9955774,1769990444000,0.0
synthetic-02-04,20,14.5606007,120.9956206,1769990446000,0.0
synthetic-02-04,21,14.5604071,120.9956637,1769990448000,0.0
synthetic-02-04,22,14.5602135,120.9957068,1769990450000,0.0
synthetic-02-04,23,14.5601688,120.9956375,1769990452000,0.0
synthetic-02-04,24,14.5601383,120.9954415,1769990454000,0.0
synthetic-02-04,25,14.5601078,120.9952455,1769990456000,0.0
synthetic-02-04,26,14.5600777,120.9950495,1769990458000,0.0
synthetic-02-04,27,14.5600469,120.9948535,1769990460000,0.0
synthetic-02-04,28,14.5600128,120.9946581,1769990462000,0.0
synthetic-02-04,29,14.5599793,120.9944626,1769990464000,0.0
synthetic-02-04,30,14.5599467,120.994267,1769990466000,0.0
synthetic-02-04,31,14.5599141,120.9940714,1769990468000,0.0
synthetic-02-04,32,14.5598814,120.9938757,1769990470000,0.0
synthetic-02-04,33,14.5598488,120.9936801,1769990472000,0.0
synthetic-02-04,34,14.5598162,120.9934845,1769990474000,0.0
synthetic-02-04,35,14.5597835,120.9932888,1769990476000,0.0
synthetic-02-04,36,14.5597509,120.9930932,1769990478000,0.0
synthetic-02-04,37,14.5596649,120.9929894,1769990480000,0.0
synthetic-02-04,38,14.5594779,120.9930555,1769990482000,0.0
synthetic-02-04,39,14.5592899,120.9931187,1769990484000,0.0
synthetic-02-04,40,14.5590999,120.9931758,1769990486000,0.0
synthetic-02-04,41,14.558909,120.9932293,1769990488000,0.0
synthetic-02-04,42,14.5587178,120.993282,1769990490000,0.0
synthetic-02-04,43,14.5585243,120.9933254,1769990492000,0.0
synthetic-02-04,44,14.5583305,120.9933678,1769990494000,0.0
synthetic-02-04,45,14.5581368,120.9934105,1769990496000,0.0
synthetic-02-04,46,14.5579907,120.9933715,1769990498000,0.0
synthetic-02-04,47,14.5579317,120.9931821,1769990500000,0.0
synthetic-02-04,48,14.5578744,120.9929922,1769990502000,0.0
synthetic-02-04,49,14.5578173,120.9928023,1769990504000,0.0
synthetic-02-04,50,14.5577593,120.9926126,1769990506000,0.0
synthetic-02-04,51,14.5577014,120.9924229,1769990508000,0.0
synthetic-02-04,52,14.5576434,120.9922333,1769990510000,0.0
synthetic-02-04,53,14.5575855,120.9920436,1769990512000,0.0
synthetic-02-04,54,14.5575275,120.9918539,1769990514000,0.0
synthetic-02-04,55,14.5574696,120.9916642,1769990516000,0.0
synthetic-02-04,56,14.5574116,120.9914745,1769990518000,0.0
synthetic-02-04,57,14.5573537,120.9912848,1769990520000,0.0
synthetic-02-04,58,14.5572957,120.9910952,1769990522000,0.0
synthetic-02-04,59,14.5572378,120.9909055,1769990524000,0.0
synthetic-02-04,60,14.5571798,120.9907158,1769990526000,0.0
synthetic-02-04,61,14.5570625,120.9906383,1769990528000,0.0
synthetic-02-04,62,14.5569972,120.990451,1769990530000,0.0
synthetic-02-04,63,14.5569318,120.9902637,1769990532000,0.0
synthetic-02-04,64,14.5568665,120.9900765,1769990534000,0.0
synthetic-02-04,65,14.556801,120.9898892,1769990536000,0.0
synthetic-02-04,66,14.5567356,120.989702,1769990538000,0.0
synthetic-02-04,67,14.5566702,120.9895147,1769990540000,0.0
synthetic-02-04,68,14.5566032,120.9893281,1769990542000,0.0
synthetic-02-04,69,14.5565352,120.9891418,1769990544000,0.0
synthetic-02-04,70,14.5564709,120.9889541,1769990546000,0.0
synthetic-02-04,71,14.5564069,120.9887664,1769990548000,0.0
synthetic-02-04,72,14.5563428,120.9885787,1769990550000,0.0
synthetic-02-04,73,14.5562922,120.988432,1769990552000,0.0
synthetic-02-04,74,14.5562072,120.9885446,1769990554000,0.0
synthetic-02-04,75,14.5560185,120.9886057,1769990556000,0.0
synthetic-02-04,76,14.5558298,120.9886667,1769990558000,0.0
synthetic-02-04,77,14.5556411,120.9887278,1769990560000,0.0
synthetic-02-04,78,14.5554524,120.9887888,1769990562000,0.0
synthetic-02-04,79,14.5552636,120.9888495,1769990564000,0.0
synthetic-02-04,80,14.5550748,120.9889104,1769990566000,0.0
synthetic-02-04,81,14.5548863,120.9889721,1769990568000,0.0
synthetic-02-04,82,14.5547486,120.9888676,1769990570000,0.0
synthetic-02-05,0,14.5633467,120.9988721,1770595206000,0.0
synthetic-02-05,1,14.5633042,120.9987736,1770595208000,0.0
synthetic-02-05,2,14.5632617,120.9986751,1770595210000,0.0
synthetic-02-05,3,14.5632192,120.9985765,1770595212000,0.0
synthetic-02-05,4,14.5631559,120.9985222,1770595214000,0.0
synthetic-02-05,5,14.5630528,120.9985523,1770595216000,0.0
synthetic-02-05,6,14.5629498,120.9985823,1770595218000,0.0
synthetic-02-05,7,14.5628468,120.9986123,1770595220000,0.0
synthetic-02-05,8,14.5627456,120.9986476,1770595222000,0.0
synthetic-02-05,9,14.562646,120.9986874,1770595224000,0.0
synthetic-02-05,10,14.5625463,120.9987272,1770595226000,0.0
synthetic-02-05,11,14.5624467,120.998767,1770595228000,0.0
synthetic-02-05,12,14.5623484,120.99881,1770595230000,0.0
synthetic-02-05,13,14.5622514,120.9988558,1770595232000,0.0
synthetic-02-05,14,14.5621544,120.9989017,1770595234000,0.0
synthetic-02-05,15,14.5620597,120.9989513,1770595236000,0.0
synthetic-02-05,16,14.5619803,120.9990231,1770595238000,0.0
synthetic-02-05,17,14.5620053,120.9990994,1770595240000,0.0
synthetic-02-05,18,14.5620816,120.9991749,1770595242000,0.0
synthetic-02-05,19,14.5621578,120.9992504,1770595244000,0.0
synthetic-02-05,20,14.562234,120.9993259,1770595246000,0.0
synthetic-02-05,21,14.5623103,120.9994015,1770595248000,0.0
synthetic-02-05,22,14.5623865,120.999477,1770595250000,0.0
synthetic-02-05,23,14.5624627,120.9995525,1770595252000,0.0
synthetic-02-05,24,14.562539,120.999628,1770595254000,0.0
synthetic-02-05,25,14.5626152,120.9997035,1770595256000,0.0
synthetic-02-05,26,14.5626914,120.999779,1770595258000,0.0
synthetic-02-05,27,14.5627677,120.9998545,1770595260000,0.0
synthetic-02-05,28,14.5628431,120.9999308,1770595262000,0.0
synthetic-02-05,29,14.5629124,121.0000127,1770595264000,0.0
synthetic-02-05,30,14.5629816,121.0000947,1770595266000,0.0
synthetic-02-05,31,14.5630509,121.0001766,1770595268000,0.0
synthetic-02-05,32,14.5631259,121.0002532,1770595270000,0.0
synthetic-02-05,33,14.5632043,121.0003264,1770595272000,0.0
synthetic-02-05,34,14.5632827,121.0003996,1770595274000,0.0
synthetic-02-05,35,14.5633602,121.0004738,1770595276000,0.0
synthetic-02-05,36,14.5634341,121.0005516,1770595278000,0.0
synthetic-02-05,37,14.5635081,121.0006293,1770595280000,0.0
synthetic-02-05,38,14.563582,121.0007071,1770595282000,0.0
synthetic-02-05,39,14.5636569,121.0007839,1770595284000,0.0
synthetic-02-05,40,14.5637329,121.0008596,1770595286000,0.0
synthetic-02-05,41,14.5638089,121.0009354,1770595288000,0.0
synthetic-02-05,42,14.5638857,121.0010103,1770595290000,0.0
synthetic-02-05,43,14.5639631,121.0010847,1770595292000,0.0
synthetic-02-05,44,14.5640404,121.001159,1770595294000,0.0
synthetic-02-05,45,14.5641178,121.0012334,1770595296000,0.0
synthetic-02-06,0,14.5643695,120.9943615,1771210806000,0.0
synthetic-02-06,1,14.5644197,120.9944202,1771210808000,0.0
synthetic-02-06,2,14.5645084,120.9943787,1771210810000,0.0
synthetic-02-06,3,14.5645966,120.9943361,1771210812000,0.0
synthetic-02-06,4,14.5646848,120.9942935,1771210814000,0.0
synthetic-02-06,5,14.5647729,120.9942509,1771210816000,0.0
synthetic-02-06,6,14.5648611,120.9942083,1771210818000,0.0
synthetic-02-06,7,14.5649493,120.9941658,1771210820000,0.0
synthetic-02-06,8,14.5650375,120.9941232,1771210822000,0.0
synthetic-02-06,9,14.5651257,120.9940806,1771210824000,0.0
synthetic-02-06,10,14.565215,120.9940405,1771210826000,0.0
synthetic-02-06,11,14.5653044,120.9940005,1771210828000,0.0
synthetic-02-06,12,14.5653459,120.9939453,1771210830000,0.0
synthetic-02-06,13,14.5653537,120.9939591,1771210832000,0.0
synthetic-02-06,14,14.5654358,120.9939438,1771210834000,0.0
synthetic-02-06,15,14.5655258,120.9939051,1771210836000,0.0
synthetic-02-06,16,14.5656144,120.9938633,1771210838000,0.0
synthetic-02-06,17,14.5657026,120.9938209,1771210840000,0.0
synthetic-02-06,18,14.5657796,120.99381,1771210842000,0.0
synthetic-02-06,19,14.5658191,120.9938996,1771210844000,0.0
synthetic-02-06,20,14.5658582,120.9939894,1771210846000,0.0
synthetic-02-06,21,14.5658973,120.9940792,1771210848000,0.0
synthetic-02-06,22,14.5659364,120.994169,1771210850000,0.0
synthetic-02-06,23,14.5659754,120.9942588,1771210852000,0.0
synthetic-02-06,24,14.5660145,120.9943486,1771210854000,0.0
synthetic-02-06,25,14.5660536,120.9944384,1771210856000,0.0
synthetic-02-06,26,14.5660927,120.9945282,1771210858000,0.0
synthetic-02-06,27,14.5661727,120.9945095,1771210860000,0.0
synthetic-02-06,28,14.5662614,120.994468,1771210862000,0.0
synthetic-02-06,29,14.5663499,120.9944259,1771210864000,0.0
synthetic-02-06,30,14.5664382,120.9943835,1771210866000,0.0
synthetic-02-06,31,14.5665264,120.9943411,1771210868000,0.0
synthetic-02-06,32,14.5666146,120.9942986,1771210870000,0.0
synthetic-02-06,33,14.5667028,120.994256,1771210872000,0.0
synthetic-02-06,34,14.5667911,120.9942135,1771210874000,0.0
synthetic-02-06,35,14.5668794,120.9941712,1771210876000,0.0
synthetic-02-06,36,14.5669678,120.9941292,1771210878000,0.0
synthetic-02-06,37,14.5670563,120.9940872,1771210880000,0.0
synthetic-02-06,38,14.5671448,120.9940452,1771210882000,0.0
synthetic-02-06,39,14.5672332,120.9940032,1771210884000,0.0
synthetic-02-06,40,14.5673221,120.993962,1771210886000,0.0
synthetic-02-06,41,14.5674111,120.9939212,1771210888000,0.0
synthetic-02-06,42,14.5675001,120.9938803,1771210890000,0.0
synthetic-02-06,43,14.5675891,120.9938394,1771210892000,0.0
synthetic-02-06,44,14.5676781,120.9937986,1771210894000,0.0
synthetic-02-06,45,14.5677671,120.9937577,1771210896000,0.0
synthetic-02-07,0,14.5587681,120.996085,1771815606000,0.0
synthetic-02-07,1,14.5588512,120.996111,1771815608000,0.0
synthetic-02-07,2,14.5589689,120.9960838,1771815610000,0.0
synthetic-02-07,3,14.5590865,120.9960567,1771815612000,0.0
synthetic-02-07,4,14.5592041,120.9960296,1771815614000,0.0
synthetic-02-07,5,14.5593218,120.9960025,1771815616000,0.0
synthetic-02-07,6,14.5594394,120.9959754,1771815618000,0.0
synthetic-02-07,7,14.559557,120.9959483,1771815620000,0.0
synthetic-02-07,8,14.5596746,120.995921,1771815622000,0.0
synthetic-02-07,9,14.5597922,120.9958937,1771815624000,0.0
synthetic-02-07,10,14.5599098,120.9958664,1771815626000,0.0
synthetic-02-07,11,14.5600274,120.9958391,1771815628000,0.0
synthetic-02-07,12,14.560145,120.9958119,1771815630000,0.0
synthetic-02-07,13,14.5601856,120.9957361,1771815632000,0.0
synthetic-02-07,14,14.5601656,120.995617,1771815634000,0.0
synthetic-02-07,15,14.5601471,120.9954978,1771815636000,0.0
synthetic-02-07,16,14.5601285,120.9953785,1771815638000,0.0
synthetic-02-07,17,14.56011,120.9952592,1771815640000,0.0
synthetic-02-07,18,14.5600915,120.9951399,1771815642000,0.0
synthetic-02-07,19,14.5600733,120.9950206,1771815644000,0.0
synthetic-02-07,20,14.560055,120.9949012,1771815646000,0.0
synthetic-02-07,21,14.5600345,120.9947823,1771815648000,0.0
synthetic-02-07,22,14.5600137,120.9946634,1771815650000,0.0
synthetic-02-07,23,14.5599931,120.9945444,1771815652000,0.0
synthetic-02-07,24,14.5600959,120.994499,1771815654000,0.0
synthetic-02-07,25,14.5602102,120.9944601,1771815656000,0.0
synthetic-02-07,26,14.5603163,120.9944025,1771815658000,0.0
synthetic-02-07,27,14.5604223,120.9943449,1771815660000,0.0
synthetic-02-07,28,14.5605284,120.9942872,1771815662000,0.0
synthetic-02-07,29,14.5606345,120.9942296,1771815664000,0.0
synthetic-02-07,30,14.5607405,120.9941719,1771815666000,0.0
synthetic-02-07,31,14.5608466,120.9941143,1771815668000,0.0
synthetic-02-07,32,14.5609524,120.9940562,1771815670000,0.0
synthetic-02-07,33,14.5610579,120.9939974,1771815672000,0.0
synthetic-02-07,34,14.5611616,120.9939357,1771815674000,0.0
synthetic-02-07,35,14.5612254,120.9938469,1771815676000,0.0
synthetic-02-07,36,14.5612184,120.9938952,1771815678000,0.0
synthetic-02-07,37,14.5612719,120.9940021,1771815680000,0.0
synthetic-02-07,38,14.5613312,120.9941072,1771815682000,0.0
synthetic-02-07,39,14.561407,120.9941998,1771815684000,0.0
synthetic-02-07,40,14.5614892,120.9941456,1771815686000,0.0
synthetic-02-07,41,14.5614876,120.9940559,1771815688000,0.0
synthetic-02-07,42,14.5614096,120.9939638,1771815690000,0.0
synthetic-02-07,43,14.561341,120.9938645,1771815692000,0.0
synthetic-02-07,44,14.5612841,120.9937582,1771815694000,0.0
synthetic-02-07,45,14.5612306,120.9938113,1771815696000,0.0
synthetic-02-08,0,14.5618298,120.9968042,1772420406000,0.0
synthetic-02-08,1,14.5617189,120.9968457,1772420408000,0.0
synthetic-02-08,2,14.561608,120.9968871,1772420410000,0.0
synthetic-02-08,3,14.5614971,120.9969286,1772420412000,0.0
synthetic-02-08,4,14.5613862,120.9969701,1772420414000,0.0
synthetic-02-08,5,14.5612753,120.9970115,1772420416000,0.0
synthetic-02-08,6,14.5611639,120.9970515,1772420418000,0.0
synthetic-02-08,7,14.5610525,120.9970917,1772420420000,0.0
synthetic-02-08,8,14.5609412,120.9971319,1772420422000,0.0
synthetic-02-08,9,14.5608298,120.9971722,1772420424000,0.0
synthetic-02-08,10,14.5607184,120.9972121,1772420426000,0.0
synthetic-02-08,11,14.5606068,120.9972517,1772420428000,0.0
synthetic-02-08,12,14.5604952,120.9972914,1772420430000,0.0
synthetic-02-08,13,14.5603841,120.9973322,1772420432000,0.0
synthetic-02-08,14,14.5602731,120.9973735,1772420434000,0.0
synthetic-02-08,15,14.5601617,120.9974136,1772420436000,0.0
synthetic-02-08,16,14.5600505,120.9974542,1772420438000,0.0
synthetic-02-08,17,14.5599393,120.9974948,1772420440000,0.0
synthetic-02-08,18,14.5598285,120.9975366,1772420442000,0.0
synthetic-02-08,19,14.5597187,120.9975809,1772420444000,0.0
synthetic-02-08,20,14.559609,120.9976253,1772420446000,0.0
synthetic-02-08,21,14.5594972,120.9976636,1772420448000,0.0
synthetic-02-08,22,14.5593825,120.997693,1772420450000,0.0
synthetic-02-08,23,14.5592678,120.9977224,1772420452000,0.0
synthetic-02-08,24,14.5591531,120.9977518,1772420454000,0.0
synthetic-02-08,25,14.5590384,120.9977812,1772420456000,0.0
synthetic-02-08,26,14.5589237,120.9978106,1772420458000,0.0
synthetic-02-08,27,14.5588091,120.99784,1772420460000,0.0
synthetic-02-08,28,14.5586944,120.9978695,1772420462000,0.0
synthetic-02-08,29,14.5585824,120.9979078,1772420464000,0.0
synthetic-02-08,30,14.5584706,120.9979469,1772420466000,0.0
synthetic-02-08,31,14.5583589,120.997986,1772420468000,0.0
synthetic-02-08,32,14.5582471,120.9980251,1772420470000,0.0
synthetic-02-08,33,14.5581354,120.9980642,1772420472000,0.0
synthetic-02-08,34,14.5580236,120.9981033,1772420474000,0.0
synthetic-02-08,35,14.5579119,120.9981424,1772420476000,0.0
synthetic-02-08,36,14.5578001,120.9981815,1772420478000,0.0
synthetic-02-08,37,14.5576866,120.9982151,1772420480000,0.0
synthetic-02-08,38,14.5575725,120.9982467,1772420482000,0.0
synthetic-02-08,39,14.5574584,120.9982783,1772420484000,0.0
synthetic-02-08,40,14.5573443,120.9983099,1772420486000,0.0
synthetic-02-08,41,14.5572302,120.9983415,1772420488000,0.0
synthetic-02-08,42,14.5571161,120.9983732,1772420490000,0.0
synthetic-02-08,43,14.557002,120.9984048,1772420492000,0.0
synthetic-02-08,44,14.5568879,120.9984364,1772420494000,0.0
synthetic-02-08,45,14.5567732,120.9984653,1772420496000,0.0
synthetic-02-09,0,14.5643695,120.9943615,1773025206000,0.0
synthetic-02-09,1,14.5642528,120.9943351,1773025208000,0.0
synthetic-02-09,2,14.5640969,120.9944073,1773025210000,0.0
synthetic-02-09,3,14.5639412,120.9944797,1773025212000,0.0
synthetic-02-09,4,14.5637869,120.9945552,1773025214000,0.0
synthetic-02-09,5,14.5636336,120.9946327,1773025216000,0.0
synthetic-02-09,6,14.563479,120.9947073,1773025218000,0.0
synthetic-02-09,7,14.5633233,120.9947799,1773025220000,0.0
synthetic-02-09,8,14.5631672,120.9948517,1773025222000,0.0
synthetic-02-09,9,14.5630118,120.9949249,1773025224000,0.0
synthetic-02-09,10,14.5628564,120.994998,1773025226000,0.0
synthetic-02-09,11,14.562701,120.9950711,1773025228000,0.0
synthetic-02-09,12,14.5625989,120.9951651,1773025230000,0.0
synthetic-02-09,13,14.5626002,120.9951391,1773025232000,0.0
synthetic-02-09,14,14.5624803,120.995136,1773025234000,0.0
synthetic-02-09,15,14.5623168,120.9951884,1773025236000,0.0
synthetic-02-09,16,14.5621505,120.9952315,1773025238000,0.0
synthetic-02-09,17,14.5619843,120.9952746,1773025240000,0.0
synthetic-02-09,18,14.561818,120.9953177,1773025242000,0.0
synthetic-02-09,19,14.5616517,120.9953608,1773025244000,0.0
synthetic-02-09,20,14.5614854,120.9954038,1773025246000,0.0
synthetic-02-09,21,14.5613192,120.9954469,1773025248000,0.0
synthetic-02-09,22,14.5611529,120.99549,1773025250000,0.0
synthetic-02-09,23,14.5609871,120.9955334,1773025252000,0.0
synthetic-02-09,24,14.5608976,120.9955536,1773025254000,0.0
synthetic-02-09,25,14.5607301,120.9955918,1773025256000,0.0
synthetic-02-09,26,14.5605625,120.9956291,1773025258000,0.0
synthetic-02-09,27,14.5603948,120.9956664,1773025260000,0.0
synthetic-02-09,28,14.5602271,120.9957038,1773025262000,0.0
synthetic-02-09,29,14.560175,120.9956775,1773025264000,0.0
synthetic-02-09,30,14.5601486,120.9955078,1773025266000,0.0
synthetic-02-09,31,14.5601222,120.995338,1773025268000,0.0
synthetic-02-09,32,14.5600959,120.9951683,1773025270000,0.0
synthetic-02-09,33,14.5600699,120.9949985,1773025272000,0.0
synthetic-02-09,34,14.5600426,120.9948289,1773025274000,0.0
synthetic-02-09,35,14.5600131,120.9946597,1773025276000,0.0
synthetic-02-09,36,14.559984,120.9944904,1773025278000,0.0
synthetic-02-09,37,14.5599557,120.994321,1773025280000,0.0
synthetic-02-09,38,14.5599275,120.9941516,1773025282000,0.0
synthetic-02-09,39,14.5598992,120.9939822,1773025284000,0.0
synthetic-02-09,40,14.5598709,120.9938127,1773025286000,0.0
synthetic-02-09,41,14.5598427,120.9936433,1773025288000,0.0
synthetic-02-09,42,14.5598144,120.9934739,1773025290000,0.0
synthetic-02-09,43,14.5597861,120.9933045,1773025292000,0.0
synthetic-02-09,44,14.5597579,120.993135,1773025294000,0.0
synthetic-02-09,45,14.5597296,120.9929656,1773025296000,0.0
synthetic-02-10,0,14.570849,120.9935069,1773630006000,0.0
synthetic-02-10,1,14.5708248,120.993443,1773630008000,0.0
synthetic-02-10,2,14.5708005,120.993379,1773630010000,0.0
synthetic-02-10,3,14.5707763,120.9933151,1773630012000,0.0
synthetic-02-10,4,14.5707521,120.9932511,1773630014000,0.0
synthetic-02-10,5,14.5707279,120.9931872,1773630016000,0.0
synthetic-02-10,6,14.5707036,120.9931233,1773630018000,0.0
synthetic-02-10,7,14.5706794,120.9930593,1773630020000,0.0
synthetic-02-10,8,14.5706552,120.9929954,1773630022000,0.0
synthetic-02-10,9,14.5706309,120.9929315,1773630024000,0.0
synthetic-02-10,10,14.5706067,120.9928675,1773630026000,0.0
synthetic-02-10,11,14.5705825,120.9928036,1773630028000,0.0
synthetic-02-10,12,14.5705583,120.9927396,1773630030000,0.0
synthetic-02-10,13,14.570534,120.9926757,1773630032000,0.0
synthetic-02-10,14,14.5705098,120.9926117,1773630034000,0.0
synthetic-02-10,15,14.5704856,120.9925478,1773630036000,0.0
synthetic-02-10,16,14.5704614,120.9924838,1773630038000,0.0
synthetic-02-10,17,14.5705125,120.9924479,1773630040000,0.0
synthetic-02-10,18,14.5705725,120.9924152,1773630042000,0.0
synthetic-02-10,19,14.5706326,120.9923826,1773630044000,0.0
synthetic-02-10,20,14.5706927,120.99235,1773630046000,0.0
synthetic-02-10,21,14.5707528,120.9923174,1773630048000,0.0
synthetic-02-10,22,14.5708129,120.9922847,1773630050000,0.0
synthetic-02-10,23,14.570873,120.9922521,1773630052000,0.0
synthetic-02-10,24,14.5709331,120.9922195,1773630054000,0.0
synthetic-02-10,25,14.5709931,120.9921867,1773630056000,0.0
synthetic-02-10,26,14.5710529,120.9921535,1773630058000,0.0
synthetic-02-10,27,14.5710874,120.9921182,1773630060000,0.0
synthetic-02-10,28,14.5710339,120.9920755,1773630062000,0.0
synthetic-02-10,29,14.5709803,120.9920331,1773630064000,0.0
synthetic-02-10,30,14.5709262,120.9919913,1773630066000,0.0
synthetic-02-10,31,14.5708724,120.9919491,1773630068000,0.0
synthetic-02-10,32,14.5708193,120.991906,1773630070000,0.0
synthetic-02-10,33,14.5707662,120.9918629,1773630072000,0.0
synthetic-02-10,34,14.5707132,120.9918198,1773630074000,0.0
synthetic-02-10,35,14.5706555,120.9917838,1773630076000,0.0
synthetic-02-10,36,14.5705943,120.9917533,1773630078000,0.0
synthetic-02-10,37,14.5705331,120.9917229,1773630080000,0.0
synthetic-02-10,38,14.5704718,120.9916925,1773630082000,0.0
synthetic-02-10,39,14.5704117,120.9916611,1773630084000,0.0
synthetic-02-10,40,14.5703905,120.9915961,1773630086000,0.0
synthetic-02-10,41,14.5704003,120.9915437,1773630088000,0.0
synthetic-02-10,42,14.5704608,120.9915119,1773630090000,0.0
synthetic-02-10,43,14.5705213,120.99148,1773630092000,0.0
synthetic-02-10,44,14.5705818,120.9914482,1773630094000,0.0
synthetic-02-10,45,14.5706423,120.9914163,1773630096000,0.0
synthetic-02-11,0,14.5643695,120.9943615,1774234806000,0.0
synthetic-02-11,1,14.5644197,120.9944202,1774234808000,0.0
synthetic-02-11,2,14.5645084,120.9943787,1774234810000,0.0
synthetic-02-11,3,14.5645966,120.9943361,1774234812000,0.0
synthetic-02-11,4,14.5646848,120.9942935,1774234814000,0.0
synthetic-02-11,5,14.5647729,120.9942509,1774234816000,0.0
synthetic-02-11,6,14.5648611,120.9942083,1774234818000,0.0
synthetic-02-11,7,14.5649493,120.9941658,1774234820000,0.0
synthetic-02-11,8,14.5650375,120.9941232,1774234822000,0.0
synthetic-02-11,9,14.5651257,120.9940806,1774234824000,0.0
synthetic-02-11,10,14.565215,120.9940405,1774234826000,0.0
synthetic-02-11,11,14.5653044,120.9940005,1774234828000,0.0
synthetic-02-11,12,14.5653459,120.9939453,1774234830000,0.0
synthetic-02-11,13,14.5653537,120.9939591,1774234832000,0.0
synthetic-02-11,14,14.5654358,120.9939438,1774234834000,0.0
synthetic-02-11,15,14.5655258,120.9939051,1774234836000,0.0
synthetic-02-11,16,14.5656144,120.9938633,1774234838000,0.0
synthetic-02-11,17,14.5657026,120.9938209,1774234840000,0.0
synthetic-02-11,18,14.5657796,120.99381,1774234842000,0.0
synthetic-02-11,19,14.5658191,120.9938996,1774234844000,0.0
synthetic-02-11,20,14.5658582,120.9939894,1774234846000,0.0
synthetic-02-11,21,14.5658973,120.9940792,1774234848000,0.0
synthetic-02-11,22,14.5659364,120.994169,1774234850000,0.0
synthetic-02-11,23,14.5659754,120.9942588,1774234852000,0.0
synthetic-02-11,24,14.5660145,120.9943486,1774234854000,0.0
synthetic-02-11,25,14.5660536,120.9944384,1774234856000,0.0
synthetic-02-11,26,14.5660927,120.9945282,1774234858000,0.0
synthetic-02-11,27,14.5661727,120.9945095,1774234860000,0.0
synthetic-02-11,28,14.5662614,120.994468,1774234862000,0.0
synthetic-02-11,29,14.5663499,120.9944259,1774234864000,0.0
synthetic-02-11,30,14.5664382,120.9943835,1774234866000,0.0
synthetic-02-11,31,14.5665264,120.9943411,1774234868000,0.0
synthetic-02-11,32,14.5666146,120.9942986,1774234870000,0.0
synthetic-02-11,33,14.5667028,120.994256,1774234872000,0.0
synthetic-02-11,34,14.5667911,120.9942135,1774234874000,0.0
synthetic-02-11,35,14.5668794,120.9941712,1774234876000,0.0
synthetic-02-11,36,14.5669678,120.9941292,1774234878000,0.0
synthetic-02-11,37,14.5670563,120.9940872,1774234880000,0.0
synthetic-02-11,38,14.5671448,120.9940452,1774234882000,0.0
synthetic-02-11,39,14.5672332,120.9940032,1774234884000,0.0
synthetic-02-11,40,14.5673221,120.993962,1774234886000,0.0
synthetic-02-11,41,14.5674111,120.9939212,1774234888000,0.0
synthetic-02-11,42,14.5675001,120.9938803,1774234890000,0.0
synthetic-02-11,43,14.5675891,120.9938394,1774234892000,0.0
synthetic-02-11,44,14.5676781,120.9937986,1774234894000,0.0
synthetic-02-11,45,14.5677671,120.9937577,1774234896000,0.0
synthetic-03-00,0,14.5633467,120.9988721,1767571209000,0.0
synthetic-03-00,1,14.5633042,120.9987736,1767571211000,0.0
synthetic-03-00,2,14.5632617,120.9986751,1767571213000,0.0
synthetic-03-00,3,14.5632192,120.9985765,1767571215000,0.0
synthetic-03-00,4,14.5631559,120.9985222,1767571217000,0.0
synthetic-03-00,5,14.5630528,120.9985523,1767571219000,0.0
synthetic-03-00,6,14.5629498,120.9985823,1767571221000,0.0
synthetic-03-00,7,14.5628468,120.9986123,1767571223000,0.0
synthetic-03-00,8,14.5627456,120.9986476,1767571225000,0.0
synthetic-03-00,9,14.562646,120.9986874,1767571227000,0.0
synthetic-03-00,10,14.5625463,120.9987272,1767571229000,0.0
synthetic-03-00,11,14.5624467,120.998767,1767571231000,0.0
synthetic-03-00,12,14.5623484,120.99881,1767571233000,0.0
synthetic-03-00,13,14.5622514,120.9988558,1767571235000,0.0
synthetic-03-00,14,14.5621544,120.9989017,1767571237000,0.0
synthetic-03-00,15,14.5620597,120.9989513,1767571239000,0.0
synthetic-03-00,16,14.5619803,120.9990231,1767571241000,0.0
synthetic-03-00,17,14.5620053,120.9990994,1767571243000,0.0
synthetic-03-00,18,14.5620816,120.9991749,1767571245000,0.0
synthetic-03-00,19,14.5621578,120.9992504,1767571247000,0.0
synthetic-03-00,20,14.562234,120.9993259,1767571249000,0.0
synthetic-03-00,21,14.5623103,120.9994015,1767571251000,0.0
synthetic-03-00,22,14.5623865,120.999477,1767571253000,0.0
synthetic-03-00,23,14.5624627,120.9995525,1767571255000,0.0
synthetic-03-00,24,14.562539,120.999628,1767571257000,0.0
synthetic-03-00,25,14.5626152,120.9997035,1767571259000,0.0
synthetic-03-00,26,14.5626914,120.999779,1767571261000,0.0
synthetic-03-00,27,14.5627677,120.9998545,1767571263000,0.0
synthetic-03-00,28,14.5628431,120.9999308,1767571265000,0.0
synthetic-03-00,29,14.5629124,121.0000127,1767571267000,0.0
synthetic-03-00,30,14.5629816,121.0000947,1767571269000,0.0
synthetic-03-00,31,14.5630509,121.0001766,1767571271000,0.0
synthetic-03-00,32,14.5631259,121.0002532,1767571273000,0.0
synthetic-03-00,33,14.5632043,121.0003264,1767571275000,0.0
synthetic-03-00,34,14.5632827,121.0003996,1767571277000,0.0
synthetic-03-00,35,14.5633602,121.0004738,1767571279000,0.0
synthetic-03-00,36,14.5634341,121.0005516,1767571281000,0.0
synthetic-03-00,37,14.5635081,121.0006293,1767571283000,0.0
synthetic-03-00,38,14.563582,121.0007071,1767571285000,0.0
synthetic-03-00,39,14.5636569,121.0007839,1767571287000,0.0
synthetic-03-00,40,14.5637329,121.0008596,1767571289000,0.0
synthetic-03-00,41,14.5638089,121.0009354,1767571291000,0.0
synthetic-03-00,42,14.5638857,121.0010103,1767571293000,0.0
synthetic-03-00,43,14.5639631,121.0010847,1767571295000,0.0
synthetic-03-00,44,14.5640404,121.001159,1767571297000,0.0
synthetic-03-00,45,14.5641178,121.0012334,1767571299000,0.0
synthetic-03-01,0,14.5609964,120.9955721,1768176009000,0.0
synthetic-03-01,1,14.5611548,120.9955748,1768176011000,0.0
synthetic-03-01,2,14.5613429,120.9955288,1768176013000,0.0
synthetic-03-01,3,14.561531,120.9954828,1768176015000,0.0
synthetic-03-01,4,14.561719,120.9954368,1768176017000,0.0
synthetic-03-01,5,14.5619071,120.9953908,1768176019000,0.0
synthetic-03-01,6,14.5620952,120.9953448,1768176021000,0.0
synthetic-03-01,7,14.5622833,120.9952988,1768176023000,0.0
synthetic-03-01,8,14.5624713,120.9952541,1768176025000,0.0
synthetic-03-01,9,14.5625987,120.9951695,1768176027000,0.0
synthetic-03-01,10,14.5624885,120.9951333,1768176029000,0.0
synthetic-03-01,11,14.562304,120.9951917,1768176031000,0.0
synthetic-03-01,12,14.5621165,120.9952403,1768176033000,0.0
synthetic-03-01,13,14.5619291,120.9952889,1768176035000,0.0
synthetic-03-01,14,14.5617417,120.9953374,1768176037000,0.0
synthetic-03-01,15,14.5615543,120.995386,1768176039000,0.0
synthetic-03-01,16,14.5613668,120.9954346,1768176041000,0.0
synthetic-03-01,17,14.5611794,120.9954831,1768176043000,0.0
synthetic-03-01,18,14.560992,120.9955317,1768176045000,0.0
synthetic-03-01,19,14.5608817,120.9955573,1768176047000,0.0
synthetic-03-01,20,14.5606929,120.9956001,1768176049000,0.0
synthetic-03-01,21,14.5605039,120.9956422,1768176051000,0.0
synthetic-03-01,22,14.5603149,120.9956842,1768176053000,0.0
synthetic-03-01,23,14.5601874,120.9957444,1768176055000,0.0
synthetic-03-01,24,14.5601557,120.9955535,1768176057000,0.0
synthetic-03-01,25,14.560126,120.9953621,1768176059000,0.0
synthetic-03-01,26,14.5600963,120.9951708,1768176061000,0.0
synthetic-03-01,27,14.560067,120.9949794,1768176063000,0.0
synthetic-03-01,28,14.5600355,120.9947884,1768176065000,0.0
synthetic-03-01,29,14.5600023,120.9945977,1768176067000,0.0
synthetic-03-01,30,14.55997,120.9944067,1768176069000,0.0
synthetic-03-01,31,14.5599382,120.9942158,1768176071000,0.0
synthetic-03-01,32,14.5599063,120.9940248,1768176073000,0.0
synthetic-03-01,33,14.5598744,120.9938338,1768176075000,0.0
synthetic-03-01,34,14.5598426,120.9936428,1768176077000,0.0
synthetic-03-01,35,14.5598107,120.9934519,1768176079000,0.0
synthetic-03-01,36,14.5597789,120.9932609,1768176081000,0.0
synthetic-03-01,37,14.559747,120.9930699,1768176083000,0.0
synthetic-03-01,38,14.5596471,120.9929959,1768176085000,0.0
synthetic-03-01,39,14.5594645,120.99306,1768176087000,0.0
synthetic-03-01,40,14.5592809,120.9931217,1768176089000,0.0
synthetic-03-01,41,14.5590954,120.9931771,1768176091000,0.0
synthetic-03-01,42,14.558909,120.9932293,1768176093000,0.0
synthetic-03-01,43,14.5587223,120.9932808,1768176095000,0.0
synthetic-03-01,44,14.5585335,120.9933234,1768176097000,0.0
synthetic-03-01,45,14.5583443,120.9933648,1768176099000,0.0
synthetic-03-01,46,14.5581553,120.9934064,1768176101000,0.0
synthetic-03-01,47,14.5579977,120.993394,1768176103000,0.0
synthetic-03-01,48,14.5579401,120.9932092,1768176105000,0.0
synthetic-03-01,49,14.5578839,120.9930239,1768176107000,0.0
synthetic-03-01,50,14.5578282,120.9928385,1768176109000,0.0
synthetic-03-01,51,14.5577717,120.9926533,1768176111000,0.0
synthetic-03-01,52,14.5577152,120.9924681,1768176113000,0.0
synthetic-03-01,53,14.5576586,120.9922829,1768176115000,0.0
synthetic-03-01,54,14.557602,120.9920978,1768176117000,0.0
synthetic-03-01,55,14.5575455,120.9919126,1768176119000,0.0
synthetic-03-01,56,14.5574889,120.9917274,1768176121000,0.0
synthetic-03-01,57,14.5574323,120.9915423,1768176123000,0.0
synthetic-03-01,58,14.5573758,120.9913571,1768176125000,0.0
synthetic-03-01,59,14.5573192,120.9911719,1768176127000,0.0
synthetic-03-01,60,14.5572626,120.9909868,1768176129000,0.0
synthetic-03-01,61,14.557206,120.9908016,1768176131000,0.0
synthetic-03-01,62,14.5571012,120.9907116,1768176133000,0.0
synthetic-03-01,63,14.5570298,120.9905446,1768176135000,0.0
synthetic-03-01,64,14.5569661,120.9903618,1768176137000,0.0
synthetic-03-01,65,14.5569023,120.990179,1768176139000,0.0
synthetic-03-01,66,14.5568384,120.9899962,1768176141000,0.0
synthetic-03-01,67,14.5567745,120.9898134,1768176143000,0.0
synthetic-03-01,68,14.5567107,120.9896307,1768176145000,0.0
synthetic-03-01,69,14.5566469,120.9894479,1768176147000,0.0
synthetic-03-01,70,14.5565806,120.989266,1768176149000,0.0
synthetic-03-01,71,14.5565151,120.9890837,1768176151000,0.0
synthetic-03-01,72,14.5564526,120.9889005,1768176153000,0.0
synthetic-03-01,73,14.5563901,120.9887172,1768176155000,0.0
synthetic-03-01,74,14.5563276,120.988534,1768176157000,0.0
synthetic-03-01,75,14.5563062,120.9884722,1768176159000,0.0
synthetic-03-01,76,14.5561713,120.9885563,1768176161000,0.0
synthetic-03-01,77,14.5559871,120.9886159,1768176163000,0.0
synthetic-03-01,78,14.5558029,120.9886754,1768176165000,0.0
synthetic-03-01,79,14.5556187,120.9887351,1768176167000,0.0
synthetic-03-01,80,14.5554344,120.9887946,1768176169000,0.0
synthetic-03-01,81,14.5552501,120.9888539,1768176171000,0.0
synthetic-03-01,82,14.5550658,120.9889134,1768176173000,0.0
synthetic-03-01,83,14.5548818,120.9889735,1768176175000,0.0
synthetic-03-01,84,14.5547486,120.9888676,1768176177000,0.0
synthetic-03-02,0,14.5633467,120.9988721,1768780809000,0.0
synthetic-03-02,1,14.5633042,120.9987736,1768780811000,0.0
synthetic-03-02,2,14.5632617,120.9986751,1768780813000,0.0
synthetic-03-02,3,14.5632192,120.9985765,1768780815000,0.0
synthetic-03-02,4,14.5631559,120.9985222,1768780817000,0.0
synthetic-03-02,5,14.5630528,120.9985523,1768780819000,0.0
synthetic-03-02,6,14.5629498,120.9985823,1768780821000,0.0
synthetic-03-02,7,14.5628468,120.9986123,1768780823000,0.0
synthetic-03-02,8,14.5627456,120.9986476,1768780825000,0.0
synthetic-03-02,9,14.562646,120.9986874,1768780827000,0.0
synthetic-03-02,10,14.5625463,120.9987272,1768780829000,0.0
synthetic-03-02,11,14.5624467,120.998767,1768780831000,0.0
synthetic-03-02,12,14.5623484,120.99881,1768780833000,0.0
synthetic-03-02,13,14.5622514,120.9988558,1768780835000,0.0
synthetic-03-02,14,14.5621544,120.9989017,1768780837000,0.0
synthetic-03-02,15,14.5620597,120.9989513,1768780839000,0.0
synthetic-03-02,16,14.5619803,120.9990231,1768780841000,0.0
synthetic-03-02,17,14.5620053,120.9990994,1768780843000,0.0
synthetic-03-02,18,14.5620816,120.9991749,1768780845000,0.0
synthetic-03-02,19,14.5621578,120.9992504,1768780847000,0.0
synthetic-03-02,20,14.562234,120.9993259,1768780849000,0.0
synthetic-03-02,21,14.5623103,120.9994015,1768780851000,0.0
synthetic-03-02,22,14.5623865,120.999477,1768780853000,0.0
synthetic-03-02,23,14.5624627,120.9995525,1768780855000,0.0
synthetic-03-02,24,14.562539,120.999628,1768780857000,0.0
synthetic-03-02,25,14.5626152,120.9997035,1768780859000,0.0
synthetic-03-02,26,14.5626914,120.999779,1768780861000,0.0
synthetic-03-02,27,14.5627677,120.9998545,1768780863000,0.0
synthetic-03-02,28,14.5628431,120.9999308,1768780865000,0.0
synthetic-03-02,29,14.5629124,121.0000127,1768780867000,0.0
synthetic-03-02,30,14.5629816,121.0000947,1768780869000,0.0
synthetic-03-02,31,14.5630509,121.0001766,1768780871000,0.0
synthetic-03-02,32,14.5631259,121.0002532,1768780873000,0.0
synthetic-03-02,33,14.5632043,121.0003264,1768780875000,0.0
synthetic-03-02,34,14.5632827,121.0003996,1768780877000,0.0
synthetic-03-02,35,14.5633602,121.0004738,1768780879000,0.0
synthetic-03-02,36,14.5634341,121.0005516,1768780881000,0.0
synthetic-03-02,37,14.5635081,121.0006293,1768780883000,0.0
synthetic-03-02,38,14.563582,121.0007071,1768780885000,0.0
synthetic-03-02,39,14.5636569,121.0007839,1768780887000,0.0
synthetic-03-02,40,14.5637329,121.0008596,1768780889000,0.0
synthetic-03-02,41,14.5638089,121.0009354,1768780891000,0.0
synthetic-03-02,42,14.5638857,121.0010103,1768780893000,0.0
synthetic-03-02,43,14.5639631,121.0010847,1768780895000,0.0
synthetic-03-02,44,14.5640404,121.001159,1768780897000,0.0
synthetic-03-02,45,14.5641178,121.0012334,1768780899000,0.0
synthetic-03-03,0,14.5609964,120.9955721,1769385609000,0.0
synthetic-03-03,1,14.5611594,120.9955736,1769385611000,0.0
synthetic-03-03,2,14.5613521,120.9955265,1769385613000,0.0
synthetic-03-03,3,14.5615447,120.9954794,1769385615000,0.0
synthetic-03-03,4,14.5617374,120.9954323,1769385617000,0.0
synthetic-03-03,5,14.56193,120.9953852,1769385619000,0.0
synthetic-03-03,6,14.5621227,120.995338,1769385621000,0.0
synthetic-03-03,7,14.5623154,120.9952909,1769385623000,0.0
synthetic-03-03,8,14.5625088,120.9952492,1769385625000,0.0
synthetic-03-03,9,14.5626008,120.995127,1769385627000,0.0
synthetic-03-03,10,14.5624436,120.9951481,1769385629000,0.0
synthetic-03-03,11,14.5622537,120.9952048,1769385631000,0.0
synthetic-03-03,12,14.5620617,120.9952545,1769385633000,0.0
synthetic-03-03,13,14.5618697,120.9953043,1769385635000,0.0
synthetic-03-03,14,14.5616777,120.995354,1769385637000,0.0
synthetic-03-03,15,14.5614857,120.9954038,1769385639000,0.0
synthetic-03-03,16,14.5612937,120.9954535,1769385641000,0.0
synthetic-03-03,17,14.5611017,120.9955033,1769385643000,0.0
synthetic-03-03,18,14.5609871,120.9955335,1769385645000,0.0
synthetic-03-03,19,14.5607943,120.9955774,1769385647000,0.0
synthetic-03-03,20,14.5606007,120.9956206,1769385649000,0.0
synthetic-03-03,21,14.5604071,120.9956637,1769385651000,0.0
synthetic-03-03,22,14.5602135,120.9957068,1769385653000,0.0
synthetic-03-03,23,14.5601688,120.9956375,1769385655000,0.0
synthetic-03-03,24,14.5601383,120.9954415,1769385657000,0.0
synthetic-03-03,25,14.5601078,120.9952455,1769385659000,0.0
synthetic-03-03,26,14.5600777,120.9950495,1769385661000,0.0
synthetic-03-03,27,14.5600469,120.9948535,1769385663000,0.0
synthetic-03-03,28,14.5600128,120.9946581,1769385665000,0.0
synthetic-03-03,29,14.5599793,120.9944626,1769385667000,0.0
synthetic-03-03,30,14.5599467,120.994267,1769385669000,0.0
synthetic-03-03,31,14.5599141,120.9940714,1769385671000,0.0
synthetic-03-03,32,14.5598814,120.9938757,1769385673000,0.0
synthetic-03-03,33,14.5598488,120.9936801,1769385675000,0.0
synthetic-03-03,34,14.5598162,120.9934845,1769385677000,0.0
synthetic-03-03,35,14.5597835,120.9932888,1769385679000,0.0
synthetic-03-03,36,14.5597509,120.9930932,1769385681000,0.0
synthetic-03-03,37,14.5596649,120.9929894,1769385683000,0.0
synthetic-03-03,38,14.5594779,120.9930555,1769385685000,0.0
synthetic-03-03,39,14.5592899,120.9931187,1769385687000,0.0
synthetic-03-03,40,14.5590999,120.9931758,1769385689000,0.0
synthetic-03-03,41,14.558909,120.9932293,1769385691000,0.0
synthetic-03-03,42,14.5587178,120.993282,1769385693000,0.0
synthetic-03-03,43,14.5585243,120.9933254,1769385695000,0.0
synthetic-03-03,44,14.5583305,120.9933678,1769385697000,0.0
synthetic-03-03,45,14.5581368,120.9934105,1769385699000,0.0
synthetic-03-03,46,14.5579907,120.9933715,1769385701000,0.0
synthetic-03-03,47,14.5579317,120.9931821,1769385703000,0.0
synthetic-03-03,48,14.5578744,120.9929922,1769385705000,0.0
synthetic-03-03,49,14.5578173,120.9928023,1769385707000,0.0
synthetic-03-03,50,14.5577593,120.9926126,1769385709000,0.0
synthetic-03-03,51,14.5577014,120.9924229,1769385711000,0.0
synthetic-03-03,52,14.5576434,120.9922333,1769385713000,0.0
synthetic-03-03,53,14.5575855,120.9920436,1769385715000,0.0
synthetic-03-03,54,14.5575275,120.9918539,1769385717000,0.0
synthetic-03-03,55,14.5574696,120.9916642,1769385719000,0.0
synthetic-03-03,56,14.5574116,120.9914745,1769385721000,0.0
synthetic-03-03,57,14.5573537,120.9912848,1769385723000,0.0
synthetic-03-03,58,14.5572957,120.9910952,1769385725000,0.0
synthetic-03-03,59,14.5572378,120.9909055,1769385727000,0.0
synthetic-03-03,60,14.5571798,120.9907158,1769385729000,0.0
synthetic-03-03,61,14.5570625,120.9906383,1769385731000,0.0
synthetic-03-03,62,14.5569972,120.990451,1769385733000,0.0
synthetic-03-03,63,14.5569318,120.9902637,1769385735000,0.0
synthetic-03-03,64,14.5568665,120.9900765,1769385737000,0.0
synthetic-03-03,65,14.556801,120.9898892,1769385739000,0.0
synthetic-03-03,66,14.5567356,120.989702,1769385741000,0.0
synthetic-03-03,67,14.5566702,120.9895147,1769385743000,0.0
synthetic-03-03,68,14.5566032,120.9893281,1769385745000,0.0
synthetic-03-03,69,14.5565352,120.9891418,1769385747000,0.0
synthetic-03-03,70,14.5564709,120.9889541,1769385749000,0.0
synthetic-03-03,71,14.5564069,120.9887664,1769385751000,0.0
synthetic-03-03,72,14.5563428,120.9885787,1769385753000,0.0
synthetic-03-03,73,14.5562922,120.988432,1769385755000,0.0
synthetic-03-03,74,14.5562072,120.9885446,1769385757000,0.0
synthetic-03-03,75,14.5560185,120.9886057,1769385759000,0.0
synthetic-03-03,76,14.5558298,120.9886667,1769385761000,0.0
synthetic-03-03,77,14.5556411,120.9887278,1769385763000,0.0
synthetic-03-03,78,14.5554524,120.9887888,1769385765000,0.0
synthetic-03-03,79,14.5552636,120.9888495,1769385767000,0.0
synthetic-03-03,80,14.5550748,120.9889104,1769385769000,0.0
synthetic-03-03,81,14.5548863,120.9889721,1769385771000,0.0
synthetic-03-03,82,14.5547486,120.9888676,1769385773000,0.0
synthetic-03-04,0,14.5633467,120.9988721,1769990409000,0.0
synthetic-03-04,1,14.5633042,120.9987736,1769990411000,0.0
synthetic-03-04,2,14.5632617,120.9986751,1769990413000,0.0
synthetic-03-04,3,14.5632192,120.9985765,1769990415000,0.0
synthetic-03-04,4,14.5631559,120.9985222,1769990417000,0.0
synthetic-03-04,5,14.5630528,120.9985523,1769990419000,0.0
synthetic-03-04,6,14.5629498,120.9985823,1769990421000,0.0
synthetic-03-04,7,14.5628468,120.9986123,1769990423000,0.0
synthetic-03-04,8,14.5627456,120.9986476,1769990425000,0.0
synthetic-03-04,9,14.562646,120.9986874,1769990427000,0.0
synthetic-03-04,10,14.5625463,120.9987272,1769990429000,0.0
synthetic-03-04,11,14.5624467,120.998767,1769990431000,0.0
synthetic-03-04,12,14.5623484,120.99881,1769990433000,0.0
synthetic-03-04,13,14.5622514,120.9988558,1769990435000,0.0
synthetic-03-04,14,14.5621544,120.9989017,1769990437000,0.0
synthetic-03-04,15,14.5620597,120.9989513,1769990439000,0.0
synthetic-03-04,16,14.5619803,120.9990231,1769990441000,0.0
synthetic-03-04,17,14.5620053,120.9990994,1769990443000,0.0
synthetic-03-04,18,14.5620816,120.9991749,1769990445000,0.0
synthetic-03-04,19,14.5621578,120.9992504,1769990447000,0.0
synthetic-03-04,20,14.562234,120.9993259,1769990449000,0.0
synthetic-03-04,21,14.5623103,120.9994015,1769990451000,0.0
synthetic-03-04,22,14.5623865,120.999477,1769990453000,0.0
synthetic-03-04,23,14.5624627,120.9995525,1769990455000,0.0
synthetic-03-04,24,14.562539,120.999628,1769990457000,0.0
synthetic-03-04,25,14.5626152,120.9997035,1769990459000,0.0
synthetic-03-04,26,14.5626914,120.999779,1769990461000,0.0
synthetic-03-04,27,14.5627677,120.9998545,1769990463000,0.0
synthetic-03-04,28,14.5628431,120.9999308,1769990465000,0.0
synthetic-03-04,29,14.5629124,121.0000127,1769990467000,0.0
synthetic-03-04,30,14.5629816,121.0000947,1769990469000,0.0
synthetic-03-04,31,14.5630509,121.0001766,1769990471000,0.0
synthetic-03-04,32,14.5631259,121.0002532,1769990473000,0.0
synthetic-03-04,33,14.5632043,121.0003264,1769990475000,0.0
synthetic-03-04,34,14.5632827,121.0003996,1769990477000,0.0
synthetic-03-04,35,14.5633602,121.0004738,1769990479000,0.0
synthetic-03-04,36,14.5634341,121.0005516,1769990481000,0.0
synthetic-03-04,37,14.5635081,121.0006293,1769990483000,0.0
synthetic-03-04,38,14.563582,121.0007071,1769990485000,0.0
synthetic-03-04,39,14.5636569,121.0007839,1769990487000,0.0
synthetic-03-04,40,14.5637329,121.0008596,1769990489000,0.0
synthetic-03-04,41,14.5638089,121.0009354,1769990491000,0.0
synthetic-03-04,42,14.5638857,121.0010103,1769990493000,0.0
synthetic-03-04,43,14.5639631,121.0010847,1769990495000,0.0
synthetic-03-04,44,14.5640404,121.001159,1769990497000,0.0
synthetic-03-04,45,14.5641178,121.0012334,1769990499000,0.0
synthetic-03-05,0,14.5609964,120.9955721,1770595209000,0.0
synthetic-03-05,1,14.5611515,120.9955756,1770595211000,0.0
synthetic-03-05,2,14.5613363,120.9955304,1770595213000,0.0
synthetic-03-05,3,14.5615211,120.9954852,1770595215000,0.0
synthetic-03-05,4,14.5617058,120.99544,1770595217000,0.0
synthetic-03-05,5,14.5618906,120.9953948,1770595219000,0.0
synthetic-03-05,6,14.5620754,120.9953496,1770595221000,0.0
synthetic-03-05,7,14.5622602,120.9953044,1770595223000,0.0
synthetic-03-05,8,14.5624444,120.9952577,1770595225000,0.0
synthetic-03-05,9,14.5625972,120.9952,1770595227000,0.0
synthetic-03-05,10,14.5625207,120.9951227,1770595229000,0.0
synthetic-03-05,11,14.5623401,120.9951822,1770595231000,0.0
synthetic-03-05,12,14.562156,120.9952301,1770595233000,0.0
synthetic-03-05,13,14.5619718,120.9952778,1770595235000,0.0
synthetic-03-05,14,14.5617877,120.9953255,1770595237000,0.0
synthetic-03-05,15,14.5616036,120.9953732,1770595239000,0.0
synthetic-03-05,16,14.5614194,120.9954209,1770595241000,0.0
synthetic-03-05,17,14.5612353,120.9954687,1770595243000,0.0
synthetic-03-05,18,14.5610512,120.9955164,1770595245000,0.0
synthetic-03-05,19,14.5609446,120.9955428,1770595247000,0.0
synthetic-03-05,20,14.5607592,120.9955853,1770595249000,0.0
synthetic-03-05,21,14.5605735,120.9956267,1770595251000,0.0
synthetic-03-05,22,14.5603879,120.995668,1770595253000,0.0
synthetic-03-05,23,14.5602022,120.9957093,1770595255000,0.0
synthetic-03-05,24,14.5601682,120.995634,1770595257000,0.0
synthetic-03-05,25,14.560139,120.9954461,1770595259000,0.0
synthetic-03-05,26,14.5601098,120.9952581,1770595261000,0.0
synthetic-03-05,27,14.5600809,120.9950701,1770595263000,0.0
synthetic-03-05,28,14.5600518,120.9948821,1770595265000,0.0
synthetic-03-05,29,14.5600192,120.9946947,1770595267000,0.0
synthetic-03-05,30,14.5599868,120.9945073,1770595269000,0.0
synthetic-03-05,31,14.5599555,120.9943196,1770595271000,0.0
synthetic-03-05,32,14.5599242,120.994132,1770595273000,0.0
synthetic-03-05,33,14.5598929,120.9939444,1770595275000,0.0
synthetic-03-05,34,14.5598616,120.9937568,1770595277000,0.0
synthetic-03-05,35,14.5598303,120.9935691,1770595279000,0.0
synthetic-03-05,36,14.559799,120.9933815,1770595281000,0.0
synthetic-03-05,37,14.5597677,120.9931939,1770595283000,0.0
synthetic-03-05,38,14.5597364,120.9930063,1770595285000,0.0
synthetic-03-05,39,14.5595898,120.993017,1770595287000,0.0
synthetic-03-05,40,14.5594097,120.9930784,1770595289000,0.0
synthetic-03-05,41,14.559229,120.9931376,1770595291000,0.0
synthetic-03-05,42,14.5590465,120.9931914,1770595293000,0.0
synthetic-03-05,43,14.5588631,120.993242,1770595295000,0.0
synthetic-03-05,44,14.5586795,120.9932913,1770595297000,0.0
synthetic-03-05,45,14.5584937,120.9933321,1770595299000,0.0
synthetic-03-05,46,14.5583078,120.9933728,1770595301000,0.0
synthetic-03-05,47,14.5581221,120.9934138,1770595303000,0.0
synthetic-03-05,48,14.5579886,120.9933648,1770595305000,0.0
synthetic-03-05,49,14.5579321,120.9931832,1770595307000,0.0
synthetic-03-05,50,14.5578771,120.9930011,1770595309000,0.0
synthetic-03-05,51,14.5578223,120.992819,1770595311000,0.0
synthetic-03-05,52,14.5577668,120.992637,1770595313000,0.0
synthetic-03-05,53,14.5577112,120.9924551,1770595315000,0.0
synthetic-03-05,54,14.5576556,120.9922732,1770595317000,0.0
synthetic-03-05,55,14.5576,120.9920913,1770595319000,0.0
synthetic-03-05,56,14.5575445,120.9919094,1770595321000,0.0
synthetic-03-05,57,14.5574889,120.9917274,1770595323000,0.0
synthetic-03-05,58,14.5574333,120.9915455,1770595325000,0.0
synthetic-03-05,59,14.5573777,120.9913636,1770595327000,0.0
synthetic-03-05,60,14.5573222,120.9911817,1770595329000,0.0
synthetic-03-05,61,14.5572666,120.9909998,1770595331000,0.0
synthetic-03-05,62,14.557211,120.9908178,1770595333000,0.0
synthetic-03-05,63,14.5571205,120.9907049,1770595335000,0.0
synthetic-03-05,64,14.5570377,120.9905671,1770595337000,0.0
synthetic-03-05,65,14.556975,120.9903875,1770595339000,0.0
synthetic-03-05,66,14.5569124,120.9902079,1770595341000,0.0
synthetic-03-05,67,14.5568496,120.9900283,1770595343000,0.0
synthetic-03-05,68,14.5567869,120.9898487,1770595345000,0.0
synthetic-03-05,69,14.5567241,120.9896691,1770595347000,0.0
synthetic-03-05,70,14.5566614,120.9894896,1770595349000,0.0
synthetic-03-05,71,14.5565969,120.9893106,1770595351000,0.0
synthetic-03-05,72,14.5565316,120.989132,1770595353000,0.0
synthetic-03-05,73,14.5564702,120.9889519,1770595355000,0.0
synthetic-03-05,74,14.5564088,120.9887719,1770595357000,0.0
synthetic-03-05,75,14.5563473,120.9885919,1770595359000,0.0
synthetic-03-05,76,14.5562852,120.9884121,1770595361000,0.0
synthetic-03-05,77,14.5562359,120.9885353,1770595363000,0.0
synthetic-03-05,78,14.5560549,120.9885939,1770595365000,0.0
synthetic-03-05,79,14.555874,120.9886524,1770595367000,0.0
synthetic-03-05,80,14.555693,120.988711,1770595369000,0.0
synthetic-03-05,81,14.555512,120.9887696,1770595371000,0.0
synthetic-03-05,82,14.5553309,120.9888279,1770595373000,0.0
synthetic-03-05,83,14.5551498,120.9888861,1770595375000,0.0
synthetic-03-05,84,14.554969,120.988945,1770595377000,0.0
synthetic-03-05,85,14.554807,120.9889428,1770595379000,0.0
synthetic-03-06,0,14.5587681,120.996085,1771210809000,0.0
synthetic-03-06,1,14.5588512,120.996111,1771210811000,0.0
synthetic-03-06,2,14.5589689,120.9960838,1771210813000,0.0
synthetic-03-06,3,14.5590865,120.9960567,1771210815000,0.0
synthetic-03-06,4,14.5592041,120.9960296,1771210817000,0.0
synthetic-03-06,5,14.5593218,120.9960025,1771210819000,0.0
synthetic-03-06,6,14.5594394,120.9959754,1771210821000,0.0
synthetic-03-06,7,14.559557,120.9959483,1771210823000,0.0
synthetic-03-06,8,14.5596746,120.995921,1771210825000,0.0
synthetic-03-06,9,14.5597922,120.9958937,1771210827000,0.0
synthetic-03-06,10,14.5599098,120.9958664,1771210829000,0.0
synthetic-03-06,11,14.5600274,120.9958391,1771210831000,0.0
synthetic-03-06,12,14.560145,120.9958119,1771210833000,0.0
synthetic-03-06,13,14.5601856,120.9957361,1771210835000,0.0
synthetic-03-06,14,14.5601656,120.995617,1771210837000,0.0
synthetic-03-06,15,14.5601471,120.9954978,1771210839000,0.0
synthetic-03-06,16,14.5601285,120.9953785,1771210841000,0.0
synthetic-03-06,17,14.56011,120.9952592,1771210843000,0.0
synthetic-03-06,18,14.5600915,120.9951399,1771210845000,0.0
synthetic-03-06,19,14.5600733,120.9950206,1771210847000,0.0
synthetic-03-06,20,14.560055,120.9949012,1771210849000,0.0
synthetic-03-06,21,14.5600345,120.9947823,1771210851000,0.0
synthetic-03-06,22,14.5600137,120.9946634,1771210853000,0.0
synthetic-03-06,23,14.5599931,120.9945444,1771210855000,0.0
synthetic-03-06,24,14.5600959,120.994499,1771210857000,0.0
synthetic-03-06,25,14.5602102,120.9944601,1771210859000,0.0
synthetic-03-06,26,14.5603163,120.9944025,1771210861000,0.0
synthetic-03-06,27,14.5604223,120.9943449,1771210863000,0.0
synthetic-03-06,28,14.5605284,120.9942872,1771210865000,0.0
synthetic-03-06,29,14.5606345,120.9942296,1771210867000,0.0
synthetic-03-06,30,14.5607405,120.9941719,1771210869000,0.0
synthetic-03-06,31,14.5608466,120.9941143,1771210871000,0.0
synthetic-03-06,32,14.5609524,120.9940562,1771210873000,0.0
synthetic-03-06,33,14.5610579,120.9939974,1771210875000,0.0
synthetic-03-06,34,14.5611616,120.9939357,1771210877000,0.0
synthetic-03-06,35,14.5612254,120.9938469,1771210879000,0.0
synthetic-03-06,36,14.5612184,120.9938952,1771210881000,0.0
synthetic-03-06,37,14.5612719,120.9940021,1771210883000,0.0
synthetic-03-06,38,14.5613312,120.9941072,1771210885000,0.0
synthetic-03-06,39,14.561407,120.9941998,1771210887000,0.0
synthetic-03-06,40,14.5614892,120.9941456,1771210889000,0.0
synthetic-03-06,41,14.5614876,120.9940559,1771210891000,0.0
synthetic-03-06,42,14.5614096,120.9939638,1771210893000,0.0
synthetic-03-06,43,14.561341,120.9938645,1771210895000,0.0
synthetic-03-06,44,14.5612841,120.9937582,1771210897000,0.0
synthetic-03-06,45,14.5612306,120.9938113,1771210899000,0.0
synthetic-03-07,0,14.5618298,120.9968042,1771815609000,0.0
synthetic-03-07,1,14.5617189,120.9968457,1771815611000,0.0
synthetic-03-07,2,14.561608,120.9968871,1771815613000,0.0
synthetic-03-07,3,14.5614971,120.9969286,1771815615000,0.0
synthetic-03-07,4,14.5613862,120.9969701,1771815617000,0.0
synthetic-03-07,5,14.5612753,120.9970115,1771815619000,0.0
synthetic-03-07,6,14.5611639,120.9970515,1771815621000,0.0
synthetic-03-07,7,14.5610525,120.9970917,1771815623000,0.0
synthetic-03-07,8,14.5609412,120.9971319,1771815625000,0.0
synthetic-03-07,9,14.5608298,120.9971722,1771815627000,0.0
synthetic-03-07,10,14.5607184,120.9972121,1771815629000,0.0
synthetic-03-07,11,14.5606068,120.9972517,1771815631000,0.0
synthetic-03-07,12,14.5604952,120.9972914,1771815633000,0.0
synthetic-03-07,13,14.5603841,120.9973322,1771815635000,0.0
synthetic-03-07,14,14.5602731,120.9973735,1771815637000,0.0
synthetic-03-07,15,14.5601617,120.9974136,1771815639000,0.0
synthetic-03-07,16,14.5600505,120.9974542,1771815641000,0.0
synthetic-03-07,17,14.5599393,120.9974948,1771815643000,0.0
synthetic-03-07,18,14.5598285,120.9975366,1771815645000,0.0
synthetic-03-07,19,14.5597187,120.9975809,1771815647000,0.0
synthetic-03-07,20,14.559609,120.9976253,1771815649000,0.0
synthetic-03-07,21,14.5594972,120.9976636,1771815651000,0.0
synthetic-03-07,22,14.5593825,120.997693,1771815653000,0.0
synthetic-03-07,23,14.5592678,120.9977224,1771815655000,0.0
synthetic-03-07,24,14.5591531,120.9977518,1771815657000,0.0
synthetic-03-07,25,14.5590384,120.9977812,1771815659000,0.0
synthetic-03-07,26,14.5589237,120.9978106,1771815661000,0.0
synthetic-03-07,27,14.5588091,120.99784,1771815663000,0.0
synthetic-03-07,28,14.5586944,120.9978695,1771815665000,0.0
synthetic-03-07,29,14.5585824,120.9979078,1771815667000,0.0
synthetic-03-07,30,14.5584706,120.9979469,1771815669000,0.0
synthetic-03-07,31,14.5583589,120.997986,1771815671000,0.0
synthetic-03-07,32,14.5582471,120.9980251,1771815673000,0.0
synthetic-03-07,33,14.5581354,120.9980642,1771815675000,0.0
synthetic-03-07,34,14.5580236,120.9981033,1771815677000,0.0
synthetic-03-07,35,14.5579119,120.9981424,1771815679000,0.0
synthetic-03-07,36,14.5578001,120.9981815,1771815681000,0.0
synthetic-03-07,37,14.5576866,120.9982151,1771815683000,0.0
synthetic-03-07,38,14.5575725,120.9982467,1771815685000,0.0
synthetic-03-07,39,14.5574584,120.9982783,1771815687000,0.0
synthetic-03-07,40,14.5573443,120.9983099,1771815689000,0.0
synthetic-03-07,41,14.5572302,120.9983415,1771815691000,0.0
synthetic-03-07,42,14.5571161,120.9983732,1771815693000,0.0
synthetic-03-07,43,14.557002,120.9984048,1771815695000,0.0
synthetic-03-07,44,14.5568879,120.9984364,1771815697000,0.0
synthetic-03-07,45,14.5567732,120.9984653,1771815699000,0.0
synthetic-03-08,0,14.5643695,120.9943615,1772420409000,0.0
synthetic-03-08,1,14.5642528,120.9943351,1772420411000,0.0
synthetic-03-08,2,14.5640969,120.9944073,1772420413000,0.0
synthetic-03-08,3,14.5639412,120.9944797,1772420415000,0.0
synthetic-03-08,4,14.5637869,120.9945552,1772420417000,0.0
synthetic-03-08,5,14.5636336,120.9946327,1772420419000,0.0
synthetic-03-08,6,14.563479,120.9947073,1772420421000,0.0
synthetic-03-08,7,14.5633233,120.9947799,1772420423000,0.0
synthetic-03-08,8,14.5631672,120.9948517,1772420425000,0.0
synthetic-03-08,9,14.5630118,120.9949249,1772420427000,0.0
synthetic-03-08,10,14.5628564,120.994998,1772420429000,0.0
synthetic-03-08,11,14.562701,120.9950711,1772420431000,0.0
synthetic-03-08,12,14.5625989,120.9951651,1772420433000,0.0
synthetic-03-08,13,14.5626002,120.9951391,1772420435000,0.0
synthetic-03-08,14,14.5624803,120.995136,1772420437000,0.0
synthetic-03-08,15,14.5623168,120.9951884,1772420439000,0.0
synthetic-03-08,16,14.5621505,120.9952315,1772420441000,0.0
synthetic-03-08,17,14.5619843,120.9952746,1772420443000,0.0
synthetic-03-08,18,14.561818,120.9953177,1772420445000,0.0
synthetic-03-08,19,14.5616517,120.9953608,1772420447000,0.0
synthetic-03-08,20,14.5614854,120.9954038,1772420449000,0.0
synthetic-03-08,21,14.5613192,120.9954469,1772420451000,0.0
synthetic-03-08,22,14.5611529,120.99549,1772420453000,0.0
synthetic-03-08,23,14.5609871,120.9955334,1772420455000,0.0
synthetic-03-08,24,14.5608976,120.9955536,1772420457000,0.0
synthetic-03-08,25,14.5607301,120.9955918,1772420459000,0.0
synthetic-03-08,26,14.5605625,120.9956291,1772420461000,0.0
synthetic-03-08,27,14.5603948,120.9956664,1772420463000,0.0
synthetic-03-08,28,14.5602271,120.9957038,1772420465000,0.0
synthetic-03-08,29,14.560175,120.9956775,1772420467000,0.0
synthetic-03-08,30,14.5601486,120.9955078,1772420469000,0.0
synthetic-03-08,31,14.5601222,120.995338,1772420471000,0.0
synthetic-03-08,32,14.5600959,120.9951683,1772420473000,0.0
synthetic-03-08,33,14.5600699,120.9949985,1772420475000,0.0
synthetic-03-08,34,14.5600426,120.9948289,1772420477000,0.0
synthetic-03-08,35,14.5600131,120.9946597,1772420479000,0.0
synthetic-03-08,36,14.559984,120.9944904,1772420481000,0.0
synthetic-03-08,37,14.5599557,120.994321,1772420483000,0.0
synthetic-03-08,38,14.5599275,120.9941516,1772420485000,0.0
synthetic-03-08,39,14.5598992,120.9939822,1772420487000,0.0
synthetic-03-08,40,14.5598709,120.9938127,1772420489000,0.0
synthetic-03-08,41,14.5598427,120.9936433,1772420491000,0.0
synthetic-03-08,42,14.5598144,120.9934739,1772420493000,0.0
synthetic-03-08,43,14.5597861,120.9933045,1772420495000,0.0
synthetic-03-08,44,14.5597579,120.993135,1772420497000,0.0
synthetic-03-08,45,14.5597296,120.9929656,1772420499000,0.0
synthetic-03-09,0,14.570849,120.9935069,1773025209000,0.0
synthetic-03-09,1,14.5708248,120.993443,1773025211000,0.0
synthetic-03-09,2,14.5708005,120.993379,1773025213000,0.0
synthetic-03-09,3,14.5707763,120.9933151,1773025215000,0.0
synthetic-03-09,4,14.5707521,120.9932511,1773025217000,0.0
synthetic-03-09,5,14.5707279,120.9931872,1773025219000,0.0
synthetic-03-09,6,14.5707036,120.9931233,1773025221000,0.0
synthetic-03-09,7,14.5706794,120.9930593,1773025223000,0.0
synthetic-03-09,8,14.5706552,120.9929954,1773025225000,0.0
synthetic-03-09,9,14.5706309,120.9929315,1773025227000,0.0
synthetic-03-09,10,14.5706067,120.9928675,1773025229000,0.0
synthetic-03-09,11,14.5705825,120.9928036,1773025231000,0.0
synthetic-03-09,12,14.5705583,120.9927396,1773025233000,0.0
synthetic-03-09,13,14.570534,120.9926757,1773025235000,0.0
synthetic-03-09,14,14.5705098,120.9926117,1773025237000,0.0
synthetic-03-09,15,14.5704856,120.9925478,1773025239000,0.0
synthetic-03-09,16,14.5704614,120.9924838,1773025241000,0.0
synthetic-03-09,17,14.5705125,120.9924479,1773025243000,0.0
synthetic-03-09,18,14.5705725,120.9924152,1773025245000,0.0
synthetic-03-09,19,14.5706326,120.9923826,1773025247000,0.0
synthetic-03-09,20,14.5706927,120.99235,1773025249000,0.0
synthetic-03-09,21,14.5707528,120.9923174,1773025251000,0.0
synthetic-03-09,22,14.5708129,120.9922847,1773025253000,0.0
synthetic-03-09,23,14.570873,120.9922521,1773025255000,0.0
synthetic-03-09,24,14.5709331,120.9922195,1773025257000,0.0
synthetic-03-09,25,14.5709931,120.9921867,1773025259000,0.0
synthetic-03-09,26,14.5710529,120.9921535,1773025261000,0.0
synthetic-03-09,27,14.5710874,120.9921182,1773025263000,0.0
synthetic-03-09,28,14.5710339,120.9920755,1773025265000,0.0
synthetic-03-09,29,14.5709803,120.9920331,1773025267000,0.0
synthetic-03-09,30,14.5709262,120.9919913,1773025269000,0.0
synthetic-03-09,31,14.5708724,120.9919491,1773025271000,0.0
synthetic-03-09,32,14.5708193,120.991906,1773025273000,0.0
synthetic-03-09,33,14.5707662,120.9918629,1773025275000,0.0
synthetic-03-09,34,14.5707132,120.9918198,1773025277000,0.0
synthetic-03-09,35,14.5706555,120.9917838,1773025279000,0.0
synthetic-03-09,36,14.5705943,120.9917533,1773025281000,0.0
synthetic-03-09,37,14.5705331,120.9917229,1773025283000,0.0
synthetic-03-09,38,14.5704718,120.9916925,1773025285000,0.0
synthetic-03-09,39,14.5704117,120.9916611,1773025287000,0.0
synthetic-03-09,40,14.5703905,120.9915961,1773025289000,0.0
synthetic-03-09,41,14.5704003,120.9915437,1773025291000,0.0
synthetic-03-09,42,14.5704608,120.9915119,1773025293000,0.0
synthetic-03-09,43,14.5705213,120.99148,1773025295000,0.0
synthetic-03-09,44,14.5705818,120.9914482,1773025297000,0.0
synthetic-03-09,45,14.5706423,120.9914163,1773025299000,0.0
synthetic-03-10,0,14.5643695,120.9943615,1773630009000,0.0
synthetic-03-10,1,14.5644197,120.9944202,1773630011000,0.0
synthetic-03-10,2,14.5645084,120.9943787,1773630013000,0.0
synthetic-03-10,3,14.5645966,120.9943361,1773630015000,0.0
synthetic-03-10,4,14.5646848,120.9942935,1773630017000,0.0
synthetic-03-10,5,14.5647729,120.9942509,1773630019000,0.0
synthetic-03-10,6,14.5648611,120.9942083,1773630021000,0.0
synthetic-03-10,7,14.5649493,120.9941658,1773630023000,0.0
synthetic-03-10,8,14.5650375,120.9941232,1773630025000,0.0
synthetic-03-10,9,14.5651257,120.9940806,1773630027000,0.0
synthetic-03-10,10,14.565215,120.9940405,1773630029000,0.0
synthetic-03-10,11,14.5653044,120.9940005,1773630031000,0.0
synthetic-03-10,12,14.5653459,120.9939453,1773630033000,0.0
synthetic-03-10,13,14.5653537,120.9939591,1773630035000,0.0
synthetic-03-10,14,14.5654358,120.9939438,1773630037000,0.0
synthetic-03-10,15,14.5655258,120.9939051,1773630039000,0.0
synthetic-03-10,16,14.5656144,120.9938633,1773630041000,0.0
synthetic-03-10,17,14.5657026,120.9938209,1773630043000,0.0
synthetic-03-10,18,14.5657796,120.99381,1773630045000,0.0
synthetic-03-10,19,14.5658191,120.9938996,1773630047000,0.0
synthetic-03-10,20,14.5658582,120.9939894,1773630049000,0.0
synthetic-03-10,21,14.5658973,120.9940792,1773630051000,0.0
synthetic-03-10,22,14.5659364,120.994169,1773630053000,0.0
synthetic-03-10,23,14.5659754,120.9942588,1773630055000,0.0
synthetic-03-10,24,14.5660145,120.9943486,1773630057000,0.0
synthetic-03-10,25,14.5660536,120.9944384,1773630059000,0.0
synthetic-03-10,26,14.5660927,120.9945282,1773630061000,0.0
synthetic-03-10,27,14.5661727,120.9945095,1773630063000,0.0
synthetic-03-10,28,14.5662614,120.994468,1773630065000,0.0
synthetic-03-10,29,14.5663499,120.9944259,1773630067000,0.0
synthetic-03-10,30,14.5664382,120.9943835,1773630069000,0.0
synthetic-03-10,31,14.5665264,120.9943411,1773630071000,0.0
synthetic-03-10,32,14.5666146,120.9942986,1773630073000,0.0
synthetic-03-10,33,14.5667028,120.994256,1773630075000,0.0
synthetic-03-10,34,14.5667911,120.9942135,1773630077000,0.0
synthetic-03-10,35,14.5668794,120.9941712,1773630079000,0.0
synthetic-03-10,36,14.5669678,120.9941292,1773630081000,0.0
synthetic-03-10,37,14.5670563,120.9940872,1773630083000,0.0
synthetic-03-10,38,14.5671448,120.9940452,1773630085000,0.0
synthetic-03-10,39,14.5672332,120.9940032,1773630087000,0.0
synthetic-03-10,40,14.5673221,120.993962,1773630089000,0.0
synthetic-03-10,41,14.5674111,120.9939212,1773630091000,0.0
synthetic-03-10,42,14.5675001,120.9938803,1773630093000,0.0
synthetic-03-10,43,14.5675891,120.9938394,1773630095000,0.0
synthetic-03-10,44,14.5676781,120.9937986,1773630097000,0.0
synthetic-03-10,45,14.5677671,120.9937577,1773630099000,0.0
synthetic-03-11,0,14.5587681,120.996085,1774234809000,0.0
synthetic-03-11,1,14.5588512,120.996111,1774234811000,0.0
synthetic-03-11,2,14.5589689,120.9960838,1774234813000,0.0
synthetic-03-11,3,14.5590865,120.9960567,1774234815000,0.0
synthetic-03-11,4,14.5592041,120.9960296,1774234817000,0.0
synthetic-03-11,5,14.5593218,120.9960025,1774234819000,0.0
synthetic-03-11,6,14.5594394,120.9959754,1774234821000,0.0
synthetic-03-11,7,14.559557,120.9959483,1774234823000,0.0
synthetic-03-11,8,14.5596746,120.995921,1774234825000,0.0
synthetic-03-11,9,14.5597922,120.9958937,1774234827000,0.0
synthetic-03-11,10,14.5599098,120.9958664,1774234829000,0.0
synthetic-03-11,11,14.5600274,120.9958391,1774234831000,0.0
synthetic-03-11,12,14.560145,120.9958119,1774234833000,0.0
synthetic-03-11,13,14.5601856,120.9957361,1774234835000,0.0
synthetic-03-11,14,14.5601656,120.995617,1774234837000,0.0
synthetic-03-11,15,14.5601471,120.9954978,1774234839000,0.0
synthetic-03-11,16,14.5601285,120.9953785,1774234841000,0.0
synthetic-03-11,17,14.56011,120.9952592,1774234843000,0.0
synthetic-03-11,18,14.5600915,120.9951399,1774234845000,0.0
synthetic-03-11,19,14.5600733,120.9950206,1774234847000,0.0
synthetic-03-11,20,14.560055,120.9949012,1774234849000,0.0
synthetic-03-11,21,14.5600345,120.9947823,1774234851000,0.0
synthetic-03-11,22,14.5600137,120.9946634,1774234853000,0.0
synthetic-03-11,23,14.5599931,120.9945444,1774234855000,0.0
synthetic-03-11,24,14.5600959,120.994499,1774234857000,0.0
synthetic-03-11,25,14.5602102,120.9944601,1774234859000,0.0
synthetic-03-11,26,14.5603163,120.9944025,1774234861000,0.0
synthetic-03-11,27,14.5604223,120.9943449,1774234863000,0.0
synthetic-03-11,28,14.5605284,120.9942872,1774234865000,0.0
synthetic-03-11,29,14.5606345,120.9942296,1774234867000,0.0
synthetic-03-11,30,14.5607405,120.9941719,1774234869000,0.0
synthetic-03-11,31,14.5608466,120.9941143,1774234871000,0.0
synthetic-03-11,32,14.5609524,120.9940562,1774234873000,0.0
synthetic-03-11,33,14.5610579,120.9939974,1774234875000,0.0
synthetic-03-11,34,14.5611616,120.9939357,1774234877000,0.0
synthetic-03-11,35,14.5612254,120.9938469,1774234879000,0.0
synthetic-03-11,36,14.5612184,120.9938952,1774234881000,0.0
synthetic-03-11,37,14.5612719,120.9940021,1774234883000,0.0
synthetic-03-11,38,14.5613312,120.9941072,1774234885000,0.0
synthetic-03-11,39,14.561407,120.9941998,1774234887000,0.0
synthetic-03-11,40,14.5614892,120.9941456,1774234889000,0.0
synthetic-03-11,41,14.5614876,120.9940559,1774234891000,0.0
synthetic-03-11,42,14.5614096,120.9939638,1774234893000,0.0
synthetic-03-11,43,14.561341,120.9938645,1774234895000,0.0
synthetic-03-11,44,14.5612841,120.9937582,1774234897000,0.0
synthetic-03-11,45,14.5612306,120.9938113,1774234899000,0.0
synthetic-04-00,0,14.5609964,120.9955721,1767571212000,0.0
synthetic-04-00,1,14.5611515,120.9955756,1767571214000,0.0
synthetic-04-00,2,14.5613363,120.9955304,1767571216000,0.0
synthetic-04-00,3,14.5615211,120.9954852,1767571218000,0.0
synthetic-04-00,4,14.5617058,120.99544,1767571220000,0.0
synthetic-04-00,5,14.5618906,120.9953948,1767571222000,0.0
synthetic-04-00,6,14.5620754,120.9953496,1767571224000,0.0
synthetic-04-00,7,14.5622602,120.9953044,1767571226000,0.0
synthetic-04-00,8,14.5624444,120.9952577,1767571228000,0.0
synthetic-04-00,9,14.5625972,120.9952,1767571230000,0.0
synthetic-04-00,10,14.5625207,120.9951227,1767571232000,0.0
synthetic-04-00,11,14.5623401,120.9951822,1767571234000,0.0
synthetic-04-00,12,14.562156,120.9952301,1767571236000,0.0
synthetic-04-00,13,14.5619718,120.9952778,1767571238000,0.0
synthetic-04-00,14,14.5617877,120.9953255,1767571240000,0.0
synthetic-04-00,15,14.5616036,120.9953732,1767571242000,0.0
synthetic-04-00,16,14.5614194,120.9954209,1767571244000,0.0
synthetic-04-00,17,14.5612353,120.9954687,1767571246000,0.0
synthetic-04-00,18,14.5610512,120.9955164,1767571248000,0.0
synthetic-04-00,19,14.5609446,120.9955428,1767571250000,0.0
synthetic-04-00,20,14.5607592,120.9955853,1767571252000,0.0
synthetic-04-00,21,14.5605735,120.9956267,1767571254000,0.0
synthetic-04-00,22,14.5603879,120.995668,1767571256000,0.0
synthetic-04-00,23,14.5602022,120.9957093,1767571258000,0.0
synthetic-04-00,24,14.5601682,120.995634,1767571260000,0.0
synthetic-04-00,25,14.560139,120.9954461,1767571262000,0.0
synthetic-04-00,26,14.5601098,120.9952581,1767571264000,0.0
synthetic-04-00,27,14.5600809,120.9950701,1767571266000,0.0
synthetic-04-00,28,14.5600518,120.9948821,1767571268000,0.0
synthetic-04-00,29,14.5600192,120.9946947,1767571270000,0.0
synthetic-04-00,30,14.5599868,120.9945073,1767571272000,0.0
synthetic-04-00,31,14.5599555,120.9943196,1767571274000,0.0
synthetic-04-00,32,14.5599242,120.994132,1767571276000,0.0
synthetic-04-00,33,14.5598929,120.9939444,1767571278000,0.0
synthetic-04-00,34,14.5598616,120.9937568,1767571280000,0.0
synthetic-04-00,35,14.5598303,120.9935691,1767571282000,0.0
synthetic-04-00,36,14.559799,120.9933815,1767571284000,0.0
synthetic-04-00,37,14.5597677,120.9931939,1767571286000,0.0
synthetic-04-00,38,14.5597364,120.9930063,1767571288000,0.0
synthetic-04-00,39,14.5595898,120.993017,1767571290000,0.0
synthetic-04-00,40,14.5594097,120.9930784,1767571292000,0.0
synthetic-04-00,41,14.559229,120.9931376,1767571294000,0.0
synthetic-04-00,42,14.5590465,120.9931914,1767571296000,0.0
synthetic-04-00,43,14.5588631,120.993242,1767571298000,0.0
synthetic-04-00,44,14.5586795,120.9932913,1767571300000,0.0
synthetic-04-00,45,14.5584937,120.9933321,1767571302000,0.0
synthetic-04-00,46,14.5583078,120.9933728,1767571304000,0.0
synthetic-04-00,47,14.5581221,120.9934138,1767571306000,0.0
synthetic-04-00,48,14.5579886,120.9933648,1767571308000,0.0
synthetic-04-00,49,14.5579321,120.9931832,1767571310000,0.0
synthetic-04-00,50,14.5578771,120.9930011,1767571312000,0.0
synthetic-04-00,51,14.5578223,120.992819,1767571314000,0.0
synthetic-04-00,52,14.5577668,120.992637,1767571316000,0.0
synthetic-04-00,53,14.5577112,120.9924551,1767571318000,0.0
synthetic-04-00,54,14.5576556,120.9922732,1767571320000,0.0
synthetic-04-00,55,14.5576,120.9920913,1767571322000,0.0
synthetic-04-00,56,14.5575445,120.9919094,1767571324000,0.0
synthetic-04-00,57,14.5574889,120.9917274,1767571326000,0.0
synthetic-04-00,58,14.5574333,120.9915455,1767571328000,0.0
synthetic-04-00,59,14.5573777,120.9913636,1767571330000,0.0
synthetic-04-00,60,14.5573222,120.9911817,1767571332000,0.0
synthetic-04-00,61,14.5572666,120.9909998,1767571334000,0.0
synthetic-04-00,62,14.557211,120.9908178,1767571336000,0.0
synthetic-04-00,63,14.5571205,120.9907049,1767571338000,0.0
synthetic-04-00,64,14.5570377,120.9905671,1767571340000,0.0
synthetic-04-00,65,14.556975,120.9903875,1767571342000,0.0
synthetic-04-00,66,14.5569124,120.9902079,1767571344000,0.0
synthetic-04-00,67,14.5568496,120.9900283,1767571346000,0.0
synthetic-04-00,68,14.5567869,120.9898487,1767571348000,0.0
synthetic-04-00,69,14.5567241,120.9896691,1767571350000,0.0
synthetic-04-00,70,14.5566614,120.9894896,1767571352000,0.0
synthetic-04-00,71,14.5565969,120.9893106,1767571354000,0.0
synthetic-04-00,72,14.5565316,120.989132,1767571356000,0.0
synthetic-04-00,73,14.5564702,120.9889519,1767571358000,0.0
synthetic-04-00,74,14.5564088,120.9887719,1767571360000,0.0
synthetic-04-00,75,14.5563473,120.9885919,1767571362000,0.0
synthetic-04-00,76,14.5562852,120.9884121,1767571364000,0.0
synthetic-04-00,77,14.5562359,120.9885353,1767571366000,0.0
synthetic-04-00,78,14.5560549,120.9885939,1767571368000,0.0
synthetic-04-00,79,14.555874,120.9886524,1767571370000,0.0
synthetic-04-00,80,14.555693,120.988711,1767571372000,0.0
synthetic-04-00,81,14.555512,120.9887696,1767571374000,0.0
synthetic-04-00,82,14.5553309,120.9888279,1767571376000,0.0
synthetic-04-00,83,14.5551498,120.9888861,1767571378000,0.0
synthetic-04-00,84,14.554969,120.988945,1767571380000,0.0
synthetic-04-00,85,14.554807,120.9889428,1767571382000,0.0
synthetic-04-01,0,14.5633467,120.9988721,1768176012000,0.0
synthetic-04-01,1,14.5633042,120.9987736,1768176014000,0.0
synthetic-04-01,2,14.5632617,120.9986751,1768176016000,0.0
synthetic-04-01,3,14.5632192,120.9985765,1768176018000,0.0
synthetic-04-01,4,14.5631559,120.9985222,1768176020000,0.0
synthetic-04-01,5,14.5630528,120.9985523,1768176022000,0.0
synthetic-04-01,6,14.5629498,120.9985823,1768176024000,0.0
synthetic-04-01,7,14.5628468,120.9986123,1768176026000,0.0
synthetic-04-01,8,14.5627456,120.9986476,1768176028000,0.0
synthetic-04-01,9,14.562646,120.9986874,1768176030000,0.0
synthetic-04-01,10,14.5625463,120.9987272,1768176032000,0.0
synthetic-04-01,11,14.5624467,120.998767,1768176034000,0.0
synthetic-04-01,12,14.5623484,120.99881,1768176036000,0.0
synthetic-04-01,13,14.5622514,120.9988558,1768176038000,0.0
synthetic-04-01,14,14.5621544,120.9989017,1768176040000,0.0
synthetic-04-01,15,14.5620597,120.9989513,1768176042000,0.0
synthetic-04-01,16,14.5619803,120.9990231,1768176044000,0.0
synthetic-04-01,17,14.5620053,120.9990994,1768176046000,0.0
synthetic-04-01,18,14.5620816,120.9991749,1768176048000,0.0
synthetic-04-01,19,14.5621578,120.9992504,1768176050000,0.0
synthetic-04-01,20,14.562234,120.9993259,1768176052000,0.0
synthetic-04-01,21,14.5623103,120.9994015,1768176054000,0.0
synthetic-04-01,22,14.5623865,120.999477,1768176056000,0.0
synthetic-04-01,23,14.5624627,120.9995525,1768176058000,0.0
synthetic-04-01,24,14.562539,120.999628,1768176060000,0.0
synthetic-04-01,25,14.5626152,120.9997035,1768176062000,0.0
synthetic-04-01,26,14.5626914,120.999779,1768176064000,0.0
synthetic-04-01,27,14.5627677,120.9998545,1768176066000,0.0
synthetic-04-01,28,14.5628431,120.9999308,1768176068000,0.0
synthetic-04-01,29,14.5629124,121.0000127,1768176070000,0.0
synthetic-04-01,30,14.5629816,121.0000947,1768176072000,0.0
synthetic-04-01,31,14.5630509,121.0001766,1768176074000,0.0
synthetic-04-01,32,14.5631259,121.0002532,1768176076000,0.0
synthetic-04-01,33,14.5632043,121.0003264,1768176078000,0.0
synthetic-04-01,34,14.5632827,121.0003996,1768176080000,0.0
synthetic-04-01,35,14.5633602,121.0004738,1768176082000,0.0
synthetic-04-01,36,14.5634341,121.0005516,1768176084000,0.0
synthetic-04-01,37,14.5635081,121.0006293,1768176086000,0.0
synthetic-04-01,38,14.563582,121.0007071,1768176088000,0.0
synthetic-04-01,39,14.5636569,121.0007839,1768176090000,0.0
synthetic-04-01,40,14.5637329,121.0008596,1768176092000,0.0
synthetic-04-01,41,14.5638089,121.0009354,1768176094000,0.0
synthetic-04-01,42,14.5638857,121.0010103,1768176096000,0.0
synthetic-04-01,43,14.5639631,121.0010847,1768176098000,0.0
synthetic-04-01,44,14.5640404,121.001159,1768176100000,0.0
synthetic-04-01,45,14.5641178,121.0012334,1768176102000,0.0
synthetic-04-02,0,14.5609964,120.9955721,1768780812000,0.0
synthetic-04-02,1,14.5611548,120.9955748,1768780814000,0.0
synthetic-04-02,2,14.5613429,120.9955288,1768780816000,0.0
synthetic-04-02,3,14.561531,120.9954828,1768780818000,0.0
synthetic-04-02,4,14.561719,120.9954368,1768780820000,0.0
synthetic-04-02,5,14.5619071,120.9953908,1768780822000,0.0
synthetic-04-02,6,14.5620952,120.9953448,1768780824000,0.0
synthetic-04-02,7,14.5622833,120.9952988,1768780826000,0.0
synthetic-04-02,8,14.5624713,120.9952541,1768780828000,0.0
synthetic-04-02,9,14.5625987,120.9951695,1768780830000,0.0
synthetic-04-02,10,14.5624885,120.9951333,1768780832000,0.0
synthetic-04-02,11,14.562304,120.9951917,1768780834000,0.0
synthetic-04-02,12,14.5621165,120.9952403,1768780836000,0.0
synthetic-04-02,13,14.5619291,120.9952889,1768780838000,0.0
synthetic-04-02,14,14.5617417,120.9953374,1768780840000,0.0
synthetic-04-02,15,14.5615543,120.995386,1768780842000,0.0
synthetic-04-02,16,14.5613668,120.9954346,1768780844000,0.0
synthetic-04-02,17,14.5611794,120.9954831,1768780846000,0.0
synthetic-04-02,18,14.560992,120.9955317,1768780848000,0.0
synthetic-04-02,19,14.5608817,120.9955573,1768780850000,0.0
synthetic-04-02,20,14.5606929,120.9956001,1768780852000,0.0
synthetic-04-02,21,14.5605039,120.9956422,1768780854000,0.0
synthetic-04-02,22,14.5603149,120.9956842,1768780856000,0.0
synthetic-04-02,23,14.5601874,120.9957444,1768780858000,0.0
synthetic-04-02,24,14.5601557,120.9955535,1768780860000,0.0
synthetic-04-02,25,14.560126,120.9953621,1768780862000,0.0
synthetic-04-02,26,14.5600963,120.9951708,1768780864000,0.0
synthetic-04-02,27,14.560067,120.9949794,1768780866000,0.0
synthetic-04-02,28,14.5600355,120.9947884,1768780868000,0.0
synthetic-04-02,29,14.5600023,120.9945977,1768780870000,0.0
synthetic-04-02,30,14.55997,120.9944067,1768780872000,0.0
synthetic-04-02,31,14.5599382,120.9942158,1768780874000,0.0
synthetic-04-02,32,14.5599063,120.9940248,1768780876000,0.0
synthetic-04-02,33,14.5598744,120.9938338,1768780878000,0.0
synthetic-04-02,34,14.5598426,120.9936428,1768780880000,0.0
synthetic-04-02,35,14.5598107,120.9934519,1768780882000,0.0
synthetic-04-02,36,14.5597789,120.9932609,1768780884000,0.0
synthetic-04-02,37,14.559747,120.9930699,1768780886000,0.0
synthetic-04-02,38,14.5596471,120.9929959,1768780888000,0.0
synthetic-04-02,39,14.5594645,120.99306,1768780890000,0.0
synthetic-04-02,40,14.5592809,120.9931217,1768780892000,0.0
synthetic-04-02,41,14.5590954,120.9931771,1768780894000,0.0
synthetic-04-02,42,14.558909,120.9932293,1768780896000,0.0
synthetic-04-02,43,14.5587223,120.9932808,1768780898000,0.0
synthetic-04-02,44,14.5585335,120.9933234,1768780900000,0.0
synthetic-04-02,45,14.5583443,120.9933648,1768780902000,0.0
synthetic-04-02,46,14.5581553,120.9934064,1768780904000,0.0
synthetic-04-02,47,14.5579977,120.993394,1768780906000,0.0
synthetic-04-02,48,14.5579401,120.9932092,1768780908000,0.0
synthetic-04-02,49,14.5578839,120.9930239,1768780910000,0.0
synthetic-04-02,50,14.5578282,120.9928385,1768780912000,0.0
synthetic-04-02,51,14.5577717,120.9926533,1768780914000,0.0
synthetic-04-02,52,14.5577152,120.9924681,1768780916000,0.0
synthetic-04-02,53,14.5576586,120.9922829,1768780918000,0.0
synthetic-04-02,54,14.557602,120.9920978,1768780920000,0.0
synthetic-04-02,55,14.5575455,120.9919126,1768780922000,0.0
synthetic-04-02,56,14.5574889,120.9917274,1768780924000,0.0
synthetic-04-02,57,14.5574323,120.9915423,1768780926000,0.0
synthetic-04-02,58,14.5573758,120.9913571,1768780928000,0.0
synthetic-04-02,59,14.5573192,120.9911719,1768780930000,0.0
synthetic-04-02,60,14.5572626,120.9909868,1768780932000,0.0
synthetic-04-02,61,14.557206,120.9908016,1768780934000,0.0
synthetic-04-02,62,14.5571012,120.9907116,1768780936000,0.0
synthetic-04-02,63,14.5570298,120.9905446,1768780938000,0.0
synthetic-04-02,64,14.5569661,120.9903618,1768780940000,0.0
synthetic-04-02,65,14.5569023,120.990179,1768780942000,0.0
synthetic-04-02,66,14.5568384,120.9899962,1768780944000,0.0
synthetic-04-02,67,14.5567745,120.9898134,1768780946000,0.0
synthetic-04-02,68,14.5567107,120.9896307,1768780948000,0.0
synthetic-04-02,69,14.5566469,120.9894479,1768780950000,0.0
synthetic-04-02,70,14.5565806,120.989266,1768780952000,0.0
synthetic-04-02,71,14.5565151,120.9890837,1768780954000,0.0
synthetic-04-02,72,14.5564526,120.9889005,1768780956000,0.0
synthetic-04-02,73,14.5563901,120.9887172,1768780958000,0.0
synthetic-04-02,74,14.5563276,120.988534,1768780960000,0.0
synthetic-04-02,75,14.5563062,120.9884722,1768780962000,0.0
synthetic-04-02,76,14.5561713,120.9885563,1768780964000,0.0
synthetic-04-02,77,14.5559871,120.9886159,1768780966000,0.0
synthetic-04-02,78,14.5558029,120.9886754,1768780968000,0.0
synthetic-04-02,79,14.5556187,120.9887351,1768780970000,0.0
synthetic-04-02,80,14.5554344,120.9887946,1768780972000,0.0
synthetic-04-02,81,14.5552501,120.9888539,1768780974000,0.0
synthetic-04-02,82,14.5550658,120.9889134,1768780976000,0.0
synthetic-04-02,83,14.5548818,120.9889735,1768780978000,0.0
synthetic-04-02,84,14.5547486,120.9888676,1768780980000,0.0
synthetic-04-03,0,14.5633467,120.9988721,1769385612000,0.0
synthetic-04-03,1,14.5633042,120.9987736,1769385614000,0.0
synthetic-04-03,2,14.5632617,120.9986751,1769385616000,0.0
synthetic-04-03,3,14.5632192,120.9985765,1769385618000,0.0
synthetic-04-03,4,14.5631559,120.9985222,1769385620000,0.0
synthetic-04-03,5,14.5630528,120.9985523,1769385622000,0.0
synthetic-04-03,6,14.5629498,120.9985823,1769385624000,0.0
synthetic-04-03,7,14.5628468,120.9986123,1769385626000,0.0
synthetic-04-03,8,14.5627456,120.9986476,1769385628000,0.0
synthetic-04-03,9,14.562646,120.9986874,1769385630000,0.0
synthetic-04-03,10,14.5625463,120.9987272,1769385632000,0.0
synthetic-04-03,11,14.5624467,120.998767,1769385634000,0.0
synthetic-04-03,12,14.5623484,120.99881,1769385636000,0.0
synthetic-04-03,13,14.5622514,120.9988558,1769385638000,0.0
synthetic-04-03,14,14.5621544,120.9989017,1769385640000,0.0
synthetic-04-03,15,14.5620597,120.9989513,1769385642000,0.0
synthetic-04-03,16,14.5619803,120.9990231,1769385644000,0.0
synthetic-04-03,17,14.5620053,120.9990994,1769385646000,0.0
synthetic-04-03,18,14.5620816,120.9991749,1769385648000,0.0
synthetic-04-03,19,14.5621578,120.9992504,1769385650000,0.0
synthetic-04-03,20,14.562234,120.9993259,1769385652000,0.0
synthetic-04-03,21,14.5623103,120.9994015,1769385654000,0.0
synthetic-04-03,22,14.5623865,120.999477,1769385656000,0.0
synthetic-04-03,23,14.5624627,120.9995525,1769385658000,0.0
synthetic-04-03,24,14.562539,120.999628,1769385660000,0.0
synthetic-04-03,25,14.5626152,120.9997035,1769385662000,0.0
synthetic-04-03,26,14.5626914,120.999779,1769385664000,0.0
synthetic-04-03,27,14.5627677,120.9998545,1769385666000,0.0
synthetic-04-03,28,14.5628431,120.9999308,1769385668000,0.0
synthetic-04-03,29,14.5629124,121.0000127,1769385670000,0.0
synthetic-04-03,30,14.5629816,121.0000947,1769385672000,0.0
synthetic-04-03,31,14.5630509,121.0001766,1769385674000,0.0
synthetic-04-03,32,14.5631259,121.0002532,1769385676000,0.0
synthetic-04-03,33,14.5632043,121.0003264,1769385678000,0.0
synthetic-04-03,34,14.5632827,121.0003996,1769385680000,0.0
synthetic-04-03,35,14.5633602,121.0004738,1769385682000,0.0
synthetic-04-03,36,14.5634341,121.0005516,1769385684000,0.0
synthetic-04-03,37,14.5635081,121.0006293,1769385686000,0.0
synthetic-04-03,38,14.563582,121.0007071,1769385688000,0.0
synthetic-04-03,39,14.5636569,121.0007839,1769385690000,0.0
synthetic-04-03,40,14.5637329,121.0008596,1769385692000,0.0
synthetic-04-03,41,14.5638089,121.0009354,1769385694000,0.0
synthetic-04-03,42,14.5638857,121.0010103,1769385696000,0.0
synthetic-04-03,43,14.5639631,121.0010847,1769385698000,0.0
synthetic-04-03,44,14.5640404,121.001159,1769385700000,0.0
synthetic-04-03,45,14.5641178,121.0012334,1769385702000,0.0
synthetic-04-04,0,14.5609964,120.9955721,1769990412000,0.0
synthetic-04-04,1,14.5611483,120.9955763,1769990414000,0.0
synthetic-04-04,2,14.5613299,120.9955319,1769990416000,0.0
synthetic-04-04,3,14.5615115,120.9954875,1769990418000,0.0
synthetic-04-04,4,14.5616931,120.9954431,1769990420000,0.0
synthetic-04-04,5,14.5618747,120.9953987,1769990422000,0.0
synthetic-04-04,6,14.5620563,120.9953543,1769990424000,0.0
synthetic-04-04,7,14.5622379,120.9953099,1769990426000,0.0
synthetic-04-04,8,14.5624187,120.9952628,1769990428000,0.0
synthetic-04-04,9,14.5625958,120.9952295,1769990430000,0.0
synthetic-04-04,10,14.5625519,120.9951124,1769990432000,0.0
synthetic-04-04,11,14.5623743,120.9951709,1769990434000,0.0
synthetic-04-04,12,14.5621941,120.9952202,1769990436000,0.0
synthetic-04-04,13,14.5620131,120.9952671,1769990438000,0.0
synthetic-04-04,14,14.5618322,120.995314,1769990440000,0.0
synthetic-04-04,15,14.5616512,120.9953609,1769990442000,0.0
synthetic-04-04,16,14.5614702,120.9954078,1769990444000,0.0
synthetic-04-04,17,14.5612893,120.9954547,1769990446000,0.0
synthetic-04-04,18,14.5611083,120.9955016,1769990448000,0.0
synthetic-04-04,19,14.5609914,120.9955513,1769990450000,0.0
synthetic-04-04,20,14.5608232,120.9955708,1769990452000,0.0
synthetic-04-04,21,14.5606408,120.9956117,1769990454000,0.0
synthetic-04-04,22,14.5604583,120.9956523,1769990456000,0.0
synthetic-04-04,23,14.5602758,120.9956929,1769990458000,0.0
synthetic-04-04,24,14.5601803,120.9957118,1769990460000,0.0
synthetic-04-04,25,14.5601516,120.9955271,1769990462000,0.0
synthetic-04-04,26,14.5601229,120.9953424,1769990464000,0.0
synthetic-04-04,27,14.5600943,120.9951576,1769990466000,0.0
synthetic-04-04,28,14.560066,120.9949728,1769990468000,0.0
synthetic-04-04,29,14.5600355,120.9947884,1769990470000,0.0
synthetic-04-04,30,14.5600034,120.9946042,1769990472000,0.0
synthetic-04-04,31,14.5599722,120.9944199,1769990474000,0.0
synthetic-04-04,32,14.5599415,120.9942355,1769990476000,0.0
synthetic-04-04,33,14.5599107,120.9940511,1769990478000,0.0
synthetic-04-04,34,14.5598799,120.9938667,1769990480000,0.0
synthetic-04-04,35,14.5598492,120.9936824,1769990482000,0.0
synthetic-04-04,36,14.5598184,120.993498,1769990484000,0.0
synthetic-04-04,37,14.5597877,120.9933136,1769990486000,0.0
synthetic-04-04,38,14.5597569,120.9931292,1769990488000,0.0
synthetic-04-04,39,14.5597098,120.9929729,1769990490000,0.0
synthetic-04-04,40,14.5595341,120.9930366,1769990492000,0.0
synthetic-04-04,41,14.5593569,120.9930962,1769990494000,0.0
synthetic-04-04,42,14.5591787,120.9931525,1769990496000,0.0
synthetic-04-04,43,14.5589991,120.9932045,1769990498000,0.0
synthetic-04-04,44,14.5588189,120.9932542,1769990500000,0.0
synthetic-04-04,45,14.5586378,120.9933005,1769990502000,0.0
synthetic-04-04,46,14.5584552,120.9933405,1769990504000,0.0
synthetic-04-04,47,14.5582726,120.9933805,1769990506000,0.0
synthetic-04-04,48,14.5580901,120.9934209,1769990508000,0.0
synthetic-04-04,49,14.5579798,120.9933367,1769990510000,0.0
synthetic-04-04,50,14.5579243,120.9931582,1769990512000,0.0
synthetic-04-04,51,14.5578705,120.9929791,1769990514000,0.0
synthetic-04-04,52,14.5578166,120.9928001,1769990516000,0.0
synthetic-04-04,53,14.557762,120.9926214,1769990518000,0.0
synthetic-04-04,54,14.5577074,120.9924426,1769990520000,0.0
synthetic-04-04,55,14.5576527,120.9922638,1769990522000,0.0
synthetic-04-04,56,14.5575981,120.992085,1769990524000,0.0
synthetic-04-04,57,14.5575435,120.9919062,1769990526000,0.0
synthetic-04-04,58,14.5574889,120.9917274,1769990528000,0.0
synthetic-04-04,59,14.5574343,120.9915487,1769990530000,0.0
synthetic-04-04,60,14.5573797,120.9913699,1769990532000,0.0
synthetic-04-04,61,14.557325,120.9911911,1769990534000,0.0
synthetic-04-04,62,14.5572704,120.9910123,1769990536000,0.0
synthetic-04-04,63,14.5572158,120.9908335,1769990538000,0.0
synthetic-04-04,64,14.5571391,120.9906984,1769990540000,0.0
synthetic-04-04,65,14.5570452,120.9905888,1769990542000,0.0
synthetic-04-04,66,14.5569836,120.9904122,1769990544000,0.0
synthetic-04-04,67,14.5569221,120.9902357,1769990546000,0.0
synthetic-04-04,68,14.5568605,120.9900592,1769990548000,0.0
synthetic-04-04,69,14.5567988,120.9898828,1769990550000,0.0
synthetic-04-04,70,14.5567371,120.9897063,1769990552000,0.0
synthetic-04-04,71,14.5566755,120.9895298,1769990554000,0.0
synthetic-04-04,72,14.5566126,120.9893537,1769990556000,0.0
synthetic-04-04,73,14.5565485,120.9891782,1769990558000,0.0
synthetic-04-04,74,14.5564871,120.9890016,1769990560000,0.0
synthetic-04-04,75,14.5564268,120.9888247,1769990562000,0.0
synthetic-04-04,76,14.5563664,120.9886477,1769990564000,0.0
synthetic-04-04,77,14.5563058,120.9884709,1769990566000,0.0
synthetic-04-04,78,14.5562983,120.9885152,1769990568000,0.0
synthetic-04-04,79,14.5561205,120.9885727,1769990570000,0.0
synthetic-04-04,80,14.5559426,120.9886302,1769990572000,0.0
synthetic-04-04,81,14.5557648,120.9886878,1769990574000,0.0
synthetic-04-04,82,14.5555869,120.9887453,1769990576000,0.0
synthetic-04-04,83,14.555409,120.9888028,1769990578000,0.0
synthetic-04-04,84,14.555231,120.98886,1769990580000,0.0
synthetic-04-04,85,14.5550532,120.9889175,1769990582000,0.0
synthetic-04-04,86,14.5548755,120.9889756,1769990584000,0.0
synthetic-04-04,87,14.5547486,120.9888676,1769990586000,0.0
synthetic-04-05,0,14.5633467,120.9988721,1770595212000,0.0
synthetic-04-05,1,14.5633042,120.9987736,1770595214000,0.0
synthetic-04-05,2,14.5632617,120.9986751,1770595216000,0.0
synthetic-04-05,3,14.5632192,120.9985765,1770595218000,0.0
synthetic-04-05,4,14.5631559,120.9985222,1770595220000,0.0
synthetic-04-05,5,14.5630528,120.9985523,1770595222000,0.0
synthetic-04-05,6,14.5629498,120.9985823,1770595224000,0.0
synthetic-04-05,7,14.5628468,120.9986123,1770595226000,0.0
synthetic-04-05,8,14.5627456,120.9986476,1770595228000,0.0
synthetic-04-05,9,14.562646,120.9986874,1770595230000,0.0
synthetic-04-05,10,14.5625463,120.9987272,1770595232000,0.0
synthetic-04-05,11,14.5624467,120.998767,1770595234000,0.0
synthetic-04-05,12,14.5623484,120.99881,1770595236000,0.0
synthetic-04-05,13,14.5622514,120.9988558,1770595238000,0.0
synthetic-04-05,14,14.5621544,120.9989017,1770595240000,0.0
synthetic-04-05,15,14.5620597,120.9989513,1770595242000,0.0
synthetic-04-05,16,14.5619803,120.9990231,1770595244000,0.0
synthetic-04-05,17,14.5620053,120.9990994,1770595246000,0.0
synthetic-04-05,18,14.5620816,120.9991749,1770595248000,0.0
synthetic-04-05,19,14.5621578,120.9992504,1770595250000,0.0
synthetic-04-05,20,14.562234,120.9993259,1770595252000,0.0
synthetic-04-05,21,14.5623103,120.9994015,1770595254000,0.0
synthetic-04-05,22,14.5623865,120.999477,1770595256000,0.0
synthetic-04-05,23,14.5624627,120.9995525,1770595258000,0.0
synthetic-04-05,24,14.562539,120.999628,1770595260000,0.0
synthetic-04-05,25,14.5626152,120.9997035,1770595262000,0.0
synthetic-04-05,26,14.5626914,120.999779,1770595264000,0.0
synthetic-04-05,27,14.5627677,120.9998545,1770595266000,0.0
synthetic-04-05,28,14.5628431,120.9999308,1770595268000,0.0
synthetic-04-05,29,14.5629124,121.0000127,1770595270000,0.0
synthetic-04-05,30,14.5629816,121.0000947,1770595272000,0.0
synthetic-04-05,31,14.5630509,121.0001766,1770595274000,0.0
synthetic-04-05,32,14.5631259,121.0002532,1770595276000,0.0
synthetic-04-05,33,14.5632043,121.0003264,1770595278000,0.0
synthetic-04-05,34,14.5632827,121.0003996,1770595280000,0.0
synthetic-04-05,35,14.5633602,121.0004738,1770595282000,0.0
synthetic-04-05,36,14.5634341,121.0005516,1770595284000,0.0
synthetic-04-05,37,14.5635081,121.0006293,1770595286000,0.0
synthetic-04-05,38,14.563582,121.0007071,1770595288000,0.0
synthetic-04-05,39,14.5636569,121.0007839,1770595290000,0.0
synthetic-04-05,40,14.5637329,121.0008596,1770595292000,0.0
synthetic-04-05,41,14.5638089,121.0009354,1770595294000,0.0
synthetic-04-05,42,14.5638857,121.0010103,1770595296000,0.0
synthetic-04-05,43,14.5639631,121.0010847,1770595298000,0.0
synthetic-04-05,44,14.5640404,121.001159,1770595300000,0.0
synthetic-04-05,45,14.5641178,121.0012334,1770595302000,0.0
synthetic-04-06,0,14.5618298,120.9968042,1771210812000,0.0
synthetic-04-06,1,14.5617189,120.9968457,1771210814000,0.0
synthetic-04-06,2,14.561608,120.9968871,1771210816000,0.0
synthetic-04-06,3,14.5614971,120.9969286,1771210818000,0.0
synthetic-04-06,4,14.5613862,120.9969701,1771210820000,0.0
synthetic-04-06,5,14.5612753,120.9970115,1771210822000,0.0
synthetic-04-06,6,14.5611639,120.9970515,1771210824000,0.0
synthetic-04-06,7,14.5610525,120.9970917,1771210826000,0.0
synthetic-04-06,8,14.5609412,120.9971319,1771210828000,0.0
synthetic-04-06,9,14.5608298,120.9971722,1771210830000,0.0
synthetic-04-06,10,14.5607184,120.9972121,1771210832000,0.0
synthetic-04-06,11,14.5606068,120.9972517,1771210834000,0.0
synthetic-04-06,12,14.5604952,120.9972914,1771210836000,0.0
synthetic-04-06,13,14.5603841,120.9973322,1771210838000,0.0
synthetic-04-06,14,14.5602731,120.9973735,1771210840000,0.0
synthetic-04-06,15,14.5601617,120.9974136,1771210842000,0.0
synthetic-04-06,16,14.5600505,120.9974542,1771210844000,0.0
synthetic-04-06,17,14.5599393,120.9974948,1771210846000,0.0
synthetic-04-06,18,14.5598285,120.9975366,1771210848000,0.0
synthetic-04-06,19,14.5597187,120.9975809,1771210850000,0.0
synthetic-04-06,20,14.559609,120.9976253,1771210852000,0.0
synthetic-04-06,21,14.5594972,120.9976636,1771210854000,0.0
synthetic-04-06,22,14.5593825,120.997693,1771210856000,0.0
synthetic-04-06,23,14.5592678,120.9977224,1771210858000,0.0
synthetic-04-06,24,14.5591531,120.9977518,1771210860000,0.0
synthetic-04-06,25,14.5590384,120.9977812,1771210862000,0.0
synthetic-04-06,26,14.5589237,120.9978106,1771210864000,0.0
synthetic-04-06,27,14.5588091,120.99784,1771210866000,0.0
synthetic-04-06,28,14.5586944,120.9978695,1771210868000,0.0
synthetic-04-06,29,14.5585824,120.9979078,1771210870000,0.0
synthetic-04-06,30,14.5584706,120.9979469,1771210872000,0.0
synthetic-04-06,31,14.5583589,120.997986,1771210874000,0.0
synthetic-04-06,32,14.5582471,120.9980251,1771210876000,0.0
synthetic-04-06,33,14.5581354,120.9980642,1771210878000,0.0
synthetic-04-06,34,14.5580236,120.9981033,1771210880000,0.0
synthetic-04-06,35,14.5579119,120.9981424,1771210882000,0.0
synthetic-04-06,36,14.5578001,120.9981815,1771210884000,0.0
synthetic-04-06,37,14.5576866,120.9982151,1771210886000,0.0
synthetic-04-06,38,14.5575725,120.9982467,1771210888000,0.0
synthetic-04-06,39,14.5574584,120.9982783,1771210890000,0.0
synthetic-04-06,40,14.5573443,120.9983099,1771210892000,0.0
synthetic-04-06,41,14.5572302,120.9983415,1771210894000,0.0
synthetic-04-06,42,14.5571161,120.9983732,1771210896000,0.0
synthetic-04-06,43,14.557002,120.9984048,1771210898000,0.0
synthetic-04-06,44,14.5568879,120.9984364,1771210900000,0.0
synthetic-04-06,45,14.5567732,120.9984653,1771210902000,0.0
synthetic-04-07,0,14.5643695,120.9943615,1771815612000,0.0
synthetic-04-07,1,14.5642528,120.9943351,1771815614000,0.0
synthetic-04-07,2,14.5640969,120.9944073,1771815616000,0.0
synthetic-04-07,3,14.5639412,120.9944797,1771815618000,0.0
synthetic-04-07,4,14.5637869,120.9945552,1771815620000,0.0
synthetic-04-07,5,14.5636336,120.9946327,1771815622000,0.0
synthetic-04-07,6,14.563479,120.9947073,1771815624000,0.0
synthetic-04-07,7,14.5633233,120.9947799,1771815626000,0.0
synthetic-04-07,8,14.5631672,120.9948517,1771815628000,0.0
synthetic-04-07,9,14.5630118,120.9949249,1771815630000,0.0
synthetic-04-07,10,14.5628564,120.994998,1771815632000,0.0
synthetic-04-07,11,14.562701,120.9950711,1771815634000,0.0
synthetic-04-07,12,14.5625989,120.9951651,1771815636000,0.0
synthetic-04-07,13,14.5626002,120.9951391,1771815638000,0.0
synthetic-04-07,14,14.5624803,120.995136,1771815640000,0.0
synthetic-04-07,15,14.5623168,120.9951884,1771815642000,0.0
synthetic-04-07,16,14.5621505,120.9952315,1771815644000,0.0
synthetic-04-07,17,14.5619843,120.9952746,1771815646000,0.0
synthetic-04-07,18,14.561818,120.9953177,1771815648000,0.0
synthetic-04-07,19,14.5616517,120.9953608,1771815650000,0.0
synthetic-04-07,20,14.5614854,120.9954038,1771815652000,0.0
synthetic-04-07,21,14.5613192,120.9954469,1771815654000,0.0
synthetic-04-07,22,14.5611529,120.99549,1771815656000,0.0
synthetic-04-07,23,14.5609871,120.9955334,1771815658000,0.0
synthetic-04-07,24,14.5608976,120.9955536,1771815660000,0.0
synthetic-04-07,25,14.5607301,120.9955918,1771815662000,0.0
synthetic-04-07,26,14.5605625,120.9956291,1771815664000,0.0
synthetic-04-07,27,14.5603948,120.9956664,1771815666000,0.0
synthetic-04-07,28,14.5602271,120.9957038,1771815668000,0.0
synthetic-04-07,29,14.560175,120.9956775,1771815670000,0.0
synthetic-04-07,30,14.5601486,120.9955078,1771815672000,0.0
synthetic-04-07,31,14.5601222,120.995338,1771815674000,0.0
synthetic-04-07,32,14.5600959,120.9951683,1771815676000,0.0
synthetic-04-07,33,14.5600699,120.9949985,1771815678000,0.0
synthetic-04-07,34,14.5600426,120.9948289,1771815680000,0.0
synthetic-04-07,35,14.5600131,120.9946597,1771815682000,0.0
synthetic-04-07,36,14.559984,120.9944904,1771815684000,0.0
synthetic-04-07,37,14.5599557,120.994321,1771815686000,0.0
synthetic-04-07,38,14.5599275,120.9941516,1771815688000,0.0
synthetic-04-07,39,14.5598992,120.9939822,1771815690000,0.0
synthetic-04-07,40,14.5598709,120.9938127,1771815692000,0.0
synthetic-04-07,41,14.5598427,120.9936433,1771815694000,0.0
synthetic-04-07,42,14.5598144,120.9934739,1771815696000,0.0
synthetic-04-07,43,14.5597861,120.9933045,1771815698000,0.0
synthetic-04-07,44,14.5597579,120.993135,1771815700000,0.0
synthetic-04-07,45,14.5597296,120.9929656,1771815702000,0.0
synthetic-04-08,0,14.570849,120.9935069,1772420412000,0.0
synthetic-04-08,1,14.5708248,120.993443,1772420414000,0.0
synthetic-04-08,2,14.5708005,120.993379,1772420416000,0.0
synthetic-04-08,3,14.5707763,120.9933151,1772420418000,0.0
synthetic-04-08,4,14.5707521,120.9932511,1772420420000,0.0
synthetic-04-08,5,14.5707279,120.9931872,1772420422000,0.0
synthetic-04-08,6,14.5707036,120.9931233,1772420424000,0.0
synthetic-04-08,7,14.5706794,120.9930593,1772420426000,0.0
synthetic-04-08,8,14.5706552,120.9929954,1772420428000,0.0
synthetic-04-08,9,14.5706309,120.9929315,1772420430000,0.0
synthetic-04-08,10,14.5706067,120.9928675,1772420432000,0.0
synthetic-04-08,11,14.5705825,120.9928036,1772420434000,0.0
synthetic-04-08,12,14.5705583,120.9927396,1772420436000,0.0
synthetic-04-08,13,14.570534,120.9926757,1772420438000,0.0
synthetic-04-08,14,14.5705098,120.9926117,1772420440000,0.0
synthetic-04-08,15,14.5704856,120.9925478,1772420442000,0.0
synthetic-04-08,16,14.5704614,120.9924838,1772420444000,0.0
synthetic-04-08,17,14.5705125,120.9924479,1772420446000,0.0
synthetic-04-08,18,14.5705725,120.9924152,1772420448000,0.0
synthetic-04-08,19,14.5706326,120.9923826,1772420450000,0.0
synthetic-04-08,20,14.5706927,120.99235,1772420452000,0.0
synthetic-04-08,21,14.5707528,120.9923174,1772420454000,0.0
synthetic-04-08,22,14.5708129,120.9922847,1772420456000,0.0
synthetic-04-08,23,14.570873,120.9922521,1772420458000,0.0
synthetic-04-08,24,14.5709331,120.9922195,1772420460000,0.0
synthetic-04-08,25,14.5709931,120.9921867,1772420462000,0.0
synthetic-04-08,26,14.5710529,120.9921535,1772420464000,0.0
synthetic-04-08,27,14.5710874,120.9921182,1772420466000,0.0
synthetic-04-08,28,14.5710339,120.9920755,1772420468000,0.0
synthetic-04-08,29,14.5709803,120.9920331,1772420470000,0.0
synthetic-04-08,30,14.5709262,120.9919913,1772420472000,0.0
synthetic-04-08,31,14.5708724,120.9919491,1772420474000,0.0
synthetic-04-08,32,14.5708193,120.991906,1772420476000,0.0
synthetic-04-08,33,14.5707662,120.9918629,1772420478000,0.0
synthetic-04-08,34,14.5707132,120.9918198,1772420480000,0.0
synthetic-04-08,35,14.5706555,120.9917838,1772420482000,0.0
synthetic-04-08,36,14.5705943,120.9917533,1772420484000,0.0
synthetic-04-08,37,14.5705331,120.9917229,1772420486000,0.0
synthetic-04-08,38,14.5704718,120.9916925,1772420488000,0.0
synthetic-04-08,39,14.5704117,120.9916611,1772420490000,0.0
synthetic-04-08,40,14.5703905,120.9915961,1772420492000,0.0
synthetic-04-08,41,14.5704003,120.9915437,1772420494000,0.0
synthetic-04-08,42,14.5704608,120.9915119,1772420496000,0.0
synthetic-04-08,43,14.5705213,120.99148,1772420498000,0.0
synthetic-04-08,44,14.5705818,120.9914482,1772420500000,0.0
synthetic-04-08,45,14.5706423,120.9914163,1772420502000,0.0
synthetic-04-09,0,14.5643695,120.9943615,1773025212000,0.0
synthetic-04-09,1,14.5644197,120.9944202,1773025214000,0.0
synthetic-04-09,2,14.5645084,120.9943787,1773025216000,0.0
synthetic-04-09,3,14.5645966,120.9943361,1773025218000,0.0
synthetic-04-09,4,14.5646848,120.9942935,1773025220000,0.0
synthetic-04-09,5,14.5647729,120.9942509,1773025222000,0.0
synthetic-04-09,6,14.5648611,120.9942083,1773025224000,0.0
synthetic-04-09,7,14.5649493,120.9941658,1773025226000,0.0
synthetic-04-09,8,14.5650375,120.9941232,1773025228000,0.0
synthetic-04-09,9,14.5651257,120.9940806,1773025230000,0.0
synthetic-04-09,10,14.565215,120.9940405,1773025232000,0.0
synthetic-04-09,11,14.5653044,120.9940005,1773025234000,0.0
synthetic-04-09,12,14.5653459,120.9939453,1773025236000,0.0
synthetic-04-09,13,14.5653537,120.9939591,1773025238000,0.0
synthetic-04-09,14,14.5654358,120.9939438,1773025240000,0.0
synthetic-04-09,15,14.5655258,120.9939051,1773025242000,0.0
synthetic-04-09,16,14.5656144,120.9938633,1773025244000,0.0
synthetic-04-09,17,14.5657026,120.9938209,1773025246000,0.0
synthetic-04-09,18,14.5657796,120.99381,1773025248000,0.0
synthetic-04-09,19,14.5658191,120.9938996,1773025250000,0.0
synthetic-04-09,20,14.5658582,120.9939894,1773025252000,0.0
synthetic-04-09,21,14.5658973,120.9940792,1773025254000,0.0
synthetic-04-09,22,14.5659364,120.994169,1773025256000,0.0
synthetic-04-09,23,14.5659754,120.9942588,1773025258000,0.0
synthetic-04-09,24,14.5660145,120.9943486,1773025260000,0.0
synthetic-04-09,25,14.5660536,120.9944384,1773025262000,0.0
synthetic-04-09,26,14.5660927,120.9945282,1773025264000,0.0
synthetic-04-09,27,14.5661727,120.9945095,1773025266000,0.0
synthetic-04-09,28,14.5662614,120.994468,1773025268000,0.0
synthetic-04-09,29,14.5663499,120.9944259,1773025270000,0.0
synthetic-04-09,30,14.5664382,120.9943835,1773025272000,0.0
synthetic-04-09,31,14.5665264,120.9943411,1773025274000,0.0
synthetic-04-09,32,14.5666146,120.9942986,1773025276000,0.0
synthetic-04-09,33,14.5667028,120.994256,1773025278000,0.0
synthetic-04-09,34,14.5667911,120.9942135,1773025280000,0.0
synthetic-04-09,35,14.5668794,120.9941712,1773025282000,0.0
synthetic-04-09,36,14.5669678,120.9941292,1773025284000,0.0
synthetic-04-09,37,14.5670563,120.9940872,1773025286000,0.0
synthetic-04-09,38,14.5671448,120.9940452,1773025288000,0.0
synthetic-04-09,39,14.5672332,120.9940032,1773025290000,0.0
synthetic-04-09,40,14.5673221,120.993962,1773025292000,0.0
synthetic-04-09,41,14.5674111,120.9939212,1773025294000,0.0
synthetic-04-09,42,14.5675001,120.9938803,1773025296000,0.0
synthetic-04-09,43,14.5675891,120.9938394,1773025298000,0.0
synthetic-04-09,44,14.5676781,120.9937986,1773025300000,0.0
synthetic-04-09,45,14.5677671,120.9937577,1773025302000,0.0
synthetic-04-10,0,14.5587681,120.996085,1773630012000,0.0
synthetic-04-10,1,14.5588512,120.996111,1773630014000,0.0
synthetic-04-10,2,14.5589689,120.9960838,1773630016000,0.0
synthetic-04-10,3,14.5590865,120.9960567,1773630018000,0.0
synthetic-04-10,4,14.5592041,120.9960296,1773630020000,0.0
synthetic-04-10,5,14.5593218,120.9960025,1773630022000,0.0
synthetic-04-10,6,14.5594394,120.9959754,1773630024000,0.0
synthetic-04-10,7,14.559557,120.9959483,1773630026000,0.0
synthetic-04-10,8,14.5596746,120.995921,1773630028000,0.0
synthetic-04-10,9,14.5597922,120.9958937,1773630030000,0.0
synthetic-04-10,10,14.5599098,120.9958664,1773630032000,0.0
synthetic-04-10,11,14.5600274,120.9958391,1773630034000,0.0
synthetic-04-10,12,14.560145,120.9958119,1773630036000,0.0
synthetic-04-10,13,14.5601856,120.9957361,1773630038000,0.0
synthetic-04-10,14,14.5601656,120.995617,1773630040000,0.0
synthetic-04-10,15,14.5601471,120.9954978,1773630042000,0.0
synthetic-04-10,16,14.5601285,120.9953785,1773630044000,0.0
synthetic-04-10,17,14.56011,120.9952592,1773630046000,0.0
synthetic-04-10,18,14.5600915,120.9951399,1773630048000,0.0
synthetic-04-10,19,14.5600733,120.9950206,1773630050000,0.0
synthetic-04-10,20,14.560055,120.9949012,1773630052000,0.0
synthetic-04-10,21,14.5600345,120.9947823,1773630054000,0.0
synthetic-04-10,22,14.5600137,120.9946634,1773630056000,0.0
synthetic-04-10,23,14.5599931,120.9945444,1773630058000,0.0
synthetic-04-10,24,14.5600959,120.994499,1773630060000,0.0
synthetic-04-10,25,14.5602102,120.9944601,1773630062000,0.0
synthetic-04-10,26,14.5603163,120.9944025,1773630064000,0.0
synthetic-04-10,27,14.5604223,120.9943449,1773630066000,0.0
synthetic-04-10,28,14.5605284,120.9942872,1773630068000,0.0
synthetic-04-10,29,14.5606345,120.9942296,1773630070000,0.0
synthetic-04-10,30,14.5607405,120.9941719,1773630072000,0.0
synthetic-04-10,31,14.5608466,120.9941143,1773630074000,0.0
synthetic-04-10,32,14.5609524,120.9940562,1773630076000,0.0
synthetic-04-10,33,14.5610579,120.9939974,1773630078000,0.0
synthetic-04-10,34,14.5611616,120.9939357,1773630080000,0.0
synthetic-04-10,35,14.5612254,120.9938469,1773630082000,0.0
synthetic-04-10,36,14.5612184,120.9938952,1773630084000,0.0
synthetic-04-10,37,14.5612719,120.9940021,1773630086000,0.0
synthetic-04-10,38,14.5613312,120.9941072,1773630088000,0.0
synthetic-04-10,39,14.561407,120.9941998,1773630090000,0.0
synthetic-04-10,40,14.5614892,120.9941456,1773630092000,0.0
synthetic-04-10,41,14.5614876,120.9940559,1773630094000,0.0
synthetic-04-10,42,14.5614096,120.9939638,1773630096000,0.0
synthetic-04-10,43,14.561341,120.9938645,1773630098000,0.0
synthetic-04-10,44,14.5612841,120.9937582,1773630100000,0.0
synthetic-04-10,45,14.5612306,120.9938113,1773630102000,0.0
synthetic-04-11,0,14.5618298,120.9968042,1774234812000,0.0
synthetic-04-11,1,14.5617189,120.9968457,1774234814000,0.0
synthetic-04-11,2,14.561608,120.9968871,1774234816000,0.0
synthetic-04-11,3,14.5614971,120.9969286,1774234818000,0.0
synthetic-04-11,4,14.5613862,120.9969701,1774234820000,0.0
synthetic-04-11,5,14.5612753,120.9970115,1774234822000,0.0
synthetic-04-11,6,14.5611639,120.9970515,1774234824000,0.0
synthetic-04-11,7,14.5610525,120.9970917,1774234826000,0.0
synthetic-04-11,8,14.5609412,120.9971319,1774234828000,0.0
synthetic-04-11,9,14.5608298,120.9971722,1774234830000,0.0
synthetic-04-11,10,14.5607184,120.9972121,1774234832000,0.0
synthetic-04-11,11,14.5606068,120.9972517,1774234834000,0.0
synthetic-04-11,12,14.5604952,120.9972914,1774234836000,0.0
synthetic-04-11,13,14.5603841,120.9973322,1774234838000,0.0
synthetic-04-11,14,14.5602731,120.9973735,1774234840000,0.0
synthetic-04-11,15,14.5601617,120.9974136,1774234842000,0.0
synthetic-04-11,16,14.5600505,120.9974542,1774234844000,0.0
synthetic-04-11,17,14.5599393,120.9974948,1774234846000,0.0
synthetic-04-11,18,14.5598285,120.9975366,1774234848000,0.0
synthetic-04-11,19,14.5597187,120.9975809,1774234850000,0.0
synthetic-04-11,20,14.559609,120.9976253,1774234852000,0.0
synthetic-04-11,21,14.5594972,120.9976636,1774234854000,0.0
synthetic-04-11,22,14.5593825,120.997693,1774234856000,0.0
synthetic-04-11,23,14.5592678,120.9977224,1774234858000,0.0
synthetic-04-11,24,14.5591531,120.9977518,1774234860000,0.0
synthetic-04-11,25,14.5590384,120.9977812,1774234862000,0.0
synthetic-04-11,26,14.5589237,120.9978106,1774234864000,0.0
synthetic-04-11,27,14.5588091,120.99784,1774234866000,0.0
synthetic-04-11,28,14.5586944,120.9978695,1774234868000,0.0
synthetic-04-11,29,14.5585824,120.9979078,1774234870000,0.0
synthetic-04-11,30,14.5584706,120.9979469,1774234872000,0.0
synthetic-04-11,31,14.5583589,120.997986,1774234874000,0.0
synthetic-04-11,32,14.5582471,120.9980251,1774234876000,0.0
synthetic-04-11,33,14.5581354,120.9980642,1774234878000,0.0
synthetic-04-11,34,14.5580236,120.9981033,1774234880000,0.0
synthetic-04-11,35,14.5579119,120.9981424,1774234882000,0.0
synthetic-04-11,36,14.5578001,120.9981815,1774234884000,0.0
synthetic-04-11,37,14.5576866,120.9982151,1774234886000,0.0
synthetic-04-11,38,14.5575725,120.9982467,1774234888000,0.0
synthetic-04-11,39,14.5574584,120.9982783,1774234890000,0.0
synthetic-04-11,40,14.5573443,120.9983099,1774234892000,0.0
synthetic-04-11,41,14.5572302,120.9983415,1774234894000,0.0
synthetic-04-11,42,14.5571161,120.9983732,1774234896000,0.0
synthetic-04-11,43,14.557002,120.9984048,1774234898000,0.0
synthetic-04-11,44,14.5568879,120.9984364,1774234900000,0.0
synthetic-04-11,45,14.5567732,120.9984653,1774234902000,0.0
synthetic-05-00,0,14.5633467,120.9988721,1767571215000,0.0
synthetic-05-00,1,14.5633042,120.9987736,1767571217000,0.0
synthetic-05-00,2,14.5632617,120.9986751,1767571219000,0.0
synthetic-05-00,3,14.5632192,120.9985765,1767571221000,0.0
synthetic-05-00,4,14.5631559,120.9985222,1767571223000,0.0
synthetic-05-00,5,14.5630528,120.9985523,1767571225000,0.0
synthetic-05-00,6,14.5629498,120.9985823,1767571227000,0.0
synthetic-05-00,7,14.5628468,120.9986123,1767571229000,0.0
synthetic-05-00,8,14.5627456,120.9986476,1767571231000,0.0
synthetic-05-00,9,14.562646,120.9986874,1767571233000,0.0
synthetic-05-00,10,14.5625463,120.9987272,1767571235000,0.0
synthetic-05-00,11,14.5624467,120.998767,1767571237000,0.0
synthetic-05-00,12,14.5623484,120.99881,1767571239000,0.0
synthetic-05-00,13,14.5622514,120.9988558,1767571241000,0.0
synthetic-05-00,14,14.5621544,120.9989017,1767571243000,0.0
synthetic-05-00,15,14.5620597,120.9989513,1767571245000,0.0
synthetic-05-00,16,14.5619803,120.9990231,1767571247000,0.0
synthetic-05-00,17,14.5620053,120.9990994,1767571249000,0.0
synthetic-05-00,18,14.5620816,120.9991749,1767571251000,0.0
synthetic-05-00,19,14.5621578,120.9992504,1767571253000,0.0
synthetic-05-00,20,14.562234,120.9993259,1767571255000,0.0
synthetic-05-00,21,14.5623103,120.9994015,1767571257000,0.0
synthetic-05-00,22,14.5623865,120.999477,1767571259000,0.0
synthetic-05-00,23,14.5624627,120.9995525,1767571261000,0.0
synthetic-05-00,24,14.562539,120.999628,1767571263000,0.0
synthetic-05-00,25,14.5626152,120.9997035,1767571265000,0.0
synthetic-05-00,26,14.5626914,120.999779,1767571267000,0.0
synthetic-05-00,27,14.5627677,120.9998545,1767571269000,0.0
synthetic-05-00,28,14.5628431,120.9999308,1767571271000,0.0
synthetic-05-00,29,14.5629124,121.0000127,1767571273000,0.0
synthetic-05-00,30,14.5629816,121.0000947,1767571275000,0.0
synthetic-05-00,31,14.5630509,121.0001766,1767571277000,0.0
synthetic-05-00,32,14.5631259,121.0002532,1767571279000,0.0
synthetic-05-00,33,14.5632043,121.0003264,1767571281000,0.0
synthetic-05-00,34,14.5632827,121.0003996,1767571283000,0.0
synthetic-05-00,35,14.5633602,121.0004738,1767571285000,0.0
synthetic-05-00,36,14.5634341,121.0005516,1767571287000,0.0
synthetic-05-00,37,14.5635081,121.0006293,1767571289000,0.0
synthetic-05-00,38,14.563582,121.0007071,1767571291000,0.0
synthetic-05-00,39,14.5636569,121.0007839,1767571293000,0.0
synthetic-05-00,40,14.5637329,121.0008596,1767571295000,0.0
synthetic-05-00,41,14.5638089,121.0009354,1767571297000,0.0
synthetic-05-00,42,14.5638857,121.0010103,1767571299000,0.0
synthetic-05-00,43,14.5639631,121.0010847,1767571301000,0.0
synthetic-05-00,44,14.5640404,121.001159,1767571303000,0.0
synthetic-05-00,45,14.5641178,121.0012334,1767571305000,0.0
synthetic-05-01,0,14.5609964,120.9955721,1768176015000,0.0
synthetic-05-01,1,14.5611655,120.9955722,1768176017000,0.0
synthetic-05-01,2,14.5613642,120.9955236,1768176019000,0.0
synthetic-05-01,3,14.5615629,120.995475,1768176021000,0.0
synthetic-05-01,4,14.5617616,120.9954264,1768176023000,0.0
synthetic-05-01,5,14.5619603,120.9953778,1768176025000,0.0
synthetic-05-01,6,14.5621591,120.9953292,1768176027000,0.0
synthetic-05-01,7,14.5623577,120.9952802,1768176029000,0.0
synthetic-05-01,8,14.5625583,120.9952428,1768176031000,0.0
synthetic-05-01,9,14.5625787,120.9951036,1768176033000,0.0
synthetic-05-01,10,14.5623844,120.9951676,1768176035000,0.0
synthetic-05-01,11,14.5621873,120.995222,1768176037000,0.0
synthetic-05-01,12,14.5619892,120.9952733,1768176039000,0.0
synthetic-05-01,13,14.5617912,120.9953246,1768176041000,0.0
synthetic-05-01,14,14.5615932,120.9953759,1768176043000,0.0
synthetic-05-01,15,14.5613951,120.9954272,1768176045000,0.0
synthetic-05-01,16,14.5611971,120.9954786,1768176047000,0.0
synthetic-05-01,17,14.560999,120.9955299,1768176049000,0.0
synthetic-05-01,18,14.5608782,120.9955581,1768176051000,0.0
synthetic-05-01,19,14.5606786,120.9956033,1768176053000,0.0
synthetic-05-01,20,14.5604789,120.9956477,1768176055000,0.0
synthetic-05-01,21,14.5602792,120.9956922,1768176057000,0.0
synthetic-05-01,22,14.5601782,120.9956979,1768176059000,0.0
synthetic-05-01,23,14.5601467,120.9954957,1768176061000,0.0
synthetic-05-01,24,14.5601153,120.9952936,1768176063000,0.0
synthetic-05-01,25,14.5600841,120.9950914,1768176065000,0.0
synthetic-05-01,26,14.5600531,120.9948892,1768176067000,0.0
synthetic-05-01,27,14.560018,120.9946876,1768176069000,0.0
synthetic-05-01,28,14.5599832,120.994486,1768176071000,0.0
synthetic-05-01,29,14.5599496,120.9942842,1768176073000,0.0
synthetic-05-01,30,14.5599159,120.9940824,1768176075000,0.0
synthetic-05-01,31,14.5598823,120.9938807,1768176077000,0.0
synthetic-05-01,32,14.5598486,120.9936789,1768176079000,0.0
synthetic-05-01,33,14.5598149,120.9934771,1768176081000,0.0
synthetic-05-01,34,14.5597813,120.9932753,1768176083000,0.0
synthetic-05-01,35,14.5597476,120.9930735,1768176085000,0.0
synthetic-05-01,36,14.5596403,120.9929985,1768176087000,0.0
synthetic-05-01,37,14.5594471,120.9930658,1768176089000,0.0
synthetic-05-01,38,14.5592531,120.9931305,1768176091000,0.0
synthetic-05-01,39,14.5590569,120.9931885,1768176093000,0.0
synthetic-05-01,40,14.5588597,120.9932429,1768176095000,0.0
synthetic-05-01,41,14.5586619,120.9932952,1768176097000,0.0
synthetic-05-01,42,14.5584621,120.993339,1768176099000,0.0
synthetic-05-01,43,14.5582623,120.9933828,1768176101000,0.0
synthetic-05-01,44,14.5580625,120.993427,1768176103000,0.0
synthetic-05-01,45,14.5579662,120.9932929,1768176105000,0.0
synthetic-05-01,46,14.557906,120.9930974,1768176107000,0.0
synthetic-05-01,47,14.5578471,120.9929014,1768176109000,0.0
synthetic-05-01,48,14.5577877,120.9927057,1768176111000,0.0
synthetic-05-01,49,14.557728,120.99251,1768176113000,0.0
synthetic-05-01,50,14.5576682,120.9923144,1768176115000,0.0
synthetic-05-01,51,14.5576084,120.9921187,1768176117000,0.0
synthetic-05-01,52,14.5575487,120.9919231,1768176119000,0.0
synthetic-05-01,53,14.5574889,120.9917274,1768176121000,0.0
synthetic-05-01,54,14.5574291,120.9915318,1768176123000,0.0
synthetic-05-01,55,14.5573693,120.9913361,1768176125000,0.0
synthetic-05-01,56,14.5573096,120.9911405,1768176127000,0.0
synthetic-05-01,57,14.5572498,120.9909448,1768176129000,0.0
synthetic-05-01,58,14.55719,120.9907492,1768176131000,0.0
synthetic-05-01,59,14.5570719,120.9906654,1768176133000,0.0
synthetic-05-01,60,14.5570046,120.9904722,1768176135000,0.0
synthetic-05-01,61,14.5569372,120.990279,1768176137000,0.0
synthetic-05-01,62,14.5568698,120.9900859,1768176139000,0.0
synthetic-05-01,63,14.5568023,120.9898928,1768176141000,0.0
synthetic-05-01,64,14.5567348,120.9896996,1768176143000,0.0
synthetic-05-01,65,14.5566673,120.9895065,1768176145000,0.0
synthetic-05-01,66,14.5565981,120.989314,1768176147000,0.0
synthetic-05-01,67,14.5565281,120.9891218,1768176149000,0.0
synthetic-05-01,68,14.5564621,120.9889282,1768176151000,0.0
synthetic-05-01,69,14.556396,120.9887345,1768176153000,0.0
synthetic-05-01,70,14.55633,120.9885409,1768176155000,0.0
synthetic-05-01,71,14.5563074,120.9884756,1768176157000,0.0
synthetic-05-01,72,14.5561574,120.9885608,1768176159000,0.0
synthetic-05-01,73,14.5559628,120.9886237,1768176161000,0.0
synthetic-05-01,74,14.5557681,120.9886867,1768176163000,0.0
synthetic-05-01,75,14.5555735,120.9887497,1768176165000,0.0
synthetic-05-01,76,14.5553788,120.9888125,1768176167000,0.0
synthetic-05-01,77,14.555184,120.9888751,1768176169000,0.0
synthetic-05-01,78,14.5549895,120.9889383,1768176171000,0.0
synthetic-05-01,79,14.5548114,120.9889484,1768176173000,0.0
synthetic-05-02,0,14.5633467,120.9988721,1768780815000,0.0
synthetic-05-02,1,14.5633042,120.9987736,1768780817000,0.0
synthetic-05-02,2,14.5632617,120.9986751,1768780819000,0.0
synthetic-05-02,3,14.5632192,120.9985765,1768780821000,0.0
synthetic-05-02,4,14.5631559,120.9985222,1768780823000,0.0
synthetic-05-02,5,14.5630528,120.9985523,1768780825000,0.0
synthetic-05-02,6,14.5629498,120.9985823,1768780827000,0.0
synthetic-05-02,7,14.5628468,120.9986123,1768780829000,0.0
synthetic-05-02,8,14.5627456,120.9986476,1768780831000,0.0
synthetic-05-02,9,14.562646,120.9986874,1768780833000,0.0
synthetic-05-02,10,14.5625463,120.9987272,1768780835000,0.0
synthetic-05-02,11,14.5624467,120.998767,1768780837000,0.0
synthetic-05-02,12,14.5623484,120.99881,1768780839000,0.0
synthetic-05-02,13,14.5622514,120.9988558,1768780841000,0.0
synthetic-05-02,14,14.5621544,120.9989017,1768780843000,0.0
synthetic-05-02,15,14.5620597,120.9989513,1768780845000,0.0
synthetic-05-02,16,14.5619803,120.9990231,1768780847000,0.0
synthetic-05-02,17,14.5620053,120.9990994,1768780849000,0.0
synthetic-05-02,18,14.5620816,120.9991749,1768780851000,0.0
synthetic-05-02,19,14.5621578,120.9992504,1768780853000,0.0
synthetic-05-02,20,14.562234,120.9993259,1768780855000,0.0
synthetic-05-02,21,14.5623103,120.9994015,1768780857000,0.0
synthetic-05-02,22,14.5623865,120.999477,1768780859000,0.0
synthetic-05-02,23,14.5624627,120.9995525,1768780861000,0.0
synthetic-05-02,24,14.562539,120.999628,1768780863000,0.0
synthetic-05-02,25,14.5626152,120.9997035,1768780865000,0.0
synthetic-05-02,26,14.5626914,120.999779,1768780867000,0.0
synthetic-05-02,27,14.5627677,120.9998545,1768780869000,0.0
synthetic-05-02,28,14.5628431,120.9999308,1768780871000,0.0
synthetic-05-02,29,14.5629124,121.0000127,1768780873000,0.0
synthetic-05-02,30,14.5629816,121.0000947,1768780875000,0.0
synthetic-05-02,31,14.5630509,121.0001766,1768780877000,0.0
synthetic-05-02,32,14.5631259,121.0002532,1768780879000,0.0
synthetic-05-02,33,14.5632043,121.0003264,1768780881000,0.0
synthetic-05-02,34,14.5632827,121.0003996,1768780883000,0.0
synthetic-05-02,35,14.5633602,121.0004738,1768780885000,0.0
synthetic-05-02,36,14.5634341,121.0005516,1768780887000,0.0
synthetic-05-02,37,14.5635081,121.0006293,1768780889000,0.0
synthetic-05-02,38,14.563582,121.0007071,1768780891000,0.0
synthetic-05-02,39,14.5636569,121.0007839,1768780893000,0.0
synthetic-05-02,40,14.5637329,121.0008596,1768780895000,0.0
synthetic-05-02,41,14.5638089,121.0009354,1768780897000,0.0
synthetic-05-02,42,14.5638857,121.0010103,1768780899000,0.0
synthetic-05-02,43,14.5639631,121.0010847,1768780901000,0.0
synthetic-05-02,44,14.5640404,121.001159,1768780903000,0.0
synthetic-05-02,45,14.5641178,121.0012334,1768780905000,0.0
synthetic-05-03,0,14.5609964,120.9955721,1769385615000,0.0
synthetic-05-03,1,14.5611483,120.9955763,1769385617000,0.0
synthetic-05-03,2,14.5613299,120.9955319,1769385619000,0.0
synthetic-05-03,3,14.5615115,120.9954875,1769385621000,0.0
synthetic-05-03,4,14.5616931,120.9954431,1769385623000,0.0
synthetic-05-03,5,14.5618747,120.9953987,1769385625000,0.0
synthetic-05-03,6,14.5620563,120.9953543,1769385627000,0.0
synthetic-05-03,7,14.5622379,120.9953099,1769385629000,0.0
synthetic-05-03,8,14.5624187,120.9952628,1769385631000,0.0
synthetic-05-03,9,14.5625958,120.9952295,1769385633000,0.0
synthetic-05-03,10,14.5625519,120.9951124,1769385635000,0.0
synthetic-05-03,11,14.5623743,120.9951709,1769385637000,0.0
synthetic-05-03,12,14.5621941,120.9952202,1769385639000,0.0
synthetic-05-03,13,14.5620131,120.9952671,1769385641000,0.0
synthetic-05-03,14,14.5618322,120.995314,1769385643000,0.0
synthetic-05-03,15,14.5616512,120.9953609,1769385645000,0.0
synthetic-05-03,16,14.5614702,120.9954078,1769385647000,0.0
synthetic-05-03,17,14.5612893,120.9954547,1769385649000,0.0
synthetic-05-03,18,14.5611083,120.9955016,1769385651000,0.0
synthetic-05-03,19,14.5609914,120.9955513,1769385653000,0.0
synthetic-05-03,20,14.5608232,120.9955708,1769385655000,0.0
synthetic-05-03,21,14.5606408,120.9956117,1769385657000,0.0
synthetic-05-03,22,14.5604583,120.9956523,1769385659000,0.0
synthetic-05-03,23,14.5602758,120.9956929,1769385661000,0.0
synthetic-05-03,24,14.5601803,120.9957118,1769385663000,0.0
synthetic-05-03,25,14.5601516,120.9955271,1769385665000,0.0
synthetic-05-03,26,14.5601229,120.9953424,1769385667000,0.0
synthetic-05-03,27,14.5600943,120.9951576,1769385669000,0.0
synthetic-05-03,28,14.560066,120.9949728,1769385671000,0.0
synthetic-05-03,29,14.5600355,120.9947884,1769385673000,0.0
synthetic-05-03,30,14.5600034,120.9946042,1769385675000,0.0
synthetic-05-03,31,14.5599722,120.9944199,1769385677000,0.0
synthetic-05-03,32,14.5599415,120.9942355,1769385679000,0.0
synthetic-05-03,33,14.5599107,120.9940511,1769385681000,0.0
synthetic-05-03,34,14.5598799,120.9938667,1769385683000,0.0
synthetic-05-03,35,14.5598492,120.9936824,1769385685000,0.0
synthetic-05-03,36,14.5598184,120.993498,1769385687000,0.0
synthetic-05-03,37,14.5597877,120.9933136,1769385689000,0.0
synthetic-05-03,38,14.5597569,120.9931292,1769385691000,0.0
synthetic-05-03,39,14.5597098,120.9929729,1769385693000,0.0
synthetic-05-03,40,14.5595341,120.9930366,1769385695000,0.0
synthetic-05-03,41,14.5593569,120.9930962,1769385697000,0.0
synthetic-05-03,42,14.5591787,120.9931525,1769385699000,0.0
synthetic-05-03,43,14.5589991,120.9932045,1769385701000,0.0
synthetic-05-03,44,14.5588189,120.9932542,1769385703000,0.0
synthetic-05-03,45,14.5586378,120.9933005,1769385705000,0.0
synthetic-05-03,46,14.5584552,120.9933405,1769385707000,0.0
synthetic-05-03,47,14.5582726,120.9933805,1769385709000,0.0
synthetic-05-03,48,14.5580901,120.9934209,1769385711000,0.0
synthetic-05-03,49,14.5579798,120.9933367,1769385713000,0.0
synthetic-05-03,50,14.5579243,120.9931582,1769385715000,0.0
synthetic-05-03,51,14.5578705,120.9929791,1769385717000,0.0
synthetic-05-03,52,14.5578166,120.9928001,1769385719000,0.0
synthetic-05-03,53,14.557762,120.9926214,1769385721000,0.0
synthetic-05-03,54,14.5577074,120.9924426,1769385723000,0.0
synthetic-05-03,55,14.5576527,120.9922638,1769385725000,0.0
synthetic-05-03,56,14.5575981,120.992085,1769385727000,0.0
synthetic-05-03,57,14.5575435,120.9919062,1769385729000,0.0
synthetic-05-03,58,14.5574889,120.9917274,1769385731000,0.0
synthetic-05-03,59,14.5574343,120.9915487,1769385733000,0.0
synthetic-05-03,60,14.5573797,120.9913699,1769385735000,0.0
synthetic-05-03,61,14.557325,120.9911911,1769385737000,0.0
synthetic-05-03,62,14.5572704,120.9910123,1769385739000,0.0
synthetic-05-03,63,14.5572158,120.9908335,1769385741000,0.0
synthetic-05-03,64,14.5571391,120.9906984,1769385743000,0.0
synthetic-05-03,65,14.5570452,120.9905888,1769385745000,0.0
synthetic-05-03,66,14.5569836,120.9904122,1769385747000,0.0
synthetic-05-03,67,14.5569221,120.9902357,1769385749000,0.0
synthetic-05-03,68,14.5568605,120.9900592,1769385751000,0.0
synthetic-05-03,69,14.5567988,120.9898828,1769385753000,0.0
synthetic-05-03,70,14.5567371,120.9897063,1769385755000,0.0
synthetic-05-03,71,14.5566755,120.9895298,1769385757000,0.0
synthetic-05-03,72,14.5566126,120.9893537,1769385759000,0.0
synthetic-05-03,73,14.5565485,120.9891782,1769385761000,0.0
synthetic-05-03,74,14.5564871,120.9890016,1769385763000,0.0
synthetic-05-03,75,14.5564268,120.9888247,1769385765000,0.0
synthetic-05-03,76,14.5563664,120.9886477,1769385767000,0.0
synthetic-05-03,77,14.5563058,120.9884709,1769385769000,0.0
synthetic-05-03,78,14.5562983,120.9885152,1769385771000,0.0
synthetic-05-03,79,14.5561205,120.9885727,1769385773000,0.0
synthetic-05-03,80,14.5559426,120.9886302,1769385775000,0.0
synthetic-05-03,81,14.5557648,120.9886878,1769385777000,0.0
synthetic-05-03,82,14.5555869,120.9887453,1769385779000,0.0
synthetic-05-03,83,14.555409,120.9888028,1769385781000,0.0
synthetic-05-03,84,14.555231,120.98886,1769385783000,0.0
synthetic-05-03,85,14.5550532,120.9889175,1769385785000,0.0
synthetic-05-03,86,14.5548755,120.9889756,1769385787000,0.0
synthetic-05-03,87,14.5547486,120.9888676,1769385789000,0.0
synthetic-05-04,0,14.5633467,120.9988721,1769990415000,0.0
synthetic-05-04,1,14.5633042,120.9987736,1769990417000,0.0
synthetic-05-04,2,14.5632617,120.9986751,1769990419000,0.0
synthetic-05-04,3,14.5632192,120.9985765,1769990421000,0.0
synthetic-05-04,4,14.5631559,120.9985222,1769990423000,0.0
synthetic-05-04,5,14.5630528,120.9985523,1769990425000,0.0
synthetic-05-04,6,14.5629498,120.9985823,1769990427000,0.0
synthetic-05-04,7,14.5628468,120.9986123,1769990429000,0.0
synthetic-05-04,8,14.5627456,120.9986476,1769990431000,0.0
synthetic-05-04,9,14.562646,120.9986874,1769990433000,0.0
synthetic-05-04,10,14.5625463,120.9987272,1769990435000,0.0
synthetic-05-04,11,14.5624467,120.998767,1769990437000,0.0
synthetic-05-04,12,14.5623484,120.99881,1769990439000,0.0
synthetic-05-04,13,14.5622514,120.9988558,1769990441000,0.0
synthetic-05-04,14,14.5621544,120.9989017,1769990443000,0.0
synthetic-05-04,15,14.5620597,120.9989513,1769990445000,0.0
synthetic-05-04,16,14.5619803,120.9990231,1769990447000,0.0
synthetic-05-04,17,14.5620053,120.9990994,1769990449000,0.0
synthetic-05-04,18,14.5620816,120.9991749,1769990451000,0.0
synthetic-05-04,19,14.5621578,120.9992504,1769990453000,0.0
synthetic-05-04,20,14.562234,120.9993259,1769990455000,0.0
synthetic-05-04,21,14.5623103,120.9994015,1769990457000,0.0
synthetic-05-04,22,14.5623865,120.999477,1769990459000,0.0
synthetic-05-04,23,14.5624627,120.9995525,1769990461000,0.0
synthetic-05-04,24,14.562539,120.999628,1769990463000,0.0
synthetic-05-04,25,14.5626152,120.9997035,1769990465000,0.0
synthetic-05-04,26,14.5626914,120.999779,1769990467000,0.0
synthetic-05-04,27,14.5627677,120.9998545,1769990469000,0.0
synthetic-05-04,28,14.5628431,120.9999308,1769990471000,0.0
synthetic-05-04,29,14.5629124,121.0000127,1769990473000,0.0
synthetic-05-04,30,14.5629816,121.0000947,1769990475000,0.0
synthetic-05-04,31,14.5630509,121.0001766,1769990477000,0.0
synthetic-05-04,32,14.5631259,121.0002532,1769990479000,0.0
synthetic-05-04,33,14.5632043,121.0003264,1769990481000,0.0
synthetic-05-04,34,14.5632827,121.0003996,1769990483000,0.0
synthetic-05-04,35,14.5633602,121.0004738,1769990485000,0.0
synthetic-05-04,36,14.5634341,121.0005516,1769990487000,0.0
synthetic-05-04,37,14.5635081,121.0006293,1769990489000,0.0
synthetic-05-04,38,14.563582,121.0007071,1769990491000,0.0
synthetic-05-04,39,14.5636569,121.0007839,1769990493000,0.0
synthetic-05-04,40,14.5637329,121.0008596,1769990495000,0.0
synthetic-05-04,41,14.5638089,121.0009354,1769990497000,0.0
synthetic-05-04,42,14.5638857,121.0010103,1769990499000,0.0
synthetic-05-04,43,14.5639631,121.0010847,1769990501000,0.0
synthetic-05-04,44,14.5640404,121.001159,1769990503000,0.0
synthetic-05-04,45,14.5641178,121.0012334,1769990505000,0.0
synthetic-05-05,0,14.5609964,120.9955721,1770595215000,0.0
synthetic-05-05,1,14.5611655,120.9955722,1770595217000,0.0
synthetic-05-05,2,14.5613642,120.9955236,1770595219000,0.0
synthetic-05-05,3,14.5615629,120.995475,1770595221000,0.0
synthetic-05-05,4,14.5617616,120.9954264,1770595223000,0.0
synthetic-05-05,5,14.5619603,120.9953778,1770595225000,0.0
synthetic-05-05,6,14.5621591,120.9953292,1770595227000,0.0
synthetic-05-05,7,14.5623577,120.9952802,1770595229000,0.0
synthetic-05-05,8,14.5625583,120.9952428,1770595231000,0.0
synthetic-05-05,9,14.5625787,120.9951036,1770595233000,0.0
synthetic-05-05,10,14.5623844,120.9951676,1770595235000,0.0
synthetic-05-05,11,14.5621873,120.995222,1770595237000,0.0
synthetic-05-05,12,14.5619892,120.9952733,1770595239000,0.0
synthetic-05-05,13,14.5617912,120.9953246,1770595241000,0.0
synthetic-05-05,14,14.5615932,120.9953759,1770595243000,0.0
synthetic-05-05,15,14.5613951,120.9954272,1770595245000,0.0
synthetic-05-05,16,14.5611971,120.9954786,1770595247000,0.0
synthetic-05-05,17,14.560999,120.9955299,1770595249000,0.0
synthetic-05-05,18,14.5608782,120.9955581,1770595251000,0.0
synthetic-05-05,19,14.5606786,120.9956033,1770595253000,0.0
synthetic-05-05,20,14.5604789,120.9956477,1770595255000,0.0
synthetic-05-05,21,14.5602792,120.9956922,1770595257000,0.0
synthetic-05-05,22,14.5601782,120.9956979,1770595259000,0.0
synthetic-05-05,23,14.5601467,120.9954957,1770595261000,0.0
synthetic-05-05,24,14.5601153,120.9952936,1770595263000,0.0
synthetic-05-05,25,14.5600841,120.9950914,1770595265000,0.0
synthetic-05-05,26,14.5600531,120.9948892,1770595267000,0.0
synthetic-05-05,27,14.560018,120.9946876,1770595269000,0.0
synthetic-05-05,28,14.5599832,120.994486,1770595271000,0.0
synthetic-05-05,29,14.5599496,120.9942842,1770595273000,0.0
synthetic-05-05,30,14.5599159,120.9940824,1770595275000,0.0
synthetic-05-05,31,14.5598823,120.9938807,1770595277000,0.0
synthetic-05-05,32,14.5598486,120.9936789,1770595279000,0.0
synthetic-05-05,33,14.5598149,120.9934771,1770595281000,0.0
synthetic-05-05,34,14.5597813,120.9932753,1770595283000,0.0
synthetic-05-05,35,14.5597476,120.9930735,1770595285000,0.0
synthetic-05-05,36,14.5596403,120.9929985,1770595287000,0.0
synthetic-05-05,37,14.5594471,120.9930658,1770595289000,0.0
synthetic-05-05,38,14.5592531,120.9931305,1770595291000,0.0
synthetic-05-05,39,14.5590569,120.9931885,1770595293000,0.0
synthetic-05-05,40,14.5588597,120.9932429,1770595295000,0.0
synthetic-05-05,41,14.5586619,120.9932952,1770595297000,0.0
synthetic-05-05,42,14.5584621,120.993339,1770595299000,0.0
synthetic-05-05,43,14.5582623,120.9933828,1770595301000,0.0
synthetic-05-05,44,14.5580625,120.993427,1770595303000,0.0
synthetic-05-05,45,14.5579662,120.9932929,1770595305000,0.0
synthetic-05-05,46,14.557906,120.9930974,1770595307000,0.0
synthetic-05-05,47,14.5578471,120.9929014,1770595309000,0.0
synthetic-05-05,48,14.5577877,120.9927057,1770595311000,0.0
synthetic-05-05,49,14.557728,120.99251,1770595313000,0.0
synthetic-05-05,50,14.5576682,120.9923144,1770595315000,0.0
synthetic-05-05,51,14.5576084,120.9921187,1770595317000,0.0
synthetic-05-05,52,14.5575487,120.9919231,1770595319000,0.0
synthetic-05-05,53,14.5574889,120.9917274,1770595321000,0.0
synthetic-05-05,54,14.5574291,120.9915318,1770595323000,0.0
synthetic-05-05,55,14.5573693,120.9913361,1770595325000,0.0
synthetic-05-05,56,14.5573096,120.9911405,1770595327000,0.0
synthetic-05-05,57,14.5572498,120.9909448,1770595329000,0.0
synthetic-05-05,58,14.55719,120.9907492,1770595331000,0.0
synthetic-05-05,59,14.5570719,120.9906654,1770595333000,0.0
synthetic-05-05,60,14.5570046,120.9904722,1770595335000,0.0
synthetic-05-05,61,14.5569372,120.990279,1770595337000,0.0
synthetic-05-05,62,14.5568698,120.9900859,1770595339000,0.0
synthetic-05-05,63,14.5568023,120.9898928,1770595341000,0.0
synthetic-05-05,64,14.5567348,120.9896996,1770595343000,0.0
synthetic-05-05,65,14.5566673,120.9895065,1770595345000,0.0
synthetic-05-05,66,14.5565981,120.989314,1770595347000,0.0
synthetic-05-05,67,14.5565281,120.9891218,1770595349000,0.0
synthetic-05-05,68,14.5564621,120.9889282,1770595351000,0.0
synthetic-05-05,69,14.556396,120.9887345,1770595353000,0.0
synthetic-05-05,70,14.55633,120.9885409,1770595355000,0.0
synthetic-05-05,71,14.5563074,120.9884756,1770595357000,0.0
synthetic-05-05,72,14.5561574,120.9885608,1770595359000,0.0
synthetic-05-05,73,14.5559628,120.9886237,1770595361000,0.0
synthetic-05-05,74,14.5557681,120.9886867,1770595363000,0.0
synthetic-05-05,75,14.5555735,120.9887497,1770595365000,0.0
synthetic-05-05,76,14.5553788,120.9888125,1770595367000,0.0
synthetic-05-05,77,14.555184,120.9888751,1770595369000,0.0
synthetic-05-05,78,14.5549895,120.9889383,1770595371000,0.0
synthetic-05-05,79,14.5548114,120.9889484,1770595373000,0.0
synthetic-05-06,0,14.5643695,120.9943615,1771210815000,0.0
synthetic-05-06,1,14.5642528,120.9943351,1771210817000,0.0
synthetic-05-06,2,14.5640969,120.9944073,1771210819000,0.0
synthetic-05-06,3,14.5639412,120.9944797,1771210821000,0.0
synthetic-05-06,4,14.5637869,120.9945552,1771210823000,0.0
synthetic-05-06,5,14.5636336,120.9946327,1771210825000,0.0
synthetic-05-06,6,14.563479,120.9947073,1771210827000,0.0
synthetic-05-06,7,14.5633233,120.9947799,1771210829000,0.0
synthetic-05-06,8,14.5631672,120.9948517,1771210831000,0.0
synthetic-05-06,9,14.5630118,120.9949249,1771210833000,0.0
synthetic-05-06,10,14.5628564,120.994998,1771210835000,0.0
synthetic-05-06,11,14.562701,120.9950711,1771210837000,0.0
synthetic-05-06,12,14.5625989,120.9951651,1771210839000,0.0
synthetic-05-06,13,14.5626002,120.9951391,1771210841000,0.0
synthetic-05-06,14,14.5624803,120.995136,1771210843000,0.0
synthetic-05-06,15,14.5623168,120.9951884,1771210845000,0.0
synthetic-05-06,16,14.5621505,120.9952315,1771210847000,0.0
synthetic-05-06,17,14.5619843,120.9952746,1771210849000,0.0
synthetic-05-06,18,14.561818,120.9953177,1771210851000,0.0
synthetic-05-06,19,14.5616517,120.9953608,1771210853000,0.0
synthetic-05-06,20,14.5614854,120.9954038,1771210855000,0.0
synthetic-05-06,21,14.5613192,120.9954469,1771210857000,0.0
synthetic-05-06,22,14.5611529,120.99549,1771210859000,0.0
synthetic-05-06,23,14.5609871,120.9955334,1771210861000,0.0
synthetic-05-06,24,14.5608976,120.9955536,1771210863000,0.0
synthetic-05-06,25,14.5607301,120.9955918,1771210865000,0.0
synthetic-05-06,26,14.5605625,120.9956291,1771210867000,0.0
synthetic-05-06,27,14.5603948,120.9956664,1771210869000,0.0
synthetic-05-06,28,14.5602271,120.9957038,1771210871000,0.0
synthetic-05-06,29,14.560175,120.9956775,1771210873000,0.0
synthetic-05-06,30,14.5601486,120.9955078,1771210875000,0.0
synthetic-05-06,31,14.5601222,120.995338,1771210877000,0.0
synthetic-05-06,32,14.5600959,120.9951683,1771210879000,0.0
synthetic-05-06,33,14.5600699,120.9949985,1771210881000,0.0
synthetic-05-06,34,14.5600426,120.9948289,1771210883000,0.0
synthetic-05-06,35,14.5600131,120.9946597,1771210885000,0.0
synthetic-05-06,36,14.559984,120.9944904,1771210887000,0.0
synthetic-05-06,37,14.5599557,120.994321,1771210889000,0.0
synthetic-05-06,38,14.5599275,120.9941516,1771210891000,0.0
synthetic-05-06,39,14.5598992,120.9939822,1771210893000,0.0
synthetic-05-06,40,14.5598709,120.9938127,1771210895000,0.0
synthetic-05-06,41,14.5598427,120.9936433,1771210897000,0.0
synthetic-05-06,42,14.5598144,120.9934739,1771210899000,0.0
synthetic-05-06,43,14.5597861,120.9933045,1771210901000,0.0
synthetic-05-06,44,14.5597579,120.993135,1771210903000,0.0
synthetic-05-06,45,14.5597296,120.9929656,1771210905000,0.0
synthetic-05-07,0,14.570849,120.9935069,1771815615000,0.0
synthetic-05-07,1,14.5708248,120.993443,1771815617000,0.0
synthetic-05-07,2,14.5708005,120.993379,1771815619000,0.0
synthetic-05-07,3,14.5707763,120.9933151,1771815621000,0.0
synthetic-05-07,4,14.5707521,120.9932511,1771815623000,0.0
synthetic-05-07,5,14.5707279,120.9931872,1771815625000,0.0
synthetic-05-07,6,14.5707036,120.9931233,1771815627000,0.0
synthetic-05-07,7,14.5706794,120.9930593,1771815629000,0.0
synthetic-05-07,8,14.5706552,120.9929954,1771815631000,0.0
synthetic-05-07,9,14.5706309,120.9929315,1771815633000,0.0
synthetic-05-07,10,14.5706067,120.9928675,1771815635000,0.0
synthetic-05-07,11,14.5705825,120.9928036,1771815637000,0.0
synthetic-05-07,12,14.5705583,120.9927396,1771815639000,0.0
synthetic-05-07,13,14.570534,120.9926757,1771815641000,0.0
synthetic-05-07,14,14.5705098,120.9926117,1771815643000,0.0
synthetic-05-07,15,14.5704856,120.9925478,1771815645000,0.0
synthetic-05-07,16,14.5704614,120.9924838,1771815647000,0.0
synthetic-05-07,17,14.5705125,120.9924479,1771815649000,0.0
synthetic-05-07,18,14.5705725,120.9924152,1771815651000,0.0
synthetic-05-07,19,14.5706326,120.9923826,1771815653000,0.0
synthetic-05-07,20,14.5706927,120.99235,1771815655000,0.0
synthetic-05-07,21,14.5707528,120.9923174,1771815657000,0.0
synthetic-05-07,22,14.5708129,120.9922847,1771815659000,0.0
synthetic-05-07,23,14.570873,120.9922521,1771815661000,0.0
synthetic-05-07,24,14.5709331,120.9922195,1771815663000,0.0
synthetic-05-07,25,14.5709931,120.9921867,1771815665000,0.0
synthetic-05-07,26,14.5710529,120.9921535,1771815667000,0.0
synthetic-05-07,27,14.5710874,120.9921182,1771815669000,0.0
synthetic-05-07,28,14.5710339,120.9920755,1771815671000,0.0
synthetic-05-07,29,14.5709803,120.9920331,1771815673000,0.0
synthetic-05-07,30,14.5709262,120.9919913,1771815675000,0.0
synthetic-05-07,31,14.5708724,120.9919491,1771815677000,0.0
synthetic-05-07,32,14.5708193,120.991906,1771815679000,0.0
synthetic-05-07,33,14.5707662,120.9918629,1771815681000,0.0
synthetic-05-07,34,14.5707132,120.9918198,1771815683000,0.0
synthetic-05-07,35,14.5706555,120.9917838,1771815685000,0.0
synthetic-05-07,36,14.5705943,120.9917533,1771815687000,0.0
synthetic-05-07,37,14.5705331,120.9917229,1771815689000,0.0
synthetic-05-07,38,14.5704718,120.9916925,1771815691000,0.0
synthetic-05-07,39,14.5704117,120.9916611,1771815693000,0.0
synthetic-05-07,40,14.5703905,120.9915961,1771815695000,0.0
synthetic-05-07,41,14.5704003,120.9915437,1771815697000,0.0
synthetic-05-07,42,14.5704608,120.9915119,1771815699000,0.0
synthetic-05-07,43,14.5705213,120.99148,1771815701000,0.0
synthetic-05-07,44,14.5705818,120.9914482,1771815703000,0.0
synthetic-05-07,45,14.5706423,120.9914163,1771815705000,0.0
synthetic-05-08,0,14.5643695,120.9943615,1772420415000,0.0
synthetic-05-08,1,14.5644197,120.9944202,1772420417000,0.0
synthetic-05-08,2,14.5645084,120.9943787,1772420419000,0.0
synthetic-05-08,3,14.5645966,120.9943361,1772420421000,0.0
synthetic-05-08,4,14.5646848,120.9942935,1772420423000,0.0
synthetic-05-08,5,14.5647729,120.9942509,1772420425000,0.0
synthetic-05-08,6,14.5648611,120.9942083,1772420427000,0.0
synthetic-05-08,7,14.5649493,120.9941658,1772420429000,0.0
synthetic-05-08,8,14.5650375,120.9941232,1772420431000,0.0
synthetic-05-08,9,14.5651257,120.9940806,1772420433000,0.0
synthetic-05-08,10,14.565215,120.9940405,1772420435000,0.0
synthetic-05-08,11,14.5653044,120.9940005,1772420437000,0.0
synthetic-05-08,12,14.5653459,120.9939453,1772420439000,0.0
synthetic-05-08,13,14.5653537,120.9939591,1772420441000,0.0
synthetic-05-08,14,14.5654358,120.9939438,1772420443000,0.0
synthetic-05-08,15,14.5655258,120.9939051,1772420445000,0.0
synthetic-05-08,16,14.5656144,120.9938633,1772420447000,0.0
synthetic-05-08,17,14.5657026,120.9938209,1772420449000,0.0
synthetic-05-08,18,14.5657796,120.99381,1772420451000,0.0
synthetic-05-08,19,14.5658191,120.9938996,1772420453000,0.0
synthetic-05-08,20,14.5658582,120.9939894,1772420455000,0.0
synthetic-05-08,21,14.5658973,120.9940792,1772420457000,0.0
synthetic-05-08,22,14.5659364,120.994169,1772420459000,0.0
synthetic-05-08,23,14.5659754,120.9942588,1772420461000,0.0
synthetic-05-08,24,14.5660145,120.9943486,1772420463000,0.0
synthetic-05-08,25,14.5660536,120.9944384,1772420465000,0.0
synthetic-05-08,26,14.5660927,120.9945282,1772420467000,0.0
synthetic-05-08,27,14.5661727,120.9945095,1772420469000,0.0
synthetic-05-08,28,14.5662614,120.994468,1772420471000,0.0
synthetic-05-08,29,14.5663499,120.9944259,1772420473000,0.0
synthetic-05-08,30,14.5664382,120.9943835,1772420475000,0.0
synthetic-05-08,31,14.5665264,120.9943411,1772420477000,0.0
synthetic-05-08,32,14.5666146,120.9942986,1772420479000,0.0
synthetic-05-08,33,14.5667028,120.994256,1772420481000,0.0
synthetic-05-08,34,14.5667911,120.9942135,1772420483000,0.0
synthetic-05-08,35,14.5668794,120.9941712,1772420485000,0.0
synthetic-05-08,36,14.5669678,120.9941292,1772420487000,0.0
synthetic-05-08,37,14.5670563,120.9940872,1772420489000,0.0
synthetic-05-08,38,14.5671448,120.9940452,1772420491000,0.0
synthetic-05-08,39,14.5672332,120.9940032,1772420493000,0.0
synthetic-05-08,40,14.5673221,120.993962,1772420495000,0.0
synthetic-05-08,41,14.5674111,120.9939212,1772420497000,0.0
synthetic-05-08,42,14.5675001,120.9938803,1772420499000,0.0
synthetic-05-08,43,14.5675891,120.9938394,1772420501000,0.0
synthetic-05-08,44,14.5676781,120.9937986,1772420503000,0.0
synthetic-05-08,45,14.5677671,120.9937577,1772420505000,0.0
synthetic-05-09,0,14.5587681,120.996085,1773025215000,0.0
synthetic-05-09,1,14.5588512,120.996111,1773025217000,0.0
synthetic-05-09,2,14.5589689,120.9960838,1773025219000,0.0
synthetic-05-09,3,14.5590865,120.9960567,1773025221000,0.0
synthetic-05-09,4,14.5592041,120.9960296,1773025223000,0.0
synthetic-05-09,5,14.5593218,120.9960025,1773025225000,0.0
synthetic-05-09,6,14.5594394,120.9959754,1773025227000,0.0
synthetic-05-09,7,14.559557,120.9959483,1773025229000,0.0
synthetic-05-09,8,14.5596746,120.995921,1773025231000,0.0
synthetic-05-09,9,14.5597922,120.9958937,1773025233000,0.0
synthetic-05-09,10,14.5599098,120.9958664,1773025235000,0.0
synthetic-05-09,11,14.5600274,120.9958391,1773025237000,0.0
synthetic-05-09,12,14.560145,120.9958119,1773025239000,0.0
synthetic-05-09,13,14.5601856,120.9957361,1773025241000,0.0
synthetic-05-09,14,14.5601656,120.995617,1773025243000,0.0
synthetic-05-09,15,14.5601471,120.9954978,1773025245000,0.0
synthetic-05-09,16,14.5601285,120.9953785,1773025247000,0.0
synthetic-05-09,17,14.56011,120.9952592,1773025249000,0.0
synthetic-05-09,18,14.5600915,120.9951399,1773025251000,0.0
synthetic-05-09,19,14.5600733,120.9950206,1773025253000,0.0
synthetic-05-09,20,14.560055,120.9949012,1773025255000,0.0
synthetic-05-09,21,14.5600345,120.9947823,1773025257000,0.0
synthetic-05-09,22,14.5600137,120.9946634,1773025259000,0.0
synthetic-05-09,23,14.5599931,120.9945444,1773025261000,0.0
synthetic-05-09,24,14.5600959,120.994499,1773025263000,0.0
synthetic-05-09,25,14.5602102,120.9944601,1773025265000,0.0
synthetic-05-09,26,14.5603163,120.9944025,1773025267000,0.0
synthetic-05-09,27,14.5604223,120.9943449,1773025269000,0.0
synthetic-05-09,28,14.5605284,120.9942872,1773025271000,0.0
synthetic-05-09,29,14.5606345,120.9942296,1773025273000,0.0
synthetic-05-09,30,14.5607405,120.9941719,1773025275000,0.0
synthetic-05-09,31,14.5608466,120.9941143,1773025277000,0.0
synthetic-05-09,32,14.5609524,120.9940562,1773025279000,0.0
synthetic-05-09,33,14.5610579,120.9939974,1773025281000,0.0
synthetic-05-09,34,14.5611616,120.9939357,1773025283000,0.0
synthetic-05-09,35,14.5612254,120.9938469,1773025285000,0.0
synthetic-05-09,36,14.5612184,120.9938952,1773025287000,0.0
synthetic-05-09,37,14.5612719,120.9940021,1773025289000,0.0
synthetic-05-09,38,14.5613312,120.9941072,1773025291000,0.0
synthetic-05-09,39,14.561407,120.9941998,1773025293000,0.0
synthetic-05-09,40,14.5614892,120.9941456,1773025295000,0.0
synthetic-05-09,41,14.5614876,120.9940559,1773025297000,0.0
synthetic-05-09,42,14.5614096,120.9939638,1773025299000,0.0
synthetic-05-09,43,14.561341,120.9938645,1773025301000,0.0
synthetic-05-09,44,14.5612841,120.9937582,1773025303000,0.0
synthetic-05-09,45,14.5612306,120.9938113,1773025305000,0.0
synthetic-05-10,0,14.5618298,120.9968042,1773630015000,0.0
synthetic-05-10,1,14.5617189,120.9968457,1773630017000,0.0
synthetic-05-10,2,14.561608,120.9968871,1773630019000,0.0
synthetic-05-10,3,14.5614971,120.9969286,1773630021000,0.0
synthetic-05-10,4,14.5613862,120.9969701,1773630023000,0.0
synthetic-05-10,5,14.5612753,120.9970115,1773630025000,0.0
synthetic-05-10,6,14.5611639,120.9970515,1773630027000,0.0
synthetic-05-10,7,14.5610525,120.9970917,1773630029000,0.0
synthetic-05-10,8,14.5609412,120.9971319,1773630031000,0.0
synthetic-05-10,9,14.5608298,120.9971722,1773630033000,0.0
synthetic-05-10,10,14.5607184,120.9972121,1773630035000,0.0
synthetic-05-10,11,14.5606068,120.9972517,1773630037000,0.0
synthetic-05-10,12,14.5604952,120.9972914,1773630039000,0.0
synthetic-05-10,13,14.5603841,120.9973322,1773630041000,0.0
synthetic-05-10,14,14.5602731,120.9973735,1773630043000,0.0
synthetic-05-10,15,14.5601617,120.9974136,1773630045000,0.0
synthetic-05-10,16,14.5600505,120.9974542,1773630047000,0.0
synthetic-05-10,17,14.5599393,120.9974948,1773630049000,0.0
synthetic-05-10,18,14.5598285,120.9975366,1773630051000,0.0
synthetic-05-10,19,14.5597187,120.9975809,1773630053000,0.0
synthetic-05-10,20,14.559609,120.9976253,1773630055000,0.0
synthetic-05-10,21,14.5594972,120.9976636,1773630057000,0.0
synthetic-05-10,22,14.5593825,120.997693,1773630059000,0.0
synthetic-05-10,23,14.5592678,120.9977224,1773630061000,0.0
synthetic-05-10,24,14.5591531,120.9977518,1773630063000,0.0
synthetic-05-10,25,14.5590384,120.9977812,1773630065000,0.0
synthetic-05-10,26,14.5589237,120.9978106,1773630067000,0.0
synthetic-05-10,27,14.5588091,120.99784,1773630069000,0.0
synthetic-05-10,28,14.5586944,120.9978695,1773630071000,0.0
synthetic-05-10,29,14.5585824,120.9979078,1773630073000,0.0
synthetic-05-10,30,14.5584706,120.9979469,1773630075000,0.0
synthetic-05-10,31,14.5583589,120.997986,1773630077000,0.0
synthetic-05-10,32,14.5582471,120.9980251,1773630079000,0.0
synthetic-05-10,33,14.5581354,120.9980642,1773630081000,0.0
synthetic-05-10,34,14.5580236,120.9981033,1773630083000,0.0
synthetic-05-10,35,14.5579119,120.9981424,1773630085000,0.0
synthetic-05-10,36,14.5578001,120.9981815,1773630087000,0.0
synthetic-05-10,37,14.5576866,120.9982151,1773630089000,0.0
synthetic-05-10,38,14.5575725,120.9982467,1773630091000,0.0
synthetic-05-10,39,14.5574584,120.9982783,1773630093000,0.0
synthetic-05-10,40,14.5573443,120.9983099,1773630095000,0.0
synthetic-05-10,41,14.5572302,120.9983415,1773630097000,0.0
synthetic-05-10,42,14.5571161,120.9983732,1773630099000,0.0
synthetic-05-10,43,14.557002,120.9984048,1773630101000,0.0
synthetic-05-10,44,14.5568879,120.9984364,1773630103000,0.0
synthetic-05-10,45,14.5567732,120.9984653,1773630105000,0.0
synthetic-05-11,0,14.5643695,120.9943615,1774234815000,0.0
synthetic-05-11,1,14.5642528,120.9943351,1774234817000,0.0
synthetic-05-11,2,14.5640969,120.9944073,1774234819000,0.0
synthetic-05-11,3,14.5639412,120.9944797,1774234821000,0.0
synthetic-05-11,4,14.5637869,120.9945552,1774234823000,0.0
synthetic-05-11,5,14.5636336,120.9946327,1774234825000,0.0
synthetic-05-11,6,14.563479,120.9947073,1774234827000,0.0
synthetic-05-11,7,14.5633233,120.9947799,1774234829000,0.0
synthetic-05-11,8,14.5631672,120.9948517,1774234831000,0.0
synthetic-05-11,9,14.5630118,120.9949249,1774234833000,0.0
synthetic-05-11,10,14.5628564,120.994998,1774234835000,0.0
synthetic-05-11,11,14.562701,120.9950711,1774234837000,0.0
synthetic-05-11,12,14.5625989,120.9951651,1774234839000,0.0
synthetic-05-11,13,14.5626002,120.9951391,1774234841000,0.0
synthetic-05-11,14,14.5624803,120.995136,1774234843000,0.0
synthetic-05-11,15,14.5623168,120.9951884,1774234845000,0.0
synthetic-05-11,16,14.5621505,120.9952315,1774234847000,0.0
synthetic-05-11,17,14.5619843,120.9952746,1774234849000,0.0
synthetic-05-11,18,14.561818,120.9953177,1774234851000,0.0
synthetic-05-11,19,14.5616517,120.9953608,1774234853000,0.0
synthetic-05-11,20,14.5614854,120.9954038,1774234855000,0.0
synthetic-05-11,21,14.5613192,120.9954469,1774234857000,0.0
synthetic-05-11,22,14.5611529,120.99549,1774234859000,0.0
synthetic-05-11,23,14.5609871,120.9955334,1774234861000,0.0
synthetic-05-11,24,14.5608976,120.9955536,1774234863000,0.0
synthetic-05-11,25,14.5607301,120.9955918,1774234865000,0.0
synthetic-05-11,26,14.5605625,120.9956291,1774234867000,0.0
synthetic-05-11,27,14.5603948,120.9956664,1774234869000,0.0
synthetic-05-11,28,14.5602271,120.9957038,1774234871000,0.0
synthetic-05-11,29,14.560175,120.9956775,1774234873000,0.0
synthetic-05-11,30,14.5601486,120.9955078,1774234875000,0.0
synthetic-05-11,31,14.5601222,120.995338,1774234877000,0.0
synthetic-05-11,32,14.5600959,120.9951683,1774234879000,0.0
synthetic-05-11,33,14.5600699,120.9949985,1774234881000,0.0
synthetic-05-11,34,14.5600426,120.9948289,1774234883000,0.0
synthetic-05-11,35,14.5600131,120.9946597,1774234885000,0.0
synthetic-05-11,36,14.559984,120.9944904,1774234887000,0.0
synthetic-05-11,37,14.5599557,120.994321,1774234889000,0.0
synthetic-05-11,38,14.5599275,120.9941516,1774234891000,0.0
synthetic-05-11,39,14.5598992,120.9939822,1774234893000,0.0
synthetic-05-11,40,14.5598709,120.9938127,1774234895000,0.0
synthetic-05-11,41,14.5598427,120.9936433,1774234897000,0.0
synthetic-05-11,42,14.5598144,120.9934739,1774234899000,0.0
synthetic-05-11,43,14.5597861,120.9933045,1774234901000,0.0
synthetic-05-11,44,14.5597579,120.993135,1774234903000,0.0
synthetic-05-11,45,14.5597296,120.9929656,1774234905000,0.0
synthetic-06-00,0,14.5609964,120.9955721,1767571218000,0.0
synthetic-06-00,1,14.5611442,120.9955773,1767571220000,0.0
synthetic-06-00,2,14.5613218,120.9955339,1767571222000,0.0
synthetic-06-00,3,14.5614993,120.9954905,1767571224000,0.0
synthetic-06-00,4,14.5616768,120.9954471,1767571226000,0.0
synthetic-06-00,5,14.5618543,120.9954037,1767571228000,0.0
synthetic-06-00,6,14.5620318,120.9953603,1767571230000,0.0
synthetic-06-00,7,14.5622093,120.9953169,1767571232000,0.0
synthetic-06-00,8,14.5623864,120.995272,1767571234000,0.0
synthetic-06-00,9,14.5625662,120.9952417,1767571236000,0.0
synthetic-06-00,10,14.5625918,120.9950993,1767571238000,0.0
synthetic-06-00,11,14.5624182,120.9951565,1767571240000,0.0
synthetic-06-00,12,14.5622429,120.9952076,1767571242000,0.0
synthetic-06-00,13,14.562066,120.9952534,1767571244000,0.0
synthetic-06-00,14,14.5618891,120.9952992,1767571246000,0.0
synthetic-06-00,15,14.5617122,120.9953451,1767571248000,0.0
synthetic-06-00,16,14.5615353,120.9953909,1767571250000,0.0
synthetic-06-00,17,14.5613584,120.9954368,1767571252000,0.0
synthetic-06-00,18,14.5611815,120.9954826,1767571254000,0.0
synthetic-06-00,19,14.5610046,120.9955284,1767571256000,0.0
synthetic-06-00,20,14.560905,120.9955519,1767571258000,0.0
synthetic-06-00,21,14.5607269,120.9955925,1767571260000,0.0
synthetic-06-00,22,14.5605485,120.9956322,1767571262000,0.0
synthetic-06-00,23,14.5603701,120.9956719,1767571264000,0.0
synthetic-06-00,24,14.5601917,120.9957116,1767571266000,0.0
synthetic-06-00,25,14.5601678,120.9956309,1767571268000,0.0
synthetic-06-00,26,14.5601397,120.9954503,1767571270000,0.0
synthetic-06-00,27,14.5601116,120.9952697,1767571272000,0.0
synthetic-06-00,28,14.5600838,120.9950891,1767571274000,0.0
synthetic-06-00,29,14.5600561,120.9949085,1767571276000,0.0
synthetic-06-00,30,14.5600251,120.9947284,1767571278000,0.0
synthetic-06-00,31,14.5599937,120.9945484,1767571280000,0.0
synthetic-06-00,32,14.5599636,120.9943681,1767571282000,0.0
synthetic-06-00,33,14.5599335,120.9941879,1767571284000,0.0
synthetic-06-00,34,14.5599034,120.9940076,1767571286000,0.0
synthetic-06-00,35,14.5598734,120.9938274,1767571288000,0.0
synthetic-06-00,36,14.5598433,120.9936471,1767571290000,0.0
synthetic-06-00,37,14.5598132,120.9934669,1767571292000,0.0
synthetic-06-00,38,14.5597832,120.9932866,1767571294000,0.0
synthetic-06-00,39,14.5597531,120.9931064,1767571296000,0.0
synthetic-06-00,40,14.5596921,120.9929794,1767571298000,0.0
synthetic-06-00,41,14.5595201,120.9930413,1767571300000,0.0
synthetic-06-00,42,14.5593469,120.9930995,1767571302000,0.0
synthetic-06-00,43,14.5591726,120.9931543,1767571304000,0.0
synthetic-06-00,44,14.5589971,120.993205,1767571306000,0.0
synthetic-06-00,45,14.5588209,120.9932536,1767571308000,0.0
synthetic-06-00,46,14.558644,120.9932991,1767571310000,0.0
synthetic-06-00,47,14.5584655,120.9933383,1767571312000,0.0
synthetic-06-00,48,14.558287,120.9933774,1767571314000,0.0
synthetic-06-00,49,14.5581085,120.9934168,1767571316000,0.0
synthetic-06-00,50,14.5579867,120.9933587,1767571318000,0.0
synthetic-06-00,51,14.5579324,120.9931842,1767571320000,0.0
synthetic-06-00,52,14.5578796,120.9930093,1767571322000,0.0
synthetic-06-00,53,14.557827,120.9928343,1767571324000,0.0
synthetic-06-00,54,14.5577736,120.9926595,1767571326000,0.0
synthetic-06-00,55,14.5577202,120.9924848,1767571328000,0.0
synthetic-06-00,56,14.5576669,120.99231,1767571330000,0.0
synthetic-06-00,57,14.5576135,120.9921352,1767571332000,0.0
synthetic-06-00,58,14.5575601,120.9919605,1767571334000,0.0
synthetic-06-00,59,14.5575067,120.9917857,1767571336000,0.0
synthetic-06-00,60,14.5574533,120.9916109,1767571338000,0.0
synthetic-06-00,61,14.5573999,120.9914362,1767571340000,0.0
synthetic-06-00,62,14.5573465,120.9912614,1767571342000,0.0
synthetic-06-00,63,14.5572931,120.9910866,1767571344000,0.0
synthetic-06-00,64,14.5572397,120.9909119,1767571346000,0.0
synthetic-06-00,65,14.5571863,120.9907371,1767571348000,0.0
synthetic-06-00,66,14.557075,120.990674,1767571350000,0.0
synthetic-06-00,67,14.5570148,120.9905015,1767571352000,0.0
synthetic-06-00,68,14.5569546,120.9903289,1767571354000,0.0
synthetic-06-00,69,14.5568944,120.9901564,1767571356000,0.0
synthetic-06-00,70,14.5568341,120.9899839,1767571358000,0.0
synthetic-06-00,71,14.5567738,120.9898114,1767571360000,0.0
synthetic-06-00,72,14.5567135,120.9896389,1767571362000,0.0
synthetic-06-00,73,14.5566533,120.9894664,1767571364000,0.0
synthetic-06-00,74,14.556591,120.9892946,1767571366000,0.0
synthetic-06-00,75,14.5565285,120.9891229,1767571368000,0.0
synthetic-06-00,76,14.5564695,120.9889499,1767571370000,0.0
synthetic-06-00,77,14.5564105,120.988777,1767571372000,0.0
synthetic-06-00,78,14.5563515,120.988604,1767571374000,0.0
synthetic-06-00,79,14.5562919,120.9884312,1767571376000,0.0
synthetic-06-00,80,14.5562624,120.9885268,1767571378000,0.0
synthetic-06-00,81,14.5560885,120.988583,1767571380000,0.0
synthetic-06-00,82,14.5559146,120.9886393,1767571382000,0.0
synthetic-06-00,83,14.5557408,120.9886955,1767571384000,0.0
synthetic-06-00,84,14.5555669,120.9887518,1767571386000,0.0
synthetic-06-00,85,14.555393,120.9888079,1767571388000,0.0
synthetic-06-00,86,14.555219,120.9888638,1767571390000,0.0
synthetic-06-00,87,14.5550452,120.9889201,1767571392000,0.0
synthetic-06-00,88,14.5548715,120.9889769,1767571394000,0.0
synthetic-06-00,89,14.5547486,120.9888676,1767571396000,0.0
synthetic-06-01,0,14.5633467,120.9988721,1768176018000,0.0
synthetic-06-01,1,14.5633042,120.9987736,1768176020000,0.0
synthetic-06-01,2,14.5632617,120.9986751,1768176022000,0.0
synthetic-06-01,3,14.5632192,120.9985765,1768176024000,0.0
synthetic-06-01,4,14.5631559,120.9985222,1768176026000,0.0
synthetic-06-01,5,14.5630528,120.9985523,1768176028000,0.0
synthetic-06-01,6,14.5629498,120.9985823,1768176030000,0.0
synthetic-06-01,7,14.5628468,120.9986123,1768176032000,0.0
synthetic-06-01,8,14.5627456,120.9986476,1768176034000,0.0
synthetic-06-01,9,14.562646,120.9986874,1768176036000,0.0
synthetic-06-01,10,14.5625463,120.9987272,1768176038000,0.0
synthetic-06-01,11,14.5624467,120.998767,1768176040000,0.0
synthetic-06-01,12,14.5623484,120.99881,1768176042000,0.0
synthetic-06-01,13,14.5622514,120.9988558,1768176044000,0.0
synthetic-06-01,14,14.5621544,120.9989017,1768176046000,0.0
synthetic-06-01,15,14.5620597,120.9989513,1768176048000,0.0
synthetic-06-01,16,14.5619803,120.9990231,1768176050000,0.0
synthetic-06-01,17,14.5620053,120.9990994,1768176052000,0.0
synthetic-06-01,18,14.5620816,120.9991749,1768176054000,0.0
synthetic-06-01,19,14.5621578,120.9992504,1768176056000,0.0
synthetic-06-01,20,14.562234,120.9993259,1768176058000,0.0
synthetic-06-01,21,14.5623103,120.9994015,1768176060000,0.0
synthetic-06-01,22,14.5623865,120.999477,1768176062000,0.0
synthetic-06-01,23,14.5624627,120.9995525,1768176064000,0.0
synthetic-06-01,24,14.562539,120.999628,1768176066000,0.0
synthetic-06-01,25,14.5626152,120.9997035,1768176068000,0.0
synthetic-06-01,26,14.5626914,120.999779,1768176070000,0.0
synthetic-06-01,27,14.5627677,120.9998545,1768176072000,0.0
synthetic-06-01,28,14.5628431,120.9999308,1768176074000,0.0
synthetic-06-01,29,14.5629124,121.0000127,1768176076000,0.0
synthetic-06-01,30,14.5629816,121.0000947,1768176078000,0.0
synthetic-06-01,31,14.5630509,121.0001766,1768176080000,0.0
synthetic-06-01,32,14.5631259,121.0002532,1768176082000,0.0
synthetic-06-01,33,14.5632043,121.0003264,1768176084000,0.0
synthetic-06-01,34,14.5632827,121.0003996,1768176086000,0.0
synthetic-06-01,35,14.5633602,121.0004738,1768176088000,0.0
synthetic-06-01,36,14.5634341,121.0005516,1768176090000,0.0
synthetic-06-01,37,14.5635081,121.0006293,1768176092000,0.0
synthetic-06-01,38,14.563582,121.0007071,1768176094000,0.0
synthetic-06-01,39,14.5636569,121.0007839,1768176096000,0.0
synthetic-06-01,40,14.5637329,121.0008596,1768176098000,0.0
synthetic-06-01,41,14.5638089,121.0009354,1768176100000,0.0
synthetic-06-01,42,14.5638857,121.0010103,1768176102000,0.0
synthetic-06-01,43,14.5639631,121.0010847,1768176104000,0.0
synthetic-06-01,44,14.5640404,121.001159,1768176106000,0.0
synthetic-06-01,45,14.5641178,121.0012334,1768176108000,0.0
synthetic-06-02,0,14.5609964,120.9955721,1768780818000,0.0
synthetic-06-02,1,14.5611548,120.9955748,1768780820000,0.0
synthetic-06-02,2,14.5613429,120.9955288,1768780822000,0.0
synthetic-06-02,3,14.561531,120.9954828,1768780824000,0.0
synthetic-06-02,4,14.561719,120.9954368,1768780826000,0.0
synthetic-06-02,5,14.5619071,120.9953908,1768780828000,0.0
synthetic-06-02,6,14.5620952,120.9953448,1768780830000,0.0
synthetic-06-02,7,14.5622833,120.9952988,1768780832000,0.0
synthetic-06-02,8,14.5624713,120.9952541,1768780834000,0.0
synthetic-06-02,9,14.5625987,120.9951695,1768780836000,0.0
synthetic-06-02,10,14.5624885,120.9951333,1768780838000,0.0
synthetic-06-02,11,14.562304,120.9951917,1768780840000,0.0
synthetic-06-02,12,14.5621165,120.9952403,1768780842000,0.0
synthetic-06-02,13,14.5619291,120.9952889,1768780844000,0.0
synthetic-06-02,14,14.5617417,120.9953374,1768780846000,0.0
synthetic-06-02,15,14.5615543,120.995386,1768780848000,0.0
synthetic-06-02,16,14.5613668,120.9954346,1768780850000,0.0
synthetic-06-02,17,14.5611794,120.9954831,1768780852000,0.0
synthetic-06-02,18,14.560992,120.9955317,1768780854000,0.0
synthetic-06-02,19,14.5608817,120.9955573,1768780856000,0.0
synthetic-06-02,20,14.5606929,120.9956001,1768780858000,0.0
synthetic-06-02,21,14.5605039,120.9956422,1768780860000,0.0
synthetic-06-02,22,14.5603149,120.9956842,1768780862000,0.0
synthetic-06-02,23,14.5601874,120.9957444,1768780864000,0.0
synthetic-06-02,24,14.5601557,120.9955535,1768780866000,0.0
synthetic-06-02,25,14.560126,120.9953621,1768780868000,0.0
synthetic-06-02,26,14.5600963,120.9951708,1768780870000,0.0
synthetic-06-02,27,14.560067,120.9949794,1768780872000,0.0
synthetic-06-02,28,14.5600355,120.9947884,1768780874000,0.0
synthetic-06-02,29,14.5600023,120.9945977,1768780876000,0.0
synthetic-06-02,30,14.55997,120.9944067,1768780878000,0.0
synthetic-06-02,31,14.5599382,120.9942158,1768780880000,0.0
synthetic-06-02,32,14.5599063,120.9940248,1768780882000,0.0
synthetic-06-02,33,14.5598744,120.9938338,1768780884000,0.0
synthetic-06-02,34,14.5598426,120.9936428,1768780886000,0.0
synthetic-06-02,35,14.5598107,120.9934519,1768780888000,0.0
synthetic-06-02,36,14.5597789,120.9932609,1768780890000,0.0
synthetic-06-02,37,14.559747,120.9930699,1768780892000,0.0
synthetic-06-02,38,14.5596471,120.9929959,1768780894000,0.0
synthetic-06-02,39,14.5594645,120.99306,1768780896000,0.0
synthetic-06-02,40,14.5592809,120.9931217,1768780898000,0.0
synthetic-06-02,41,14.5590954,120.9931771,1768780900000,0.0
synthetic-06-02,42,14.558909,120.9932293,1768780902000,0.0
synthetic-06-02,43,14.5587223,120.9932808,1768780904000,0.0
synthetic-06-02,44,14.5585335,120.9933234,1768780906000,0.0
synthetic-06-02,45,14.5583443,120.9933648,1768780908000,0.0
synthetic-06-02,46,14.5581553,120.9934064,1768780910000,0.0
synthetic-06-02,47,14.5579977,120.993394,1768780912000,0.0
synthetic-06-02,48,14.5579401,120.9932092,1768780914000,0.0
synthetic-06-02,49,14.5578839,120.9930239,1768780916000,0.0
synthetic-06-02,50,14.5578282,120.9928385,1768780918000,0.0
synthetic-06-02,51,14.5577717,120.9926533,1768780920000,0.0
synthetic-06-02,52,14.5577152,120.9924681,1768780922000,0.0
synthetic-06-02,53,14.5576586,120.9922829,1768780924000,0.0
synthetic-06-02,54,14.557602,120.9920978,1768780926000,0.0
synthetic-06-02,55,14.5575455,120.9919126,1768780928000,0.0
synthetic-06-02,56,14.5574889,120.9917274,1768780930000,0.0
synthetic-06-02,57,14.5574323,120.9915423,1768780932000,0.0
synthetic-06-02,58,14.5573758,120.9913571,1768780934000,0.0
synthetic-06-02,59,14.5573192,120.9911719,1768780936000,0.0
synthetic-06-02,60,14.5572626,120.9909868,1768780938000,0.0
synthetic-06-02,61,14.557206,120.9908016,1768780940000,0.0
synthetic-06-02,62,14.5571012,120.9907116,1768780942000,0.0
synthetic-06-02,63,14.5570298,120.9905446,1768780944000,0.0
synthetic-06-02,64,14.5569661,120.9903618,1768780946000,0.0
synthetic-06-02,65,14.5569023,120.990179,1768780948000,0.0
synthetic-06-02,66,14.5568384,120.9899962,1768780950000,0.0
synthetic-06-02,67,14.5567745,120.9898134,1768780952000,0.0
synthetic-06-02,68,14.5567107,120.9896307,1768780954000,0.0
synthetic-06-02,69,14.5566469,120.9894479,1768780956000,0.0
synthetic-06-02,70,14.5565806,120.989266,1768780958000,0.0
synthetic-06-02,71,14.5565151,120.9890837,1768780960000,0.0
synthetic-06-02,72,14.5564526,120.9889005,1768780962000,0.0
synthetic-06-02,73,14.5563901,120.9887172,1768780964000,0.0
synthetic-06-02,74,14.5563276,120.988534,1768780966000,0.0
synthetic-06-02,75,14.5563062,120.9884722,1768780968000,0.0
synthetic-06-02,76,14.5561713,120.9885563,1768780970000,0.0
synthetic-06-02,77,14.5559871,120.9886159,1768780972000,0.0
synthetic-06-02,78,14.5558029,120.9886754,1768780974000,0.0
synthetic-06-02,79,14.5556187,120.9887351,1768780976000,0.0
synthetic-06-02,80,14.5554344,120.9887946,1768780978000,0.0
synthetic-06-02,81,14.5552501,120.9888539,1768780980000,0.0
synthetic-06-02,82,14.5550658,120.9889134,1768780982000,0.0
synthetic-06-02,83,14.5548818,120.9889735,1768780984000,0.0
synthetic-06-02,84,14.5547486,120.9888676,1768780986000,0.0
synthetic-06-03,0,14.5633467,120.9988721,1769385618000,0.0
synthetic-06-03,1,14.5633042,120.9987736,1769385620000,0.0
synthetic-06-03,2,14.5632617,120.9986751,1769385622000,0.0
synthetic-06-03,3,14.5632192,120.9985765,1769385624000,0.0
synthetic-06-03,4,14.5631559,120.9985222,1769385626000,0.0
synthetic-06-03,5,14.5630528,120.9985523,1769385628000,0.0
synthetic-06-03,6,14.5629498,120.9985823,1769385630000,0.0
synthetic-06-03,7,14.5628468,120.9986123,1769385632000,0.0
synthetic-06-03,8,14.5627456,120.9986476,1769385634000,0.0
synthetic-06-03,9,14.562646,120.9986874,1769385636000,0.0
synthetic-06-03,10,14.5625463,120.9987272,1769385638000,0.0
synthetic-06-03,11,14.5624467,120.998767,1769385640000,0.0
synthetic-06-03,12,14.5623484,120.99881,1769385642000,0.0
synthetic-06-03,13,14.5622514,120.9988558,1769385644000,0.0
synthetic-06-03,14,14.5621544,120.9989017,1769385646000,0.0
synthetic-06-03,15,14.5620597,120.9989513,1769385648000,0.0
synthetic-06-03,16,14.5619803,120.9990231,1769385650000,0.0
synthetic-06-03,17,14.5620053,120.9990994,1769385652000,0.0
synthetic-06-03,18,14.5620816,120.9991749,1769385654000,0.0
synthetic-06-03,19,14.5621578,120.9992504,1769385656000,0.0
synthetic-06-03,20,14.562234,120.9993259,1769385658000,0.0
synthetic-06-03,21,14.5623103,120.9994015,1769385660000,0.0
synthetic-06-03,22,14.5623865,120.999477,1769385662000,0.0
synthetic-06-03,23,14.5624627,120.9995525,1769385664000,0.0
synthetic-06-03,24,14.562539,120.999628,1769385666000,0.0
synthetic-06-03,25,14.5626152,120.9997035,1769385668000,0.0
synthetic-06-03,26,14.5626914,120.999779,1769385670000,0.0
synthetic-06-03,27,14.5627677,120.9998545,1769385672000,0.0
synthetic-06-03,28,14.5628431,120.9999308,1769385674000,0.0
synthetic-06-03,29,14.5629124,121.0000127,1769385676000,0.0
synthetic-06-03,30,14.5629816,121.0000947,1769385678000,0.0
synthetic-06-03,31,14.5630509,121.0001766,1769385680000,0.0
synthetic-06-03,32,14.5631259,121.0002532,1769385682000,0.0
synthetic-06-03,33,14.5632043,121.0003264,1769385684000,0.0
synthetic-06-03,34,14.5632827,121.0003996,1769385686000,0.0
synthetic-06-03,35,14.5633602,121.0004738,1769385688000,0.0
synthetic-06-03,36,14.5634341,121.0005516,1769385690000,0.0
synthetic-06-03,37,14.5635081,121.0006293,1769385692000,0.0
synthetic-06-03,38,14.563582,121.0007071,1769385694000,0.0
synthetic-06-03,39,14.5636569,121.0007839,1769385696000,0.0
synthetic-06-03,40,14.5637329,121.0008596,1769385698000,0.0
synthetic-06-03,41,14.5638089,121.0009354,1769385700000,0.0
synthetic-06-03,42,14.5638857,121.0010103,1769385702000,0.0
synthetic-06-03,43,14.5639631,121.0010847,1769385704000,0.0
synthetic-06-03,44,14.5640404,121.001159,1769385706000,0.0
synthetic-06-03,45,14.5641178,121.0012334,1769385708000,0.0
synthetic-06-04,0,14.5609964,120.9955721,1769990418000,0.0
synthetic-06-04,1,14.5611693,120.9955712,1769990420000,0.0
synthetic-06-04,2,14.5613718,120.9955217,1769990422000,0.0
synthetic-06-04,3,14.5615744,120.9954722,1769990424000,0.0
synthetic-06-04,4,14.5617769,120.9954226,1769990426000,0.0
synthetic-06-04,5,14.5619794,120.9953731,1769990428000,0.0
synthetic-06-04,6,14.562182,120.9953236,1769990430000,0.0
synthetic-06-04,7,14.5623842,120.9952727,1769990432000,0.0
synthetic-06-04,8,14.5625895,120.9952387,1769990434000,0.0
synthetic-06-04,9,14.5625451,120.9951147,1769990436000,0.0
synthetic-06-04,10,14.562347,120.9951799,1769990438000,0.0
synthetic-06-04,11,14.5621454,120.9952328,1769990440000,0.0
synthetic-06-04,12,14.5619435,120.9952851,1769990442000,0.0
synthetic-06-04,13,14.5617417,120.9953374,1769990444000,0.0
synthetic-06-04,14,14.5615398,120.9953897,1769990446000,0.0
synthetic-06-04,15,14.561338,120.995442,1769990448000,0.0
synthetic-06-04,16,14.5611361,120.9954944,1769990450000,0.0
synthetic-06-04,17,14.5609931,120.9955583,1769990452000,0.0
synthetic-06-04,18,14.5608091,120.995574,1769990454000,0.0
synthetic-06-04,19,14.5606057,120.9956195,1769990456000,0.0
synthetic-06-04,20,14.5604021,120.9956648,1769990458000,0.0
synthetic-06-04,21,14.5601986,120.9957101,1769990460000,0.0
synthetic-06-04,22,14.5601649,120.9956123,1769990462000,0.0
synthetic-06-04,23,14.5601328,120.9954063,1769990464000,0.0
synthetic-06-04,24,14.5601008,120.9952003,1769990466000,0.0
synthetic-06-04,25,14.5600692,120.9949942,1769990468000,0.0
synthetic-06-04,26,14.5600355,120.9947884,1769990470000,0.0
synthetic-06-04,27,14.5599997,120.994583,1769990472000,0.0
synthetic-06-04,28,14.5599651,120.9943774,1769990474000,0.0
synthetic-06-04,29,14.5599308,120.9941717,1769990476000,0.0
synthetic-06-04,30,14.5598965,120.993966,1769990478000,0.0
synthetic-06-04,31,14.5598622,120.9937604,1769990480000,0.0
synthetic-06-04,32,14.5598279,120.9935547,1769990482000,0.0
synthetic-06-04,33,14.5597936,120.993349,1769990484000,0.0
synthetic-06-04,34,14.5597593,120.9931434,1769990486000,0.0
synthetic-06-04,35,14.559703,120.9929754,1769990488000,0.0
synthetic-06-04,36,14.5595068,120.9930458,1769990490000,0.0
synthetic-06-04,37,14.5593092,120.9931122,1769990492000,0.0
synthetic-06-04,38,14.5591097,120.9931729,1769990494000,0.0
synthetic-06-04,39,14.558909,120.9932293,1769990496000,0.0
synthetic-06-04,40,14.558708,120.9932847,1769990498000,0.0
synthetic-06-04,41,14.5585044,120.9933298,1769990500000,0.0
synthetic-06-04,42,14.5583007,120.9933743,1769990502000,0.0
synthetic-06-04,43,14.5580971,120.9934193,1769990504000,0.0
synthetic-06-04,44,14.5579755,120.9933229,1769990506000,0.0
synthetic-06-04,45,14.5579139,120.9931237,1769990508000,0.0
synthetic-06-04,46,14.5578539,120.9929241,1769990510000,0.0
synthetic-06-04,47,14.5577935,120.9927245,1769990512000,0.0
synthetic-06-04,48,14.5577326,120.9925251,1769990514000,0.0
synthetic-06-04,49,14.5576716,120.9923257,1769990516000,0.0
synthetic-06-04,50,14.5576107,120.9921263,1769990518000,0.0
synthetic-06-04,51,14.5575498,120.9919268,1769990520000,0.0
synthetic-06-04,52,14.5574889,120.9917274,1769990522000,0.0
synthetic-06-04,53,14.557428,120.991528,1769990524000,0.0
synthetic-06-04,54,14.557367,120.9913286,1769990526000,0.0
synthetic-06-04,55,14.5573061,120.9911292,1769990528000,0.0
synthetic-06-04,56,14.5572452,120.9909298,1769990530000,0.0
synthetic-06-04,57,14.5571843,120.9907304,1769990532000,0.0
synthetic-06-04,58,14.5570642,120.9906431,1769990534000,0.0
synthetic-06-04,59,14.5569955,120.9904462,1769990536000,0.0
synthetic-06-04,60,14.5569268,120.9902493,1769990538000,0.0
synthetic-06-04,61,14.5568581,120.9900525,1769990540000,0.0
synthetic-06-04,62,14.5567893,120.9898556,1769990542000,0.0
synthetic-06-04,63,14.5567205,120.9896588,1769990544000,0.0
synthetic-06-04,64,14.5566518,120.9894619,1769990546000,0.0
synthetic-06-04,65,14.5565806,120.989266,1769990548000,0.0
synthetic-06-04,66,14.5565103,120.9890696,1769990550000,0.0
synthetic-06-04,67,14.556443,120.9888723,1769990552000,0.0
synthetic-06-04,68,14.5563757,120.988675,1769990554000,0.0
synthetic-06-04,69,14.5563081,120.9884777,1769990556000,0.0
synthetic-06-04,70,14.5562847,120.9885196,1769990558000,0.0
synthetic-06-04,71,14.5560863,120.9885838,1769990560000,0.0
synthetic-06-04,72,14.5558879,120.9886479,1769990562000,0.0
synthetic-06-04,73,14.5556895,120.9887121,1769990564000,0.0
synthetic-06-04,74,14.5554911,120.9887764,1769990566000,0.0
synthetic-06-04,75,14.5552926,120.9888402,1769990568000,0.0
synthetic-06-04,76,14.5550942,120.9889041,1769990570000,0.0
synthetic-06-04,77,14.554896,120.9889689,1769990572000,0.0
synthetic-06-04,78,14.5547486,120.9888676,1769990574000,0.0
synthetic-06-05,0,14.5633467,120.9988721,1770595218000,0.0
synthetic-06-05,1,14.5633042,120.9987736,1770595220000,0.0
synthetic-06-05,2,14.5632617,120.9986751,1770595222000,0.0
synthetic-06-05,3,14.5632192,120.9985765,1770595224000,0.0
synthetic-06-05,4,14.5631559,120.9985222,1770595226000,0.0
synthetic-06-05,5,14.5630528,120.9985523,1770595228000,0.0
synthetic-06-05,6,14.5629498,120.9985823,1770595230000,0.0
synthetic-06-05,7,14.5628468,120.9986123,1770595232000,0.0
synthetic-06-05,8,14.5627456,120.9986476,1770595234000,0.0
synthetic-06-05,9,14.562646,120.9986874,1770595236000,0.0
synthetic-06-05,10,14.5625463,120.9987272,1770595238000,0.0
synthetic-06-05,11,14.5624467,120.998767,1770595240000,0.0
synthetic-06-05,12,14.5623484,120.99881,1770595242000,0.0
synthetic-06-05,13,14.5622514,120.9988558,1770595244000,0.0
synthetic-06-05,14,14.5621544,120.9989017,1770595246000,0.0
synthetic-06-05,15,14.5620597,120.9989513,1770595248000,0.0
synthetic-06-05,16,14.5619803,120.9990231,1770595250000,0.0
synthetic-06-05,17,14.5620053,120.9990994,1770595252000,0.0
synthetic-06-05,18,14.5620816,120.9991749,1770595254000,0.0
synthetic-06-05,19,14.5621578,120.9992504,1770595256000,0.0
synthetic-06-05,20,14.562234,120.9993259,1770595258000,0.0
synthetic-06-05,21,14.5623103,120.9994015,1770595260000,0.0
synthetic-06-05,22,14.5623865,120.999477,1770595262000,0.0
synthetic-06-05,23,14.5624627,120.9995525,1770595264000,0.0
synthetic-06-05,24,14.562539,120.999628,1770595266000,0.0
synthetic-06-05,25,14.5626152,120.9997035,1770595268000,0.0
synthetic-06-05,26,14.5626914,120.999779,1770595270000,0.0
synthetic-06-05,27,14.5627677,120.9998545,1770595272000,0.0
synthetic-06-05,28,14.5628431,120.9999308,1770595274000,0.0
synthetic-06-05,29,14.5629124,121.0000127,1770595276000,0.0
synthetic-06-05,30,14.5629816,121.0000947,1770595278000,0.0
synthetic-06-05,31,14.5630509,121.0001766,1770595280000,0.0
synthetic-06-05,32,14.5631259,121.0002532,1770595282000,0.0
synthetic-06-05,33,14.5632043,121.0003264,1770595284000,0.0
synthetic-06-05,34,14.5632827,121.0003996,1770595286000,0.0
synthetic-06-05,35,14.5633602,121.0004738,1770595288000,0.0
synthetic-06-05,36,14.5634341,121.0005516,1770595290000,0.0
synthetic-06-05,37,14.5635081,121.0006293,1770595292000,0.0
synthetic-06-05,38,14.563582,121.0007071,1770595294000,0.0
synthetic-06-05,39,14.5636569,121.0007839,1770595296000,0.0
synthetic-06-05,40,14.5637329,121.0008596,1770595298000,0.0
synthetic-06-05,41,14.5638089,121.0009354,1770595300000,0.0
synthetic-06-05,42,14.5638857,121.0010103,1770595302000,0.0
synthetic-06-05,43,14.5639631,121.0010847,1770595304000,0.0
synthetic-06-05,44,14.5640404,121.001159,1770595306000,0.0
synthetic-06-05,45,14.5641178,121.0012334,1770595308000,0.0
synthetic-06-06,0,14.570849,120.9935069,1771210818000,0.0
synthetic-06-06,1,14.5708248,120.993443,1771210820000,0.0
synthetic-06-06,2,14.5708005,120.993379,1771210822000,0.0
synthetic-06-06,3,14.5707763,120.9933151,1771210824000,0.0
synthetic-06-06,4,14.5707521,120.9932511,1771210826000,0.0
synthetic-06-06,5,14.5707279,120.9931872,1771210828000,0.0
synthetic-06-06,6,14.5707036,120.9931233,1771210830000,0.0
synthetic-06-06,7,14.5706794,120.9930593,1771210832000,0.0
synthetic-06-06,8,14.5706552,120.9929954,1771210834000,0.0
synthetic-06-06,9,14.5706309,120.9929315,1771210836000,0.0
synthetic-06-06,10,14.5706067,120.9928675,1771210838000,0.0
synthetic-06-06,11,14.5705825,120.9928036,1771210840000,0.0
synthetic-06-06,12,14.5705583,120.9927396,1771210842000,0.0
synthetic-06-06,13,14.570534,120.9926757,1771210844000,0.0
synthetic-06-06,14,14.5705098,120.9926117,1771210846000,0.0
synthetic-06-06,15,14.5704856,120.9925478,1771210848000,0.0
synthetic-06-06,16,14.5704614,120.9924838,1771210850000,0.0
synthetic-06-06,17,14.5705125,120.9924479,1771210852000,0.0
synthetic-06-06,18,14.5705725,120.9924152,1771210854000,0.0
synthetic-06-06,19,14.5706326,120.9923826,1771210856000,0.0
synthetic-06-06,20,14.5706927,120.99235,1771210858000,0.0
synthetic-06-06,21,14.5707528,120.9923174,1771210860000,0.0
synthetic-06-06,22,14.5708129,120.9922847,1771210862000,0.0
synthetic-06-06,23,14.570873,120.9922521,1771210864000,0.0
synthetic-06-06,24,14.5709331,120.9922195,1771210866000,0.0
synthetic-06-06,25,14.5709931,120.9921867,1771210868000,0.0
synthetic-06-06,26,14.5710529,120.9921535,1771210870000,0.0
synthetic-06-06,27,14.5710874,120.9921182,1771210872000,0.0
synthetic-06-06,28,14.5710339,120.9920755,1771210874000,0.0
synthetic-06-06,29,14.5709803,120.9920331,1771210876000,0.0
synthetic-06-06,30,14.5709262,120.9919913,1771210878000,0.0
synthetic-06-06,31,14.5708724,120.9919491,1771210880000,0.0
synthetic-06-06,32,14.5708193,120.991906,1771210882000,0.0
synthetic-06-06,33,14.5707662,120.9918629,1771210884000,0.0
synthetic-06-06,34,14.5707132,120.9918198,1771210886000,0.0
synthetic-06-06,35,14.5706555,120.9917838,1771210888000,0.0
synthetic-06-06,36,14.5705943,120.9917533,1771210890000,0.0
synthetic-06-06,37,14.5705331,120.9917229,1771210892000,0.0
synthetic-06-06,38,14.5704718,120.9916925,1771210894000,0.0
synthetic-06-06,39,14.5704117,120.9916611,1771210896000,0.0
synthetic-06-06,40,14.5703905,120.9915961,1771210898000,0.0
synthetic-06-06,41,14.5704003,120.9915437,1771210900000,0.0
synthetic-06-06,42,14.5704608,120.9915119,1771210902000,0.0
synthetic-06-06,43,14.5705213,120.99148,1771210904000,0.0
synthetic-06-06,44,14.5705818,120.9914482,1771210906000,0.0
synthetic-06-06,45,14.5706423,120.9914163,1771210908000,0.0
synthetic-06-07,0,14.5643695,120.9943615,1771815618000,0.0
synthetic-06-07,1,14.5644197,120.9944202,1771815620000,0.0
synthetic-06-07,2,14.5645084,120.9943787,1771815622000,0.0
synthetic-06-07,3,14.5645966,120.9943361,1771815624000,0.0
synthetic-06-07,4,14.5646848,120.9942935,1771815626000,0.0
synthetic-06-07,5,14.5647729,120.9942509,1771815628000,0.0
synthetic-06-07,6,14.5648611,120.9942083,1771815630000,0.0
synthetic-06-07,7,14.5649493,120.9941658,1771815632000,0.0
synthetic-06-07,8,14.5650375,120.9941232,1771815634000,0.0
synthetic-06-07,9,14.5651257,120.9940806,1771815636000,0.0
synthetic-06-07,10,14.565215,120.9940405,1771815638000,0.0
synthetic-06-07,11,14.5653044,120.9940005,1771815640000,0.0
synthetic-06-07,12,14.5653459,120.9939453,1771815642000,0.0
synthetic-06-07,13,14.5653537,120.9939591,1771815644000,0.0
synthetic-06-07,14,14.5654358,120.9939438,1771815646000,0.0
synthetic-06-07,15,14.5655258,120.9939051,1771815648000,0.0
synthetic-06-07,16,14.5656144,120.9938633,1771815650000,0.0
synthetic-06-07,17,14.5657026,120.9938209,1771815652000,0.0
synthetic-06-07,18,14.5657796,120.99381,1771815654000,0.0
synthetic-06-07,19,14.5658191,120.9938996,1771815656000,0.0
synthetic-06-07,20,14.5658582,120.9939894,1771815658000,0.0
synthetic-06-07,21,14.5658973,120.9940792,1771815660000,0.0
synthetic-06-07,22,14.5659364,120.994169,1771815662000,0.0
synthetic-06-07,23,14.5659754,120.9942588,1771815664000,0.0
synthetic-06-07,24,14.5660145,120.9943486,1771815666000,0.0
synthetic-06-07,25,14.5660536,120.9944384,1771815668000,0.0
synthetic-06-07,26,14.5660927,120.9945282,1771815670000,0.0
synthetic-06-07,27,14.5661727,120.9945095,1771815672000,0.0
synthetic-06-07,28,14.5662614,120.994468,1771815674000,0.0
synthetic-06-07,29,14.5663499,120.9944259,1771815676000,0.0
synthetic-06-07,30,14.5664382,120.9943835,1771815678000,0.0
synthetic-06-07,31,14.5665264,120.9943411,1771815680000,0.0
synthetic-06-07,32,14.5666146,120.9942986,1771815682000,0.0
synthetic-06-07,33,14.5667028,120.994256,1771815684000,0.0
synthetic-06-07,34,14.5667911,120.9942135,1771815686000,0.0
synthetic-06-07,35,14.5668794,120.9941712,1771815688000,0.0
synthetic-06-07,36,14.5669678,120.9941292,1771815690000,0.0
synthetic-06-07,37,14.5670563,120.9940872,1771815692000,0.0
synthetic-06-07,38,14.5671448,120.9940452,1771815694000,0.0
synthetic-06-07,39,14.5672332,120.9940032,1771815696000,0.0
synthetic-06-07,40,14.5673221,120.993962,1771815698000,0.0
synthetic-06-07,41,14.5674111,120.9939212,1771815700000,0.0
synthetic-06-07,42,14.5675001,120.9938803,1771815702000,0.0
synthetic-06-07,43,14.5675891,120.9938394,1771815704000,0.0
synthetic-06-07,44,14.5676781,120.9937986,1771815706000,0.0
synthetic-06-07,45,14.5677671,120.9937577,1771815708000,0.0
synthetic-06-08,0,14.5587681,120.996085,1772420418000,0.0
synthetic-06-08,1,14.5588512,120.996111,1772420420000,0.0
synthetic-06-08,2,14.5589689,120.9960838,1772420422000,0.0
synthetic-06-08,3,14.5590865,120.9960567,1772420424000,0.0
synthetic-06-08,4,14.5592041,120.9960296,1772420426000,0.0
synthetic-06-08,5,14.5593218,120.9960025,1772420428000,0.0
synthetic-06-08,6,14.5594394,120.9959754,1772420430000,0.0
synthetic-06-08,7,14.559557,120.9959483,1772420432000,0.0
synthetic-06-08,8,14.5596746,120.995921,1772420434000,0.0
synthetic-06-08,9,14.5597922,120.9958937,1772420436000,0.0
synthetic-06-08,10,14.5599098,120.9958664,1772420438000,0.0
synthetic-06-08,11,14.5600274,120.9958391,1772420440000,0.0
synthetic-06-08,12,14.560145,120.9958119,1772420442000,0.0
synthetic-06-08,13,14.5601856,120.9957361,1772420444000,0.0
synthetic-06-08,14,14.5601656,120.995617,1772420446000,0.0
synthetic-06-08,15,14.5601471,120.9954978,1772420448000,0.0
synthetic-06-08,16,14.5601285,120.9953785,1772420450000,0.0
synthetic-06-08,17,14.56011,120.9952592,1772420452000,0.0
synthetic-06-08,18,14.5600915,120.9951399,1772420454000,0.0
synthetic-06-08,19,14.5600733,120.9950206,1772420456000,0.0
synthetic-06-08,20,14.560055,120.9949012,1772420458000,0.0
synthetic-06-08,21,14.5600345,120.9947823,1772420460000,0.0
synthetic-06-08,22,14.5600137,120.9946634,1772420462000,0.0
synthetic-06-08,23,14.5599931,120.9945444,1772420464000,0.0
synthetic-06-08,24,14.5600959,120.994499,1772420466000,0.0
synthetic-06-08,25,14.5602102,120.9944601,1772420468000,0.0
synthetic-06-08,26,14.5603163,120.9944025,1772420470000,0.0
synthetic-06-08,27,14.5604223,120.9943449,1772420472000,0.0
synthetic-06-08,28,14.5605284,120.9942872,1772420474000,0.0
synthetic-06-08,29,14.5606345,120.9942296,1772420476000,0.0
synthetic-06-08,30,14.5607405,120.9941719,1772420478000,0.0
synthetic-06-08,31,14.5608466,120.9941143,1772420480000,0.0
synthetic-06-08,32,14.5609524,120.9940562,1772420482000,0.0
synthetic-06-08,33,14.5610579,120.9939974,1772420484000,0.0
synthetic-06-08,34,14.5611616,120.9939357,1772420486000,0.0
synthetic-06-08,35,14.5612254,120.9938469,1772420488000,0.0
synthetic-06-08,36,14.5612184,120.9938952,1772420490000,0.0
synthetic-06-08,37,14.5612719,120.9940021,1772420492000,0.0
synthetic-06-08,38,14.5613312,120.9941072,1772420494000,0.0
synthetic-06-08,39,14.561407,120.9941998,1772420496000,0.0
synthetic-06-08,40,14.5614892,120.9941456,1772420498000,0.0
synthetic-06-08,41,14.5614876,120.9940559,1772420500000,0.0
synthetic-06-08,42,14.5614096,120.9939638,1772420502000,0.0
synthetic-06-08,43,14.561341,120.9938645,1772420504000,0.0
synthetic-06-08,44,14.5612841,120.9937582,1772420506000,0.0
synthetic-06-08,45,14.5612306,120.9938113,1772420508000,0.0
synthetic-06-09,0,14.5618298,120.9968042,1773025218000,0.0
synthetic-06-09,1,14.5617189,120.9968457,1773025220000,0.0
synthetic-06-09,2,14.561608,120.9968871,1773025222000,0.0
synthetic-06-09,3,14.5614971,120.9969286,1773025224000,0.0
synthetic-06-09,4,14.5613862,120.9969701,1773025226000,0.0
synthetic-06-09,5,14.5612753,120.9970115,1773025228000,0.0
synthetic-06-09,6,14.5611639,120.9970515,1773025230000,0.0
synthetic-06-09,7,14.5610525,120.9970917,1773025232000,0.0
synthetic-06-09,8,14.5609412,120.9971319,1773025234000,0.0
synthetic-06-09,9,14.5608298,120.9971722,1773025236000,0.0
synthetic-06-09,10,14.5607184,120.9972121,1773025238000,0.0
synthetic-06-09,11,14.5606068,120.9972517,1773025240000,0.0
synthetic-06-09,12,14.5604952,120.9972914,1773025242000,0.0
synthetic-06-09,13,14.5603841,120.9973322,1773025244000,0.0
synthetic-06-09,14,14.5602731,120.9973735,1773025246000,0.0
synthetic-06-09,15,14.5601617,120.9974136,1773025248000,0.0
synthetic-06-09,16,14.5600505,120.9974542,1773025250000,0.0
synthetic-06-09,17,14.5599393,120.9974948,1773025252000,0.0
synthetic-06-09,18,14.5598285,120.9975366,1773025254000,0.0
synthetic-06-09,19,14.5597187,120.9975809,1773025256000,0.0
synthetic-06-09,20,14.559609,120.9976253,1773025258000,0.0
synthetic-06-09,21,14.5594972,120.9976636,1773025260000,0.0
synthetic-06-09,22,14.5593825,120.997693,1773025262000,0.0
synthetic-06-09,23,14.5592678,120.9977224,1773025264000,0.0
synthetic-06-09,24,14.5591531,120.9977518,1773025266000,0.0
synthetic-06-09,25,14.5590384,120.9977812,1773025268000,0.0
synthetic-06-09,26,14.5589237,120.9978106,1773025270000,0.0
synthetic-06-09,27,14.5588091,120.99784,1773025272000,0.0
synthetic-06-09,28,14.5586944,120.9978695,1773025274000,0.0
synthetic-06-09,29,14.5585824,120.9979078,1773025276000,0.0
synthetic-06-09,30,14.5584706,120.9979469,1773025278000,0.0
synthetic-06-09,31,14.5583589,120.997986,1773025280000,0.0
synthetic-06-09,32,14.5582471,120.9980251,1773025282000,0.0
synthetic-06-09,33,14.5581354,120.9980642,1773025284000,0.0
synthetic-06-09,34,14.5580236,120.9981033,1773025286000,0.0
synthetic-06-09,35,14.5579119,120.9981424,1773025288000,0.0
synthetic-06-09,36,14.5578001,120.9981815,1773025290000,0.0
synthetic-06-09,37,14.5576866,120.9982151,1773025292000,0.0
synthetic-06-09,38,14.5575725,120.9982467,1773025294000,0.0
synthetic-06-09,39,14.5574584,120.9982783,1773025296000,0.0
synthetic-06-09,40,14.5573443,120.9983099,1773025298000,0.0
synthetic-06-09,41,14.5572302,120.9983415,1773025300000,0.0
synthetic-06-09,42,14.5571161,120.9983732,1773025302000,0.0
synthetic-06-09,43,14.557002,120.9984048,1773025304000,0.0
synthetic-06-09,44,14.5568879,120.9984364,1773025306000,0.0
synthetic-06-09,45,14.5567732,120.9984653,1773025308000,0.0
synthetic-06-10,0,14.5643695,120.9943615,1773630018000,0.0
synthetic-06-10,1,14.5642528,120.9943351,1773630020000,0.0
synthetic-06-10,2,14.5640969,120.9944073,1773630022000,0.0
synthetic-06-10,3,14.5639412,120.9944797,1773630024000,0.0
synthetic-06-10,4,14.5637869,120.9945552,1773630026000,0.0
synthetic-06-10,5,14.5636336,120.9946327,1773630028000,0.0
synthetic-06-10,6,14.563479,120.9947073,1773630030000,0.0
synthetic-06-10,7,14.5633233,120.9947799,1773630032000,0.0
synthetic-06-10,8,14.5631672,120.9948517,1773630034000,0.0
synthetic-06-10,9,14.5630118,120.9949249,1773630036000,0.0
synthetic-06-10,10,14.5628564,120.994998,1773630038000,0.0
synthetic-06-10,11,14.562701,120.9950711,1773630040000,0.0
synthetic-06-10,12,14.5625989,120.9951651,1773630042000,0.0
synthetic-06-10,13,14.5626002,120.9951391,1773630044000,0.0
synthetic-06-10,14,14.5624803,120.995136,1773630046000,0.0
synthetic-06-10,15,14.5623168,120.9951884,1773630048000,0.0
synthetic-06-10,16,14.5621505,120.9952315,1773630050000,0.0
synthetic-06-10,17,14.5619843,120.9952746,1773630052000,0.0
synthetic-06-10,18,14.561818,120.9953177,1773630054000,0.0
synthetic-06-10,19,14.5616517,120.9953608,1773630056000,0.0
synthetic-06-10,20,14.5614854,120.9954038,1773630058000,0.0
synthetic-06-10,21,14.5613192,120.9954469,1773630060000,0.0
synthetic-06-10,22,14.5611529,120.99549,1773630062000,0.0
synthetic-06-10,23,14.5609871,120.9955334,1773630064000,0.0
synthetic-06-10,24,14.5608976,120.9955536,1773630066000,0.0
synthetic-06-10,25,14.5607301,120.9955918,1773630068000,0.0
synthetic-06-10,26,14.5605625,120.9956291,1773630070000,0.0
synthetic-06-10,27,14.5603948,120.9956664,1773630072000,0.0
synthetic-06-10,28,14.5602271,120.9957038,1773630074000,0.0
synthetic-06-10,29,14.560175,120.9956775,1773630076000,0.0
synthetic-06-10,30,14.5601486,120.9955078,1773630078000,0.0
synthetic-06-10,31,14.5601222,120.995338,1773630080000,0.0
synthetic-06-10,32,14.5600959,120.9951683,1773630082000,0.0
synthetic-06-10,33,14.5600699,120.9949985,1773630084000,0.0
synthetic-06-10,34,14.5600426,120.9948289,1773630086000,0.0
synthetic-06-10,35,14.5600131,120.9946597,1773630088000,0.0
synthetic-06-10,36,14.559984,120.9944904,1773630090000,0.0
synthetic-06-10,37,14.5599557,120.994321,1773630092000,0.0
synthetic-06-10,38,14.5599275,120.9941516,1773630094000,0.0
synthetic-06-10,39,14.5598992,120.9939822,1773630096000,0.0
synthetic-06-10,40,14.5598709,120.9938127,1773630098000,0.0
synthetic-06-10,41,14.5598427,120.9936433,1773630100000,0.0
synthetic-06-10,42,14.5598144,120.9934739,1773630102000,0.0
synthetic-06-10,43,14.5597861,120.9933045,1773630104000,0.0
synthetic-06-10,44,14.5597579,120.993135,1773630106000,0.0
synthetic-06-10,45,14.5597296,120.9929656,1773630108000,0.0
synthetic-06-11,0,14.570849,120.9935069,1774234818000,0.0
synthetic-06-11,1,14.5708248,120.993443,1774234820000,0.0
synthetic-06-11,2,14.5708005,120.993379,1774234822000,0.0
synthetic-06-11,3,14.5707763,120.9933151,1774234824000,0.0
synthetic-06-11,4,14.5707521,120.9932511,1774234826000,0.0
synthetic-06-11,5,14.5707279,120.9931872,1774234828000,0.0
synthetic-06-11,6,14.5707036,120.9931233,1774234830000,0.0
synthetic-06-11,7,14.5706794,120.9930593,1774234832000,0.0
synthetic-06-11,8,14.5706552,120.9929954,1774234834000,0.0
synthetic-06-11,9,14.5706309,120.9929315,1774234836000,0.0
synthetic-06-11,10,14.5706067,120.9928675,1774234838000,0.0
synthetic-06-11,11,14.5705825,120.9928036,1774234840000,0.0
synthetic-06-11,12,14.5705583,120.9927396,1774234842000,0.0
synthetic-06-11,13,14.570534,120.9926757,1774234844000,0.0
synthetic-06-11,14,14.5705098,120.9926117,1774234846000,0.0
synthetic-06-11,15,14.5704856,120.9925478,1774234848000,0.0
synthetic-06-11,16,14.5704614,120.9924838,1774234850000,0.0
synthetic-06-11,17,14.5705125,120.9924479,1774234852000,0.0
synthetic-06-11,18,14.5705725,120.9924152,1774234854000,0.0
synthetic-06-11,19,14.5706326,120.9923826,1774234856000,0.0
synthetic-06-11,20,14.5706927,120.99235,1774234858000,0.0
synthetic-06-11,21,14.5707528,120.9923174,1774234860000,0.0
synthetic-06-11,22,14.5708129,120.9922847,1774234862000,0.0
synthetic-06-11,23,14.570873,120.9922521,1774234864000,0.0
synthetic-06-11,24,14.5709331,120.9922195,1774234866000,0.0
synthetic-06-11,25,14.5709931,120.9921867,1774234868000,0.0
synthetic-06-11,26,14.5710529,120.9921535,1774234870000,0.0
synthetic-06-11,27,14.5710874,120.9921182,1774234872000,0.0
synthetic-06-11,28,14.5710339,120.9920755,1774234874000,0.0
synthetic-06-11,29,14.5709803,120.9920331,1774234876000,0.0
synthetic-06-11,30,14.5709262,120.9919913,1774234878000,0.0
synthetic-06-11,31,14.5708724,120.9919491,1774234880000,0.0
synthetic-06-11,32,14.5708193,120.991906,1774234882000,0.0
synthetic-06-11,33,14.5707662,120.9918629,1774234884000,0.0
synthetic-06-11,34,14.5707132,120.9918198,1774234886000,0.0
synthetic-06-11,35,14.5706555,120.9917838,1774234888000,0.0
synthetic-06-11,36,14.5705943,120.9917533,1774234890000,0.0
synthetic-06-11,37,14.5705331,120.9917229,1774234892000,0.0
synthetic-06-11,38,14.5704718,120.9916925,1774234894000,0.0
synthetic-06-11,39,14.5704117,120.9916611,1774234896000,0.0
synthetic-06-11,40,14.5703905,120.9915961,1774234898000,0.0
synthetic-06-11,41,14.5704003,120.9915437,1774234900000,0.0
synthetic-06-11,42,14.5704608,120.9915119,1774234902000,0.0
synthetic-06-11,43,14.5705213,120.99148,1774234904000,0.0
synthetic-06-11,44,14.5705818,120.9914482,1774234906000,0.0
synthetic-06-11,45,14.5706423,120.9914163,1774234908000,0.0
synthetic-07-00,0,14.5633467,120.9988721,1767571221000,0.0
synthetic-07-00,1,14.5633042,120.9987736,1767571223000,0.0
synthetic-07-00,2,14.5632617,120.9986751,1767571225000,0.0
synthetic-07-00,3,14.5632192,120.9985765,1767571227000,0.0
synthetic-07-00,4,14.5631559,120.9985222,1767571229000,0.0
synthetic-07-00,5,14.5630528,120.9985523,1767571231000,0.0
synthetic-07-00,6,14.5629498,120.9985823,1767571233000,0.0
synthetic-07-00,7,14.5628468,120.9986123,1767571235000,0.0
synthetic-07-00,8,14.5627456,120.9986476,1767571237000,0.0
synthetic-07-00,9,14.562646,120.9986874,1767571239000,0.0
synthetic-07-00,10,14.5625463,120.9987272,1767571241000,0.0
synthetic-07-00,11,14.5624467,120.998767,1767571243000,0.0
synthetic-07-00,12,14.5623484,120.99881,1767571245000,0.0
synthetic-07-00,13,14.5622514,120.9988558,1767571247000,0.0
synthetic-07-00,14,14.5621544,120.9989017,1767571249000,0.0
synthetic-07-00,15,14.5620597,120.9989513,1767571251000,0.0
synthetic-07-00,16,14.5619803,120.9990231,1767571253000,0.0
synthetic-07-00,17,14.5620053,120.9990994,1767571255000,0.0
synthetic-07-00,18,14.5620816,120.9991749,1767571257000,0.0
synthetic-07-00,19,14.5621578,120.9992504,1767571259000,0.0
synthetic-07-00,20,14.562234,120.9993259,1767571261000,0.0
synthetic-07-00,21,14.5623103,120.9994015,1767571263000,0.0
synthetic-07-00,22,14.5623865,120.999477,1767571265000,0.0
synthetic-07-00,23,14.5624627,120.9995525,1767571267000,0.0
synthetic-07-00,24,14.562539,120.999628,1767571269000,0.0
synthetic-07-00,25,14.5626152,120.9997035,1767571271000,0.0
synthetic-07-00,26,14.5626914,120.999779,1767571273000,0.0
synthetic-07-00,27,14.5627677,120.9998545,1767571275000,0.0
synthetic-07-00,28,14.5628431,120.9999308,1767571277000,0.0
synthetic-07-00,29,14.5629124,121.0000127,1767571279000,0.0
synthetic-07-00,30,14.5629816,121.0000947,1767571281000,0.0
synthetic-07-00,31,14.5630509,121.0001766,1767571283000,0.0
synthetic-07-00,32,14.5631259,121.0002532,1767571285000,0.0
synthetic-07-00,33,14.5632043,121.0003264,1767571287000,0.0
synthetic-07-00,34,14.5632827,121.0003996,1767571289000,0.0
synthetic-07-00,35,14.5633602,121.0004738,1767571291000,0.0
synthetic-07-00,36,14.5634341,121.0005516,1767571293000,0.0
synthetic-07-00,37,14.5635081,121.0006293,1767571295000,0.0
synthetic-07-00,38,14.563582,121.0007071,1767571297000,0.0
synthetic-07-00,39,14.5636569,121.0007839,1767571299000,0.0
synthetic-07-00,40,14.5637329,121.0008596,1767571301000,0.0
synthetic-07-00,41,14.5638089,121.0009354,1767571303000,0.0
synthetic-07-00,42,14.5638857,121.0010103,1767571305000,0.0
synthetic-07-00,43,14.5639631,121.0010847,1767571307000,0.0
synthetic-07-00,44,14.5640404,121.001159,1767571309000,0.0
synthetic-07-00,45,14.5641178,121.0012334,1767571311000,0.0
synthetic-07-01,0,14.5609964,120.9955721,1768176021000,0.0
synthetic-07-01,1,14.5611693,120.9955712,1768176023000,0.0
synthetic-07-01,2,14.5613718,120.9955217,1768176025000,0.0
synthetic-07-01,3,14.5615744,120.9954722,1768176027000,0.0
synthetic-07-01,4,14.5617769,120.9954226,1768176029000,0.0
synthetic-07-01,5,14.5619794,120.9953731,1768176031000,0.0
synthetic-07-01,6,14.562182,120.9953236,1768176033000,0.0
synthetic-07-01,7,14.5623842,120.9952727,1768176035000,0.0
synthetic-07-01,8,14.5625895,120.9952387,1768176037000,0.0
synthetic-07-01,9,14.5625451,120.9951147,1768176039000,0.0
synthetic-07-01,10,14.562347,120.9951799,1768176041000,0.0
synthetic-07-01,11,14.5621454,120.9952328,1768176043000,0.0
synthetic-07-01,12,14.5619435,120.9952851,1768176045000,0.0
synthetic-07-01,13,14.5617417,120.9953374,1768176047000,0.0
synthetic-07-01,14,14.5615398,120.9953897,1768176049000,0.0
synthetic-07-01,15,14.561338,120.995442,1768176051000,0.0
synthetic-07-01,16,14.5611361,120.9954944,1768176053000,0.0
synthetic-07-01,17,14.5609931,120.9955583,1768176055000,0.0
synthetic-07-01,18,14.5608091,120.995574,1768176057000,0.0
synthetic-07-01,19,14.5606057,120.9956195,1768176059000,0.0
synthetic-07-01,20,14.5604021,120.9956648,1768176061000,0.0
synthetic-07-01,21,14.5601986,120.9957101,1768176063000,0.0
synthetic-07-01,22,14.5601649,120.9956123,1768176065000,0.0
synthetic-07-01,23,14.5601328,120.9954063,1768176067000,0.0
synthetic-07-01,24,14.5601008,120.9952003,1768176069000,0.0
synthetic-07-01,25,14.5600692,120.9949942,1768176071000,0.0
synthetic-07-01,26,14.5600355,120.9947884,1768176073000,0.0
synthetic-07-01,27,14.5599997,120.994583,1768176075000,0.0
synthetic-07-01,28,14.5599651,120.9943774,1768176077000,0.0
synthetic-07-01,29,14.5599308,120.9941717,1768176079000,0.0
synthetic-07-01,30,14.5598965,120.993966,1768176081000,0.0
synthetic-07-01,31,14.5598622,120.9937604,1768176083000,0.0
synthetic-07-01,32,14.5598279,120.9935547,1768176085000,0.0
synthetic-07-01,33,14.5597936,120.993349,1768176087000,0.0
synthetic-07-01,34,14.5597593,120.9931434,1768176089000,0.0
synthetic-07-01,35,14.559703,120.9929754,1768176091000,0.0
synthetic-07-01,36,14.5595068,120.9930458,1768176093000,0.0
synthetic-07-01,37,14.5593092,120.9931122,1768176095000,0.0
synthetic-07-01,38,14.5591097,120.9931729,1768176097000,0.0
synthetic-07-01,39,14.558909,120.9932293,1768176099000,0.0
synthetic-07-01,40,14.558708,120.9932847,1768176101000,0.0
synthetic-07-01,41,14.5585044,120.9933298,1768176103000,0.0
synthetic-07-01,42,14.5583007,120.9933743,1768176105000,0.0
synthetic-07-01,43,14.5580971,120.9934193,1768176107000,0.0
synthetic-07-01,44,14.5579755,120.9933229,1768176109000,0.0
synthetic-07-01,45,14.5579139,120.9931237,1768176111000,0.0
synthetic-07-01,46,14.5578539,120.9929241,1768176113000,0.0
synthetic-07-01,47,14.5577935,120.9927245,1768176115000,0.0
synthetic-07-01,48,14.5577326,120.9925251,1768176117000,0.0
synthetic-07-01,49,14.5576716,120.9923257,1768176119000,0.0
synthetic-07-01,50,14.5576107,120.9921263,1768176121000,0.0
synthetic-07-01,51,14.5575498,120.9919268,1768176123000,0.0
synthetic-07-01,52,14.5574889,120.9917274,1768176125000,0.0
synthetic-07-01,53,14.557428,120.991528,1768176127000,0.0
synthetic-07-01,54,14.557367,120.9913286,1768176129000,0.0
synthetic-07-01,55,14.5573061,120.9911292,1768176131000,0.0
synthetic-07-01,56,14.5572452,120.9909298,1768176133000,0.0
synthetic-07-01,57,14.5571843,120.9907304,1768176135000,0.0
synthetic-07-01,58,14.5570642,120.9906431,1768176137000,0.0
synthetic-07-01,59,14.5569955,120.9904462,1768176139000,0.0
synthetic-07-01,60,14.5569268,120.9902493,1768176141000,0.0
synthetic-07-01,61,14.5568581,120.9900525,1768176143000,0.0
synthetic-07-01,62,14.5567893,120.9898556,1768176145000,0.0
synthetic-07-01,63,14.5567205,120.9896588,1768176147000,0.0
synthetic-07-01,64,14.5566518,120.9894619,1768176149000,0.0
synthetic-07-01,65,14.5565806,120.989266,1768176151000,0.0
synthetic-07-01,66,14.5565103,120.9890696,1768176153000,0.0
synthetic-07-01,67,14.556443,120.9888723,1768176155000,0.0
synthetic-07-01,68,14.5563757,120.988675,1768176157000,0.0
synthetic-07-01,69,14.5563081,120.9884777,1768176159000,0.0
synthetic-07-01,70,14.5562847,120.9885196,1768176161000,0.0
synthetic-07-01,71,14.5560863,120.9885838,1768176163000,0.0
synthetic-07-01,72,14.5558879,120.9886479,1768176165000,0.0
synthetic-07-01,73,14.5556895,120.9887121,1768176167000,0.0
synthetic-07-01,74,14.5554911,120.9887764,1768176169000,0.0
synthetic-07-01,75,14.5552926,120.9888402,1768176171000,0.0
synthetic-07-01,76,14.5550942,120.9889041,1768176173000,0.0
synthetic-07-01,77,14.554896,120.9889689,1768176175000,0.0
synthetic-07-01,78,14.5547486,120.9888676,1768176177000,0.0
synthetic-07-02,0,14.5633467,120.9988721,1768780821000,0.0
synthetic-07-02,1,14.5633042,120.9987736,1768780823000,0.0
synthetic-07-02,2,14.5632617,120.9986751,1768780825000,0.0
synthetic-07-02,3,14.5632192,120.9985765,1768780827000,0.0
synthetic-07-02,4,14.5631559,120.9985222,1768780829000,0.0
synthetic-07-02,5,14.5630528,120.9985523,1768780831000,0.0
synthetic-07-02,6,14.5629498,120.9985823,1768780833000,0.0
synthetic-07-02,7,14.5628468,120.9986123,1768780835000,0.0
synthetic-07-02,8,14.5627456,120.9986476,1768780837000,0.0
synthetic-07-02,9,14.562646,120.9986874,1768780839000,0.0
synthetic-07-02,10,14.5625463,120.9987272,1768780841000,0.0
synthetic-07-02,11,14.5624467,120.998767,1768780843000,0.0
synthetic-07-02,12,14.5623484,120.99881,1768780845000,0.0
synthetic-07-02,13,14.5622514,120.9988558,1768780847000,0.0
synthetic-07-02,14,14.5621544,120.9989017,1768780849000,0.0
synthetic-07-02,15,14.5620597,120.9989513,1768780851000,0.0
synthetic-07-02,16,14.5619803,120.9990231,1768780853000,0.0
synthetic-07-02,17,14.5620053,120.9990994,1768780855000,0.0
synthetic-07-02,18,14.5620816,120.9991749,1768780857000,0.0
synthetic-07-02,19,14.5621578,120.9992504,1768780859000,0.0
synthetic-07-02,20,14.562234,120.9993259,1768780861000,0.0
synthetic-07-02,21,14.5623103,120.9994015,1768780863000,0.0
synthetic-07-02,22,14.5623865,120.999477,1768780865000,0.0
synthetic-07-02,23,14.5624627,120.9995525,1768780867000,0.0
synthetic-07-02,24,14.562539,120.999628,1768780869000,0.0
synthetic-07-02,25,14.5626152,120.9997035,1768780871000,0.0
synthetic-07-02,26,14.5626914,120.999779,1768780873000,0.0
synthetic-07-02,27,14.5627677,120.9998545,1768780875000,0.0
synthetic-07-02,28,14.5628431,120.9999308,1768780877000,0.0
synthetic-07-02,29,14.5629124,121.0000127,1768780879000,0.0
synthetic-07-02,30,14.5629816,121.0000947,1768780881000,0.0
synthetic-07-02,31,14.5630509,121.0001766,1768780883000,0.0
synthetic-07-02,32,14.5631259,121.0002532,1768780885000,0.0
synthetic-07-02,33,14.5632043,121.0003264,1768780887000,0.0
synthetic-07-02,34,14.5632827,121.0003996,1768780889000,0.0
synthetic-07-02,35,14.5633602,121.0004738,1768780891000,0.0
synthetic-07-02,36,14.5634341,121.0005516,1768780893000,0.0
synthetic-07-02,37,14.5635081,121.0006293,1768780895000,0.0
synthetic-07-02,38,14.563582,121.0007071,1768780897000,0.0
synthetic-07-02,39,14.5636569,121.0007839,1768780899000,0.0
synthetic-07-02,40,14.5637329,121.0008596,1768780901000,0.0
synthetic-07-02,41,14.5638089,121.0009354,1768780903000,0.0
synthetic-07-02,42,14.5638857,121.0010103,1768780905000,0.0
synthetic-07-02,43,14.5639631,121.0010847,1768780907000,0.0
synthetic-07-02,44,14.5640404,121.001159,1768780909000,0.0
synthetic-07-02,45,14.5641178,121.0012334,1768780911000,0.0
synthetic-07-03,0,14.5609964,120.9955721,1769385621000,0.0
synthetic-07-03,1,14.5611442,120.9955773,1769385623000,0.0
synthetic-07-03,2,14.5613218,120.9955339,1769385625000,0.0
synthetic-07-03,3,14.5614993,120.9954905,1769385627000,0.0
synthetic-07-03,4,14.5616768,120.9954471,1769385629000,0.0
synthetic-07-03,5,14.5618543,120.9954037,1769385631000,0.0
synthetic-07-03,6,14.5620318,120.9953603,1769385633000,0.0
synthetic-07-03,7,14.5622093,120.9953169,1769385635000,0.0
synthetic-07-03,8,14.5623864,120.995272,1769385637000,0.0
synthetic-07-03,9,14.5625662,120.9952417,1769385639000,0.0
synthetic-07-03,10,14.5625918,120.9950993,1769385641000,0.0
synthetic-07-03,11,14.5624182,120.9951565,1769385643000,0.0
synthetic-07-03,12,14.5622429,120.9952076,1769385645000,0.0
synthetic-07-03,13,14.562066,120.9952534,1769385647000,0.0
synthetic-07-03,14,14.5618891,120.9952992,1769385649000,0.0
synthetic-07-03,15,14.5617122,120.9953451,1769385651000,0.0
synthetic-07-03,16,14.5615353,120.9953909,1769385653000,0.0
synthetic-07-03,17,14.5613584,120.9954368,1769385655000,0.0
synthetic-07-03,18,14.5611815,120.9954826,1769385657000,0.0
synthetic-07-03,19,14.5610046,120.9955284,1769385659000,0.0
synthetic-07-03,20,14.560905,120.9955519,1769385661000,0.0
synthetic-07-03,21,14.5607269,120.9955925,1769385663000,0.0
synthetic-07-03,22,14.5605485,120.9956322,1769385665000,0.0
synthetic-07-03,23,14.5603701,120.9956719,1769385667000,0.0
synthetic-07-03,24,14.5601917,120.9957116,1769385669000,0.0
synthetic-07-03,25,14.5601678,120.9956309,1769385671000,0.0
synthetic-07-03,26,14.5601397,120.9954503,1769385673000,0.0
synthetic-07-03,27,14.5601116,120.9952697,1769385675000,0.0
synthetic-07-03,28,14.5600838,120.9950891,1769385677000,0.0
synthetic-07-03,29,14.5600561,120.9949085,1769385679000,0.0
synthetic-07-03,30,14.5600251,120.9947284,1769385681000,0.0
synthetic-07-03,31,14.5599937,120.9945484,1769385683000,0.0
synthetic-07-03,32,14.5599636,120.9943681,1769385685000,0.0
synthetic-07-03,33,14.5599335,120.9941879,1769385687000,0.0
synthetic-07-03,34,14.5599034,120.9940076,1769385689000,0.0
synthetic-07-03,35,14.5598734,120.9938274,1769385691000,0.0
synthetic-07-03,36,14.5598433,120.9936471,1769385693000,0.0
synthetic-07-03,37,14.5598132,120.9934669,1769385695000,0.0
synthetic-07-03,38,14.5597832,120.9932866,1769385697000,0.0
synthetic-07-03,39,14.5597531,120.9931064,1769385699000,0.0
synthetic-07-03,40,14.5596921,120.9929794,1769385701000,0.0
synthetic-07-03,41,14.5595201,120.9930413,1769385703000,0.0
synthetic-07-03,42,14.5593469,120.9930995,1769385705000,0.0
synthetic-07-03,43,14.5591726,120.9931543,1769385707000,0.0
synthetic-07-03,44,14.5589971,120.993205,1769385709000,0.0
synthetic-07-03,45,14.5588209,120.9932536,1769385711000,0.0
synthetic-07-03,46,14.558644,120.9932991,1769385713000,0.0
synthetic-07-03,47,14.5584655,120.9933383,1769385715000,0.0
synthetic-07-03,48,14.558287,120.9933774,1769385717000,0.0
synthetic-07-03,49,14.5581085,120.9934168,1769385719000,0.0
synthetic-07-03,50,14.5579867,120.9933587,1769385721000,0.0
synthetic-07-03,51,14.5579324,120.9931842,1769385723000,0.0
synthetic-07-03,52,14.5578796,120.9930093,1769385725000,0.0
synthetic-07-03,53,14.557827,120.9928343,1769385727000,0.0
synthetic-07-03,54,14.5577736,120.9926595,1769385729000,0.0
synthetic-07-03,55,14.5577202,120.9924848,1769385731000,0.0
synthetic-07-03,56,14.5576669,120.99231,1769385733000,0.0
synthetic-07-03,57,14.5576135,120.9921352,1769385735000,0.0
synthetic-07-03,58,14.5575601,120.9919605,1769385737000,0.0
synthetic-07-03,59,14.5575067,120.9917857,1769385739000,0.0
synthetic-07-03,60,14.5574533,120.9916109,1769385741000,0.0
synthetic-07-03,61,14.5573999,120.9914362,1769385743000,0.0
synthetic-07-03,62,14.5573465,120.9912614,1769385745000,0.0
synthetic-07-03,63,14.5572931,120.9910866,1769385747000,0.0
synthetic-07-03,64,14.5572397,120.9909119,1769385749000,0.0
synthetic-07-03,65,14.5571863,120.9907371,1769385751000,0.0
synthetic-07-03,66,14.557075,120.990674,1769385753000,0.0
synthetic-07-03,67,14.5570148,120.9905015,1769385755000,0.0
synthetic-07-03,68,14.5569546,120.9903289,1769385757000,0.0
synthetic-07-03,69,14.5568944,120.9901564,1769385759000,0.0
synthetic-07-03,70,14.5568341,120.9899839,1769385761000,0.0
synthetic-07-03,71,14.5567738,120.9898114,1769385763000,0.0
synthetic-07-03,72,14.5567135,120.9896389,1769385765000,0.0
synthetic-07-03,73,14.5566533,120.9894664,1769385767000,0.0
synthetic-07-03,74,14.556591,120.9892946,1769385769000,0.0
synthetic-07-03,75,14.5565285,120.9891229,1769385771000,0.0
synthetic-07-03,76,14.5564695,120.9889499,1769385773000,0.0
synthetic-07-03,77,14.5564105,120.988777,1769385775000,0.0
synthetic-07-03,78,14.5563515,120.988604,1769385777000,0.0
synthetic-07-03,79,14.5562919,120.9884312,1769385779000,0.0
synthetic-07-03,80,14.5562624,120.9885268,1769385781000,0.0
synthetic-07-03,81,14.5560885,120.988583,1769385783000,0.0
synthetic-07-03,82,14.5559146,120.9886393,1769385785000,0.0
synthetic-07-03,83,14.5557408,120.9886955,1769385787000,0.0
synthetic-07-03,84,14.5555669,120.9887518,1769385789000,0.0
synthetic-07-03,85,14.555393,120.9888079,1769385791000,0.0
synthetic-07-03,86,14.555219,120.9888638,1769385793000,0.0
synthetic-07-03,87,14.5550452,120.9889201,1769385795000,0.0
synthetic-07-03,88,14.5548715,120.9889769,1769385797000,0.0
synthetic-07-03,89,14.5547486,120.9888676,1769385799000,0.0
synthetic-07-04,0,14.5633467,120.9988721,1769990421000,0.0
synthetic-07-04,1,14.5633042,120.9987736,1769990423000,0.0
synthetic-07-04,2,14.5632617,120.9986751,1769990425000,0.0
synthetic-07-04,3,14.5632192,120.9985765,1769990427000,0.0
synthetic-07-04,4,14.5631559,120.9985222,1769990429000,0.0
synthetic-07-04,5,14.5630528,120.9985523,1769990431000,0.0
synthetic-07-04,6,14.5629498,120.9985823,1769990433000,0.0
synthetic-07-04,7,14.5628468,120.9986123,1769990435000,0.0
synthetic-07-04,8,14.5627456,120.9986476,1769990437000,0.0
synthetic-07-04,9,14.562646,120.9986874,1769990439000,0.0
synthetic-07-04,10,14.5625463,120.9987272,1769990441000,0.0
synthetic-07-04,11,14.5624467,120.998767,1769990443000,0.0
synthetic-07-04,12,14.5623484,120.99881,1769990445000,0.0
synthetic-07-04,13,14.5622514,120.9988558,1769990447000,0.0
synthetic-07-04,14,14.5621544,120.9989017,1769990449000,0.0
synthetic-07-04,15,14.5620597,120.9989513,1769990451000,0.0
synthetic-07-04,16,14.5619803,120.9990231,1769990453000,0.0
synthetic-07-04,17,14.5620053,120.9990994,1769990455000,0.0
synthetic-07-04,18,14.5620816,120.9991749,1769990457000,0.0
synthetic-07-04,19,14.5621578,120.9992504,1769990459000,0.0
synthetic-07-04,20,14.562234,120.9993259,1769990461000,0.0
synthetic-07-04,21,14.5623103,120.9994015,1769990463000,0.0
synthetic-07-04,22,14.5623865,120.999477,1769990465000,0.0
synthetic-07-04,23,14.5624627,120.9995525,1769990467000,0.0
synthetic-07-04,24,14.562539,120.999628,1769990469000,0.0
synthetic-07-04,25,14.5626152,120.9997035,1769990471000,0.0
synthetic-07-04,26,14.5626914,120.999779,1769990473000,0.0
synthetic-07-04,27,14.5627677,120.9998545,1769990475000,0.0
synthetic-07-04,28,14.5628431,120.9999308,1769990477000,0.0
synthetic-07-04,29,14.5629124,121.0000127,1769990479000,0.0
synthetic-07-04,30,14.5629816,121.0000947,1769990481000,0.0
synthetic-07-04,31,14.5630509,121.0001766,1769990483000,0.0
synthetic-07-04,32,14.5631259,121.0002532,1769990485000,0.0
synthetic-07-04,33,14.5632043,121.0003264,1769990487000,0.0
synthetic-07-04,34,14.5632827,121.0003996,1769990489000,0.0
synthetic-07-04,35,14.5633602,121.0004738,1769990491000,0.0
synthetic-07-04,36,14.5634341,121.0005516,1769990493000,0.0
synthetic-07-04,37,14.5635081,121.0006293,1769990495000,0.0
synthetic-07-04,38,14.563582,121.0007071,1769990497000,0.0
synthetic-07-04,39,14.5636569,121.0007839,1769990499000,0.0
synthetic-07-04,40,14.5637329,121.0008596,1769990501000,0.0
synthetic-07-04,41,14.5638089,121.0009354,1769990503000,0.0
synthetic-07-04,42,14.5638857,121.0010103,1769990505000,0.0
synthetic-07-04,43,14.5639631,121.0010847,1769990507000,0.0
synthetic-07-04,44,14.5640404,121.001159,1769990509000,0.0
synthetic-07-04,45,14.5641178,121.0012334,1769990511000,0.0
synthetic-07-05,0,14.5609964,120.9955721,1770595221000,0.0
synthetic-07-05,1,14.5611655,120.9955722,1770595223000,0.0
synthetic-07-05,2,14.5613642,120.9955236,1770595225000,0.0
synthetic-07-05,3,14.5615629,120.995475,1770595227000,0.0
synthetic-07-05,4,14.5617616,120.9954264,1770595229000,0.0
synthetic-07-05,5,14.5619603,120.9953778,1770595231000,0.0
synthetic-07-05,6,14.5621591,120.9953292,1770595233000,0.0
synthetic-07-05,7,14.5623577,120.9952802,1770595235000,0.0
synthetic-07-05,8,14.5625583,120.9952428,1770595237000,0.0
synthetic-07-05,9,14.5625787,120.9951036,1770595239000,0.0
synthetic-07-05,10,14.5623844,120.9951676,1770595241000,0.0
synthetic-07-05,11,14.5621873,120.995222,1770595243000,0.0
synthetic-07-05,12,14.5619892,120.9952733,1770595245000,0.0
synthetic-07-05,13,14.5617912,120.9953246,1770595247000,0.0
synthetic-07-05,14,14.5615932,120.9953759,1770595249000,0.0
synthetic-07-05,15,14.5613951,120.9954272,1770595251000,0.0
synthetic-07-05,16,14.5611971,120.9954786,1770595253000,0.0
synthetic-07-05,17,14.560999,120.9955299,1770595255000,0.0
synthetic-07-05,18,14.5608782,120.9955581,1770595257000,0.0
synthetic-07-05,19,14.5606786,120.9956033,1770595259000,0.0
synthetic-07-05,20,14.5604789,120.9956477,1770595261000,0.0
synthetic-07-05,21,14.5602792,120.9956922,1770595263000,0.0
synthetic-07-05,22,14.5601782,120.9956979,1770595265000,0.0
synthetic-07-05,23,14.5601467,120.9954957,1770595267000,0.0
synthetic-07-05,24,14.5601153,120.9952936,1770595269000,0.0
synthetic-07-05,25,14.5600841,120.9950914,1770595271000,0.0
synthetic-07-05,26,14.5600531,120.9948892,1770595273000,0.0
synthetic-07-05,27,14.560018,120.9946876,1770595275000,0.0
synthetic-07-05,28,14.5599832,120.994486,1770595277000,0.0
synthetic-07-05,29,14.5599496,120.9942842,1770595279000,0.0
synthetic-07-05,30,14.5599159,120.9940824,1770595281000,0.0
synthetic-07-05,31,14.5598823,120.9938807,1770595283000,0.0
synthetic-07-05,32,14.5598486,120.9936789,1770595285000,0.0
synthetic-07-05,33,14.5598149,120.9934771,1770595287000,0.0
synthetic-07-05,34,14.5597813,120.9932753,1770595289000,0.0
synthetic-07-05,35,14.5597476,120.9930735,1770595291000,0.0
synthetic-07-05,36,14.5596403,120.9929985,1770595293000,0.0
synthetic-07-05,37,14.5594471,120.9930658,1770595295000,0.0
synthetic-07-05,38,14.5592531,120.9931305,1770595297000,0.0
synthetic-07-05,39,14.5590569,120.9931885,1770595299000,0.0
synthetic-07-05,40,14.5588597,120.9932429,1770595301000,0.0
synthetic-07-05,41,14.5586619,120.9932952,1770595303000,0.0
synthetic-07-05,42,14.5584621,120.993339,1770595305000,0.0
synthetic-07-05,43,14.5582623,120.9933828,1770595307000,0.0
synthetic-07-05,44,14.5580625,120.993427,1770595309000,0.0
synthetic-07-05,45,14.5579662,120.9932929,1770595311000,0.0
synthetic-07-05,46,14.557906,120.9930974,1770595313000,0.0
synthetic-07-05,47,14.5578471,120.9929014,1770595315000,0.0
synthetic-07-05,48,14.5577877,120.9927057,1770595317000,0.0
synthetic-07-05,49,14.557728,120.99251,1770595319000,0.0
synthetic-07-05,50,14.5576682,120.9923144,1770595321000,0.0
synthetic-07-05,51,14.5576084,120.9921187,1770595323000,0.0
synthetic-07-05,52,14.5575487,120.9919231,1770595325000,0.0
synthetic-07-05,53,14.5574889,120.9917274,1770595327000,0.0
synthetic-07-05,54,14.5574291,120.9915318,1770595329000,0.0
synthetic-07-05,55,14.5573693,120.9913361,1770595331000,0.0
synthetic-07-05,56,14.5573096,120.9911405,1770595333000,0.0
synthetic-07-05,57,14.5572498,120.9909448,1770595335000,0.0
synthetic-07-05,58,14.55719,120.9907492,1770595337000,0.0
synthetic-07-05,59,14.5570719,120.9906654,1770595339000,0.0
synthetic-07-05,60,14.5570046,120.9904722,1770595341000,0.0
synthetic-07-05,61,14.5569372,120.990279,1770595343000,0.0
synthetic-07-05,62,14.5568698,120.9900859,1770595345000,0.0
synthetic-07-05,63,14.5568023,120.9898928,1770595347000,0.0
synthetic-07-05,64,14.5567348,120.9896996,1770595349000,0.0
synthetic-07-05,65,14.5566673,120.9895065,1770595351000,0.0
synthetic-07-05,66,14.5565981,120.989314,1770595353000,0.0
synthetic-07-05,67,14.5565281,120.9891218,1770595355000,0.0
synthetic-07-05,68,14.5564621,120.9889282,1770595357000,0.0
synthetic-07-05,69,14.556396,120.9887345,1770595359000,0.0
synthetic-07-05,70,14.55633,120.9885409,1770595361000,0.0
synthetic-07-05,71,14.5563074,120.9884756,1770595363000,0.0
synthetic-07-05,72,14.5561574,120.9885608,1770595365000,0.0
synthetic-07-05,73,14.5559628,120.9886237,1770595367000,0.0
synthetic-07-05,74,14.5557681,120.9886867,1770595369000,0.0
synthetic-07-05,75,14.5555735,120.9887497,1770595371000,0.0
synthetic-07-05,76,14.5553788,120.9888125,1770595373000,0.0
synthetic-07-05,77,14.555184,120.9888751,1770595375000,0.0
synthetic-07-05,78,14.5549895,120.9889383,1770595377000,0.0
synthetic-07-05,79,14.5548114,120.9889484,1770595379000,0.0
synthetic-07-06,0,14.5643695,120.9943615,1771210821000,0.0
synthetic-07-06,1,14.5644197,120.9944202,1771210823000,0.0
synthetic-07-06,2,14.5645084,120.9943787,1771210825000,0.0
synthetic-07-06,3,14.5645966,120.9943361,1771210827000,0.0
synthetic-07-06,4,14.5646848,120.9942935,1771210829000,0.0
synthetic-07-06,5,14.5647729,120.9942509,1771210831000,0.0
synthetic-07-06,6,14.5648611,120.9942083,1771210833000,0.0
synthetic-07-06,7,14.5649493,120.9941658,1771210835000,0.0
synthetic-07-06,8,14.5650375,120.9941232,1771210837000,0.0
synthetic-07-06,9,14.5651257,120.9940806,1771210839000,0.0
synthetic-07-06,10,14.565215,120.9940405,1771210841000,0.0
synthetic-07-06,11,14.5653044,120.9940005,1771210843000,0.0
synthetic-07-06,12,14.5653459,120.9939453,1771210845000,0.0
synthetic-07-06,13,14.5653537,120.9939591,1771210847000,0.0
synthetic-07-06,14,14.5654358,120.9939438,1771210849000,0.0
synthetic-07-06,15,14.5655258,120.9939051,1771210851000,0.0
synthetic-07-06,16,14.5656144,120.9938633,1771210853000,0.0
synthetic-07-06,17,14.5657026,120.9938209,1771210855000,0.0
synthetic-07-06,18,14.5657796,120.99381,1771210857000,0.0
synthetic-07-06,19,14.5658191,120.9938996,1771210859000,0.0
synthetic-07-06,20,14.5658582,120.9939894,1771210861000,0.0
synthetic-07-06,21,14.5658973,120.9940792,1771210863000,0.0
synthetic-07-06,22,14.5659364,120.994169,1771210865000,0.0
synthetic-07-06,23,14.5659754,120.9942588,1771210867000,0.0
synthetic-07-06,24,14.5660145,120.9943486,1771210869000,0.0
synthetic-07-06,25,14.5660536,120.9944384,1771210871000,0.0
synthetic-07-06,26,14.5660927,120.9945282,1771210873000,0.0
synthetic-07-06,27,14.5661727,120.9945095,1771210875000,0.0
synthetic-07-06,28,14.5662614,120.994468,1771210877000,0.0
synthetic-07-06,29,14.5663499,120.9944259,1771210879000,0.0
synthetic-07-06,30,14.5664382,120.9943835,1771210881000,0.0
synthetic-07-06,31,14.5665264,120.9943411,1771210883000,0.0
synthetic-07-06,32,14.5666146,120.9942986,1771210885000,0.0
synthetic-07-06,33,14.5667028,120.994256,1771210887000,0.0
synthetic-07-06,34,14.5667911,120.9942135,1771210889000,0.0
synthetic-07-06,35,14.5668794,120.9941712,1771210891000,0.0
synthetic-07-06,36,14.5669678,120.9941292,1771210893000,0.0
synthetic-07-06,37,14.5670563,120.9940872,1771210895000,0.0
synthetic-07-06,38,14.5671448,120.9940452,1771210897000,0.0
synthetic-07-06,39,14.5672332,120.9940032,1771210899000,0.0
synthetic-07-06,40,14.5673221,120.993962,1771210901000,0.0
synthetic-07-06,41,14.5674111,120.9939212,1771210903000,0.0
synthetic-07-06,42,14.5675001,120.9938803,1771210905000,0.0
synthetic-07-06,43,14.5675891,120.9938394,1771210907000,0.0
synthetic-07-06,44,14.5676781,120.9937986,1771210909000,0.0
synthetic-07-06,45,14.5677671,120.9937577,1771210911000,0.0
synthetic-07-07,0,14.5587681,120.996085,1771815621000,0.0
synthetic-07-07,1,14.5588512,120.996111,1771815623000,0.0
synthetic-07-07,2,14.5589689,120.9960838,1771815625000,0.0
synthetic-07-07,3,14.5590865,120.9960567,1771815627000,0.0
synthetic-07-07,4,14.5592041,120.9960296,1771815629000,0.0
synthetic-07-07,5,14.5593218,120.9960025,1771815631000,0.0
synthetic-07-07,6,14.5594394,120.9959754,1771815633000,0.0
synthetic-07-07,7,14.559557,120.9959483,1771815635000,0.0
synthetic-07-07,8,14.5596746,120.995921,1771815637000,0.0
synthetic-07-07,9,14.5597922,120.9958937,1771815639000,0.0
synthetic-07-07,10,14.5599098,120.9958664,1771815641000,0.0
synthetic-07-07,11,14.5600274,120.9958391,1771815643000,0.0
synthetic-07-07,12,14.560145,120.9958119,1771815645000,0.0
synthetic-07-07,13,14.5601856,120.9957361,1771815647000,0.0
synthetic-07-07,14,14.5601656,120.995617,1771815649000,0.0
synthetic-07-07,15,14.5601471,120.9954978,1771815651000,0.0
synthetic-07-07,16,14.5601285,120.9953785,1771815653000,0.0
synthetic-07-07,17,14.56011,120.9952592,1771815655000,0.0
synthetic-07-07,18,14.5600915,120.9951399,1771815657000,0.0
synthetic-07-07,19,14.5600733,120.9950206,1771815659000,0.0
synthetic-07-07,20,14.560055,120.9949012,1771815661000,0.0
synthetic-07-07,21,14.5600345,120.9947823,1771815663000,0.0
synthetic-07-07,22,14.5600137,120.9946634,1771815665000,0.0
synthetic-07-07,23,14.5599931,120.9945444,1771815667000,0.0
synthetic-07-07,24,14.5600959,120.994499,1771815669000,0.0
synthetic-07-07,25,14.5602102,120.9944601,1771815671000,0.0
synthetic-07-07,26,14.5603163,120.9944025,1771815673000,0.0
synthetic-07-07,27,14.5604223,120.9943449,1771815675000,0.0
synthetic-07-07,28,14.5605284,120.9942872,1771815677000,0.0
synthetic-07-07,29,14.5606345,120.9942296,1771815679000,0.0
synthetic-07-07,30,14.5607405,120.9941719,1771815681000,0.0
synthetic-07-07,31,14.5608466,120.9941143,1771815683000,0.0
synthetic-07-07,32,14.5609524,120.9940562,1771815685000,0.0
synthetic-07-07,33,14.5610579,120.9939974,1771815687000,0.0
synthetic-07-07,34,14.5611616,120.9939357,1771815689000,0.0
synthetic-07-07,35,14.5612254,120.9938469,1771815691000,0.0
synthetic-07-07,36,14.5612184,120.9938952,1771815693000,0.0
synthetic-07-07,37,14.5612719,120.9940021,1771815695000,0.0
synthetic-07-07,38,14.5613312,120.9941072,1771815697000,0.0
synthetic-07-07,39,14.561407,120.9941998,1771815699000,0.0
synthetic-07-07,40,14.5614892,120.9941456,1771815701000,0.0
synthetic-07-07,41,14.5614876,120.9940559,1771815703000,0.0
synthetic-07-07,42,14.5614096,120.9939638,1771815705000,0.0
synthetic-07-07,43,14.561341,120.9938645,1771815707000,0.0
synthetic-07-07,44,14.5612841,120.9937582,1771815709000,0.0
synthetic-07-07,45,14.5612306,120.9938113,1771815711000,0.0
synthetic-07-08,0,14.5618298,120.9968042,1772420421000,0.0
synthetic-07-08,1,14.5617189,120.9968457,1772420423000,0.0
synthetic-07-08,2,14.561608,120.9968871,1772420425000,0.0
synthetic-07-08,3,14.5614971,120.9969286,1772420427000,0.0
synthetic-07-08,4,14.5613862,120.9969701,1772420429000,0.0
synthetic-07-08,5,14.5612753,120.9970115,1772420431000,0.0
synthetic-07-08,6,14.5611639,120.9970515,1772420433000,0.0
synthetic-07-08,7,14.5610525,120.9970917,1772420435000,0.0
synthetic-07-08,8,14.5609412,120.9971319,1772420437000,0.0
synthetic-07-08,9,14.5608298,120.9971722,1772420439000,0.0
synthetic-07-08,10,14.5607184,120.9972121,1772420441000,0.0
synthetic-07-08,11,14.5606068,120.9972517,1772420443000,0.0
synthetic-07-08,12,14.5604952,120.9972914,1772420445000,0.0
synthetic-07-08,13,14.5603841,120.9973322,1772420447000,0.0
synthetic-07-08,14,14.5602731,120.9973735,1772420449000,0.0
synthetic-07-08,15,14.5601617,120.9974136,1772420451000,0.0
synthetic-07-08,16,14.5600505,120.9974542,1772420453000,0.0
synthetic-07-08,17,14.5599393,120.9974948,1772420455000,0.0
synthetic-07-08,18,14.5598285,120.9975366,1772420457000,0.0
synthetic-07-08,19,14.5597187,120.9975809,1772420459000,0.0
synthetic-07-08,20,14.559609,120.9976253,1772420461000,0.0
synthetic-07-08,21,14.5594972,120.9976636,1772420463000,0.0
synthetic-07-08,22,14.5593825,120.997693,1772420465000,0.0
synthetic-07-08,23,14.5592678,120.9977224,1772420467000,0.0
synthetic-07-08,24,14.5591531,120.9977518,1772420469000,0.0
synthetic-07-08,25,14.5590384,120.9977812,1772420471000,0.0
synthetic-07-08,26,14.5589237,120.9978106,1772420473000,0.0
synthetic-07-08,27,14.5588091,120.99784,1772420475000,0.0
synthetic-07-08,28,14.5586944,120.9978695,1772420477000,0.0
synthetic-07-08,29,14.5585824,120.9979078,1772420479000,0.0
synthetic-07-08,30,14.5584706,120.9979469,1772420481000,0.0
synthetic-07-08,31,14.5583589,120.997986,1772420483000,0.0
synthetic-07-08,32,14.5582471,120.9980251,1772420485000,0.0
synthetic-07-08,33,14.5581354,120.9980642,1772420487000,0.0
synthetic-07-08,34,14.5580236,120.9981033,1772420489000,0.0
synthetic-07-08,35,14.5579119,120.9981424,1772420491000,0.0
synthetic-07-08,36,14.5578001,120.9981815,1772420493000,0.0
synthetic-07-08,37,14.5576866,120.9982151,1772420495000,0.0
synthetic-07-08,38,14.5575725,120.9982467,1772420497000,0.0
synthetic-07-08,39,14.5574584,120.9982783,1772420499000,0.0
synthetic-07-08,40,14.5573443,120.9983099,1772420501000,0.0
synthetic-07-08,41,14.5572302,120.9983415,1772420503000,0.0
synthetic-07-08,42,14.5571161,120.9983732,1772420505000,0.0
synthetic-07-08,43,14.557002,120.9984048,1772420507000,0.0
synthetic-07-08,44,14.5568879,120.9984364,1772420509000,0.0
synthetic-07-08,45,14.5567732,120.9984653,1772420511000,0.0
synthetic-07-09,0,14.5643695,120.9943615,1773025221000,0.0
synthetic-07-09,1,14.5642528,120.9943351,1773025223000,0.0
synthetic-07-09,2,14.5640969,120.9944073,1773025225000,0.0
synthetic-07-09,3,14.5639412,120.9944797,1773025227000,0.0
synthetic-07-09,4,14.5637869,120.9945552,1773025229000,0.0
synthetic-07-09,5,14.5636336,120.9946327,1773025231000,0.0
synthetic-07-09,6,14.563479,120.9947073,1773025233000,0.0
synthetic-07-09,7,14.5633233,120.9947799,1773025235000,0.0
synthetic-07-09,8,14.5631672,120.9948517,1773025237000,0.0
synthetic-07-09,9,14.5630118,120.9949249,1773025239000,0.0
synthetic-07-09,10,14.5628564,120.994998,1773025241000,0.0
synthetic-07-09,11,14.562701,120.9950711,1773025243000,0.0
synthetic-07-09,12,14.5625989,120.9951651,1773025245000,0.0
synthetic-07-09,13,14.5626002,120.9951391,1773025247000,0.0
synthetic-07-09,14,14.5624803,120.995136,1773025249000,0.0
synthetic-07-09,15,14.5623168,120.9951884,1773025251000,0.0
synthetic-07-09,16,14.5621505,120.9952315,1773025253000,0.0
synthetic-07-09,17,14.5619843,120.9952746,1773025255000,0.0
synthetic-07-09,18,14.561818,120.9953177,1773025257000,0.0
synthetic-07-09,19,14.5616517,120.9953608,1773025259000,0.0
synthetic-07-09,20,14.5614854,120.9954038,1773025261000,0.0
synthetic-07-09,21,14.5613192,120.9954469,1773025263000,0.0
synthetic-07-09,22,14.5611529,120.99549,1773025265000,0.0
synthetic-07-09,23,14.5609871,120.9955334,1773025267000,0.0
synthetic-07-09,24,14.5608976,120.9955536,1773025269000,0.0
synthetic-07-09,25,14.5607301,120.9955918,1773025271000,0.0
synthetic-07-09,26,14.5605625,120.9956291,1773025273000,0.0
synthetic-07-09,27,14.5603948,120.9956664,1773025275000,0.0
synthetic-07-09,28,14.5602271,120.9957038,1773025277000,0.0
synthetic-07-09,29,14.560175,120.9956775,1773025279000,0.0
synthetic-07-09,30,14.5601486,120.9955078,1773025281000,0.0
synthetic-07-09,31,14.5601222,120.995338,1773025283000,0.0
synthetic-07-09,32,14.5600959,120.9951683,1773025285000,0.0
synthetic-07-09,33,14.5600699,120.9949985,1773025287000,0.0
synthetic-07-09,34,14.5600426,120.9948289,1773025289000,0.0
synthetic-07-09,35,14.5600131,120.9946597,1773025291000,0.0
synthetic-07-09,36,14.559984,120.9944904,1773025293000,0.0
synthetic-07-09,37,14.5599557,120.994321,1773025295000,0.0
synthetic-07-09,38,14.5599275,120.9941516,1773025297000,0.0
synthetic-07-09,39,14.5598992,120.9939822,1773025299000,0.0
synthetic-07-09,40,14.5598709,120.9938127,1773025301000,0.0
synthetic-07-09,41,14.5598427,120.9936433,1773025303000,0.0
synthetic-07-09,42,14.5598144,120.9934739,1773025305000,0.0
synthetic-07-09,43,14.5597861,120.9933045,1773025307000,0.0
synthetic-07-09,44,14.5597579,120.993135,1773025309000,0.0
synthetic-07-09,45,14.5597296,120.9929656,1773025311000,0.0
synthetic-07-10,0,14.570849,120.9935069,1773630021000,0.0
synthetic-07-10,1,14.5708248,120.993443,1773630023000,0.0
synthetic-07-10,2,14.5708005,120.993379,1773630025000,0.0
synthetic-07-10,3,14.5707763,120.9933151,1773630027000,0.0
synthetic-07-10,4,14.5707521,120.9932511,1773630029000,0.0
synthetic-07-10,5,14.5707279,120.9931872,1773630031000,0.0
synthetic-07-10,6,14.5707036,120.9931233,1773630033000,0.0
synthetic-07-10,7,14.5706794,120.9930593,1773630035000,0.0
synthetic-07-10,8,14.5706552,120.9929954,1773630037000,0.0
synthetic-07-10,9,14.5706309,120.9929315,1773630039000,0.0
synthetic-07-10,10,14.5706067,120.9928675,1773630041000,0.0
synthetic-07-10,11,14.5705825,120.9928036,1773630043000,0.0
synthetic-07-10,12,14.5705583,120.9927396,1773630045000,0.0
synthetic-07-10,13,14.570534,120.9926757,1773630047000,0.0
synthetic-07-10,14,14.5705098,120.9926117,1773630049000,0.0
synthetic-07-10,15,14.5704856,120.9925478,1773630051000,0.0
synthetic-07-10,16,14.5704614,120.9924838,1773630053000,0.0
synthetic-07-10,17,14.5705125,120.9924479,1773630055000,0.0
synthetic-07-10,18,14.5705725,120.9924152,1773630057000,0.0
synthetic-07-10,19,14.5706326,120.9923826,1773630059000,0.0
synthetic-07-10,20,14.5706927,120.99235,1773630061000,0.0
synthetic-07-10,21,14.5707528,120.9923174,1773630063000,0.0
synthetic-07-10,22,14.5708129,120.9922847,1773630065000,0.0
synthetic-07-10,23,14.570873,120.9922521,1773630067000,0.0
synthetic-07-10,24,14.5709331,120.9922195,1773630069000,0.0
synthetic-07-10,25,14.5709931,120.9921867,1773630071000,0.0
synthetic-07-10,26,14.5710529,120.9921535,1773630073000,0.0
synthetic-07-10,27,14.5710874,120.9921182,1773630075000,0.0
synthetic-07-10,28,14.5710339,120.9920755,1773630077000,0.0
synthetic-07-10,29,14.5709803,120.9920331,1773630079000,0.0
synthetic-07-10,30,14.5709262,120.9919913,1773630081000,0.0
synthetic-07-10,31,14.5708724,120.9919491,1773630083000,0.0
synthetic-07-10,32,14.5708193,120.991906,1773630085000,0.0
synthetic-07-10,33,14.5707662,120.9918629,1773630087000,0.0
synthetic-07-10,34,14.5707132,120.9918198,1773630089000,0.0
synthetic-07-10,35,14.5706555,120.9917838,1773630091000,0.0
synthetic-07-10,36,14.5705943,120.9917533,1773630093000,0.0
synthetic-07-10,37,14.5705331,120.9917229,1773630095000,0.0
synthetic-07-10,38,14.5704718,120.9916925,1773630097000,0.0
synthetic-07-10,39,14.5704117,120.9916611,1773630099000,0.0
synthetic-07-10,40,14.5703905,120.9915961,1773630101000,0.0
synthetic-07-10,41,14.5704003,120.9915437,1773630103000,0.0
synthetic-07-10,42,14.5704608,120.9915119,1773630105000,0.0
synthetic-07-10,43,14.5705213,120.99148,1773630107000,0.0
synthetic-07-10,44,14.5705818,120.9914482,1773630109000,0.0
synthetic-07-10,45,14.5706423,120.9914163,1773630111000,0.0
synthetic-07-11,0,14.5643695,120.9943615,1774234821000,0.0
synthetic-07-11,1,14.5644197,120.9944202,1774234823000,0.0
synthetic-07-11,2,14.5645084,120.9943787,1774234825000,0.0
synthetic-07-11,3,14.5645966,120.9943361,1774234827000,0.0
synthetic-07-11,4,14.5646848,120.9942935,1774234829000,0.0
synthetic-07-11,5,14.5647729,120.9942509,1774234831000,0.0
synthetic-07-11,6,14.5648611,120.9942083,1774234833000,0.0
synthetic-07-11,7,14.5649493,120.9941658,1774234835000,0.0
synthetic-07-11,8,14.5650375,120.9941232,1774234837000,0.0
synthetic-07-11,9,14.5651257,120.9940806,1774234839000,0.0
synthetic-07-11,10,14.565215,120.9940405,1774234841000,0.0
synthetic-07-11,11,14.5653044,120.9940005,1774234843000,0.0
synthetic-07-11,12,14.5653459,120.9939453,1774234845000,0.0
synthetic-07-11,13,14.5653537,120.9939591,1774234847000,0.0
synthetic-07-11,14,14.5654358,120.9939438,1774234849000,0.0
synthetic-07-11,15,14.5655258,120.9939051,1774234851000,0.0
synthetic-07-11,16,14.5656144,120.9938633,1774234853000,0.0
synthetic-07-11,17,14.5657026,120.9938209,1774234855000,0.0
synthetic-07-11,18,14.5657796,120.99381,1774234857000,0.0
synthetic-07-11,19,14.5658191,120.9938996,1774234859000,0.0
synthetic-07-11,20,14.5658582,120.9939894,1774234861000,0.0
synthetic-07-11,21,14.5658973,120.9940792,1774234863000,0.0
synthetic-07-11,22,14.5659364,120.994169,1774234865000,0.0
synthetic-07-11,23,14.5659754,120.9942588,1774234867000,0.0
synthetic-07-11,24,14.5660145,120.9943486,1774234869000,0.0
synthetic-07-11,25,14.5660536,120.9944384,1774234871000,0.0
synthetic-07-11,26,14.5660927,120.9945282,1774234873000,0.0
synthetic-07-11,27,14.5661727,120.9945095,1774234875000,0.0
synthetic-07-11,28,14.5662614,120.994468,1774234877000,0.0
synthetic-07-11,29,14.5663499,120.9944259,1774234879000,0.0
synthetic-07-11,30,14.5664382,120.9943835,1774234881000,0.0
synthetic-07-11,31,14.5665264,120.9943411,1774234883000,0.0
synthetic-07-11,32,14.5666146,120.9942986,1774234885000,0.0
synthetic-07-11,33,14.5667028,120.994256,1774234887000,0.0
synthetic-07-11,34,14.5667911,120.9942135,1774234889000,0.0
synthetic-07-11,35,14.5668794,120.9941712,1774234891000,0.0
synthetic-07-11,36,14.5669678,120.9941292,1774234893000,0.0
synthetic-07-11,37,14.5670563,120.9940872,1774234895000,0.0
synthetic-07-11,38,14.5671448,120.9940452,1774234897000,0.0
synthetic-07-11,39,14.5672332,120.9940032,1774234899000,0.0
synthetic-07-11,40,14.5673221,120.993962,1774234901000,0.0
synthetic-07-11,41,14.5674111,120.9939212,1774234903000,0.0
synthetic-07-11,42,14.5675001,120.9938803,1774234905000,0.0
synthetic-07-11,43,14.5675891,120.9938394,1774234907000,0.0
synthetic-07-11,44,14.5676781,120.9937986,1774234909000,0.0
synthetic-07-11,45,14.5677671,120.9937577,1774234911000,0.0
