{"type": "FeatureCollection", "features": [{"type": "Feature", "geometry": {"type": "MultiLineString", "coordinates": [[[120.99436149998996, 14.56436945000896], [120.9942929, 14.5643405], [120.99431729999999, 14.564290900000001], [120.9943319, 14.564259800000002], [120.9944733, 14.563954199999998], [120.994553, 14.563791099999998], [120.9945788, 14.563741999999998], [120.9946819, 14.563534799999998], [120.99469900000001, 14.5634968], [120.9948357, 14.5632037], [120.99485170000001, 14.563167299999998], [120.9950822, 14.562677500000003], [120.9950958, 14.5626023], [120.9952378906122, 14.562595410371378]], [[120.9952378906122, 14.562595410371378], [120.9950958, 14.5626023], [120.995183, 14.562337700000002], [120.995533, 14.560986999999997], [120.99557209999794, 14.560996400003068]], [[120.99557209999794, 14.560996400003068], [120.995533, 14.560986999999997], [120.9955802, 14.560782300000005], [120.9957141, 14.560180699999995], [120.99575664999769, 14.560190150003631]], [[120.99575664999769, 14.560190150003631], [120.9957141, 14.560180699999995], [120.99519970000001, 14.560100700000003], [120.9948939, 14.560053899999996], [120.99459030000001, 14.560000999999998], [120.99453429999998, 14.559991299999993]], [[120.99453429999998, 14.559991299999993], [120.9929656, 14.559729599999997]]]}, "properties": {"event_key": "7dc5794119b8ffe1", "role": "preferred_observed", "primary_reason": "followed: no logged deviation and GPS follows the suggestion through a branching node", "length_m": 844.5, "road_names": "Taft Avenue > Menlo Street"}}, {"type": "Feature", "geometry": {"type": "MultiLineString", "coordinates": [[[120.99436149998996, 14.56436945000896], [120.9942929, 14.5643405], [120.99431729999999, 14.564290900000001], [120.9943319, 14.564259800000002], [120.9944733, 14.563954199999998], [120.994553, 14.563791099999998], [120.9945788, 14.563741999999998], [120.9946819, 14.563534799999998], [120.99469900000001, 14.5634968], [120.9948357, 14.5632037], [120.99485170000001, 14.563167299999998], [120.9950822, 14.562677500000003], [120.9950958, 14.5626023], [120.9952378906122, 14.562595410371378]], [[120.9952378906122, 14.562595410371378], [120.9950958, 14.5626023], [120.995183, 14.562337700000002], [120.995533, 14.560986999999997], [120.99557209999794, 14.560996400003068]], [[120.99557209999794, 14.560996400003068], [120.995533, 14.560986999999997], [120.9955802, 14.560782300000005], [120.9957141, 14.560180699999995], [120.99575664999769, 14.560190150003631]], [[120.99575664999769, 14.560190150003631], [120.9957141, 14.560180699999995], [120.99519970000001, 14.560100700000003], [120.9948939, 14.560053899999996], [120.99459030000001, 14.560000999999998], [120.99453429999998, 14.559991299999993]], [[120.99453429999998, 14.559991299999993], [120.9929656, 14.559729599999997]]]}, "properties": {"event_key": "7dc5794119b8ffe1", "role": "rejected_suggestion", "primary_reason": "followed: no logged deviation and GPS follows the suggestion through a branching node", "length_m": 844.5, "road_names": "Taft Avenue > Menlo Street"}}, {"type": "Feature", "geometry": {"type": "MultiLineString", "coordinates": [[[120.99350690000001, 14.570849000000004], [120.99314690000001, 14.570712599999997], [120.99302384997038, 14.57066595002919]], [[120.99302384997038, 14.57066595002919], [120.9929008, 14.570619300000004], [120.99247700000001, 14.570458800000003]], [[120.99247700000001, 14.570458800000003], [120.9922393, 14.570896599999996], [120.992196, 14.570976300000005], [120.99216185001032, 14.571037800003854]], [[120.99216185001032, 14.571037800003854], [120.9921277, 14.571099299999998], [120.9920754, 14.5710338], [120.9920473, 14.5709986], [120.9919593, 14.570884899999996], [120.99180080000001, 14.570689799999997], [120.99166292284325, 14.57041231425933]], [[120.99166292284325, 14.57041231425933], [120.9915558, 14.570377300000002], [120.99149890000001, 14.5704854], [120.9914163, 14.570642300000001]]]}, "properties": {"event_key": "c1b6c409d6b00d45", "role": "preferred_observed", "primary_reason": "followed: no logged deviation and GPS follows the suggestion through a branching node", "length_m": 336.0, "road_names": "San Andres Street > Leon Guinto Street > Quirino Avenue > Taft Avenue"}}, {"type": "Feature", "geometry": {"type": "MultiLineString", "coordinates": [[[120.99350690000001, 14.570849000000004], [120.99314690000001, 14.570712599999997], [120.99302384997038, 14.57066595002919]], [[120.99302384997038, 14.57066595002919], [120.9929008, 14.570619300000004], [120.99247700000001, 14.570458800000003]], [[120.99247700000001, 14.570458800000003], [120.9922393, 14.570896599999996], [120.992196, 14.570976300000005], [120.99216185001032, 14.571037800003854]], [[120.99216185001032, 14.571037800003854], [120.9921277, 14.571099299999998], [120.9920754, 14.5710338], [120.9920473, 14.5709986], [120.9919593, 14.570884899999996], [120.99180080000001, 14.570689799999997], [120.99166292284325, 14.57041231425933]], [[120.99166292284325, 14.57041231425933], [120.9915558, 14.570377300000002], [120.99149890000001, 14.5704854], [120.9914163, 14.570642300000001]]]}, "properties": {"event_key": "c1b6c409d6b00d45", "role": "rejected_suggestion", "primary_reason": "followed: no logged deviation and GPS follows the suggestion through a branching node", "length_m": 336.0, "road_names": "San Andres Street > Leon Guinto Street > Quirino Avenue > Taft Avenue"}}, {"type": "Feature", "geometry": {"type": "MultiLineString", "coordinates": [[[120.99436149998996, 14.56436945000896], [120.99443010000002, 14.564398400000004], [120.9943798, 14.564506], [120.99407250000002, 14.5651425], [120.994046, 14.565202700000002], [120.9939889, 14.565330400000006], [120.9939752, 14.565362799999999], [120.9939095999882, 14.565325750007856]], [[120.9939095999882, 14.565325750007856], [120.9939752, 14.565362799999999], [120.99389859999998, 14.565540899999995], [120.99378870000001, 14.5657698]], [[120.99378870000001, 14.5657698], [120.993827, 14.5657875], [120.99454380000002, 14.566099500000004], [120.9944542373156, 14.566290727412246]], [[120.9944542373156, 14.566290727412246], [120.99436290000001, 14.566481199999997], [120.9942839, 14.566645000000001], [120.994184, 14.5668523], [120.9939931, 14.5672544]], [[120.9939931, 14.5672544], [120.99375770000002, 14.567767100000001]]]}, "properties": {"event_key": "cfe67a9fac44cd36", "role": "preferred_observed", "primary_reason": "followed: no logged deviation and GPS follows the suggestion through a branching node", "length_m": 483.7, "road_names": "Taft Avenue > Dagonoy Street > Leon Guinto Street"}}, {"type": "Feature", "geometry": {"type": "MultiLineString", "coordinates": [[[120.99436149998996, 14.56436945000896], [120.99443010000002, 14.564398400000004], [120.9943798, 14.564506], [120.99407250000002, 14.5651425], [120.994046, 14.565202700000002], [120.9939889, 14.565330400000006], [120.9939752, 14.565362799999999], [120.9939095999882, 14.565325750007856]], [[120.9939095999882, 14.565325750007856], [120.9939752, 14.565362799999999], [120.99389859999998, 14.565540899999995], [120.99378870000001, 14.5657698]], [[120.99378870000001, 14.5657698], [120.993827, 14.5657875], [120.99454380000002, 14.566099500000004], [120.9944542373156, 14.566290727412246]], [[120.9944542373156, 14.566290727412246], [120.99436290000001, 14.566481199999997], [120.9942839, 14.566645000000001], [120.994184, 14.5668523], [120.9939931, 14.5672544]], [[120.9939931, 14.5672544], [120.99375770000002, 14.567767100000001]]]}, "properties": {"event_key": "cfe67a9fac44cd36", "role": "rejected_suggestion", "primary_reason": "followed: no logged deviation and GPS follows the suggestion through a branching node", "length_m": 483.7, "road_names": "Taft Avenue > Dagonoy Street > Leon Guinto Street"}}, {"type": "Feature", "geometry": {"type": "MultiLineString", "coordinates": [[[120.99608499999786, 14.558768100003782], [120.99612820000002, 14.558776500000004], [120.99609500000001, 14.5589204], [120.99595129999999, 14.5595439], [120.99579920000001, 14.560199600000002], [120.99575664999769, 14.560190150003631]], [[120.99575664999769, 14.560190150003631], [120.9957141, 14.560180699999995], [120.99519970000001, 14.560100700000003], [120.9948939, 14.560053899999996], [120.99459030000001, 14.560000999999998], [120.99453429999998, 14.559991299999993]], [[120.99453429999998, 14.559991299999993], [120.99446070000002, 14.560209199999996], [120.9940779, 14.560913499999996], [120.99397859999999, 14.5610916], [120.9939015, 14.5612175], [120.99381133713109, 14.561230570051167]], [[120.99381133713109, 14.561230570051167], [120.9939015, 14.5612175], [120.993924, 14.561227900000002], [120.9941458, 14.561353], [120.99421689999998, 14.5614241], [120.9941596000134, 14.561476450008872]], [[120.9941596000134, 14.561476450008872], [120.99410229999998, 14.561528800000001], [120.9940337, 14.561467800000003], [120.9939538, 14.561401200000002], [120.9938419, 14.561325800000004], [120.9937307, 14.561270399999998], [120.99381133713109, 14.561230570051167]]]}, "properties": {"event_key": "8d50e75fee93f4f0", "role": "preferred_observed", "primary_reason": "followed: no logged deviation and GPS follows the suggestion through a branching node", "length_m": 593.8, "road_names": "Taft Avenue > Menlo Street > Donada Street > Pablo Ocampo Street"}}, {"type": "Feature", "geometry": {"type": "MultiLineString", "coordinates": [[[120.99608499999786, 14.558768100003782], [120.99612820000002, 14.558776500000004], [120.99609500000001, 14.5589204], [120.99595129999999, 14.5595439], [120.99579920000001, 14.560199600000002], [120.99575664999769, 14.560190150003631]], [[120.99575664999769, 14.560190150003631], [120.9957141, 14.560180699999995], [120.99519970000001, 14.560100700000003], [120.9948939, 14.560053899999996], [120.99459030000001, 14.560000999999998], [120.99453429999998, 14.559991299999993]], [[120.99453429999998, 14.559991299999993], [120.99446070000002, 14.560209199999996], [120.9940779, 14.560913499999996], [120.99397859999999, 14.5610916], [120.9939015, 14.5612175], [120.99381133713109, 14.561230570051167]], [[120.99381133713109, 14.561230570051167], [120.9939015, 14.5612175], [120.993924, 14.561227900000002], [120.9941458, 14.561353], [120.99421689999998, 14.5614241], [120.9941596000134, 14.561476450008872]], [[120.9941596000134, 14.561476450008872], [120.99410229999998, 14.561528800000001], [120.9940337, 14.561467800000003], [120.9939538, 14.561401200000002], [120.9938419, 14.561325800000004], [120.9937307, 14.561270399999998], [120.99381133713109, 14.561230570051167]]]}, "properties": {"event_key": "8d50e75fee93f4f0", "role": "rejected_suggestion", "primary_reason": "followed: no logged deviation and GPS follows the suggestion through a branching node", "length_m": 593.8, "road_names": "Taft Avenue > Menlo Street > Donada Street > Pablo Ocampo Street"}}, {"type": "Feature", "geometry": {"type": "MultiLineString", "coordinates": [[[120.99719810000002, 14.560757999999998], [120.9970367, 14.561204800000002], [120.9970246, 14.5612404], [120.99680420000001, 14.561829799999996]], [[120.99680420000001, 14.561829799999996], [120.9970246, 14.5612404], [120.9970367, 14.561204800000002], [120.99719810000002, 14.560757999999998]], [[120.99719810000002, 14.560757999999998], [120.99728720000002, 14.560506499999999], [120.9973565, 14.560318199999998]], [[120.9973565, 14.560318199999998], [120.997379, 14.5602584], [120.9974123, 14.560165399999995], [120.997523, 14.559862100000004], [120.9976331, 14.559589600000008]], [[120.9976331, 14.559589600000008], [120.9976532, 14.559537799999998], [120.99787169999999, 14.5586856], [120.99802980000001, 14.558233699999999], [120.99809830000001, 14.558037899999999], [120.9981922, 14.557769499999996]]]}, "properties": {"event_key": "a4d649b458528e71", "role": "preferred_observed", "primary_reason": "followed: no logged deviation and GPS follows the suggestion through a branching node", "length_m": 602.4, "road_names": "Dominga Street"}}, {"type": "Feature", "geometry": {"type": "MultiLineString", "coordinates": [[[120.99719810000002, 14.560757999999998], [120.9970367, 14.561204800000002], [120.9970246, 14.5612404], [120.99680420000001, 14.561829799999996]], [[120.99680420000001, 14.561829799999996], [120.9970246, 14.5612404], [120.9970367, 14.561204800000002], [120.99719810000002, 14.560757999999998]], [[120.99719810000002, 14.560757999999998], [120.99728720000002, 14.560506499999999], [120.9973565, 14.560318199999998]], [[120.9973565, 14.560318199999998], [120.997379, 14.5602584], [120.9974123, 14.560165399999995], [120.997523, 14.559862100000004], [120.9976331, 14.559589600000008]], [[120.9976331, 14.559589600000008], [120.9976532, 14.559537799999998], [120.99787169999999, 14.5586856], [120.99802980000001, 14.558233699999999], [120.99809830000001, 14.558037899999999], [120.9981922, 14.557769499999996]]]}, "properties": {"event_key": "a4d649b458528e71", "role": "rejected_suggestion", "primary_reason": "followed: no logged deviation and GPS follows the suggestion through a branching node", "length_m": 602.4, "road_names": "Dominga Street"}}, {"type": "Feature", "geometry": {"type": "MultiLineString", "coordinates": [[[120.99436149998996, 14.56436945000896], [120.9942929, 14.5643405], [120.99431729999999, 14.564290900000001], [120.9943319, 14.564259800000002], [120.9944733, 14.563954199999998], [120.994553, 14.563791099999998], [120.9945788, 14.563741999999998], [120.9946819, 14.563534799999998], [120.99469900000001, 14.5634968], [120.9948357, 14.5632037], [120.99485170000001, 14.563167299999998], [120.9950822, 14.562677500000003], [120.9950958, 14.5626023], [120.9952378906122, 14.562595410371378]], [[120.9952378906122, 14.562595410371378], [120.9950958, 14.5626023], [120.995183, 14.562337700000002], [120.995533, 14.560986999999997], [120.99557209999794, 14.560996400003068]], [[120.99557209999794, 14.560996400003068], [120.995533, 14.560986999999997], [120.9955802, 14.560782300000005], [120.9957141, 14.560180699999995], [120.99575664999769, 14.560190150003631]], [[120.99575664999769, 14.560190150003631], [120.9957141, 14.560180699999995], [120.99519970000001, 14.560100700000003], [120.9948939, 14.560053899999996], [120.99459030000001, 14.560000999999998], [120.99453429999998, 14.559991299999993]], [[120.99453429999998, 14.559991299999993], [120.9929656, 14.559729599999997]]]}, "properties": {"event_key": "1e70c58b16f9488b", "role": "preferred_observed", "primary_reason": "followed: no logged deviation and GPS follows the suggestion through a branching node", "length_m": 844.5, "road_names": "Taft Avenue > Menlo Street"}}, {"type": "Feature", "geometry": {"type": "MultiLineString", "coordinates": [[[120.99436149998996, 14.56436945000896], [120.9942929, 14.5643405], [120.99431729999999, 14.564290900000001], [120.9943319, 14.564259800000002], [120.9944733, 14.563954199999998], [120.994553, 14.563791099999998], [120.9945788, 14.563741999999998], [120.9946819, 14.563534799999998], [120.99469900000001, 14.5634968], [120.9948357, 14.5632037], [120.99485170000001, 14.563167299999998], [120.9950822, 14.562677500000003], [120.9950958, 14.5626023], [120.9952378906122, 14.562595410371378]], [[120.9952378906122, 14.562595410371378], [120.9950958, 14.5626023], [120.995183, 14.562337700000002], [120.995533, 14.560986999999997], [120.99557209999794, 14.560996400003068]], [[120.99557209999794, 14.560996400003068], [120.995533, 14.560986999999997], [120.9955802, 14.560782300000005], [120.9957141, 14.560180699999995], [120.99575664999769, 14.560190150003631]], [[120.99575664999769, 14.560190150003631], [120.9957141, 14.560180699999995], [120.99519970000001, 14.560100700000003], [120.9948939, 14.560053899999996], [120.99459030000001, 14.560000999999998], [120.99453429999998, 14.559991299999993]], [[120.99453429999998, 14.559991299999993], [120.9929656, 14.559729599999997]]]}, "properties": {"event_key": "1e70c58b16f9488b", "role": "rejected_suggestion", "primary_reason": "followed: no logged deviation and GPS follows the suggestion through a branching node", "length_m": 844.5, "road_names": "Taft Avenue > Menlo Street"}}, {"type": "Feature", "geometry": {"type": "MultiLineString", "coordinates": [[[120.99350690000001, 14.570849000000004], [120.99314690000001, 14.570712599999997], [120.99302384997038, 14.57066595002919]], [[120.99302384997038, 14.57066595002919], [120.9929008, 14.570619300000004], [120.99247700000001, 14.570458800000003]], [[120.99247700000001, 14.570458800000003], [120.9922393, 14.570896599999996], [120.992196, 14.570976300000005], [120.99216185001032, 14.571037800003854]], [[120.99216185001032, 14.571037800003854], [120.9921277, 14.571099299999998], [120.9920754, 14.5710338], [120.9920473, 14.5709986], [120.9919593, 14.570884899999996], [120.99180080000001, 14.570689799999997], [120.99166292284325, 14.57041231425933]], [[120.99166292284325, 14.57041231425933], [120.9915558, 14.570377300000002], [120.99149890000001, 14.5704854], [120.9914163, 14.570642300000001]]]}, "properties": {"event_key": "950dcc95e6c5121f", "role": "preferred_observed", "primary_reason": "followed: no logged deviation and GPS follows the suggestion through a branching node", "length_m": 336.0, "road_names": "San Andres Street > Leon Guinto Street > Quirino Avenue > Taft Avenue"}}, {"type": "Feature", "geometry": {"type": "MultiLineString", "coordinates": [[[120.99350690000001, 14.570849000000004], [120.99314690000001, 14.570712599999997], [120.99302384997038, 14.57066595002919]], [[120.99302384997038, 14.57066595002919], [120.9929008, 14.570619300000004], [120.99247700000001, 14.570458800000003]], [[120.99247700000001, 14.570458800000003], [120.9922393, 14.570896599999996], [120.992196, 14.570976300000005], [120.99216185001032, 14.571037800003854]], [[120.99216185001032, 14.571037800003854], [120.9921277, 14.571099299999998], [120.9920754, 14.5710338], [120.9920473, 14.5709986], [120.9919593, 14.570884899999996], [120.99180080000001, 14.570689799999997], [120.99166292284325, 14.57041231425933]], [[120.99166292284325, 14.57041231425933], [120.9915558, 14.570377300000002], [120.99149890000001, 14.5704854], [120.9914163, 14.570642300000001]]]}, "properties": {"event_key": "950dcc95e6c5121f", "role": "rejected_suggestion", "primary_reason": "followed: no logged deviation and GPS follows the suggestion through a branching node", "length_m": 336.0, "road_names": "San Andres Street > Leon Guinto Street > Quirino Avenue > Taft Avenue"}}, {"type": "Feature", "geometry": {"type": "MultiLineString", "coordinates": [[[120.99436149998996, 14.56436945000896], [120.99443010000002, 14.564398400000004], [120.9943798, 14.564506], [120.99407250000002, 14.5651425], [120.994046, 14.565202700000002], [120.9939889, 14.565330400000006], [120.9939752, 14.565362799999999], [120.9939095999882, 14.565325750007856]], [[120.9939095999882, 14.565325750007856], [120.9939752, 14.565362799999999], [120.99389859999998, 14.565540899999995], [120.99378870000001, 14.5657698]], [[120.99378870000001, 14.5657698], [120.993827, 14.5657875], [120.99454380000002, 14.566099500000004], [120.9944542373156, 14.566290727412246]], [[120.9944542373156, 14.566290727412246], [120.99436290000001, 14.566481199999997], [120.9942839, 14.566645000000001], [120.994184, 14.5668523], [120.9939931, 14.5672544]], [[120.9939931, 14.5672544], [120.99375770000002, 14.567767100000001]]]}, "properties": {"event_key": "823bc2a306e6f5e9", "role": "preferred_observed", "primary_reason": "followed: no logged deviation and GPS follows the suggestion through a branching node", "length_m": 483.7, "road_names": "Taft Avenue > Dagonoy Street > Leon Guinto Street"}}, {"type": "Feature", "geometry": {"type": "MultiLineString", "coordinates": [[[120.99436149998996, 14.56436945000896], [120.99443010000002, 14.564398400000004], [120.9943798, 14.564506], [120.99407250000002, 14.5651425], [120.994046, 14.565202700000002], [120.9939889, 14.565330400000006], [120.9939752, 14.565362799999999], [120.9939095999882, 14.565325750007856]], [[120.9939095999882, 14.565325750007856], [120.9939752, 14.565362799999999], [120.99389859999998, 14.565540899999995], [120.99378870000001, 14.5657698]], [[120.99378870000001, 14.5657698], [120.993827, 14.5657875], [120.99454380000002, 14.566099500000004], [120.9944542373156, 14.566290727412246]], [[120.9944542373156, 14.566290727412246], [120.99436290000001, 14.566481199999997], [120.9942839, 14.566645000000001], [120.994184, 14.5668523], [120.9939931, 14.5672544]], [[120.9939931, 14.5672544], [120.99375770000002, 14.567767100000001]]]}, "properties": {"event_key": "823bc2a306e6f5e9", "role": "rejected_suggestion", "primary_reason": "followed: no logged deviation and GPS follows the suggestion through a branching node", "length_m": 483.7, "road_names": "Taft Avenue > Dagonoy Street > Leon Guinto Street"}}, {"type": "Feature", "geometry": {"type": "MultiLineString", "coordinates": [[[120.99608499999786, 14.558768100003782], [120.99612820000002, 14.558776500000004], [120.99609500000001, 14.5589204], [120.99595129999999, 14.5595439], [120.99579920000001, 14.560199600000002], [120.99575664999769, 14.560190150003631]], [[120.99575664999769, 14.560190150003631], [120.9957141, 14.560180699999995], [120.99519970000001, 14.560100700000003], [120.9948939, 14.560053899999996], [120.99459030000001, 14.560000999999998], [120.99453429999998, 14.559991299999993]], [[120.99453429999998, 14.559991299999993], [120.99446070000002, 14.560209199999996], [120.9940779, 14.560913499999996], [120.99397859999999, 14.5610916], [120.9939015, 14.5612175], [120.99381133713109, 14.561230570051167]], [[120.99381133713109, 14.561230570051167], [120.9939015, 14.5612175], [120.993924, 14.561227900000002], [120.9941458, 14.561353], [120.99421689999998, 14.5614241], [120.9941596000134, 14.561476450008872]], [[120.9941596000134, 14.561476450008872], [120.99410229999998, 14.561528800000001], [120.9940337, 14.561467800000003], [120.9939538, 14.561401200000002], [120.9938419, 14.561325800000004], [120.9937307, 14.561270399999998], [120.99381133713109, 14.561230570051167]]]}, "properties": {"event_key": "d5c896d1039f71be", "role": "preferred_observed", "primary_reason": "followed: no logged deviation and GPS follows the suggestion through a branching node", "length_m": 593.8, "road_names": "Taft Avenue > Menlo Street > Donada Street > Pablo Ocampo Street"}}, {"type": "Feature", "geometry": {"type": "MultiLineString", "coordinates": [[[120.99608499999786, 14.558768100003782], [120.99612820000002, 14.558776500000004], [120.99609500000001, 14.5589204], [120.99595129999999, 14.5595439], [120.99579920000001, 14.560199600000002], [120.99575664999769, 14.560190150003631]], [[120.99575664999769, 14.560190150003631], [120.9957141, 14.560180699999995], [120.99519970000001, 14.560100700000003], [120.9948939, 14.560053899999996], [120.99459030000001, 14.560000999999998], [120.99453429999998, 14.559991299999993]], [[120.99453429999998, 14.559991299999993], [120.99446070000002, 14.560209199999996], [120.9940779, 14.560913499999996], [120.99397859999999, 14.5610916], [120.9939015, 14.5612175], [120.99381133713109, 14.561230570051167]], [[120.99381133713109, 14.561230570051167], [120.9939015, 14.5612175], [120.993924, 14.561227900000002], [120.9941458, 14.561353], [120.99421689999998, 14.5614241], [120.9941596000134, 14.561476450008872]], [[120.9941596000134, 14.561476450008872], [120.99410229999998, 14.561528800000001], [120.9940337, 14.561467800000003], [120.9939538, 14.561401200000002], [120.9938419, 14.561325800000004], [120.9937307, 14.561270399999998], [120.99381133713109, 14.561230570051167]]]}, "properties": {"event_key": "d5c896d1039f71be", "role": "rejected_suggestion", "primary_reason": "followed: no logged deviation and GPS follows the suggestion through a branching node", "length_m": 593.8, "road_names": "Taft Avenue > Menlo Street > Donada Street > Pablo Ocampo Street"}}, {"type": "Feature", "geometry": {"type": "MultiLineString", "coordinates": [[[120.99719810000002, 14.560757999999998], [120.9970367, 14.561204800000002], [120.9970246, 14.5612404], [120.99680420000001, 14.561829799999996]], [[120.99680420000001, 14.561829799999996], [120.9970246, 14.5612404], [120.9970367, 14.561204800000002], [120.99719810000002, 14.560757999999998]], [[120.99719810000002, 14.560757999999998], [120.99728720000002, 14.560506499999999], [120.9973565, 14.560318199999998]], [[120.9973565, 14.560318199999998], [120.997379, 14.5602584], [120.9974123, 14.560165399999995], [120.997523, 14.559862100000004], [120.9976331, 14.559589600000008]], [[120.9976331, 14.559589600000008], [120.9976532, 14.559537799999998], [120.99787169999999, 14.5586856], [120.99802980000001, 14.558233699999999], [120.99809830000001, 14.558037899999999], [120.9981922, 14.557769499999996]]]}, "properties": {"event_key": "6bd040a2556d0f2c", "role": "preferred_observed", "primary_reason": "followed: no logged deviation and GPS follows the suggestion through a branching node", "length_m": 602.4, "road_names": "Dominga Street"}}, {"type": "Feature", "geometry": {"type": "MultiLineString", "coordinates": [[[120.99719810000002, 14.560757999999998], [120.9970367, 14.561204800000002], [120.9970246, 14.5612404], [120.99680420000001, 14.561829799999996]], [[120.99680420000001, 14.561829799999996], [120.9970246, 14.5612404], [120.9970367, 14.561204800000002], [120.99719810000002, 14.560757999999998]], [[120.99719810000002, 14.560757999999998], [120.99728720000002, 14.560506499999999], [120.9973565, 14.560318199999998]], [[120.9973565, 14.560318199999998], [120.997379, 14.5602584], [120.9974123, 14.560165399999995], [120.997523, 14.559862100000004], [120.9976331, 14.559589600000008]], [[120.9976331, 14.559589600000008], [120.9976532, 14.559537799999998], [120.99787169999999, 14.5586856], [120.99802980000001, 14.558233699999999], [120.99809830000001, 14.558037899999999], [120.9981922, 14.557769499999996]]]}, "properties": {"event_key": "6bd040a2556d0f2c", "role": "rejected_suggestion", "primary_reason": "followed: no logged deviation and GPS follows the suggestion through a branching node", "length_m": 602.4, "road_names": "Dominga Street"}}, {"type": "Feature", "geometry": {"type": "MultiLineString", "coordinates": [[[120.99436149998996, 14.56436945000896], [120.9942929, 14.5643405], [120.99431729999999, 14.564290900000001], [120.9943319, 14.564259800000002], [120.9944733, 14.563954199999998], [120.994553, 14.563791099999998], [120.9945788, 14.563741999999998], [120.9946819, 14.563534799999998], [120.99469900000001, 14.5634968], [120.9948357, 14.5632037], [120.99485170000001, 14.563167299999998], [120.9950822, 14.562677500000003], [120.9950958, 14.5626023], [120.9952378906122, 14.562595410371378]], [[120.9952378906122, 14.562595410371378], [120.9950958, 14.5626023], [120.995183, 14.562337700000002], [120.995533, 14.560986999999997], [120.99557209999794, 14.560996400003068]], [[120.99557209999794, 14.560996400003068], [120.995533, 14.560986999999997], [120.9955802, 14.560782300000005], [120.9957141, 14.560180699999995], [120.99575664999769, 14.560190150003631]], [[120.99575664999769, 14.560190150003631], [120.9957141, 14.560180699999995], [120.99519970000001, 14.560100700000003], [120.9948939, 14.560053899999996], [120.99459030000001, 14.560000999999998], [120.99453429999998, 14.559991299999993]], [[120.99453429999998, 14.559991299999993], [120.9929656, 14.559729599999997]]]}, "properties": {"event_key": "2abc59f12f9e2cd2", "role": "preferred_observed", "primary_reason": "followed: no logged deviation and GPS follows the suggestion through a branching node", "length_m": 844.5, "road_names": "Taft Avenue > Menlo Street"}}, {"type": "Feature", "geometry": {"type": "MultiLineString", "coordinates": [[[120.99436149998996, 14.56436945000896], [120.9942929, 14.5643405], [120.99431729999999, 14.564290900000001], [120.9943319, 14.564259800000002], [120.9944733, 14.563954199999998], [120.994553, 14.563791099999998], [120.9945788, 14.563741999999998], [120.9946819, 14.563534799999998], [120.99469900000001, 14.5634968], [120.9948357, 14.5632037], [120.99485170000001, 14.563167299999998], [120.9950822, 14.562677500000003], [120.9950958, 14.5626023], [120.9952378906122, 14.562595410371378]], [[120.9952378906122, 14.562595410371378], [120.9950958, 14.5626023], [120.995183, 14.562337700000002], [120.995533, 14.560986999999997], [120.99557209999794, 14.560996400003068]], [[120.99557209999794, 14.560996400003068], [120.995533, 14.560986999999997], [120.9955802, 14.560782300000005], [120.9957141, 14.560180699999995], [120.99575664999769, 14.560190150003631]], [[120.99575664999769, 14.560190150003631], [120.9957141, 14.560180699999995], [120.99519970000001, 14.560100700000003], [120.9948939, 14.560053899999996], [120.99459030000001, 14.560000999999998], [120.99453429999998, 14.559991299999993]], [[120.99453429999998, 14.559991299999993], [120.9929656, 14.559729599999997]]]}, "properties": {"event_key": "2abc59f12f9e2cd2", "role": "rejected_suggestion", "primary_reason": "followed: no logged deviation and GPS follows the suggestion through a branching node", "length_m": 844.5, "road_names": "Taft Avenue > Menlo Street"}}, {"type": "Feature", "geometry": {"type": "MultiLineString", "coordinates": [[[120.99350690000001, 14.570849000000004], [120.99314690000001, 14.570712599999997], [120.99302384997038, 14.57066595002919]], [[120.99302384997038, 14.57066595002919], [120.9929008, 14.570619300000004], [120.99247700000001, 14.570458800000003]], [[120.99247700000001, 14.570458800000003], [120.9922393, 14.570896599999996], [120.992196, 14.570976300000005], [120.99216185001032, 14.571037800003854]], [[120.99216185001032, 14.571037800003854], [120.9921277, 14.571099299999998], [120.9920754, 14.5710338], [120.9920473, 14.5709986], [120.9919593, 14.570884899999996], [120.99180080000001, 14.570689799999997], [120.99166292284325, 14.57041231425933]], [[120.99166292284325, 14.57041231425933], [120.9915558, 14.570377300000002], [120.99149890000001, 14.5704854], [120.9914163, 14.570642300000001]]]}, "properties": {"event_key": "0d81fc2b6aadaa04", "role": "preferred_observed", "primary_reason": "followed: no logged deviation and GPS follows the suggestion through a branching node", "length_m": 336.0, "road_names": "San Andres Street > Leon Guinto Street > Quirino Avenue > Taft Avenue"}}, {"type": "Feature", "geometry": {"type": "MultiLineString", "coordinates": [[[120.99350690000001, 14.570849000000004], [120.99314690000001, 14.570712599999997], [120.99302384997038, 14.57066595002919]], [[120.99302384997038, 14.57066595002919], [120.9929008, 14.570619300000004], [120.99247700000001, 14.570458800000003]], [[120.99247700000001, 14.570458800000003], [120.9922393, 14.570896599999996], [120.992196, 14.570976300000005], [120.99216185001032, 14.571037800003854]], [[120.99216185001032, 14.571037800003854], [120.9921277, 14.571099299999998], [120.9920754, 14.5710338], [120.9920473, 14.5709986], [120.9919593, 14.570884899999996], [120.99180080000001, 14.570689799999997], [120.99166292284325, 14.57041231425933]], [[120.99166292284325, 14.57041231425933], [120.9915558, 14.570377300000002], [120.99149890000001, 14.5704854], [120.9914163, 14.570642300000001]]]}, "properties": {"event_key": "0d81fc2b6aadaa04", "role": "rejected_suggestion", "primary_reason": "followed: no logged deviation and GPS follows the suggestion through a branching node", "length_m": 336.0, "road_names": "San Andres Street > Leon Guinto Street > Quirino Avenue > Taft Avenue"}}, {"type": "Feature", "geometry": {"type": "MultiLineString", "coordinates": [[[120.99436149998996, 14.56436945000896], [120.99443010000002, 14.564398400000004], [120.9943798, 14.564506], [120.99407250000002, 14.5651425], [120.994046, 14.565202700000002], [120.9939889, 14.565330400000006], [120.9939752, 14.565362799999999], [120.9939095999882, 14.565325750007856]], [[120.9939095999882, 14.565325750007856], [120.9939752, 14.565362799999999], [120.99389859999998, 14.565540899999995], [120.99378870000001, 14.5657698]], [[120.99378870000001, 14.5657698], [120.993827, 14.5657875], [120.99454380000002, 14.566099500000004], [120.9944542373156, 14.566290727412246]], [[120.9944542373156, 14.566290727412246], [120.99436290000001, 14.566481199999997], [120.9942839, 14.566645000000001], [120.994184, 14.5668523], [120.9939931, 14.5672544]], [[120.9939931, 14.5672544], [120.99375770000002, 14.567767100000001]]]}, "properties": {"event_key": "6d4c649ad8df6763", "role": "preferred_observed", "primary_reason": "followed: no logged deviation and GPS follows the suggestion through a branching node", "length_m": 483.7, "road_names": "Taft Avenue > Dagonoy Street > Leon Guinto Street"}}, {"type": "Feature", "geometry": {"type": "MultiLineString", "coordinates": [[[120.99436149998996, 14.56436945000896], [120.99443010000002, 14.564398400000004], [120.9943798, 14.564506], [120.99407250000002, 14.5651425], [120.994046, 14.565202700000002], [120.9939889, 14.565330400000006], [120.9939752, 14.565362799999999], [120.9939095999882, 14.565325750007856]], [[120.9939095999882, 14.565325750007856], [120.9939752, 14.565362799999999], [120.99389859999998, 14.565540899999995], [120.99378870000001, 14.5657698]], [[120.99378870000001, 14.5657698], [120.993827, 14.5657875], [120.99454380000002, 14.566099500000004], [120.9944542373156, 14.566290727412246]], [[120.9944542373156, 14.566290727412246], [120.99436290000001, 14.566481199999997], [120.9942839, 14.566645000000001], [120.994184, 14.5668523], [120.9939931, 14.5672544]], [[120.9939931, 14.5672544], [120.99375770000002, 14.567767100000001]]]}, "properties": {"event_key": "6d4c649ad8df6763", "role": "rejected_suggestion", "primary_reason": "followed: no logged deviation and GPS follows the suggestion through a branching node", "length_m": 483.7, "road_names": "Taft Avenue > Dagonoy Street > Leon Guinto Street"}}, {"type": "Feature", "geometry": {"type": "MultiLineString", "coordinates": [[[120.99608499999786, 14.558768100003782], [120.99612820000002, 14.558776500000004], [120.99609500000001, 14.5589204], [120.99595129999999, 14.5595439], [120.99579920000001, 14.560199600000002], [120.99575664999769, 14.560190150003631]], [[120.99575664999769, 14.560190150003631], [120.9957141, 14.560180699999995], [120.99519970000001, 14.560100700000003], [120.9948939, 14.560053899999996], [120.99459030000001, 14.560000999999998], [120.99453429999998, 14.559991299999993]], [[120.99453429999998, 14.559991299999993], [120.99446070000002, 14.560209199999996], [120.9940779, 14.560913499999996], [120.99397859999999, 14.5610916], [120.9939015, 14.5612175], [120.99381133713109, 14.561230570051167]], [[120.99381133713109, 14.561230570051167], [120.9939015, 14.5612175], [120.993924, 14.561227900000002], [120.9941458, 14.561353], [120.99421689999998, 14.5614241], [120.9941596000134, 14.561476450008872]], [[120.9941596000134, 14.561476450008872], [120.99410229999998, 14.561528800000001], [120.9940337, 14.561467800000003], [120.9939538, 14.561401200000002], [120.9938419, 14.561325800000004], [120.9937307, 14.561270399999998], [120.99381133713109, 14.561230570051167]]]}, "properties": {"event_key": "5510c4de2eaea5b7", "role": "preferred_observed", "primary_reason": "followed: no logged deviation and GPS follows the suggestion through a branching node", "length_m": 593.8, "road_names": "Taft Avenue > Menlo Street > Donada Street > Pablo Ocampo Street"}}, {"type": "Feature", "geometry": {"type": "MultiLineString", "coordinates": [[[120.99608499999786, 14.558768100003782], [120.99612820000002, 14.558776500000004], [120.99609500000001, 14.5589204], [120.99595129999999, 14.5595439], [120.99579920000001, 14.560199600000002], [120.99575664999769, 14.560190150003631]], [[120.99575664999769, 14.560190150003631], [120.9957141, 14.560180699999995], [120.99519970000001, 14.560100700000003], [120.9948939, 14.560053899999996], [120.99459030000001, 14.560000999999998], [120.99453429999998, 14.559991299999993]], [[120.99453429999998, 14.559991299999993], [120.99446070000002, 14.560209199999996], [120.9940779, 14.560913499999996], [120.99397859999999, 14.5610916], [120.9939015, 14.5612175], [120.99381133713109, 14.561230570051167]], [[120.99381133713109, 14.561230570051167], [120.9939015, 14.5612175], [120.993924, 14.561227900000002], [120.9941458, 14.561353], [120.99421689999998, 14.5614241], [120.9941596000134, 14.561476450008872]], [[120.9941596000134, 14.561476450008872], [120.99410229999998, 14.561528800000001], [120.9940337, 14.561467800000003], [120.9939538, 14.561401200000002], [120.9938419, 14.561325800000004], [120.9937307, 14.561270399999998], [120.99381133713109, 14.561230570051167]]]}, "properties": {"event_key": "5510c4de2eaea5b7", "role": "rejected_suggestion", "primary_reason": "followed: no logged deviation and GPS follows the suggestion through a branching node", "length_m": 593.8, "road_names": "Taft Avenue > Menlo Street > Donada Street > Pablo Ocampo Street"}}, {"type": "Feature", "geometry": {"type": "MultiLineString", "coordinates": [[[120.99719810000002, 14.560757999999998], [120.9970367, 14.561204800000002], [120.9970246, 14.5612404], [120.99680420000001, 14.561829799999996]], [[120.99680420000001, 14.561829799999996], [120.9970246, 14.5612404], [120.9970367, 14.561204800000002], [120.99719810000002, 14.560757999999998]], [[120.99719810000002, 14.560757999999998], [120.99728720000002, 14.560506499999999], [120.9973565, 14.560318199999998]], [[120.9973565, 14.560318199999998], [120.997379, 14.5602584], [120.9974123, 14.560165399999995], [120.997523, 14.559862100000004], [120.9976331, 14.559589600000008]], [[120.9976331, 14.559589600000008], [120.9976532, 14.559537799999998], [120.99787169999999, 14.5586856], [120.99802980000001, 14.558233699999999], [120.99809830000001, 14.558037899999999], [120.9981922, 14.557769499999996]]]}, "properties": {"event_key": "76c014e6f12d1512", "role": "preferred_observed", "primary_reason": "followed: no logged deviation and GPS follows the suggestion through a branching node", "length_m": 602.4, "road_names": "Dominga Street"}}, {"type": "Feature", "geometry": {"type": "MultiLineString", "coordinates": [[[120.99719810000002, 14.560757999999998], [120.9970367, 14.561204800000002], [120.9970246, 14.5612404], [120.99680420000001, 14.561829799999996]], [[120.99680420000001, 14.561829799999996], [120.9970246, 14.5612404], [120.9970367, 14.561204800000002], [120.99719810000002, 14.560757999999998]], [[120.99719810000002, 14.560757999999998], [120.99728720000002, 14.560506499999999], [120.9973565, 14.560318199999998]], [[120.9973565, 14.560318199999998], [120.997379, 14.5602584], [120.9974123, 14.560165399999995], [120.997523, 14.559862100000004], [120.9976331, 14.559589600000008]], [[120.9976331, 14.559589600000008], [120.9976532, 14.559537799999998], [120.99787169999999, 14.5586856], [120.99802980000001, 14.558233699999999], [120.99809830000001, 14.558037899999999], [120.9981922, 14.557769499999996]]]}, "properties": {"event_key": "76c014e6f12d1512", "role": "rejected_suggestion", "primary_reason": "followed: no logged deviation and GPS follows the suggestion through a branching node", "length_m": 602.4, "road_names": "Dominga Street"}}, {"type": "Feature", "geometry": {"type": "MultiLineString", "coordinates": [[[120.99436149998996, 14.56436945000896], [120.9942929, 14.5643405], [120.99431729999999, 14.564290900000001], [120.9943319, 14.564259800000002], [120.9944733, 14.563954199999998], [120.994553, 14.563791099999998], [120.9945788, 14.563741999999998], [120.9946819, 14.563534799999998], [120.99469900000001, 14.5634968], [120.9948357, 14.5632037], [120.99485170000001, 14.563167299999998], [120.9950822, 14.562677500000003], [120.9950958, 14.5626023], [120.9952378906122, 14.562595410371378]], [[120.9952378906122, 14.562595410371378], [120.9950958, 14.5626023], [120.995183, 14.562337700000002], [120.995533, 14.560986999999997], [120.99557209999794, 14.560996400003068]], [[120.99557209999794, 14.560996400003068], [120.995533, 14.560986999999997], [120.9955802, 14.560782300000005], [120.9957141, 14.560180699999995], [120.99575664999769, 14.560190150003631]], [[120.99575664999769, 14.560190150003631], [120.9957141, 14.560180699999995], [120.99519970000001, 14.560100700000003], [120.9948939, 14.560053899999996], [120.99459030000001, 14.560000999999998], [120.99453429999998, 14.559991299999993]], [[120.99453429999998, 14.559991299999993], [120.9929656, 14.559729599999997]]]}, "properties": {"event_key": "8883ffe8fcee7abc", "role": "preferred_observed", "primary_reason": "followed: no logged deviation and GPS follows the suggestion through a branching node", "length_m": 844.5, "road_names": "Taft Avenue > Menlo Street"}}, {"type": "Feature", "geometry": {"type": "MultiLineString", "coordinates": [[[120.99436149998996, 14.56436945000896], [120.9942929, 14.5643405], [120.99431729999999, 14.564290900000001], [120.9943319, 14.564259800000002], [120.9944733, 14.563954199999998], [120.994553, 14.563791099999998], [120.9945788, 14.563741999999998], [120.9946819, 14.563534799999998], [120.99469900000001, 14.5634968], [120.9948357, 14.5632037], [120.99485170000001, 14.563167299999998], [120.9950822, 14.562677500000003], [120.9950958, 14.5626023], [120.9952378906122, 14.562595410371378]], [[120.9952378906122, 14.562595410371378], [120.9950958, 14.5626023], [120.995183, 14.562337700000002], [120.995533, 14.560986999999997], [120.99557209999794, 14.560996400003068]], [[120.99557209999794, 14.560996400003068], [120.995533, 14.560986999999997], [120.9955802, 14.560782300000005], [120.9957141, 14.560180699999995], [120.99575664999769, 14.560190150003631]], [[120.99575664999769, 14.560190150003631], [120.9957141, 14.560180699999995], [120.99519970000001, 14.560100700000003], [120.9948939, 14.560053899999996], [120.99459030000001, 14.560000999999998], [120.99453429999998, 14.559991299999993]], [[120.99453429999998, 14.559991299999993], [120.9929656, 14.559729599999997]]]}, "properties": {"event_key": "8883ffe8fcee7abc", "role": "rejected_suggestion", "primary_reason": "followed: no logged deviation and GPS follows the suggestion through a branching node", "length_m": 844.5, "road_names": "Taft Avenue > Menlo Street"}}, {"type": "Feature", "geometry": {"type": "MultiLineString", "coordinates": [[[120.99350690000001, 14.570849000000004], [120.99314690000001, 14.570712599999997], [120.99302384997038, 14.57066595002919]], [[120.99302384997038, 14.57066595002919], [120.9929008, 14.570619300000004], [120.99247700000001, 14.570458800000003]], [[120.99247700000001, 14.570458800000003], [120.9922393, 14.570896599999996], [120.992196, 14.570976300000005], [120.99216185001032, 14.571037800003854]], [[120.99216185001032, 14.571037800003854], [120.9921277, 14.571099299999998], [120.9920754, 14.5710338], [120.9920473, 14.5709986], [120.9919593, 14.570884899999996], [120.99180080000001, 14.570689799999997], [120.99166292284325, 14.57041231425933]], [[120.99166292284325, 14.57041231425933], [120.9915558, 14.570377300000002], [120.99149890000001, 14.5704854], [120.9914163, 14.570642300000001]]]}, "properties": {"event_key": "6eec2db8e675a98b", "role": "preferred_observed", "primary_reason": "followed: no logged deviation and GPS follows the suggestion through a branching node", "length_m": 336.0, "road_names": "San Andres Street > Leon Guinto Street > Quirino Avenue > Taft Avenue"}}, {"type": "Feature", "geometry": {"type": "MultiLineString", "coordinates": [[[120.99350690000001, 14.570849000000004], [120.99314690000001, 14.570712599999997], [120.99302384997038, 14.57066595002919]], [[120.99302384997038, 14.57066595002919], [120.9929008, 14.570619300000004], [120.99247700000001, 14.570458800000003]], [[120.99247700000001, 14.570458800000003], [120.9922393, 14.570896599999996], [120.992196, 14.570976300000005], [120.99216185001032, 14.571037800003854]], [[120.99216185001032, 14.571037800003854], [120.9921277, 14.571099299999998], [120.9920754, 14.5710338], [120.9920473, 14.5709986], [120.9919593, 14.570884899999996], [120.99180080000001, 14.570689799999997], [120.99166292284325, 14.57041231425933]], [[120.99166292284325, 14.57041231425933], [120.9915558, 14.570377300000002], [120.99149890000001, 14.5704854], [120.9914163, 14.570642300000001]]]}, "properties": {"event_key": "6eec2db8e675a98b", "role": "rejected_suggestion", "primary_reason": "followed: no logged deviation and GPS follows the suggestion through a branching node", "length_m": 336.0, "road_names": "San Andres Street > Leon Guinto Street > Quirino Avenue > Taft Avenue"}}, {"type": "Feature", "geometry": {"type": "MultiLineString", "coordinates": [[[120.99436149998996, 14.56436945000896], [120.99443010000002, 14.564398400000004], [120.9943798, 14.564506], [120.99407250000002, 14.5651425], [120.994046, 14.565202700000002], [120.9939889, 14.565330400000006], [120.9939752, 14.565362799999999], [120.9939095999882, 14.565325750007856]], [[120.9939095999882, 14.565325750007856], [120.9939752, 14.565362799999999], [120.99389859999998, 14.565540899999995], [120.99378870000001, 14.5657698]], [[120.99378870000001, 14.5657698], [120.993827, 14.5657875], [120.99454380000002, 14.566099500000004], [120.9944542373156, 14.566290727412246]], [[120.9944542373156, 14.566290727412246], [120.99436290000001, 14.566481199999997], [120.9942839, 14.566645000000001], [120.994184, 14.5668523], [120.9939931, 14.5672544]], [[120.9939931, 14.5672544], [120.99375770000002, 14.567767100000001]]]}, "properties": {"event_key": "ab43f1a26f4f5828", "role": "preferred_observed", "primary_reason": "followed: no logged deviation and GPS follows the suggestion through a branching node", "length_m": 483.7, "road_names": "Taft Avenue > Dagonoy Street > Leon Guinto Street"}}, {"type": "Feature", "geometry": {"type": "MultiLineString", "coordinates": [[[120.99436149998996, 14.56436945000896], [120.99443010000002, 14.564398400000004], [120.9943798, 14.564506], [120.99407250000002, 14.5651425], [120.994046, 14.565202700000002], [120.9939889, 14.565330400000006], [120.9939752, 14.565362799999999], [120.9939095999882, 14.565325750007856]], [[120.9939095999882, 14.565325750007856], [120.9939752, 14.565362799999999], [120.99389859999998, 14.565540899999995], [120.99378870000001, 14.5657698]], [[120.99378870000001, 14.5657698], [120.993827, 14.5657875], [120.99454380000002, 14.566099500000004], [120.9944542373156, 14.566290727412246]], [[120.9944542373156, 14.566290727412246], [120.99436290000001, 14.566481199999997], [120.9942839, 14.566645000000001], [120.994184, 14.5668523], [120.9939931, 14.5672544]], [[120.9939931, 14.5672544], [120.99375770000002, 14.567767100000001]]]}, "properties": {"event_key": "ab43f1a26f4f5828", "role": "rejected_suggestion", "primary_reason": "followed: no logged deviation and GPS follows the suggestion through a branching node", "length_m": 483.7, "road_names": "Taft Avenue > Dagonoy Street > Leon Guinto Street"}}, {"type": "Feature", "geometry": {"type": "MultiLineString", "coordinates": [[[120.99608499999786, 14.558768100003782], [120.99612820000002, 14.558776500000004], [120.99609500000001, 14.5589204], [120.99595129999999, 14.5595439], [120.99579920000001, 14.560199600000002], [120.99575664999769, 14.560190150003631]], [[120.99575664999769, 14.560190150003631], [120.9957141, 14.560180699999995], [120.99519970000001, 14.560100700000003], [120.9948939, 14.560053899999996], [120.99459030000001, 14.560000999999998], [120.99453429999998, 14.559991299999993]], [[120.99453429999998, 14.559991299999993], [120.99446070000002, 14.560209199999996], [120.9940779, 14.560913499999996], [120.99397859999999, 14.5610916], [120.9939015, 14.5612175], [120.99381133713109, 14.561230570051167]], [[120.99381133713109, 14.561230570051167], [120.9939015, 14.5612175], [120.993924, 14.561227900000002], [120.9941458, 14.561353], [120.99421689999998, 14.5614241], [120.9941596000134, 14.561476450008872]], [[120.9941596000134, 14.561476450008872], [120.99410229999998, 14.561528800000001], [120.9940337, 14.561467800000003], [120.9939538, 14.561401200000002], [120.9938419, 14.561325800000004], [120.9937307, 14.561270399999998], [120.99381133713109, 14.561230570051167]]]}, "properties": {"event_key": "73163309b4f2a524", "role": "preferred_observed", "primary_reason": "followed: no logged deviation and GPS follows the suggestion through a branching node", "length_m": 593.8, "road_names": "Taft Avenue > Menlo Street > Donada Street > Pablo Ocampo Street"}}, {"type": "Feature", "geometry": {"type": "MultiLineString", "coordinates": [[[120.99608499999786, 14.558768100003782], [120.99612820000002, 14.558776500000004], [120.99609500000001, 14.5589204], [120.99595129999999, 14.5595439], [120.99579920000001, 14.560199600000002], [120.99575664999769, 14.560190150003631]], [[120.99575664999769, 14.560190150003631], [120.9957141, 14.560180699999995], [120.99519970000001, 14.560100700000003], [120.9948939, 14.560053899999996], [120.99459030000001, 14.560000999999998], [120.99453429999998, 14.559991299999993]], [[120.99453429999998, 14.559991299999993], [120.99446070000002, 14.560209199999996], [120.9940779, 14.560913499999996], [120.99397859999999, 14.5610916], [120.9939015, 14.5612175], [120.99381133713109, 14.561230570051167]], [[120.99381133713109, 14.561230570051167], [120.9939015, 14.5612175], [120.993924, 14.561227900000002], [120.9941458, 14.561353], [120.99421689999998, 14.5614241], [120.9941596000134, 14.561476450008872]], [[120.9941596000134, 14.561476450008872], [120.99410229999998, 14.561528800000001], [120.9940337, 14.561467800000003], [120.9939538, 14.561401200000002], [120.9938419, 14.561325800000004], [120.9937307, 14.561270399999998], [120.99381133713109, 14.561230570051167]]]}, "properties": {"event_key": "73163309b4f2a524", "role": "rejected_suggestion", "primary_reason": "followed: no logged deviation and GPS follows the suggestion through a branching node", "length_m": 593.8, "road_names": "Taft Avenue > Menlo Street > Donada Street > Pablo Ocampo Street"}}, {"type": "Feature", "geometry": {"type": "MultiLineString", "coordinates": [[[120.99719810000002, 14.560757999999998], [120.9970367, 14.561204800000002], [120.9970246, 14.5612404], [120.99680420000001, 14.561829799999996]], [[120.99680420000001, 14.561829799999996], [120.9970246, 14.5612404], [120.9970367, 14.561204800000002], [120.99719810000002, 14.560757999999998]], [[120.99719810000002, 14.560757999999998], [120.99728720000002, 14.560506499999999], [120.9973565, 14.560318199999998]], [[120.9973565, 14.560318199999998], [120.997379, 14.5602584], [120.9974123, 14.560165399999995], [120.997523, 14.559862100000004], [120.9976331, 14.559589600000008]], [[120.9976331, 14.559589600000008], [120.9976532, 14.559537799999998], [120.99787169999999, 14.5586856], [120.99802980000001, 14.558233699999999], [120.99809830000001, 14.558037899999999], [120.9981922, 14.557769499999996]]]}, "properties": {"event_key": "b798e44f6d137545", "role": "preferred_observed", "primary_reason": "followed: no logged deviation and GPS follows the suggestion through a branching node", "length_m": 602.4, "road_names": "Dominga Street"}}, {"type": "Feature", "geometry": {"type": "MultiLineString", "coordinates": [[[120.99719810000002, 14.560757999999998], [120.9970367, 14.561204800000002], [120.9970246, 14.5612404], [120.99680420000001, 14.561829799999996]], [[120.99680420000001, 14.561829799999996], [120.9970246, 14.5612404], [120.9970367, 14.561204800000002], [120.99719810000002, 14.560757999999998]], [[120.99719810000002, 14.560757999999998], [120.99728720000002, 14.560506499999999], [120.9973565, 14.560318199999998]], [[120.9973565, 14.560318199999998], [120.997379, 14.5602584], [120.9974123, 14.560165399999995], [120.997523, 14.559862100000004], [120.9976331, 14.559589600000008]], [[120.9976331, 14.559589600000008], [120.9976532, 14.559537799999998], [120.99787169999999, 14.5586856], [120.99802980000001, 14.558233699999999], [120.99809830000001, 14.558037899999999], [120.9981922, 14.557769499999996]]]}, "properties": {"event_key": "b798e44f6d137545", "role": "rejected_suggestion", "primary_reason": "followed: no logged deviation and GPS follows the suggestion through a branching node", "length_m": 602.4, "road_names": "Dominga Street"}}, {"type": "Feature", "geometry": {"type": "MultiLineString", "coordinates": [[[120.99436149998996, 14.56436945000896], [120.9942929, 14.5643405], [120.99431729999999, 14.564290900000001], [120.9943319, 14.564259800000002], [120.9944733, 14.563954199999998], [120.994553, 14.563791099999998], [120.9945788, 14.563741999999998], [120.9946819, 14.563534799999998], [120.99469900000001, 14.5634968], [120.9948357, 14.5632037], [120.99485170000001, 14.563167299999998], [120.9950822, 14.562677500000003], [120.9950958, 14.5626023], [120.9952378906122, 14.562595410371378]], [[120.9952378906122, 14.562595410371378], [120.9950958, 14.5626023], [120.995183, 14.562337700000002], [120.995533, 14.560986999999997], [120.99557209999794, 14.560996400003068]], [[120.99557209999794, 14.560996400003068], [120.995533, 14.560986999999997], [120.9955802, 14.560782300000005], [120.9957141, 14.560180699999995], [120.99575664999769, 14.560190150003631]], [[120.99575664999769, 14.560190150003631], [120.9957141, 14.560180699999995], [120.99519970000001, 14.560100700000003], [120.9948939, 14.560053899999996], [120.99459030000001, 14.560000999999998], [120.99453429999998, 14.559991299999993]], [[120.99453429999998, 14.559991299999993], [120.9929656, 14.559729599999997]]]}, "properties": {"event_key": "a5cb5cc6d8cdb2b7", "role": "preferred_observed", "primary_reason": "followed: no logged deviation and GPS follows the suggestion through a branching node", "length_m": 844.5, "road_names": "Taft Avenue > Menlo Street"}}, {"type": "Feature", "geometry": {"type": "MultiLineString", "coordinates": [[[120.99436149998996, 14.56436945000896], [120.9942929, 14.5643405], [120.99431729999999, 14.564290900000001], [120.9943319, 14.564259800000002], [120.9944733, 14.563954199999998], [120.994553, 14.563791099999998], [120.9945788, 14.563741999999998], [120.9946819, 14.563534799999998], [120.99469900000001, 14.5634968], [120.9948357, 14.5632037], [120.99485170000001, 14.563167299999998], [120.9950822, 14.562677500000003], [120.9950958, 14.5626023], [120.9952378906122, 14.562595410371378]], [[120.9952378906122, 14.562595410371378], [120.9950958, 14.5626023], [120.995183, 14.562337700000002], [120.995533, 14.560986999999997], [120.99557209999794, 14.560996400003068]], [[120.99557209999794, 14.560996400003068], [120.995533, 14.560986999999997], [120.9955802, 14.560782300000005], [120.9957141, 14.560180699999995], [120.99575664999769, 14.560190150003631]], [[120.99575664999769, 14.560190150003631], [120.9957141, 14.560180699999995], [120.99519970000001, 14.560100700000003], [120.9948939, 14.560053899999996], [120.99459030000001, 14.560000999999998], [120.99453429999998, 14.559991299999993]], [[120.99453429999998, 14.559991299999993], [120.9929656, 14.559729599999997]]]}, "properties": {"event_key": "a5cb5cc6d8cdb2b7", "role": "rejected_suggestion", "primary_reason": "followed: no logged deviation and GPS follows the suggestion through a branching node", "length_m": 844.5, "road_names": "Taft Avenue > Menlo Street"}}, {"type": "Feature", "geometry": {"type": "MultiLineString", "coordinates": [[[120.99350690000001, 14.570849000000004], [120.99314690000001, 14.570712599999997], [120.99302384997038, 14.57066595002919]], [[120.99302384997038, 14.57066595002919], [120.9929008, 14.570619300000004], [120.99247700000001, 14.570458800000003]], [[120.99247700000001, 14.570458800000003], [120.9922393, 14.570896599999996], [120.992196, 14.570976300000005], [120.99216185001032, 14.571037800003854]], [[120.99216185001032, 14.571037800003854], [120.9921277, 14.571099299999998], [120.9920754, 14.5710338], [120.9920473, 14.5709986], [120.9919593, 14.570884899999996], [120.99180080000001, 14.570689799999997], [120.99166292284325, 14.57041231425933]], [[120.99166292284325, 14.57041231425933], [120.9915558, 14.570377300000002], [120.99149890000001, 14.5704854], [120.9914163, 14.570642300000001]]]}, "properties": {"event_key": "14e6a25c981cd61f", "role": "preferred_observed", "primary_reason": "followed: no logged deviation and GPS follows the suggestion through a branching node", "length_m": 336.0, "road_names": "San Andres Street > Leon Guinto Street > Quirino Avenue > Taft Avenue"}}, {"type": "Feature", "geometry": {"type": "MultiLineString", "coordinates": [[[120.99350690000001, 14.570849000000004], [120.99314690000001, 14.570712599999997], [120.99302384997038, 14.57066595002919]], [[120.99302384997038, 14.57066595002919], [120.9929008, 14.570619300000004], [120.99247700000001, 14.570458800000003]], [[120.99247700000001, 14.570458800000003], [120.9922393, 14.570896599999996], [120.992196, 14.570976300000005], [120.99216185001032, 14.571037800003854]], [[120.99216185001032, 14.571037800003854], [120.9921277, 14.571099299999998], [120.9920754, 14.5710338], [120.9920473, 14.5709986], [120.9919593, 14.570884899999996], [120.99180080000001, 14.570689799999997], [120.99166292284325, 14.57041231425933]], [[120.99166292284325, 14.57041231425933], [120.9915558, 14.570377300000002], [120.99149890000001, 14.5704854], [120.9914163, 14.570642300000001]]]}, "properties": {"event_key": "14e6a25c981cd61f", "role": "rejected_suggestion", "primary_reason": "followed: no logged deviation and GPS follows the suggestion through a branching node", "length_m": 336.0, "road_names": "San Andres Street > Leon Guinto Street > Quirino Avenue > Taft Avenue"}}, {"type": "Feature", "geometry": {"type": "MultiLineString", "coordinates": [[[120.99436149998996, 14.56436945000896], [120.99443010000002, 14.564398400000004], [120.9943798, 14.564506], [120.99407250000002, 14.5651425], [120.994046, 14.565202700000002], [120.9939889, 14.565330400000006], [120.9939752, 14.565362799999999], [120.9939095999882, 14.565325750007856]], [[120.9939095999882, 14.565325750007856], [120.9939752, 14.565362799999999], [120.99389859999998, 14.565540899999995], [120.99378870000001, 14.5657698]], [[120.99378870000001, 14.5657698], [120.993827, 14.5657875], [120.99454380000002, 14.566099500000004], [120.9944542373156, 14.566290727412246]], [[120.9944542373156, 14.566290727412246], [120.99436290000001, 14.566481199999997], [120.9942839, 14.566645000000001], [120.994184, 14.5668523], [120.9939931, 14.5672544]], [[120.9939931, 14.5672544], [120.99375770000002, 14.567767100000001]]]}, "properties": {"event_key": "d4396525c37493fa", "role": "preferred_observed", "primary_reason": "followed: no logged deviation and GPS follows the suggestion through a branching node", "length_m": 483.7, "road_names": "Taft Avenue > Dagonoy Street > Leon Guinto Street"}}, {"type": "Feature", "geometry": {"type": "MultiLineString", "coordinates": [[[120.99436149998996, 14.56436945000896], [120.99443010000002, 14.564398400000004], [120.9943798, 14.564506], [120.99407250000002, 14.5651425], [120.994046, 14.565202700000002], [120.9939889, 14.565330400000006], [120.9939752, 14.565362799999999], [120.9939095999882, 14.565325750007856]], [[120.9939095999882, 14.565325750007856], [120.9939752, 14.565362799999999], [120.99389859999998, 14.565540899999995], [120.99378870000001, 14.5657698]], [[120.99378870000001, 14.5657698], [120.993827, 14.5657875], [120.99454380000002, 14.566099500000004], [120.9944542373156, 14.566290727412246]], [[120.9944542373156, 14.566290727412246], [120.99436290000001, 14.566481199999997], [120.9942839, 14.566645000000001], [120.994184, 14.5668523], [120.9939931, 14.5672544]], [[120.9939931, 14.5672544], [120.99375770000002, 14.567767100000001]]]}, "properties": {"event_key": "d4396525c37493fa", "role": "rejected_suggestion", "primary_reason": "followed: no logged deviation and GPS follows the suggestion through a branching node", "length_m": 483.7, "road_names": "Taft Avenue > Dagonoy Street > Leon Guinto Street"}}, {"type": "Feature", "geometry": {"type": "MultiLineString", "coordinates": [[[120.99608499999786, 14.558768100003782], [120.99612820000002, 14.558776500000004], [120.99609500000001, 14.5589204], [120.99595129999999, 14.5595439], [120.99579920000001, 14.560199600000002], [120.99575664999769, 14.560190150003631]], [[120.99575664999769, 14.560190150003631], [120.9957141, 14.560180699999995], [120.99519970000001, 14.560100700000003], [120.9948939, 14.560053899999996], [120.99459030000001, 14.560000999999998], [120.99453429999998, 14.559991299999993]], [[120.99453429999998, 14.559991299999993], [120.99446070000002, 14.560209199999996], [120.9940779, 14.560913499999996], [120.99397859999999, 14.5610916], [120.9939015, 14.5612175], [120.99381133713109, 14.561230570051167]], [[120.99381133713109, 14.561230570051167], [120.9939015, 14.5612175], [120.993924, 14.561227900000002], [120.9941458, 14.561353], [120.99421689999998, 14.5614241], [120.9941596000134, 14.561476450008872]], [[120.9941596000134, 14.561476450008872], [120.99410229999998, 14.561528800000001], [120.9940337, 14.561467800000003], [120.9939538, 14.561401200000002], [120.9938419, 14.561325800000004], [120.9937307, 14.561270399999998], [120.99381133713109, 14.561230570051167]]]}, "properties": {"event_key": "499f580f832523f1", "role": "preferred_observed", "primary_reason": "followed: no logged deviation and GPS follows the suggestion through a branching node", "length_m": 593.8, "road_names": "Taft Avenue > Menlo Street > Donada Street > Pablo Ocampo Street"}}, {"type": "Feature", "geometry": {"type": "MultiLineString", "coordinates": [[[120.99608499999786, 14.558768100003782], [120.99612820000002, 14.558776500000004], [120.99609500000001, 14.5589204], [120.99595129999999, 14.5595439], [120.99579920000001, 14.560199600000002], [120.99575664999769, 14.560190150003631]], [[120.99575664999769, 14.560190150003631], [120.9957141, 14.560180699999995], [120.99519970000001, 14.560100700000003], [120.9948939, 14.560053899999996], [120.99459030000001, 14.560000999999998], [120.99453429999998, 14.559991299999993]], [[120.99453429999998, 14.559991299999993], [120.99446070000002, 14.560209199999996], [120.9940779, 14.560913499999996], [120.99397859999999, 14.5610916], [120.9939015, 14.5612175], [120.99381133713109, 14.561230570051167]], [[120.99381133713109, 14.561230570051167], [120.9939015, 14.5612175], [120.993924, 14.561227900000002], [120.9941458, 14.561353], [120.99421689999998, 14.5614241], [120.9941596000134, 14.561476450008872]], [[120.9941596000134, 14.561476450008872], [120.99410229999998, 14.561528800000001], [120.9940337, 14.561467800000003], [120.9939538, 14.561401200000002], [120.9938419, 14.561325800000004], [120.9937307, 14.561270399999998], [120.99381133713109, 14.561230570051167]]]}, "properties": {"event_key": "499f580f832523f1", "role": "rejected_suggestion", "primary_reason": "followed: no logged deviation and GPS follows the suggestion through a branching node", "length_m": 593.8, "road_names": "Taft Avenue > Menlo Street > Donada Street > Pablo Ocampo Street"}}, {"type": "Feature", "geometry": {"type": "MultiLineString", "coordinates": [[[120.99719810000002, 14.560757999999998], [120.9970367, 14.561204800000002], [120.9970246, 14.5612404], [120.99680420000001, 14.561829799999996]], [[120.99680420000001, 14.561829799999996], [120.9970246, 14.5612404], [120.9970367, 14.561204800000002], [120.99719810000002, 14.560757999999998]], [[120.99719810000002, 14.560757999999998], [120.99728720000002, 14.560506499999999], [120.9973565, 14.560318199999998]], [[120.9973565, 14.560318199999998], [120.997379, 14.5602584], [120.9974123, 14.560165399999995], [120.997523, 14.559862100000004], [120.9976331, 14.559589600000008]], [[120.9976331, 14.559589600000008], [120.9976532, 14.559537799999998], [120.99787169999999, 14.5586856], [120.99802980000001, 14.558233699999999], [120.99809830000001, 14.558037899999999], [120.9981922, 14.557769499999996]]]}, "properties": {"event_key": "52c34e5507e6f59b", "role": "preferred_observed", "primary_reason": "followed: no logged deviation and GPS follows the suggestion through a branching node", "length_m": 602.4, "road_names": "Dominga Street"}}, {"type": "Feature", "geometry": {"type": "MultiLineString", "coordinates": [[[120.99719810000002, 14.560757999999998], [120.9970367, 14.561204800000002], [120.9970246, 14.5612404], [120.99680420000001, 14.561829799999996]], [[120.99680420000001, 14.561829799999996], [120.9970246, 14.5612404], [120.9970367, 14.561204800000002], [120.99719810000002, 14.560757999999998]], [[120.99719810000002, 14.560757999999998], [120.99728720000002, 14.560506499999999], [120.9973565, 14.560318199999998]], [[120.9973565, 14.560318199999998], [120.997379, 14.5602584], [120.9974123, 14.560165399999995], [120.997523, 14.559862100000004], [120.9976331, 14.559589600000008]], [[120.9976331, 14.559589600000008], [120.9976532, 14.559537799999998], [120.99787169999999, 14.5586856], [120.99802980000001, 14.558233699999999], [120.99809830000001, 14.558037899999999], [120.9981922, 14.557769499999996]]]}, "properties": {"event_key": "52c34e5507e6f59b", "role": "rejected_suggestion", "primary_reason": "followed: no logged deviation and GPS follows the suggestion through a branching node", "length_m": 602.4, "road_names": "Dominga Street"}}, {"type": "Feature", "geometry": {"type": "MultiLineString", "coordinates": [[[120.99436149998996, 14.56436945000896], [120.9942929, 14.5643405], [120.99431729999999, 14.564290900000001], [120.9943319, 14.564259800000002], [120.9944733, 14.563954199999998], [120.994553, 14.563791099999998], [120.9945788, 14.563741999999998], [120.9946819, 14.563534799999998], [120.99469900000001, 14.5634968], [120.9948357, 14.5632037], [120.99485170000001, 14.563167299999998], [120.9950822, 14.562677500000003], [120.9950958, 14.5626023], [120.9952378906122, 14.562595410371378]], [[120.9952378906122, 14.562595410371378], [120.9950958, 14.5626023], [120.995183, 14.562337700000002], [120.995533, 14.560986999999997], [120.99557209999794, 14.560996400003068]], [[120.99557209999794, 14.560996400003068], [120.995533, 14.560986999999997], [120.9955802, 14.560782300000005], [120.9957141, 14.560180699999995], [120.99575664999769, 14.560190150003631]], [[120.99575664999769, 14.560190150003631], [120.9957141, 14.560180699999995], [120.99519970000001, 14.560100700000003], [120.9948939, 14.560053899999996], [120.99459030000001, 14.560000999999998], [120.99453429999998, 14.559991299999993]], [[120.99453429999998, 14.559991299999993], [120.9929656, 14.559729599999997]]]}, "properties": {"event_key": "dcc7df8d4a01d525", "role": "preferred_observed", "primary_reason": "followed: no logged deviation and GPS follows the suggestion through a branching node", "length_m": 844.5, "road_names": "Taft Avenue > Menlo Street"}}, {"type": "Feature", "geometry": {"type": "MultiLineString", "coordinates": [[[120.99436149998996, 14.56436945000896], [120.9942929, 14.5643405], [120.99431729999999, 14.564290900000001], [120.9943319, 14.564259800000002], [120.9944733, 14.563954199999998], [120.994553, 14.563791099999998], [120.9945788, 14.563741999999998], [120.9946819, 14.563534799999998], [120.99469900000001, 14.5634968], [120.9948357, 14.5632037], [120.99485170000001, 14.563167299999998], [120.9950822, 14.562677500000003], [120.9950958, 14.5626023], [120.9952378906122, 14.562595410371378]], [[120.9952378906122, 14.562595410371378], [120.9950958, 14.5626023], [120.995183, 14.562337700000002], [120.995533, 14.560986999999997], [120.99557209999794, 14.560996400003068]], [[120.99557209999794, 14.560996400003068], [120.995533, 14.560986999999997], [120.9955802, 14.560782300000005], [120.9957141, 14.560180699999995], [120.99575664999769, 14.560190150003631]], [[120.99575664999769, 14.560190150003631], [120.9957141, 14.560180699999995], [120.99519970000001, 14.560100700000003], [120.9948939, 14.560053899999996], [120.99459030000001, 14.560000999999998], [120.99453429999998, 14.559991299999993]], [[120.99453429999998, 14.559991299999993], [120.9929656, 14.559729599999997]]]}, "properties": {"event_key": "dcc7df8d4a01d525", "role": "rejected_suggestion", "primary_reason": "followed: no logged deviation and GPS follows the suggestion through a branching node", "length_m": 844.5, "road_names": "Taft Avenue > Menlo Street"}}, {"type": "Feature", "geometry": {"type": "MultiLineString", "coordinates": [[[120.99350690000001, 14.570849000000004], [120.99314690000001, 14.570712599999997], [120.99302384997038, 14.57066595002919]], [[120.99302384997038, 14.57066595002919], [120.9929008, 14.570619300000004], [120.99247700000001, 14.570458800000003]], [[120.99247700000001, 14.570458800000003], [120.9922393, 14.570896599999996], [120.992196, 14.570976300000005], [120.99216185001032, 14.571037800003854]], [[120.99216185001032, 14.571037800003854], [120.9921277, 14.571099299999998], [120.9920754, 14.5710338], [120.9920473, 14.5709986], [120.9919593, 14.570884899999996], [120.99180080000001, 14.570689799999997], [120.99166292284325, 14.57041231425933]], [[120.99166292284325, 14.57041231425933], [120.9915558, 14.570377300000002], [120.99149890000001, 14.5704854], [120.9914163, 14.570642300000001]]]}, "properties": {"event_key": "a632a01ae541b160", "role": "preferred_observed", "primary_reason": "followed: no logged deviation and GPS follows the suggestion through a branching node", "length_m": 336.0, "road_names": "San Andres Street > Leon Guinto Street > Quirino Avenue > Taft Avenue"}}, {"type": "Feature", "geometry": {"type": "MultiLineString", "coordinates": [[[120.99350690000001, 14.570849000000004], [120.99314690000001, 14.570712599999997], [120.99302384997038, 14.57066595002919]], [[120.99302384997038, 14.57066595002919], [120.9929008, 14.570619300000004], [120.99247700000001, 14.570458800000003]], [[120.99247700000001, 14.570458800000003], [120.9922393, 14.570896599999996], [120.992196, 14.570976300000005], [120.99216185001032, 14.571037800003854]], [[120.99216185001032, 14.571037800003854], [120.9921277, 14.571099299999998], [120.9920754, 14.5710338], [120.9920473, 14.5709986], [120.9919593, 14.570884899999996], [120.99180080000001, 14.570689799999997], [120.99166292284325, 14.57041231425933]], [[120.99166292284325, 14.57041231425933], [120.9915558, 14.570377300000002], [120.99149890000001, 14.5704854], [120.9914163, 14.570642300000001]]]}, "properties": {"event_key": "a632a01ae541b160", "role": "rejected_suggestion", "primary_reason": "followed: no logged deviation and GPS follows the suggestion through a branching node", "length_m": 336.0, "road_names": "San Andres Street > Leon Guinto Street > Quirino Avenue > Taft Avenue"}}, {"type": "Feature", "geometry": {"type": "MultiLineString", "coordinates": [[[120.99436149998996, 14.56436945000896], [120.99443010000002, 14.564398400000004], [120.9943798, 14.564506], [120.99407250000002, 14.5651425], [120.994046, 14.565202700000002], [120.9939889, 14.565330400000006], [120.9939752, 14.565362799999999], [120.9939095999882, 14.565325750007856]], [[120.9939095999882, 14.565325750007856], [120.9939752, 14.565362799999999], [120.99389859999998, 14.565540899999995], [120.99378870000001, 14.5657698]], [[120.99378870000001, 14.5657698], [120.993827, 14.5657875], [120.99454380000002, 14.566099500000004], [120.9944542373156, 14.566290727412246]], [[120.9944542373156, 14.566290727412246], [120.99436290000001, 14.566481199999997], [120.9942839, 14.566645000000001], [120.994184, 14.5668523], [120.9939931, 14.5672544]], [[120.9939931, 14.5672544], [120.99375770000002, 14.567767100000001]]]}, "properties": {"event_key": "ff10ed68493de2e6", "role": "preferred_observed", "primary_reason": "followed: no logged deviation and GPS follows the suggestion through a branching node", "length_m": 483.7, "road_names": "Taft Avenue > Dagonoy Street > Leon Guinto Street"}}, {"type": "Feature", "geometry": {"type": "MultiLineString", "coordinates": [[[120.99436149998996, 14.56436945000896], [120.99443010000002, 14.564398400000004], [120.9943798, 14.564506], [120.99407250000002, 14.5651425], [120.994046, 14.565202700000002], [120.9939889, 14.565330400000006], [120.9939752, 14.565362799999999], [120.9939095999882, 14.565325750007856]], [[120.9939095999882, 14.565325750007856], [120.9939752, 14.565362799999999], [120.99389859999998, 14.565540899999995], [120.99378870000001, 14.5657698]], [[120.99378870000001, 14.5657698], [120.993827, 14.5657875], [120.99454380000002, 14.566099500000004], [120.9944542373156, 14.566290727412246]], [[120.9944542373156, 14.566290727412246], [120.99436290000001, 14.566481199999997], [120.9942839, 14.566645000000001], [120.994184, 14.5668523], [120.9939931, 14.5672544]], [[120.9939931, 14.5672544], [120.99375770000002, 14.567767100000001]]]}, "properties": {"event_key": "ff10ed68493de2e6", "role": "rejected_suggestion", "primary_reason": "followed: no logged deviation and GPS follows the suggestion through a branching node", "length_m": 483.7, "road_names": "Taft Avenue > Dagonoy Street > Leon Guinto Street"}}, {"type": "Feature", "geometry": {"type": "MultiLineString", "coordinates": [[[120.99608499999786, 14.558768100003782], [120.99612820000002, 14.558776500000004], [120.99609500000001, 14.5589204], [120.99595129999999, 14.5595439], [120.99579920000001, 14.560199600000002], [120.99575664999769, 14.560190150003631]], [[120.99575664999769, 14.560190150003631], [120.9957141, 14.560180699999995], [120.99519970000001, 14.560100700000003], [120.9948939, 14.560053899999996], [120.99459030000001, 14.560000999999998], [120.99453429999998, 14.559991299999993]], [[120.99453429999998, 14.559991299999993], [120.99446070000002, 14.560209199999996], [120.9940779, 14.560913499999996], [120.99397859999999, 14.5610916], [120.9939015, 14.5612175], [120.99381133713109, 14.561230570051167]], [[120.99381133713109, 14.561230570051167], [120.9939015, 14.5612175], [120.993924, 14.561227900000002], [120.9941458, 14.561353], [120.99421689999998, 14.5614241], [120.9941596000134, 14.561476450008872]], [[120.9941596000134, 14.561476450008872], [120.99410229999998, 14.561528800000001], [120.9940337, 14.561467800000003], [120.9939538, 14.561401200000002], [120.9938419, 14.561325800000004], [120.9937307, 14.561270399999998], [120.99381133713109, 14.561230570051167]]]}, "properties": {"event_key": "fdfec75d068a5dce", "role": "preferred_observed", "primary_reason": "followed: no logged deviation and GPS follows the suggestion through a branching node", "length_m": 593.8, "road_names": "Taft Avenue > Menlo Street > Donada Street > Pablo Ocampo Street"}}, {"type": "Feature", "geometry": {"type": "MultiLineString", "coordinates": [[[120.99608499999786, 14.558768100003782], [120.99612820000002, 14.558776500000004], [120.99609500000001, 14.5589204], [120.99595129999999, 14.5595439], [120.99579920000001, 14.560199600000002], [120.99575664999769, 14.560190150003631]], [[120.99575664999769, 14.560190150003631], [120.9957141, 14.560180699999995], [120.99519970000001, 14.560100700000003], [120.9948939, 14.560053899999996], [120.99459030000001, 14.560000999999998], [120.99453429999998, 14.559991299999993]], [[120.99453429999998, 14.559991299999993], [120.99446070000002, 14.560209199999996], [120.9940779, 14.560913499999996], [120.99397859999999, 14.5610916], [120.9939015, 14.5612175], [120.99381133713109, 14.561230570051167]], [[120.99381133713109, 14.561230570051167], [120.9939015, 14.5612175], [120.993924, 14.561227900000002], [120.9941458, 14.561353], [120.99421689999998, 14.5614241], [120.9941596000134, 14.561476450008872]], [[120.9941596000134, 14.561476450008872], [120.99410229999998, 14.561528800000001], [120.9940337, 14.561467800000003], [120.9939538, 14.561401200000002], [120.9938419, 14.561325800000004], [120.9937307, 14.561270399999998], [120.99381133713109, 14.561230570051167]]]}, "properties": {"event_key": "fdfec75d068a5dce", "role": "rejected_suggestion", "primary_reason": "followed: no logged deviation and GPS follows the suggestion through a branching node", "length_m": 593.8, "road_names": "Taft Avenue > Menlo Street > Donada Street > Pablo Ocampo Street"}}, {"type": "Feature", "geometry": {"type": "MultiLineString", "coordinates": [[[120.99719810000002, 14.560757999999998], [120.9970367, 14.561204800000002], [120.9970246, 14.5612404], [120.99680420000001, 14.561829799999996]], [[120.99680420000001, 14.561829799999996], [120.9970246, 14.5612404], [120.9970367, 14.561204800000002], [120.99719810000002, 14.560757999999998]], [[120.99719810000002, 14.560757999999998], [120.99728720000002, 14.560506499999999], [120.9973565, 14.560318199999998]], [[120.9973565, 14.560318199999998], [120.997379, 14.5602584], [120.9974123, 14.560165399999995], [120.997523, 14.559862100000004], [120.9976331, 14.559589600000008]], [[120.9976331, 14.559589600000008], [120.9976532, 14.559537799999998], [120.99787169999999, 14.5586856], [120.99802980000001, 14.558233699999999], [120.99809830000001, 14.558037899999999], [120.9981922, 14.557769499999996]]]}, "properties": {"event_key": "0cc99a8eb8b21bd6", "role": "preferred_observed", "primary_reason": "followed: no logged deviation and GPS follows the suggestion through a branching node", "length_m": 602.4, "road_names": "Dominga Street"}}, {"type": "Feature", "geometry": {"type": "MultiLineString", "coordinates": [[[120.99719810000002, 14.560757999999998], [120.9970367, 14.561204800000002], [120.9970246, 14.5612404], [120.99680420000001, 14.561829799999996]], [[120.99680420000001, 14.561829799999996], [120.9970246, 14.5612404], [120.9970367, 14.561204800000002], [120.99719810000002, 14.560757999999998]], [[120.99719810000002, 14.560757999999998], [120.99728720000002, 14.560506499999999], [120.9973565, 14.560318199999998]], [[120.9973565, 14.560318199999998], [120.997379, 14.5602584], [120.9974123, 14.560165399999995], [120.997523, 14.559862100000004], [120.9976331, 14.559589600000008]], [[120.9976331, 14.559589600000008], [120.9976532, 14.559537799999998], [120.99787169999999, 14.5586856], [120.99802980000001, 14.558233699999999], [120.99809830000001, 14.558037899999999], [120.9981922, 14.557769499999996]]]}, "properties": {"event_key": "0cc99a8eb8b21bd6", "role": "rejected_suggestion", "primary_reason": "followed: no logged deviation and GPS follows the suggestion through a branching node", "length_m": 602.4, "road_names": "Dominga Street"}}, {"type": "Feature", "geometry": {"type": "MultiLineString", "coordinates": [[[120.99436149998996, 14.56436945000896], [120.9942929, 14.5643405], [120.99431729999999, 14.564290900000001], [120.9943319, 14.564259800000002], [120.9944733, 14.563954199999998], [120.994553, 14.563791099999998], [120.9945788, 14.563741999999998], [120.9946819, 14.563534799999998], [120.99469900000001, 14.5634968], [120.9948357, 14.5632037], [120.99485170000001, 14.563167299999998], [120.9950822, 14.562677500000003], [120.9950958, 14.5626023], [120.9952378906122, 14.562595410371378]], [[120.9952378906122, 14.562595410371378], [120.9950958, 14.5626023], [120.995183, 14.562337700000002], [120.995533, 14.560986999999997], [120.99557209999794, 14.560996400003068]], [[120.99557209999794, 14.560996400003068], [120.995533, 14.560986999999997], [120.9955802, 14.560782300000005], [120.9957141, 14.560180699999995], [120.99575664999769, 14.560190150003631]], [[120.99575664999769, 14.560190150003631], [120.9957141, 14.560180699999995], [120.99519970000001, 14.560100700000003], [120.9948939, 14.560053899999996], [120.99459030000001, 14.560000999999998], [120.99453429999998, 14.559991299999993]], [[120.99453429999998, 14.559991299999993], [120.9929656, 14.559729599999997]]]}, "properties": {"event_key": "3cf097872db30814", "role": "preferred_observed", "primary_reason": "followed: no logged deviation and GPS follows the suggestion through a branching node", "length_m": 844.5, "road_names": "Taft Avenue > Menlo Street"}}, {"type": "Feature", "geometry": {"type": "MultiLineString", "coordinates": [[[120.99436149998996, 14.56436945000896], [120.9942929, 14.5643405], [120.99431729999999, 14.564290900000001], [120.9943319, 14.564259800000002], [120.9944733, 14.563954199999998], [120.994553, 14.563791099999998], [120.9945788, 14.563741999999998], [120.9946819, 14.563534799999998], [120.99469900000001, 14.5634968], [120.9948357, 14.5632037], [120.99485170000001, 14.563167299999998], [120.9950822, 14.562677500000003], [120.9950958, 14.5626023], [120.9952378906122, 14.562595410371378]], [[120.9952378906122, 14.562595410371378], [120.9950958, 14.5626023], [120.995183, 14.562337700000002], [120.995533, 14.560986999999997], [120.99557209999794, 14.560996400003068]], [[120.99557209999794, 14.560996400003068], [120.995533, 14.560986999999997], [120.9955802, 14.560782300000005], [120.9957141, 14.560180699999995], [120.99575664999769, 14.560190150003631]], [[120.99575664999769, 14.560190150003631], [120.9957141, 14.560180699999995], [120.99519970000001, 14.560100700000003], [120.9948939, 14.560053899999996], [120.99459030000001, 14.560000999999998], [120.99453429999998, 14.559991299999993]], [[120.99453429999998, 14.559991299999993], [120.9929656, 14.559729599999997]]]}, "properties": {"event_key": "3cf097872db30814", "role": "rejected_suggestion", "primary_reason": "followed: no logged deviation and GPS follows the suggestion through a branching node", "length_m": 844.5, "road_names": "Taft Avenue > Menlo Street"}}, {"type": "Feature", "geometry": {"type": "MultiLineString", "coordinates": [[[120.99350690000001, 14.570849000000004], [120.99314690000001, 14.570712599999997], [120.99302384997038, 14.57066595002919]], [[120.99302384997038, 14.57066595002919], [120.9929008, 14.570619300000004], [120.99247700000001, 14.570458800000003]], [[120.99247700000001, 14.570458800000003], [120.9922393, 14.570896599999996], [120.992196, 14.570976300000005], [120.99216185001032, 14.571037800003854]], [[120.99216185001032, 14.571037800003854], [120.9921277, 14.571099299999998], [120.9920754, 14.5710338], [120.9920473, 14.5709986], [120.9919593, 14.570884899999996], [120.99180080000001, 14.570689799999997], [120.99166292284325, 14.57041231425933]], [[120.99166292284325, 14.57041231425933], [120.9915558, 14.570377300000002], [120.99149890000001, 14.5704854], [120.9914163, 14.570642300000001]]]}, "properties": {"event_key": "137f5d75e9732d29", "role": "preferred_observed", "primary_reason": "followed: no logged deviation and GPS follows the suggestion through a branching node", "length_m": 336.0, "road_names": "San Andres Street > Leon Guinto Street > Quirino Avenue > Taft Avenue"}}, {"type": "Feature", "geometry": {"type": "MultiLineString", "coordinates": [[[120.99350690000001, 14.570849000000004], [120.99314690000001, 14.570712599999997], [120.99302384997038, 14.57066595002919]], [[120.99302384997038, 14.57066595002919], [120.9929008, 14.570619300000004], [120.99247700000001, 14.570458800000003]], [[120.99247700000001, 14.570458800000003], [120.9922393, 14.570896599999996], [120.992196, 14.570976300000005], [120.99216185001032, 14.571037800003854]], [[120.99216185001032, 14.571037800003854], [120.9921277, 14.571099299999998], [120.9920754, 14.5710338], [120.9920473, 14.5709986], [120.9919593, 14.570884899999996], [120.99180080000001, 14.570689799999997], [120.99166292284325, 14.57041231425933]], [[120.99166292284325, 14.57041231425933], [120.9915558, 14.570377300000002], [120.99149890000001, 14.5704854], [120.9914163, 14.570642300000001]]]}, "properties": {"event_key": "137f5d75e9732d29", "role": "rejected_suggestion", "primary_reason": "followed: no logged deviation and GPS follows the suggestion through a branching node", "length_m": 336.0, "road_names": "San Andres Street > Leon Guinto Street > Quirino Avenue > Taft Avenue"}}, {"type": "Feature", "geometry": {"type": "MultiLineString", "coordinates": [[[120.99436149998996, 14.56436945000896], [120.99443010000002, 14.564398400000004], [120.9943798, 14.564506], [120.99407250000002, 14.5651425], [120.994046, 14.565202700000002], [120.9939889, 14.565330400000006], [120.9939752, 14.565362799999999], [120.9939095999882, 14.565325750007856]], [[120.9939095999882, 14.565325750007856], [120.9939752, 14.565362799999999], [120.99389859999998, 14.565540899999995], [120.99378870000001, 14.5657698]], [[120.99378870000001, 14.5657698], [120.993827, 14.5657875], [120.99454380000002, 14.566099500000004], [120.9944542373156, 14.566290727412246]], [[120.9944542373156, 14.566290727412246], [120.99436290000001, 14.566481199999997], [120.9942839, 14.566645000000001], [120.994184, 14.5668523], [120.9939931, 14.5672544]], [[120.9939931, 14.5672544], [120.99375770000002, 14.567767100000001]]]}, "properties": {"event_key": "d069dfe3ba791f31", "role": "preferred_observed", "primary_reason": "followed: no logged deviation and GPS follows the suggestion through a branching node", "length_m": 483.7, "road_names": "Taft Avenue > Dagonoy Street > Leon Guinto Street"}}, {"type": "Feature", "geometry": {"type": "MultiLineString", "coordinates": [[[120.99436149998996, 14.56436945000896], [120.99443010000002, 14.564398400000004], [120.9943798, 14.564506], [120.99407250000002, 14.5651425], [120.994046, 14.565202700000002], [120.9939889, 14.565330400000006], [120.9939752, 14.565362799999999], [120.9939095999882, 14.565325750007856]], [[120.9939095999882, 14.565325750007856], [120.9939752, 14.565362799999999], [120.99389859999998, 14.565540899999995], [120.99378870000001, 14.5657698]], [[120.99378870000001, 14.5657698], [120.993827, 14.5657875], [120.99454380000002, 14.566099500000004], [120.9944542373156, 14.566290727412246]], [[120.9944542373156, 14.566290727412246], [120.99436290000001, 14.566481199999997], [120.9942839, 14.566645000000001], [120.994184, 14.5668523], [120.9939931, 14.5672544]], [[120.9939931, 14.5672544], [120.99375770000002, 14.567767100000001]]]}, "properties": {"event_key": "d069dfe3ba791f31", "role": "rejected_suggestion", "primary_reason": "followed: no logged deviation and GPS follows the suggestion through a branching node", "length_m": 483.7, "road_names": "Taft Avenue > Dagonoy Street > Leon Guinto Street"}}, {"type": "Feature", "geometry": {"type": "MultiLineString", "coordinates": [[[120.99608499999786, 14.558768100003782], [120.99612820000002, 14.558776500000004], [120.99609500000001, 14.5589204], [120.99595129999999, 14.5595439], [120.99579920000001, 14.560199600000002], [120.99575664999769, 14.560190150003631]], [[120.99575664999769, 14.560190150003631], [120.9957141, 14.560180699999995], [120.99519970000001, 14.560100700000003], [120.9948939, 14.560053899999996], [120.99459030000001, 14.560000999999998], [120.99453429999998, 14.559991299999993]], [[120.99453429999998, 14.559991299999993], [120.99446070000002, 14.560209199999996], [120.9940779, 14.560913499999996], [120.99397859999999, 14.5610916], [120.9939015, 14.5612175], [120.99381133713109, 14.561230570051167]], [[120.99381133713109, 14.561230570051167], [120.9939015, 14.5612175], [120.993924, 14.561227900000002], [120.9941458, 14.561353], [120.99421689999998, 14.5614241], [120.9941596000134, 14.561476450008872]], [[120.9941596000134, 14.561476450008872], [120.99410229999998, 14.561528800000001], [120.9940337, 14.561467800000003], [120.9939538, 14.561401200000002], [120.9938419, 14.561325800000004], [120.9937307, 14.561270399999998], [120.99381133713109, 14.561230570051167]]]}, "properties": {"event_key": "cc2252134ac19184", "role": "preferred_observed", "primary_reason": "followed: no logged deviation and GPS follows the suggestion through a branching node", "length_m": 593.8, "road_names": "Taft Avenue > Menlo Street > Donada Street > Pablo Ocampo Street"}}, {"type": "Feature", "geometry": {"type": "MultiLineString", "coordinates": [[[120.99608499999786, 14.558768100003782], [120.99612820000002, 14.558776500000004], [120.99609500000001, 14.5589204], [120.99595129999999, 14.5595439], [120.99579920000001, 14.560199600000002], [120.99575664999769, 14.560190150003631]], [[120.99575664999769, 14.560190150003631], [120.9957141, 14.560180699999995], [120.99519970000001, 14.560100700000003], [120.9948939, 14.560053899999996], [120.99459030000001, 14.560000999999998], [120.99453429999998, 14.559991299999993]], [[120.99453429999998, 14.559991299999993], [120.99446070000002, 14.560209199999996], [120.9940779, 14.560913499999996], [120.99397859999999, 14.5610916], [120.9939015, 14.5612175], [120.99381133713109, 14.561230570051167]], [[120.99381133713109, 14.561230570051167], [120.9939015, 14.5612175], [120.993924, 14.561227900000002], [120.9941458, 14.561353], [120.99421689999998, 14.5614241], [120.9941596000134, 14.561476450008872]], [[120.9941596000134, 14.561476450008872], [120.99410229999998, 14.561528800000001], [120.9940337, 14.561467800000003], [120.9939538, 14.561401200000002], [120.9938419, 14.561325800000004], [120.9937307, 14.561270399999998], [120.99381133713109, 14.561230570051167]]]}, "properties": {"event_key": "cc2252134ac19184", "role": "rejected_suggestion", "primary_reason": "followed: no logged deviation and GPS follows the suggestion through a branching node", "length_m": 593.8, "road_names": "Taft Avenue > Menlo Street > Donada Street > Pablo Ocampo Street"}}, {"type": "Feature", "geometry": {"type": "MultiLineString", "coordinates": [[[120.99719810000002, 14.560757999999998], [120.9970367, 14.561204800000002], [120.9970246, 14.5612404], [120.99680420000001, 14.561829799999996]], [[120.99680420000001, 14.561829799999996], [120.9970246, 14.5612404], [120.9970367, 14.561204800000002], [120.99719810000002, 14.560757999999998]], [[120.99719810000002, 14.560757999999998], [120.99728720000002, 14.560506499999999], [120.9973565, 14.560318199999998]], [[120.9973565, 14.560318199999998], [120.997379, 14.5602584], [120.9974123, 14.560165399999995], [120.997523, 14.559862100000004], [120.9976331, 14.559589600000008]], [[120.9976331, 14.559589600000008], [120.9976532, 14.559537799999998], [120.99787169999999, 14.5586856], [120.99802980000001, 14.558233699999999], [120.99809830000001, 14.558037899999999], [120.9981922, 14.557769499999996]]]}, "properties": {"event_key": "e5437c047c703fa4", "role": "preferred_observed", "primary_reason": "followed: no logged deviation and GPS follows the suggestion through a branching node", "length_m": 602.4, "road_names": "Dominga Street"}}, {"type": "Feature", "geometry": {"type": "MultiLineString", "coordinates": [[[120.99719810000002, 14.560757999999998], [120.9970367, 14.561204800000002], [120.9970246, 14.5612404], [120.99680420000001, 14.561829799999996]], [[120.99680420000001, 14.561829799999996], [120.9970246, 14.5612404], [120.9970367, 14.561204800000002], [120.99719810000002, 14.560757999999998]], [[120.99719810000002, 14.560757999999998], [120.99728720000002, 14.560506499999999], [120.9973565, 14.560318199999998]], [[120.9973565, 14.560318199999998], [120.997379, 14.5602584], [120.9974123, 14.560165399999995], [120.997523, 14.559862100000004], [120.9976331, 14.559589600000008]], [[120.9976331, 14.559589600000008], [120.9976532, 14.559537799999998], [120.99787169999999, 14.5586856], [120.99802980000001, 14.558233699999999], [120.99809830000001, 14.558037899999999], [120.9981922, 14.557769499999996]]]}, "properties": {"event_key": "e5437c047c703fa4", "role": "rejected_suggestion", "primary_reason": "followed: no logged deviation and GPS follows the suggestion through a branching node", "length_m": 602.4, "road_names": "Dominga Street"}}, {"type": "Feature", "geometry": {"type": "MultiLineString", "coordinates": [[[120.99436149998996, 14.56436945000896], [120.9942929, 14.5643405], [120.99431729999999, 14.564290900000001], [120.9943319, 14.564259800000002], [120.9944733, 14.563954199999998], [120.994553, 14.563791099999998], [120.9945788, 14.563741999999998], [120.9946819, 14.563534799999998], [120.99469900000001, 14.5634968], [120.9948357, 14.5632037], [120.99485170000001, 14.563167299999998], [120.9950822, 14.562677500000003], [120.9950958, 14.5626023], [120.9952378906122, 14.562595410371378]], [[120.9952378906122, 14.562595410371378], [120.9950958, 14.5626023], [120.995183, 14.562337700000002], [120.995533, 14.560986999999997], [120.99557209999794, 14.560996400003068]], [[120.99557209999794, 14.560996400003068], [120.995533, 14.560986999999997], [120.9955802, 14.560782300000005], [120.9957141, 14.560180699999995], [120.99575664999769, 14.560190150003631]], [[120.99575664999769, 14.560190150003631], [120.9957141, 14.560180699999995], [120.99519970000001, 14.560100700000003], [120.9948939, 14.560053899999996], [120.99459030000001, 14.560000999999998], [120.99453429999998, 14.559991299999993]], [[120.99453429999998, 14.559991299999993], [120.9929656, 14.559729599999997]]]}, "properties": {"event_key": "5ffd1de65a00fc7f", "role": "preferred_observed", "primary_reason": "followed: no logged deviation and GPS follows the suggestion through a branching node", "length_m": 844.5, "road_names": "Taft Avenue > Menlo Street"}}, {"type": "Feature", "geometry": {"type": "MultiLineString", "coordinates": [[[120.99436149998996, 14.56436945000896], [120.9942929, 14.5643405], [120.99431729999999, 14.564290900000001], [120.9943319, 14.564259800000002], [120.9944733, 14.563954199999998], [120.994553, 14.563791099999998], [120.9945788, 14.563741999999998], [120.9946819, 14.563534799999998], [120.99469900000001, 14.5634968], [120.9948357, 14.5632037], [120.99485170000001, 14.563167299999998], [120.9950822, 14.562677500000003], [120.9950958, 14.5626023], [120.9952378906122, 14.562595410371378]], [[120.9952378906122, 14.562595410371378], [120.9950958, 14.5626023], [120.995183, 14.562337700000002], [120.995533, 14.560986999999997], [120.99557209999794, 14.560996400003068]], [[120.99557209999794, 14.560996400003068], [120.995533, 14.560986999999997], [120.9955802, 14.560782300000005], [120.9957141, 14.560180699999995], [120.99575664999769, 14.560190150003631]], [[120.99575664999769, 14.560190150003631], [120.9957141, 14.560180699999995], [120.99519970000001, 14.560100700000003], [120.9948939, 14.560053899999996], [120.99459030000001, 14.560000999999998], [120.99453429999998, 14.559991299999993]], [[120.99453429999998, 14.559991299999993], [120.9929656, 14.559729599999997]]]}, "properties": {"event_key": "5ffd1de65a00fc7f", "role": "rejected_suggestion", "primary_reason": "followed: no logged deviation and GPS follows the suggestion through a branching node", "length_m": 844.5, "road_names": "Taft Avenue > Menlo Street"}}, {"type": "Feature", "geometry": {"type": "MultiLineString", "coordinates": [[[120.99350690000001, 14.570849000000004], [120.99314690000001, 14.570712599999997], [120.99302384997038, 14.57066595002919]], [[120.99302384997038, 14.57066595002919], [120.9929008, 14.570619300000004], [120.99247700000001, 14.570458800000003]], [[120.99247700000001, 14.570458800000003], [120.9922393, 14.570896599999996], [120.992196, 14.570976300000005], [120.99216185001032, 14.571037800003854]], [[120.99216185001032, 14.571037800003854], [120.9921277, 14.571099299999998], [120.9920754, 14.5710338], [120.9920473, 14.5709986], [120.9919593, 14.570884899999996], [120.99180080000001, 14.570689799999997], [120.99166292284325, 14.57041231425933]], [[120.99166292284325, 14.57041231425933], [120.9915558, 14.570377300000002], [120.99149890000001, 14.5704854], [120.9914163, 14.570642300000001]]]}, "properties": {"event_key": "e42470e98650c6fb", "role": "preferred_observed", "primary_reason": "followed: no logged deviation and GPS follows the suggestion through a branching node", "length_m": 336.0, "road_names": "San Andres Street > Leon Guinto Street > Quirino Avenue > Taft Avenue"}}, {"type": "Feature", "geometry": {"type": "MultiLineString", "coordinates": [[[120.99350690000001, 14.570849000000004], [120.99314690000001, 14.570712599999997], [120.99302384997038, 14.57066595002919]], [[120.99302384997038, 14.57066595002919], [120.9929008, 14.570619300000004], [120.99247700000001, 14.570458800000003]], [[120.99247700000001, 14.570458800000003], [120.9922393, 14.570896599999996], [120.992196, 14.570976300000005], [120.99216185001032, 14.571037800003854]], [[120.99216185001032, 14.571037800003854], [120.9921277, 14.571099299999998], [120.9920754, 14.5710338], [120.9920473, 14.5709986], [120.9919593, 14.570884899999996], [120.99180080000001, 14.570689799999997], [120.99166292284325, 14.57041231425933]], [[120.99166292284325, 14.57041231425933], [120.9915558, 14.570377300000002], [120.99149890000001, 14.5704854], [120.9914163, 14.570642300000001]]]}, "properties": {"event_key": "e42470e98650c6fb", "role": "rejected_suggestion", "primary_reason": "followed: no logged deviation and GPS follows the suggestion through a branching node", "length_m": 336.0, "road_names": "San Andres Street > Leon Guinto Street > Quirino Avenue > Taft Avenue"}}, {"type": "Feature", "geometry": {"type": "MultiLineString", "coordinates": [[[120.99436149998996, 14.56436945000896], [120.99443010000002, 14.564398400000004], [120.9943798, 14.564506], [120.99407250000002, 14.5651425], [120.994046, 14.565202700000002], [120.9939889, 14.565330400000006], [120.9939752, 14.565362799999999], [120.9939095999882, 14.565325750007856]], [[120.9939095999882, 14.565325750007856], [120.9939752, 14.565362799999999], [120.99389859999998, 14.565540899999995], [120.99378870000001, 14.5657698]], [[120.99378870000001, 14.5657698], [120.993827, 14.5657875], [120.99454380000002, 14.566099500000004], [120.9944542373156, 14.566290727412246]], [[120.9944542373156, 14.566290727412246], [120.99436290000001, 14.566481199999997], [120.9942839, 14.566645000000001], [120.994184, 14.5668523], [120.9939931, 14.5672544]], [[120.9939931, 14.5672544], [120.99375770000002, 14.567767100000001]]]}, "properties": {"event_key": "72aabaea4de8bd1f", "role": "preferred_observed", "primary_reason": "followed: no logged deviation and GPS follows the suggestion through a branching node", "length_m": 483.7, "road_names": "Taft Avenue > Dagonoy Street > Leon Guinto Street"}}, {"type": "Feature", "geometry": {"type": "MultiLineString", "coordinates": [[[120.99436149998996, 14.56436945000896], [120.99443010000002, 14.564398400000004], [120.9943798, 14.564506], [120.99407250000002, 14.5651425], [120.994046, 14.565202700000002], [120.9939889, 14.565330400000006], [120.9939752, 14.565362799999999], [120.9939095999882, 14.565325750007856]], [[120.9939095999882, 14.565325750007856], [120.9939752, 14.565362799999999], [120.99389859999998, 14.565540899999995], [120.99378870000001, 14.5657698]], [[120.99378870000001, 14.5657698], [120.993827, 14.5657875], [120.99454380000002, 14.566099500000004], [120.9944542373156, 14.566290727412246]], [[120.9944542373156, 14.566290727412246], [120.99436290000001, 14.566481199999997], [120.9942839, 14.566645000000001], [120.994184, 14.5668523], [120.9939931, 14.5672544]], [[120.9939931, 14.5672544], [120.99375770000002, 14.567767100000001]]]}, "properties": {"event_key": "72aabaea4de8bd1f", "role": "rejected_suggestion", "primary_reason": "followed: no logged deviation and GPS follows the suggestion through a branching node", "length_m": 483.7, "road_names": "Taft Avenue > Dagonoy Street > Leon Guinto Street"}}, {"type": "Feature", "geometry": {"type": "MultiLineString", "coordinates": [[[120.99608499999786, 14.558768100003782], [120.99612820000002, 14.558776500000004], [120.99609500000001, 14.5589204], [120.99595129999999, 14.5595439], [120.99579920000001, 14.560199600000002], [120.99575664999769, 14.560190150003631]], [[120.99575664999769, 14.560190150003631], [120.9957141, 14.560180699999995], [120.99519970000001, 14.560100700000003], [120.9948939, 14.560053899999996], [120.99459030000001, 14.560000999999998], [120.99453429999998, 14.559991299999993]], [[120.99453429999998, 14.559991299999993], [120.99446070000002, 14.560209199999996], [120.9940779, 14.560913499999996], [120.99397859999999, 14.5610916], [120.9939015, 14.5612175], [120.99381133713109, 14.561230570051167]], [[120.99381133713109, 14.561230570051167], [120.9939015, 14.5612175], [120.993924, 14.561227900000002], [120.9941458, 14.561353], [120.99421689999998, 14.5614241], [120.9941596000134, 14.561476450008872]], [[120.9941596000134, 14.561476450008872], [120.99410229999998, 14.561528800000001], [120.9940337, 14.561467800000003], [120.9939538, 14.561401200000002], [120.9938419, 14.561325800000004], [120.9937307, 14.561270399999998], [120.99381133713109, 14.561230570051167]]]}, "properties": {"event_key": "3b064f416fe38773", "role": "preferred_observed", "primary_reason": "followed: no logged deviation and GPS follows the suggestion through a branching node", "length_m": 593.8, "road_names": "Taft Avenue > Menlo Street > Donada Street > Pablo Ocampo Street"}}, {"type": "Feature", "geometry": {"type": "MultiLineString", "coordinates": [[[120.99608499999786, 14.558768100003782], [120.99612820000002, 14.558776500000004], [120.99609500000001, 14.5589204], [120.99595129999999, 14.5595439], [120.99579920000001, 14.560199600000002], [120.99575664999769, 14.560190150003631]], [[120.99575664999769, 14.560190150003631], [120.9957141, 14.560180699999995], [120.99519970000001, 14.560100700000003], [120.9948939, 14.560053899999996], [120.99459030000001, 14.560000999999998], [120.99453429999998, 14.559991299999993]], [[120.99453429999998, 14.559991299999993], [120.99446070000002, 14.560209199999996], [120.9940779, 14.560913499999996], [120.99397859999999, 14.5610916], [120.9939015, 14.5612175], [120.99381133713109, 14.561230570051167]], [[120.99381133713109, 14.561230570051167], [120.9939015, 14.5612175], [120.993924, 14.561227900000002], [120.9941458, 14.561353], [120.99421689999998, 14.5614241], [120.9941596000134, 14.561476450008872]], [[120.9941596000134, 14.561476450008872], [120.99410229999998, 14.561528800000001], [120.9940337, 14.561467800000003], [120.9939538, 14.561401200000002], [120.9938419, 14.561325800000004], [120.9937307, 14.561270399999998], [120.99381133713109, 14.561230570051167]]]}, "properties": {"event_key": "3b064f416fe38773", "role": "rejected_suggestion", "primary_reason": "followed: no logged deviation and GPS follows the suggestion through a branching node", "length_m": 593.8, "road_names": "Taft Avenue > Menlo Street > Donada Street > Pablo Ocampo Street"}}, {"type": "Feature", "geometry": {"type": "MultiLineString", "coordinates": [[[120.99719810000002, 14.560757999999998], [120.9970367, 14.561204800000002], [120.9970246, 14.5612404], [120.99680420000001, 14.561829799999996]], [[120.99680420000001, 14.561829799999996], [120.9970246, 14.5612404], [120.9970367, 14.561204800000002], [120.99719810000002, 14.560757999999998]], [[120.99719810000002, 14.560757999999998], [120.99728720000002, 14.560506499999999], [120.9973565, 14.560318199999998]], [[120.9973565, 14.560318199999998], [120.997379, 14.5602584], [120.9974123, 14.560165399999995], [120.997523, 14.559862100000004], [120.9976331, 14.559589600000008]], [[120.9976331, 14.559589600000008], [120.9976532, 14.559537799999998], [120.99787169999999, 14.5586856], [120.99802980000001, 14.558233699999999], [120.99809830000001, 14.558037899999999], [120.9981922, 14.557769499999996]]]}, "properties": {"event_key": "4241ce4d78b252b9", "role": "preferred_observed", "primary_reason": "followed: no logged deviation and GPS follows the suggestion through a branching node", "length_m": 602.4, "road_names": "Dominga Street"}}, {"type": "Feature", "geometry": {"type": "MultiLineString", "coordinates": [[[120.99719810000002, 14.560757999999998], [120.9970367, 14.561204800000002], [120.9970246, 14.5612404], [120.99680420000001, 14.561829799999996]], [[120.99680420000001, 14.561829799999996], [120.9970246, 14.5612404], [120.9970367, 14.561204800000002], [120.99719810000002, 14.560757999999998]], [[120.99719810000002, 14.560757999999998], [120.99728720000002, 14.560506499999999], [120.9973565, 14.560318199999998]], [[120.9973565, 14.560318199999998], [120.997379, 14.5602584], [120.9974123, 14.560165399999995], [120.997523, 14.559862100000004], [120.9976331, 14.559589600000008]], [[120.9976331, 14.559589600000008], [120.9976532, 14.559537799999998], [120.99787169999999, 14.5586856], [120.99802980000001, 14.558233699999999], [120.99809830000001, 14.558037899999999], [120.9981922, 14.557769499999996]]]}, "properties": {"event_key": "4241ce4d78b252b9", "role": "rejected_suggestion", "primary_reason": "followed: no logged deviation and GPS follows the suggestion through a branching node", "length_m": 602.4, "road_names": "Dominga Street"}}, {"type": "Feature", "geometry": {"type": "MultiLineString", "coordinates": [[[120.99436149998996, 14.56436945000896], [120.9942929, 14.5643405], [120.99431729999999, 14.564290900000001], [120.9943319, 14.564259800000002], [120.9944733, 14.563954199999998], [120.994553, 14.563791099999998], [120.9945788, 14.563741999999998], [120.9946819, 14.563534799999998], [120.99469900000001, 14.5634968], [120.9948357, 14.5632037], [120.99485170000001, 14.563167299999998], [120.9950822, 14.562677500000003], [120.9950958, 14.5626023], [120.9952378906122, 14.562595410371378]], [[120.9952378906122, 14.562595410371378], [120.9950958, 14.5626023], [120.995183, 14.562337700000002], [120.995533, 14.560986999999997], [120.99557209999794, 14.560996400003068]], [[120.99557209999794, 14.560996400003068], [120.995533, 14.560986999999997], [120.9955802, 14.560782300000005], [120.9957141, 14.560180699999995], [120.99575664999769, 14.560190150003631]], [[120.99575664999769, 14.560190150003631], [120.9957141, 14.560180699999995], [120.99519970000001, 14.560100700000003], [120.9948939, 14.560053899999996], [120.99459030000001, 14.560000999999998], [120.99453429999998, 14.559991299999993]], [[120.99453429999998, 14.559991299999993], [120.9929656, 14.559729599999997]]]}, "properties": {"event_key": "efb575c3c1c504e1", "role": "preferred_observed", "primary_reason": "followed: no logged deviation and GPS follows the suggestion through a branching node", "length_m": 844.5, "road_names": "Taft Avenue > Menlo Street"}}, {"type": "Feature", "geometry": {"type": "MultiLineString", "coordinates": [[[120.99436149998996, 14.56436945000896], [120.9942929, 14.5643405], [120.99431729999999, 14.564290900000001], [120.9943319, 14.564259800000002], [120.9944733, 14.563954199999998], [120.994553, 14.563791099999998], [120.9945788, 14.563741999999998], [120.9946819, 14.563534799999998], [120.99469900000001, 14.5634968], [120.9948357, 14.5632037], [120.99485170000001, 14.563167299999998], [120.9950822, 14.562677500000003], [120.9950958, 14.5626023], [120.9952378906122, 14.562595410371378]], [[120.9952378906122, 14.562595410371378], [120.9950958, 14.5626023], [120.995183, 14.562337700000002], [120.995533, 14.560986999999997], [120.99557209999794, 14.560996400003068]], [[120.99557209999794, 14.560996400003068], [120.995533, 14.560986999999997], [120.9955802, 14.560782300000005], [120.9957141, 14.560180699999995], [120.99575664999769, 14.560190150003631]], [[120.99575664999769, 14.560190150003631], [120.9957141, 14.560180699999995], [120.99519970000001, 14.560100700000003], [120.9948939, 14.560053899999996], [120.99459030000001, 14.560000999999998], [120.99453429999998, 14.559991299999993]], [[120.99453429999998, 14.559991299999993], [120.9929656, 14.559729599999997]]]}, "properties": {"event_key": "efb575c3c1c504e1", "role": "rejected_suggestion", "primary_reason": "followed: no logged deviation and GPS follows the suggestion through a branching node", "length_m": 844.5, "road_names": "Taft Avenue > Menlo Street"}}, {"type": "Feature", "geometry": {"type": "MultiLineString", "coordinates": [[[120.99350690000001, 14.570849000000004], [120.99314690000001, 14.570712599999997], [120.99302384997038, 14.57066595002919]], [[120.99302384997038, 14.57066595002919], [120.9929008, 14.570619300000004], [120.99247700000001, 14.570458800000003]], [[120.99247700000001, 14.570458800000003], [120.9922393, 14.570896599999996], [120.992196, 14.570976300000005], [120.99216185001032, 14.571037800003854]], [[120.99216185001032, 14.571037800003854], [120.9921277, 14.571099299999998], [120.9920754, 14.5710338], [120.9920473, 14.5709986], [120.9919593, 14.570884899999996], [120.99180080000001, 14.570689799999997], [120.99166292284325, 14.57041231425933]], [[120.99166292284325, 14.57041231425933], [120.9915558, 14.570377300000002], [120.99149890000001, 14.5704854], [120.9914163, 14.570642300000001]]]}, "properties": {"event_key": "84bf6e8d954462aa", "role": "preferred_observed", "primary_reason": "followed: no logged deviation and GPS follows the suggestion through a branching node", "length_m": 336.0, "road_names": "San Andres Street > Leon Guinto Street > Quirino Avenue > Taft Avenue"}}, {"type": "Feature", "geometry": {"type": "MultiLineString", "coordinates": [[[120.99350690000001, 14.570849000000004], [120.99314690000001, 14.570712599999997], [120.99302384997038, 14.57066595002919]], [[120.99302384997038, 14.57066595002919], [120.9929008, 14.570619300000004], [120.99247700000001, 14.570458800000003]], [[120.99247700000001, 14.570458800000003], [120.9922393, 14.570896599999996], [120.992196, 14.570976300000005], [120.99216185001032, 14.571037800003854]], [[120.99216185001032, 14.571037800003854], [120.9921277, 14.571099299999998], [120.9920754, 14.5710338], [120.9920473, 14.5709986], [120.9919593, 14.570884899999996], [120.99180080000001, 14.570689799999997], [120.99166292284325, 14.57041231425933]], [[120.99166292284325, 14.57041231425933], [120.9915558, 14.570377300000002], [120.99149890000001, 14.5704854], [120.9914163, 14.570642300000001]]]}, "properties": {"event_key": "84bf6e8d954462aa", "role": "rejected_suggestion", "primary_reason": "followed: no logged deviation and GPS follows the suggestion through a branching node", "length_m": 336.0, "road_names": "San Andres Street > Leon Guinto Street > Quirino Avenue > Taft Avenue"}}, {"type": "Feature", "geometry": {"type": "MultiLineString", "coordinates": [[[120.99436149998996, 14.56436945000896], [120.99443010000002, 14.564398400000004], [120.9943798, 14.564506], [120.99407250000002, 14.5651425], [120.994046, 14.565202700000002], [120.9939889, 14.565330400000006], [120.9939752, 14.565362799999999], [120.9939095999882, 14.565325750007856]], [[120.9939095999882, 14.565325750007856], [120.9939752, 14.565362799999999], [120.99389859999998, 14.565540899999995], [120.99378870000001, 14.5657698]], [[120.99378870000001, 14.5657698], [120.993827, 14.5657875], [120.99454380000002, 14.566099500000004], [120.9944542373156, 14.566290727412246]], [[120.9944542373156, 14.566290727412246], [120.99436290000001, 14.566481199999997], [120.9942839, 14.566645000000001], [120.994184, 14.5668523], [120.9939931, 14.5672544]], [[120.9939931, 14.5672544], [120.99375770000002, 14.567767100000001]]]}, "properties": {"event_key": "1122247492cc83e1", "role": "preferred_observed", "primary_reason": "followed: no logged deviation and GPS follows the suggestion through a branching node", "length_m": 483.7, "road_names": "Taft Avenue > Dagonoy Street > Leon Guinto Street"}}, {"type": "Feature", "geometry": {"type": "MultiLineString", "coordinates": [[[120.99436149998996, 14.56436945000896], [120.99443010000002, 14.564398400000004], [120.9943798, 14.564506], [120.99407250000002, 14.5651425], [120.994046, 14.565202700000002], [120.9939889, 14.565330400000006], [120.9939752, 14.565362799999999], [120.9939095999882, 14.565325750007856]], [[120.9939095999882, 14.565325750007856], [120.9939752, 14.565362799999999], [120.99389859999998, 14.565540899999995], [120.99378870000001, 14.5657698]], [[120.99378870000001, 14.5657698], [120.993827, 14.5657875], [120.99454380000002, 14.566099500000004], [120.9944542373156, 14.566290727412246]], [[120.9944542373156, 14.566290727412246], [120.99436290000001, 14.566481199999997], [120.9942839, 14.566645000000001], [120.994184, 14.5668523], [120.9939931, 14.5672544]], [[120.9939931, 14.5672544], [120.99375770000002, 14.567767100000001]]]}, "properties": {"event_key": "1122247492cc83e1", "role": "rejected_suggestion", "primary_reason": "followed: no logged deviation and GPS follows the suggestion through a branching node", "length_m": 483.7, "road_names": "Taft Avenue > Dagonoy Street > Leon Guinto Street"}}, {"type": "Feature", "geometry": {"type": "MultiLineString", "coordinates": [[[120.99608499999786, 14.558768100003782], [120.99612820000002, 14.558776500000004], [120.99609500000001, 14.5589204], [120.99595129999999, 14.5595439], [120.99579920000001, 14.560199600000002], [120.99575664999769, 14.560190150003631]], [[120.99575664999769, 14.560190150003631], [120.9957141, 14.560180699999995], [120.99519970000001, 14.560100700000003], [120.9948939, 14.560053899999996], [120.99459030000001, 14.560000999999998], [120.99453429999998, 14.559991299999993]], [[120.99453429999998, 14.559991299999993], [120.99446070000002, 14.560209199999996], [120.9940779, 14.560913499999996], [120.99397859999999, 14.5610916], [120.9939015, 14.5612175], [120.99381133713109, 14.561230570051167]], [[120.99381133713109, 14.561230570051167], [120.9939015, 14.5612175], [120.993924, 14.561227900000002], [120.9941458, 14.561353], [120.99421689999998, 14.5614241], [120.9941596000134, 14.561476450008872]], [[120.9941596000134, 14.561476450008872], [120.99410229999998, 14.561528800000001], [120.9940337, 14.561467800000003], [120.9939538, 14.561401200000002], [120.9938419, 14.561325800000004], [120.9937307, 14.561270399999998], [120.99381133713109, 14.561230570051167]]]}, "properties": {"event_key": "3602628bc1af8e30", "role": "preferred_observed", "primary_reason": "followed: no logged deviation and GPS follows the suggestion through a branching node", "length_m": 593.8, "road_names": "Taft Avenue > Menlo Street > Donada Street > Pablo Ocampo Street"}}, {"type": "Feature", "geometry": {"type": "MultiLineString", "coordinates": [[[120.99608499999786, 14.558768100003782], [120.99612820000002, 14.558776500000004], [120.99609500000001, 14.5589204], [120.99595129999999, 14.5595439], [120.99579920000001, 14.560199600000002], [120.99575664999769, 14.560190150003631]], [[120.99575664999769, 14.560190150003631], [120.9957141, 14.560180699999995], [120.99519970000001, 14.560100700000003], [120.9948939, 14.560053899999996], [120.99459030000001, 14.560000999999998], [120.99453429999998, 14.559991299999993]], [[120.99453429999998, 14.559991299999993], [120.99446070000002, 14.560209199999996], [120.9940779, 14.560913499999996], [120.99397859999999, 14.5610916], [120.9939015, 14.5612175], [120.99381133713109, 14.561230570051167]], [[120.99381133713109, 14.561230570051167], [120.9939015, 14.5612175], [120.993924, 14.561227900000002], [120.9941458, 14.561353], [120.99421689999998, 14.5614241], [120.9941596000134, 14.561476450008872]], [[120.9941596000134, 14.561476450008872], [120.99410229999998, 14.561528800000001], [120.9940337, 14.561467800000003], [120.9939538, 14.561401200000002], [120.9938419, 14.561325800000004], [120.9937307, 14.561270399999998], [120.99381133713109, 14.561230570051167]]]}, "properties": {"event_key": "3602628bc1af8e30", "role": "rejected_suggestion", "primary_reason": "followed: no logged deviation and GPS follows the suggestion through a branching node", "length_m": 593.8, "road_names": "Taft Avenue > Menlo Street > Donada Street > Pablo Ocampo Street"}}, {"type": "Feature", "geometry": {"type": "MultiLineString", "coordinates": [[[120.99719810000002, 14.560757999999998], [120.9970367, 14.561204800000002], [120.9970246, 14.5612404], [120.99680420000001, 14.561829799999996]], [[120.99680420000001, 14.561829799999996], [120.9970246, 14.5612404], [120.9970367, 14.561204800000002], [120.99719810000002, 14.560757999999998]], [[120.99719810000002, 14.560757999999998], [120.99728720000002, 14.560506499999999], [120.9973565, 14.560318199999998]], [[120.9973565, 14.560318199999998], [120.997379, 14.5602584], [120.9974123, 14.560165399999995], [120.997523, 14.559862100000004], [120.9976331, 14.559589600000008]], [[120.9976331, 14.559589600000008], [120.9976532, 14.559537799999998], [120.99787169999999, 14.5586856], [120.99802980000001, 14.558233699999999], [120.99809830000001, 14.558037899999999], [120.9981922, 14.557769499999996]]]}, "properties": {"event_key": "0954e22045cbd393", "role": "preferred_observed", "primary_reason": "followed: no logged deviation and GPS follows the suggestion through a branching node", "length_m": 602.4, "road_names": "Dominga Street"}}, {"type": "Feature", "geometry": {"type": "MultiLineString", "coordinates": [[[120.99719810000002, 14.560757999999998], [120.9970367, 14.561204800000002], [120.9970246, 14.5612404], [120.99680420000001, 14.561829799999996]], [[120.99680420000001, 14.561829799999996], [120.9970246, 14.5612404], [120.9970367, 14.561204800000002], [120.99719810000002, 14.560757999999998]], [[120.99719810000002, 14.560757999999998], [120.99728720000002, 14.560506499999999], [120.9973565, 14.560318199999998]], [[120.9973565, 14.560318199999998], [120.997379, 14.5602584], [120.9974123, 14.560165399999995], [120.997523, 14.559862100000004], [120.9976331, 14.559589600000008]], [[120.9976331, 14.559589600000008], [120.9976532, 14.559537799999998], [120.99787169999999, 14.5586856], [120.99802980000001, 14.558233699999999], [120.99809830000001, 14.558037899999999], [120.9981922, 14.557769499999996]]]}, "properties": {"event_key": "0954e22045cbd393", "role": "rejected_suggestion", "primary_reason": "followed: no logged deviation and GPS follows the suggestion through a branching node", "length_m": 602.4, "road_names": "Dominga Street"}}, {"type": "Feature", "geometry": {"type": "MultiLineString", "coordinates": [[[120.99436149998996, 14.56436945000896], [120.9942929, 14.5643405], [120.99431729999999, 14.564290900000001], [120.9943319, 14.564259800000002], [120.9944733, 14.563954199999998], [120.994553, 14.563791099999998], [120.9945788, 14.563741999999998], [120.9946819, 14.563534799999998], [120.99469900000001, 14.5634968], [120.9948357, 14.5632037], [120.99485170000001, 14.563167299999998], [120.9950822, 14.562677500000003], [120.9950958, 14.5626023], [120.9952378906122, 14.562595410371378]], [[120.9952378906122, 14.562595410371378], [120.9950958, 14.5626023], [120.995183, 14.562337700000002], [120.995533, 14.560986999999997], [120.99557209999794, 14.560996400003068]], [[120.99557209999794, 14.560996400003068], [120.995533, 14.560986999999997], [120.9955802, 14.560782300000005], [120.9957141, 14.560180699999995], [120.99575664999769, 14.560190150003631]], [[120.99575664999769, 14.560190150003631], [120.9957141, 14.560180699999995], [120.99519970000001, 14.560100700000003], [120.9948939, 14.560053899999996], [120.99459030000001, 14.560000999999998], [120.99453429999998, 14.559991299999993]], [[120.99453429999998, 14.559991299999993], [120.9929656, 14.559729599999997]]]}, "properties": {"event_key": "16bff584e97329dc", "role": "preferred_observed", "primary_reason": "followed: no logged deviation and GPS follows the suggestion through a branching node", "length_m": 844.5, "road_names": "Taft Avenue > Menlo Street"}}, {"type": "Feature", "geometry": {"type": "MultiLineString", "coordinates": [[[120.99436149998996, 14.56436945000896], [120.9942929, 14.5643405], [120.99431729999999, 14.564290900000001], [120.9943319, 14.564259800000002], [120.9944733, 14.563954199999998], [120.994553, 14.563791099999998], [120.9945788, 14.563741999999998], [120.9946819, 14.563534799999998], [120.99469900000001, 14.5634968], [120.9948357, 14.5632037], [120.99485170000001, 14.563167299999998], [120.9950822, 14.562677500000003], [120.9950958, 14.5626023], [120.9952378906122, 14.562595410371378]], [[120.9952378906122, 14.562595410371378], [120.9950958, 14.5626023], [120.995183, 14.562337700000002], [120.995533, 14.560986999999997], [120.99557209999794, 14.560996400003068]], [[120.99557209999794, 14.560996400003068], [120.995533, 14.560986999999997], [120.9955802, 14.560782300000005], [120.9957141, 14.560180699999995], [120.99575664999769, 14.560190150003631]], [[120.99575664999769, 14.560190150003631], [120.9957141, 14.560180699999995], [120.99519970000001, 14.560100700000003], [120.9948939, 14.560053899999996], [120.99459030000001, 14.560000999999998], [120.99453429999998, 14.559991299999993]], [[120.99453429999998, 14.559991299999993], [120.9929656, 14.559729599999997]]]}, "properties": {"event_key": "16bff584e97329dc", "role": "rejected_suggestion", "primary_reason": "followed: no logged deviation and GPS follows the suggestion through a branching node", "length_m": 844.5, "road_names": "Taft Avenue > Menlo Street"}}, {"type": "Feature", "geometry": {"type": "MultiLineString", "coordinates": [[[120.99350690000001, 14.570849000000004], [120.99314690000001, 14.570712599999997], [120.99302384997038, 14.57066595002919]], [[120.99302384997038, 14.57066595002919], [120.9929008, 14.570619300000004], [120.99247700000001, 14.570458800000003]], [[120.99247700000001, 14.570458800000003], [120.9922393, 14.570896599999996], [120.992196, 14.570976300000005], [120.99216185001032, 14.571037800003854]], [[120.99216185001032, 14.571037800003854], [120.9921277, 14.571099299999998], [120.9920754, 14.5710338], [120.9920473, 14.5709986], [120.9919593, 14.570884899999996], [120.99180080000001, 14.570689799999997], [120.99166292284325, 14.57041231425933]], [[120.99166292284325, 14.57041231425933], [120.9915558, 14.570377300000002], [120.99149890000001, 14.5704854], [120.9914163, 14.570642300000001]]]}, "properties": {"event_key": "06128170d32f0c96", "role": "preferred_observed", "primary_reason": "followed: no logged deviation and GPS follows the suggestion through a branching node", "length_m": 336.0, "road_names": "San Andres Street > Leon Guinto Street > Quirino Avenue > Taft Avenue"}}, {"type": "Feature", "geometry": {"type": "MultiLineString", "coordinates": [[[120.99350690000001, 14.570849000000004], [120.99314690000001, 14.570712599999997], [120.99302384997038, 14.57066595002919]], [[120.99302384997038, 14.57066595002919], [120.9929008, 14.570619300000004], [120.99247700000001, 14.570458800000003]], [[120.99247700000001, 14.570458800000003], [120.9922393, 14.570896599999996], [120.992196, 14.570976300000005], [120.99216185001032, 14.571037800003854]], [[120.99216185001032, 14.571037800003854], [120.9921277, 14.571099299999998], [120.9920754, 14.5710338], [120.9920473, 14.5709986], [120.9919593, 14.570884899999996], [120.99180080000001, 14.570689799999997], [120.99166292284325, 14.57041231425933]], [[120.99166292284325, 14.57041231425933], [120.9915558, 14.570377300000002], [120.99149890000001, 14.5704854], [120.9914163, 14.570642300000001]]]}, "properties": {"event_key": "06128170d32f0c96", "role": "rejected_suggestion", "primary_reason": "followed: no logged deviation and GPS follows the suggestion through a branching node", "length_m": 336.0, "road_names": "San Andres Street > Leon Guinto Street > Quirino Avenue > Taft Avenue"}}, {"type": "Feature", "geometry": {"type": "MultiLineString", "coordinates": [[[120.99436149998996, 14.56436945000896], [120.99443010000002, 14.564398400000004], [120.9943798, 14.564506], [120.99407250000002, 14.5651425], [120.994046, 14.565202700000002], [120.9939889, 14.565330400000006], [120.9939752, 14.565362799999999], [120.9939095999882, 14.565325750007856]], [[120.9939095999882, 14.565325750007856], [120.9939752, 14.565362799999999], [120.99389859999998, 14.565540899999995], [120.99378870000001, 14.5657698]], [[120.99378870000001, 14.5657698], [120.993827, 14.5657875], [120.99454380000002, 14.566099500000004], [120.9944542373156, 14.566290727412246]], [[120.9944542373156, 14.566290727412246], [120.99436290000001, 14.566481199999997], [120.9942839, 14.566645000000001], [120.994184, 14.5668523], [120.9939931, 14.5672544]], [[120.9939931, 14.5672544], [120.99375770000002, 14.567767100000001]]]}, "properties": {"event_key": "b0d44227057d9a0a", "role": "preferred_observed", "primary_reason": "followed: no logged deviation and GPS follows the suggestion through a branching node", "length_m": 483.7, "road_names": "Taft Avenue > Dagonoy Street > Leon Guinto Street"}}, {"type": "Feature", "geometry": {"type": "MultiLineString", "coordinates": [[[120.99436149998996, 14.56436945000896], [120.99443010000002, 14.564398400000004], [120.9943798, 14.564506], [120.99407250000002, 14.5651425], [120.994046, 14.565202700000002], [120.9939889, 14.565330400000006], [120.9939752, 14.565362799999999], [120.9939095999882, 14.565325750007856]], [[120.9939095999882, 14.565325750007856], [120.9939752, 14.565362799999999], [120.99389859999998, 14.565540899999995], [120.99378870000001, 14.5657698]], [[120.99378870000001, 14.5657698], [120.993827, 14.5657875], [120.99454380000002, 14.566099500000004], [120.9944542373156, 14.566290727412246]], [[120.9944542373156, 14.566290727412246], [120.99436290000001, 14.566481199999997], [120.9942839, 14.566645000000001], [120.994184, 14.5668523], [120.9939931, 14.5672544]], [[120.9939931, 14.5672544], [120.99375770000002, 14.567767100000001]]]}, "properties": {"event_key": "b0d44227057d9a0a", "role": "rejected_suggestion", "primary_reason": "followed: no logged deviation and GPS follows the suggestion through a branching node", "length_m": 483.7, "road_names": "Taft Avenue > Dagonoy Street > Leon Guinto Street"}}, {"type": "Feature", "geometry": {"type": "MultiLineString", "coordinates": [[[120.9952378906122, 14.562595410371378], [120.9950958, 14.5626023], [120.995183, 14.562337700000002], [120.995533, 14.560986999999997], [120.99557209999794, 14.560996400003068]], [[120.99557209999794, 14.560996400003068], [120.995533, 14.560986999999997], [120.9955802, 14.560782300000005], [120.9957141, 14.560180699999995], [120.99575664999769, 14.560190150003631]], [[120.99575664999769, 14.560190150003631], [120.9957141, 14.560180699999995], [120.99519970000001, 14.560100700000003], [120.9948939, 14.560053899999996], [120.99459030000001, 14.560000999999998], [120.99453429999998, 14.559991299999993]], [[120.99453429999998, 14.559991299999993], [120.9929656, 14.559729599999997]], [[120.9929656, 14.559729599999997], [120.99302710000002, 14.559562400000003], [120.9931263, 14.5592673], [120.993189, 14.5590552], [120.99328619999999, 14.5587027]], [[120.99328619999999, 14.5587027], [120.99332300000002, 14.558535399999998], [120.9933859, 14.558247899999996], [120.99343830000001, 14.558011500000001]], [[120.99343830000001, 14.558011500000001], [120.9933154, 14.5579732], [120.9931612, 14.557925199999998], [120.99281980000002, 14.557822599999998], [120.99198049999998, 14.557566199999997]], [[120.99198049999998, 14.557566199999997], [120.9906872, 14.557171099999998], [120.99070145000307, 14.557130300000846]], [[120.99070145000307, 14.557130300000846], [120.9907157, 14.557089500000004], [120.9901243, 14.5568832]], [[120.9901243, 14.5568832], [120.98979020000002, 14.5567664], [120.9897559, 14.5567544]], [[120.9897559, 14.5567544], [120.98943710000002, 14.5566431]], [[120.98943710000002, 14.5566431], [120.98913230000001, 14.556531699999997]], [[120.98913230000001, 14.556531699999997], [120.9885085, 14.556318900000003], [120.98841164998287, 14.556285100018215]]]}, "properties": {"event_key": "e4869c1b8c98fe60", "role": "preferred_observed", "primary_reason": "deviated: intentional surveyed deviation with a GPS-supported divergence and rejoin", "length_m": 1391.7, "road_names": "Taft Avenue > Menlo Street > Leveriza Street > Gotamco Street > E. Rodriguez Street"}}, {"type": "Feature", "geometry": {"type": "MultiLineString", "coordinates": [[[120.9952378906122, 14.562595410371378], [120.99521400000002, 14.5626692], [120.99518680000001, 14.562731400000002], [120.99478090000001, 14.563660699999998], [120.99472050000001, 14.5638015], [120.9944532, 14.564347900000001], [120.99443010000002, 14.564398400000004], [120.99436149998996, 14.56436945000896]], [[120.99436149998996, 14.56436945000896], [120.99443010000002, 14.564398400000004], [120.9943798, 14.564506], [120.99407250000002, 14.5651425], [120.994046, 14.565202700000002], [120.9939889, 14.565330400000006], [120.9939752, 14.565362799999999], [120.9939095999882, 14.565325750007856]], [[120.9939095999882, 14.565325750007856], [120.993844, 14.565288700000002], [120.99394350000001, 14.565084800000001], [120.99396230000002, 14.565044599999997], [120.99408090000001, 14.564795000000004], [120.99424330000001, 14.564450500000003], [120.9942929, 14.5643405], [120.99436149998996, 14.56436945000896]], [[120.99436149998996, 14.56436945000896], [120.9942929, 14.5643405], [120.99431729999999, 14.564290900000001], [120.9943319, 14.564259800000002], [120.9944733, 14.563954199999998], [120.994553, 14.563791099999998], [120.9945788, 14.563741999999998], [120.9946819, 14.563534799999998], [120.99469900000001, 14.5634968], [120.9948357, 14.5632037], [120.99485170000001, 14.563167299999998], [120.9950822, 14.562677500000003], [120.9950958, 14.5626023], [120.9952378906122, 14.562595410371378]], [[120.9952378906122, 14.562595410371378], [120.9950958, 14.5626023], [120.99501990000002, 14.562569999999997], [120.9948096, 14.562454], [120.99435360000001, 14.561757600000005]], [[120.99435360000001, 14.561757600000005], [120.99410229999998, 14.561528800000001], [120.9941596000134, 14.561476450008872]], [[120.9941596000134, 14.561476450008872], [120.99410229999998, 14.561528800000001], [120.9940337, 14.561467800000003], [120.9939538, 14.561401200000002], [120.9938419, 14.561325800000004], [120.9937307, 14.561270399999998], [120.99381133713109, 14.561230570051167]], [[120.99381133713109, 14.561230570051167], [120.9937307, 14.561270399999998], [120.993475, 14.5612274], [120.9932503, 14.561182500000001], [120.9928588, 14.561092899999998], [120.99258791067642, 14.560978420064938]], [[120.99258791067642, 14.560978420064938], [120.99231080000001, 14.560907799999995], [120.99221980000002, 14.5608851], [120.99151879999998, 14.5607109], [120.990773, 14.560525500000004], [120.9903859, 14.5604293], [120.9902701, 14.560400499999997], [120.98951630000002, 14.5602131], [120.98943620000001, 14.560193199999999]], [[120.98943620000001, 14.560193199999999], [120.98934050000001, 14.560168199999996], [120.98929409999998, 14.560151200000002], [120.98920990000002, 14.560130300000003], [120.98889400000002, 14.560051699999999]], [[120.98889400000002, 14.560051699999999], [120.988485, 14.559944999999997], [120.9875544, 14.559702099999997], [120.9874856, 14.559685599999996], [120.98740059999999, 14.559666200000002], [120.98718198783487, 14.559598078578414]], [[120.98718198783487, 14.559598078578414], [120.98740059999999, 14.559666200000002], [120.98744010000001, 14.5595536], [120.9876621, 14.558921], [120.98756639997964, 14.558878650017302]], [[120.98756639997964, 14.558878650017302], [120.9876621, 14.558921], [120.9878813, 14.558266399999999], [120.98764695848062, 14.558315464657962]], [[120.98764695848062, 14.558315464657962], [120.9878813, 14.558266399999999], [120.98813149999998, 14.5574703], [120.98830090000001, 14.5569294]], [[120.98830090000001, 14.5569294], [120.9884097, 14.556615400000002], [120.9885085, 14.556318900000003], [120.98841164998287, 14.556285100018215]]]}, "properties": {"event_key": "e4869c1b8c98fe60", "role": "rejected_suggestion", "primary_reason": "deviated: intentional surveyed deviation with a GPS-supported divergence and rejoin", "length_m": 2220.3, "road_names": "Taft Avenue > Pablo Ocampo Street > Roxas Boulevard Service Road"}}, {"type": "Feature", "geometry": {"type": "MultiLineString", "coordinates": [[[120.9985119, 14.563191300000002], [120.99862620000002, 14.5627993], [120.99878620000001, 14.562398600000002], [120.9989393, 14.562075], [120.99898630000001, 14.5620153], [120.99904959999999, 14.5619551]], [[120.99904959999999, 14.5619551], [120.999092, 14.5619979], [120.999401, 14.562309800000001]], [[120.999401, 14.562309800000001], [120.9996588, 14.562570100000002]], [[120.9996588, 14.562570100000002], [120.999921, 14.562834799999994]], [[120.999921, 14.562834799999994], [121.00020790000002, 14.5630774]], [[121.00020790000002, 14.5630774], [121.00045769999998, 14.5633449]], [[121.00045769999998, 14.5633449], [121.00071260000001, 14.5635872]], [[121.00071260000001, 14.5635872], [121.0007428, 14.5636156], [121.0009669, 14.563840599999997]]]}, "properties": {"event_key": "0f29dad8ecfeadc9", "role": "preferred_observed", "primary_reason": "deviated: intentional surveyed deviation with a GPS-supported divergence and rejoin", "length_m": 444.9, "road_names": "Arellano Avenue > Zobel Roxas Street"}}, {"type": "Feature", "geometry": {"type": "MultiLineString", "coordinates": [[[120.9985119, 14.563191300000002], [120.9988721, 14.5633467]], [[120.9988721, 14.5633467], [120.99918850000002, 14.5635076]], [[120.99918850000002, 14.5635076], [120.999523, 14.563677600000002]], [[120.999523, 14.563677600000002], [120.9998118, 14.563824399999998]], [[120.9998118, 14.563824399999998], [121.0001292, 14.563985699999998]], [[121.0001292, 14.563985699999998], [121.00044079999999, 14.564144100000002]], [[121.00044079999999, 14.564144100000002], [121.00072790000002, 14.564289999999998]], [[121.00072790000002, 14.564289999999998], [121.0009669, 14.563840599999997]]]}, "properties": {"event_key": "0f29dad8ecfeadc9", "role": "rejected_suggestion", "primary_reason": "deviated: intentional surveyed deviation with a GPS-supported divergence and rejoin", "length_m": 324.2, "road_names": "A. Roxas Street > Dian Street"}}, {"type": "Feature", "geometry": {"type": "MultiLineString", "coordinates": [[[120.9952378906122, 14.562595410371378], [120.9950958, 14.5626023], [120.995183, 14.562337700000002], [120.995533, 14.560986999999997], [120.99557209999794, 14.560996400003068]], [[120.99557209999794, 14.560996400003068], [120.995533, 14.560986999999997], [120.9955802, 14.560782300000005], [120.9957141, 14.560180699999995], [120.99575664999769, 14.560190150003631]], [[120.99575664999769, 14.560190150003631], [120.9957141, 14.560180699999995], [120.99519970000001, 14.560100700000003], [120.9948939, 14.560053899999996], [120.99459030000001, 14.560000999999998], [120.99453429999998, 14.559991299999993]], [[120.99453429999998, 14.559991299999993], [120.9929656, 14.559729599999997]], [[120.9929656, 14.559729599999997], [120.99302710000002, 14.559562400000003], [120.9931263, 14.5592673], [120.993189, 14.5590552], [120.99328619999999, 14.5587027]], [[120.99328619999999, 14.5587027], [120.99332300000002, 14.558535399999998], [120.9933859, 14.558247899999996], [120.99343830000001, 14.558011500000001]], [[120.99343830000001, 14.558011500000001], [120.9933154, 14.5579732], [120.9931612, 14.557925199999998], [120.99281980000002, 14.557822599999998], [120.99198049999998, 14.557566199999997]], [[120.99198049999998, 14.557566199999997], [120.9906872, 14.557171099999998], [120.99070145000307, 14.557130300000846]], [[120.99070145000307, 14.557130300000846], [120.9907157, 14.557089500000004], [120.9901243, 14.5568832]], [[120.9901243, 14.5568832], [120.98979020000002, 14.5567664], [120.9897559, 14.5567544]], [[120.9897559, 14.5567544], [120.98943710000002, 14.5566431]], [[120.98943710000002, 14.5566431], [120.98913230000001, 14.556531699999997]], [[120.98913230000001, 14.556531699999997], [120.9885085, 14.556318900000003], [120.98841164998287, 14.556285100018215]]]}, "properties": {"event_key": "7a7aa43d1f21ee8a", "role": "preferred_observed", "primary_reason": "deviated: intentional surveyed deviation with a GPS-supported divergence and rejoin", "length_m": 1391.7, "road_names": "Taft Avenue > Menlo Street > Leveriza Street > Gotamco Street > E. Rodriguez Street"}}, {"type": "Feature", "geometry": {"type": "MultiLineString", "coordinates": [[[120.9952378906122, 14.562595410371378], [120.99521400000002, 14.5626692], [120.99518680000001, 14.562731400000002], [120.99478090000001, 14.563660699999998], [120.99472050000001, 14.5638015], [120.9944532, 14.564347900000001], [120.99443010000002, 14.564398400000004], [120.99436149998996, 14.56436945000896]], [[120.99436149998996, 14.56436945000896], [120.99443010000002, 14.564398400000004], [120.9943798, 14.564506], [120.99407250000002, 14.5651425], [120.994046, 14.565202700000002], [120.9939889, 14.565330400000006], [120.9939752, 14.565362799999999], [120.9939095999882, 14.565325750007856]], [[120.9939095999882, 14.565325750007856], [120.993844, 14.565288700000002], [120.99394350000001, 14.565084800000001], [120.99396230000002, 14.565044599999997], [120.99408090000001, 14.564795000000004], [120.99424330000001, 14.564450500000003], [120.9942929, 14.5643405], [120.99436149998996, 14.56436945000896]], [[120.99436149998996, 14.56436945000896], [120.9942929, 14.5643405], [120.99431729999999, 14.564290900000001], [120.9943319, 14.564259800000002], [120.9944733, 14.563954199999998], [120.994553, 14.563791099999998], [120.9945788, 14.563741999999998], [120.9946819, 14.563534799999998], [120.99469900000001, 14.5634968], [120.9948357, 14.5632037], [120.99485170000001, 14.563167299999998], [120.9950822, 14.562677500000003], [120.9950958, 14.5626023], [120.9952378906122, 14.562595410371378]], [[120.9952378906122, 14.562595410371378], [120.9950958, 14.5626023], [120.99501990000002, 14.562569999999997], [120.9948096, 14.562454], [120.99435360000001, 14.561757600000005]], [[120.99435360000001, 14.561757600000005], [120.99410229999998, 14.561528800000001], [120.9941596000134, 14.561476450008872]], [[120.9941596000134, 14.561476450008872], [120.99410229999998, 14.561528800000001], [120.9940337, 14.561467800000003], [120.9939538, 14.561401200000002], [120.9938419, 14.561325800000004], [120.9937307, 14.561270399999998], [120.99381133713109, 14.561230570051167]], [[120.99381133713109, 14.561230570051167], [120.9937307, 14.561270399999998], [120.993475, 14.5612274], [120.9932503, 14.561182500000001], [120.9928588, 14.561092899999998], [120.99258791067642, 14.560978420064938]], [[120.99258791067642, 14.560978420064938], [120.99231080000001, 14.560907799999995], [120.99221980000002, 14.5608851], [120.99151879999998, 14.5607109], [120.990773, 14.560525500000004], [120.9903859, 14.5604293], [120.9902701, 14.560400499999997], [120.98951630000002, 14.5602131], [120.98943620000001, 14.560193199999999]], [[120.98943620000001, 14.560193199999999], [120.98934050000001, 14.560168199999996], [120.98929409999998, 14.560151200000002], [120.98920990000002, 14.560130300000003], [120.98889400000002, 14.560051699999999]], [[120.98889400000002, 14.560051699999999], [120.988485, 14.559944999999997], [120.9875544, 14.559702099999997], [120.9874856, 14.559685599999996], [120.98740059999999, 14.559666200000002], [120.98718198783487, 14.559598078578414]], [[120.98718198783487, 14.559598078578414], [120.98740059999999, 14.559666200000002], [120.98744010000001, 14.5595536], [120.9876621, 14.558921], [120.98756639997964, 14.558878650017302]], [[120.98756639997964, 14.558878650017302], [120.9876621, 14.558921], [120.9878813, 14.558266399999999], [120.98764695848062, 14.558315464657962]], [[120.98764695848062, 14.558315464657962], [120.9878813, 14.558266399999999], [120.98813149999998, 14.5574703], [120.98830090000001, 14.5569294]], [[120.98830090000001, 14.5569294], [120.9884097, 14.556615400000002], [120.9885085, 14.556318900000003], [120.98841164998287, 14.556285100018215]]]}, "properties": {"event_key": "7a7aa43d1f21ee8a", "role": "rejected_suggestion", "primary_reason": "deviated: intentional surveyed deviation with a GPS-supported divergence and rejoin", "length_m": 2220.3, "road_names": "Taft Avenue > Pablo Ocampo Street > Roxas Boulevard Service Road"}}, {"type": "Feature", "geometry": {"type": "MultiLineString", "coordinates": [[[120.9985119, 14.563191300000002], [120.99862620000002, 14.5627993], [120.99878620000001, 14.562398600000002], [120.9989393, 14.562075], [120.99898630000001, 14.5620153], [120.99904959999999, 14.5619551]], [[120.99904959999999, 14.5619551], [120.999092, 14.5619979], [120.999401, 14.562309800000001]], [[120.999401, 14.562309800000001], [120.9996588, 14.562570100000002]], [[120.9996588, 14.562570100000002], [120.999921, 14.562834799999994]], [[120.999921, 14.562834799999994], [121.00020790000002, 14.5630774]], [[121.00020790000002, 14.5630774], [121.00045769999998, 14.5633449]], [[121.00045769999998, 14.5633449], [121.00071260000001, 14.5635872]], [[121.00071260000001, 14.5635872], [121.0007428, 14.5636156], [121.0009669, 14.563840599999997]]]}, "properties": {"event_key": "0c2fa93cfadd17a6", "role": "preferred_observed", "primary_reason": "deviated: intentional surveyed deviation with a GPS-supported divergence and rejoin", "length_m": 444.9, "road_names": "Arellano Avenue > Zobel Roxas Street"}}, {"type": "Feature", "geometry": {"type": "MultiLineString", "coordinates": [[[120.9985119, 14.563191300000002], [120.9988721, 14.5633467]], [[120.9988721, 14.5633467], [120.99918850000002, 14.5635076]], [[120.99918850000002, 14.5635076], [120.999523, 14.563677600000002]], [[120.999523, 14.563677600000002], [120.9998118, 14.563824399999998]], [[120.9998118, 14.563824399999998], [121.0001292, 14.563985699999998]], [[121.0001292, 14.563985699999998], [121.00044079999999, 14.564144100000002]], [[121.00044079999999, 14.564144100000002], [121.00072790000002, 14.564289999999998]], [[121.00072790000002, 14.564289999999998], [121.0009669, 14.563840599999997]]]}, "properties": {"event_key": "0c2fa93cfadd17a6", "role": "rejected_suggestion", "primary_reason": "deviated: intentional surveyed deviation with a GPS-supported divergence and rejoin", "length_m": 324.2, "road_names": "A. Roxas Street > Dian Street"}}, {"type": "Feature", "geometry": {"type": "MultiLineString", "coordinates": [[[120.9952378906122, 14.562595410371378], [120.9950958, 14.5626023], [120.995183, 14.562337700000002], [120.995533, 14.560986999999997], [120.99557209999794, 14.560996400003068]], [[120.99557209999794, 14.560996400003068], [120.995533, 14.560986999999997], [120.9955802, 14.560782300000005], [120.9957141, 14.560180699999995], [120.99575664999769, 14.560190150003631]], [[120.99575664999769, 14.560190150003631], [120.9957141, 14.560180699999995], [120.99519970000001, 14.560100700000003], [120.9948939, 14.560053899999996], [120.99459030000001, 14.560000999999998], [120.99453429999998, 14.559991299999993]], [[120.99453429999998, 14.559991299999993], [120.9929656, 14.559729599999997]], [[120.9929656, 14.559729599999997], [120.99302710000002, 14.559562400000003], [120.9931263, 14.5592673], [120.993189, 14.5590552], [120.99328619999999, 14.5587027]], [[120.99328619999999, 14.5587027], [120.99332300000002, 14.558535399999998], [120.9933859, 14.558247899999996], [120.99343830000001, 14.558011500000001]], [[120.99343830000001, 14.558011500000001], [120.9933154, 14.5579732], [120.9931612, 14.557925199999998], [120.99281980000002, 14.557822599999998], [120.99198049999998, 14.557566199999997]], [[120.99198049999998, 14.557566199999997], [120.9906872, 14.557171099999998], [120.99070145000307, 14.557130300000846]], [[120.99070145000307, 14.557130300000846], [120.9907157, 14.557089500000004], [120.9901243, 14.5568832]], [[120.9901243, 14.5568832], [120.98979020000002, 14.5567664], [120.9897559, 14.5567544]], [[120.9897559, 14.5567544], [120.98943710000002, 14.5566431]], [[120.98943710000002, 14.5566431], [120.98913230000001, 14.556531699999997]], [[120.98913230000001, 14.556531699999997], [120.9885085, 14.556318900000003], [120.98841164998287, 14.556285100018215]]]}, "properties": {"event_key": "69274ff7d3fd39d4", "role": "preferred_observed", "primary_reason": "deviated: intentional surveyed deviation with a GPS-supported divergence and rejoin", "length_m": 1391.7, "road_names": "Taft Avenue > Menlo Street > Leveriza Street > Gotamco Street > E. Rodriguez Street"}}, {"type": "Feature", "geometry": {"type": "MultiLineString", "coordinates": [[[120.9952378906122, 14.562595410371378], [120.99521400000002, 14.5626692], [120.99518680000001, 14.562731400000002], [120.99478090000001, 14.563660699999998], [120.99472050000001, 14.5638015], [120.9944532, 14.564347900000001], [120.99443010000002, 14.564398400000004], [120.99436149998996, 14.56436945000896]], [[120.99436149998996, 14.56436945000896], [120.99443010000002, 14.564398400000004], [120.9943798, 14.564506], [120.99407250000002, 14.5651425], [120.994046, 14.565202700000002], [120.9939889, 14.565330400000006], [120.9939752, 14.565362799999999], [120.9939095999882, 14.565325750007856]], [[120.9939095999882, 14.565325750007856], [120.993844, 14.565288700000002], [120.99394350000001, 14.565084800000001], [120.99396230000002, 14.565044599999997], [120.99408090000001, 14.564795000000004], [120.99424330000001, 14.564450500000003], [120.9942929, 14.5643405], [120.99436149998996, 14.56436945000896]], [[120.99436149998996, 14.56436945000896], [120.9942929, 14.5643405], [120.99431729999999, 14.564290900000001], [120.9943319, 14.564259800000002], [120.9944733, 14.563954199999998], [120.994553, 14.563791099999998], [120.9945788, 14.563741999999998], [120.9946819, 14.563534799999998], [120.99469900000001, 14.5634968], [120.9948357, 14.5632037], [120.99485170000001, 14.563167299999998], [120.9950822, 14.562677500000003], [120.9950958, 14.5626023], [120.9952378906122, 14.562595410371378]], [[120.9952378906122, 14.562595410371378], [120.9950958, 14.5626023], [120.99501990000002, 14.562569999999997], [120.9948096, 14.562454], [120.99435360000001, 14.561757600000005]], [[120.99435360000001, 14.561757600000005], [120.99410229999998, 14.561528800000001], [120.9941596000134, 14.561476450008872]], [[120.9941596000134, 14.561476450008872], [120.99410229999998, 14.561528800000001], [120.9940337, 14.561467800000003], [120.9939538, 14.561401200000002], [120.9938419, 14.561325800000004], [120.9937307, 14.561270399999998], [120.99381133713109, 14.561230570051167]], [[120.99381133713109, 14.561230570051167], [120.9937307, 14.561270399999998], [120.993475, 14.5612274], [120.9932503, 14.561182500000001], [120.9928588, 14.561092899999998], [120.99258791067642, 14.560978420064938]], [[120.99258791067642, 14.560978420064938], [120.99231080000001, 14.560907799999995], [120.99221980000002, 14.5608851], [120.99151879999998, 14.5607109], [120.990773, 14.560525500000004], [120.9903859, 14.5604293], [120.9902701, 14.560400499999997], [120.98951630000002, 14.5602131], [120.98943620000001, 14.560193199999999]], [[120.98943620000001, 14.560193199999999], [120.98934050000001, 14.560168199999996], [120.98929409999998, 14.560151200000002], [120.98920990000002, 14.560130300000003], [120.98889400000002, 14.560051699999999]], [[120.98889400000002, 14.560051699999999], [120.988485, 14.559944999999997], [120.9875544, 14.559702099999997], [120.9874856, 14.559685599999996], [120.98740059999999, 14.559666200000002], [120.98718198783487, 14.559598078578414]], [[120.98718198783487, 14.559598078578414], [120.98740059999999, 14.559666200000002], [120.98744010000001, 14.5595536], [120.9876621, 14.558921], [120.98756639997964, 14.558878650017302]], [[120.98756639997964, 14.558878650017302], [120.9876621, 14.558921], [120.9878813, 14.558266399999999], [120.98764695848062, 14.558315464657962]], [[120.98764695848062, 14.558315464657962], [120.9878813, 14.558266399999999], [120.98813149999998, 14.5574703], [120.98830090000001, 14.5569294]], [[120.98830090000001, 14.5569294], [120.9884097, 14.556615400000002], [120.9885085, 14.556318900000003], [120.98841164998287, 14.556285100018215]]]}, "properties": {"event_key": "69274ff7d3fd39d4", "role": "rejected_suggestion", "primary_reason": "deviated: intentional surveyed deviation with a GPS-supported divergence and rejoin", "length_m": 2220.3, "road_names": "Taft Avenue > Pablo Ocampo Street > Roxas Boulevard Service Road"}}, {"type": "Feature", "geometry": {"type": "MultiLineString", "coordinates": [[[120.9985119, 14.563191300000002], [120.99862620000002, 14.5627993], [120.99878620000001, 14.562398600000002], [120.9989393, 14.562075], [120.99898630000001, 14.5620153], [120.99904959999999, 14.5619551]], [[120.99904959999999, 14.5619551], [120.999092, 14.5619979], [120.999401, 14.562309800000001]], [[120.999401, 14.562309800000001], [120.9996588, 14.562570100000002]], [[120.9996588, 14.562570100000002], [120.999921, 14.562834799999994]], [[120.999921, 14.562834799999994], [121.00020790000002, 14.5630774]], [[121.00020790000002, 14.5630774], [121.00045769999998, 14.5633449]], [[121.00045769999998, 14.5633449], [121.00071260000001, 14.5635872]], [[121.00071260000001, 14.5635872], [121.0007428, 14.5636156], [121.0009669, 14.563840599999997]]]}, "properties": {"event_key": "279a6d505d353e1f", "role": "preferred_observed", "primary_reason": "deviated: intentional surveyed deviation with a GPS-supported divergence and rejoin", "length_m": 444.9, "road_names": "Arellano Avenue > Zobel Roxas Street"}}, {"type": "Feature", "geometry": {"type": "MultiLineString", "coordinates": [[[120.9985119, 14.563191300000002], [120.9988721, 14.5633467]], [[120.9988721, 14.5633467], [120.99918850000002, 14.5635076]], [[120.99918850000002, 14.5635076], [120.999523, 14.563677600000002]], [[120.999523, 14.563677600000002], [120.9998118, 14.563824399999998]], [[120.9998118, 14.563824399999998], [121.0001292, 14.563985699999998]], [[121.0001292, 14.563985699999998], [121.00044079999999, 14.564144100000002]], [[121.00044079999999, 14.564144100000002], [121.00072790000002, 14.564289999999998]], [[121.00072790000002, 14.564289999999998], [121.0009669, 14.563840599999997]]]}, "properties": {"event_key": "279a6d505d353e1f", "role": "rejected_suggestion", "primary_reason": "deviated: intentional surveyed deviation with a GPS-supported divergence and rejoin", "length_m": 324.2, "road_names": "A. Roxas Street > Dian Street"}}, {"type": "Feature", "geometry": {"type": "MultiLineString", "coordinates": [[[120.9985119, 14.563191300000002], [120.99862620000002, 14.5627993], [120.99878620000001, 14.562398600000002], [120.9989393, 14.562075], [120.99898630000001, 14.5620153], [120.99904959999999, 14.5619551]], [[120.99904959999999, 14.5619551], [120.999092, 14.5619979], [120.999401, 14.562309800000001]], [[120.999401, 14.562309800000001], [120.9996588, 14.562570100000002]], [[120.9996588, 14.562570100000002], [120.999921, 14.562834799999994]], [[120.999921, 14.562834799999994], [121.00020790000002, 14.5630774]], [[121.00020790000002, 14.5630774], [121.00045769999998, 14.5633449]], [[121.00045769999998, 14.5633449], [121.00071260000001, 14.5635872]], [[121.00071260000001, 14.5635872], [121.0007428, 14.5636156], [121.0009669, 14.563840599999997]]]}, "properties": {"event_key": "de3aa5890648d2d5", "role": "preferred_observed", "primary_reason": "deviated: intentional surveyed deviation with a GPS-supported divergence and rejoin", "length_m": 444.9, "road_names": "Arellano Avenue > Zobel Roxas Street"}}, {"type": "Feature", "geometry": {"type": "MultiLineString", "coordinates": [[[120.9985119, 14.563191300000002], [120.9988721, 14.5633467]], [[120.9988721, 14.5633467], [120.99918850000002, 14.5635076]], [[120.99918850000002, 14.5635076], [120.999523, 14.563677600000002]], [[120.999523, 14.563677600000002], [120.9998118, 14.563824399999998]], [[120.9998118, 14.563824399999998], [121.0001292, 14.563985699999998]], [[121.0001292, 14.563985699999998], [121.00044079999999, 14.564144100000002]], [[121.00044079999999, 14.564144100000002], [121.00072790000002, 14.564289999999998]], [[121.00072790000002, 14.564289999999998], [121.0009669, 14.563840599999997]]]}, "properties": {"event_key": "de3aa5890648d2d5", "role": "rejected_suggestion", "primary_reason": "deviated: intentional surveyed deviation with a GPS-supported divergence and rejoin", "length_m": 324.2, "road_names": "A. Roxas Street > Dian Street"}}, {"type": "Feature", "geometry": {"type": "MultiLineString", "coordinates": [[[120.9952378906122, 14.562595410371378], [120.9950958, 14.5626023], [120.995183, 14.562337700000002], [120.995533, 14.560986999999997], [120.99557209999794, 14.560996400003068]], [[120.99557209999794, 14.560996400003068], [120.995533, 14.560986999999997], [120.9955802, 14.560782300000005], [120.9957141, 14.560180699999995], [120.99575664999769, 14.560190150003631]], [[120.99575664999769, 14.560190150003631], [120.9957141, 14.560180699999995], [120.99519970000001, 14.560100700000003], [120.9948939, 14.560053899999996], [120.99459030000001, 14.560000999999998], [120.99453429999998, 14.559991299999993]], [[120.99453429999998, 14.559991299999993], [120.9929656, 14.559729599999997]], [[120.9929656, 14.559729599999997], [120.99302710000002, 14.559562400000003], [120.9931263, 14.5592673], [120.993189, 14.5590552], [120.99328619999999, 14.5587027]], [[120.99328619999999, 14.5587027], [120.99332300000002, 14.558535399999998], [120.9933859, 14.558247899999996], [120.99343830000001, 14.558011500000001]], [[120.99343830000001, 14.558011500000001], [120.9933154, 14.5579732], [120.9931612, 14.557925199999998], [120.99281980000002, 14.557822599999998], [120.99198049999998, 14.557566199999997]], [[120.99198049999998, 14.557566199999997], [120.9906872, 14.557171099999998], [120.99070145000307, 14.557130300000846]], [[120.99070145000307, 14.557130300000846], [120.9907157, 14.557089500000004], [120.9901243, 14.5568832]], [[120.9901243, 14.5568832], [120.98979020000002, 14.5567664], [120.9897559, 14.5567544]], [[120.9897559, 14.5567544], [120.98943710000002, 14.5566431]], [[120.98943710000002, 14.5566431], [120.98913230000001, 14.556531699999997]], [[120.98913230000001, 14.556531699999997], [120.9885085, 14.556318900000003], [120.98841164998287, 14.556285100018215]]]}, "properties": {"event_key": "d750a2987c889ab2", "role": "preferred_observed", "primary_reason": "deviated: intentional surveyed deviation with a GPS-supported divergence and rejoin", "length_m": 1391.7, "road_names": "Taft Avenue > Menlo Street > Leveriza Street > Gotamco Street > E. Rodriguez Street"}}, {"type": "Feature", "geometry": {"type": "MultiLineString", "coordinates": [[[120.9952378906122, 14.562595410371378], [120.99521400000002, 14.5626692], [120.99518680000001, 14.562731400000002], [120.99478090000001, 14.563660699999998], [120.99472050000001, 14.5638015], [120.9944532, 14.564347900000001], [120.99443010000002, 14.564398400000004], [120.99436149998996, 14.56436945000896]], [[120.99436149998996, 14.56436945000896], [120.99443010000002, 14.564398400000004], [120.9943798, 14.564506], [120.99407250000002, 14.5651425], [120.994046, 14.565202700000002], [120.9939889, 14.565330400000006], [120.9939752, 14.565362799999999], [120.9939095999882, 14.565325750007856]], [[120.9939095999882, 14.565325750007856], [120.993844, 14.565288700000002], [120.99394350000001, 14.565084800000001], [120.99396230000002, 14.565044599999997], [120.99408090000001, 14.564795000000004], [120.99424330000001, 14.564450500000003], [120.9942929, 14.5643405], [120.99436149998996, 14.56436945000896]], [[120.99436149998996, 14.56436945000896], [120.9942929, 14.5643405], [120.99431729999999, 14.564290900000001], [120.9943319, 14.564259800000002], [120.9944733, 14.563954199999998], [120.994553, 14.563791099999998], [120.9945788, 14.563741999999998], [120.9946819, 14.563534799999998], [120.99469900000001, 14.5634968], [120.9948357, 14.5632037], [120.99485170000001, 14.563167299999998], [120.9950822, 14.562677500000003], [120.9950958, 14.5626023], [120.9952378906122, 14.562595410371378]], [[120.9952378906122, 14.562595410371378], [120.9950958, 14.5626023], [120.99501990000002, 14.562569999999997], [120.9948096, 14.562454], [120.99435360000001, 14.561757600000005]], [[120.99435360000001, 14.561757600000005], [120.99410229999998, 14.561528800000001], [120.9941596000134, 14.561476450008872]], [[120.9941596000134, 14.561476450008872], [120.99410229999998, 14.561528800000001], [120.9940337, 14.561467800000003], [120.9939538, 14.561401200000002], [120.9938419, 14.561325800000004], [120.9937307, 14.561270399999998], [120.99381133713109, 14.561230570051167]], [[120.99381133713109, 14.561230570051167], [120.9937307, 14.561270399999998], [120.993475, 14.5612274], [120.9932503, 14.561182500000001], [120.9928588, 14.561092899999998], [120.99258791067642, 14.560978420064938]], [[120.99258791067642, 14.560978420064938], [120.99231080000001, 14.560907799999995], [120.99221980000002, 14.5608851], [120.99151879999998, 14.5607109], [120.990773, 14.560525500000004], [120.9903859, 14.5604293], [120.9902701, 14.560400499999997], [120.98951630000002, 14.5602131], [120.98943620000001, 14.560193199999999]], [[120.98943620000001, 14.560193199999999], [120.98934050000001, 14.560168199999996], [120.98929409999998, 14.560151200000002], [120.98920990000002, 14.560130300000003], [120.98889400000002, 14.560051699999999]], [[120.98889400000002, 14.560051699999999], [120.988485, 14.559944999999997], [120.9875544, 14.559702099999997], [120.9874856, 14.559685599999996], [120.98740059999999, 14.559666200000002], [120.98718198783487, 14.559598078578414]], [[120.98718198783487, 14.559598078578414], [120.98740059999999, 14.559666200000002], [120.98744010000001, 14.5595536], [120.9876621, 14.558921], [120.98756639997964, 14.558878650017302]], [[120.98756639997964, 14.558878650017302], [120.9876621, 14.558921], [120.9878813, 14.558266399999999], [120.98764695848062, 14.558315464657962]], [[120.98764695848062, 14.558315464657962], [120.9878813, 14.558266399999999], [120.98813149999998, 14.5574703], [120.98830090000001, 14.5569294]], [[120.98830090000001, 14.5569294], [120.9884097, 14.556615400000002], [120.9885085, 14.556318900000003], [120.98841164998287, 14.556285100018215]]]}, "properties": {"event_key": "d750a2987c889ab2", "role": "rejected_suggestion", "primary_reason": "deviated: intentional surveyed deviation with a GPS-supported divergence and rejoin", "length_m": 2220.3, "road_names": "Taft Avenue > Pablo Ocampo Street > Roxas Boulevard Service Road"}}, {"type": "Feature", "geometry": {"type": "MultiLineString", "coordinates": [[[120.9985119, 14.563191300000002], [120.99862620000002, 14.5627993], [120.99878620000001, 14.562398600000002], [120.9989393, 14.562075], [120.99898630000001, 14.5620153], [120.99904959999999, 14.5619551]], [[120.99904959999999, 14.5619551], [120.999092, 14.5619979], [120.999401, 14.562309800000001]], [[120.999401, 14.562309800000001], [120.9996588, 14.562570100000002]], [[120.9996588, 14.562570100000002], [120.999921, 14.562834799999994]], [[120.999921, 14.562834799999994], [121.00020790000002, 14.5630774]], [[121.00020790000002, 14.5630774], [121.00045769999998, 14.5633449]], [[121.00045769999998, 14.5633449], [121.00071260000001, 14.5635872]], [[121.00071260000001, 14.5635872], [121.0007428, 14.5636156], [121.0009669, 14.563840599999997]]]}, "properties": {"event_key": "3696237845973cb2", "role": "preferred_observed", "primary_reason": "deviated: intentional surveyed deviation with a GPS-supported divergence and rejoin", "length_m": 444.9, "road_names": "Arellano Avenue > Zobel Roxas Street"}}, {"type": "Feature", "geometry": {"type": "MultiLineString", "coordinates": [[[120.9985119, 14.563191300000002], [120.9988721, 14.5633467]], [[120.9988721, 14.5633467], [120.99918850000002, 14.5635076]], [[120.99918850000002, 14.5635076], [120.999523, 14.563677600000002]], [[120.999523, 14.563677600000002], [120.9998118, 14.563824399999998]], [[120.9998118, 14.563824399999998], [121.0001292, 14.563985699999998]], [[121.0001292, 14.563985699999998], [121.00044079999999, 14.564144100000002]], [[121.00044079999999, 14.564144100000002], [121.00072790000002, 14.564289999999998]], [[121.00072790000002, 14.564289999999998], [121.0009669, 14.563840599999997]]]}, "properties": {"event_key": "3696237845973cb2", "role": "rejected_suggestion", "primary_reason": "deviated: intentional surveyed deviation with a GPS-supported divergence and rejoin", "length_m": 324.2, "road_names": "A. Roxas Street > Dian Street"}}, {"type": "Feature", "geometry": {"type": "MultiLineString", "coordinates": [[[120.9952378906122, 14.562595410371378], [120.9950958, 14.5626023], [120.995183, 14.562337700000002], [120.995533, 14.560986999999997], [120.99557209999794, 14.560996400003068]], [[120.99557209999794, 14.560996400003068], [120.995533, 14.560986999999997], [120.9955802, 14.560782300000005], [120.9957141, 14.560180699999995], [120.99575664999769, 14.560190150003631]], [[120.99575664999769, 14.560190150003631], [120.9957141, 14.560180699999995], [120.99519970000001, 14.560100700000003], [120.9948939, 14.560053899999996], [120.99459030000001, 14.560000999999998], [120.99453429999998, 14.559991299999993]], [[120.99453429999998, 14.559991299999993], [120.9929656, 14.559729599999997]], [[120.9929656, 14.559729599999997], [120.99302710000002, 14.559562400000003], [120.9931263, 14.5592673], [120.993189, 14.5590552], [120.99328619999999, 14.5587027]], [[120.99328619999999, 14.5587027], [120.99332300000002, 14.558535399999998], [120.9933859, 14.558247899999996], [120.99343830000001, 14.558011500000001]], [[120.99343830000001, 14.558011500000001], [120.9933154, 14.5579732], [120.9931612, 14.557925199999998], [120.99281980000002, 14.557822599999998], [120.99198049999998, 14.557566199999997]], [[120.99198049999998, 14.557566199999997], [120.9906872, 14.557171099999998], [120.99070145000307, 14.557130300000846]], [[120.99070145000307, 14.557130300000846], [120.9907157, 14.557089500000004], [120.9901243, 14.5568832]], [[120.9901243, 14.5568832], [120.98979020000002, 14.5567664], [120.9897559, 14.5567544]], [[120.9897559, 14.5567544], [120.98943710000002, 14.5566431]], [[120.98943710000002, 14.5566431], [120.98913230000001, 14.556531699999997]], [[120.98913230000001, 14.556531699999997], [120.9885085, 14.556318900000003], [120.98841164998287, 14.556285100018215]]]}, "properties": {"event_key": "abb8835abdcf1b27", "role": "preferred_observed", "primary_reason": "deviated: intentional surveyed deviation with a GPS-supported divergence and rejoin", "length_m": 1391.7, "road_names": "Taft Avenue > Menlo Street > Leveriza Street > Gotamco Street > E. Rodriguez Street"}}, {"type": "Feature", "geometry": {"type": "MultiLineString", "coordinates": [[[120.9952378906122, 14.562595410371378], [120.99521400000002, 14.5626692], [120.99518680000001, 14.562731400000002], [120.99478090000001, 14.563660699999998], [120.99472050000001, 14.5638015], [120.9944532, 14.564347900000001], [120.99443010000002, 14.564398400000004], [120.99436149998996, 14.56436945000896]], [[120.99436149998996, 14.56436945000896], [120.99443010000002, 14.564398400000004], [120.9943798, 14.564506], [120.99407250000002, 14.5651425], [120.994046, 14.565202700000002], [120.9939889, 14.565330400000006], [120.9939752, 14.565362799999999], [120.9939095999882, 14.565325750007856]], [[120.9939095999882, 14.565325750007856], [120.993844, 14.565288700000002], [120.99394350000001, 14.565084800000001], [120.99396230000002, 14.565044599999997], [120.99408090000001, 14.564795000000004], [120.99424330000001, 14.564450500000003], [120.9942929, 14.5643405], [120.99436149998996, 14.56436945000896]], [[120.99436149998996, 14.56436945000896], [120.9942929, 14.5643405], [120.99431729999999, 14.564290900000001], [120.9943319, 14.564259800000002], [120.9944733, 14.563954199999998], [120.994553, 14.563791099999998], [120.9945788, 14.563741999999998], [120.9946819, 14.563534799999998], [120.99469900000001, 14.5634968], [120.9948357, 14.5632037], [120.99485170000001, 14.563167299999998], [120.9950822, 14.562677500000003], [120.9950958, 14.5626023], [120.9952378906122, 14.562595410371378]], [[120.9952378906122, 14.562595410371378], [120.9950958, 14.5626023], [120.99501990000002, 14.562569999999997], [120.9948096, 14.562454], [120.99435360000001, 14.561757600000005]], [[120.99435360000001, 14.561757600000005], [120.99410229999998, 14.561528800000001], [120.9941596000134, 14.561476450008872]], [[120.9941596000134, 14.561476450008872], [120.99410229999998, 14.561528800000001], [120.9940337, 14.561467800000003], [120.9939538, 14.561401200000002], [120.9938419, 14.561325800000004], [120.9937307, 14.561270399999998], [120.99381133713109, 14.561230570051167]], [[120.99381133713109, 14.561230570051167], [120.9937307, 14.561270399999998], [120.993475, 14.5612274], [120.9932503, 14.561182500000001], [120.9928588, 14.561092899999998], [120.99258791067642, 14.560978420064938]], [[120.99258791067642, 14.560978420064938], [120.99231080000001, 14.560907799999995], [120.99221980000002, 14.5608851], [120.99151879999998, 14.5607109], [120.990773, 14.560525500000004], [120.9903859, 14.5604293], [120.9902701, 14.560400499999997], [120.98951630000002, 14.5602131], [120.98943620000001, 14.560193199999999]], [[120.98943620000001, 14.560193199999999], [120.98934050000001, 14.560168199999996], [120.98929409999998, 14.560151200000002], [120.98920990000002, 14.560130300000003], [120.98889400000002, 14.560051699999999]], [[120.98889400000002, 14.560051699999999], [120.988485, 14.559944999999997], [120.9875544, 14.559702099999997], [120.9874856, 14.559685599999996], [120.98740059999999, 14.559666200000002], [120.98718198783487, 14.559598078578414]], [[120.98718198783487, 14.559598078578414], [120.98740059999999, 14.559666200000002], [120.98744010000001, 14.5595536], [120.9876621, 14.558921], [120.98756639997964, 14.558878650017302]], [[120.98756639997964, 14.558878650017302], [120.9876621, 14.558921], [120.9878813, 14.558266399999999], [120.98764695848062, 14.558315464657962]], [[120.98764695848062, 14.558315464657962], [120.9878813, 14.558266399999999], [120.98813149999998, 14.5574703], [120.98830090000001, 14.5569294]], [[120.98830090000001, 14.5569294], [120.9884097, 14.556615400000002], [120.9885085, 14.556318900000003], [120.98841164998287, 14.556285100018215]]]}, "properties": {"event_key": "abb8835abdcf1b27", "role": "rejected_suggestion", "primary_reason": "deviated: intentional surveyed deviation with a GPS-supported divergence and rejoin", "length_m": 2220.3, "road_names": "Taft Avenue > Pablo Ocampo Street > Roxas Boulevard Service Road"}}, {"type": "Feature", "geometry": {"type": "MultiLineString", "coordinates": [[[120.9985119, 14.563191300000002], [120.99862620000002, 14.5627993], [120.99878620000001, 14.562398600000002], [120.9989393, 14.562075], [120.99898630000001, 14.5620153], [120.99904959999999, 14.5619551]], [[120.99904959999999, 14.5619551], [120.999092, 14.5619979], [120.999401, 14.562309800000001]], [[120.999401, 14.562309800000001], [120.9996588, 14.562570100000002]], [[120.9996588, 14.562570100000002], [120.999921, 14.562834799999994]], [[120.999921, 14.562834799999994], [121.00020790000002, 14.5630774]], [[121.00020790000002, 14.5630774], [121.00045769999998, 14.5633449]], [[121.00045769999998, 14.5633449], [121.00071260000001, 14.5635872]], [[121.00071260000001, 14.5635872], [121.0007428, 14.5636156], [121.0009669, 14.563840599999997]]]}, "properties": {"event_key": "be389ca75d86fae8", "role": "preferred_observed", "primary_reason": "deviated: intentional surveyed deviation with a GPS-supported divergence and rejoin", "length_m": 444.9, "road_names": "Arellano Avenue > Zobel Roxas Street"}}, {"type": "Feature", "geometry": {"type": "MultiLineString", "coordinates": [[[120.9985119, 14.563191300000002], [120.9988721, 14.5633467]], [[120.9988721, 14.5633467], [120.99918850000002, 14.5635076]], [[120.99918850000002, 14.5635076], [120.999523, 14.563677600000002]], [[120.999523, 14.563677600000002], [120.9998118, 14.563824399999998]], [[120.9998118, 14.563824399999998], [121.0001292, 14.563985699999998]], [[121.0001292, 14.563985699999998], [121.00044079999999, 14.564144100000002]], [[121.00044079999999, 14.564144100000002], [121.00072790000002, 14.564289999999998]], [[121.00072790000002, 14.564289999999998], [121.0009669, 14.563840599999997]]]}, "properties": {"event_key": "be389ca75d86fae8", "role": "rejected_suggestion", "primary_reason": "deviated: intentional surveyed deviation with a GPS-supported divergence and rejoin", "length_m": 324.2, "road_names": "A. Roxas Street > Dian Street"}}, {"type": "Feature", "geometry": {"type": "MultiLineString", "coordinates": [[[120.9952378906122, 14.562595410371378], [120.9950958, 14.5626023], [120.995183, 14.562337700000002], [120.995533, 14.560986999999997], [120.99557209999794, 14.560996400003068]], [[120.99557209999794, 14.560996400003068], [120.995533, 14.560986999999997], [120.9955802, 14.560782300000005], [120.9957141, 14.560180699999995], [120.99575664999769, 14.560190150003631]], [[120.99575664999769, 14.560190150003631], [120.9957141, 14.560180699999995], [120.99519970000001, 14.560100700000003], [120.9948939, 14.560053899999996], [120.99459030000001, 14.560000999999998], [120.99453429999998, 14.559991299999993]], [[120.99453429999998, 14.559991299999993], [120.9929656, 14.559729599999997]], [[120.9929656, 14.559729599999997], [120.99302710000002, 14.559562400000003], [120.9931263, 14.5592673], [120.993189, 14.5590552], [120.99328619999999, 14.5587027]], [[120.99328619999999, 14.5587027], [120.99332300000002, 14.558535399999998], [120.9933859, 14.558247899999996], [120.99343830000001, 14.558011500000001]], [[120.99343830000001, 14.558011500000001], [120.9933154, 14.5579732], [120.9931612, 14.557925199999998], [120.99281980000002, 14.557822599999998], [120.99198049999998, 14.557566199999997]], [[120.99198049999998, 14.557566199999997], [120.9906872, 14.557171099999998], [120.99070145000307, 14.557130300000846]], [[120.99070145000307, 14.557130300000846], [120.9907157, 14.557089500000004], [120.9901243, 14.5568832]], [[120.9901243, 14.5568832], [120.98979020000002, 14.5567664], [120.9897559, 14.5567544]], [[120.9897559, 14.5567544], [120.98943710000002, 14.5566431]], [[120.98943710000002, 14.5566431], [120.98913230000001, 14.556531699999997]], [[120.98913230000001, 14.556531699999997], [120.9885085, 14.556318900000003], [120.98841164998287, 14.556285100018215]]]}, "properties": {"event_key": "712ea04e28340784", "role": "preferred_observed", "primary_reason": "deviated: intentional surveyed deviation with a GPS-supported divergence and rejoin", "length_m": 1391.7, "road_names": "Taft Avenue > Menlo Street > Leveriza Street > Gotamco Street > E. Rodriguez Street"}}, {"type": "Feature", "geometry": {"type": "MultiLineString", "coordinates": [[[120.9952378906122, 14.562595410371378], [120.99521400000002, 14.5626692], [120.99518680000001, 14.562731400000002], [120.99478090000001, 14.563660699999998], [120.99472050000001, 14.5638015], [120.9944532, 14.564347900000001], [120.99443010000002, 14.564398400000004], [120.99436149998996, 14.56436945000896]], [[120.99436149998996, 14.56436945000896], [120.99443010000002, 14.564398400000004], [120.9943798, 14.564506], [120.99407250000002, 14.5651425], [120.994046, 14.565202700000002], [120.9939889, 14.565330400000006], [120.9939752, 14.565362799999999], [120.9939095999882, 14.565325750007856]], [[120.9939095999882, 14.565325750007856], [120.993844, 14.565288700000002], [120.99394350000001, 14.565084800000001], [120.99396230000002, 14.565044599999997], [120.99408090000001, 14.564795000000004], [120.99424330000001, 14.564450500000003], [120.9942929, 14.5643405], [120.99436149998996, 14.56436945000896]], [[120.99436149998996, 14.56436945000896], [120.9942929, 14.5643405], [120.99431729999999, 14.564290900000001], [120.9943319, 14.564259800000002], [120.9944733, 14.563954199999998], [120.994553, 14.563791099999998], [120.9945788, 14.563741999999998], [120.9946819, 14.563534799999998], [120.99469900000001, 14.5634968], [120.9948357, 14.5632037], [120.99485170000001, 14.563167299999998], [120.9950822, 14.562677500000003], [120.9950958, 14.5626023], [120.9952378906122, 14.562595410371378]], [[120.9952378906122, 14.562595410371378], [120.9950958, 14.5626023], [120.99501990000002, 14.562569999999997], [120.9948096, 14.562454], [120.99435360000001, 14.561757600000005]], [[120.99435360000001, 14.561757600000005], [120.99410229999998, 14.561528800000001], [120.9941596000134, 14.561476450008872]], [[120.9941596000134, 14.561476450008872], [120.99410229999998, 14.561528800000001], [120.9940337, 14.561467800000003], [120.9939538, 14.561401200000002], [120.9938419, 14.561325800000004], [120.9937307, 14.561270399999998], [120.99381133713109, 14.561230570051167]], [[120.99381133713109, 14.561230570051167], [120.9937307, 14.561270399999998], [120.993475, 14.5612274], [120.9932503, 14.561182500000001], [120.9928588, 14.561092899999998], [120.99258791067642, 14.560978420064938]], [[120.99258791067642, 14.560978420064938], [120.99231080000001, 14.560907799999995], [120.99221980000002, 14.5608851], [120.99151879999998, 14.5607109], [120.990773, 14.560525500000004], [120.9903859, 14.5604293], [120.9902701, 14.560400499999997], [120.98951630000002, 14.5602131], [120.98943620000001, 14.560193199999999]], [[120.98943620000001, 14.560193199999999], [120.98934050000001, 14.560168199999996], [120.98929409999998, 14.560151200000002], [120.98920990000002, 14.560130300000003], [120.98889400000002, 14.560051699999999]], [[120.98889400000002, 14.560051699999999], [120.988485, 14.559944999999997], [120.9875544, 14.559702099999997], [120.9874856, 14.559685599999996], [120.98740059999999, 14.559666200000002], [120.98718198783487, 14.559598078578414]], [[120.98718198783487, 14.559598078578414], [120.98740059999999, 14.559666200000002], [120.98744010000001, 14.5595536], [120.9876621, 14.558921], [120.98756639997964, 14.558878650017302]], [[120.98756639997964, 14.558878650017302], [120.9876621, 14.558921], [120.9878813, 14.558266399999999], [120.98764695848062, 14.558315464657962]], [[120.98764695848062, 14.558315464657962], [120.9878813, 14.558266399999999], [120.98813149999998, 14.5574703], [120.98830090000001, 14.5569294]], [[120.98830090000001, 14.5569294], [120.9884097, 14.556615400000002], [120.9885085, 14.556318900000003], [120.98841164998287, 14.556285100018215]]]}, "properties": {"event_key": "712ea04e28340784", "role": "rejected_suggestion", "primary_reason": "deviated: intentional surveyed deviation with a GPS-supported divergence and rejoin", "length_m": 2220.3, "road_names": "Taft Avenue > Pablo Ocampo Street > Roxas Boulevard Service Road"}}, {"type": "Feature", "geometry": {"type": "MultiLineString", "coordinates": [[[120.9952378906122, 14.562595410371378], [120.9950958, 14.5626023], [120.995183, 14.562337700000002], [120.995533, 14.560986999999997], [120.99557209999794, 14.560996400003068]], [[120.99557209999794, 14.560996400003068], [120.995533, 14.560986999999997], [120.9955802, 14.560782300000005], [120.9957141, 14.560180699999995], [120.99575664999769, 14.560190150003631]], [[120.99575664999769, 14.560190150003631], [120.9957141, 14.560180699999995], [120.99519970000001, 14.560100700000003], [120.9948939, 14.560053899999996], [120.99459030000001, 14.560000999999998], [120.99453429999998, 14.559991299999993]], [[120.99453429999998, 14.559991299999993], [120.9929656, 14.559729599999997]], [[120.9929656, 14.559729599999997], [120.99302710000002, 14.559562400000003], [120.9931263, 14.5592673], [120.993189, 14.5590552], [120.99328619999999, 14.5587027]], [[120.99328619999999, 14.5587027], [120.99332300000002, 14.558535399999998], [120.9933859, 14.558247899999996], [120.99343830000001, 14.558011500000001]], [[120.99343830000001, 14.558011500000001], [120.9933154, 14.5579732], [120.9931612, 14.557925199999998], [120.99281980000002, 14.557822599999998], [120.99198049999998, 14.557566199999997]], [[120.99198049999998, 14.557566199999997], [120.9906872, 14.557171099999998], [120.99070145000307, 14.557130300000846]], [[120.99070145000307, 14.557130300000846], [120.9907157, 14.557089500000004], [120.9901243, 14.5568832]], [[120.9901243, 14.5568832], [120.98979020000002, 14.5567664], [120.9897559, 14.5567544]], [[120.9897559, 14.5567544], [120.98943710000002, 14.5566431]], [[120.98943710000002, 14.5566431], [120.98913230000001, 14.556531699999997]], [[120.98913230000001, 14.556531699999997], [120.9885085, 14.556318900000003], [120.98841164998287, 14.556285100018215]]]}, "properties": {"event_key": "5bd8c7ca3c1324b2", "role": "preferred_observed", "primary_reason": "deviated: intentional surveyed deviation with a GPS-supported divergence and rejoin", "length_m": 1391.7, "road_names": "Taft Avenue > Menlo Street > Leveriza Street > Gotamco Street > E. Rodriguez Street"}}, {"type": "Feature", "geometry": {"type": "MultiLineString", "coordinates": [[[120.9952378906122, 14.562595410371378], [120.99521400000002, 14.5626692], [120.99518680000001, 14.562731400000002], [120.99478090000001, 14.563660699999998], [120.99472050000001, 14.5638015], [120.9944532, 14.564347900000001], [120.99443010000002, 14.564398400000004], [120.99436149998996, 14.56436945000896]], [[120.99436149998996, 14.56436945000896], [120.99443010000002, 14.564398400000004], [120.9943798, 14.564506], [120.99407250000002, 14.5651425], [120.994046, 14.565202700000002], [120.9939889, 14.565330400000006], [120.9939752, 14.565362799999999], [120.9939095999882, 14.565325750007856]], [[120.9939095999882, 14.565325750007856], [120.993844, 14.565288700000002], [120.99394350000001, 14.565084800000001], [120.99396230000002, 14.565044599999997], [120.99408090000001, 14.564795000000004], [120.99424330000001, 14.564450500000003], [120.9942929, 14.5643405], [120.99436149998996, 14.56436945000896]], [[120.99436149998996, 14.56436945000896], [120.9942929, 14.5643405], [120.99431729999999, 14.564290900000001], [120.9943319, 14.564259800000002], [120.9944733, 14.563954199999998], [120.994553, 14.563791099999998], [120.9945788, 14.563741999999998], [120.9946819, 14.563534799999998], [120.99469900000001, 14.5634968], [120.9948357, 14.5632037], [120.99485170000001, 14.563167299999998], [120.9950822, 14.562677500000003], [120.9950958, 14.5626023], [120.9952378906122, 14.562595410371378]], [[120.9952378906122, 14.562595410371378], [120.9950958, 14.5626023], [120.99501990000002, 14.562569999999997], [120.9948096, 14.562454], [120.99435360000001, 14.561757600000005]], [[120.99435360000001, 14.561757600000005], [120.99410229999998, 14.561528800000001], [120.9941596000134, 14.561476450008872]], [[120.9941596000134, 14.561476450008872], [120.99410229999998, 14.561528800000001], [120.9940337, 14.561467800000003], [120.9939538, 14.561401200000002], [120.9938419, 14.561325800000004], [120.9937307, 14.561270399999998], [120.99381133713109, 14.561230570051167]], [[120.99381133713109, 14.561230570051167], [120.9937307, 14.561270399999998], [120.993475, 14.5612274], [120.9932503, 14.561182500000001], [120.9928588, 14.561092899999998], [120.99258791067642, 14.560978420064938]], [[120.99258791067642, 14.560978420064938], [120.99231080000001, 14.560907799999995], [120.99221980000002, 14.5608851], [120.99151879999998, 14.5607109], [120.990773, 14.560525500000004], [120.9903859, 14.5604293], [120.9902701, 14.560400499999997], [120.98951630000002, 14.5602131], [120.98943620000001, 14.560193199999999]], [[120.98943620000001, 14.560193199999999], [120.98934050000001, 14.560168199999996], [120.98929409999998, 14.560151200000002], [120.98920990000002, 14.560130300000003], [120.98889400000002, 14.560051699999999]], [[120.98889400000002, 14.560051699999999], [120.988485, 14.559944999999997], [120.9875544, 14.559702099999997], [120.9874856, 14.559685599999996], [120.98740059999999, 14.559666200000002], [120.98718198783487, 14.559598078578414]], [[120.98718198783487, 14.559598078578414], [120.98740059999999, 14.559666200000002], [120.98744010000001, 14.5595536], [120.9876621, 14.558921], [120.98756639997964, 14.558878650017302]], [[120.98756639997964, 14.558878650017302], [120.9876621, 14.558921], [120.9878813, 14.558266399999999], [120.98764695848062, 14.558315464657962]], [[120.98764695848062, 14.558315464657962], [120.9878813, 14.558266399999999], [120.98813149999998, 14.5574703], [120.98830090000001, 14.5569294]], [[120.98830090000001, 14.5569294], [120.9884097, 14.556615400000002], [120.9885085, 14.556318900000003], [120.98841164998287, 14.556285100018215]]]}, "properties": {"event_key": "5bd8c7ca3c1324b2", "role": "rejected_suggestion", "primary_reason": "deviated: intentional surveyed deviation with a GPS-supported divergence and rejoin", "length_m": 2220.3, "road_names": "Taft Avenue > Pablo Ocampo Street > Roxas Boulevard Service Road"}}, {"type": "Feature", "geometry": {"type": "MultiLineString", "coordinates": [[[120.9985119, 14.563191300000002], [120.99862620000002, 14.5627993], [120.99878620000001, 14.562398600000002], [120.9989393, 14.562075], [120.99898630000001, 14.5620153], [120.99904959999999, 14.5619551]], [[120.99904959999999, 14.5619551], [120.999092, 14.5619979], [120.999401, 14.562309800000001]], [[120.999401, 14.562309800000001], [120.9996588, 14.562570100000002]], [[120.9996588, 14.562570100000002], [120.999921, 14.562834799999994]], [[120.999921, 14.562834799999994], [121.00020790000002, 14.5630774]], [[121.00020790000002, 14.5630774], [121.00045769999998, 14.5633449]], [[121.00045769999998, 14.5633449], [121.00071260000001, 14.5635872]], [[121.00071260000001, 14.5635872], [121.0007428, 14.5636156], [121.0009669, 14.563840599999997]]]}, "properties": {"event_key": "7780d5950e73e11e", "role": "preferred_observed", "primary_reason": "deviated: intentional surveyed deviation with a GPS-supported divergence and rejoin", "length_m": 444.9, "road_names": "Arellano Avenue > Zobel Roxas Street"}}, {"type": "Feature", "geometry": {"type": "MultiLineString", "coordinates": [[[120.9985119, 14.563191300000002], [120.9988721, 14.5633467]], [[120.9988721, 14.5633467], [120.99918850000002, 14.5635076]], [[120.99918850000002, 14.5635076], [120.999523, 14.563677600000002]], [[120.999523, 14.563677600000002], [120.9998118, 14.563824399999998]], [[120.9998118, 14.563824399999998], [121.0001292, 14.563985699999998]], [[121.0001292, 14.563985699999998], [121.00044079999999, 14.564144100000002]], [[121.00044079999999, 14.564144100000002], [121.00072790000002, 14.564289999999998]], [[121.00072790000002, 14.564289999999998], [121.0009669, 14.563840599999997]]]}, "properties": {"event_key": "7780d5950e73e11e", "role": "rejected_suggestion", "primary_reason": "deviated: intentional surveyed deviation with a GPS-supported divergence and rejoin", "length_m": 324.2, "road_names": "A. Roxas Street > Dian Street"}}, {"type": "Feature", "geometry": {"type": "MultiLineString", "coordinates": [[[120.9952378906122, 14.562595410371378], [120.9950958, 14.5626023], [120.995183, 14.562337700000002], [120.995533, 14.560986999999997], [120.99557209999794, 14.560996400003068]], [[120.99557209999794, 14.560996400003068], [120.995533, 14.560986999999997], [120.9955802, 14.560782300000005], [120.9957141, 14.560180699999995], [120.99575664999769, 14.560190150003631]], [[120.99575664999769, 14.560190150003631], [120.9957141, 14.560180699999995], [120.99519970000001, 14.560100700000003], [120.9948939, 14.560053899999996], [120.99459030000001, 14.560000999999998], [120.99453429999998, 14.559991299999993]], [[120.99453429999998, 14.559991299999993], [120.9929656, 14.559729599999997]], [[120.9929656, 14.559729599999997], [120.99302710000002, 14.559562400000003], [120.9931263, 14.5592673], [120.993189, 14.5590552], [120.99328619999999, 14.5587027]], [[120.99328619999999, 14.5587027], [120.99332300000002, 14.558535399999998], [120.9933859, 14.558247899999996], [120.99343830000001, 14.558011500000001]], [[120.99343830000001, 14.558011500000001], [120.9933154, 14.5579732], [120.9931612, 14.557925199999998], [120.99281980000002, 14.557822599999998], [120.99198049999998, 14.557566199999997]], [[120.99198049999998, 14.557566199999997], [120.9906872, 14.557171099999998], [120.99070145000307, 14.557130300000846]], [[120.99070145000307, 14.557130300000846], [120.9907157, 14.557089500000004], [120.9901243, 14.5568832]], [[120.9901243, 14.5568832], [120.98979020000002, 14.5567664], [120.9897559, 14.5567544]], [[120.9897559, 14.5567544], [120.98943710000002, 14.5566431]], [[120.98943710000002, 14.5566431], [120.98913230000001, 14.556531699999997]], [[120.98913230000001, 14.556531699999997], [120.9885085, 14.556318900000003], [120.98841164998287, 14.556285100018215]]]}, "properties": {"event_key": "aeabc7f607d8ae3d", "role": "preferred_observed", "primary_reason": "deviated: intentional surveyed deviation with a GPS-supported divergence and rejoin", "length_m": 1391.7, "road_names": "Taft Avenue > Menlo Street > Leveriza Street > Gotamco Street > E. Rodriguez Street"}}, {"type": "Feature", "geometry": {"type": "MultiLineString", "coordinates": [[[120.9952378906122, 14.562595410371378], [120.99521400000002, 14.5626692], [120.99518680000001, 14.562731400000002], [120.99478090000001, 14.563660699999998], [120.99472050000001, 14.5638015], [120.9944532, 14.564347900000001], [120.99443010000002, 14.564398400000004], [120.99436149998996, 14.56436945000896]], [[120.99436149998996, 14.56436945000896], [120.99443010000002, 14.564398400000004], [120.9943798, 14.564506], [120.99407250000002, 14.5651425], [120.994046, 14.565202700000002], [120.9939889, 14.565330400000006], [120.9939752, 14.565362799999999], [120.9939095999882, 14.565325750007856]], [[120.9939095999882, 14.565325750007856], [120.993844, 14.565288700000002], [120.99394350000001, 14.565084800000001], [120.99396230000002, 14.565044599999997], [120.99408090000001, 14.564795000000004], [120.99424330000001, 14.564450500000003], [120.9942929, 14.5643405], [120.99436149998996, 14.56436945000896]], [[120.99436149998996, 14.56436945000896], [120.9942929, 14.5643405], [120.99431729999999, 14.564290900000001], [120.9943319, 14.564259800000002], [120.9944733, 14.563954199999998], [120.994553, 14.563791099999998], [120.9945788, 14.563741999999998], [120.9946819, 14.563534799999998], [120.99469900000001, 14.5634968], [120.9948357, 14.5632037], [120.99485170000001, 14.563167299999998], [120.9950822, 14.562677500000003], [120.9950958, 14.5626023], [120.9952378906122, 14.562595410371378]], [[120.9952378906122, 14.562595410371378], [120.9950958, 14.5626023], [120.99501990000002, 14.562569999999997], [120.9948096, 14.562454], [120.99435360000001, 14.561757600000005]], [[120.99435360000001, 14.561757600000005], [120.99410229999998, 14.561528800000001], [120.9941596000134, 14.561476450008872]], [[120.9941596000134, 14.561476450008872], [120.99410229999998, 14.561528800000001], [120.9940337, 14.561467800000003], [120.9939538, 14.561401200000002], [120.9938419, 14.561325800000004], [120.9937307, 14.561270399999998], [120.99381133713109, 14.561230570051167]], [[120.99381133713109, 14.561230570051167], [120.9937307, 14.561270399999998], [120.993475, 14.5612274], [120.9932503, 14.561182500000001], [120.9928588, 14.561092899999998], [120.99258791067642, 14.560978420064938]], [[120.99258791067642, 14.560978420064938], [120.99231080000001, 14.560907799999995], [120.99221980000002, 14.5608851], [120.99151879999998, 14.5607109], [120.990773, 14.560525500000004], [120.9903859, 14.5604293], [120.9902701, 14.560400499999997], [120.98951630000002, 14.5602131], [120.98943620000001, 14.560193199999999]], [[120.98943620000001, 14.560193199999999], [120.98934050000001, 14.560168199999996], [120.98929409999998, 14.560151200000002], [120.98920990000002, 14.560130300000003], [120.98889400000002, 14.560051699999999]], [[120.98889400000002, 14.560051699999999], [120.988485, 14.559944999999997], [120.9875544, 14.559702099999997], [120.9874856, 14.559685599999996], [120.98740059999999, 14.559666200000002], [120.98718198783487, 14.559598078578414]], [[120.98718198783487, 14.559598078578414], [120.98740059999999, 14.559666200000002], [120.98744010000001, 14.5595536], [120.9876621, 14.558921], [120.98756639997964, 14.558878650017302]], [[120.98756639997964, 14.558878650017302], [120.9876621, 14.558921], [120.9878813, 14.558266399999999], [120.98764695848062, 14.558315464657962]], [[120.98764695848062, 14.558315464657962], [120.9878813, 14.558266399999999], [120.98813149999998, 14.5574703], [120.98830090000001, 14.5569294]], [[120.98830090000001, 14.5569294], [120.9884097, 14.556615400000002], [120.9885085, 14.556318900000003], [120.98841164998287, 14.556285100018215]]]}, "properties": {"event_key": "aeabc7f607d8ae3d", "role": "rejected_suggestion", "primary_reason": "deviated: intentional surveyed deviation with a GPS-supported divergence and rejoin", "length_m": 2220.3, "road_names": "Taft Avenue > Pablo Ocampo Street > Roxas Boulevard Service Road"}}, {"type": "Feature", "geometry": {"type": "MultiLineString", "coordinates": [[[120.9985119, 14.563191300000002], [120.99862620000002, 14.5627993], [120.99878620000001, 14.562398600000002], [120.9989393, 14.562075], [120.99898630000001, 14.5620153], [120.99904959999999, 14.5619551]], [[120.99904959999999, 14.5619551], [120.999092, 14.5619979], [120.999401, 14.562309800000001]], [[120.999401, 14.562309800000001], [120.9996588, 14.562570100000002]], [[120.9996588, 14.562570100000002], [120.999921, 14.562834799999994]], [[120.999921, 14.562834799999994], [121.00020790000002, 14.5630774]], [[121.00020790000002, 14.5630774], [121.00045769999998, 14.5633449]], [[121.00045769999998, 14.5633449], [121.00071260000001, 14.5635872]], [[121.00071260000001, 14.5635872], [121.0007428, 14.5636156], [121.0009669, 14.563840599999997]]]}, "properties": {"event_key": "8ccaafd1c8abec39", "role": "preferred_observed", "primary_reason": "deviated: intentional surveyed deviation with a GPS-supported divergence and rejoin", "length_m": 444.9, "road_names": "Arellano Avenue > Zobel Roxas Street"}}, {"type": "Feature", "geometry": {"type": "MultiLineString", "coordinates": [[[120.9985119, 14.563191300000002], [120.9988721, 14.5633467]], [[120.9988721, 14.5633467], [120.99918850000002, 14.5635076]], [[120.99918850000002, 14.5635076], [120.999523, 14.563677600000002]], [[120.999523, 14.563677600000002], [120.9998118, 14.563824399999998]], [[120.9998118, 14.563824399999998], [121.0001292, 14.563985699999998]], [[121.0001292, 14.563985699999998], [121.00044079999999, 14.564144100000002]], [[121.00044079999999, 14.564144100000002], [121.00072790000002, 14.564289999999998]], [[121.00072790000002, 14.564289999999998], [121.0009669, 14.563840599999997]]]}, "properties": {"event_key": "8ccaafd1c8abec39", "role": "rejected_suggestion", "primary_reason": "deviated: intentional surveyed deviation with a GPS-supported divergence and rejoin", "length_m": 324.2, "road_names": "A. Roxas Street > Dian Street"}}, {"type": "Feature", "geometry": {"type": "MultiLineString", "coordinates": [[[120.9952378906122, 14.562595410371378], [120.9950958, 14.5626023], [120.995183, 14.562337700000002], [120.995533, 14.560986999999997], [120.99557209999794, 14.560996400003068]], [[120.99557209999794, 14.560996400003068], [120.995533, 14.560986999999997], [120.9955802, 14.560782300000005], [120.9957141, 14.560180699999995], [120.99575664999769, 14.560190150003631]], [[120.99575664999769, 14.560190150003631], [120.9957141, 14.560180699999995], [120.99519970000001, 14.560100700000003], [120.9948939, 14.560053899999996], [120.99459030000001, 14.560000999999998], [120.99453429999998, 14.559991299999993]], [[120.99453429999998, 14.559991299999993], [120.9929656, 14.559729599999997]], [[120.9929656, 14.559729599999997], [120.99302710000002, 14.559562400000003], [120.9931263, 14.5592673], [120.993189, 14.5590552], [120.99328619999999, 14.5587027]], [[120.99328619999999, 14.5587027], [120.99332300000002, 14.558535399999998], [120.9933859, 14.558247899999996], [120.99343830000001, 14.558011500000001]], [[120.99343830000001, 14.558011500000001], [120.9933154, 14.5579732], [120.9931612, 14.557925199999998], [120.99281980000002, 14.557822599999998], [120.99198049999998, 14.557566199999997]], [[120.99198049999998, 14.557566199999997], [120.9906872, 14.557171099999998], [120.99070145000307, 14.557130300000846]], [[120.99070145000307, 14.557130300000846], [120.9907157, 14.557089500000004], [120.9901243, 14.5568832]], [[120.9901243, 14.5568832], [120.98979020000002, 14.5567664], [120.9897559, 14.5567544]], [[120.9897559, 14.5567544], [120.98943710000002, 14.5566431]], [[120.98943710000002, 14.5566431], [120.98913230000001, 14.556531699999997]], [[120.98913230000001, 14.556531699999997], [120.9885085, 14.556318900000003], [120.98841164998287, 14.556285100018215]]]}, "properties": {"event_key": "02f0918fd7ca0951", "role": "preferred_observed", "primary_reason": "deviated: intentional surveyed deviation with a GPS-supported divergence and rejoin", "length_m": 1391.7, "road_names": "Taft Avenue > Menlo Street > Leveriza Street > Gotamco Street > E. Rodriguez Street"}}, {"type": "Feature", "geometry": {"type": "MultiLineString", "coordinates": [[[120.9952378906122, 14.562595410371378], [120.99521400000002, 14.5626692], [120.99518680000001, 14.562731400000002], [120.99478090000001, 14.563660699999998], [120.99472050000001, 14.5638015], [120.9944532, 14.564347900000001], [120.99443010000002, 14.564398400000004], [120.99436149998996, 14.56436945000896]], [[120.99436149998996, 14.56436945000896], [120.99443010000002, 14.564398400000004], [120.9943798, 14.564506], [120.99407250000002, 14.5651425], [120.994046, 14.565202700000002], [120.9939889, 14.565330400000006], [120.9939752, 14.565362799999999], [120.9939095999882, 14.565325750007856]], [[120.9939095999882, 14.565325750007856], [120.993844, 14.565288700000002], [120.99394350000001, 14.565084800000001], [120.99396230000002, 14.565044599999997], [120.99408090000001, 14.564795000000004], [120.99424330000001, 14.564450500000003], [120.9942929, 14.5643405], [120.99436149998996, 14.56436945000896]], [[120.99436149998996, 14.56436945000896], [120.9942929, 14.5643405], [120.99431729999999, 14.564290900000001], [120.9943319, 14.564259800000002], [120.9944733, 14.563954199999998], [120.994553, 14.563791099999998], [120.9945788, 14.563741999999998], [120.9946819, 14.563534799999998], [120.99469900000001, 14.5634968], [120.9948357, 14.5632037], [120.99485170000001, 14.563167299999998], [120.9950822, 14.562677500000003], [120.9950958, 14.5626023], [120.9952378906122, 14.562595410371378]], [[120.9952378906122, 14.562595410371378], [120.9950958, 14.5626023], [120.99501990000002, 14.562569999999997], [120.9948096, 14.562454], [120.99435360000001, 14.561757600000005]], [[120.99435360000001, 14.561757600000005], [120.99410229999998, 14.561528800000001], [120.9941596000134, 14.561476450008872]], [[120.9941596000134, 14.561476450008872], [120.99410229999998, 14.561528800000001], [120.9940337, 14.561467800000003], [120.9939538, 14.561401200000002], [120.9938419, 14.561325800000004], [120.9937307, 14.561270399999998], [120.99381133713109, 14.561230570051167]], [[120.99381133713109, 14.561230570051167], [120.9937307, 14.561270399999998], [120.993475, 14.5612274], [120.9932503, 14.561182500000001], [120.9928588, 14.561092899999998], [120.99258791067642, 14.560978420064938]], [[120.99258791067642, 14.560978420064938], [120.99231080000001, 14.560907799999995], [120.99221980000002, 14.5608851], [120.99151879999998, 14.5607109], [120.990773, 14.560525500000004], [120.9903859, 14.5604293], [120.9902701, 14.560400499999997], [120.98951630000002, 14.5602131], [120.98943620000001, 14.560193199999999]], [[120.98943620000001, 14.560193199999999], [120.98934050000001, 14.560168199999996], [120.98929409999998, 14.560151200000002], [120.98920990000002, 14.560130300000003], [120.98889400000002, 14.560051699999999]], [[120.98889400000002, 14.560051699999999], [120.988485, 14.559944999999997], [120.9875544, 14.559702099999997], [120.9874856, 14.559685599999996], [120.98740059999999, 14.559666200000002], [120.98718198783487, 14.559598078578414]], [[120.98718198783487, 14.559598078578414], [120.98740059999999, 14.559666200000002], [120.98744010000001, 14.5595536], [120.9876621, 14.558921], [120.98756639997964, 14.558878650017302]], [[120.98756639997964, 14.558878650017302], [120.9876621, 14.558921], [120.9878813, 14.558266399999999], [120.98764695848062, 14.558315464657962]], [[120.98764695848062, 14.558315464657962], [120.9878813, 14.558266399999999], [120.98813149999998, 14.5574703], [120.98830090000001, 14.5569294]], [[120.98830090000001, 14.5569294], [120.9884097, 14.556615400000002], [120.9885085, 14.556318900000003], [120.98841164998287, 14.556285100018215]]]}, "properties": {"event_key": "02f0918fd7ca0951", "role": "rejected_suggestion", "primary_reason": "deviated: intentional surveyed deviation with a GPS-supported divergence and rejoin", "length_m": 2220.3, "road_names": "Taft Avenue > Pablo Ocampo Street > Roxas Boulevard Service Road"}}, {"type": "Feature", "geometry": {"type": "MultiLineString", "coordinates": [[[120.9985119, 14.563191300000002], [120.99862620000002, 14.5627993], [120.99878620000001, 14.562398600000002], [120.9989393, 14.562075], [120.99898630000001, 14.5620153], [120.99904959999999, 14.5619551]], [[120.99904959999999, 14.5619551], [120.999092, 14.5619979], [120.999401, 14.562309800000001]], [[120.999401, 14.562309800000001], [120.9996588, 14.562570100000002]], [[120.9996588, 14.562570100000002], [120.999921, 14.562834799999994]], [[120.999921, 14.562834799999994], [121.00020790000002, 14.5630774]], [[121.00020790000002, 14.5630774], [121.00045769999998, 14.5633449]], [[121.00045769999998, 14.5633449], [121.00071260000001, 14.5635872]], [[121.00071260000001, 14.5635872], [121.0007428, 14.5636156], [121.0009669, 14.563840599999997]]]}, "properties": {"event_key": "166e2c5c4b8a87f7", "role": "preferred_observed", "primary_reason": "deviated: intentional surveyed deviation with a GPS-supported divergence and rejoin", "length_m": 444.9, "road_names": "Arellano Avenue > Zobel Roxas Street"}}, {"type": "Feature", "geometry": {"type": "MultiLineString", "coordinates": [[[120.9985119, 14.563191300000002], [120.9988721, 14.5633467]], [[120.9988721, 14.5633467], [120.99918850000002, 14.5635076]], [[120.99918850000002, 14.5635076], [120.999523, 14.563677600000002]], [[120.999523, 14.563677600000002], [120.9998118, 14.563824399999998]], [[120.9998118, 14.563824399999998], [121.0001292, 14.563985699999998]], [[121.0001292, 14.563985699999998], [121.00044079999999, 14.564144100000002]], [[121.00044079999999, 14.564144100000002], [121.00072790000002, 14.564289999999998]], [[121.00072790000002, 14.564289999999998], [121.0009669, 14.563840599999997]]]}, "properties": {"event_key": "166e2c5c4b8a87f7", "role": "rejected_suggestion", "primary_reason": "deviated: intentional surveyed deviation with a GPS-supported divergence and rejoin", "length_m": 324.2, "road_names": "A. Roxas Street > Dian Street"}}, {"type": "Feature", "geometry": {"type": "MultiLineString", "coordinates": [[[120.9985119, 14.563191300000002], [120.99862620000002, 14.5627993], [120.99878620000001, 14.562398600000002], [120.9989393, 14.562075], [120.99898630000001, 14.5620153], [120.99904959999999, 14.5619551]], [[120.99904959999999, 14.5619551], [120.999092, 14.5619979], [120.999401, 14.562309800000001]], [[120.999401, 14.562309800000001], [120.9996588, 14.562570100000002]], [[120.9996588, 14.562570100000002], [120.999921, 14.562834799999994]], [[120.999921, 14.562834799999994], [121.00020790000002, 14.5630774]], [[121.00020790000002, 14.5630774], [121.00045769999998, 14.5633449]], [[121.00045769999998, 14.5633449], [121.00071260000001, 14.5635872]], [[121.00071260000001, 14.5635872], [121.0007428, 14.5636156], [121.0009669, 14.563840599999997]]]}, "properties": {"event_key": "36d4c8b89a06661b", "role": "preferred_observed", "primary_reason": "deviated: intentional surveyed deviation with a GPS-supported divergence and rejoin", "length_m": 444.9, "road_names": "Arellano Avenue > Zobel Roxas Street"}}, {"type": "Feature", "geometry": {"type": "MultiLineString", "coordinates": [[[120.9985119, 14.563191300000002], [120.9988721, 14.5633467]], [[120.9988721, 14.5633467], [120.99918850000002, 14.5635076]], [[120.99918850000002, 14.5635076], [120.999523, 14.563677600000002]], [[120.999523, 14.563677600000002], [120.9998118, 14.563824399999998]], [[120.9998118, 14.563824399999998], [121.0001292, 14.563985699999998]], [[121.0001292, 14.563985699999998], [121.00044079999999, 14.564144100000002]], [[121.00044079999999, 14.564144100000002], [121.00072790000002, 14.564289999999998]], [[121.00072790000002, 14.564289999999998], [121.0009669, 14.563840599999997]]]}, "properties": {"event_key": "36d4c8b89a06661b", "role": "rejected_suggestion", "primary_reason": "deviated: intentional surveyed deviation with a GPS-supported divergence and rejoin", "length_m": 324.2, "road_names": "A. Roxas Street > Dian Street"}}, {"type": "Feature", "geometry": {"type": "MultiLineString", "coordinates": [[[120.9952378906122, 14.562595410371378], [120.9950958, 14.5626023], [120.995183, 14.562337700000002], [120.995533, 14.560986999999997], [120.99557209999794, 14.560996400003068]], [[120.99557209999794, 14.560996400003068], [120.995533, 14.560986999999997], [120.9955802, 14.560782300000005], [120.9957141, 14.560180699999995], [120.99575664999769, 14.560190150003631]], [[120.99575664999769, 14.560190150003631], [120.9957141, 14.560180699999995], [120.99519970000001, 14.560100700000003], [120.9948939, 14.560053899999996], [120.99459030000001, 14.560000999999998], [120.99453429999998, 14.559991299999993]], [[120.99453429999998, 14.559991299999993], [120.9929656, 14.559729599999997]], [[120.9929656, 14.559729599999997], [120.99302710000002, 14.559562400000003], [120.9931263, 14.5592673], [120.993189, 14.5590552], [120.99328619999999, 14.5587027]], [[120.99328619999999, 14.5587027], [120.99332300000002, 14.558535399999998], [120.9933859, 14.558247899999996], [120.99343830000001, 14.558011500000001]], [[120.99343830000001, 14.558011500000001], [120.9933154, 14.5579732], [120.9931612, 14.557925199999998], [120.99281980000002, 14.557822599999998], [120.99198049999998, 14.557566199999997]], [[120.99198049999998, 14.557566199999997], [120.9906872, 14.557171099999998], [120.99070145000307, 14.557130300000846]], [[120.99070145000307, 14.557130300000846], [120.9907157, 14.557089500000004], [120.9901243, 14.5568832]], [[120.9901243, 14.5568832], [120.98979020000002, 14.5567664], [120.9897559, 14.5567544]], [[120.9897559, 14.5567544], [120.98943710000002, 14.5566431]], [[120.98943710000002, 14.5566431], [120.98913230000001, 14.556531699999997]], [[120.98913230000001, 14.556531699999997], [120.9885085, 14.556318900000003], [120.98841164998287, 14.556285100018215]]]}, "properties": {"event_key": "b66b38a1462afccb", "role": "preferred_observed", "primary_reason": "deviated: intentional surveyed deviation with a GPS-supported divergence and rejoin", "length_m": 1391.7, "road_names": "Taft Avenue > Menlo Street > Leveriza Street > Gotamco Street > E. Rodriguez Street"}}, {"type": "Feature", "geometry": {"type": "MultiLineString", "coordinates": [[[120.9952378906122, 14.562595410371378], [120.99521400000002, 14.5626692], [120.99518680000001, 14.562731400000002], [120.99478090000001, 14.563660699999998], [120.99472050000001, 14.5638015], [120.9944532, 14.564347900000001], [120.99443010000002, 14.564398400000004], [120.99436149998996, 14.56436945000896]], [[120.99436149998996, 14.56436945000896], [120.99443010000002, 14.564398400000004], [120.9943798, 14.564506], [120.99407250000002, 14.5651425], [120.994046, 14.565202700000002], [120.9939889, 14.565330400000006], [120.9939752, 14.565362799999999], [120.9939095999882, 14.565325750007856]], [[120.9939095999882, 14.565325750007856], [120.993844, 14.565288700000002], [120.99394350000001, 14.565084800000001], [120.99396230000002, 14.565044599999997], [120.99408090000001, 14.564795000000004], [120.99424330000001, 14.564450500000003], [120.9942929, 14.5643405], [120.99436149998996, 14.56436945000896]], [[120.99436149998996, 14.56436945000896], [120.9942929, 14.5643405], [120.99431729999999, 14.564290900000001], [120.9943319, 14.564259800000002], [120.9944733, 14.563954199999998], [120.994553, 14.563791099999998], [120.9945788, 14.563741999999998], [120.9946819, 14.563534799999998], [120.99469900000001, 14.5634968], [120.9948357, 14.5632037], [120.99485170000001, 14.563167299999998], [120.9950822, 14.562677500000003], [120.9950958, 14.5626023], [120.9952378906122, 14.562595410371378]], [[120.9952378906122, 14.562595410371378], [120.9950958, 14.5626023], [120.99501990000002, 14.562569999999997], [120.9948096, 14.562454], [120.99435360000001, 14.561757600000005]], [[120.99435360000001, 14.561757600000005], [120.99410229999998, 14.561528800000001], [120.9941596000134, 14.561476450008872]], [[120.9941596000134, 14.561476450008872], [120.99410229999998, 14.561528800000001], [120.9940337, 14.561467800000003], [120.9939538, 14.561401200000002], [120.9938419, 14.561325800000004], [120.9937307, 14.561270399999998], [120.99381133713109, 14.561230570051167]], [[120.99381133713109, 14.561230570051167], [120.9937307, 14.561270399999998], [120.993475, 14.5612274], [120.9932503, 14.561182500000001], [120.9928588, 14.561092899999998], [120.99258791067642, 14.560978420064938]], [[120.99258791067642, 14.560978420064938], [120.99231080000001, 14.560907799999995], [120.99221980000002, 14.5608851], [120.99151879999998, 14.5607109], [120.990773, 14.560525500000004], [120.9903859, 14.5604293], [120.9902701, 14.560400499999997], [120.98951630000002, 14.5602131], [120.98943620000001, 14.560193199999999]], [[120.98943620000001, 14.560193199999999], [120.98934050000001, 14.560168199999996], [120.98929409999998, 14.560151200000002], [120.98920990000002, 14.560130300000003], [120.98889400000002, 14.560051699999999]], [[120.98889400000002, 14.560051699999999], [120.988485, 14.559944999999997], [120.9875544, 14.559702099999997], [120.9874856, 14.559685599999996], [120.98740059999999, 14.559666200000002], [120.98718198783487, 14.559598078578414]], [[120.98718198783487, 14.559598078578414], [120.98740059999999, 14.559666200000002], [120.98744010000001, 14.5595536], [120.9876621, 14.558921], [120.98756639997964, 14.558878650017302]], [[120.98756639997964, 14.558878650017302], [120.9876621, 14.558921], [120.9878813, 14.558266399999999], [120.98764695848062, 14.558315464657962]], [[120.98764695848062, 14.558315464657962], [120.9878813, 14.558266399999999], [120.98813149999998, 14.5574703], [120.98830090000001, 14.5569294]], [[120.98830090000001, 14.5569294], [120.9884097, 14.556615400000002], [120.9885085, 14.556318900000003], [120.98841164998287, 14.556285100018215]]]}, "properties": {"event_key": "b66b38a1462afccb", "role": "rejected_suggestion", "primary_reason": "deviated: intentional surveyed deviation with a GPS-supported divergence and rejoin", "length_m": 2220.3, "road_names": "Taft Avenue > Pablo Ocampo Street > Roxas Boulevard Service Road"}}, {"type": "Feature", "geometry": {"type": "MultiLineString", "coordinates": [[[120.9985119, 14.563191300000002], [120.99862620000002, 14.5627993], [120.99878620000001, 14.562398600000002], [120.9989393, 14.562075], [120.99898630000001, 14.5620153], [120.99904959999999, 14.5619551]], [[120.99904959999999, 14.5619551], [120.999092, 14.5619979], [120.999401, 14.562309800000001]], [[120.999401, 14.562309800000001], [120.9996588, 14.562570100000002]], [[120.9996588, 14.562570100000002], [120.999921, 14.562834799999994]], [[120.999921, 14.562834799999994], [121.00020790000002, 14.5630774]], [[121.00020790000002, 14.5630774], [121.00045769999998, 14.5633449]], [[121.00045769999998, 14.5633449], [121.00071260000001, 14.5635872]], [[121.00071260000001, 14.5635872], [121.0007428, 14.5636156], [121.0009669, 14.563840599999997]]]}, "properties": {"event_key": "047be9613d939b0e", "role": "preferred_observed", "primary_reason": "deviated: intentional surveyed deviation with a GPS-supported divergence and rejoin", "length_m": 444.9, "road_names": "Arellano Avenue > Zobel Roxas Street"}}, {"type": "Feature", "geometry": {"type": "MultiLineString", "coordinates": [[[120.9985119, 14.563191300000002], [120.9988721, 14.5633467]], [[120.9988721, 14.5633467], [120.99918850000002, 14.5635076]], [[120.99918850000002, 14.5635076], [120.999523, 14.563677600000002]], [[120.999523, 14.563677600000002], [120.9998118, 14.563824399999998]], [[120.9998118, 14.563824399999998], [121.0001292, 14.563985699999998]], [[121.0001292, 14.563985699999998], [121.00044079999999, 14.564144100000002]], [[121.00044079999999, 14.564144100000002], [121.00072790000002, 14.564289999999998]], [[121.00072790000002, 14.564289999999998], [121.0009669, 14.563840599999997]]]}, "properties": {"event_key": "047be9613d939b0e", "role": "rejected_suggestion", "primary_reason": "deviated: intentional surveyed deviation with a GPS-supported divergence and rejoin", "length_m": 324.2, "road_names": "A. Roxas Street > Dian Street"}}, {"type": "Feature", "geometry": {"type": "MultiLineString", "coordinates": [[[120.9952378906122, 14.562595410371378], [120.9950958, 14.5626023], [120.995183, 14.562337700000002], [120.995533, 14.560986999999997], [120.99557209999794, 14.560996400003068]], [[120.99557209999794, 14.560996400003068], [120.995533, 14.560986999999997], [120.9955802, 14.560782300000005], [120.9957141, 14.560180699999995], [120.99575664999769, 14.560190150003631]], [[120.99575664999769, 14.560190150003631], [120.9957141, 14.560180699999995], [120.99519970000001, 14.560100700000003], [120.9948939, 14.560053899999996], [120.99459030000001, 14.560000999999998], [120.99453429999998, 14.559991299999993]], [[120.99453429999998, 14.559991299999993], [120.9929656, 14.559729599999997]], [[120.9929656, 14.559729599999997], [120.99302710000002, 14.559562400000003], [120.9931263, 14.5592673], [120.993189, 14.5590552], [120.99328619999999, 14.5587027]], [[120.99328619999999, 14.5587027], [120.99332300000002, 14.558535399999998], [120.9933859, 14.558247899999996], [120.99343830000001, 14.558011500000001]], [[120.99343830000001, 14.558011500000001], [120.9933154, 14.5579732], [120.9931612, 14.557925199999998], [120.99281980000002, 14.557822599999998], [120.99198049999998, 14.557566199999997]], [[120.99198049999998, 14.557566199999997], [120.9906872, 14.557171099999998], [120.99070145000307, 14.557130300000846]], [[120.99070145000307, 14.557130300000846], [120.9907157, 14.557089500000004], [120.9901243, 14.5568832]], [[120.9901243, 14.5568832], [120.98979020000002, 14.5567664], [120.9897559, 14.5567544]], [[120.9897559, 14.5567544], [120.98943710000002, 14.5566431]], [[120.98943710000002, 14.5566431], [120.98913230000001, 14.556531699999997]], [[120.98913230000001, 14.556531699999997], [120.9885085, 14.556318900000003], [120.98841164998287, 14.556285100018215]]]}, "properties": {"event_key": "455fff3fc01fea3a", "role": "preferred_observed", "primary_reason": "deviated: intentional surveyed deviation with a GPS-supported divergence and rejoin", "length_m": 1391.7, "road_names": "Taft Avenue > Menlo Street > Leveriza Street > Gotamco Street > E. Rodriguez Street"}}, {"type": "Feature", "geometry": {"type": "MultiLineString", "coordinates": [[[120.9952378906122, 14.562595410371378], [120.99521400000002, 14.5626692], [120.99518680000001, 14.562731400000002], [120.99478090000001, 14.563660699999998], [120.99472050000001, 14.5638015], [120.9944532, 14.564347900000001], [120.99443010000002, 14.564398400000004], [120.99436149998996, 14.56436945000896]], [[120.99436149998996, 14.56436945000896], [120.99443010000002, 14.564398400000004], [120.9943798, 14.564506], [120.99407250000002, 14.5651425], [120.994046, 14.565202700000002], [120.9939889, 14.565330400000006], [120.9939752, 14.565362799999999], [120.9939095999882, 14.565325750007856]], [[120.9939095999882, 14.565325750007856], [120.993844, 14.565288700000002], [120.99394350000001, 14.565084800000001], [120.99396230000002, 14.565044599999997], [120.99408090000001, 14.564795000000004], [120.99424330000001, 14.564450500000003], [120.9942929, 14.5643405], [120.99436149998996, 14.56436945000896]], [[120.99436149998996, 14.56436945000896], [120.9942929, 14.5643405], [120.99431729999999, 14.564290900000001], [120.9943319, 14.564259800000002], [120.9944733, 14.563954199999998], [120.994553, 14.563791099999998], [120.9945788, 14.563741999999998], [120.9946819, 14.563534799999998], [120.99469900000001, 14.5634968], [120.9948357, 14.5632037], [120.99485170000001, 14.563167299999998], [120.9950822, 14.562677500000003], [120.9950958, 14.5626023], [120.9952378906122, 14.562595410371378]], [[120.9952378906122, 14.562595410371378], [120.9950958, 14.5626023], [120.99501990000002, 14.562569999999997], [120.9948096, 14.562454], [120.99435360000001, 14.561757600000005]], [[120.99435360000001, 14.561757600000005], [120.99410229999998, 14.561528800000001], [120.9941596000134, 14.561476450008872]], [[120.9941596000134, 14.561476450008872], [120.99410229999998, 14.561528800000001], [120.9940337, 14.561467800000003], [120.9939538, 14.561401200000002], [120.9938419, 14.561325800000004], [120.9937307, 14.561270399999998], [120.99381133713109, 14.561230570051167]], [[120.99381133713109, 14.561230570051167], [120.9937307, 14.561270399999998], [120.993475, 14.5612274], [120.9932503, 14.561182500000001], [120.9928588, 14.561092899999998], [120.99258791067642, 14.560978420064938]], [[120.99258791067642, 14.560978420064938], [120.99231080000001, 14.560907799999995], [120.99221980000002, 14.5608851], [120.99151879999998, 14.5607109], [120.990773, 14.560525500000004], [120.9903859, 14.5604293], [120.9902701, 14.560400499999997], [120.98951630000002, 14.5602131], [120.98943620000001, 14.560193199999999]], [[120.98943620000001, 14.560193199999999], [120.98934050000001, 14.560168199999996], [120.98929409999998, 14.560151200000002], [120.98920990000002, 14.560130300000003], [120.98889400000002, 14.560051699999999]], [[120.98889400000002, 14.560051699999999], [120.988485, 14.559944999999997], [120.9875544, 14.559702099999997], [120.9874856, 14.559685599999996], [120.98740059999999, 14.559666200000002], [120.98718198783487, 14.559598078578414]], [[120.98718198783487, 14.559598078578414], [120.98740059999999, 14.559666200000002], [120.98744010000001, 14.5595536], [120.9876621, 14.558921], [120.98756639997964, 14.558878650017302]], [[120.98756639997964, 14.558878650017302], [120.9876621, 14.558921], [120.9878813, 14.558266399999999], [120.98764695848062, 14.558315464657962]], [[120.98764695848062, 14.558315464657962], [120.9878813, 14.558266399999999], [120.98813149999998, 14.5574703], [120.98830090000001, 14.5569294]], [[120.98830090000001, 14.5569294], [120.9884097, 14.556615400000002], [120.9885085, 14.556318900000003], [120.98841164998287, 14.556285100018215]]]}, "properties": {"event_key": "455fff3fc01fea3a", "role": "rejected_suggestion", "primary_reason": "deviated: intentional surveyed deviation with a GPS-supported divergence and rejoin", "length_m": 2220.3, "road_names": "Taft Avenue > Pablo Ocampo Street > Roxas Boulevard Service Road"}}, {"type": "Feature", "geometry": {"type": "MultiLineString", "coordinates": [[[120.9985119, 14.563191300000002], [120.99862620000002, 14.5627993], [120.99878620000001, 14.562398600000002], [120.9989393, 14.562075], [120.99898630000001, 14.5620153], [120.99904959999999, 14.5619551]], [[120.99904959999999, 14.5619551], [120.999092, 14.5619979], [120.999401, 14.562309800000001]], [[120.999401, 14.562309800000001], [120.9996588, 14.562570100000002]], [[120.9996588, 14.562570100000002], [120.999921, 14.562834799999994]], [[120.999921, 14.562834799999994], [121.00020790000002, 14.5630774]], [[121.00020790000002, 14.5630774], [121.00045769999998, 14.5633449]], [[121.00045769999998, 14.5633449], [121.00071260000001, 14.5635872]], [[121.00071260000001, 14.5635872], [121.0007428, 14.5636156], [121.0009669, 14.563840599999997]]]}, "properties": {"event_key": "5a42c7320b00fd45", "role": "preferred_observed", "primary_reason": "deviated: intentional surveyed deviation with a GPS-supported divergence and rejoin", "length_m": 444.9, "road_names": "Arellano Avenue > Zobel Roxas Street"}}, {"type": "Feature", "geometry": {"type": "MultiLineString", "coordinates": [[[120.9985119, 14.563191300000002], [120.9988721, 14.5633467]], [[120.9988721, 14.5633467], [120.99918850000002, 14.5635076]], [[120.99918850000002, 14.5635076], [120.999523, 14.563677600000002]], [[120.999523, 14.563677600000002], [120.9998118, 14.563824399999998]], [[120.9998118, 14.563824399999998], [121.0001292, 14.563985699999998]], [[121.0001292, 14.563985699999998], [121.00044079999999, 14.564144100000002]], [[121.00044079999999, 14.564144100000002], [121.00072790000002, 14.564289999999998]], [[121.00072790000002, 14.564289999999998], [121.0009669, 14.563840599999997]]]}, "properties": {"event_key": "5a42c7320b00fd45", "role": "rejected_suggestion", "primary_reason": "deviated: intentional surveyed deviation with a GPS-supported divergence and rejoin", "length_m": 324.2, "road_names": "A. Roxas Street > Dian Street"}}, {"type": "Feature", "geometry": {"type": "MultiLineString", "coordinates": [[[120.9952378906122, 14.562595410371378], [120.9950958, 14.5626023], [120.995183, 14.562337700000002], [120.995533, 14.560986999999997], [120.99557209999794, 14.560996400003068]], [[120.99557209999794, 14.560996400003068], [120.995533, 14.560986999999997], [120.9955802, 14.560782300000005], [120.9957141, 14.560180699999995], [120.99575664999769, 14.560190150003631]], [[120.99575664999769, 14.560190150003631], [120.9957141, 14.560180699999995], [120.99519970000001, 14.560100700000003], [120.9948939, 14.560053899999996], [120.99459030000001, 14.560000999999998], [120.99453429999998, 14.559991299999993]], [[120.99453429999998, 14.559991299999993], [120.9929656, 14.559729599999997]], [[120.9929656, 14.559729599999997], [120.99302710000002, 14.559562400000003], [120.9931263, 14.5592673], [120.993189, 14.5590552], [120.99328619999999, 14.5587027]], [[120.99328619999999, 14.5587027], [120.99332300000002, 14.558535399999998], [120.9933859, 14.558247899999996], [120.99343830000001, 14.558011500000001]], [[120.99343830000001, 14.558011500000001], [120.9933154, 14.5579732], [120.9931612, 14.557925199999998], [120.99281980000002, 14.557822599999998], [120.99198049999998, 14.557566199999997]], [[120.99198049999998, 14.557566199999997], [120.9906872, 14.557171099999998], [120.99070145000307, 14.557130300000846]], [[120.99070145000307, 14.557130300000846], [120.9907157, 14.557089500000004], [120.9901243, 14.5568832]], [[120.9901243, 14.5568832], [120.98979020000002, 14.5567664], [120.9897559, 14.5567544]], [[120.9897559, 14.5567544], [120.98943710000002, 14.5566431]], [[120.98943710000002, 14.5566431], [120.98913230000001, 14.556531699999997]], [[120.98913230000001, 14.556531699999997], [120.9885085, 14.556318900000003], [120.98841164998287, 14.556285100018215]]]}, "properties": {"event_key": "f356a129309176fd", "role": "preferred_observed", "primary_reason": "deviated: intentional surveyed deviation with a GPS-supported divergence and rejoin", "length_m": 1391.7, "road_names": "Taft Avenue > Menlo Street > Leveriza Street > Gotamco Street > E. Rodriguez Street"}}, {"type": "Feature", "geometry": {"type": "MultiLineString", "coordinates": [[[120.9952378906122, 14.562595410371378], [120.99521400000002, 14.5626692], [120.99518680000001, 14.562731400000002], [120.99478090000001, 14.563660699999998], [120.99472050000001, 14.5638015], [120.9944532, 14.564347900000001], [120.99443010000002, 14.564398400000004], [120.99436149998996, 14.56436945000896]], [[120.99436149998996, 14.56436945000896], [120.99443010000002, 14.564398400000004], [120.9943798, 14.564506], [120.99407250000002, 14.5651425], [120.994046, 14.565202700000002], [120.9939889, 14.565330400000006], [120.9939752, 14.565362799999999], [120.9939095999882, 14.565325750007856]], [[120.9939095999882, 14.565325750007856], [120.993844, 14.565288700000002], [120.99394350000001, 14.565084800000001], [120.99396230000002, 14.565044599999997], [120.99408090000001, 14.564795000000004], [120.99424330000001, 14.564450500000003], [120.9942929, 14.5643405], [120.99436149998996, 14.56436945000896]], [[120.99436149998996, 14.56436945000896], [120.9942929, 14.5643405], [120.99431729999999, 14.564290900000001], [120.9943319, 14.564259800000002], [120.9944733, 14.563954199999998], [120.994553, 14.563791099999998], [120.9945788, 14.563741999999998], [120.9946819, 14.563534799999998], [120.99469900000001, 14.5634968], [120.9948357, 14.5632037], [120.99485170000001, 14.563167299999998], [120.9950822, 14.562677500000003], [120.9950958, 14.5626023], [120.9952378906122, 14.562595410371378]], [[120.9952378906122, 14.562595410371378], [120.9950958, 14.5626023], [120.99501990000002, 14.562569999999997], [120.9948096, 14.562454], [120.99435360000001, 14.561757600000005]], [[120.99435360000001, 14.561757600000005], [120.99410229999998, 14.561528800000001], [120.9941596000134, 14.561476450008872]], [[120.9941596000134, 14.561476450008872], [120.99410229999998, 14.561528800000001], [120.9940337, 14.561467800000003], [120.9939538, 14.561401200000002], [120.9938419, 14.561325800000004], [120.9937307, 14.561270399999998], [120.99381133713109, 14.561230570051167]], [[120.99381133713109, 14.561230570051167], [120.9937307, 14.561270399999998], [120.993475, 14.5612274], [120.9932503, 14.561182500000001], [120.9928588, 14.561092899999998], [120.99258791067642, 14.560978420064938]], [[120.99258791067642, 14.560978420064938], [120.99231080000001, 14.560907799999995], [120.99221980000002, 14.5608851], [120.99151879999998, 14.5607109], [120.990773, 14.560525500000004], [120.9903859, 14.5604293], [120.9902701, 14.560400499999997], [120.98951630000002, 14.5602131], [120.98943620000001, 14.560193199999999]], [[120.98943620000001, 14.560193199999999], [120.98934050000001, 14.560168199999996], [120.98929409999998, 14.560151200000002], [120.98920990000002, 14.560130300000003], [120.98889400000002, 14.560051699999999]], [[120.98889400000002, 14.560051699999999], [120.988485, 14.559944999999997], [120.9875544, 14.559702099999997], [120.9874856, 14.559685599999996], [120.98740059999999, 14.559666200000002], [120.98718198783487, 14.559598078578414]], [[120.98718198783487, 14.559598078578414], [120.98740059999999, 14.559666200000002], [120.98744010000001, 14.5595536], [120.9876621, 14.558921], [120.98756639997964, 14.558878650017302]], [[120.98756639997964, 14.558878650017302], [120.9876621, 14.558921], [120.9878813, 14.558266399999999], [120.98764695848062, 14.558315464657962]], [[120.98764695848062, 14.558315464657962], [120.9878813, 14.558266399999999], [120.98813149999998, 14.5574703], [120.98830090000001, 14.5569294]], [[120.98830090000001, 14.5569294], [120.9884097, 14.556615400000002], [120.9885085, 14.556318900000003], [120.98841164998287, 14.556285100018215]]]}, "properties": {"event_key": "f356a129309176fd", "role": "rejected_suggestion", "primary_reason": "deviated: intentional surveyed deviation with a GPS-supported divergence and rejoin", "length_m": 2220.3, "road_names": "Taft Avenue > Pablo Ocampo Street > Roxas Boulevard Service Road"}}, {"type": "Feature", "geometry": {"type": "MultiLineString", "coordinates": [[[120.9952378906122, 14.562595410371378], [120.9950958, 14.5626023], [120.995183, 14.562337700000002], [120.995533, 14.560986999999997], [120.99557209999794, 14.560996400003068]], [[120.99557209999794, 14.560996400003068], [120.995533, 14.560986999999997], [120.9955802, 14.560782300000005], [120.9957141, 14.560180699999995], [120.99575664999769, 14.560190150003631]], [[120.99575664999769, 14.560190150003631], [120.9957141, 14.560180699999995], [120.99519970000001, 14.560100700000003], [120.9948939, 14.560053899999996], [120.99459030000001, 14.560000999999998], [120.99453429999998, 14.559991299999993]], [[120.99453429999998, 14.559991299999993], [120.9929656, 14.559729599999997]], [[120.9929656, 14.559729599999997], [120.99302710000002, 14.559562400000003], [120.9931263, 14.5592673], [120.993189, 14.5590552], [120.99328619999999, 14.5587027]], [[120.99328619999999, 14.5587027], [120.99332300000002, 14.558535399999998], [120.9933859, 14.558247899999996], [120.99343830000001, 14.558011500000001]], [[120.99343830000001, 14.558011500000001], [120.9933154, 14.5579732], [120.9931612, 14.557925199999998], [120.99281980000002, 14.557822599999998], [120.99198049999998, 14.557566199999997]], [[120.99198049999998, 14.557566199999997], [120.9906872, 14.557171099999998], [120.99070145000307, 14.557130300000846]], [[120.99070145000307, 14.557130300000846], [120.9907157, 14.557089500000004], [120.9901243, 14.5568832]], [[120.9901243, 14.5568832], [120.98979020000002, 14.5567664], [120.9897559, 14.5567544]], [[120.9897559, 14.5567544], [120.98943710000002, 14.5566431]], [[120.98943710000002, 14.5566431], [120.98913230000001, 14.556531699999997]], [[120.98913230000001, 14.556531699999997], [120.9885085, 14.556318900000003], [120.98841164998287, 14.556285100018215]]]}, "properties": {"event_key": "e71b193c172ea867", "role": "preferred_observed", "primary_reason": "deviated: intentional surveyed deviation with a GPS-supported divergence and rejoin", "length_m": 1391.7, "road_names": "Taft Avenue > Menlo Street > Leveriza Street > Gotamco Street > E. Rodriguez Street"}}, {"type": "Feature", "geometry": {"type": "MultiLineString", "coordinates": [[[120.9952378906122, 14.562595410371378], [120.99521400000002, 14.5626692], [120.99518680000001, 14.562731400000002], [120.99478090000001, 14.563660699999998], [120.99472050000001, 14.5638015], [120.9944532, 14.564347900000001], [120.99443010000002, 14.564398400000004], [120.99436149998996, 14.56436945000896]], [[120.99436149998996, 14.56436945000896], [120.99443010000002, 14.564398400000004], [120.9943798, 14.564506], [120.99407250000002, 14.5651425], [120.994046, 14.565202700000002], [120.9939889, 14.565330400000006], [120.9939752, 14.565362799999999], [120.9939095999882, 14.565325750007856]], [[120.9939095999882, 14.565325750007856], [120.993844, 14.565288700000002], [120.99394350000001, 14.565084800000001], [120.99396230000002, 14.565044599999997], [120.99408090000001, 14.564795000000004], [120.99424330000001, 14.564450500000003], [120.9942929, 14.5643405], [120.99436149998996, 14.56436945000896]], [[120.99436149998996, 14.56436945000896], [120.9942929, 14.5643405], [120.99431729999999, 14.564290900000001], [120.9943319, 14.564259800000002], [120.9944733, 14.563954199999998], [120.994553, 14.563791099999998], [120.9945788, 14.563741999999998], [120.9946819, 14.563534799999998], [120.99469900000001, 14.5634968], [120.9948357, 14.5632037], [120.99485170000001, 14.563167299999998], [120.9950822, 14.562677500000003], [120.9950958, 14.5626023], [120.9952378906122, 14.562595410371378]], [[120.9952378906122, 14.562595410371378], [120.9950958, 14.5626023], [120.99501990000002, 14.562569999999997], [120.9948096, 14.562454], [120.99435360000001, 14.561757600000005]], [[120.99435360000001, 14.561757600000005], [120.99410229999998, 14.561528800000001], [120.9941596000134, 14.561476450008872]], [[120.9941596000134, 14.561476450008872], [120.99410229999998, 14.561528800000001], [120.9940337, 14.561467800000003], [120.9939538, 14.561401200000002], [120.9938419, 14.561325800000004], [120.9937307, 14.561270399999998], [120.99381133713109, 14.561230570051167]], [[120.99381133713109, 14.561230570051167], [120.9937307, 14.561270399999998], [120.993475, 14.5612274], [120.9932503, 14.561182500000001], [120.9928588, 14.561092899999998], [120.99258791067642, 14.560978420064938]], [[120.99258791067642, 14.560978420064938], [120.99231080000001, 14.560907799999995], [120.99221980000002, 14.5608851], [120.99151879999998, 14.5607109], [120.990773, 14.560525500000004], [120.9903859, 14.5604293], [120.9902701, 14.560400499999997], [120.98951630000002, 14.5602131], [120.98943620000001, 14.560193199999999]], [[120.98943620000001, 14.560193199999999], [120.98934050000001, 14.560168199999996], [120.98929409999998, 14.560151200000002], [120.98920990000002, 14.560130300000003], [120.98889400000002, 14.560051699999999]], [[120.98889400000002, 14.560051699999999], [120.988485, 14.559944999999997], [120.9875544, 14.559702099999997], [120.9874856, 14.559685599999996], [120.98740059999999, 14.559666200000002], [120.98718198783487, 14.559598078578414]], [[120.98718198783487, 14.559598078578414], [120.98740059999999, 14.559666200000002], [120.98744010000001, 14.5595536], [120.9876621, 14.558921], [120.98756639997964, 14.558878650017302]], [[120.98756639997964, 14.558878650017302], [120.9876621, 14.558921], [120.9878813, 14.558266399999999], [120.98764695848062, 14.558315464657962]], [[120.98764695848062, 14.558315464657962], [120.9878813, 14.558266399999999], [120.98813149999998, 14.5574703], [120.98830090000001, 14.5569294]], [[120.98830090000001, 14.5569294], [120.9884097, 14.556615400000002], [120.9885085, 14.556318900000003], [120.98841164998287, 14.556285100018215]]]}, "properties": {"event_key": "e71b193c172ea867", "role": "rejected_suggestion", "primary_reason": "deviated: intentional surveyed deviation with a GPS-supported divergence and rejoin", "length_m": 2220.3, "road_names": "Taft Avenue > Pablo Ocampo Street > Roxas Boulevard Service Road"}}, {"type": "Feature", "geometry": {"type": "MultiLineString", "coordinates": [[[120.9985119, 14.563191300000002], [120.99862620000002, 14.5627993], [120.99878620000001, 14.562398600000002], [120.9989393, 14.562075], [120.99898630000001, 14.5620153], [120.99904959999999, 14.5619551]], [[120.99904959999999, 14.5619551], [120.999092, 14.5619979], [120.999401, 14.562309800000001]], [[120.999401, 14.562309800000001], [120.9996588, 14.562570100000002]], [[120.9996588, 14.562570100000002], [120.999921, 14.562834799999994]], [[120.999921, 14.562834799999994], [121.00020790000002, 14.5630774]], [[121.00020790000002, 14.5630774], [121.00045769999998, 14.5633449]], [[121.00045769999998, 14.5633449], [121.00071260000001, 14.5635872]], [[121.00071260000001, 14.5635872], [121.0007428, 14.5636156], [121.0009669, 14.563840599999997]]]}, "properties": {"event_key": "692e0aa1cb08965b", "role": "preferred_observed", "primary_reason": "deviated: intentional surveyed deviation with a GPS-supported divergence and rejoin", "length_m": 444.9, "road_names": "Arellano Avenue > Zobel Roxas Street"}}, {"type": "Feature", "geometry": {"type": "MultiLineString", "coordinates": [[[120.9985119, 14.563191300000002], [120.9988721, 14.5633467]], [[120.9988721, 14.5633467], [120.99918850000002, 14.5635076]], [[120.99918850000002, 14.5635076], [120.999523, 14.563677600000002]], [[120.999523, 14.563677600000002], [120.9998118, 14.563824399999998]], [[120.9998118, 14.563824399999998], [121.0001292, 14.563985699999998]], [[121.0001292, 14.563985699999998], [121.00044079999999, 14.564144100000002]], [[121.00044079999999, 14.564144100000002], [121.00072790000002, 14.564289999999998]], [[121.00072790000002, 14.564289999999998], [121.0009669, 14.563840599999997]]]}, "properties": {"event_key": "692e0aa1cb08965b", "role": "rejected_suggestion", "primary_reason": "deviated: intentional surveyed deviation with a GPS-supported divergence and rejoin", "length_m": 324.2, "road_names": "A. Roxas Street > Dian Street"}}, {"type": "Feature", "geometry": {"type": "MultiLineString", "coordinates": [[[120.9952378906122, 14.562595410371378], [120.9950958, 14.5626023], [120.995183, 14.562337700000002], [120.995533, 14.560986999999997], [120.99557209999794, 14.560996400003068]], [[120.99557209999794, 14.560996400003068], [120.995533, 14.560986999999997], [120.9955802, 14.560782300000005], [120.9957141, 14.560180699999995], [120.99575664999769, 14.560190150003631]], [[120.99575664999769, 14.560190150003631], [120.9957141, 14.560180699999995], [120.99519970000001, 14.560100700000003], [120.9948939, 14.560053899999996], [120.99459030000001, 14.560000999999998], [120.99453429999998, 14.559991299999993]], [[120.99453429999998, 14.559991299999993], [120.9929656, 14.559729599999997]], [[120.9929656, 14.559729599999997], [120.99302710000002, 14.559562400000003], [120.9931263, 14.5592673], [120.993189, 14.5590552], [120.99328619999999, 14.5587027]], [[120.99328619999999, 14.5587027], [120.99332300000002, 14.558535399999998], [120.9933859, 14.558247899999996], [120.99343830000001, 14.558011500000001]], [[120.99343830000001, 14.558011500000001], [120.9933154, 14.5579732], [120.9931612, 14.557925199999998], [120.99281980000002, 14.557822599999998], [120.99198049999998, 14.557566199999997]], [[120.99198049999998, 14.557566199999997], [120.9906872, 14.557171099999998], [120.99070145000307, 14.557130300000846]], [[120.99070145000307, 14.557130300000846], [120.9907157, 14.557089500000004], [120.9901243, 14.5568832]], [[120.9901243, 14.5568832], [120.98979020000002, 14.5567664], [120.9897559, 14.5567544]], [[120.9897559, 14.5567544], [120.98943710000002, 14.5566431]], [[120.98943710000002, 14.5566431], [120.98913230000001, 14.556531699999997]], [[120.98913230000001, 14.556531699999997], [120.9885085, 14.556318900000003], [120.98841164998287, 14.556285100018215]]]}, "properties": {"event_key": "76f20feb1ee76f69", "role": "preferred_observed", "primary_reason": "deviated: intentional surveyed deviation with a GPS-supported divergence and rejoin", "length_m": 1391.7, "road_names": "Taft Avenue > Menlo Street > Leveriza Street > Gotamco Street > E. Rodriguez Street"}}, {"type": "Feature", "geometry": {"type": "MultiLineString", "coordinates": [[[120.9952378906122, 14.562595410371378], [120.99521400000002, 14.5626692], [120.99518680000001, 14.562731400000002], [120.99478090000001, 14.563660699999998], [120.99472050000001, 14.5638015], [120.9944532, 14.564347900000001], [120.99443010000002, 14.564398400000004], [120.99436149998996, 14.56436945000896]], [[120.99436149998996, 14.56436945000896], [120.99443010000002, 14.564398400000004], [120.9943798, 14.564506], [120.99407250000002, 14.5651425], [120.994046, 14.565202700000002], [120.9939889, 14.565330400000006], [120.9939752, 14.565362799999999], [120.9939095999882, 14.565325750007856]], [[120.9939095999882, 14.565325750007856], [120.993844, 14.565288700000002], [120.99394350000001, 14.565084800000001], [120.99396230000002, 14.565044599999997], [120.99408090000001, 14.564795000000004], [120.99424330000001, 14.564450500000003], [120.9942929, 14.5643405], [120.99436149998996, 14.56436945000896]], [[120.99436149998996, 14.56436945000896], [120.9942929, 14.5643405], [120.99431729999999, 14.564290900000001], [120.9943319, 14.564259800000002], [120.9944733, 14.563954199999998], [120.994553, 14.563791099999998], [120.9945788, 14.563741999999998], [120.9946819, 14.563534799999998], [120.99469900000001, 14.5634968], [120.9948357, 14.5632037], [120.99485170000001, 14.563167299999998], [120.9950822, 14.562677500000003], [120.9950958, 14.5626023], [120.9952378906122, 14.562595410371378]], [[120.9952378906122, 14.562595410371378], [120.9950958, 14.5626023], [120.99501990000002, 14.562569999999997], [120.9948096, 14.562454], [120.99435360000001, 14.561757600000005]], [[120.99435360000001, 14.561757600000005], [120.99410229999998, 14.561528800000001], [120.9941596000134, 14.561476450008872]], [[120.9941596000134, 14.561476450008872], [120.99410229999998, 14.561528800000001], [120.9940337, 14.561467800000003], [120.9939538, 14.561401200000002], [120.9938419, 14.561325800000004], [120.9937307, 14.561270399999998], [120.99381133713109, 14.561230570051167]], [[120.99381133713109, 14.561230570051167], [120.9937307, 14.561270399999998], [120.993475, 14.5612274], [120.9932503, 14.561182500000001], [120.9928588, 14.561092899999998], [120.99258791067642, 14.560978420064938]], [[120.99258791067642, 14.560978420064938], [120.99231080000001, 14.560907799999995], [120.99221980000002, 14.5608851], [120.99151879999998, 14.5607109], [120.990773, 14.560525500000004], [120.9903859, 14.5604293], [120.9902701, 14.560400499999997], [120.98951630000002, 14.5602131], [120.98943620000001, 14.560193199999999]], [[120.98943620000001, 14.560193199999999], [120.98934050000001, 14.560168199999996], [120.98929409999998, 14.560151200000002], [120.98920990000002, 14.560130300000003], [120.98889400000002, 14.560051699999999]], [[120.98889400000002, 14.560051699999999], [120.988485, 14.559944999999997], [120.9875544, 14.559702099999997], [120.9874856, 14.559685599999996], [120.98740059999999, 14.559666200000002], [120.98718198783487, 14.559598078578414]], [[120.98718198783487, 14.559598078578414], [120.98740059999999, 14.559666200000002], [120.98744010000001, 14.5595536], [120.9876621, 14.558921], [120.98756639997964, 14.558878650017302]], [[120.98756639997964, 14.558878650017302], [120.9876621, 14.558921], [120.9878813, 14.558266399999999], [120.98764695848062, 14.558315464657962]], [[120.98764695848062, 14.558315464657962], [120.9878813, 14.558266399999999], [120.98813149999998, 14.5574703], [120.98830090000001, 14.5569294]], [[120.98830090000001, 14.5569294], [120.9884097, 14.556615400000002], [120.9885085, 14.556318900000003], [120.98841164998287, 14.556285100018215]]]}, "properties": {"event_key": "76f20feb1ee76f69", "role": "rejected_suggestion", "primary_reason": "deviated: intentional surveyed deviation with a GPS-supported divergence and rejoin", "length_m": 2220.3, "road_names": "Taft Avenue > Pablo Ocampo Street > Roxas Boulevard Service Road"}}, {"type": "Feature", "geometry": {"type": "MultiLineString", "coordinates": [[[120.9985119, 14.563191300000002], [120.99862620000002, 14.5627993], [120.99878620000001, 14.562398600000002], [120.9989393, 14.562075], [120.99898630000001, 14.5620153], [120.99904959999999, 14.5619551]], [[120.99904959999999, 14.5619551], [120.999092, 14.5619979], [120.999401, 14.562309800000001]], [[120.999401, 14.562309800000001], [120.9996588, 14.562570100000002]], [[120.9996588, 14.562570100000002], [120.999921, 14.562834799999994]], [[120.999921, 14.562834799999994], [121.00020790000002, 14.5630774]], [[121.00020790000002, 14.5630774], [121.00045769999998, 14.5633449]], [[121.00045769999998, 14.5633449], [121.00071260000001, 14.5635872]], [[121.00071260000001, 14.5635872], [121.0007428, 14.5636156], [121.0009669, 14.563840599999997]]]}, "properties": {"event_key": "092b8a745c1f7980", "role": "preferred_observed", "primary_reason": "deviated: intentional surveyed deviation with a GPS-supported divergence and rejoin", "length_m": 444.9, "road_names": "Arellano Avenue > Zobel Roxas Street"}}, {"type": "Feature", "geometry": {"type": "MultiLineString", "coordinates": [[[120.9985119, 14.563191300000002], [120.9988721, 14.5633467]], [[120.9988721, 14.5633467], [120.99918850000002, 14.5635076]], [[120.99918850000002, 14.5635076], [120.999523, 14.563677600000002]], [[120.999523, 14.563677600000002], [120.9998118, 14.563824399999998]], [[120.9998118, 14.563824399999998], [121.0001292, 14.563985699999998]], [[121.0001292, 14.563985699999998], [121.00044079999999, 14.564144100000002]], [[121.00044079999999, 14.564144100000002], [121.00072790000002, 14.564289999999998]], [[121.00072790000002, 14.564289999999998], [121.0009669, 14.563840599999997]]]}, "properties": {"event_key": "092b8a745c1f7980", "role": "rejected_suggestion", "primary_reason": "deviated: intentional surveyed deviation with a GPS-supported divergence and rejoin", "length_m": 324.2, "road_names": "A. Roxas Street > Dian Street"}}, {"type": "Feature", "geometry": {"type": "MultiLineString", "coordinates": [[[120.9952378906122, 14.562595410371378], [120.9950958, 14.5626023], [120.995183, 14.562337700000002], [120.995533, 14.560986999999997], [120.99557209999794, 14.560996400003068]], [[120.99557209999794, 14.560996400003068], [120.995533, 14.560986999999997], [120.9955802, 14.560782300000005], [120.9957141, 14.560180699999995], [120.99575664999769, 14.560190150003631]], [[120.99575664999769, 14.560190150003631], [120.9957141, 14.560180699999995], [120.99519970000001, 14.560100700000003], [120.9948939, 14.560053899999996], [120.99459030000001, 14.560000999999998], [120.99453429999998, 14.559991299999993]], [[120.99453429999998, 14.559991299999993], [120.9929656, 14.559729599999997]], [[120.9929656, 14.559729599999997], [120.99302710000002, 14.559562400000003], [120.9931263, 14.5592673], [120.993189, 14.5590552], [120.99328619999999, 14.5587027]], [[120.99328619999999, 14.5587027], [120.99332300000002, 14.558535399999998], [120.9933859, 14.558247899999996], [120.99343830000001, 14.558011500000001]], [[120.99343830000001, 14.558011500000001], [120.9933154, 14.5579732], [120.9931612, 14.557925199999998], [120.99281980000002, 14.557822599999998], [120.99198049999998, 14.557566199999997]], [[120.99198049999998, 14.557566199999997], [120.9906872, 14.557171099999998], [120.99070145000307, 14.557130300000846]], [[120.99070145000307, 14.557130300000846], [120.9907157, 14.557089500000004], [120.9901243, 14.5568832]], [[120.9901243, 14.5568832], [120.98979020000002, 14.5567664], [120.9897559, 14.5567544]], [[120.9897559, 14.5567544], [120.98943710000002, 14.5566431]], [[120.98943710000002, 14.5566431], [120.98913230000001, 14.556531699999997]], [[120.98913230000001, 14.556531699999997], [120.9885085, 14.556318900000003], [120.98841164998287, 14.556285100018215]]]}, "properties": {"event_key": "660e21bce9261456", "role": "preferred_observed", "primary_reason": "deviated: intentional surveyed deviation with a GPS-supported divergence and rejoin", "length_m": 1391.7, "road_names": "Taft Avenue > Menlo Street > Leveriza Street > Gotamco Street > E. Rodriguez Street"}}, {"type": "Feature", "geometry": {"type": "MultiLineString", "coordinates": [[[120.9952378906122, 14.562595410371378], [120.99521400000002, 14.5626692], [120.99518680000001, 14.562731400000002], [120.99478090000001, 14.563660699999998], [120.99472050000001, 14.5638015], [120.9944532, 14.564347900000001], [120.99443010000002, 14.564398400000004], [120.99436149998996, 14.56436945000896]], [[120.99436149998996, 14.56436945000896], [120.99443010000002, 14.564398400000004], [120.9943798, 14.564506], [120.99407250000002, 14.5651425], [120.994046, 14.565202700000002], [120.9939889, 14.565330400000006], [120.9939752, 14.565362799999999], [120.9939095999882, 14.565325750007856]], [[120.9939095999882, 14.565325750007856], [120.993844, 14.565288700000002], [120.99394350000001, 14.565084800000001], [120.99396230000002, 14.565044599999997], [120.99408090000001, 14.564795000000004], [120.99424330000001, 14.564450500000003], [120.9942929, 14.5643405], [120.99436149998996, 14.56436945000896]], [[120.99436149998996, 14.56436945000896], [120.9942929, 14.5643405], [120.99431729999999, 14.564290900000001], [120.9943319, 14.564259800000002], [120.9944733, 14.563954199999998], [120.994553, 14.563791099999998], [120.9945788, 14.563741999999998], [120.9946819, 14.563534799999998], [120.99469900000001, 14.5634968], [120.9948357, 14.5632037], [120.99485170000001, 14.563167299999998], [120.9950822, 14.562677500000003], [120.9950958, 14.5626023], [120.9952378906122, 14.562595410371378]], [[120.9952378906122, 14.562595410371378], [120.9950958, 14.5626023], [120.99501990000002, 14.562569999999997], [120.9948096, 14.562454], [120.99435360000001, 14.561757600000005]], [[120.99435360000001, 14.561757600000005], [120.99410229999998, 14.561528800000001], [120.9941596000134, 14.561476450008872]], [[120.9941596000134, 14.561476450008872], [120.99410229999998, 14.561528800000001], [120.9940337, 14.561467800000003], [120.9939538, 14.561401200000002], [120.9938419, 14.561325800000004], [120.9937307, 14.561270399999998], [120.99381133713109, 14.561230570051167]], [[120.99381133713109, 14.561230570051167], [120.9937307, 14.561270399999998], [120.993475, 14.5612274], [120.9932503, 14.561182500000001], [120.9928588, 14.561092899999998], [120.99258791067642, 14.560978420064938]], [[120.99258791067642, 14.560978420064938], [120.99231080000001, 14.560907799999995], [120.99221980000002, 14.5608851], [120.99151879999998, 14.5607109], [120.990773, 14.560525500000004], [120.9903859, 14.5604293], [120.9902701, 14.560400499999997], [120.98951630000002, 14.5602131], [120.98943620000001, 14.560193199999999]], [[120.98943620000001, 14.560193199999999], [120.98934050000001, 14.560168199999996], [120.98929409999998, 14.560151200000002], [120.98920990000002, 14.560130300000003], [120.98889400000002, 14.560051699999999]], [[120.98889400000002, 14.560051699999999], [120.988485, 14.559944999999997], [120.9875544, 14.559702099999997], [120.9874856, 14.559685599999996], [120.98740059999999, 14.559666200000002], [120.98718198783487, 14.559598078578414]], [[120.98718198783487, 14.559598078578414], [120.98740059999999, 14.559666200000002], [120.98744010000001, 14.5595536], [120.9876621, 14.558921], [120.98756639997964, 14.558878650017302]], [[120.98756639997964, 14.558878650017302], [120.9876621, 14.558921], [120.9878813, 14.558266399999999], [120.98764695848062, 14.558315464657962]], [[120.98764695848062, 14.558315464657962], [120.9878813, 14.558266399999999], [120.98813149999998, 14.5574703], [120.98830090000001, 14.5569294]], [[120.98830090000001, 14.5569294], [120.9884097, 14.556615400000002], [120.9885085, 14.556318900000003], [120.98841164998287, 14.556285100018215]]]}, "properties": {"event_key": "660e21bce9261456", "role": "rejected_suggestion", "primary_reason": "deviated: intentional surveyed deviation with a GPS-supported divergence and rejoin", "length_m": 2220.3, "road_names": "Taft Avenue > Pablo Ocampo Street > Roxas Boulevard Service Road"}}, {"type": "Feature", "geometry": {"type": "MultiLineString", "coordinates": [[[120.9985119, 14.563191300000002], [120.99862620000002, 14.5627993], [120.99878620000001, 14.562398600000002], [120.9989393, 14.562075], [120.99898630000001, 14.5620153], [120.99904959999999, 14.5619551]], [[120.99904959999999, 14.5619551], [120.999092, 14.5619979], [120.999401, 14.562309800000001]], [[120.999401, 14.562309800000001], [120.9996588, 14.562570100000002]], [[120.9996588, 14.562570100000002], [120.999921, 14.562834799999994]], [[120.999921, 14.562834799999994], [121.00020790000002, 14.5630774]], [[121.00020790000002, 14.5630774], [121.00045769999998, 14.5633449]], [[121.00045769999998, 14.5633449], [121.00071260000001, 14.5635872]], [[121.00071260000001, 14.5635872], [121.0007428, 14.5636156], [121.0009669, 14.563840599999997]]]}, "properties": {"event_key": "097de443a1fa9c05", "role": "preferred_observed", "primary_reason": "deviated: intentional surveyed deviation with a GPS-supported divergence and rejoin", "length_m": 444.9, "road_names": "Arellano Avenue > Zobel Roxas Street"}}, {"type": "Feature", "geometry": {"type": "MultiLineString", "coordinates": [[[120.9985119, 14.563191300000002], [120.9988721, 14.5633467]], [[120.9988721, 14.5633467], [120.99918850000002, 14.5635076]], [[120.99918850000002, 14.5635076], [120.999523, 14.563677600000002]], [[120.999523, 14.563677600000002], [120.9998118, 14.563824399999998]], [[120.9998118, 14.563824399999998], [121.0001292, 14.563985699999998]], [[121.0001292, 14.563985699999998], [121.00044079999999, 14.564144100000002]], [[121.00044079999999, 14.564144100000002], [121.00072790000002, 14.564289999999998]], [[121.00072790000002, 14.564289999999998], [121.0009669, 14.563840599999997]]]}, "properties": {"event_key": "097de443a1fa9c05", "role": "rejected_suggestion", "primary_reason": "deviated: intentional surveyed deviation with a GPS-supported divergence and rejoin", "length_m": 324.2, "road_names": "A. Roxas Street > Dian Street"}}, {"type": "Feature", "geometry": {"type": "MultiLineString", "coordinates": [[[120.9985119, 14.563191300000002], [120.99862620000002, 14.5627993], [120.99878620000001, 14.562398600000002], [120.9989393, 14.562075], [120.99898630000001, 14.5620153], [120.99904959999999, 14.5619551]], [[120.99904959999999, 14.5619551], [120.999092, 14.5619979], [120.999401, 14.562309800000001]], [[120.999401, 14.562309800000001], [120.9996588, 14.562570100000002]], [[120.9996588, 14.562570100000002], [120.999921, 14.562834799999994]], [[120.999921, 14.562834799999994], [121.00020790000002, 14.5630774]], [[121.00020790000002, 14.5630774], [121.00045769999998, 14.5633449]], [[121.00045769999998, 14.5633449], [121.00071260000001, 14.5635872]], [[121.00071260000001, 14.5635872], [121.0007428, 14.5636156], [121.0009669, 14.563840599999997]]]}, "properties": {"event_key": "45111d1c7c7d0a70", "role": "preferred_observed", "primary_reason": "deviated: intentional surveyed deviation with a GPS-supported divergence and rejoin", "length_m": 444.9, "road_names": "Arellano Avenue > Zobel Roxas Street"}}, {"type": "Feature", "geometry": {"type": "MultiLineString", "coordinates": [[[120.9985119, 14.563191300000002], [120.9988721, 14.5633467]], [[120.9988721, 14.5633467], [120.99918850000002, 14.5635076]], [[120.99918850000002, 14.5635076], [120.999523, 14.563677600000002]], [[120.999523, 14.563677600000002], [120.9998118, 14.563824399999998]], [[120.9998118, 14.563824399999998], [121.0001292, 14.563985699999998]], [[121.0001292, 14.563985699999998], [121.00044079999999, 14.564144100000002]], [[121.00044079999999, 14.564144100000002], [121.00072790000002, 14.564289999999998]], [[121.00072790000002, 14.564289999999998], [121.0009669, 14.563840599999997]]]}, "properties": {"event_key": "45111d1c7c7d0a70", "role": "rejected_suggestion", "primary_reason": "deviated: intentional surveyed deviation with a GPS-supported divergence and rejoin", "length_m": 324.2, "road_names": "A. Roxas Street > Dian Street"}}, {"type": "Feature", "geometry": {"type": "MultiLineString", "coordinates": [[[120.9952378906122, 14.562595410371378], [120.9950958, 14.5626023], [120.995183, 14.562337700000002], [120.995533, 14.560986999999997], [120.99557209999794, 14.560996400003068]], [[120.99557209999794, 14.560996400003068], [120.995533, 14.560986999999997], [120.9955802, 14.560782300000005], [120.9957141, 14.560180699999995], [120.99575664999769, 14.560190150003631]], [[120.99575664999769, 14.560190150003631], [120.9957141, 14.560180699999995], [120.99519970000001, 14.560100700000003], [120.9948939, 14.560053899999996], [120.99459030000001, 14.560000999999998], [120.99453429999998, 14.559991299999993]], [[120.99453429999998, 14.559991299999993], [120.9929656, 14.559729599999997]], [[120.9929656, 14.559729599999997], [120.99302710000002, 14.559562400000003], [120.9931263, 14.5592673], [120.993189, 14.5590552], [120.99328619999999, 14.5587027]], [[120.99328619999999, 14.5587027], [120.99332300000002, 14.558535399999998], [120.9933859, 14.558247899999996], [120.99343830000001, 14.558011500000001]], [[120.99343830000001, 14.558011500000001], [120.9933154, 14.5579732], [120.9931612, 14.557925199999998], [120.99281980000002, 14.557822599999998], [120.99198049999998, 14.557566199999997]], [[120.99198049999998, 14.557566199999997], [120.9906872, 14.557171099999998], [120.99070145000307, 14.557130300000846]], [[120.99070145000307, 14.557130300000846], [120.9907157, 14.557089500000004], [120.9901243, 14.5568832]], [[120.9901243, 14.5568832], [120.98979020000002, 14.5567664], [120.9897559, 14.5567544]], [[120.9897559, 14.5567544], [120.98943710000002, 14.5566431]], [[120.98943710000002, 14.5566431], [120.98913230000001, 14.556531699999997]], [[120.98913230000001, 14.556531699999997], [120.9885085, 14.556318900000003], [120.98841164998287, 14.556285100018215]]]}, "properties": {"event_key": "b41f9bd4a724a569", "role": "preferred_observed", "primary_reason": "deviated: intentional surveyed deviation with a GPS-supported divergence and rejoin", "length_m": 1391.7, "road_names": "Taft Avenue > Menlo Street > Leveriza Street > Gotamco Street > E. Rodriguez Street"}}, {"type": "Feature", "geometry": {"type": "MultiLineString", "coordinates": [[[120.9952378906122, 14.562595410371378], [120.99521400000002, 14.5626692], [120.99518680000001, 14.562731400000002], [120.99478090000001, 14.563660699999998], [120.99472050000001, 14.5638015], [120.9944532, 14.564347900000001], [120.99443010000002, 14.564398400000004], [120.99436149998996, 14.56436945000896]], [[120.99436149998996, 14.56436945000896], [120.99443010000002, 14.564398400000004], [120.9943798, 14.564506], [120.99407250000002, 14.5651425], [120.994046, 14.565202700000002], [120.9939889, 14.565330400000006], [120.9939752, 14.565362799999999], [120.9939095999882, 14.565325750007856]], [[120.9939095999882, 14.565325750007856], [120.993844, 14.565288700000002], [120.99394350000001, 14.565084800000001], [120.99396230000002, 14.565044599999997], [120.99408090000001, 14.564795000000004], [120.99424330000001, 14.564450500000003], [120.9942929, 14.5643405], [120.99436149998996, 14.56436945000896]], [[120.99436149998996, 14.56436945000896], [120.9942929, 14.5643405], [120.99431729999999, 14.564290900000001], [120.9943319, 14.564259800000002], [120.9944733, 14.563954199999998], [120.994553, 14.563791099999998], [120.9945788, 14.563741999999998], [120.9946819, 14.563534799999998], [120.99469900000001, 14.5634968], [120.9948357, 14.5632037], [120.99485170000001, 14.563167299999998], [120.9950822, 14.562677500000003], [120.9950958, 14.5626023], [120.9952378906122, 14.562595410371378]], [[120.9952378906122, 14.562595410371378], [120.9950958, 14.5626023], [120.99501990000002, 14.562569999999997], [120.9948096, 14.562454], [120.99435360000001, 14.561757600000005]], [[120.99435360000001, 14.561757600000005], [120.99410229999998, 14.561528800000001], [120.9941596000134, 14.561476450008872]], [[120.9941596000134, 14.561476450008872], [120.99410229999998, 14.561528800000001], [120.9940337, 14.561467800000003], [120.9939538, 14.561401200000002], [120.9938419, 14.561325800000004], [120.9937307, 14.561270399999998], [120.99381133713109, 14.561230570051167]], [[120.99381133713109, 14.561230570051167], [120.9937307, 14.561270399999998], [120.993475, 14.5612274], [120.9932503, 14.561182500000001], [120.9928588, 14.561092899999998], [120.99258791067642, 14.560978420064938]], [[120.99258791067642, 14.560978420064938], [120.99231080000001, 14.560907799999995], [120.99221980000002, 14.5608851], [120.99151879999998, 14.5607109], [120.990773, 14.560525500000004], [120.9903859, 14.5604293], [120.9902701, 14.560400499999997], [120.98951630000002, 14.5602131], [120.98943620000001, 14.560193199999999]], [[120.98943620000001, 14.560193199999999], [120.98934050000001, 14.560168199999996], [120.98929409999998, 14.560151200000002], [120.98920990000002, 14.560130300000003], [120.98889400000002, 14.560051699999999]], [[120.98889400000002, 14.560051699999999], [120.988485, 14.559944999999997], [120.9875544, 14.559702099999997], [120.9874856, 14.559685599999996], [120.98740059999999, 14.559666200000002], [120.98718198783487, 14.559598078578414]], [[120.98718198783487, 14.559598078578414], [120.98740059999999, 14.559666200000002], [120.98744010000001, 14.5595536], [120.9876621, 14.558921], [120.98756639997964, 14.558878650017302]], [[120.98756639997964, 14.558878650017302], [120.9876621, 14.558921], [120.9878813, 14.558266399999999], [120.98764695848062, 14.558315464657962]], [[120.98764695848062, 14.558315464657962], [120.9878813, 14.558266399999999], [120.98813149999998, 14.5574703], [120.98830090000001, 14.5569294]], [[120.98830090000001, 14.5569294], [120.9884097, 14.556615400000002], [120.9885085, 14.556318900000003], [120.98841164998287, 14.556285100018215]]]}, "properties": {"event_key": "b41f9bd4a724a569", "role": "rejected_suggestion", "primary_reason": "deviated: intentional surveyed deviation with a GPS-supported divergence and rejoin", "length_m": 2220.3, "road_names": "Taft Avenue > Pablo Ocampo Street > Roxas Boulevard Service Road"}}, {"type": "Feature", "geometry": {"type": "MultiLineString", "coordinates": [[[120.9985119, 14.563191300000002], [120.99862620000002, 14.5627993], [120.99878620000001, 14.562398600000002], [120.9989393, 14.562075], [120.99898630000001, 14.5620153], [120.99904959999999, 14.5619551]], [[120.99904959999999, 14.5619551], [120.999092, 14.5619979], [120.999401, 14.562309800000001]], [[120.999401, 14.562309800000001], [120.9996588, 14.562570100000002]], [[120.9996588, 14.562570100000002], [120.999921, 14.562834799999994]], [[120.999921, 14.562834799999994], [121.00020790000002, 14.5630774]], [[121.00020790000002, 14.5630774], [121.00045769999998, 14.5633449]], [[121.00045769999998, 14.5633449], [121.00071260000001, 14.5635872]], [[121.00071260000001, 14.5635872], [121.0007428, 14.5636156], [121.0009669, 14.563840599999997]]]}, "properties": {"event_key": "4eed1ab297ea8989", "role": "preferred_observed", "primary_reason": "deviated: intentional surveyed deviation with a GPS-supported divergence and rejoin", "length_m": 444.9, "road_names": "Arellano Avenue > Zobel Roxas Street"}}, {"type": "Feature", "geometry": {"type": "MultiLineString", "coordinates": [[[120.9985119, 14.563191300000002], [120.9988721, 14.5633467]], [[120.9988721, 14.5633467], [120.99918850000002, 14.5635076]], [[120.99918850000002, 14.5635076], [120.999523, 14.563677600000002]], [[120.999523, 14.563677600000002], [120.9998118, 14.563824399999998]], [[120.9998118, 14.563824399999998], [121.0001292, 14.563985699999998]], [[121.0001292, 14.563985699999998], [121.00044079999999, 14.564144100000002]], [[121.00044079999999, 14.564144100000002], [121.00072790000002, 14.564289999999998]], [[121.00072790000002, 14.564289999999998], [121.0009669, 14.563840599999997]]]}, "properties": {"event_key": "4eed1ab297ea8989", "role": "rejected_suggestion", "primary_reason": "deviated: intentional surveyed deviation with a GPS-supported divergence and rejoin", "length_m": 324.2, "road_names": "A. Roxas Street > Dian Street"}}, {"type": "Feature", "geometry": {"type": "MultiLineString", "coordinates": [[[120.9952378906122, 14.562595410371378], [120.9950958, 14.5626023], [120.995183, 14.562337700000002], [120.995533, 14.560986999999997], [120.99557209999794, 14.560996400003068]], [[120.99557209999794, 14.560996400003068], [120.995533, 14.560986999999997], [120.9955802, 14.560782300000005], [120.9957141, 14.560180699999995], [120.99575664999769, 14.560190150003631]], [[120.99575664999769, 14.560190150003631], [120.9957141, 14.560180699999995], [120.99519970000001, 14.560100700000003], [120.9948939, 14.560053899999996], [120.99459030000001, 14.560000999999998], [120.99453429999998, 14.559991299999993]], [[120.99453429999998, 14.559991299999993], [120.9929656, 14.559729599999997]], [[120.9929656, 14.559729599999997], [120.99302710000002, 14.559562400000003], [120.9931263, 14.5592673], [120.993189, 14.5590552], [120.99328619999999, 14.5587027]], [[120.99328619999999, 14.5587027], [120.99332300000002, 14.558535399999998], [120.9933859, 14.558247899999996], [120.99343830000001, 14.558011500000001]], [[120.99343830000001, 14.558011500000001], [120.9933154, 14.5579732], [120.9931612, 14.557925199999998], [120.99281980000002, 14.557822599999998], [120.99198049999998, 14.557566199999997]], [[120.99198049999998, 14.557566199999997], [120.9906872, 14.557171099999998], [120.99070145000307, 14.557130300000846]], [[120.99070145000307, 14.557130300000846], [120.9907157, 14.557089500000004], [120.9901243, 14.5568832]], [[120.9901243, 14.5568832], [120.98979020000002, 14.5567664], [120.9897559, 14.5567544]], [[120.9897559, 14.5567544], [120.98943710000002, 14.5566431]], [[120.98943710000002, 14.5566431], [120.98913230000001, 14.556531699999997]], [[120.98913230000001, 14.556531699999997], [120.9885085, 14.556318900000003], [120.98841164998287, 14.556285100018215]]]}, "properties": {"event_key": "7cb1bf16fffc5659", "role": "preferred_observed", "primary_reason": "deviated: intentional surveyed deviation with a GPS-supported divergence and rejoin", "length_m": 1391.7, "road_names": "Taft Avenue > Menlo Street > Leveriza Street > Gotamco Street > E. Rodriguez Street"}}, {"type": "Feature", "geometry": {"type": "MultiLineString", "coordinates": [[[120.9952378906122, 14.562595410371378], [120.99521400000002, 14.5626692], [120.99518680000001, 14.562731400000002], [120.99478090000001, 14.563660699999998], [120.99472050000001, 14.5638015], [120.9944532, 14.564347900000001], [120.99443010000002, 14.564398400000004], [120.99436149998996, 14.56436945000896]], [[120.99436149998996, 14.56436945000896], [120.99443010000002, 14.564398400000004], [120.9943798, 14.564506], [120.99407250000002, 14.5651425], [120.994046, 14.565202700000002], [120.9939889, 14.565330400000006], [120.9939752, 14.565362799999999], [120.9939095999882, 14.565325750007856]], [[120.9939095999882, 14.565325750007856], [120.993844, 14.565288700000002], [120.99394350000001, 14.565084800000001], [120.99396230000002, 14.565044599999997], [120.99408090000001, 14.564795000000004], [120.99424330000001, 14.564450500000003], [120.9942929, 14.5643405], [120.99436149998996, 14.56436945000896]], [[120.99436149998996, 14.56436945000896], [120.9942929, 14.5643405], [120.99431729999999, 14.564290900000001], [120.9943319, 14.564259800000002], [120.9944733, 14.563954199999998], [120.994553, 14.563791099999998], [120.9945788, 14.563741999999998], [120.9946819, 14.563534799999998], [120.99469900000001, 14.5634968], [120.9948357, 14.5632037], [120.99485170000001, 14.563167299999998], [120.9950822, 14.562677500000003], [120.9950958, 14.5626023], [120.9952378906122, 14.562595410371378]], [[120.9952378906122, 14.562595410371378], [120.9950958, 14.5626023], [120.99501990000002, 14.562569999999997], [120.9948096, 14.562454], [120.99435360000001, 14.561757600000005]], [[120.99435360000001, 14.561757600000005], [120.99410229999998, 14.561528800000001], [120.9941596000134, 14.561476450008872]], [[120.9941596000134, 14.561476450008872], [120.99410229999998, 14.561528800000001], [120.9940337, 14.561467800000003], [120.9939538, 14.561401200000002], [120.9938419, 14.561325800000004], [120.9937307, 14.561270399999998], [120.99381133713109, 14.561230570051167]], [[120.99381133713109, 14.561230570051167], [120.9937307, 14.561270399999998], [120.993475, 14.5612274], [120.9932503, 14.561182500000001], [120.9928588, 14.561092899999998], [120.99258791067642, 14.560978420064938]], [[120.99258791067642, 14.560978420064938], [120.99231080000001, 14.560907799999995], [120.99221980000002, 14.5608851], [120.99151879999998, 14.5607109], [120.990773, 14.560525500000004], [120.9903859, 14.5604293], [120.9902701, 14.560400499999997], [120.98951630000002, 14.5602131], [120.98943620000001, 14.560193199999999]], [[120.98943620000001, 14.560193199999999], [120.98934050000001, 14.560168199999996], [120.98929409999998, 14.560151200000002], [120.98920990000002, 14.560130300000003], [120.98889400000002, 14.560051699999999]], [[120.98889400000002, 14.560051699999999], [120.988485, 14.559944999999997], [120.9875544, 14.559702099999997], [120.9874856, 14.559685599999996], [120.98740059999999, 14.559666200000002], [120.98718198783487, 14.559598078578414]], [[120.98718198783487, 14.559598078578414], [120.98740059999999, 14.559666200000002], [120.98744010000001, 14.5595536], [120.9876621, 14.558921], [120.98756639997964, 14.558878650017302]], [[120.98756639997964, 14.558878650017302], [120.9876621, 14.558921], [120.9878813, 14.558266399999999], [120.98764695848062, 14.558315464657962]], [[120.98764695848062, 14.558315464657962], [120.9878813, 14.558266399999999], [120.98813149999998, 14.5574703], [120.98830090000001, 14.5569294]], [[120.98830090000001, 14.5569294], [120.9884097, 14.556615400000002], [120.9885085, 14.556318900000003], [120.98841164998287, 14.556285100018215]]]}, "properties": {"event_key": "7cb1bf16fffc5659", "role": "rejected_suggestion", "primary_reason": "deviated: intentional surveyed deviation with a GPS-supported divergence and rejoin", "length_m": 2220.3, "road_names": "Taft Avenue > Pablo Ocampo Street > Roxas Boulevard Service Road"}}, {"type": "Feature", "geometry": {"type": "MultiLineString", "coordinates": [[[120.9985119, 14.563191300000002], [120.99862620000002, 14.5627993], [120.99878620000001, 14.562398600000002], [120.9989393, 14.562075], [120.99898630000001, 14.5620153], [120.99904959999999, 14.5619551]], [[120.99904959999999, 14.5619551], [120.999092, 14.5619979], [120.999401, 14.562309800000001]], [[120.999401, 14.562309800000001], [120.9996588, 14.562570100000002]], [[120.9996588, 14.562570100000002], [120.999921, 14.562834799999994]], [[120.999921, 14.562834799999994], [121.00020790000002, 14.5630774]], [[121.00020790000002, 14.5630774], [121.00045769999998, 14.5633449]], [[121.00045769999998, 14.5633449], [121.00071260000001, 14.5635872]], [[121.00071260000001, 14.5635872], [121.0007428, 14.5636156], [121.0009669, 14.563840599999997]]]}, "properties": {"event_key": "7e1f2365e5cd808d", "role": "preferred_observed", "primary_reason": "deviated: intentional surveyed deviation with a GPS-supported divergence and rejoin", "length_m": 444.9, "road_names": "Arellano Avenue > Zobel Roxas Street"}}, {"type": "Feature", "geometry": {"type": "MultiLineString", "coordinates": [[[120.9985119, 14.563191300000002], [120.9988721, 14.5633467]], [[120.9988721, 14.5633467], [120.99918850000002, 14.5635076]], [[120.99918850000002, 14.5635076], [120.999523, 14.563677600000002]], [[120.999523, 14.563677600000002], [120.9998118, 14.563824399999998]], [[120.9998118, 14.563824399999998], [121.0001292, 14.563985699999998]], [[121.0001292, 14.563985699999998], [121.00044079999999, 14.564144100000002]], [[121.00044079999999, 14.564144100000002], [121.00072790000002, 14.564289999999998]], [[121.00072790000002, 14.564289999999998], [121.0009669, 14.563840599999997]]]}, "properties": {"event_key": "7e1f2365e5cd808d", "role": "rejected_suggestion", "primary_reason": "deviated: intentional surveyed deviation with a GPS-supported divergence and rejoin", "length_m": 324.2, "road_names": "A. Roxas Street > Dian Street"}}, {"type": "Feature", "geometry": {"type": "MultiLineString", "coordinates": [[[120.9952378906122, 14.562595410371378], [120.9950958, 14.5626023], [120.995183, 14.562337700000002], [120.995533, 14.560986999999997], [120.99557209999794, 14.560996400003068]], [[120.99557209999794, 14.560996400003068], [120.995533, 14.560986999999997], [120.9955802, 14.560782300000005], [120.9957141, 14.560180699999995], [120.99575664999769, 14.560190150003631]], [[120.99575664999769, 14.560190150003631], [120.9957141, 14.560180699999995], [120.99519970000001, 14.560100700000003], [120.9948939, 14.560053899999996], [120.99459030000001, 14.560000999999998], [120.99453429999998, 14.559991299999993]], [[120.99453429999998, 14.559991299999993], [120.9929656, 14.559729599999997]], [[120.9929656, 14.559729599999997], [120.99302710000002, 14.559562400000003], [120.9931263, 14.5592673], [120.993189, 14.5590552], [120.99328619999999, 14.5587027]], [[120.99328619999999, 14.5587027], [120.99332300000002, 14.558535399999998], [120.9933859, 14.558247899999996], [120.99343830000001, 14.558011500000001]], [[120.99343830000001, 14.558011500000001], [120.9933154, 14.5579732], [120.9931612, 14.557925199999998], [120.99281980000002, 14.557822599999998], [120.99198049999998, 14.557566199999997]], [[120.99198049999998, 14.557566199999997], [120.9906872, 14.557171099999998], [120.99070145000307, 14.557130300000846]], [[120.99070145000307, 14.557130300000846], [120.9907157, 14.557089500000004], [120.9901243, 14.5568832]], [[120.9901243, 14.5568832], [120.98979020000002, 14.5567664], [120.9897559, 14.5567544]], [[120.9897559, 14.5567544], [120.98943710000002, 14.5566431]], [[120.98943710000002, 14.5566431], [120.98913230000001, 14.556531699999997]], [[120.98913230000001, 14.556531699999997], [120.9885085, 14.556318900000003], [120.98841164998287, 14.556285100018215]]]}, "properties": {"event_key": "03555ca1d4511ede", "role": "preferred_observed", "primary_reason": "deviated: intentional surveyed deviation with a GPS-supported divergence and rejoin", "length_m": 1391.7, "road_names": "Taft Avenue > Menlo Street > Leveriza Street > Gotamco Street > E. Rodriguez Street"}}, {"type": "Feature", "geometry": {"type": "MultiLineString", "coordinates": [[[120.9952378906122, 14.562595410371378], [120.99521400000002, 14.5626692], [120.99518680000001, 14.562731400000002], [120.99478090000001, 14.563660699999998], [120.99472050000001, 14.5638015], [120.9944532, 14.564347900000001], [120.99443010000002, 14.564398400000004], [120.99436149998996, 14.56436945000896]], [[120.99436149998996, 14.56436945000896], [120.99443010000002, 14.564398400000004], [120.9943798, 14.564506], [120.99407250000002, 14.5651425], [120.994046, 14.565202700000002], [120.9939889, 14.565330400000006], [120.9939752, 14.565362799999999], [120.9939095999882, 14.565325750007856]], [[120.9939095999882, 14.565325750007856], [120.993844, 14.565288700000002], [120.99394350000001, 14.565084800000001], [120.99396230000002, 14.565044599999997], [120.99408090000001, 14.564795000000004], [120.99424330000001, 14.564450500000003], [120.9942929, 14.5643405], [120.99436149998996, 14.56436945000896]], [[120.99436149998996, 14.56436945000896], [120.9942929, 14.5643405], [120.99431729999999, 14.564290900000001], [120.9943319, 14.564259800000002], [120.9944733, 14.563954199999998], [120.994553, 14.563791099999998], [120.9945788, 14.563741999999998], [120.9946819, 14.563534799999998], [120.99469900000001, 14.5634968], [120.9948357, 14.5632037], [120.99485170000001, 14.563167299999998], [120.9950822, 14.562677500000003], [120.9950958, 14.5626023], [120.9952378906122, 14.562595410371378]], [[120.9952378906122, 14.562595410371378], [120.9950958, 14.5626023], [120.99501990000002, 14.562569999999997], [120.9948096, 14.562454], [120.99435360000001, 14.561757600000005]], [[120.99435360000001, 14.561757600000005], [120.99410229999998, 14.561528800000001], [120.9941596000134, 14.561476450008872]], [[120.9941596000134, 14.561476450008872], [120.99410229999998, 14.561528800000001], [120.9940337, 14.561467800000003], [120.9939538, 14.561401200000002], [120.9938419, 14.561325800000004], [120.9937307, 14.561270399999998], [120.99381133713109, 14.561230570051167]], [[120.99381133713109, 14.561230570051167], [120.9937307, 14.561270399999998], [120.993475, 14.5612274], [120.9932503, 14.561182500000001], [120.9928588, 14.561092899999998], [120.99258791067642, 14.560978420064938]], [[120.99258791067642, 14.560978420064938], [120.99231080000001, 14.560907799999995], [120.99221980000002, 14.5608851], [120.99151879999998, 14.5607109], [120.990773, 14.560525500000004], [120.9903859, 14.5604293], [120.9902701, 14.560400499999997], [120.98951630000002, 14.5602131], [120.98943620000001, 14.560193199999999]], [[120.98943620000001, 14.560193199999999], [120.98934050000001, 14.560168199999996], [120.98929409999998, 14.560151200000002], [120.98920990000002, 14.560130300000003], [120.98889400000002, 14.560051699999999]], [[120.98889400000002, 14.560051699999999], [120.988485, 14.559944999999997], [120.9875544, 14.559702099999997], [120.9874856, 14.559685599999996], [120.98740059999999, 14.559666200000002], [120.98718198783487, 14.559598078578414]], [[120.98718198783487, 14.559598078578414], [120.98740059999999, 14.559666200000002], [120.98744010000001, 14.5595536], [120.9876621, 14.558921], [120.98756639997964, 14.558878650017302]], [[120.98756639997964, 14.558878650017302], [120.9876621, 14.558921], [120.9878813, 14.558266399999999], [120.98764695848062, 14.558315464657962]], [[120.98764695848062, 14.558315464657962], [120.9878813, 14.558266399999999], [120.98813149999998, 14.5574703], [120.98830090000001, 14.5569294]], [[120.98830090000001, 14.5569294], [120.9884097, 14.556615400000002], [120.9885085, 14.556318900000003], [120.98841164998287, 14.556285100018215]]]}, "properties": {"event_key": "03555ca1d4511ede", "role": "rejected_suggestion", "primary_reason": "deviated: intentional surveyed deviation with a GPS-supported divergence and rejoin", "length_m": 2220.3, "road_names": "Taft Avenue > Pablo Ocampo Street > Roxas Boulevard Service Road"}}, {"type": "Feature", "geometry": {"type": "MultiLineString", "coordinates": [[[120.9952378906122, 14.562595410371378], [120.9950958, 14.5626023], [120.995183, 14.562337700000002], [120.995533, 14.560986999999997], [120.99557209999794, 14.560996400003068]], [[120.99557209999794, 14.560996400003068], [120.995533, 14.560986999999997], [120.9955802, 14.560782300000005], [120.9957141, 14.560180699999995], [120.99575664999769, 14.560190150003631]], [[120.99575664999769, 14.560190150003631], [120.9957141, 14.560180699999995], [120.99519970000001, 14.560100700000003], [120.9948939, 14.560053899999996], [120.99459030000001, 14.560000999999998], [120.99453429999998, 14.559991299999993]], [[120.99453429999998, 14.559991299999993], [120.9929656, 14.559729599999997]], [[120.9929656, 14.559729599999997], [120.99302710000002, 14.559562400000003], [120.9931263, 14.5592673], [120.993189, 14.5590552], [120.99328619999999, 14.5587027]], [[120.99328619999999, 14.5587027], [120.99332300000002, 14.558535399999998], [120.9933859, 14.558247899999996], [120.99343830000001, 14.558011500000001]], [[120.99343830000001, 14.558011500000001], [120.9933154, 14.5579732], [120.9931612, 14.557925199999998], [120.99281980000002, 14.557822599999998], [120.99198049999998, 14.557566199999997]], [[120.99198049999998, 14.557566199999997], [120.9906872, 14.557171099999998], [120.99070145000307, 14.557130300000846]], [[120.99070145000307, 14.557130300000846], [120.9907157, 14.557089500000004], [120.9901243, 14.5568832]], [[120.9901243, 14.5568832], [120.98979020000002, 14.5567664], [120.9897559, 14.5567544]], [[120.9897559, 14.5567544], [120.98943710000002, 14.5566431]], [[120.98943710000002, 14.5566431], [120.98913230000001, 14.556531699999997]], [[120.98913230000001, 14.556531699999997], [120.9885085, 14.556318900000003], [120.98841164998287, 14.556285100018215]]]}, "properties": {"event_key": "aa90381cb281886a", "role": "preferred_observed", "primary_reason": "deviated: intentional surveyed deviation with a GPS-supported divergence and rejoin", "length_m": 1391.7, "road_names": "Taft Avenue > Menlo Street > Leveriza Street > Gotamco Street > E. Rodriguez Street"}}, {"type": "Feature", "geometry": {"type": "MultiLineString", "coordinates": [[[120.9952378906122, 14.562595410371378], [120.99521400000002, 14.5626692], [120.99518680000001, 14.562731400000002], [120.99478090000001, 14.563660699999998], [120.99472050000001, 14.5638015], [120.9944532, 14.564347900000001], [120.99443010000002, 14.564398400000004], [120.99436149998996, 14.56436945000896]], [[120.99436149998996, 14.56436945000896], [120.99443010000002, 14.564398400000004], [120.9943798, 14.564506], [120.99407250000002, 14.5651425], [120.994046, 14.565202700000002], [120.9939889, 14.565330400000006], [120.9939752, 14.565362799999999], [120.9939095999882, 14.565325750007856]], [[120.9939095999882, 14.565325750007856], [120.993844, 14.565288700000002], [120.99394350000001, 14.565084800000001], [120.99396230000002, 14.565044599999997], [120.99408090000001, 14.564795000000004], [120.99424330000001, 14.564450500000003], [120.9942929, 14.5643405], [120.99436149998996, 14.56436945000896]], [[120.99436149998996, 14.56436945000896], [120.9942929, 14.5643405], [120.99431729999999, 14.564290900000001], [120.9943319, 14.564259800000002], [120.9944733, 14.563954199999998], [120.994553, 14.563791099999998], [120.9945788, 14.563741999999998], [120.9946819, 14.563534799999998], [120.99469900000001, 14.5634968], [120.9948357, 14.5632037], [120.99485170000001, 14.563167299999998], [120.9950822, 14.562677500000003], [120.9950958, 14.5626023], [120.9952378906122, 14.562595410371378]], [[120.9952378906122, 14.562595410371378], [120.9950958, 14.5626023], [120.99501990000002, 14.562569999999997], [120.9948096, 14.562454], [120.99435360000001, 14.561757600000005]], [[120.99435360000001, 14.561757600000005], [120.99410229999998, 14.561528800000001], [120.9941596000134, 14.561476450008872]], [[120.9941596000134, 14.561476450008872], [120.99410229999998, 14.561528800000001], [120.9940337, 14.561467800000003], [120.9939538, 14.561401200000002], [120.9938419, 14.561325800000004], [120.9937307, 14.561270399999998], [120.99381133713109, 14.561230570051167]], [[120.99381133713109, 14.561230570051167], [120.9937307, 14.561270399999998], [120.993475, 14.5612274], [120.9932503, 14.561182500000001], [120.9928588, 14.561092899999998], [120.99258791067642, 14.560978420064938]], [[120.99258791067642, 14.560978420064938], [120.99231080000001, 14.560907799999995], [120.99221980000002, 14.5608851], [120.99151879999998, 14.5607109], [120.990773, 14.560525500000004], [120.9903859, 14.5604293], [120.9902701, 14.560400499999997], [120.98951630000002, 14.5602131], [120.98943620000001, 14.560193199999999]], [[120.98943620000001, 14.560193199999999], [120.98934050000001, 14.560168199999996], [120.98929409999998, 14.560151200000002], [120.98920990000002, 14.560130300000003], [120.98889400000002, 14.560051699999999]], [[120.98889400000002, 14.560051699999999], [120.988485, 14.559944999999997], [120.9875544, 14.559702099999997], [120.9874856, 14.559685599999996], [120.98740059999999, 14.559666200000002], [120.98718198783487, 14.559598078578414]], [[120.98718198783487, 14.559598078578414], [120.98740059999999, 14.559666200000002], [120.98744010000001, 14.5595536], [120.9876621, 14.558921], [120.98756639997964, 14.558878650017302]], [[120.98756639997964, 14.558878650017302], [120.9876621, 14.558921], [120.9878813, 14.558266399999999], [120.98764695848062, 14.558315464657962]], [[120.98764695848062, 14.558315464657962], [120.9878813, 14.558266399999999], [120.98813149999998, 14.5574703], [120.98830090000001, 14.5569294]], [[120.98830090000001, 14.5569294], [120.9884097, 14.556615400000002], [120.9885085, 14.556318900000003], [120.98841164998287, 14.556285100018215]]]}, "properties": {"event_key": "aa90381cb281886a", "role": "rejected_suggestion", "primary_reason": "deviated: intentional surveyed deviation with a GPS-supported divergence and rejoin", "length_m": 2220.3, "road_names": "Taft Avenue > Pablo Ocampo Street > Roxas Boulevard Service Road"}}, {"type": "Feature", "geometry": {"type": "MultiLineString", "coordinates": [[[120.9985119, 14.563191300000002], [120.99862620000002, 14.5627993], [120.99878620000001, 14.562398600000002], [120.9989393, 14.562075], [120.99898630000001, 14.5620153], [120.99904959999999, 14.5619551]], [[120.99904959999999, 14.5619551], [120.999092, 14.5619979], [120.999401, 14.562309800000001]], [[120.999401, 14.562309800000001], [120.9996588, 14.562570100000002]], [[120.9996588, 14.562570100000002], [120.999921, 14.562834799999994]], [[120.999921, 14.562834799999994], [121.00020790000002, 14.5630774]], [[121.00020790000002, 14.5630774], [121.00045769999998, 14.5633449]], [[121.00045769999998, 14.5633449], [121.00071260000001, 14.5635872]], [[121.00071260000001, 14.5635872], [121.0007428, 14.5636156], [121.0009669, 14.563840599999997]]]}, "properties": {"event_key": "498bdcc6ef0bffd7", "role": "preferred_observed", "primary_reason": "deviated: intentional surveyed deviation with a GPS-supported divergence and rejoin", "length_m": 444.9, "road_names": "Arellano Avenue > Zobel Roxas Street"}}, {"type": "Feature", "geometry": {"type": "MultiLineString", "coordinates": [[[120.9985119, 14.563191300000002], [120.9988721, 14.5633467]], [[120.9988721, 14.5633467], [120.99918850000002, 14.5635076]], [[120.99918850000002, 14.5635076], [120.999523, 14.563677600000002]], [[120.999523, 14.563677600000002], [120.9998118, 14.563824399999998]], [[120.9998118, 14.563824399999998], [121.0001292, 14.563985699999998]], [[121.0001292, 14.563985699999998], [121.00044079999999, 14.564144100000002]], [[121.00044079999999, 14.564144100000002], [121.00072790000002, 14.564289999999998]], [[121.00072790000002, 14.564289999999998], [121.0009669, 14.563840599999997]]]}, "properties": {"event_key": "498bdcc6ef0bffd7", "role": "rejected_suggestion", "primary_reason": "deviated: intentional surveyed deviation with a GPS-supported divergence and rejoin", "length_m": 324.2, "road_names": "A. Roxas Street > Dian Street"}}, {"type": "Feature", "geometry": {"type": "MultiLineString", "coordinates": [[[120.9952378906122, 14.562595410371378], [120.9950958, 14.5626023], [120.995183, 14.562337700000002], [120.995533, 14.560986999999997], [120.99557209999794, 14.560996400003068]], [[120.99557209999794, 14.560996400003068], [120.995533, 14.560986999999997], [120.9955802, 14.560782300000005], [120.9957141, 14.560180699999995], [120.99575664999769, 14.560190150003631]], [[120.99575664999769, 14.560190150003631], [120.9957141, 14.560180699999995], [120.99519970000001, 14.560100700000003], [120.9948939, 14.560053899999996], [120.99459030000001, 14.560000999999998], [120.99453429999998, 14.559991299999993]], [[120.99453429999998, 14.559991299999993], [120.9929656, 14.559729599999997]], [[120.9929656, 14.559729599999997], [120.99302710000002, 14.559562400000003], [120.9931263, 14.5592673], [120.993189, 14.5590552], [120.99328619999999, 14.5587027]], [[120.99328619999999, 14.5587027], [120.99332300000002, 14.558535399999998], [120.9933859, 14.558247899999996], [120.99343830000001, 14.558011500000001]], [[120.99343830000001, 14.558011500000001], [120.9933154, 14.5579732], [120.9931612, 14.557925199999998], [120.99281980000002, 14.557822599999998], [120.99198049999998, 14.557566199999997]], [[120.99198049999998, 14.557566199999997], [120.9906872, 14.557171099999998], [120.99070145000307, 14.557130300000846]], [[120.99070145000307, 14.557130300000846], [120.9907157, 14.557089500000004], [120.9901243, 14.5568832]], [[120.9901243, 14.5568832], [120.98979020000002, 14.5567664], [120.9897559, 14.5567544]], [[120.9897559, 14.5567544], [120.98943710000002, 14.5566431]], [[120.98943710000002, 14.5566431], [120.98913230000001, 14.556531699999997]], [[120.98913230000001, 14.556531699999997], [120.9885085, 14.556318900000003], [120.98841164998287, 14.556285100018215]]]}, "properties": {"event_key": "189d8964ff3ab015", "role": "preferred_observed", "primary_reason": "deviated: intentional surveyed deviation with a GPS-supported divergence and rejoin", "length_m": 1391.7, "road_names": "Taft Avenue > Menlo Street > Leveriza Street > Gotamco Street > E. Rodriguez Street"}}, {"type": "Feature", "geometry": {"type": "MultiLineString", "coordinates": [[[120.9952378906122, 14.562595410371378], [120.99521400000002, 14.5626692], [120.99518680000001, 14.562731400000002], [120.99478090000001, 14.563660699999998], [120.99472050000001, 14.5638015], [120.9944532, 14.564347900000001], [120.99443010000002, 14.564398400000004], [120.99436149998996, 14.56436945000896]], [[120.99436149998996, 14.56436945000896], [120.99443010000002, 14.564398400000004], [120.9943798, 14.564506], [120.99407250000002, 14.5651425], [120.994046, 14.565202700000002], [120.9939889, 14.565330400000006], [120.9939752, 14.565362799999999], [120.9939095999882, 14.565325750007856]], [[120.9939095999882, 14.565325750007856], [120.993844, 14.565288700000002], [120.99394350000001, 14.565084800000001], [120.99396230000002, 14.565044599999997], [120.99408090000001, 14.564795000000004], [120.99424330000001, 14.564450500000003], [120.9942929, 14.5643405], [120.99436149998996, 14.56436945000896]], [[120.99436149998996, 14.56436945000896], [120.9942929, 14.5643405], [120.99431729999999, 14.564290900000001], [120.9943319, 14.564259800000002], [120.9944733, 14.563954199999998], [120.994553, 14.563791099999998], [120.9945788, 14.563741999999998], [120.9946819, 14.563534799999998], [120.99469900000001, 14.5634968], [120.9948357, 14.5632037], [120.99485170000001, 14.563167299999998], [120.9950822, 14.562677500000003], [120.9950958, 14.5626023], [120.9952378906122, 14.562595410371378]], [[120.9952378906122, 14.562595410371378], [120.9950958, 14.5626023], [120.99501990000002, 14.562569999999997], [120.9948096, 14.562454], [120.99435360000001, 14.561757600000005]], [[120.99435360000001, 14.561757600000005], [120.99410229999998, 14.561528800000001], [120.9941596000134, 14.561476450008872]], [[120.9941596000134, 14.561476450008872], [120.99410229999998, 14.561528800000001], [120.9940337, 14.561467800000003], [120.9939538, 14.561401200000002], [120.9938419, 14.561325800000004], [120.9937307, 14.561270399999998], [120.99381133713109, 14.561230570051167]], [[120.99381133713109, 14.561230570051167], [120.9937307, 14.561270399999998], [120.993475, 14.5612274], [120.9932503, 14.561182500000001], [120.9928588, 14.561092899999998], [120.99258791067642, 14.560978420064938]], [[120.99258791067642, 14.560978420064938], [120.99231080000001, 14.560907799999995], [120.99221980000002, 14.5608851], [120.99151879999998, 14.5607109], [120.990773, 14.560525500000004], [120.9903859, 14.5604293], [120.9902701, 14.560400499999997], [120.98951630000002, 14.5602131], [120.98943620000001, 14.560193199999999]], [[120.98943620000001, 14.560193199999999], [120.98934050000001, 14.560168199999996], [120.98929409999998, 14.560151200000002], [120.98920990000002, 14.560130300000003], [120.98889400000002, 14.560051699999999]], [[120.98889400000002, 14.560051699999999], [120.988485, 14.559944999999997], [120.9875544, 14.559702099999997], [120.9874856, 14.559685599999996], [120.98740059999999, 14.559666200000002], [120.98718198783487, 14.559598078578414]], [[120.98718198783487, 14.559598078578414], [120.98740059999999, 14.559666200000002], [120.98744010000001, 14.5595536], [120.9876621, 14.558921], [120.98756639997964, 14.558878650017302]], [[120.98756639997964, 14.558878650017302], [120.9876621, 14.558921], [120.9878813, 14.558266399999999], [120.98764695848062, 14.558315464657962]], [[120.98764695848062, 14.558315464657962], [120.9878813, 14.558266399999999], [120.98813149999998, 14.5574703], [120.98830090000001, 14.5569294]], [[120.98830090000001, 14.5569294], [120.9884097, 14.556615400000002], [120.9885085, 14.556318900000003], [120.98841164998287, 14.556285100018215]]]}, "properties": {"event_key": "189d8964ff3ab015", "role": "rejected_suggestion", "primary_reason": "deviated: intentional surveyed deviation with a GPS-supported divergence and rejoin", "length_m": 2220.3, "road_names": "Taft Avenue > Pablo Ocampo Street > Roxas Boulevard Service Road"}}, {"type": "Feature", "geometry": {"type": "MultiLineString", "coordinates": [[[120.9985119, 14.563191300000002], [120.99862620000002, 14.5627993], [120.99878620000001, 14.562398600000002], [120.9989393, 14.562075], [120.99898630000001, 14.5620153], [120.99904959999999, 14.5619551]], [[120.99904959999999, 14.5619551], [120.999092, 14.5619979], [120.999401, 14.562309800000001]], [[120.999401, 14.562309800000001], [120.9996588, 14.562570100000002]], [[120.9996588, 14.562570100000002], [120.999921, 14.562834799999994]], [[120.999921, 14.562834799999994], [121.00020790000002, 14.5630774]], [[121.00020790000002, 14.5630774], [121.00045769999998, 14.5633449]], [[121.00045769999998, 14.5633449], [121.00071260000001, 14.5635872]], [[121.00071260000001, 14.5635872], [121.0007428, 14.5636156], [121.0009669, 14.563840599999997]]]}, "properties": {"event_key": "3bd056dac1f94096", "role": "preferred_observed", "primary_reason": "deviated: intentional surveyed deviation with a GPS-supported divergence and rejoin", "length_m": 444.9, "road_names": "Arellano Avenue > Zobel Roxas Street"}}, {"type": "Feature", "geometry": {"type": "MultiLineString", "coordinates": [[[120.9985119, 14.563191300000002], [120.9988721, 14.5633467]], [[120.9988721, 14.5633467], [120.99918850000002, 14.5635076]], [[120.99918850000002, 14.5635076], [120.999523, 14.563677600000002]], [[120.999523, 14.563677600000002], [120.9998118, 14.563824399999998]], [[120.9998118, 14.563824399999998], [121.0001292, 14.563985699999998]], [[121.0001292, 14.563985699999998], [121.00044079999999, 14.564144100000002]], [[121.00044079999999, 14.564144100000002], [121.00072790000002, 14.564289999999998]], [[121.00072790000002, 14.564289999999998], [121.0009669, 14.563840599999997]]]}, "properties": {"event_key": "3bd056dac1f94096", "role": "rejected_suggestion", "primary_reason": "deviated: intentional surveyed deviation with a GPS-supported divergence and rejoin", "length_m": 324.2, "road_names": "A. Roxas Street > Dian Street"}}, {"type": "Feature", "geometry": {"type": "MultiLineString", "coordinates": [[[120.9952378906122, 14.562595410371378], [120.9950958, 14.5626023], [120.995183, 14.562337700000002], [120.995533, 14.560986999999997], [120.99557209999794, 14.560996400003068]], [[120.99557209999794, 14.560996400003068], [120.995533, 14.560986999999997], [120.9955802, 14.560782300000005], [120.9957141, 14.560180699999995], [120.99575664999769, 14.560190150003631]], [[120.99575664999769, 14.560190150003631], [120.9957141, 14.560180699999995], [120.99519970000001, 14.560100700000003], [120.9948939, 14.560053899999996], [120.99459030000001, 14.560000999999998], [120.99453429999998, 14.559991299999993]], [[120.99453429999998, 14.559991299999993], [120.9929656, 14.559729599999997]], [[120.9929656, 14.559729599999997], [120.99302710000002, 14.559562400000003], [120.9931263, 14.5592673], [120.993189, 14.5590552], [120.99328619999999, 14.5587027]], [[120.99328619999999, 14.5587027], [120.99332300000002, 14.558535399999998], [120.9933859, 14.558247899999996], [120.99343830000001, 14.558011500000001]], [[120.99343830000001, 14.558011500000001], [120.9933154, 14.5579732], [120.9931612, 14.557925199999998], [120.99281980000002, 14.557822599999998], [120.99198049999998, 14.557566199999997]], [[120.99198049999998, 14.557566199999997], [120.9906872, 14.557171099999998], [120.99070145000307, 14.557130300000846]], [[120.99070145000307, 14.557130300000846], [120.9907157, 14.557089500000004], [120.9901243, 14.5568832]], [[120.9901243, 14.5568832], [120.98979020000002, 14.5567664], [120.9897559, 14.5567544]], [[120.9897559, 14.5567544], [120.98943710000002, 14.5566431]], [[120.98943710000002, 14.5566431], [120.98913230000001, 14.556531699999997]], [[120.98913230000001, 14.556531699999997], [120.9885085, 14.556318900000003], [120.98841164998287, 14.556285100018215]]]}, "properties": {"event_key": "bf6f67f2effbb135", "role": "preferred_observed", "primary_reason": "deviated: intentional surveyed deviation with a GPS-supported divergence and rejoin", "length_m": 1391.7, "road_names": "Taft Avenue > Menlo Street > Leveriza Street > Gotamco Street > E. Rodriguez Street"}}, {"type": "Feature", "geometry": {"type": "MultiLineString", "coordinates": [[[120.9952378906122, 14.562595410371378], [120.99521400000002, 14.5626692], [120.99518680000001, 14.562731400000002], [120.99478090000001, 14.563660699999998], [120.99472050000001, 14.5638015], [120.9944532, 14.564347900000001], [120.99443010000002, 14.564398400000004], [120.99436149998996, 14.56436945000896]], [[120.99436149998996, 14.56436945000896], [120.99443010000002, 14.564398400000004], [120.9943798, 14.564506], [120.99407250000002, 14.5651425], [120.994046, 14.565202700000002], [120.9939889, 14.565330400000006], [120.9939752, 14.565362799999999], [120.9939095999882, 14.565325750007856]], [[120.9939095999882, 14.565325750007856], [120.993844, 14.565288700000002], [120.99394350000001, 14.565084800000001], [120.99396230000002, 14.565044599999997], [120.99408090000001, 14.564795000000004], [120.99424330000001, 14.564450500000003], [120.9942929, 14.5643405], [120.99436149998996, 14.56436945000896]], [[120.99436149998996, 14.56436945000896], [120.9942929, 14.5643405], [120.99431729999999, 14.564290900000001], [120.9943319, 14.564259800000002], [120.9944733, 14.563954199999998], [120.994553, 14.563791099999998], [120.9945788, 14.563741999999998], [120.9946819, 14.563534799999998], [120.99469900000001, 14.5634968], [120.9948357, 14.5632037], [120.99485170000001, 14.563167299999998], [120.9950822, 14.562677500000003], [120.9950958, 14.5626023], [120.9952378906122, 14.562595410371378]], [[120.9952378906122, 14.562595410371378], [120.9950958, 14.5626023], [120.99501990000002, 14.562569999999997], [120.9948096, 14.562454], [120.99435360000001, 14.561757600000005]], [[120.99435360000001, 14.561757600000005], [120.99410229999998, 14.561528800000001], [120.9941596000134, 14.561476450008872]], [[120.9941596000134, 14.561476450008872], [120.99410229999998, 14.561528800000001], [120.9940337, 14.561467800000003], [120.9939538, 14.561401200000002], [120.9938419, 14.561325800000004], [120.9937307, 14.561270399999998], [120.99381133713109, 14.561230570051167]], [[120.99381133713109, 14.561230570051167], [120.9937307, 14.561270399999998], [120.993475, 14.5612274], [120.9932503, 14.561182500000001], [120.9928588, 14.561092899999998], [120.99258791067642, 14.560978420064938]], [[120.99258791067642, 14.560978420064938], [120.99231080000001, 14.560907799999995], [120.99221980000002, 14.5608851], [120.99151879999998, 14.5607109], [120.990773, 14.560525500000004], [120.9903859, 14.5604293], [120.9902701, 14.560400499999997], [120.98951630000002, 14.5602131], [120.98943620000001, 14.560193199999999]], [[120.98943620000001, 14.560193199999999], [120.98934050000001, 14.560168199999996], [120.98929409999998, 14.560151200000002], [120.98920990000002, 14.560130300000003], [120.98889400000002, 14.560051699999999]], [[120.98889400000002, 14.560051699999999], [120.988485, 14.559944999999997], [120.9875544, 14.559702099999997], [120.9874856, 14.559685599999996], [120.98740059999999, 14.559666200000002], [120.98718198783487, 14.559598078578414]], [[120.98718198783487, 14.559598078578414], [120.98740059999999, 14.559666200000002], [120.98744010000001, 14.5595536], [120.9876621, 14.558921], [120.98756639997964, 14.558878650017302]], [[120.98756639997964, 14.558878650017302], [120.9876621, 14.558921], [120.9878813, 14.558266399999999], [120.98764695848062, 14.558315464657962]], [[120.98764695848062, 14.558315464657962], [120.9878813, 14.558266399999999], [120.98813149999998, 14.5574703], [120.98830090000001, 14.5569294]], [[120.98830090000001, 14.5569294], [120.9884097, 14.556615400000002], [120.9885085, 14.556318900000003], [120.98841164998287, 14.556285100018215]]]}, "properties": {"event_key": "bf6f67f2effbb135", "role": "rejected_suggestion", "primary_reason": "deviated: intentional surveyed deviation with a GPS-supported divergence and rejoin", "length_m": 2220.3, "road_names": "Taft Avenue > Pablo Ocampo Street > Roxas Boulevard Service Road"}}, {"type": "Feature", "geometry": {"type": "MultiLineString", "coordinates": [[[120.9985119, 14.563191300000002], [120.99862620000002, 14.5627993], [120.99878620000001, 14.562398600000002], [120.9989393, 14.562075], [120.99898630000001, 14.5620153], [120.99904959999999, 14.5619551]], [[120.99904959999999, 14.5619551], [120.999092, 14.5619979], [120.999401, 14.562309800000001]], [[120.999401, 14.562309800000001], [120.9996588, 14.562570100000002]], [[120.9996588, 14.562570100000002], [120.999921, 14.562834799999994]], [[120.999921, 14.562834799999994], [121.00020790000002, 14.5630774]], [[121.00020790000002, 14.5630774], [121.00045769999998, 14.5633449]], [[121.00045769999998, 14.5633449], [121.00071260000001, 14.5635872]], [[121.00071260000001, 14.5635872], [121.0007428, 14.5636156], [121.0009669, 14.563840599999997]]]}, "properties": {"event_key": "f3eba6b726ab621b", "role": "preferred_observed", "primary_reason": "deviated: intentional surveyed deviation with a GPS-supported divergence and rejoin", "length_m": 444.9, "road_names": "Arellano Avenue > Zobel Roxas Street"}}, {"type": "Feature", "geometry": {"type": "MultiLineString", "coordinates": [[[120.9985119, 14.563191300000002], [120.9988721, 14.5633467]], [[120.9988721, 14.5633467], [120.99918850000002, 14.5635076]], [[120.99918850000002, 14.5635076], [120.999523, 14.563677600000002]], [[120.999523, 14.563677600000002], [120.9998118, 14.563824399999998]], [[120.9998118, 14.563824399999998], [121.0001292, 14.563985699999998]], [[121.0001292, 14.563985699999998], [121.00044079999999, 14.564144100000002]], [[121.00044079999999, 14.564144100000002], [121.00072790000002, 14.564289999999998]], [[121.00072790000002, 14.564289999999998], [121.0009669, 14.563840599999997]]]}, "properties": {"event_key": "f3eba6b726ab621b", "role": "rejected_suggestion", "primary_reason": "deviated: intentional surveyed deviation with a GPS-supported divergence and rejoin", "length_m": 324.2, "road_names": "A. Roxas Street > Dian Street"}}, {"type": "Feature", "geometry": {"type": "MultiLineString", "coordinates": [[[120.9985119, 14.563191300000002], [120.99862620000002, 14.5627993], [120.99878620000001, 14.562398600000002], [120.9989393, 14.562075], [120.99898630000001, 14.5620153], [120.99904959999999, 14.5619551]], [[120.99904959999999, 14.5619551], [120.999092, 14.5619979], [120.999401, 14.562309800000001]], [[120.999401, 14.562309800000001], [120.9996588, 14.562570100000002]], [[120.9996588, 14.562570100000002], [120.999921, 14.562834799999994]], [[120.999921, 14.562834799999994], [121.00020790000002, 14.5630774]], [[121.00020790000002, 14.5630774], [121.00045769999998, 14.5633449]], [[121.00045769999998, 14.5633449], [121.00071260000001, 14.5635872]], [[121.00071260000001, 14.5635872], [121.0007428, 14.5636156], [121.0009669, 14.563840599999997]]]}, "properties": {"event_key": "78c02a2944ed8bae", "role": "preferred_observed", "primary_reason": "deviated: intentional surveyed deviation with a GPS-supported divergence and rejoin", "length_m": 444.9, "road_names": "Arellano Avenue > Zobel Roxas Street"}}, {"type": "Feature", "geometry": {"type": "MultiLineString", "coordinates": [[[120.9985119, 14.563191300000002], [120.9988721, 14.5633467]], [[120.9988721, 14.5633467], [120.99918850000002, 14.5635076]], [[120.99918850000002, 14.5635076], [120.999523, 14.563677600000002]], [[120.999523, 14.563677600000002], [120.9998118, 14.563824399999998]], [[120.9998118, 14.563824399999998], [121.0001292, 14.563985699999998]], [[121.0001292, 14.563985699999998], [121.00044079999999, 14.564144100000002]], [[121.00044079999999, 14.564144100000002], [121.00072790000002, 14.564289999999998]], [[121.00072790000002, 14.564289999999998], [121.0009669, 14.563840599999997]]]}, "properties": {"event_key": "78c02a2944ed8bae", "role": "rejected_suggestion", "primary_reason": "deviated: intentional surveyed deviation with a GPS-supported divergence and rejoin", "length_m": 324.2, "road_names": "A. Roxas Street > Dian Street"}}, {"type": "Feature", "geometry": {"type": "MultiLineString", "coordinates": [[[120.9952378906122, 14.562595410371378], [120.9950958, 14.5626023], [120.995183, 14.562337700000002], [120.995533, 14.560986999999997], [120.99557209999794, 14.560996400003068]], [[120.99557209999794, 14.560996400003068], [120.995533, 14.560986999999997], [120.9955802, 14.560782300000005], [120.9957141, 14.560180699999995], [120.99575664999769, 14.560190150003631]], [[120.99575664999769, 14.560190150003631], [120.9957141, 14.560180699999995], [120.99519970000001, 14.560100700000003], [120.9948939, 14.560053899999996], [120.99459030000001, 14.560000999999998], [120.99453429999998, 14.559991299999993]], [[120.99453429999998, 14.559991299999993], [120.9929656, 14.559729599999997]], [[120.9929656, 14.559729599999997], [120.99302710000002, 14.559562400000003], [120.9931263, 14.5592673], [120.993189, 14.5590552], [120.99328619999999, 14.5587027]], [[120.99328619999999, 14.5587027], [120.99332300000002, 14.558535399999998], [120.9933859, 14.558247899999996], [120.99343830000001, 14.558011500000001]], [[120.99343830000001, 14.558011500000001], [120.9933154, 14.5579732], [120.9931612, 14.557925199999998], [120.99281980000002, 14.557822599999998], [120.99198049999998, 14.557566199999997]], [[120.99198049999998, 14.557566199999997], [120.9906872, 14.557171099999998], [120.99070145000307, 14.557130300000846]], [[120.99070145000307, 14.557130300000846], [120.9907157, 14.557089500000004], [120.9901243, 14.5568832]], [[120.9901243, 14.5568832], [120.98979020000002, 14.5567664], [120.9897559, 14.5567544]], [[120.9897559, 14.5567544], [120.98943710000002, 14.5566431]], [[120.98943710000002, 14.5566431], [120.98913230000001, 14.556531699999997]], [[120.98913230000001, 14.556531699999997], [120.9885085, 14.556318900000003], [120.98841164998287, 14.556285100018215]]]}, "properties": {"event_key": "b35d43cd16d17e26", "role": "preferred_observed", "primary_reason": "deviated: intentional surveyed deviation with a GPS-supported divergence and rejoin", "length_m": 1391.7, "road_names": "Taft Avenue > Menlo Street > Leveriza Street > Gotamco Street > E. Rodriguez Street"}}, {"type": "Feature", "geometry": {"type": "MultiLineString", "coordinates": [[[120.9952378906122, 14.562595410371378], [120.99521400000002, 14.5626692], [120.99518680000001, 14.562731400000002], [120.99478090000001, 14.563660699999998], [120.99472050000001, 14.5638015], [120.9944532, 14.564347900000001], [120.99443010000002, 14.564398400000004], [120.99436149998996, 14.56436945000896]], [[120.99436149998996, 14.56436945000896], [120.99443010000002, 14.564398400000004], [120.9943798, 14.564506], [120.99407250000002, 14.5651425], [120.994046, 14.565202700000002], [120.9939889, 14.565330400000006], [120.9939752, 14.565362799999999], [120.9939095999882, 14.565325750007856]], [[120.9939095999882, 14.565325750007856], [120.993844, 14.565288700000002], [120.99394350000001, 14.565084800000001], [120.99396230000002, 14.565044599999997], [120.99408090000001, 14.564795000000004], [120.99424330000001, 14.564450500000003], [120.9942929, 14.5643405], [120.99436149998996, 14.56436945000896]], [[120.99436149998996, 14.56436945000896], [120.9942929, 14.5643405], [120.99431729999999, 14.564290900000001], [120.9943319, 14.564259800000002], [120.9944733, 14.563954199999998], [120.994553, 14.563791099999998], [120.9945788, 14.563741999999998], [120.9946819, 14.563534799999998], [120.99469900000001, 14.5634968], [120.9948357, 14.5632037], [120.99485170000001, 14.563167299999998], [120.9950822, 14.562677500000003], [120.9950958, 14.5626023], [120.9952378906122, 14.562595410371378]], [[120.9952378906122, 14.562595410371378], [120.9950958, 14.5626023], [120.99501990000002, 14.562569999999997], [120.9948096, 14.562454], [120.99435360000001, 14.561757600000005]], [[120.99435360000001, 14.561757600000005], [120.99410229999998, 14.561528800000001], [120.9941596000134, 14.561476450008872]], [[120.9941596000134, 14.561476450008872], [120.99410229999998, 14.561528800000001], [120.9940337, 14.561467800000003], [120.9939538, 14.561401200000002], [120.9938419, 14.561325800000004], [120.9937307, 14.561270399999998], [120.99381133713109, 14.561230570051167]], [[120.99381133713109, 14.561230570051167], [120.9937307, 14.561270399999998], [120.993475, 14.5612274], [120.9932503, 14.561182500000001], [120.9928588, 14.561092899999998], [120.99258791067642, 14.560978420064938]], [[120.99258791067642, 14.560978420064938], [120.99231080000001, 14.560907799999995], [120.99221980000002, 14.5608851], [120.99151879999998, 14.5607109], [120.990773, 14.560525500000004], [120.9903859, 14.5604293], [120.9902701, 14.560400499999997], [120.98951630000002, 14.5602131], [120.98943620000001, 14.560193199999999]], [[120.98943620000001, 14.560193199999999], [120.98934050000001, 14.560168199999996], [120.98929409999998, 14.560151200000002], [120.98920990000002, 14.560130300000003], [120.98889400000002, 14.560051699999999]], [[120.98889400000002, 14.560051699999999], [120.988485, 14.559944999999997], [120.9875544, 14.559702099999997], [120.9874856, 14.559685599999996], [120.98740059999999, 14.559666200000002], [120.98718198783487, 14.559598078578414]], [[120.98718198783487, 14.559598078578414], [120.98740059999999, 14.559666200000002], [120.98744010000001, 14.5595536], [120.9876621, 14.558921], [120.98756639997964, 14.558878650017302]], [[120.98756639997964, 14.558878650017302], [120.9876621, 14.558921], [120.9878813, 14.558266399999999], [120.98764695848062, 14.558315464657962]], [[120.98764695848062, 14.558315464657962], [120.9878813, 14.558266399999999], [120.98813149999998, 14.5574703], [120.98830090000001, 14.5569294]], [[120.98830090000001, 14.5569294], [120.9884097, 14.556615400000002], [120.9885085, 14.556318900000003], [120.98841164998287, 14.556285100018215]]]}, "properties": {"event_key": "b35d43cd16d17e26", "role": "rejected_suggestion", "primary_reason": "deviated: intentional surveyed deviation with a GPS-supported divergence and rejoin", "length_m": 2220.3, "road_names": "Taft Avenue > Pablo Ocampo Street > Roxas Boulevard Service Road"}}, {"type": "Feature", "geometry": {"type": "MultiLineString", "coordinates": [[[120.9985119, 14.563191300000002], [120.99862620000002, 14.5627993], [120.99878620000001, 14.562398600000002], [120.9989393, 14.562075], [120.99898630000001, 14.5620153], [120.99904959999999, 14.5619551]], [[120.99904959999999, 14.5619551], [120.999092, 14.5619979], [120.999401, 14.562309800000001]], [[120.999401, 14.562309800000001], [120.9996588, 14.562570100000002]], [[120.9996588, 14.562570100000002], [120.999921, 14.562834799999994]], [[120.999921, 14.562834799999994], [121.00020790000002, 14.5630774]], [[121.00020790000002, 14.5630774], [121.00045769999998, 14.5633449]], [[121.00045769999998, 14.5633449], [121.00071260000001, 14.5635872]], [[121.00071260000001, 14.5635872], [121.0007428, 14.5636156], [121.0009669, 14.563840599999997]]]}, "properties": {"event_key": "69d542fb5a3c76d9", "role": "preferred_observed", "primary_reason": "deviated: intentional surveyed deviation with a GPS-supported divergence and rejoin", "length_m": 444.9, "road_names": "Arellano Avenue > Zobel Roxas Street"}}, {"type": "Feature", "geometry": {"type": "MultiLineString", "coordinates": [[[120.9985119, 14.563191300000002], [120.9988721, 14.5633467]], [[120.9988721, 14.5633467], [120.99918850000002, 14.5635076]], [[120.99918850000002, 14.5635076], [120.999523, 14.563677600000002]], [[120.999523, 14.563677600000002], [120.9998118, 14.563824399999998]], [[120.9998118, 14.563824399999998], [121.0001292, 14.563985699999998]], [[121.0001292, 14.563985699999998], [121.00044079999999, 14.564144100000002]], [[121.00044079999999, 14.564144100000002], [121.00072790000002, 14.564289999999998]], [[121.00072790000002, 14.564289999999998], [121.0009669, 14.563840599999997]]]}, "properties": {"event_key": "69d542fb5a3c76d9", "role": "rejected_suggestion", "primary_reason": "deviated: intentional surveyed deviation with a GPS-supported divergence and rejoin", "length_m": 324.2, "road_names": "A. Roxas Street > Dian Street"}}, {"type": "Feature", "geometry": {"type": "MultiLineString", "coordinates": [[[120.9952378906122, 14.562595410371378], [120.9950958, 14.5626023], [120.995183, 14.562337700000002], [120.995533, 14.560986999999997], [120.99557209999794, 14.560996400003068]], [[120.99557209999794, 14.560996400003068], [120.995533, 14.560986999999997], [120.9955802, 14.560782300000005], [120.9957141, 14.560180699999995], [120.99575664999769, 14.560190150003631]], [[120.99575664999769, 14.560190150003631], [120.9957141, 14.560180699999995], [120.99519970000001, 14.560100700000003], [120.9948939, 14.560053899999996], [120.99459030000001, 14.560000999999998], [120.99453429999998, 14.559991299999993]], [[120.99453429999998, 14.559991299999993], [120.9929656, 14.559729599999997]], [[120.9929656, 14.559729599999997], [120.99302710000002, 14.559562400000003], [120.9931263, 14.5592673], [120.993189, 14.5590552], [120.99328619999999, 14.5587027]], [[120.99328619999999, 14.5587027], [120.99332300000002, 14.558535399999998], [120.9933859, 14.558247899999996], [120.99343830000001, 14.558011500000001]], [[120.99343830000001, 14.558011500000001], [120.9933154, 14.5579732], [120.9931612, 14.557925199999998], [120.99281980000002, 14.557822599999998], [120.99198049999998, 14.557566199999997]], [[120.99198049999998, 14.557566199999997], [120.9906872, 14.557171099999998], [120.99070145000307, 14.557130300000846]], [[120.99070145000307, 14.557130300000846], [120.9907157, 14.557089500000004], [120.9901243, 14.5568832]], [[120.9901243, 14.5568832], [120.98979020000002, 14.5567664], [120.9897559, 14.5567544]], [[120.9897559, 14.5567544], [120.98943710000002, 14.5566431]], [[120.98943710000002, 14.5566431], [120.98913230000001, 14.556531699999997]], [[120.98913230000001, 14.556531699999997], [120.9885085, 14.556318900000003], [120.98841164998287, 14.556285100018215]]]}, "properties": {"event_key": "dd2d7bfd30e0324d", "role": "preferred_observed", "primary_reason": "deviated: intentional surveyed deviation with a GPS-supported divergence and rejoin", "length_m": 1391.7, "road_names": "Taft Avenue > Menlo Street > Leveriza Street > Gotamco Street > E. Rodriguez Street"}}, {"type": "Feature", "geometry": {"type": "MultiLineString", "coordinates": [[[120.9952378906122, 14.562595410371378], [120.99521400000002, 14.5626692], [120.99518680000001, 14.562731400000002], [120.99478090000001, 14.563660699999998], [120.99472050000001, 14.5638015], [120.9944532, 14.564347900000001], [120.99443010000002, 14.564398400000004], [120.99436149998996, 14.56436945000896]], [[120.99436149998996, 14.56436945000896], [120.99443010000002, 14.564398400000004], [120.9943798, 14.564506], [120.99407250000002, 14.5651425], [120.994046, 14.565202700000002], [120.9939889, 14.565330400000006], [120.9939752, 14.565362799999999], [120.9939095999882, 14.565325750007856]], [[120.9939095999882, 14.565325750007856], [120.993844, 14.565288700000002], [120.99394350000001, 14.565084800000001], [120.99396230000002, 14.565044599999997], [120.99408090000001, 14.564795000000004], [120.99424330000001, 14.564450500000003], [120.9942929, 14.5643405], [120.99436149998996, 14.56436945000896]], [[120.99436149998996, 14.56436945000896], [120.9942929, 14.5643405], [120.99431729999999, 14.564290900000001], [120.9943319, 14.564259800000002], [120.9944733, 14.563954199999998], [120.994553, 14.563791099999998], [120.9945788, 14.563741999999998], [120.9946819, 14.563534799999998], [120.99469900000001, 14.5634968], [120.9948357, 14.5632037], [120.99485170000001, 14.563167299999998], [120.9950822, 14.562677500000003], [120.9950958, 14.5626023], [120.9952378906122, 14.562595410371378]], [[120.9952378906122, 14.562595410371378], [120.9950958, 14.5626023], [120.99501990000002, 14.562569999999997], [120.9948096, 14.562454], [120.99435360000001, 14.561757600000005]], [[120.99435360000001, 14.561757600000005], [120.99410229999998, 14.561528800000001], [120.9941596000134, 14.561476450008872]], [[120.9941596000134, 14.561476450008872], [120.99410229999998, 14.561528800000001], [120.9940337, 14.561467800000003], [120.9939538, 14.561401200000002], [120.9938419, 14.561325800000004], [120.9937307, 14.561270399999998], [120.99381133713109, 14.561230570051167]], [[120.99381133713109, 14.561230570051167], [120.9937307, 14.561270399999998], [120.993475, 14.5612274], [120.9932503, 14.561182500000001], [120.9928588, 14.561092899999998], [120.99258791067642, 14.560978420064938]], [[120.99258791067642, 14.560978420064938], [120.99231080000001, 14.560907799999995], [120.99221980000002, 14.5608851], [120.99151879999998, 14.5607109], [120.990773, 14.560525500000004], [120.9903859, 14.5604293], [120.9902701, 14.560400499999997], [120.98951630000002, 14.5602131], [120.98943620000001, 14.560193199999999]], [[120.98943620000001, 14.560193199999999], [120.98934050000001, 14.560168199999996], [120.98929409999998, 14.560151200000002], [120.98920990000002, 14.560130300000003], [120.98889400000002, 14.560051699999999]], [[120.98889400000002, 14.560051699999999], [120.988485, 14.559944999999997], [120.9875544, 14.559702099999997], [120.9874856, 14.559685599999996], [120.98740059999999, 14.559666200000002], [120.98718198783487, 14.559598078578414]], [[120.98718198783487, 14.559598078578414], [120.98740059999999, 14.559666200000002], [120.98744010000001, 14.5595536], [120.9876621, 14.558921], [120.98756639997964, 14.558878650017302]], [[120.98756639997964, 14.558878650017302], [120.9876621, 14.558921], [120.9878813, 14.558266399999999], [120.98764695848062, 14.558315464657962]], [[120.98764695848062, 14.558315464657962], [120.9878813, 14.558266399999999], [120.98813149999998, 14.5574703], [120.98830090000001, 14.5569294]], [[120.98830090000001, 14.5569294], [120.9884097, 14.556615400000002], [120.9885085, 14.556318900000003], [120.98841164998287, 14.556285100018215]]]}, "properties": {"event_key": "dd2d7bfd30e0324d", "role": "rejected_suggestion", "primary_reason": "deviated: intentional surveyed deviation with a GPS-supported divergence and rejoin", "length_m": 2220.3, "road_names": "Taft Avenue > Pablo Ocampo Street > Roxas Boulevard Service Road"}}, {"type": "Feature", "geometry": {"type": "MultiLineString", "coordinates": [[[120.9985119, 14.563191300000002], [120.99862620000002, 14.5627993], [120.99878620000001, 14.562398600000002], [120.9989393, 14.562075], [120.99898630000001, 14.5620153], [120.99904959999999, 14.5619551]], [[120.99904959999999, 14.5619551], [120.999092, 14.5619979], [120.999401, 14.562309800000001]], [[120.999401, 14.562309800000001], [120.9996588, 14.562570100000002]], [[120.9996588, 14.562570100000002], [120.999921, 14.562834799999994]], [[120.999921, 14.562834799999994], [121.00020790000002, 14.5630774]], [[121.00020790000002, 14.5630774], [121.00045769999998, 14.5633449]], [[121.00045769999998, 14.5633449], [121.00071260000001, 14.5635872]], [[121.00071260000001, 14.5635872], [121.0007428, 14.5636156], [121.0009669, 14.563840599999997]]]}, "properties": {"event_key": "d02f6e318590cef6", "role": "preferred_observed", "primary_reason": "deviated: intentional surveyed deviation with a GPS-supported divergence and rejoin", "length_m": 444.9, "road_names": "Arellano Avenue > Zobel Roxas Street"}}, {"type": "Feature", "geometry": {"type": "MultiLineString", "coordinates": [[[120.9985119, 14.563191300000002], [120.9988721, 14.5633467]], [[120.9988721, 14.5633467], [120.99918850000002, 14.5635076]], [[120.99918850000002, 14.5635076], [120.999523, 14.563677600000002]], [[120.999523, 14.563677600000002], [120.9998118, 14.563824399999998]], [[120.9998118, 14.563824399999998], [121.0001292, 14.563985699999998]], [[121.0001292, 14.563985699999998], [121.00044079999999, 14.564144100000002]], [[121.00044079999999, 14.564144100000002], [121.00072790000002, 14.564289999999998]], [[121.00072790000002, 14.564289999999998], [121.0009669, 14.563840599999997]]]}, "properties": {"event_key": "d02f6e318590cef6", "role": "rejected_suggestion", "primary_reason": "deviated: intentional surveyed deviation with a GPS-supported divergence and rejoin", "length_m": 324.2, "road_names": "A. Roxas Street > Dian Street"}}, {"type": "Feature", "geometry": {"type": "MultiLineString", "coordinates": [[[120.9952378906122, 14.562595410371378], [120.9950958, 14.5626023], [120.995183, 14.562337700000002], [120.995533, 14.560986999999997], [120.99557209999794, 14.560996400003068]], [[120.99557209999794, 14.560996400003068], [120.995533, 14.560986999999997], [120.9955802, 14.560782300000005], [120.9957141, 14.560180699999995], [120.99575664999769, 14.560190150003631]], [[120.99575664999769, 14.560190150003631], [120.9957141, 14.560180699999995], [120.99519970000001, 14.560100700000003], [120.9948939, 14.560053899999996], [120.99459030000001, 14.560000999999998], [120.99453429999998, 14.559991299999993]], [[120.99453429999998, 14.559991299999993], [120.9929656, 14.559729599999997]], [[120.9929656, 14.559729599999997], [120.99302710000002, 14.559562400000003], [120.9931263, 14.5592673], [120.993189, 14.5590552], [120.99328619999999, 14.5587027]], [[120.99328619999999, 14.5587027], [120.99332300000002, 14.558535399999998], [120.9933859, 14.558247899999996], [120.99343830000001, 14.558011500000001]], [[120.99343830000001, 14.558011500000001], [120.9933154, 14.5579732], [120.9931612, 14.557925199999998], [120.99281980000002, 14.557822599999998], [120.99198049999998, 14.557566199999997]], [[120.99198049999998, 14.557566199999997], [120.9906872, 14.557171099999998], [120.99070145000307, 14.557130300000846]], [[120.99070145000307, 14.557130300000846], [120.9907157, 14.557089500000004], [120.9901243, 14.5568832]], [[120.9901243, 14.5568832], [120.98979020000002, 14.5567664], [120.9897559, 14.5567544]], [[120.9897559, 14.5567544], [120.98943710000002, 14.5566431]], [[120.98943710000002, 14.5566431], [120.98913230000001, 14.556531699999997]], [[120.98913230000001, 14.556531699999997], [120.9885085, 14.556318900000003], [120.98841164998287, 14.556285100018215]]]}, "properties": {"event_key": "d6edd43aaf4351ff", "role": "preferred_observed", "primary_reason": "deviated: intentional surveyed deviation with a GPS-supported divergence and rejoin", "length_m": 1391.7, "road_names": "Taft Avenue > Menlo Street > Leveriza Street > Gotamco Street > E. Rodriguez Street"}}, {"type": "Feature", "geometry": {"type": "MultiLineString", "coordinates": [[[120.9952378906122, 14.562595410371378], [120.99521400000002, 14.5626692], [120.99518680000001, 14.562731400000002], [120.99478090000001, 14.563660699999998], [120.99472050000001, 14.5638015], [120.9944532, 14.564347900000001], [120.99443010000002, 14.564398400000004], [120.99436149998996, 14.56436945000896]], [[120.99436149998996, 14.56436945000896], [120.99443010000002, 14.564398400000004], [120.9943798, 14.564506], [120.99407250000002, 14.5651425], [120.994046, 14.565202700000002], [120.9939889, 14.565330400000006], [120.9939752, 14.565362799999999], [120.9939095999882, 14.565325750007856]], [[120.9939095999882, 14.565325750007856], [120.993844, 14.565288700000002], [120.99394350000001, 14.565084800000001], [120.99396230000002, 14.565044599999997], [120.99408090000001, 14.564795000000004], [120.99424330000001, 14.564450500000003], [120.9942929, 14.5643405], [120.99436149998996, 14.56436945000896]], [[120.99436149998996, 14.56436945000896], [120.9942929, 14.5643405], [120.99431729999999, 14.564290900000001], [120.9943319, 14.564259800000002], [120.9944733, 14.563954199999998], [120.994553, 14.563791099999998], [120.9945788, 14.563741999999998], [120.9946819, 14.563534799999998], [120.99469900000001, 14.5634968], [120.9948357, 14.5632037], [120.99485170000001, 14.563167299999998], [120.9950822, 14.562677500000003], [120.9950958, 14.5626023], [120.9952378906122, 14.562595410371378]], [[120.9952378906122, 14.562595410371378], [120.9950958, 14.5626023], [120.99501990000002, 14.562569999999997], [120.9948096, 14.562454], [120.99435360000001, 14.561757600000005]], [[120.99435360000001, 14.561757600000005], [120.99410229999998, 14.561528800000001], [120.9941596000134, 14.561476450008872]], [[120.9941596000134, 14.561476450008872], [120.99410229999998, 14.561528800000001], [120.9940337, 14.561467800000003], [120.9939538, 14.561401200000002], [120.9938419, 14.561325800000004], [120.9937307, 14.561270399999998], [120.99381133713109, 14.561230570051167]], [[120.99381133713109, 14.561230570051167], [120.9937307, 14.561270399999998], [120.993475, 14.5612274], [120.9932503, 14.561182500000001], [120.9928588, 14.561092899999998], [120.99258791067642, 14.560978420064938]], [[120.99258791067642, 14.560978420064938], [120.99231080000001, 14.560907799999995], [120.99221980000002, 14.5608851], [120.99151879999998, 14.5607109], [120.990773, 14.560525500000004], [120.9903859, 14.5604293], [120.9902701, 14.560400499999997], [120.98951630000002, 14.5602131], [120.98943620000001, 14.560193199999999]], [[120.98943620000001, 14.560193199999999], [120.98934050000001, 14.560168199999996], [120.98929409999998, 14.560151200000002], [120.98920990000002, 14.560130300000003], [120.98889400000002, 14.560051699999999]], [[120.98889400000002, 14.560051699999999], [120.988485, 14.559944999999997], [120.9875544, 14.559702099999997], [120.9874856, 14.559685599999996], [120.98740059999999, 14.559666200000002], [120.98718198783487, 14.559598078578414]], [[120.98718198783487, 14.559598078578414], [120.98740059999999, 14.559666200000002], [120.98744010000001, 14.5595536], [120.9876621, 14.558921], [120.98756639997964, 14.558878650017302]], [[120.98756639997964, 14.558878650017302], [120.9876621, 14.558921], [120.9878813, 14.558266399999999], [120.98764695848062, 14.558315464657962]], [[120.98764695848062, 14.558315464657962], [120.9878813, 14.558266399999999], [120.98813149999998, 14.5574703], [120.98830090000001, 14.5569294]], [[120.98830090000001, 14.5569294], [120.9884097, 14.556615400000002], [120.9885085, 14.556318900000003], [120.98841164998287, 14.556285100018215]]]}, "properties": {"event_key": "d6edd43aaf4351ff", "role": "rejected_suggestion", "primary_reason": "deviated: intentional surveyed deviation with a GPS-supported divergence and rejoin", "length_m": 2220.3, "road_names": "Taft Avenue > Pablo Ocampo Street > Roxas Boulevard Service Road"}}, {"type": "Feature", "geometry": {"type": "MultiLineString", "coordinates": [[[120.98841164998287, 14.556285100018215], [120.98831479999998, 14.556251299999998], [120.9881199, 14.556860600000002], [120.9876996, 14.558213399999996], [120.98764695848062, 14.558315464657962]]]}, "properties": {"event_key": null, "role": "context_road", "road_names": "Roxas Boulevard"}}, {"type": "Feature", "geometry": {"type": "MultiLineString", "coordinates": [[[120.98841164998287, 14.556285100018215], [120.9885085, 14.556318900000003], [120.9887283, 14.555639500000002], [120.98877649999999, 14.5554907], [120.9888968, 14.555116499999997], [120.9889868, 14.5548412], [120.9888676443626, 14.554748636385208]]]}, "properties": {"event_key": null, "role": "context_road", "road_names": "Roxas Boulevard Service Road"}}, {"type": "Feature", "geometry": {"type": "MultiLineString", "coordinates": [[[120.98841164998287, 14.556285100018215], [120.9885085, 14.556318900000003], [120.9884097, 14.556615400000002], [120.98830090000001, 14.5569294]]]}, "properties": {"event_key": null, "role": "context_road", "road_names": "Roxas Boulevard Service Road"}}, {"type": "Feature", "geometry": {"type": "MultiLineString", "coordinates": [[[120.98764695848062, 14.558315464657962], [120.9878813, 14.558266399999999], [120.9876621, 14.558921], [120.98756639997964, 14.558878650017302]]]}, "properties": {"event_key": null, "role": "context_road", "road_names": "Roxas Boulevard Service Road"}}, {"type": "Feature", "geometry": {"type": "MultiLineString", "coordinates": [[[120.98764695848062, 14.558315464657962], [120.9876161, 14.558453099999998], [120.9875573, 14.558618700000002], [120.98747070000002, 14.558836299999998], [120.98756639997964, 14.558878650017302]]]}, "properties": {"event_key": null, "role": "context_road", "road_names": "Roxas Boulevard"}}, {"type": "Feature", "geometry": {"type": "MultiLineString", "coordinates": [[[120.98764695848062, 14.558315464657962], [120.9878813, 14.558266399999999], [120.98813149999998, 14.5574703], [120.98830090000001, 14.5569294]]]}, "properties": {"event_key": null, "role": "context_road", "road_names": "Roxas Boulevard Service Road"}}, {"type": "Feature", "geometry": {"type": "MultiLineString", "coordinates": [[[120.98764695848062, 14.558315464657962], [120.9874781, 14.558452100000004], [120.98742429999999, 14.558419800000001], [120.9873635, 14.5583834], [120.98695049999999, 14.558156599999998], [120.98672940000002, 14.5580372], [120.98659590000001, 14.5579649], [120.9863623, 14.557838299999998], [120.98574800000002, 14.557505299999999], [120.98548610000002, 14.5573635], [120.9852276, 14.5572261], [120.9850192, 14.5571158], [120.9847965, 14.556997800000001], [120.984609, 14.556898499999999], [120.9840306, 14.5565918], [120.9839657, 14.5565574], [120.9839555410741, 14.556463409271101]]]}, "properties": {"event_key": null, "role": "context_road", "road_names": "Vicente Sotto Street"}}, {"type": "Feature", "geometry": {"type": "MultiLineString", "coordinates": [[[120.98764695848062, 14.558315464657962], [120.98757139999998, 14.5581865], [120.9884706, 14.555444000000001], [120.98891030000001, 14.5540921], [120.9896296, 14.551774999999997], [120.9896486, 14.551712199999999], [120.98966570000002, 14.5516474], [120.98994479999999, 14.550541], [120.9904286, 14.548203599999997]]]}, "properties": {"event_key": null, "role": "context_road", "road_names": "Roxas Boulevard"}}, {"type": "Feature", "geometry": {"type": "MultiLineString", "coordinates": [[[120.98764695848062, 14.558315464657962], [120.98757139999998, 14.5581865], [120.98758200000002, 14.557980000000006], [120.9876059, 14.557739599999998], [120.98921009999998, 14.552704900000004], [120.98942193579924, 14.552763701484958]]]}, "properties": {"event_key": null, "role": "context_road", "road_names": "Roxas Boulevard"}}, {"type": "Feature", "geometry": {"type": "MultiLineString", "coordinates": [[[120.98718198783487, 14.559598078578414], [120.98713170000002, 14.559643299999994], [120.9870856, 14.559738399999999], [120.98694180000001, 14.560050000000004], [120.9867613, 14.560450899999992], [120.98665509999998, 14.5606875], [120.9862342, 14.561656499999998]]]}, "properties": {"event_key": null, "role": "context_road", "road_names": "Roxas Boulevard"}}, {"type": "Feature", "geometry": {"type": "MultiLineString", "coordinates": [[[120.98718198783487, 14.559598078578414], [120.9870061, 14.5596069], [120.9868799, 14.559571200000002], [120.9867818, 14.5595424], [120.98644979999999, 14.559448699999997], [120.98631500000002, 14.559397999999993], [120.98609120000002, 14.559303599999993], [120.9860188, 14.5592657], [120.98573150000001, 14.5591131], [120.98539609999999, 14.558917], [120.9853132, 14.5588695], [120.9851506, 14.558732599999995], [120.9851115, 14.558699199999998], [120.9850286, 14.5586299], [120.98484700000002, 14.5584722], [120.9847137, 14.5583577], [120.9846806, 14.558331299999997], [120.9845837, 14.558252999999999], [120.98456200000001, 14.558233399999999], [120.98446789999998, 14.5581649], [120.9844097, 14.5581223], [120.9842402, 14.5580177], [120.9841062, 14.557946999999997], [120.9837691, 14.557769300000002], [120.98352220000001, 14.5576417], [120.9833507, 14.5575495], [120.98338300367, 14.557489841705]]]}, "properties": {"event_key": null, "role": "context_road", "road_names": "Pedro Bukaneg Street"}}, {"type": "Feature", "geometry": {"type": "MultiLineString", "coordinates": [[[120.98718198783487, 14.559598078578414], [120.98705139999998, 14.5594948], [120.9870884, 14.559403399999997], [120.9873364, 14.5587897], [120.9874781, 14.558452100000004], [120.98764695848062, 14.558315464657962]]]}, "properties": {"event_key": null, "role": "context_road", "road_names": "Roxas Boulevard"}}, {"type": "Feature", "geometry": {"type": "MultiLineString", "coordinates": [[[120.98718198783487, 14.559598078578414], [120.98740059999999, 14.559666200000002], [120.9874856, 14.559685599999996], [120.9875544, 14.559702099999997], [120.988485, 14.559944999999997], [120.98889400000002, 14.560051699999999]]]}, "properties": {"event_key": null, "role": "context_road", "road_names": "Pablo Ocampo Street"}}, {"type": "Feature", "geometry": {"type": "MultiLineString", "coordinates": [[[120.98718198783487, 14.559598078578414], [120.98740059999999, 14.559666200000002], [120.9873517, 14.5597883], [120.98690280000001, 14.560842799999998], [120.9868448, 14.5609731], [120.98682429999998, 14.561019099999998], [120.98664660000001, 14.561418299999996], [120.9864953, 14.5617583]]]}, "properties": {"event_key": null, "role": "context_road", "road_names": "Roxas Boulevard Service Road"}}, {"type": "Feature", "geometry": {"type": "MultiLineString", "coordinates": [[[120.98718198783487, 14.559598078578414], [120.98740059999999, 14.559666200000002], [120.98744010000001, 14.5595536], [120.9876621, 14.558921], [120.98756639997964, 14.558878650017302]]]}, "properties": {"event_key": null, "role": "context_road", "road_names": "Roxas Boulevard Service Road"}}, {"type": "Feature", "geometry": {"type": "MultiLineString", "coordinates": [[[120.9862342, 14.561656499999998], [120.9864953, 14.5617583]]]}, "properties": {"event_key": null, "role": "context_road", "road_names": "Unnamed road"}}, {"type": "Feature", "geometry": {"type": "MultiLineString", "coordinates": [[[120.9862342, 14.561656499999998], [120.9858219, 14.562632099999998], [120.98593689996946, 14.56268525002487]]]}, "properties": {"event_key": null, "role": "context_road", "road_names": "Roxas Boulevard"}}, {"type": "Feature", "geometry": {"type": "MultiLineString", "coordinates": [[[120.99166292284325, 14.57041231425933], [120.9915558, 14.570377300000002], [120.99149890000001, 14.5704854], [120.9914163, 14.570642300000001]]]}, "properties": {"event_key": null, "role": "context_road", "road_names": "Taft Avenue"}}, {"type": "Feature", "geometry": {"type": "MultiLineString", "coordinates": [[[120.99166292284325, 14.57041231425933], [120.99180080000001, 14.570689799999997], [120.99172450000002, 14.5706395], [120.99163710000002, 14.570610999999992], [120.99154489999998, 14.5706062], [120.99149320000001, 14.570609700000002], [120.9914163, 14.570642300000001]]]}, "properties": {"event_key": null, "role": "context_road", "road_names": "Unnamed road"}}, {"type": "Feature", "geometry": {"type": "MultiLineString", "coordinates": [[[120.99166292284325, 14.57041231425933], [120.99149140000002, 14.570296100000002], [120.9914534, 14.570248999999999], [120.99142959999999, 14.570219500000002], [120.99107260000001, 14.569776399999997], [120.9904988, 14.569046100000001], [120.98980220000001, 14.568189099999996], [120.98962680000001, 14.5679733], [120.9895824, 14.5679187], [120.9895257, 14.567849099999998], [120.98955190000605, 14.567801950002265]]]}, "properties": {"event_key": null, "role": "context_road", "road_names": "Quirino Avenue"}}, {"type": "Feature", "geometry": {"type": "MultiLineString", "coordinates": [[[120.99166292284325, 14.57041231425933], [120.99149140000002, 14.570296100000002], [120.99143599999998, 14.5702867], [120.99139840000001, 14.570280699999998], [120.99113019999999, 14.570238]]]}, "properties": {"event_key": null, "role": "context_road", "road_names": "San Andres Street"}}, {"type": "Feature", "geometry": {"type": "MultiLineString", "coordinates": [[[120.99166292284325, 14.57041231425933], [120.99177559999998, 14.570445199999996], [120.992065, 14.570810699999994], [120.9921528, 14.570921700000005], [120.992196, 14.570976300000005], [120.99216185001032, 14.571037800003854]]]}, "properties": {"event_key": null, "role": "context_road", "road_names": "Quirino Avenue"}}, {"type": "Feature", "geometry": {"type": "MultiLineString", "coordinates": [[[120.99166292284325, 14.57041231425933], [120.99177559999998, 14.570445199999996], [120.99186610000001, 14.5703919], [120.9919196, 14.570378500000002], [120.9919884, 14.5703768], [120.99247700000001, 14.570458800000003]]]}, "properties": {"event_key": null, "role": "context_road", "road_names": "San Andres Street"}}, {"type": "Feature", "geometry": {"type": "MultiLineString", "coordinates": [[[120.99166292284325, 14.57041231425933], [120.9915546, 14.570179299999998], [120.99159550000002, 14.5701031], [120.9916806, 14.569945900000002], [120.9917396, 14.569840600000001]]]}, "properties": {"event_key": null, "role": "context_road", "road_names": "Taft Avenue"}}, {"type": "Feature", "geometry": {"type": "MultiLineString", "coordinates": [[[120.9914163, 14.570642300000001], [120.99136710000002, 14.5707354], [120.9913194, 14.570820300000001], [120.9905456, 14.572196500000002], [120.99039959999999, 14.572455000000003], [120.99035809999543, 14.57243250000317]]]}, "properties": {"event_key": null, "role": "context_road", "road_names": "Taft Avenue"}}, {"type": "Feature", "geometry": {"type": "MultiLineString", "coordinates": [[[120.98338300367, 14.557489841705], [120.98344869999998, 14.557486699999997], [120.9838209, 14.5576778], [120.9842412, 14.557898299999996], [120.98446800000002, 14.5580377], [120.98456260000002, 14.5581013], [120.98464780000002, 14.558166799999997], [120.98476030000002, 14.558255099999995], [120.9847713, 14.558264999999999], [120.98490250000002, 14.558372799999997], [120.9850571, 14.5585127], [120.9851977, 14.5586278], [120.9853648, 14.558757100000001], [120.98545300000002, 14.558809599999995], [120.9857854, 14.5590068], [120.9862015, 14.559239499999997], [120.9863432, 14.559294899999998], [120.9864925, 14.559346000000001], [120.98692260000001, 14.559460299999996], [120.98697030000001, 14.559473099999998], [120.98705139999998, 14.5594948], [120.98718198783487, 14.559598078578414]]]}, "properties": {"event_key": null, "role": "context_road", "road_names": "Pedro Bukaneg Street"}}, {"type": "Feature", "geometry": {"type": "MultiLineString", "coordinates": [[[120.9952378906122, 14.562595410371378], [120.99521400000002, 14.5626692], [120.99518680000001, 14.562731400000002], [120.99478090000001, 14.563660699999998], [120.99472050000001, 14.5638015], [120.9944532, 14.564347900000001], [120.99443010000002, 14.564398400000004], [120.99436149998996, 14.56436945000896]]]}, "properties": {"event_key": null, "role": "context_road", "road_names": "Taft Avenue"}}, {"type": "Feature", "geometry": {"type": "MultiLineString", "coordinates": [[[120.9952378906122, 14.562595410371378], [120.99536190000002, 14.562722299999997], [120.99580330000002, 14.562906599999993], [120.9958964499805, 14.562948350016388]]]}, "properties": {"event_key": null, "role": "context_road", "road_names": "Pablo Ocampo Street"}}, {"type": "Feature", "geometry": {"type": "MultiLineString", "coordinates": [[[120.9952378906122, 14.562595410371378], [120.9950958, 14.5626023], [120.99501990000002, 14.562569999999997], [120.9948096, 14.562454], [120.99435360000001, 14.561757600000005]]]}, "properties": {"event_key": null, "role": "context_road", "road_names": "Pablo Ocampo Street"}}, {"type": "Feature", "geometry": {"type": "MultiLineString", "coordinates": [[[120.9952378906122, 14.562595410371378], [120.9950958, 14.5626023], [120.995183, 14.562337700000002], [120.995533, 14.560986999999997], [120.99557209999794, 14.560996400003068]]]}, "properties": {"event_key": null, "role": "context_road", "road_names": "Taft Avenue"}}, {"type": "Feature", "geometry": {"type": "MultiLineString", "coordinates": [[[120.99436149998996, 14.56436945000896], [120.99443010000002, 14.564398400000004], [120.9943798, 14.564506], [120.99407250000002, 14.5651425], [120.994046, 14.565202700000002], [120.9939889, 14.565330400000006], [120.9939752, 14.565362799999999], [120.9939095999882, 14.565325750007856]]]}, "properties": {"event_key": null, "role": "context_road", "road_names": "Taft Avenue"}}, {"type": "Feature", "geometry": {"type": "MultiLineString", "coordinates": [[[120.99436149998996, 14.56436945000896], [120.9942929, 14.5643405], [120.99431729999999, 14.564290900000001], [120.9943319, 14.564259800000002], [120.9944733, 14.563954199999998], [120.994553, 14.563791099999998], [120.9945788, 14.563741999999998], [120.9946819, 14.563534799999998], [120.99469900000001, 14.5634968], [120.9948357, 14.5632037], [120.99485170000001, 14.563167299999998], [120.9950822, 14.562677500000003], [120.9950958, 14.5626023], [120.9952378906122, 14.562595410371378]]]}, "properties": {"event_key": null, "role": "context_road", "road_names": "Taft Avenue"}}, {"type": "Feature", "geometry": {"type": "MultiLineString", "coordinates": [[[120.9851051716835, 14.564434277112994], [120.9849786, 14.564219700000004], [120.9850092, 14.564147899999998], [120.9850773, 14.5639919], [120.98560709999998, 14.5627789], [120.98584170000001, 14.5622483], [120.98627030000002, 14.561273499999995], [120.9866488, 14.5604147], [120.98696760000001, 14.559690500000002], [120.9870061, 14.5596069], [120.98718198783487, 14.559598078578414]]]}, "properties": {"event_key": null, "role": "context_road", "road_names": "Roxas Boulevard"}}, {"type": "Feature", "geometry": {"type": "MultiLineString", "coordinates": [[[120.98889400000002, 14.560051699999999], [120.98920990000002, 14.560130300000003], [120.98929409999998, 14.560151200000002], [120.98934050000001, 14.560168199999996], [120.98943620000001, 14.560193199999999]]]}, "properties": {"event_key": null, "role": "context_road", "road_names": "Pablo Ocampo Street"}}, {"type": "Feature", "geometry": {"type": "MultiLineString", "coordinates": [[[120.98889400000002, 14.560051699999999], [120.988485, 14.559944999999997], [120.9875544, 14.559702099999997], [120.9874856, 14.559685599999996], [120.98740059999999, 14.559666200000002], [120.98718198783487, 14.559598078578414]]]}, "properties": {"event_key": null, "role": "context_road", "road_names": "Pablo Ocampo Street"}}, {"type": "Feature", "geometry": {"type": "MultiLineString", "coordinates": [[[120.98943620000001, 14.560193199999999], [120.9894895, 14.560069999999998], [120.98951330000001, 14.560014600000002], [120.9895858, 14.559847700000004], [120.9897691, 14.5594132]]]}, "properties": {"event_key": null, "role": "context_road", "road_names": "F. B. Harrison Street"}}, {"type": "Feature", "geometry": {"type": "MultiLineString", "coordinates": [[[120.98943620000001, 14.560193199999999], [120.98938649999998, 14.560284400000002], [120.98915690000001, 14.560705699999996], [120.98900399999998, 14.560984599999996], [120.98876329999999, 14.5614369], [120.98869030000002, 14.561581299999999], [120.9885258, 14.5618917], [120.98847250000001, 14.5619924], [120.98839639999998, 14.562134099999994], [120.98796670000002, 14.562969199999996], [120.9877517, 14.5633632], [120.9877293, 14.563401700000002], [120.9876393, 14.5635569], [120.98762340000002, 14.563586699999995], [120.9875813, 14.5636681], [120.9875567, 14.5637158], [120.98741770000001, 14.563983599999997], [120.9872544, 14.564298199999998], [120.9870842, 14.564626299999997], [120.9868708, 14.565037700000001], [120.98684580000536, 14.56508150000205]]]}, "properties": {"event_key": null, "role": "context_road", "road_names": "A. Mabini Street"}}, {"type": "Feature", "geometry": {"type": "MultiLineString", "coordinates": [[[120.98943620000001, 14.560193199999999], [120.98951630000002, 14.5602131], [120.9902701, 14.560400499999997], [120.9903859, 14.5604293], [120.990773, 14.560525500000004], [120.99151879999998, 14.5607109], [120.99221980000002, 14.5608851], [120.99231080000001, 14.560907799999995], [120.99258791067642, 14.560978420064938]]]}, "properties": {"event_key": null, "role": "context_road", "road_names": "Pablo Ocampo Street"}}, {"type": "Feature", "geometry": {"type": "MultiLineString", "coordinates": [[[120.98943620000001, 14.560193199999999], [120.98934050000001, 14.560168199999996], [120.98929409999998, 14.560151200000002], [120.98920990000002, 14.560130300000003], [120.98889400000002, 14.560051699999999]]]}, "properties": {"event_key": null, "role": "context_road", "road_names": "Pablo Ocampo Street"}}, {"type": "Feature", "geometry": {"type": "MultiLineString", "coordinates": [[[120.9958964499805, 14.562948350016388], [120.99598960000002, 14.562990100000002], [120.9962941, 14.563131600000002]]]}, "properties": {"event_key": null, "role": "context_road", "road_names": "Pablo Ocampo Street"}}, {"type": "Feature", "geometry": {"type": "MultiLineString", "coordinates": [[[120.9958964499805, 14.562948350016388], [120.99580330000002, 14.562906599999993], [120.99592660000002, 14.562646099999993], [120.99658259999998, 14.561089199999996], [120.9970618, 14.559876899999997], [120.99720890000002, 14.559493500000002]]]}, "properties": {"event_key": null, "role": "context_road", "road_names": "Sandejas Street"}}, {"type": "Feature", "geometry": {"type": "MultiLineString", "coordinates": [[[120.9962941, 14.563131600000002], [120.9964231, 14.5628002], [120.99663679999999, 14.562251599999998], [120.99680420000001, 14.561829799999996]]]}, "properties": {"event_key": null, "role": "context_road", "road_names": "Dominga Street"}}, {"type": "Feature", "geometry": {"type": "MultiLineString", "coordinates": [[[120.9962941, 14.563131600000002], [120.9968487, 14.563375700000003], [120.9970959, 14.563484499999998], [120.9975448, 14.563688700000002], [120.9975835, 14.5637098], [120.9976479499904, 14.563739650007806]]]}, "properties": {"event_key": null, "role": "context_road", "road_names": "Pablo Ocampo Street"}}, {"type": "Feature", "geometry": {"type": "MultiLineString", "coordinates": [[[120.9983720499753, 14.564113000018338], [120.9982727, 14.564062500000006], [120.99815770000001, 14.564575599999996]]]}, "properties": {"event_key": null, "role": "context_road", "road_names": "Arellano Avenue"}}, {"type": "Feature", "geometry": {"type": "MultiLineString", "coordinates": [[[120.9983720499753, 14.564113000018338], [120.9982727, 14.564062500000006], [120.99846270000002, 14.5633602], [120.9985119, 14.563191300000002]]]}, "properties": {"event_key": null, "role": "context_road", "road_names": "Arellano Avenue"}}, {"type": "Feature", "geometry": {"type": "MultiLineString", "coordinates": [[[120.9983720499753, 14.564113000018338], [120.9984714, 14.564163499999998], [120.99851250000002, 14.564075599999997], [120.9988721, 14.5633467]]]}, "properties": {"event_key": null, "role": "context_road", "road_names": "Enrique Street"}}, {"type": "Feature", "geometry": {"type": "MultiLineString", "coordinates": [[[120.99815770000001, 14.564575599999996], [120.99889270000001, 14.564959499999997]]]}, "properties": {"event_key": null, "role": "context_road", "road_names": "Consuelo Street"}}, {"type": "Feature", "geometry": {"type": "MultiLineString", "coordinates": [[[120.99815770000001, 14.564575599999996], [120.99807909999998, 14.564995099999997]]]}, "properties": {"event_key": null, "role": "context_road", "road_names": "Arellano Avenue"}}, {"type": "Feature", "geometry": {"type": "MultiLineString", "coordinates": [[[120.9985119, 14.563191300000002], [120.9988721, 14.5633467]]]}, "properties": {"event_key": null, "role": "context_road", "road_names": "A. Roxas Street"}}, {"type": "Feature", "geometry": {"type": "MultiLineString", "coordinates": [[[120.9985119, 14.563191300000002], [120.99862620000002, 14.5627993], [120.99878620000001, 14.562398600000002], [120.9989393, 14.562075], [120.99898630000001, 14.5620153], [120.99904959999999, 14.5619551]]]}, "properties": {"event_key": null, "role": "context_road", "road_names": "Arellano Avenue"}}, {"type": "Feature", "geometry": {"type": "MultiLineString", "coordinates": [[[120.99695300000002, 14.5655383], [120.99696479999999, 14.565500599999998], [120.99721829999999, 14.5647315], [120.9973448, 14.564352900000001], [120.997489, 14.563931399999998], [120.99754589999999, 14.563799999999995], [120.9975835, 14.5637098], [120.9976479499904, 14.563739650007806]]]}, "properties": {"event_key": null, "role": "context_road", "road_names": "Singalong Street"}}, {"type": "Feature", "geometry": {"type": "MultiLineString", "coordinates": [[[120.99695300000002, 14.5655383], [120.9969133, 14.5655203], [120.9963373, 14.5652711], [120.99615800000001, 14.565193500000003], [120.9957228, 14.5650052]]]}, "properties": {"event_key": null, "role": "context_road", "road_names": "A. Estrada Street"}}, {"type": "Feature", "geometry": {"type": "MultiLineString", "coordinates": [[[120.99695300000002, 14.5655383], [120.9969338, 14.5656022], [120.99676940000002, 14.566163499999998], [120.9967552, 14.566212100000001]]]}, "properties": {"event_key": null, "role": "context_road", "road_names": "Singalong Street"}}, {"type": "Feature", "geometry": {"type": "MultiLineString", "coordinates": [[[120.9976479499904, 14.563739650007806], [120.99771240000001, 14.563769499999998], [120.9979116, 14.563874199999997], [120.9979366, 14.563887299999996], [120.99804480000002, 14.563943699999998], [120.9982727, 14.564062500000006], [120.9983720499753, 14.564113000018338]]]}, "properties": {"event_key": null, "role": "context_road", "road_names": "Pablo Ocampo Street"}}, {"type": "Feature", "geometry": {"type": "MultiLineString", "coordinates": [[[120.9976479499904, 14.563739650007806], [120.99771240000001, 14.563769499999998], [120.9977222, 14.5637333], [120.99773100000002, 14.563700499999996], [120.99809100000002, 14.562362300000002], [120.99823770000002, 14.5616225], [120.9982445, 14.561588000000002]]]}, "properties": {"event_key": null, "role": "context_road", "road_names": "F. Mu\u00f1oz Street"}}, {"type": "Feature", "geometry": {"type": "MultiLineString", "coordinates": [[[120.9957228, 14.5650052], [120.99552920000001, 14.564916399999998], [120.99520120000001, 14.564764999999996], [120.99516489999999, 14.5647487]]]}, "properties": {"event_key": null, "role": "context_road", "road_names": "A. Estrada Street"}}, {"type": "Feature", "geometry": {"type": "MultiLineString", "coordinates": [[[120.9957228, 14.5650052], [120.9956906, 14.565075900000002], [120.9954237, 14.5656633]]]}, "properties": {"event_key": null, "role": "context_road", "road_names": "Del Carmen Street"}}, {"type": "Feature", "geometry": {"type": "MultiLineString", "coordinates": [[[120.9967552, 14.566212100000001], [120.99676940000002, 14.566163499999998], [120.9969338, 14.5656022], [120.99695300000002, 14.5655383]]]}, "properties": {"event_key": null, "role": "context_road", "road_names": "Singalong Street"}}, {"type": "Feature", "geometry": {"type": "MultiLineString", "coordinates": [[[120.9967552, 14.566212100000001], [120.99663839999998, 14.566584699999998], [120.9965487, 14.5668827], [120.99653630000002, 14.566923699999997]]]}, "properties": {"event_key": null, "role": "context_road", "road_names": "Singalong Street"}}, {"type": "Feature", "geometry": {"type": "MultiLineString", "coordinates": [[[120.99435360000001, 14.561757600000005], [120.99410229999998, 14.561528800000001], [120.9941596000134, 14.561476450008872]]]}, "properties": {"event_key": null, "role": "context_road", "road_names": "Pablo Ocampo Street"}}, {"type": "Feature", "geometry": {"type": "MultiLineString", "coordinates": [[[120.99435360000001, 14.561757600000005], [120.9948096, 14.562454], [120.99501990000002, 14.562569999999997], [120.9950958, 14.5626023], [120.9952378906122, 14.562595410371378]]]}, "properties": {"event_key": null, "role": "context_road", "road_names": "Pablo Ocampo Street"}}, {"type": "Feature", "geometry": {"type": "MultiLineString", "coordinates": [[[120.99557209999794, 14.560996400003068], [120.995533, 14.560986999999997], [120.9955802, 14.560782300000005], [120.9957141, 14.560180699999995], [120.99575664999769, 14.560190150003631]]]}, "properties": {"event_key": null, "role": "context_road", "road_names": "Taft Avenue"}}, {"type": "Feature", "geometry": {"type": "MultiLineString", "coordinates": [[[120.99557209999794, 14.560996400003068], [120.9956112, 14.5610058], [120.9952829, 14.562348199999999], [120.9952595, 14.562430300000004], [120.9952378906122, 14.562595410371378]]]}, "properties": {"event_key": null, "role": "context_road", "road_names": "Taft Avenue"}}, {"type": "Feature", "geometry": {"type": "MultiLineString", "coordinates": [[[120.99911869999998, 14.564508900000002], [120.99889270000001, 14.564959499999997]]]}, "properties": {"event_key": null, "role": "context_road", "road_names": "Bautista Street"}}, {"type": "Feature", "geometry": {"type": "MultiLineString", "coordinates": [[[120.99911869999998, 14.564508900000002], [120.99877069999998, 14.5643181]]]}, "properties": {"event_key": null, "role": "context_road", "road_names": "Pablo Ocampo Street"}}, {"type": "Feature", "geometry": {"type": "MultiLineString", "coordinates": [[[120.99889270000001, 14.564959499999997], [120.99815770000001, 14.564575599999996]]]}, "properties": {"event_key": null, "role": "context_road", "road_names": "Consuelo Street"}}, {"type": "Feature", "geometry": {"type": "MultiLineString", "coordinates": [[[120.99889270000001, 14.564959499999997], [120.9987177, 14.5653083]]]}, "properties": {"event_key": null, "role": "context_road", "road_names": "Bautista Street"}}, {"type": "Feature", "geometry": {"type": "MultiLineString", "coordinates": [[[120.99889270000001, 14.564959499999997], [120.9989291, 14.564978400000001], [120.99948010000001, 14.565268499999997]]]}, "properties": {"event_key": null, "role": "context_road", "road_names": "Consuelo Street"}}, {"type": "Feature", "geometry": {"type": "MultiLineString", "coordinates": [[[120.99877069999998, 14.5643181], [120.9984714, 14.564163499999998], [120.9983720499753, 14.564113000018338]]]}, "properties": {"event_key": null, "role": "context_road", "road_names": "Pablo Ocampo Street"}}, {"type": "Feature", "geometry": {"type": "MultiLineString", "coordinates": [[[120.99877069999998, 14.5643181], [120.99884040000002, 14.564209400000001], [120.99918850000002, 14.5635076]]]}, "properties": {"event_key": null, "role": "context_road", "road_names": "Mercedes Street"}}, {"type": "Feature", "geometry": {"type": "MultiLineString", "coordinates": [[[120.9980228, 14.5654126], [120.9985365, 14.565669400000004]]]}, "properties": {"event_key": null, "role": "context_road", "road_names": "C. Ayala Street"}}, {"type": "Feature", "geometry": {"type": "MultiLineString", "coordinates": [[[120.9980228, 14.5654126], [120.99795480000002, 14.565842800000002], [120.997939, 14.5659424]]]}, "properties": {"event_key": null, "role": "context_road", "road_names": "Arellano Avenue"}}, {"type": "Feature", "geometry": {"type": "MultiLineString", "coordinates": [[[120.9985365, 14.565669400000004], [120.9980228, 14.5654126]]]}, "properties": {"event_key": null, "role": "context_road", "road_names": "C. Ayala Street"}}, {"type": "Feature", "geometry": {"type": "MultiLineString", "coordinates": [[[120.9985365, 14.565669400000004], [120.99831040000001, 14.566120199999997]]]}, "properties": {"event_key": null, "role": "context_road", "road_names": "Bautista Street"}}, {"type": "Feature", "geometry": {"type": "MultiLineString", "coordinates": [[[120.9985365, 14.565669400000004], [120.9985892, 14.565695399999997], [120.9991477, 14.565946400000001]]]}, "properties": {"event_key": null, "role": "context_road", "road_names": "C. Ayala Street"}}, {"type": "Feature", "geometry": {"type": "MultiLineString", "coordinates": [[[120.99381133713109, 14.561230570051167], [120.9939015, 14.5612175], [120.993924, 14.561227900000002], [120.9941458, 14.561353], [120.99421689999998, 14.5614241], [120.9941596000134, 14.561476450008872]]]}, "properties": {"event_key": null, "role": "context_road", "road_names": "Pablo Ocampo Street"}}, {"type": "Feature", "geometry": {"type": "MultiLineString", "coordinates": [[[120.99381133713109, 14.561230570051167], [120.9937307, 14.561270399999998], [120.993475, 14.5612274], [120.9932503, 14.561182500000001], [120.9928588, 14.561092899999998], [120.99258791067642, 14.560978420064938]]]}, "properties": {"event_key": null, "role": "context_road", "road_names": "Pablo Ocampo Street"}}, {"type": "Feature", "geometry": {"type": "MultiLineString", "coordinates": [[[120.99231409999999, 14.561284400000002], [120.9917381, 14.562338799999992], [120.9908562, 14.564007299999997], [120.99055890000001, 14.564544900000001], [120.99035960000002, 14.564781899999993], [120.99030599999999, 14.564853400000002], [120.99029090000002, 14.564872299999998], [120.99014955371457, 14.564976297125714]]]}, "properties": {"event_key": null, "role": "context_road", "road_names": "M. Adriatico Street"}}, {"type": "Feature", "geometry": {"type": "MultiLineString", "coordinates": [[[120.99014955371457, 14.564976297125714], [120.99020220000001, 14.564831899999994], [120.9902078, 14.564822200000002], [120.99024489999998, 14.564758199999996], [120.99031220000002, 14.5646382], [120.9904099, 14.564473899999996], [120.99051230000002, 14.5642878], [120.99070770000002, 14.563928899999999], [120.9916085, 14.5622746], [120.99212590000002, 14.561267599999997], [120.99226579999998, 14.560996700000002], [120.99231080000001, 14.560907799999995], [120.99258791067642, 14.560978420064938]]]}, "properties": {"event_key": null, "role": "context_road", "road_names": "M. Adriatico Street"}}, {"type": "Feature", "geometry": {"type": "MultiLineString", "coordinates": [[[120.98684580000536, 14.56508150000205], [120.9868708, 14.565037700000001], [120.9870842, 14.564626299999997], [120.9872544, 14.564298199999998], [120.98741770000001, 14.563983599999997], [120.9875567, 14.5637158], [120.9875813, 14.5636681], [120.98762340000002, 14.563586699999995], [120.9876393, 14.5635569], [120.9877293, 14.563401700000002], [120.9877517, 14.5633632], [120.98796670000002, 14.562969199999996], [120.98839639999998, 14.562134099999994], [120.98847250000001, 14.5619924], [120.9885258, 14.5618917], [120.98869030000002, 14.561581299999999], [120.98876329999999, 14.5614369], [120.98900399999998, 14.560984599999996], [120.98915690000001, 14.560705699999996], [120.98938649999998, 14.560284400000002], [120.98943620000001, 14.560193199999999]]]}, "properties": {"event_key": null, "role": "context_road", "road_names": "A. Mabini Street"}}, {"type": "Feature", "geometry": {"type": "MultiLineString", "coordinates": [[[120.9897691, 14.5594132], [120.9895858, 14.559847700000004], [120.98951330000001, 14.560014600000002], [120.9894895, 14.560069999999998], [120.98943620000001, 14.560193199999999]]]}, "properties": {"event_key": null, "role": "context_road", "road_names": "F. B. Harrison Street"}}, {"type": "Feature", "geometry": {"type": "MultiLineString", "coordinates": [[[120.9897691, 14.5594132], [120.98980310000002, 14.5593326], [120.9898579, 14.5592026], [120.989903, 14.5590958]]]}, "properties": {"event_key": null, "role": "context_road", "road_names": "F. B. Harrison Street"}}, {"type": "Feature", "geometry": {"type": "MultiLineString", "coordinates": [[[120.9897691, 14.5594132], [120.9897005, 14.559386700000001], [120.9893143, 14.559254], [120.9892834, 14.5591952], [120.9892828, 14.5590879], [120.9897538, 14.557849899999997], [120.9898772, 14.557527899999997]]]}, "properties": {"event_key": null, "role": "context_road", "road_names": "Cuyegkeng Street"}}, {"type": "Feature", "geometry": {"type": "MultiLineString", "coordinates": [[[120.99258791067642, 14.560978420064938], [120.99231080000001, 14.560907799999995], [120.99221980000002, 14.5608851], [120.99151879999998, 14.5607109], [120.990773, 14.560525500000004], [120.9903859, 14.5604293], [120.9902701, 14.560400499999997], [120.98951630000002, 14.5602131], [120.98943620000001, 14.560193199999999]]]}, "properties": {"event_key": null, "role": "context_road", "road_names": "Pablo Ocampo Street"}}, {"type": "Feature", "geometry": {"type": "MultiLineString", "coordinates": [[[120.99258791067642, 14.560978420064938], [120.99239060000001, 14.5609265], [120.9923873, 14.5610268], [120.99238070000001, 14.5610943], [120.99237130000002, 14.561149499999997], [120.9923505, 14.561206599999998], [120.99231409999999, 14.561284400000002]]]}, "properties": {"event_key": null, "role": "context_road", "road_names": "M. Adriatico Street"}}, {"type": "Feature", "geometry": {"type": "MultiLineString", "coordinates": [[[120.99258791067642, 14.560978420064938], [120.9928588, 14.561092899999998], [120.99271340000001, 14.561111899999998], [120.9925722, 14.561150799999998], [120.99252589999999, 14.561170799999994], [120.9924382, 14.561208700000003], [120.99231409999999, 14.561284400000002]]]}, "properties": {"event_key": null, "role": "context_road", "road_names": "Unnamed road"}}, {"type": "Feature", "geometry": {"type": "MultiLineString", "coordinates": [[[120.99258791067642, 14.560978420064938], [120.99264199999999, 14.560947099999996], [120.9931544, 14.5610871], [120.9932647, 14.5611021], [120.99347699999998, 14.561131000000005], [120.9936257, 14.561153399999997], [120.99379430000002, 14.561192099999998], [120.99381133713109, 14.561230570051167]]]}, "properties": {"event_key": null, "role": "context_road", "road_names": "Pablo Ocampo Street"}}, {"type": "Feature", "geometry": {"type": "MultiLineString", "coordinates": [[[120.99258791067642, 14.560978420064938], [120.99264199999999, 14.560947099999996], [120.9926521, 14.560910799999997], [120.99277840000002, 14.560441399999997], [120.99278570000001, 14.5604143], [120.9928441, 14.560197100000002], [120.9928546, 14.560158200000004], [120.99287459999998, 14.560080699999997]]]}, "properties": {"event_key": null, "role": "context_road", "road_names": "Leveriza Street"}}, {"type": "Feature", "geometry": {"type": "MultiLineString", "coordinates": [[[120.9888676443626, 14.554748636385208], [120.9887742, 14.5547663], [120.98831479999998, 14.556251299999998], [120.98841164998287, 14.556285100018215]]]}, "properties": {"event_key": null, "role": "context_road", "road_names": "Roxas Boulevard"}}, {"type": "Feature", "geometry": {"type": "MultiLineString", "coordinates": [[[120.9888676443626, 14.554748636385208], [120.9889868, 14.5548412], [120.9888968, 14.555116499999997], [120.98877649999999, 14.5554907], [120.9887283, 14.555639500000002], [120.9885085, 14.556318900000003], [120.98841164998287, 14.556285100018215]]]}, "properties": {"event_key": null, "role": "context_road", "road_names": "Roxas Boulevard Service Road"}}, {"type": "Feature", "geometry": {"type": "MultiLineString", "coordinates": [[[120.9888676443626, 14.554748636385208], [120.9889868, 14.5548412], [120.9891195, 14.5544152], [120.98903844998952, 14.55439125001295]]]}, "properties": {"event_key": null, "role": "context_road", "road_names": "Roxas Boulevard Service Road"}}, {"type": "Feature", "geometry": {"type": "MultiLineString", "coordinates": [[[120.9888676443626, 14.554748636385208], [120.9889868, 14.5548412], [120.99009749999999, 14.5552499], [120.9911854, 14.5556504], [120.99110662523505, 14.555902412431134]]]}, "properties": {"event_key": null, "role": "context_road", "road_names": "Lourdes Street"}}, {"type": "Feature", "geometry": {"type": "MultiLineString", "coordinates": [[[120.98903844998952, 14.55439125001295], [120.9891195, 14.5544152], [120.9889868, 14.5548412], [120.9888676443626, 14.554748636385208]]]}, "properties": {"event_key": null, "role": "context_road", "road_names": "Roxas Boulevard Service Road"}}, {"type": "Feature", "geometry": {"type": "MultiLineString", "coordinates": [[[120.98903844998952, 14.55439125001295], [120.98895739999999, 14.554367299999997], [120.9888945, 14.554515799999997], [120.9888609, 14.554572299999998], [120.9888187, 14.554625499999998], [120.9888676443626, 14.554748636385208]]]}, "properties": {"event_key": null, "role": "context_road", "road_names": "Roxas Boulevard"}}, {"type": "Feature", "geometry": {"type": "MultiLineString", "coordinates": [[[120.98903844998952, 14.55439125001295], [120.9891195, 14.5544152], [120.9913634, 14.555073500000002]]]}, "properties": {"event_key": null, "role": "context_road", "road_names": "Dapitan Street"}}, {"type": "Feature", "geometry": {"type": "MultiLineString", "coordinates": [[[120.98903844998952, 14.55439125001295], [120.9891195, 14.5544152], [120.9893935, 14.553543700000004], [120.98932039999139, 14.553521800010525]]]}, "properties": {"event_key": null, "role": "context_road", "road_names": "Roxas Boulevard Service Road"}}, {"type": "Feature", "geometry": {"type": "MultiLineString", "coordinates": [[[120.9913634, 14.555073500000002], [120.9891195, 14.5544152], [120.98903844998952, 14.55439125001295]]]}, "properties": {"event_key": null, "role": "context_road", "road_names": "Dapitan Street"}}, {"type": "Feature", "geometry": {"type": "MultiLineString", "coordinates": [[[120.9913634, 14.555073500000002], [120.99149370000002, 14.554651099999996]]]}, "properties": {"event_key": null, "role": "context_road", "road_names": "F. B. Harrison Street"}}, {"type": "Feature", "geometry": {"type": "MultiLineString", "coordinates": [[[120.9913634, 14.555073500000002], [120.99156579999999, 14.555130400000001], [120.99264230000001, 14.555464700000002]]]}, "properties": {"event_key": null, "role": "context_road", "road_names": "Suerte Street"}}, {"type": "Feature", "geometry": {"type": "MultiLineString", "coordinates": [[[120.9913634, 14.555073500000002], [120.9913106, 14.555244599999993], [120.9912584, 14.5554139], [120.99123460000001, 14.555491100000001], [120.99110662523505, 14.555902412431134]]]}, "properties": {"event_key": null, "role": "context_road", "road_names": "F. B. Harrison Street"}}, {"type": "Feature", "geometry": {"type": "MultiLineString", "coordinates": [[[120.98932039999139, 14.553521800010525], [120.9893935, 14.553543700000004], [120.9891195, 14.5544152], [120.98903844998952, 14.55439125001295]]]}, "properties": {"event_key": null, "role": "context_road", "road_names": "Roxas Boulevard Service Road"}}, {"type": "Feature", "geometry": {"type": "MultiLineString", "coordinates": [[[120.98932039999139, 14.553521800010525], [120.9892473, 14.5534999], [120.98895739999999, 14.554367299999997], [120.98903844998952, 14.55439125001295]]]}, "properties": {"event_key": null, "role": "context_road", "road_names": "Roxas Boulevard"}}, {"type": "Feature", "geometry": {"type": "MultiLineString", "coordinates": [[[120.9839555410741, 14.556463409271101], [120.98404530000002, 14.556424900000001], [120.9841016, 14.5564546], [120.9842216, 14.556518699999993], [120.9843767, 14.556601300000002], [120.9845733, 14.556707700000002], [120.98468359999998, 14.556763999999998], [120.9847681, 14.556808599999997], [120.984871, 14.5568635], [120.98509340000001, 14.556982199999997], [120.98530129999999, 14.557093199999994], [120.98556049999999, 14.557236199999993], [120.9858226, 14.557370900000006], [120.9864391, 14.557702099999998], [120.98667030000001, 14.557826500000001], [120.98702910000002, 14.558019700000003], [120.98742189999999, 14.558231300000001], [120.9875351, 14.558291900000002], [120.98764695848062, 14.558315464657962]]]}, "properties": {"event_key": null, "role": "context_road", "road_names": "Vicente Sotto Street"}}, {"type": "Feature", "geometry": {"type": "MultiLineString", "coordinates": [[[120.99904959999999, 14.5619551], [120.9990137, 14.561923400000001], [120.99889740000002, 14.561820500000001], [120.9988095, 14.5617661], [120.9987143, 14.561722100000004], [120.99850780000001, 14.5616619], [120.9982445, 14.561588000000002]]]}, "properties": {"event_key": null, "role": "context_road", "road_names": "Zobel Roxas Street"}}, {"type": "Feature", "geometry": {"type": "MultiLineString", "coordinates": [[[120.99904959999999, 14.5619551], [120.9991324, 14.5618755], [120.99915649999998, 14.561852900000002], [120.9994701, 14.5615592], [120.9996213, 14.5614415], [120.99972650000001, 14.561375500000004], [120.9998031, 14.561329799999998], [120.9997962999996, 14.561315750000045]]]}, "properties": {"event_key": null, "role": "context_road", "road_names": "Arellano Street"}}, {"type": "Feature", "geometry": {"type": "MultiLineString", "coordinates": [[[120.99904959999999, 14.5619551], [120.999092, 14.5619979], [120.999401, 14.562309800000001]]]}, "properties": {"event_key": null, "role": "context_road", "road_names": "Zobel Roxas Street"}}, {"type": "Feature", "geometry": {"type": "MultiLineString", "coordinates": [[[120.9982445, 14.561588000000002], [120.99850780000001, 14.5616619], [120.9987143, 14.561722100000004], [120.9988095, 14.5617661], [120.99889740000002, 14.561820500000001], [120.9990137, 14.561923400000001], [120.99904959999999, 14.5619551]]]}, "properties": {"event_key": null, "role": "context_road", "road_names": "Zobel Roxas Street"}}, {"type": "Feature", "geometry": {"type": "MultiLineString", "coordinates": [[[120.9982445, 14.561588000000002], [120.998456, 14.560649499999998], [120.99856449999999, 14.5601254], [120.99864150000002, 14.5597191], [120.99882609999999, 14.558902499999997], [120.999036, 14.557933399999996]]]}, "properties": {"event_key": null, "role": "context_road", "road_names": "Tramo Street"}}, {"type": "Feature", "geometry": {"type": "MultiLineString", "coordinates": [[[120.9982445, 14.561588000000002], [120.99823770000002, 14.5616225], [120.99809100000002, 14.562362300000002], [120.99773100000002, 14.563700499999996], [120.9977222, 14.5637333], [120.99771240000001, 14.563769499999998], [120.9976479499904, 14.563739650007806]]]}, "properties": {"event_key": null, "role": "context_road", "road_names": "F. Mu\u00f1oz Street"}}, {"type": "Feature", "geometry": {"type": "MultiLineString", "coordinates": [[[120.9997962999996, 14.561315750000045], [120.9998031, 14.561329799999998], [120.99972650000001, 14.561375500000004], [120.9996213, 14.5614415], [120.9994701, 14.5615592], [120.99915649999998, 14.561852900000002], [120.9991324, 14.5618755], [120.99904959999999, 14.5619551]]]}, "properties": {"event_key": null, "role": "context_road", "road_names": "Arellano Street"}}, {"type": "Feature", "geometry": {"type": "MultiLineString", "coordinates": [[[120.9997962999996, 14.561315750000045], [120.9998031, 14.561329799999998], [120.9999189, 14.5612736], [121.0000419, 14.5612286], [121.000084, 14.561213099999998], [121.0002785, 14.561158199999996]]]}, "properties": {"event_key": null, "role": "context_road", "road_names": "Arellano Street"}}, {"type": "Feature", "geometry": {"type": "MultiLineString", "coordinates": [[[120.9997962999996, 14.561315750000045], [120.9997895, 14.5613017], [120.9995006, 14.560784199999999]]]}, "properties": {"event_key": null, "role": "context_road", "road_names": "Julio dela Cruz Street"}}, {"type": "Feature", "geometry": {"type": "MultiLineString", "coordinates": [[[120.9997962999996, 14.561315750000045], [120.9997895, 14.5613017], [120.9997986, 14.561266099999997], [121.00019060000001, 14.559725599999998]]]}, "properties": {"event_key": null, "role": "context_road", "road_names": "Bigasan Street"}}, {"type": "Feature", "geometry": {"type": "MultiLineString", "coordinates": [[[120.999401, 14.562309800000001], [120.9996588, 14.562570100000002]]]}, "properties": {"event_key": null, "role": "context_road", "road_names": "Zobel Roxas Street"}}, {"type": "Feature", "geometry": {"type": "MultiLineString", "coordinates": [[[121.00004749998959, 14.555046350000449], [121.000076, 14.555151800000004], [121.00003969999999, 14.555343299999999], [120.99996059999998, 14.555971599999998], [120.9999177, 14.556188400000002], [120.9998962, 14.556232500000002], [120.99986000000001, 14.556279199999993], [120.9996924, 14.556437600000002], [120.9996676, 14.556466799999999], [120.9996475, 14.556508300000003], [120.99963400000001, 14.556564799999999], [120.9996428, 14.557221600000004], [120.9996817, 14.557403300000002], [120.99972860000001, 14.557495499999996], [120.99994180000002, 14.557796599999998], [121.00001420000001, 14.557926500000004], [121.000033, 14.5579991], [121.0000236, 14.558038099999996], [120.9999874, 14.5580666], [120.9997702, 14.5581757], [120.99975140000001, 14.558200299999998], [120.99972050000001, 14.5583211], [120.99969640000002, 14.5587105], [120.999683, 14.558976600000001], [120.9996629, 14.559111600000003], [120.99962930000001, 14.5592466], [120.99959920000002, 14.559310799999997], [120.9994932, 14.559395200000003], [120.9994134, 14.559413999999999], [120.9991848, 14.559458099999999], [120.9989749, 14.559512699999999], [120.9989487, 14.559527600000001], [120.9989159, 14.5595516], [120.9988911, 14.559591800000002], [120.99887359999998, 14.559622300000001], [120.99886629999999, 14.5596639], [120.9988686, 14.5597616], [120.99887130000002, 14.559776200000002], [120.99887359999998, 14.559778500000002], [120.99887620000001, 14.559779899999999], [120.99888250000001, 14.5597813], [120.99896710000002, 14.559776200000002], [120.9992, 14.559755999999997]]]}, "properties": {"event_key": null, "role": "context_road", "road_names": "Casino Street"}}, {"type": "Feature", "geometry": {"type": "MultiLineString", "coordinates": [[[120.99976015002261, 14.554733450005113], [120.99972829999999, 14.554859499999996], [120.99923830000002, 14.557015999999999]]]}, "properties": {"event_key": null, "role": "context_road", "road_names": "Tramo Street"}}, {"type": "Feature", "geometry": {"type": "MultiLineString", "coordinates": [[[121.0003513, 14.555730100000003], [120.9999376, 14.5574199]]]}, "properties": {"event_key": null, "role": "context_road", "road_names": "Marconi Street"}}, {"type": "Feature", "geometry": {"type": "MultiLineString", "coordinates": [[[120.9999376, 14.5574199], [121.0003513, 14.555730100000003]]]}, "properties": {"event_key": null, "role": "context_road", "road_names": "Marconi Street"}}, {"type": "Feature", "geometry": {"type": "MultiLineString", "coordinates": [[[120.9999376, 14.5574199], [120.99995680000002, 14.557443699999993], [120.99998810000001, 14.5574583], [121.0003284, 14.557512700000002]]]}, "properties": {"event_key": null, "role": "context_road", "road_names": "Dayap Street"}}, {"type": "Feature", "geometry": {"type": "MultiLineString", "coordinates": [[[120.99994750000002, 14.565898900000002], [121.00057370000002, 14.5662142]]]}, "properties": {"event_key": null, "role": "context_road", "road_names": "Don Pedro Street"}}, {"type": "Feature", "geometry": {"type": "MultiLineString", "coordinates": [[[120.99994750000002, 14.565898900000002], [120.99931900000001, 14.565597400000001]]]}, "properties": {"event_key": null, "role": "context_road", "road_names": "Don Pedro Street"}}, {"type": "Feature", "geometry": {"type": "MultiLineString", "coordinates": [[[120.99994750000002, 14.565898900000002], [121.00011049999999, 14.565582300000003]]]}, "properties": {"event_key": null, "role": "context_road", "road_names": "Dian Street"}}, {"type": "Feature", "geometry": {"type": "MultiLineString", "coordinates": [[[120.99994750000002, 14.565898900000002], [120.9997849, 14.5662487]]]}, "properties": {"event_key": null, "role": "context_road", "road_names": "Dian Street"}}, {"type": "Feature", "geometry": {"type": "MultiLineString", "coordinates": [[[121.00057370000002, 14.5662142], [121.0007295, 14.565897000000001]]]}, "properties": {"event_key": null, "role": "context_road", "road_names": "Espiritu Street"}}, {"type": "Feature", "geometry": {"type": "MultiLineString", "coordinates": [[[121.00057370000002, 14.5662142], [121.00042, 14.566527200000001]]]}, "properties": {"event_key": null, "role": "context_road", "road_names": "Espiritu Street"}}, {"type": "Feature", "geometry": {"type": "MultiLineString", "coordinates": [[[121.00057370000002, 14.5662142], [121.0011868, 14.566508700000004]]]}, "properties": {"event_key": null, "role": "context_road", "road_names": "Don Pedro Street"}}, {"type": "Feature", "geometry": {"type": "MultiLineString", "coordinates": [[[121.00057370000002, 14.5662142], [120.99994750000002, 14.565898900000002]]]}, "properties": {"event_key": null, "role": "context_road", "road_names": "Don Pedro Street"}}, {"type": "Feature", "geometry": {"type": "MultiLineString", "coordinates": [[[120.99931900000001, 14.565597400000001], [120.99994750000002, 14.565898900000002]]]}, "properties": {"event_key": null, "role": "context_road", "road_names": "Don Pedro Street"}}, {"type": "Feature", "geometry": {"type": "MultiLineString", "coordinates": [[[120.99931900000001, 14.565597400000001], [120.9991477, 14.565946400000001]]]}, "properties": {"event_key": null, "role": "context_road", "road_names": "Conchu Street"}}, {"type": "Feature", "geometry": {"type": "MultiLineString", "coordinates": [[[120.99931900000001, 14.565597400000001], [120.99948010000001, 14.565268499999997]]]}, "properties": {"event_key": null, "role": "context_road", "road_names": "Conchu Street"}}, {"type": "Feature", "geometry": {"type": "MultiLineString", "coordinates": [[[120.99931900000001, 14.565597400000001], [120.99875760000002, 14.565327200000004], [120.9987177, 14.5653083]]]}, "properties": {"event_key": null, "role": "context_road", "road_names": "Don Pedro Street"}}, {"type": "Feature", "geometry": {"type": "MultiLineString", "coordinates": [[[121.00011049999999, 14.565582300000003], [121.0007295, 14.565897000000001]]]}, "properties": {"event_key": null, "role": "context_road", "road_names": "Consuelo Street"}}, {"type": "Feature", "geometry": {"type": "MultiLineString", "coordinates": [[[121.00011049999999, 14.565582300000003], [120.99948010000001, 14.565268499999997]]]}, "properties": {"event_key": null, "role": "context_road", "road_names": "Consuelo Street"}}, {"type": "Feature", "geometry": {"type": "MultiLineString", "coordinates": [[[121.00011049999999, 14.565582300000003], [121.0003345, 14.565123300000003]]]}, "properties": {"event_key": null, "role": "context_road", "road_names": "Dian Street"}}, {"type": "Feature", "geometry": {"type": "MultiLineString", "coordinates": [[[121.00011049999999, 14.565582300000003], [120.99994750000002, 14.565898900000002]]]}, "properties": {"event_key": null, "role": "context_road", "road_names": "Dian Street"}}, {"type": "Feature", "geometry": {"type": "MultiLineString", "coordinates": [[[120.9997849, 14.5662487], [121.00042, 14.566527200000001]]]}, "properties": {"event_key": null, "role": "context_road", "road_names": "C. Ayala Street"}}, {"type": "Feature", "geometry": {"type": "MultiLineString", "coordinates": [[[120.9997849, 14.5662487], [120.9991477, 14.565946400000001]]]}, "properties": {"event_key": null, "role": "context_road", "road_names": "C. Ayala Street"}}, {"type": "Feature", "geometry": {"type": "MultiLineString", "coordinates": [[[120.9997849, 14.5662487], [120.99994750000002, 14.565898900000002]]]}, "properties": {"event_key": null, "role": "context_road", "road_names": "Dian Street"}}, {"type": "Feature", "geometry": {"type": "MultiLineString", "coordinates": [[[120.9997849, 14.5662487], [120.99956149999998, 14.5667093]]]}, "properties": {"event_key": null, "role": "context_road", "road_names": "Dian Street"}}, {"type": "Feature", "geometry": {"type": "MultiLineString", "coordinates": [[[121.0003345, 14.565123300000003], [121.00004240000001, 14.5649788]]]}, "properties": {"event_key": null, "role": "context_road", "road_names": "Pablo Ocampo Street"}}, {"type": "Feature", "geometry": {"type": "MultiLineString", "coordinates": [[[121.0003345, 14.565123300000003], [121.00011049999999, 14.565582300000003]]]}, "properties": {"event_key": null, "role": "context_road", "road_names": "Dian Street"}}, {"type": "Feature", "geometry": {"type": "MultiLineString", "coordinates": [[[121.0003345, 14.565123300000003], [121.00072790000002, 14.564289999999998]]]}, "properties": {"event_key": null, "role": "context_road", "road_names": "Dian Street"}}, {"type": "Feature", "geometry": {"type": "MultiLineString", "coordinates": [[[121.00004240000001, 14.5649788], [120.99970450000002, 14.564806399999998]]]}, "properties": {"event_key": null, "role": "context_road", "road_names": "Pablo Ocampo Street"}}, {"type": "Feature", "geometry": {"type": "MultiLineString", "coordinates": [[[121.00004240000001, 14.5649788], [121.0000728, 14.564915200000003], [121.00044079999999, 14.564144100000002]]]}, "properties": {"event_key": null, "role": "context_road", "road_names": "T. Ayala Street"}}, {"type": "Feature", "geometry": {"type": "MultiLineString", "coordinates": [[[121.00072790000002, 14.564289999999998], [121.00044079999999, 14.564144100000002]]]}, "properties": {"event_key": null, "role": "context_road", "road_names": "A. Roxas Street"}}, {"type": "Feature", "geometry": {"type": "MultiLineString", "coordinates": [[[121.00072790000002, 14.564289999999998], [121.0009669, 14.563840599999997]]]}, "properties": {"event_key": null, "role": "context_road", "road_names": "Dian Street"}}, {"type": "Feature", "geometry": {"type": "MultiLineString", "coordinates": [[[121.00072790000002, 14.564289999999998], [121.0003345, 14.565123300000003]]]}, "properties": {"event_key": null, "role": "context_road", "road_names": "Dian Street"}}, {"type": "Feature", "geometry": {"type": "MultiLineString", "coordinates": [[[121.00151579999999, 14.562992200000002], [121.00176420000001, 14.562592400000003]]]}, "properties": {"event_key": null, "role": "context_road", "road_names": "Dian Street"}}, {"type": "Feature", "geometry": {"type": "MultiLineString", "coordinates": [[[121.00151579999999, 14.562992200000002], [121.0012568, 14.563377]]]}, "properties": {"event_key": null, "role": "context_road", "road_names": "Dian Street"}}, {"type": "Feature", "geometry": {"type": "MultiLineString", "coordinates": [[[121.00151579999999, 14.562992200000002], [121.00255000000001, 14.564021700000001], [121.0026035, 14.5640749]]]}, "properties": {"event_key": null, "role": "context_road", "road_names": "Boyle Street"}}, {"type": "Feature", "geometry": {"type": "MultiLineString", "coordinates": [[[121.00176420000001, 14.562592400000003], [121.0007737, 14.561565500000004], [121.00065295000762, 14.561586950032702]]]}, "properties": {"event_key": null, "role": "context_road", "road_names": "Curie Street"}}, {"type": "Feature", "geometry": {"type": "MultiLineString", "coordinates": [[[121.00176420000001, 14.562592400000003], [121.0020182, 14.5621925]]]}, "properties": {"event_key": null, "role": "context_road", "road_names": "Dian Street"}}, {"type": "Feature", "geometry": {"type": "MultiLineString", "coordinates": [[[121.00176420000001, 14.562592400000003], [121.00151579999999, 14.562992200000002]]]}, "properties": {"event_key": null, "role": "context_road", "road_names": "Dian Street"}}, {"type": "Feature", "geometry": {"type": "MultiLineString", "coordinates": [[[121.0012568, 14.563377], [121.00151579999999, 14.562992200000002]]]}, "properties": {"event_key": null, "role": "context_road", "road_names": "Dian Street"}}, {"type": "Feature", "geometry": {"type": "MultiLineString", "coordinates": [[[121.0012568, 14.563377], [121.0011082, 14.563611699999996], [121.0010396, 14.563712599999999], [121.0009669, 14.563840599999997]]]}, "properties": {"event_key": null, "role": "context_road", "road_names": "Dian Street"}}, {"type": "Feature", "geometry": {"type": "MultiLineString", "coordinates": [[[121.0012568, 14.563377], [121.0004714, 14.5625755], [121.0001955, 14.562294]]]}, "properties": {"event_key": null, "role": "context_road", "road_names": "Ampere Street"}}, {"type": "Feature", "geometry": {"type": "MultiLineString", "coordinates": [[[121.0026035, 14.5640749], [121.0028857, 14.563694599999998]]]}, "properties": {"event_key": null, "role": "context_road", "road_names": "Filmore Street"}}, {"type": "Feature", "geometry": {"type": "MultiLineString", "coordinates": [[[121.0026035, 14.5640749], [121.00232829999999, 14.5644459]]]}, "properties": {"event_key": null, "role": "context_road", "road_names": "Filmore Street"}}, {"type": "Feature", "geometry": {"type": "MultiLineString", "coordinates": [[[121.0026035, 14.5640749], [121.0026621, 14.5641357], [121.0033767, 14.564876999999997], [121.00345660000002, 14.564959899999996]]]}, "properties": {"event_key": null, "role": "context_road", "road_names": "Boyle Street"}}, {"type": "Feature", "geometry": {"type": "MultiLineString", "coordinates": [[[121.0020182, 14.5621925], [121.00176420000001, 14.562592400000003]]]}, "properties": {"event_key": null, "role": "context_road", "road_names": "Dian Street"}}, {"type": "Feature", "geometry": {"type": "MultiLineString", "coordinates": [[[121.0020182, 14.5621925], [121.00227550000001, 14.561796899999997]]]}, "properties": {"event_key": null, "role": "context_road", "road_names": "Dian Street"}}, {"type": "Feature", "geometry": {"type": "MultiLineString", "coordinates": [[[121.0020182, 14.5621925], [121.00309210000002, 14.563264], [121.00315849999998, 14.5633302]]]}, "properties": {"event_key": null, "role": "context_road", "road_names": "Diesel Street"}}, {"type": "Feature", "geometry": {"type": "MultiLineString", "coordinates": [[[121.00227550000001, 14.561796899999997], [121.0020182, 14.5621925]]]}, "properties": {"event_key": null, "role": "context_road", "road_names": "Dian Street"}}, {"type": "Feature", "geometry": {"type": "MultiLineString", "coordinates": [[[121.00315849999998, 14.5633302], [121.00343299999999, 14.562963500000002]]]}, "properties": {"event_key": null, "role": "context_road", "road_names": "Filmore Street"}}, {"type": "Feature", "geometry": {"type": "MultiLineString", "coordinates": [[[121.00315849999998, 14.5633302], [121.0028857, 14.563694599999998]]]}, "properties": {"event_key": null, "role": "context_road", "road_names": "Filmore Street"}}, {"type": "Feature", "geometry": {"type": "MultiLineString", "coordinates": [[[121.00315849999998, 14.5633302], [121.0032134, 14.563384700000004], [121.0039215, 14.564086699999997]]]}, "properties": {"event_key": null, "role": "context_road", "road_names": "Diesel Street"}}, {"type": "Feature", "geometry": {"type": "MultiLineString", "coordinates": [[[121.0019904, 14.561519500000001], [121.0016732, 14.561514900000004], [121.0013497, 14.561527299999998]]]}, "properties": {"event_key": null, "role": "context_road", "road_names": "Enrique Street"}}, {"type": "Feature", "geometry": {"type": "MultiLineString", "coordinates": [[[120.99956149999998, 14.5667093], [120.9997849, 14.5662487]]]}, "properties": {"event_key": null, "role": "context_road", "road_names": "Dian Street"}}, {"type": "Feature", "geometry": {"type": "MultiLineString", "coordinates": [[[120.9989289, 14.566411399999998], [120.9991477, 14.565946400000001]]]}, "properties": {"event_key": null, "role": "context_road", "road_names": "Conchu Street"}}, {"type": "Feature", "geometry": {"type": "MultiLineString", "coordinates": [[[121.00155999999998, 14.565758000000002], [121.0013378, 14.566204899999999]]]}, "properties": {"event_key": null, "role": "context_road", "road_names": "Alejo Aquino Street"}}, {"type": "Feature", "geometry": {"type": "MultiLineString", "coordinates": [[[121.00155999999998, 14.565758000000002], [121.0012495, 14.5655988]]]}, "properties": {"event_key": null, "role": "context_road", "road_names": "Pablo Ocampo Street"}}, {"type": "Feature", "geometry": {"type": "MultiLineString", "coordinates": [[[121.0013378, 14.566204899999999], [121.0007295, 14.565897000000001]]]}, "properties": {"event_key": null, "role": "context_road", "road_names": "Consuelo Street"}}, {"type": "Feature", "geometry": {"type": "MultiLineString", "coordinates": [[[121.0013378, 14.566204899999999], [121.0011868, 14.566508700000004]]]}, "properties": {"event_key": null, "role": "context_road", "road_names": "Alejo Aquino Street"}}, {"type": "Feature", "geometry": {"type": "MultiLineString", "coordinates": [[[121.0012495, 14.5655988], [121.00095119999999, 14.5654457]]]}, "properties": {"event_key": null, "role": "context_road", "road_names": "Pablo Ocampo Street"}}, {"type": "Feature", "geometry": {"type": "MultiLineString", "coordinates": [[[121.0012495, 14.5655988], [121.0012801, 14.565537000000003], [121.0012907, 14.5655164], [121.00140209999999, 14.565298200000004], [121.00156140000001, 14.564992099999998], [121.00166799999998, 14.5647888], [121.0016922, 14.5647351], [121.00174750000001, 14.564639899999998]]]}, "properties": {"event_key": null, "role": "context_road", "road_names": "Alfonso Street"}}, {"type": "Feature", "geometry": {"type": "MultiLineString", "coordinates": [[[121.00218750000002, 14.566082500000002], [121.0018722, 14.5659194]]]}, "properties": {"event_key": null, "role": "context_road", "road_names": "Pablo Ocampo Street"}}, {"type": "Feature", "geometry": {"type": "MultiLineString", "coordinates": [[[121.00232829999999, 14.5644459], [121.0012568, 14.563377]]]}, "properties": {"event_key": null, "role": "context_road", "road_names": "Ampere Street"}}, {"type": "Feature", "geometry": {"type": "MultiLineString", "coordinates": [[[121.00232829999999, 14.5644459], [121.0026035, 14.5640749]]]}, "properties": {"event_key": null, "role": "context_road", "road_names": "Filmore Street"}}, {"type": "Feature", "geometry": {"type": "MultiLineString", "coordinates": [[[121.00232829999999, 14.5644459], [121.0020575, 14.564810800000002], [121.00199670000002, 14.564896399999997]]]}, "properties": {"event_key": null, "role": "context_road", "road_names": "Filmore Street"}}, {"type": "Feature", "geometry": {"type": "MultiLineString", "coordinates": [[[121.00199670000002, 14.564896399999997], [121.0022483, 14.565149900000002]]]}, "properties": {"event_key": null, "role": "context_road", "road_names": "Zobel Roxas Street"}}, {"type": "Feature", "geometry": {"type": "MultiLineString", "coordinates": [[[121.00199670000002, 14.564896399999997], [121.0020575, 14.564810800000002], [121.00232829999999, 14.5644459]]]}, "properties": {"event_key": null, "role": "context_road", "road_names": "Filmore Street"}}, {"type": "Feature", "geometry": {"type": "MultiLineString", "coordinates": [[[121.00199670000002, 14.564896399999997], [121.00183950000002, 14.565192800000002], [121.00155999999998, 14.565758000000002]]]}, "properties": {"event_key": null, "role": "context_road", "road_names": "Alejo Aquino Street"}}, {"type": "Feature", "geometry": {"type": "MultiLineString", "coordinates": [[[121.0028857, 14.563694599999998], [121.00315849999998, 14.5633302]]]}, "properties": {"event_key": null, "role": "context_road", "road_names": "Filmore Street"}}, {"type": "Feature", "geometry": {"type": "MultiLineString", "coordinates": [[[121.0028857, 14.563694599999998], [121.0026035, 14.5640749]]]}, "properties": {"event_key": null, "role": "context_road", "road_names": "Filmore Street"}}, {"type": "Feature", "geometry": {"type": "MultiLineString", "coordinates": [[[121.0028857, 14.563694599999998], [121.00176420000001, 14.562592400000003]]]}, "properties": {"event_key": null, "role": "context_road", "road_names": "Curie Street"}}, {"type": "Feature", "geometry": {"type": "MultiLineString", "coordinates": [[[121.00343299999999, 14.562963500000002], [121.00315849999998, 14.5633302]]]}, "properties": {"event_key": null, "role": "context_road", "road_names": "Filmore Street"}}, {"type": "Feature", "geometry": {"type": "MultiLineString", "coordinates": [[[121.0039215, 14.564086699999997], [121.0032134, 14.563384700000004], [121.00315849999998, 14.5633302]]]}, "properties": {"event_key": null, "role": "context_road", "road_names": "Diesel Street"}}, {"type": "Feature", "geometry": {"type": "MultiLineString", "coordinates": [[[120.99110662523505, 14.555902412431134], [120.99097530000002, 14.556314999999998], [120.9908318, 14.5567432]]]}, "properties": {"event_key": null, "role": "context_road", "road_names": "F. B. Harrison Street"}}, {"type": "Feature", "geometry": {"type": "MultiLineString", "coordinates": [[[120.99110662523505, 14.555902412431134], [120.99097530000002, 14.556314999999998], [120.9910649, 14.556338199999997], [120.99225290000001, 14.5567012]]]}, "properties": {"event_key": null, "role": "context_road", "road_names": "Chinkiang Street"}}, {"type": "Feature", "geometry": {"type": "MultiLineString", "coordinates": [[[120.99110662523505, 14.555902412431134], [120.99123460000001, 14.555491100000001], [120.9925104, 14.555883499999998]]]}, "properties": {"event_key": null, "role": "context_road", "road_names": "Porvenir Street"}}, {"type": "Feature", "geometry": {"type": "MultiLineString", "coordinates": [[[120.99110662523505, 14.555902412431134], [120.99123460000001, 14.555491100000001], [120.9912584, 14.5554139], [120.9913106, 14.555244599999993], [120.9913634, 14.555073500000002]]]}, "properties": {"event_key": null, "role": "context_road", "road_names": "F. B. Harrison Street"}}, {"type": "Feature", "geometry": {"type": "MultiLineString", "coordinates": [[[120.99110662523505, 14.555902412431134], [120.9911114, 14.555890199999999], [120.9923847, 14.556282500000002]]]}, "properties": {"event_key": null, "role": "context_road", "road_names": "Progreso Street"}}, {"type": "Feature", "geometry": {"type": "MultiLineString", "coordinates": [[[120.98830090000001, 14.5569294], [120.9888649, 14.557143599999995], [120.98889400000002, 14.557149799999996]]]}, "properties": {"event_key": null, "role": "context_road", "road_names": "R. Layug Street"}}, {"type": "Feature", "geometry": {"type": "MultiLineString", "coordinates": [[[120.98830090000001, 14.5569294], [120.98813149999998, 14.5574703], [120.9878813, 14.558266399999999], [120.98764695848062, 14.558315464657962]]]}, "properties": {"event_key": null, "role": "context_road", "road_names": "Roxas Boulevard Service Road"}}, {"type": "Feature", "geometry": {"type": "MultiLineString", "coordinates": [[[120.98830090000001, 14.5569294], [120.9884097, 14.556615400000002], [120.9885085, 14.556318900000003], [120.98841164998287, 14.556285100018215]]]}, "properties": {"event_key": null, "role": "context_road", "road_names": "Roxas Boulevard Service Road"}}, {"type": "Feature", "geometry": {"type": "MultiLineString", "coordinates": [[[120.98889400000002, 14.557149799999996], [120.98913230000001, 14.556531699999997]]]}, "properties": {"event_key": null, "role": "context_road", "road_names": "Lim-an Street"}}, {"type": "Feature", "geometry": {"type": "MultiLineString", "coordinates": [[[120.98889400000002, 14.557149799999996], [120.9891856, 14.557265300000001], [120.98919800000002, 14.55727]]]}, "properties": {"event_key": null, "role": "context_road", "road_names": "R. Layug Street"}}, {"type": "Feature", "geometry": {"type": "MultiLineString", "coordinates": [[[120.99112560000002, 14.569655000000001], [120.99127140000002, 14.569833999999998], [120.9913631, 14.569949899999996]]]}, "properties": {"event_key": null, "role": "context_road", "road_names": "Quirino Avenue"}}, {"type": "Feature", "geometry": {"type": "MultiLineString", "coordinates": [[[120.9913631, 14.569949899999996], [120.99142450000001, 14.569968100000002], [120.99148320000002, 14.5699751], [120.99155890000002, 14.569967200000002], [120.99162990000002, 14.569940799999998], [120.99169150000002, 14.569897599999997], [120.9917396, 14.569840600000001]]]}, "properties": {"event_key": null, "role": "context_road", "road_names": "Unnamed road"}}, {"type": "Feature", "geometry": {"type": "MultiLineString", "coordinates": [[[120.9913631, 14.569949899999996], [120.9914207, 14.570016200000001], [120.99149380000001, 14.5701046], [120.9915146, 14.570129699999999], [120.9915546, 14.570179299999998], [120.99166292284325, 14.57041231425933]]]}, "properties": {"event_key": null, "role": "context_road", "road_names": "Quirino Avenue"}}, {"type": "Feature", "geometry": {"type": "MultiLineString", "coordinates": [[[120.99216185001032, 14.571037800003854], [120.992196, 14.570976300000005], [120.99228250000002, 14.571084500000001], [120.99249190000002, 14.571345700000002]]]}, "properties": {"event_key": null, "role": "context_road", "road_names": "Quirino Avenue"}}, {"type": "Feature", "geometry": {"type": "MultiLineString", "coordinates": [[[120.99216185001032, 14.571037800003854], [120.992196, 14.570976300000005], [120.9922393, 14.570896599999996], [120.99247700000001, 14.570458800000003]]]}, "properties": {"event_key": null, "role": "context_road", "road_names": "Leon Guinto Street"}}, {"type": "Feature", "geometry": {"type": "MultiLineString", "coordinates": [[[120.99216185001032, 14.571037800003854], [120.9921277, 14.571099299999998], [120.9920754, 14.5710338], [120.9920473, 14.5709986], [120.9919593, 14.570884899999996], [120.99180080000001, 14.570689799999997], [120.99166292284325, 14.57041231425933]]]}, "properties": {"event_key": null, "role": "context_road", "road_names": "Quirino Avenue"}}, {"type": "Feature", "geometry": {"type": "MultiLineString", "coordinates": [[[120.99216185001032, 14.571037800003854], [120.9921277, 14.571099299999998], [120.9920663, 14.571202999999999], [120.9911241, 14.572851799999997]]]}, "properties": {"event_key": null, "role": "context_road", "road_names": "Leon Guinto Street"}}, {"type": "Feature", "geometry": {"type": "MultiLineString", "coordinates": [[[120.99249190000002, 14.571345700000002], [120.9926809, 14.571582199999998]]]}, "properties": {"event_key": null, "role": "context_road", "road_names": "Quirino Avenue"}}, {"type": "Feature", "geometry": {"type": "MultiLineString", "coordinates": [[[120.99249190000002, 14.571345700000002], [120.99252280000002, 14.571325800000002], [120.9925503, 14.571303700000003], [120.9925728, 14.571270200000004], [120.9929008, 14.570619300000004], [120.99302384997038, 14.57066595002919]]]}, "properties": {"event_key": null, "role": "context_road", "road_names": "San Antonio Street"}}, {"type": "Feature", "geometry": {"type": "MultiLineString", "coordinates": [[[120.99247700000001, 14.570458800000003], [120.9929008, 14.570619300000004], [120.99302384997038, 14.57066595002919]]]}, "properties": {"event_key": null, "role": "context_road", "road_names": "San Andres Street"}}, {"type": "Feature", "geometry": {"type": "MultiLineString", "coordinates": [[[120.99247700000001, 14.570458800000003], [120.9927934, 14.5697937], [120.99280999999999, 14.569758799999995], [120.99301160000002, 14.5693352]]]}, "properties": {"event_key": null, "role": "context_road", "road_names": "Leon Guinto Street"}}, {"type": "Feature", "geometry": {"type": "MultiLineString", "coordinates": [[[120.99247700000001, 14.570458800000003], [120.9922393, 14.570896599999996], [120.992196, 14.570976300000005], [120.99216185001032, 14.571037800003854]]]}, "properties": {"event_key": null, "role": "context_road", "road_names": "Leon Guinto Street"}}, {"type": "Feature", "geometry": {"type": "MultiLineString", "coordinates": [[[120.99302384997038, 14.57066595002919], [120.9929008, 14.570619300000004], [120.99247700000001, 14.570458800000003]]]}, "properties": {"event_key": null, "role": "context_road", "road_names": "San Andres Street"}}, {"type": "Feature", "geometry": {"type": "MultiLineString", "coordinates": [[[120.99302384997038, 14.57066595002919], [120.9929008, 14.570619300000004], [120.9925728, 14.571270200000004], [120.9925503, 14.571303700000003], [120.99252280000002, 14.571325800000002], [120.99249190000002, 14.571345700000002]]]}, "properties": {"event_key": null, "role": "context_road", "road_names": "San Antonio Street"}}, {"type": "Feature", "geometry": {"type": "MultiLineString", "coordinates": [[[120.99302384997038, 14.57066595002919], [120.99314690000001, 14.570712599999997], [120.99350690000001, 14.570849000000004]]]}, "properties": {"event_key": null, "role": "context_road", "road_names": "San Andres Street"}}, {"type": "Feature", "geometry": {"type": "MultiLineString", "coordinates": [[[120.99302384997038, 14.57066595002919], [120.99314690000001, 14.570712599999997], [120.99275779999999, 14.571490699999998], [120.9927361, 14.5715309], [120.9927066, 14.571562], [120.9926809, 14.571582199999998]]]}, "properties": {"event_key": null, "role": "context_road", "road_names": "Agoncillo Street"}}, {"type": "Feature", "geometry": {"type": "MultiLineString", "coordinates": [[[120.99301160000002, 14.5693352], [120.99308159999998, 14.569188000000002], [120.9932088, 14.5689207], [120.99328650000001, 14.5687574], [120.99337160000002, 14.5685786]]]}, "properties": {"event_key": null, "role": "context_road", "road_names": "Leon Guinto Street"}}, {"type": "Feature", "geometry": {"type": "MultiLineString", "coordinates": [[[120.99301160000002, 14.5693352], [120.99280999999999, 14.569758799999995], [120.9927934, 14.5697937], [120.99247700000001, 14.570458800000003]]]}, "properties": {"event_key": null, "role": "context_road", "road_names": "Leon Guinto Street"}}, {"type": "Feature", "geometry": {"type": "MultiLineString", "coordinates": [[[120.99301160000002, 14.5693352], [120.99309449999998, 14.5693716], [120.99351119999999, 14.569560500000001], [120.9935407, 14.569583299999996], [120.9935467, 14.5696057], [120.9935085, 14.5697169], [120.99351119999999, 14.569733799999996], [120.993531, 14.569744099999994], [120.995159, 14.5703682]]]}, "properties": {"event_key": null, "role": "context_road", "road_names": "C. Aragon Street"}}, {"type": "Feature", "geometry": {"type": "MultiLineString", "coordinates": [[[120.99516489999999, 14.5647487], [120.9951389, 14.564804699999996], [120.9949353, 14.565256900000001], [120.99486610000001, 14.565410500000002]]]}, "properties": {"event_key": null, "role": "context_road", "road_names": "Leon Guinto Street"}}, {"type": "Feature", "geometry": {"type": "MultiLineString", "coordinates": [[[120.99516489999999, 14.5647487], [120.9951839, 14.564706900000003], [120.99535720000002, 14.5643463], [120.99567910000002, 14.5636768], [120.9959427, 14.563084799999999], [120.99598960000002, 14.562990100000002], [120.9958964499805, 14.562948350016388]]]}, "properties": {"event_key": null, "role": "context_road", "road_names": "Leon Guinto Street"}}, {"type": "Feature", "geometry": {"type": "MultiLineString", "coordinates": [[[120.99516489999999, 14.5647487], [120.9951303, 14.564733499999999], [120.9944633, 14.5644155], [120.99443010000002, 14.564398400000004], [120.99436149998996, 14.56436945000896]]]}, "properties": {"event_key": null, "role": "context_road", "road_names": "A. Estrada Street"}}, {"type": "Feature", "geometry": {"type": "MultiLineString", "coordinates": [[[120.99486610000001, 14.565410500000002], [120.9954237, 14.5656633]]]}, "properties": {"event_key": null, "role": "context_road", "road_names": "Kapitan Tikong Street"}}, {"type": "Feature", "geometry": {"type": "MultiLineString", "coordinates": [[[120.99486610000001, 14.565410500000002], [120.9949353, 14.565256900000001], [120.9951389, 14.564804699999996], [120.99516489999999, 14.5647487]]]}, "properties": {"event_key": null, "role": "context_road", "road_names": "Leon Guinto Street"}}, {"type": "Feature", "geometry": {"type": "MultiLineString", "coordinates": [[[120.99486610000001, 14.565410500000002], [120.9947765, 14.5656021], [120.99468360000002, 14.5658006], [120.99454380000002, 14.566099500000004], [120.9944542373156, 14.566290727412246]]]}, "properties": {"event_key": null, "role": "context_road", "road_names": "Leon Guinto Street"}}, {"type": "Feature", "geometry": {"type": "MultiLineString", "coordinates": [[[120.99491190000002, 14.5713742], [120.9952889, 14.5716172]]]}, "properties": {"event_key": null, "role": "context_road", "road_names": "San Andres Street"}}, {"type": "Feature", "geometry": {"type": "MultiLineString", "coordinates": [[[120.99491190000002, 14.5713742], [120.9950225, 14.5708895], [120.99502720000001, 14.5708692], [120.9950798, 14.5706659], [120.995159, 14.5703682]]]}, "properties": {"event_key": null, "role": "context_road", "road_names": "Singalong Street"}}, {"type": "Feature", "geometry": {"type": "MultiLineString", "coordinates": [[[120.9952889, 14.5716172], [120.9953555, 14.5716641], [120.9954771, 14.571740499999999], [120.99563650000002, 14.571838499999998], [120.9957783, 14.571906099999993]]]}, "properties": {"event_key": null, "role": "context_road", "road_names": "San Andres Street"}}, {"type": "Feature", "geometry": {"type": "MultiLineString", "coordinates": [[[120.9952889, 14.5716172], [120.995258, 14.5716956], [120.9951111, 14.572068400000004], [120.9944685, 14.573699299999996], [120.99445149999998, 14.573742499999998]]]}, "properties": {"event_key": null, "role": "context_road", "road_names": "Smith Street"}}, {"type": "Feature", "geometry": {"type": "MultiLineString", "coordinates": [[[120.995159, 14.5703682], [120.993531, 14.569744099999994], [120.99351119999999, 14.569733799999996], [120.9935085, 14.5697169], [120.9935467, 14.5696057], [120.9935407, 14.569583299999996], [120.99351119999999, 14.569560500000001], [120.99309449999998, 14.5693716], [120.99301160000002, 14.5693352]]]}, "properties": {"event_key": null, "role": "context_road", "road_names": "C. Aragon Street"}}, {"type": "Feature", "geometry": {"type": "MultiLineString", "coordinates": [[[120.995159, 14.5703682], [120.99522210000002, 14.570152], [120.99529450000001, 14.569920999999995]]]}, "properties": {"event_key": null, "role": "context_road", "road_names": "Singalong Street"}}, {"type": "Feature", "geometry": {"type": "MultiLineString", "coordinates": [[[120.99113019999999, 14.570238], [120.9909431, 14.5702062], [120.99071820000002, 14.5701798]]]}, "properties": {"event_key": null, "role": "context_road", "road_names": "San Andres Street"}}, {"type": "Feature", "geometry": {"type": "MultiLineString", "coordinates": [[[120.99393254995839, 14.573365000011817], [120.99384389999999, 14.573257999999997], [120.9937084, 14.573093599999998], [120.99362870000002, 14.572937899999998]]]}, "properties": {"event_key": null, "role": "context_road", "road_names": "Quirino Avenue"}}, {"type": "Feature", "geometry": {"type": "MultiLineString", "coordinates": [[[120.9924275, 14.573540200000002], [120.9924571, 14.573485600000001], [120.9929295, 14.572642200000004], [120.99311960000001, 14.572317099999996], [120.99315180000954, 14.57225695000348]]]}, "properties": {"event_key": null, "role": "context_road", "road_names": "San Marcelino Street"}}, {"type": "Feature", "geometry": {"type": "MultiLineString", "coordinates": [[[120.99276770000002, 14.573724300000002], [120.99312570000001, 14.573091099999997], [120.99338610000001, 14.572630600000002]]]}, "properties": {"event_key": null, "role": "context_road", "road_names": "Modesto Street"}}, {"type": "Feature", "geometry": {"type": "MultiLineString", "coordinates": [[[120.99315180000954, 14.57225695000348], [120.99311960000001, 14.572317099999996], [120.992863, 14.5719984]]]}, "properties": {"event_key": null, "role": "context_road", "road_names": "Quirino Avenue"}}, {"type": "Feature", "geometry": {"type": "MultiLineString", "coordinates": [[[120.99315180000954, 14.57225695000348], [120.993184, 14.572196800000002], [120.99344190000001, 14.5725178]]]}, "properties": {"event_key": null, "role": "context_road", "road_names": "Quirino Avenue"}}, {"type": "Feature", "geometry": {"type": "MultiLineString", "coordinates": [[[120.99315180000954, 14.57225695000348], [120.993184, 14.572196800000002], [120.99385710000001, 14.5709815]]]}, "properties": {"event_key": null, "role": "context_road", "road_names": "San Marcelino Street"}}, {"type": "Feature", "geometry": {"type": "MultiLineString", "coordinates": [[[120.99035809999543, 14.57243250000317], [120.99039959999999, 14.572455000000003], [120.9911241, 14.572851799999997]]]}, "properties": {"event_key": null, "role": "context_road", "road_names": "Remedios Street"}}, {"type": "Feature", "geometry": {"type": "MultiLineString", "coordinates": [[[120.99035809999543, 14.57243250000317], [120.99039959999999, 14.572455000000003], [120.9903484, 14.5725474], [120.9901124, 14.572972899999996], [120.98990960000002, 14.573338800000002], [120.9898828, 14.573385599999998], [120.98965650000001, 14.573774199999999], [120.98961309999508, 14.573750950003479]]]}, "properties": {"event_key": null, "role": "context_road", "road_names": "Taft Avenue"}}, {"type": "Feature", "geometry": {"type": "MultiLineString", "coordinates": [[[120.99035809999543, 14.57243250000317], [120.9903166, 14.572409999999998], [120.9909116, 14.571345199999993], [120.99127600000001, 14.5706879]]]}, "properties": {"event_key": null, "role": "context_road", "road_names": "Taft Avenue"}}, {"type": "Feature", "geometry": {"type": "MultiLineString", "coordinates": [[[120.9911241, 14.572851799999997], [120.99082390000001, 14.573390599999998], [120.9903985, 14.574167799999994]]]}, "properties": {"event_key": null, "role": "context_road", "road_names": "Leon Guinto Street"}}, {"type": "Feature", "geometry": {"type": "MultiLineString", "coordinates": [[[120.9911241, 14.572851799999997], [120.9920663, 14.571202999999999], [120.9921277, 14.571099299999998], [120.99216185001032, 14.571037800003854]]]}, "properties": {"event_key": null, "role": "context_road", "road_names": "Leon Guinto Street"}}, {"type": "Feature", "geometry": {"type": "MultiLineString", "coordinates": [[[120.9911241, 14.572851799999997], [120.9913904, 14.5729971], [120.99145849999998, 14.573033599999999]]]}, "properties": {"event_key": null, "role": "context_road", "road_names": "Remedios Street"}}, {"type": "Feature", "geometry": {"type": "MultiLineString", "coordinates": [[[120.98961309999508, 14.573750950003479], [120.98956970000002, 14.5737277], [120.98978879999999, 14.573321099999998], [120.99011810000002, 14.572752700000002], [120.9902635, 14.5725016], [120.9903166, 14.572409999999998], [120.99035809999543, 14.57243250000317]]]}, "properties": {"event_key": null, "role": "context_road", "road_names": "Taft Avenue"}}, {"type": "Feature", "geometry": {"type": "MultiLineString", "coordinates": [[[120.9889386, 14.571680900000002], [120.98964539999999, 14.572053199999997]]]}, "properties": {"event_key": null, "role": "context_road", "road_names": "Remedios Street"}}, {"type": "Feature", "geometry": {"type": "MultiLineString", "coordinates": [[[120.98964539999999, 14.572053199999997], [120.99071820000002, 14.5701798]]]}, "properties": {"event_key": null, "role": "context_road", "road_names": "Pilar Hidalgo Lim Street"}}, {"type": "Feature", "geometry": {"type": "MultiLineString", "coordinates": [[[120.98964539999999, 14.572053199999997], [120.988892, 14.5733536]]]}, "properties": {"event_key": null, "role": "context_road", "road_names": "Pilar Hidalgo Lim Street"}}, {"type": "Feature", "geometry": {"type": "MultiLineString", "coordinates": [[[120.98964539999999, 14.572053199999997], [120.98986970000001, 14.572174099999996], [120.9903166, 14.572409999999998], [120.99035809999543, 14.57243250000317]]]}, "properties": {"event_key": null, "role": "context_road", "road_names": "Remedios Street"}}, {"type": "Feature", "geometry": {"type": "MultiLineString", "coordinates": [[[120.98987420000002, 14.570059099999996], [120.9897265, 14.570036799999999], [120.98957370000001, 14.5700138], [120.9892272, 14.569961499999994], [120.98909479999999, 14.569939800000002], [120.9890646, 14.569935199999996], [120.98898919999999, 14.569915600000007]]]}, "properties": {"event_key": null, "role": "context_road", "road_names": "San Andres Street"}}, {"type": "Feature", "geometry": {"type": "MultiLineString", "coordinates": [[[120.99071820000002, 14.5701798], [120.98964539999999, 14.572053199999997]]]}, "properties": {"event_key": null, "role": "context_road", "road_names": "Pilar Hidalgo Lim Street"}}, {"type": "Feature", "geometry": {"type": "MultiLineString", "coordinates": [[[120.99071820000002, 14.5701798], [120.9901555, 14.570104099999998], [120.99012300000001, 14.570099699999998], [120.98987420000002, 14.570059099999996]]]}, "properties": {"event_key": null, "role": "context_road", "road_names": "San Andres Street"}}, {"type": "Feature", "geometry": {"type": "MultiLineString", "coordinates": [[[120.988892, 14.5733536], [120.98964539999999, 14.572053199999997]]]}, "properties": {"event_key": null, "role": "context_road", "road_names": "Pilar Hidalgo Lim Street"}}, {"type": "Feature", "geometry": {"type": "MultiLineString", "coordinates": [[[120.98984210000002, 14.5680923], [120.99026730000001, 14.568605399999997], [120.9905747, 14.5689821], [120.9906217, 14.569039600000002], [120.99112560000002, 14.569655000000001]]]}, "properties": {"event_key": null, "role": "context_road", "road_names": "Quirino Avenue"}}, {"type": "Feature", "geometry": {"type": "MultiLineString", "coordinates": [[[120.9903985, 14.574167799999994], [120.99082390000001, 14.573390599999998], [120.9911241, 14.572851799999997]]]}, "properties": {"event_key": null, "role": "context_road", "road_names": "Leon Guinto Street"}}, {"type": "Feature", "geometry": {"type": "MultiLineString", "coordinates": [[[120.99145849999998, 14.573033599999999], [120.99071610000001, 14.574335700000002]]]}, "properties": {"event_key": null, "role": "context_road", "road_names": "San Pedro Street"}}, {"type": "Feature", "geometry": {"type": "MultiLineString", "coordinates": [[[120.99145849999998, 14.573033599999999], [120.9917775, 14.5732051]]]}, "properties": {"event_key": null, "role": "context_road", "road_names": "Remedios Street"}}, {"type": "Feature", "geometry": {"type": "MultiLineString", "coordinates": [[[120.9910326, 14.574506899999992], [120.9917775, 14.5732051]]]}, "properties": {"event_key": null, "role": "context_road", "road_names": "Agoncillo Street"}}, {"type": "Feature", "geometry": {"type": "MultiLineString", "coordinates": [[[120.9917775, 14.5732051], [120.99210010000002, 14.573365200000003]]]}, "properties": {"event_key": null, "role": "context_road", "road_names": "Remedios Street"}}, {"type": "Feature", "geometry": {"type": "MultiLineString", "coordinates": [[[120.9917775, 14.5732051], [120.9910326, 14.574506899999992]]]}, "properties": {"event_key": null, "role": "context_road", "road_names": "Agoncillo Street"}}, {"type": "Feature", "geometry": {"type": "MultiLineString", "coordinates": [[[120.9917775, 14.5732051], [120.99244820000001, 14.572018599999996], [120.992624, 14.5717076]]]}, "properties": {"event_key": null, "role": "context_road", "road_names": "Agoncillo Street"}}, {"type": "Feature", "geometry": {"type": "MultiLineString", "coordinates": [[[120.99071610000001, 14.574335700000002], [120.99145849999998, 14.573033599999999]]]}, "properties": {"event_key": null, "role": "context_road", "road_names": "San Pedro Street"}}, {"type": "Feature", "geometry": {"type": "MultiLineString", "coordinates": [[[120.99210010000002, 14.573365200000003], [120.992863, 14.5719984]]]}, "properties": {"event_key": null, "role": "context_road", "road_names": "San Pascual Street"}}, {"type": "Feature", "geometry": {"type": "MultiLineString", "coordinates": [[[120.992624, 14.5717076], [120.99244820000001, 14.572018599999996], [120.9917775, 14.5732051]]]}, "properties": {"event_key": null, "role": "context_road", "road_names": "Agoncillo Street"}}, {"type": "Feature", "geometry": {"type": "MultiLineString", "coordinates": [[[120.992624, 14.5717076], [120.99234770000001, 14.571377099999998], [120.99223600000002, 14.5712361], [120.9921828, 14.571168899999996], [120.9921277, 14.571099299999998], [120.99216185001032, 14.571037800003854]]]}, "properties": {"event_key": null, "role": "context_road", "road_names": "Quirino Avenue"}}, {"type": "Feature", "geometry": {"type": "MultiLineString", "coordinates": [[[120.992863, 14.5719984], [120.992624, 14.5717076]]]}, "properties": {"event_key": null, "role": "context_road", "road_names": "Quirino Avenue"}}, {"type": "Feature", "geometry": {"type": "MultiLineString", "coordinates": [[[120.992863, 14.5719984], [120.99210010000002, 14.573365200000003]]]}, "properties": {"event_key": null, "role": "context_road", "road_names": "San Pascual Street"}}, {"type": "Feature", "geometry": {"type": "MultiLineString", "coordinates": [[[120.99338610000001, 14.572630600000002], [120.99312570000001, 14.573091099999997], [120.99276770000002, 14.573724300000002]]]}, "properties": {"event_key": null, "role": "context_road", "road_names": "Modesto Street"}}, {"type": "Feature", "geometry": {"type": "MultiLineString", "coordinates": [[[120.99338610000001, 14.572630600000002], [120.9933526, 14.572591599999997], [120.993249, 14.572471400000001], [120.99311960000001, 14.572317099999996], [120.99315180000954, 14.57225695000348]]]}, "properties": {"event_key": null, "role": "context_road", "road_names": "Quirino Avenue"}}, {"type": "Feature", "geometry": {"type": "MultiLineString", "coordinates": [[[120.99308270000002, 14.573894699999995], [120.9934432, 14.5732618], [120.99362870000002, 14.572937899999998]]]}, "properties": {"event_key": null, "role": "context_road", "road_names": "F. Benitez Street"}}, {"type": "Feature", "geometry": {"type": "MultiLineString", "coordinates": [[[120.99362870000002, 14.572937899999998], [120.9935062, 14.5727827], [120.99338610000001, 14.572630600000002]]]}, "properties": {"event_key": null, "role": "context_road", "road_names": "Quirino Avenue"}}, {"type": "Feature", "geometry": {"type": "MultiLineString", "coordinates": [[[120.99362870000002, 14.572937899999998], [120.9934432, 14.5732618], [120.99308270000002, 14.573894699999995]]]}, "properties": {"event_key": null, "role": "context_road", "road_names": "F. Benitez Street"}}, {"type": "Feature", "geometry": {"type": "MultiLineString", "coordinates": [[[121.0007863, 14.561079400000006], [121.0007759, 14.5611188], [121.0007257, 14.561222200000003], [121.0005322, 14.561608400000003], [121.00065295000762, 14.561586950032702]]]}, "properties": {"event_key": null, "role": "context_road", "road_names": "Bautista Street"}}, {"type": "Feature", "geometry": {"type": "MultiLineString", "coordinates": [[[121.0007863, 14.561079400000006], [121.0008166, 14.560984200000004], [121.0009428, 14.560504], [121.0011554, 14.559709000000002]]]}, "properties": {"event_key": null, "role": "context_road", "road_names": "Bautista Street"}}, {"type": "Feature", "geometry": {"type": "MultiLineString", "coordinates": [[[121.0007863, 14.561079400000006], [121.00090110000001, 14.561070399999993], [121.0012328, 14.561052900000004], [121.00129130000002, 14.561052899999996]]]}, "properties": {"event_key": null, "role": "context_road", "road_names": "Arellano Street"}}, {"type": "Feature", "geometry": {"type": "MultiLineString", "coordinates": [[[121.0007863, 14.561079400000006], [121.0007036, 14.5610904], [121.00046969999998, 14.561122400000002], [121.0002785, 14.561158199999996]]]}, "properties": {"event_key": null, "role": "context_road", "road_names": "Arellano Street"}}, {"type": "Feature", "geometry": {"type": "MultiLineString", "coordinates": [[[121.00065295000762, 14.561586950032702], [121.0005322, 14.561608400000003], [121.0004083, 14.561866499999999]]]}, "properties": {"event_key": null, "role": "context_road", "road_names": "Bautista Street"}}, {"type": "Feature", "geometry": {"type": "MultiLineString", "coordinates": [[[121.00065295000762, 14.561586950032702], [121.0005322, 14.561608400000003], [121.0007257, 14.561222200000003], [121.0007759, 14.5611188], [121.0007863, 14.561079400000006]]]}, "properties": {"event_key": null, "role": "context_road", "road_names": "Bautista Street"}}, {"type": "Feature", "geometry": {"type": "MultiLineString", "coordinates": [[[121.00065295000762, 14.561586950032702], [121.0005322, 14.561608400000003], [121.00036900000002, 14.5616486], [121.00018159999999, 14.561703599999998], [121.0000431, 14.561756299999997], [120.9998721, 14.561860799999998], [120.99974140000002, 14.561971599999996], [120.999401, 14.562309800000001]]]}, "properties": {"event_key": null, "role": "context_road", "road_names": "Enrique Street"}}, {"type": "Feature", "geometry": {"type": "MultiLineString", "coordinates": [[[121.0011554, 14.559709000000002], [121.0009428, 14.560504], [121.0008166, 14.560984200000004], [121.0007863, 14.561079400000006]]]}, "properties": {"event_key": null, "role": "context_road", "road_names": "Bautista Street"}}, {"type": "Feature", "geometry": {"type": "MultiLineString", "coordinates": [[[121.00129130000002, 14.561052899999996], [121.00164090000001, 14.559786400000002]]]}, "properties": {"event_key": null, "role": "context_road", "road_names": "Quirinal Street"}}, {"type": "Feature", "geometry": {"type": "MultiLineString", "coordinates": [[[121.00129130000002, 14.561052899999996], [121.0012328, 14.561052900000004], [121.00090110000001, 14.561070399999993], [121.0007863, 14.561079400000006]]]}, "properties": {"event_key": null, "role": "context_road", "road_names": "Arellano Street"}}, {"type": "Feature", "geometry": {"type": "MultiLineString", "coordinates": [[[121.00129130000002, 14.561052899999996], [121.00153500000002, 14.561045400000003], [121.0017359, 14.561040099999998], [121.00177230000001, 14.561039099999997]]]}, "properties": {"event_key": null, "role": "context_road", "road_names": "Arellano Street"}}, {"type": "Feature", "geometry": {"type": "MultiLineString", "coordinates": [[[121.0002785, 14.561158199999996], [121.00046969999998, 14.561122400000002], [121.0007036, 14.5610904], [121.0007863, 14.561079400000006]]]}, "properties": {"event_key": null, "role": "context_road", "road_names": "Arellano Street"}}, {"type": "Feature", "geometry": {"type": "MultiLineString", "coordinates": [[[121.0002785, 14.561158199999996], [121.000084, 14.561213099999998], [121.0000419, 14.5612286], [120.9999189, 14.5612736], [120.9998031, 14.561329799999998], [120.9997962999996, 14.561315750000045]]]}, "properties": {"event_key": null, "role": "context_road", "road_names": "Arellano Street"}}, {"type": "Feature", "geometry": {"type": "MultiLineString", "coordinates": [[[120.9994032, 14.564652899999999], [120.999213, 14.5645559], [120.99911869999998, 14.564508900000002]]]}, "properties": {"event_key": null, "role": "context_road", "road_names": "Pablo Ocampo Street"}}, {"type": "Feature", "geometry": {"type": "MultiLineString", "coordinates": [[[120.9994032, 14.564652899999999], [120.99943160000001, 14.5645954], [120.9998118, 14.563824399999998]]]}, "properties": {"event_key": null, "role": "context_road", "road_names": "Fernando Street"}}, {"type": "Feature", "geometry": {"type": "MultiLineString", "coordinates": [[[120.9998118, 14.563824399999998], [120.999523, 14.563677600000002]]]}, "properties": {"event_key": null, "role": "context_road", "road_names": "A. Roxas Street"}}, {"type": "Feature", "geometry": {"type": "MultiLineString", "coordinates": [[[120.9998118, 14.563824399999998], [121.0001292, 14.563985699999998]]]}, "properties": {"event_key": null, "role": "context_road", "road_names": "A. Roxas Street"}}, {"type": "Feature", "geometry": {"type": "MultiLineString", "coordinates": [[[120.9998118, 14.563824399999998], [120.99943160000001, 14.5645954], [120.9994032, 14.564652899999999]]]}, "properties": {"event_key": null, "role": "context_road", "road_names": "Fernando Street"}}, {"type": "Feature", "geometry": {"type": "MultiLineString", "coordinates": [[[120.9998118, 14.563824399999998], [121.00014709999999, 14.563160699999994], [121.00020790000002, 14.5630774]]]}, "properties": {"event_key": null, "role": "context_road", "road_names": "Fernando Street"}}, {"type": "Feature", "geometry": {"type": "MultiLineString", "coordinates": [[[120.99970450000002, 14.564806399999998], [120.9994032, 14.564652899999999]]]}, "properties": {"event_key": null, "role": "context_road", "road_names": "Pablo Ocampo Street"}}, {"type": "Feature", "geometry": {"type": "MultiLineString", "coordinates": [[[120.99970450000002, 14.564806399999998], [120.99948010000001, 14.565268499999997]]]}, "properties": {"event_key": null, "role": "context_road", "road_names": "Conchu Street"}}, {"type": "Feature", "geometry": {"type": "MultiLineString", "coordinates": [[[120.99970450000002, 14.564806399999998], [120.99973370000001, 14.564750500000002], [121.0001292, 14.563985699999998]]]}, "properties": {"event_key": null, "role": "context_road", "road_names": "Conchu Street"}}, {"type": "Feature", "geometry": {"type": "MultiLineString", "coordinates": [[[120.99948010000001, 14.565268499999997], [121.00011049999999, 14.565582300000003]]]}, "properties": {"event_key": null, "role": "context_road", "road_names": "Consuelo Street"}}, {"type": "Feature", "geometry": {"type": "MultiLineString", "coordinates": [[[120.99948010000001, 14.565268499999997], [120.99931900000001, 14.565597400000001]]]}, "properties": {"event_key": null, "role": "context_road", "road_names": "Conchu Street"}}, {"type": "Feature", "geometry": {"type": "MultiLineString", "coordinates": [[[120.99948010000001, 14.565268499999997], [120.99970450000002, 14.564806399999998]]]}, "properties": {"event_key": null, "role": "context_road", "road_names": "Conchu Street"}}, {"type": "Feature", "geometry": {"type": "MultiLineString", "coordinates": [[[120.99948010000001, 14.565268499999997], [120.9989291, 14.564978400000001], [120.99889270000001, 14.564959499999997]]]}, "properties": {"event_key": null, "role": "context_road", "road_names": "Consuelo Street"}}, {"type": "Feature", "geometry": {"type": "MultiLineString", "coordinates": [[[121.0001292, 14.563985699999998], [120.9998118, 14.563824399999998]]]}, "properties": {"event_key": null, "role": "context_road", "road_names": "A. Roxas Street"}}, {"type": "Feature", "geometry": {"type": "MultiLineString", "coordinates": [[[121.0001292, 14.563985699999998], [121.00044079999999, 14.564144100000002]]]}, "properties": {"event_key": null, "role": "context_road", "road_names": "A. Roxas Street"}}, {"type": "Feature", "geometry": {"type": "MultiLineString", "coordinates": [[[121.0001292, 14.563985699999998], [121.00041140000002, 14.563412899999996], [121.00045769999998, 14.5633449]]]}, "properties": {"event_key": null, "role": "context_road", "road_names": "Conchu Street"}}, {"type": "Feature", "geometry": {"type": "MultiLineString", "coordinates": [[[120.9991477, 14.565946400000001], [120.9997849, 14.5662487]]]}, "properties": {"event_key": null, "role": "context_road", "road_names": "C. Ayala Street"}}, {"type": "Feature", "geometry": {"type": "MultiLineString", "coordinates": [[[120.9991477, 14.565946400000001], [120.9989289, 14.566411399999998]]]}, "properties": {"event_key": null, "role": "context_road", "road_names": "Conchu Street"}}, {"type": "Feature", "geometry": {"type": "MultiLineString", "coordinates": [[[120.9991477, 14.565946400000001], [120.99931900000001, 14.565597400000001]]]}, "properties": {"event_key": null, "role": "context_road", "road_names": "Conchu Street"}}, {"type": "Feature", "geometry": {"type": "MultiLineString", "coordinates": [[[120.9991477, 14.565946400000001], [120.9985892, 14.565695399999997], [120.9985365, 14.565669400000004]]]}, "properties": {"event_key": null, "role": "context_road", "road_names": "C. Ayala Street"}}, {"type": "Feature", "geometry": {"type": "MultiLineString", "coordinates": [[[120.99127600000001, 14.5706879], [120.99129150000002, 14.5706274], [120.99129699999999, 14.5705726], [120.99129480000002, 14.570517499999998], [120.9912848, 14.570463299999995], [120.99126729999999, 14.570410800000001], [120.99124260000002, 14.570361199999999], [120.99121110000002, 14.570315299999999], [120.99117340000001, 14.570273900000002], [120.99113019999999, 14.570238]]]}, "properties": {"event_key": null, "role": "context_road", "road_names": "Unnamed road"}}, {"type": "Feature", "geometry": {"type": "MultiLineString", "coordinates": [[[120.99127600000001, 14.5706879], [120.9914235, 14.570419599999996], [120.99149140000002, 14.570296100000002], [120.99166292284325, 14.57041231425933]]]}, "properties": {"event_key": null, "role": "context_road", "road_names": "Taft Avenue"}}, {"type": "Feature", "geometry": {"type": "MultiLineString", "coordinates": [[[120.99046530000001, 14.557751300000001], [120.9902689, 14.5582165]]]}, "properties": {"event_key": null, "role": "context_road", "road_names": "F. B. Harrison Street"}}, {"type": "Feature", "geometry": {"type": "MultiLineString", "coordinates": [[[120.99046530000001, 14.557751300000001], [120.99178780000001, 14.558141399999998]]]}, "properties": {"event_key": null, "role": "context_road", "road_names": "Estrella Street"}}, {"type": "Feature", "geometry": {"type": "MultiLineString", "coordinates": [[[120.99046530000001, 14.557751300000001], [120.99052779999998, 14.557587999999999], [120.9906872, 14.557171099999998], [120.99070145000307, 14.557130300000846]]]}, "properties": {"event_key": null, "role": "context_road", "road_names": "F. B. Harrison Street"}}, {"type": "Feature", "geometry": {"type": "MultiLineString", "coordinates": [[[120.9902689, 14.5582165], [120.99046530000001, 14.557751300000001]]]}, "properties": {"event_key": null, "role": "context_road", "road_names": "F. B. Harrison Street"}}, {"type": "Feature", "geometry": {"type": "MultiLineString", "coordinates": [[[120.9902689, 14.5582165], [120.99008499999998, 14.558655399999996]]]}, "properties": {"event_key": null, "role": "context_road", "road_names": "F. B. Harrison Street"}}, {"type": "Feature", "geometry": {"type": "MultiLineString", "coordinates": [[[120.99178780000001, 14.558141399999998], [120.99198049999998, 14.557566199999997]]]}, "properties": {"event_key": null, "role": "context_road", "road_names": "Jockian Street"}}, {"type": "Feature", "geometry": {"type": "MultiLineString", "coordinates": [[[120.99070145000307, 14.557130300000846], [120.9906872, 14.557171099999998], [120.99198049999998, 14.557566199999997]]]}, "properties": {"event_key": null, "role": "context_road", "road_names": "Gotamco Street"}}, {"type": "Feature", "geometry": {"type": "MultiLineString", "coordinates": [[[120.99070145000307, 14.557130300000846], [120.9906872, 14.557171099999998], [120.99052779999998, 14.557587999999999], [120.99046530000001, 14.557751300000001]]]}, "properties": {"event_key": null, "role": "context_road", "road_names": "F. B. Harrison Street"}}, {"type": "Feature", "geometry": {"type": "MultiLineString", "coordinates": [[[120.99070145000307, 14.557130300000846], [120.9907157, 14.557089500000004], [120.9901243, 14.5568832]]]}, "properties": {"event_key": null, "role": "context_road", "road_names": "E. Rodriguez Street"}}, {"type": "Feature", "geometry": {"type": "MultiLineString", "coordinates": [[[120.99070145000307, 14.557130300000846], [120.9907157, 14.557089500000004], [120.99075510000002, 14.556971900000002], [120.9908006, 14.5568361], [120.9908318, 14.5567432]]]}, "properties": {"event_key": null, "role": "context_road", "road_names": "F. B. Harrison Street"}}, {"type": "Feature", "geometry": {"type": "MultiLineString", "coordinates": [[[121.00042, 14.566527200000001], [121.00057370000002, 14.5662142]]]}, "properties": {"event_key": null, "role": "context_road", "road_names": "Espiritu Street"}}, {"type": "Feature", "geometry": {"type": "MultiLineString", "coordinates": [[[121.00042, 14.566527200000001], [120.9997849, 14.5662487]]]}, "properties": {"event_key": null, "role": "context_road", "road_names": "C. Ayala Street"}}, {"type": "Feature", "geometry": {"type": "MultiLineString", "coordinates": [[[121.00095119999999, 14.5654457], [121.0007295, 14.565897000000001]]]}, "properties": {"event_key": null, "role": "context_road", "road_names": "Espiritu Street"}}, {"type": "Feature", "geometry": {"type": "MultiLineString", "coordinates": [[[121.00095119999999, 14.5654457], [121.0006483, 14.565290599999999]]]}, "properties": {"event_key": null, "role": "context_road", "road_names": "Pablo Ocampo Street"}}, {"type": "Feature", "geometry": {"type": "MultiLineString", "coordinates": [[[121.00095119999999, 14.5654457], [121.00097880000001, 14.565389399999997], [121.0014361, 14.564458199999997], [121.0014845, 14.564372599999995]]]}, "properties": {"event_key": null, "role": "context_road", "road_names": "Espiritu Street"}}, {"type": "Feature", "geometry": {"type": "MultiLineString", "coordinates": [[[121.0007295, 14.565897000000001], [121.00095119999999, 14.5654457]]]}, "properties": {"event_key": null, "role": "context_road", "road_names": "Espiritu Street"}}, {"type": "Feature", "geometry": {"type": "MultiLineString", "coordinates": [[[121.0007295, 14.565897000000001], [121.00057370000002, 14.5662142]]]}, "properties": {"event_key": null, "role": "context_road", "road_names": "Espiritu Street"}}, {"type": "Feature", "geometry": {"type": "MultiLineString", "coordinates": [[[121.0007295, 14.565897000000001], [121.0013378, 14.566204899999999]]]}, "properties": {"event_key": null, "role": "context_road", "road_names": "Consuelo Street"}}, {"type": "Feature", "geometry": {"type": "MultiLineString", "coordinates": [[[121.0007295, 14.565897000000001], [121.00011049999999, 14.565582300000003]]]}, "properties": {"event_key": null, "role": "context_road", "road_names": "Consuelo Street"}}, {"type": "Feature", "geometry": {"type": "MultiLineString", "coordinates": [[[121.0006483, 14.565290599999999], [121.0003345, 14.565123300000003]]]}, "properties": {"event_key": null, "role": "context_road", "road_names": "Pablo Ocampo Street"}}, {"type": "Feature", "geometry": {"type": "MultiLineString", "coordinates": [[[121.0006483, 14.565290599999999], [121.0006763, 14.565233600000003], [121.00077780000001, 14.565027499999998], [121.0011823, 14.5642063], [121.00123340000002, 14.5641178]]]}, "properties": {"event_key": null, "role": "context_road", "road_names": "Jacobo Street"}}, {"type": "Feature", "geometry": {"type": "MultiLineString", "coordinates": [[[121.0014845, 14.564372599999995], [121.00174750000001, 14.564639899999998]]]}, "properties": {"event_key": null, "role": "context_road", "road_names": "Zobel Roxas Street"}}, {"type": "Feature", "geometry": {"type": "MultiLineString", "coordinates": [[[121.0014845, 14.564372599999995], [121.0014361, 14.564458199999997], [121.00097880000001, 14.565389399999997], [121.00095119999999, 14.5654457]]]}, "properties": {"event_key": null, "role": "context_road", "road_names": "Espiritu Street"}}, {"type": "Feature", "geometry": {"type": "MultiLineString", "coordinates": [[[121.00174750000001, 14.564639899999998], [121.0016922, 14.5647351], [121.00166799999998, 14.5647888], [121.00156140000001, 14.564992099999998], [121.00140209999999, 14.565298200000004], [121.0012907, 14.5655164], [121.0012801, 14.565537000000003], [121.0012495, 14.5655988]]]}, "properties": {"event_key": null, "role": "context_road", "road_names": "Alfonso Street"}}, {"type": "Feature", "geometry": {"type": "MultiLineString", "coordinates": [[[121.00174750000001, 14.564639899999998], [121.0018109, 14.5647076], [121.00192809999999, 14.564823199999996], [121.00199670000002, 14.564896399999997]]]}, "properties": {"event_key": null, "role": "context_road", "road_names": "Zobel Roxas Street"}}, {"type": "Feature", "geometry": {"type": "MultiLineString", "coordinates": [[[121.0011868, 14.566508700000004], [121.00057370000002, 14.5662142]]]}, "properties": {"event_key": null, "role": "context_road", "road_names": "Don Pedro Street"}}, {"type": "Feature", "geometry": {"type": "MultiLineString", "coordinates": [[[121.0015157, 14.566672099999996], [121.0018294, 14.566006899999996], [121.0018722, 14.5659194]]]}, "properties": {"event_key": null, "role": "context_road", "road_names": "Taal Street"}}, {"type": "Feature", "geometry": {"type": "MultiLineString", "coordinates": [[[121.0018722, 14.5659194], [121.00155999999998, 14.565758000000002]]]}, "properties": {"event_key": null, "role": "context_road", "road_names": "Pablo Ocampo Street"}}, {"type": "Feature", "geometry": {"type": "MultiLineString", "coordinates": [[[121.0018722, 14.5659194], [121.0022483, 14.565149900000002]]]}, "properties": {"event_key": null, "role": "context_road", "road_names": "Taal Street"}}, {"type": "Feature", "geometry": {"type": "MultiLineString", "coordinates": [[[121.00252060000001, 14.565432999999999], [121.00283749999998, 14.5657788], [121.00301729824717, 14.565890982829565]]]}, "properties": {"event_key": null, "role": "context_road", "road_names": "Zobel Roxas Street"}}, {"type": "Feature", "geometry": {"type": "MultiLineString", "coordinates": [[[121.00252060000001, 14.565432999999999], [121.0024808, 14.5655032], [121.00223490000002, 14.565992700000002], [121.00223109999999, 14.5660002], [121.00218750000002, 14.566082500000002]]]}, "properties": {"event_key": null, "role": "context_road", "road_names": "Gregorio del Pilar Street"}}, {"type": "Feature", "geometry": {"type": "MultiLineString", "coordinates": [[[121.0022483, 14.565149900000002], [121.00252060000001, 14.565432999999999]]]}, "properties": {"event_key": null, "role": "context_road", "road_names": "Zobel Roxas Street"}}, {"type": "Feature", "geometry": {"type": "MultiLineString", "coordinates": [[[121.0003284, 14.557512700000002], [121.00074770000002, 14.557558000000002]]]}, "properties": {"event_key": null, "role": "context_road", "road_names": "Dayap Street"}}, {"type": "Feature", "geometry": {"type": "MultiLineString", "coordinates": [[[121.0003284, 14.557512700000002], [120.9999258, 14.5591473], [120.9999159, 14.559187299999998]]]}, "properties": {"event_key": null, "role": "context_road", "road_names": "Araro Street"}}, {"type": "Feature", "geometry": {"type": "MultiLineString", "coordinates": [[[120.9999159, 14.559187299999998], [120.99985280000001, 14.559413100000002], [120.99981730000002, 14.5595399], [120.9997645, 14.559737099999996]]]}, "properties": {"event_key": null, "role": "context_road", "road_names": "Araro Street"}}, {"type": "Feature", "geometry": {"type": "MultiLineString", "coordinates": [[[121.00177230000001, 14.561039099999997], [121.0017359, 14.561040099999998], [121.00153500000002, 14.561045400000003], [121.00129130000002, 14.561052899999996]]]}, "properties": {"event_key": null, "role": "context_road", "road_names": "Arellano Street"}}, {"type": "Feature", "geometry": {"type": "MultiLineString", "coordinates": [[[121.0013497, 14.561527299999998], [121.0020182, 14.5621925]]]}, "properties": {"event_key": null, "role": "context_road", "road_names": "Diesel Street"}}, {"type": "Feature", "geometry": {"type": "MultiLineString", "coordinates": [[[121.0013497, 14.561527299999998], [121.0010563, 14.561545399999998], [121.0007737, 14.561565500000004], [121.00065295000762, 14.561586950032702]]]}, "properties": {"event_key": null, "role": "context_road", "road_names": "Enrique Street"}}, {"type": "Feature", "geometry": {"type": "MultiLineString", "coordinates": [[[121.0004083, 14.561866499999999], [121.0005322, 14.561608400000003], [121.00065295000762, 14.561586950032702]]]}, "properties": {"event_key": null, "role": "context_road", "road_names": "Bautista Street"}}, {"type": "Feature", "geometry": {"type": "MultiLineString", "coordinates": [[[121.0004083, 14.561866499999999], [121.0001955, 14.562294]]]}, "properties": {"event_key": null, "role": "context_road", "road_names": "Bautista Street"}}, {"type": "Feature", "geometry": {"type": "MultiLineString", "coordinates": [[[121.0004083, 14.561866499999999], [121.00151579999999, 14.562992200000002]]]}, "properties": {"event_key": null, "role": "context_road", "road_names": "Boyle Street"}}, {"type": "Feature", "geometry": {"type": "MultiLineString", "coordinates": [[[120.9996588, 14.562570100000002], [120.999921, 14.562834799999994]]]}, "properties": {"event_key": null, "role": "context_road", "road_names": "Zobel Roxas Street"}}, {"type": "Feature", "geometry": {"type": "MultiLineString", "coordinates": [[[120.9996588, 14.562570100000002], [120.99962179999999, 14.562640199999997], [120.99918850000002, 14.5635076]]]}, "properties": {"event_key": null, "role": "context_road", "road_names": "Mercedes Street"}}, {"type": "Feature", "geometry": {"type": "MultiLineString", "coordinates": [[[121.0001955, 14.562294], [121.0004083, 14.561866499999999]]]}, "properties": {"event_key": null, "role": "context_road", "road_names": "Bautista Street"}}, {"type": "Feature", "geometry": {"type": "MultiLineString", "coordinates": [[[121.0001955, 14.562294], [120.999921, 14.562834799999994]]]}, "properties": {"event_key": null, "role": "context_road", "road_names": "Bautista Street"}}, {"type": "Feature", "geometry": {"type": "MultiLineString", "coordinates": [[[120.999921, 14.562834799999994], [120.999523, 14.563677600000002]]]}, "properties": {"event_key": null, "role": "context_road", "road_names": "Bautista Street"}}, {"type": "Feature", "geometry": {"type": "MultiLineString", "coordinates": [[[120.999921, 14.562834799999994], [121.0001955, 14.562294]]]}, "properties": {"event_key": null, "role": "context_road", "road_names": "Bautista Street"}}, {"type": "Feature", "geometry": {"type": "MultiLineString", "coordinates": [[[120.999921, 14.562834799999994], [121.00020790000002, 14.5630774]]]}, "properties": {"event_key": null, "role": "context_road", "road_names": "Zobel Roxas Street"}}, {"type": "Feature", "geometry": {"type": "MultiLineString", "coordinates": [[[121.0009669, 14.563840599999997], [121.00123340000002, 14.5641178]]]}, "properties": {"event_key": null, "role": "context_road", "road_names": "Zobel Roxas Street"}}, {"type": "Feature", "geometry": {"type": "MultiLineString", "coordinates": [[[121.0009669, 14.563840599999997], [121.00072790000002, 14.564289999999998]]]}, "properties": {"event_key": null, "role": "context_road", "road_names": "Dian Street"}}, {"type": "Feature", "geometry": {"type": "MultiLineString", "coordinates": [[[121.0009669, 14.563840599999997], [121.0010396, 14.563712599999999], [121.0011082, 14.563611699999996], [121.0012568, 14.563377]]]}, "properties": {"event_key": null, "role": "context_road", "road_names": "Dian Street"}}, {"type": "Feature", "geometry": {"type": "MultiLineString", "coordinates": [[[121.0033134, 14.565469399999998], [121.0032222, 14.565373199999998], [121.00232829999999, 14.5644459]]]}, "properties": {"event_key": null, "role": "context_road", "road_names": "Ampere Street"}}, {"type": "Feature", "geometry": {"type": "MultiLineString", "coordinates": [[[121.00044079999999, 14.564144100000002], [121.0001292, 14.563985699999998]]]}, "properties": {"event_key": null, "role": "context_road", "road_names": "A. Roxas Street"}}, {"type": "Feature", "geometry": {"type": "MultiLineString", "coordinates": [[[121.00044079999999, 14.564144100000002], [121.00072790000002, 14.564289999999998]]]}, "properties": {"event_key": null, "role": "context_road", "road_names": "A. Roxas Street"}}, {"type": "Feature", "geometry": {"type": "MultiLineString", "coordinates": [[[121.00044079999999, 14.564144100000002], [121.00067340000001, 14.563662800000001], [121.00071260000001, 14.5635872]]]}, "properties": {"event_key": null, "role": "context_road", "road_names": "T. Ayala Street"}}, {"type": "Feature", "geometry": {"type": "MultiLineString", "coordinates": [[[121.00044079999999, 14.564144100000002], [121.0000728, 14.564915200000003], [121.00004240000001, 14.5649788]]]}, "properties": {"event_key": null, "role": "context_road", "road_names": "T. Ayala Street"}}, {"type": "Feature", "geometry": {"type": "MultiLineString", "coordinates": [[[121.00071260000001, 14.5635872], [121.0007428, 14.5636156], [121.0009669, 14.563840599999997]]]}, "properties": {"event_key": null, "role": "context_road", "road_names": "Zobel Roxas Street"}}, {"type": "Feature", "geometry": {"type": "MultiLineString", "coordinates": [[[121.00071260000001, 14.5635872], [121.00067340000001, 14.563662800000001], [121.00044079999999, 14.564144100000002]]]}, "properties": {"event_key": null, "role": "context_road", "road_names": "T. Ayala Street"}}, {"type": "Feature", "geometry": {"type": "MultiLineString", "coordinates": [[[120.99617989999999, 14.5681521], [120.9962064, 14.568064300000001], [120.99627319999999, 14.567814099999996], [120.99628180000002, 14.567781799999997], [120.99629390000001, 14.5677376], [120.9963537, 14.567520400000001], [120.9964344, 14.567227000000006]]]}, "properties": {"event_key": null, "role": "context_road", "road_names": "Singalong Street"}}, {"type": "Feature", "geometry": {"type": "MultiLineString", "coordinates": [[[120.9964344, 14.567227000000006], [120.9963537, 14.567520400000001], [120.99629390000001, 14.5677376], [120.99628180000002, 14.567781799999997], [120.99627319999999, 14.567814099999996], [120.9962064, 14.568064300000001], [120.99617989999999, 14.5681521]]]}, "properties": {"event_key": null, "role": "context_road", "road_names": "Singalong Street"}}, {"type": "Feature", "geometry": {"type": "MultiLineString", "coordinates": [[[120.9964344, 14.567227000000006], [120.99653090000001, 14.566937599999997], [120.99653630000002, 14.566923699999997]]]}, "properties": {"event_key": null, "role": "context_road", "road_names": "Singalong Street"}}, {"type": "Feature", "geometry": {"type": "MultiLineString", "coordinates": [[[120.9964344, 14.567227000000006], [120.99638720000002, 14.5672083], [120.99543729999999, 14.566821], [120.9953928, 14.566785400000002], [120.9953412, 14.566730900000003], [120.9952929, 14.5666803], [120.9952371, 14.566624000000001], [120.99445620000002, 14.566291399999997], [120.9944542373156, 14.566290727412246]]]}, "properties": {"event_key": null, "role": "context_road", "road_names": "Maligaya Street"}}, {"type": "Feature", "geometry": {"type": "MultiLineString", "coordinates": [[[120.99404654998615, 14.573258100003804], [120.99409709999999, 14.5733208], [120.99416250000002, 14.573164600000002], [120.99424739999999, 14.5729832], [120.99491190000002, 14.5713742]]]}, "properties": {"event_key": null, "role": "context_road", "road_names": "Singalong Street"}}, {"type": "Feature", "geometry": {"type": "MultiLineString", "coordinates": [[[120.9988721, 14.5633467], [120.9985119, 14.563191300000002]]]}, "properties": {"event_key": null, "role": "context_road", "road_names": "A. Roxas Street"}}, {"type": "Feature", "geometry": {"type": "MultiLineString", "coordinates": [[[120.9988721, 14.5633467], [120.99918850000002, 14.5635076]]]}, "properties": {"event_key": null, "role": "context_road", "road_names": "A. Roxas Street"}}, {"type": "Feature", "geometry": {"type": "MultiLineString", "coordinates": [[[120.9988721, 14.5633467], [120.99933580000001, 14.562401499999996], [120.99935570000001, 14.5623693], [120.999401, 14.562309800000001]]]}, "properties": {"event_key": null, "role": "context_road", "road_names": "Enrique Street"}}, {"type": "Feature", "geometry": {"type": "MultiLineString", "coordinates": [[[120.99918850000002, 14.5635076], [120.9988721, 14.5633467]]]}, "properties": {"event_key": null, "role": "context_road", "road_names": "A. Roxas Street"}}, {"type": "Feature", "geometry": {"type": "MultiLineString", "coordinates": [[[120.99918850000002, 14.5635076], [120.999523, 14.563677600000002]]]}, "properties": {"event_key": null, "role": "context_road", "road_names": "A. Roxas Street"}}, {"type": "Feature", "geometry": {"type": "MultiLineString", "coordinates": [[[120.99918850000002, 14.5635076], [120.99884040000002, 14.564209400000001], [120.99877069999998, 14.5643181]]]}, "properties": {"event_key": null, "role": "context_road", "road_names": "Mercedes Street"}}, {"type": "Feature", "geometry": {"type": "MultiLineString", "coordinates": [[[120.99918850000002, 14.5635076], [120.99962179999999, 14.562640199999997], [120.9996588, 14.562570100000002]]]}, "properties": {"event_key": null, "role": "context_road", "road_names": "Mercedes Street"}}, {"type": "Feature", "geometry": {"type": "MultiLineString", "coordinates": [[[120.9995006, 14.560784199999999], [120.99932689999999, 14.560438], [120.9992, 14.559755999999997]]]}, "properties": {"event_key": null, "role": "context_road", "road_names": "Julio dela Cruz Street"}}, {"type": "Feature", "geometry": {"type": "MultiLineString", "coordinates": [[[120.9992, 14.559755999999997], [120.9997645, 14.559737099999996]]]}, "properties": {"event_key": null, "role": "context_road", "road_names": "Casino Street"}}, {"type": "Feature", "geometry": {"type": "MultiLineString", "coordinates": [[[120.9992, 14.559755999999997], [120.99896710000002, 14.559776200000002], [120.99888250000001, 14.5597813], [120.99887620000001, 14.559779899999999], [120.99887359999998, 14.559778500000002], [120.99887130000002, 14.559776200000002], [120.9988686, 14.5597616], [120.99886629999999, 14.5596639], [120.99887359999998, 14.559622300000001], [120.9988911, 14.559591800000002], [120.9989159, 14.5595516], [120.9989487, 14.559527600000001], [120.9989749, 14.559512699999999], [120.9991848, 14.559458099999999], [120.9994134, 14.559413999999999], [120.9994932, 14.559395200000003], [120.99959920000002, 14.559310799999997], [120.99962930000001, 14.5592466], [120.9996629, 14.559111600000003], [120.999683, 14.558976600000001], [120.99969640000002, 14.5587105], [120.99972050000001, 14.5583211], [120.99975140000001, 14.558200299999998], [120.9997702, 14.5581757], [120.9999874, 14.5580666], [121.0000236, 14.558038099999996], [121.000033, 14.5579991], [121.00001420000001, 14.557926500000004], [120.99994180000002, 14.557796599999998], [120.99972860000001, 14.557495499999996], [120.9996817, 14.557403300000002], [120.9996428, 14.557221600000004], [120.99963400000001, 14.556564799999999], [120.9996475, 14.556508300000003], [120.9996676, 14.556466799999999], [120.9996924, 14.556437600000002], [120.99986000000001, 14.556279199999993], [120.9998962, 14.556232500000002], [120.9999177, 14.556188400000002], [120.99996059999998, 14.555971599999998], [121.00003969999999, 14.555343299999999], [121.000076, 14.555151800000004], [121.00004749998959, 14.555046350000449]]]}, "properties": {"event_key": null, "role": "context_road", "road_names": "Casino Street"}}, {"type": "Feature", "geometry": {"type": "MultiLineString", "coordinates": [[[120.9997645, 14.559737099999996], [120.9995006, 14.560784199999999]]]}, "properties": {"event_key": null, "role": "context_road", "road_names": "Araro Street"}}, {"type": "Feature", "geometry": {"type": "MultiLineString", "coordinates": [[[120.9997645, 14.559737099999996], [121.00019060000001, 14.559725599999998]]]}, "properties": {"event_key": null, "role": "context_road", "road_names": "Casino Street"}}, {"type": "Feature", "geometry": {"type": "MultiLineString", "coordinates": [[[121.0006491, 14.559713199999997], [121.0002785, 14.561158199999996]]]}, "properties": {"event_key": null, "role": "context_road", "road_names": "Camalig Street"}}, {"type": "Feature", "geometry": {"type": "MultiLineString", "coordinates": [[[121.0007473, 14.555839799999998], [121.0003284, 14.557512700000002]]]}, "properties": {"event_key": null, "role": "context_road", "road_names": "Araro Street"}}, {"type": "Feature", "geometry": {"type": "MultiLineString", "coordinates": [[[120.9936943, 14.572820100000001], [120.9945726, 14.571248500000001]]]}, "properties": {"event_key": null, "role": "context_road", "road_names": "F. Benitez Street"}}, {"type": "Feature", "geometry": {"type": "MultiLineString", "coordinates": [[[120.9936943, 14.572820100000001], [120.99395129999999, 14.5731395], [120.99399600000001, 14.573195399999994], [120.99404654998615, 14.573258100003804]]]}, "properties": {"event_key": null, "role": "context_road", "road_names": "Quirino Avenue"}}, {"type": "Feature", "geometry": {"type": "MultiLineString", "coordinates": [[[120.9945726, 14.571248500000001], [120.9936943, 14.572820100000001]]]}, "properties": {"event_key": null, "role": "context_road", "road_names": "F. Benitez Street"}}, {"type": "Feature", "geometry": {"type": "MultiLineString", "coordinates": [[[120.9945726, 14.571248500000001], [120.99491190000002, 14.5713742]]]}, "properties": {"event_key": null, "role": "context_road", "road_names": "San Andres Street"}}, {"type": "Feature", "geometry": {"type": "MultiLineString", "coordinates": [[[120.9917396, 14.569840600000001], [120.9917504, 14.569816900000001], [120.99195830000001, 14.569357899999996], [120.99200249999537, 14.569379050003667]]]}, "properties": {"event_key": null, "role": "context_road", "road_names": "Taft Avenue"}}, {"type": "Feature", "geometry": {"type": "MultiLineString", "coordinates": [[[120.9939095999882, 14.565325750007856], [120.9939752, 14.565362799999999], [120.99389859999998, 14.565540899999995], [120.99378870000001, 14.5657698]]]}, "properties": {"event_key": null, "role": "context_road", "road_names": "Taft Avenue"}}, {"type": "Feature", "geometry": {"type": "MultiLineString", "coordinates": [[[120.9939095999882, 14.565325750007856], [120.993844, 14.565288700000002], [120.99394350000001, 14.565084800000001], [120.99396230000002, 14.565044599999997], [120.99408090000001, 14.564795000000004], [120.99424330000001, 14.564450500000003], [120.9942929, 14.5643405], [120.99436149998996, 14.56436945000896]]]}, "properties": {"event_key": null, "role": "context_road", "road_names": "Taft Avenue"}}, {"type": "Feature", "geometry": {"type": "MultiLineString", "coordinates": [[[121.00123340000002, 14.5641178], [121.0012597, 14.564144400000002], [121.0014845, 14.564372599999995]]]}, "properties": {"event_key": null, "role": "context_road", "road_names": "Zobel Roxas Street"}}, {"type": "Feature", "geometry": {"type": "MultiLineString", "coordinates": [[[121.00123340000002, 14.5641178], [121.0011823, 14.5642063], [121.00077780000001, 14.565027499999998], [121.0006763, 14.565233600000003], [121.0006483, 14.565290599999999]]]}, "properties": {"event_key": null, "role": "context_road", "road_names": "Jacobo Street"}}, {"type": "Feature", "geometry": {"type": "MultiLineString", "coordinates": [[[121.00045769999998, 14.5633449], [121.00071260000001, 14.5635872]]]}, "properties": {"event_key": null, "role": "context_road", "road_names": "Zobel Roxas Street"}}, {"type": "Feature", "geometry": {"type": "MultiLineString", "coordinates": [[[121.00020790000002, 14.5630774], [121.00045769999998, 14.5633449]]]}, "properties": {"event_key": null, "role": "context_road", "road_names": "Zobel Roxas Street"}}, {"type": "Feature", "geometry": {"type": "MultiLineString", "coordinates": [[[121.00020790000002, 14.5630774], [121.00014709999999, 14.563160699999994], [120.9998118, 14.563824399999998]]]}, "properties": {"event_key": null, "role": "context_road", "road_names": "Fernando Street"}}, {"type": "Feature", "geometry": {"type": "MultiLineString", "coordinates": [[[120.999523, 14.563677600000002], [120.99911869999998, 14.564508900000002]]]}, "properties": {"event_key": null, "role": "context_road", "road_names": "Bautista Street"}}, {"type": "Feature", "geometry": {"type": "MultiLineString", "coordinates": [[[120.999523, 14.563677600000002], [120.99918850000002, 14.5635076]]]}, "properties": {"event_key": null, "role": "context_road", "road_names": "A. Roxas Street"}}, {"type": "Feature", "geometry": {"type": "MultiLineString", "coordinates": [[[120.999523, 14.563677600000002], [120.9998118, 14.563824399999998]]]}, "properties": {"event_key": null, "role": "context_road", "road_names": "A. Roxas Street"}}, {"type": "Feature", "geometry": {"type": "MultiLineString", "coordinates": [[[120.99136809999999, 14.566967900000002], [120.99152950000001, 14.5670375], [120.99201620000001, 14.5672475], [120.9921041, 14.567285400000001]]]}, "properties": {"event_key": null, "role": "context_road", "road_names": "Noli Street"}}, {"type": "Feature", "geometry": {"type": "MultiLineString", "coordinates": [[[120.9921041, 14.567285400000001], [120.9920007, 14.567502099999997], [120.99195340000001, 14.567601299999998], [120.9917205, 14.568112399999997], [120.9915843, 14.568437000000003], [120.991451, 14.5687596], [120.9913982, 14.568905000000003], [120.99112560000002, 14.569655000000001]]]}, "properties": {"event_key": null, "role": "context_road", "road_names": "Fidel A. Reyes Street"}}, {"type": "Feature", "geometry": {"type": "MultiLineString", "coordinates": [[[120.9921041, 14.567285400000001], [120.99201620000001, 14.5672475], [120.99152950000001, 14.5670375], [120.99136809999999, 14.566967900000002]]]}, "properties": {"event_key": null, "role": "context_road", "road_names": "Noli Street"}}, {"type": "Feature", "geometry": {"type": "MultiLineString", "coordinates": [[[120.99008499999998, 14.558655399999996], [120.9902689, 14.5582165]]]}, "properties": {"event_key": null, "role": "context_road", "road_names": "F. B. Harrison Street"}}, {"type": "Feature", "geometry": {"type": "MultiLineString", "coordinates": [[[120.99008499999998, 14.558655399999996], [120.989998, 14.558865799999992], [120.989903, 14.5590958]]]}, "properties": {"event_key": null, "role": "context_road", "road_names": "F. B. Harrison Street"}}, {"type": "Feature", "geometry": {"type": "MultiLineString", "coordinates": [[[120.989903, 14.5590958], [120.9906215, 14.559328999999996], [120.9907284, 14.5594348], [120.9908277, 14.5595374], [120.99287459999998, 14.560080699999997]]]}, "properties": {"event_key": null, "role": "context_road", "road_names": "Balagtas Street"}}, {"type": "Feature", "geometry": {"type": "MultiLineString", "coordinates": [[[120.989903, 14.5590958], [120.989998, 14.558865799999992], [120.99008499999998, 14.558655399999996]]]}, "properties": {"event_key": null, "role": "context_road", "road_names": "F. B. Harrison Street"}}, {"type": "Feature", "geometry": {"type": "MultiLineString", "coordinates": [[[120.989903, 14.5590958], [120.9898579, 14.5592026], [120.98980310000002, 14.5593326], [120.9897691, 14.5594132]]]}, "properties": {"event_key": null, "role": "context_road", "road_names": "F. B. Harrison Street"}}, {"type": "Feature", "geometry": {"type": "MultiLineString", "coordinates": [[[120.99198049999998, 14.557566199999997], [120.99178780000001, 14.558141399999998]]]}, "properties": {"event_key": null, "role": "context_road", "road_names": "Jockian Street"}}, {"type": "Feature", "geometry": {"type": "MultiLineString", "coordinates": [[[120.99198049999998, 14.557566199999997], [120.9921189, 14.5571266]]]}, "properties": {"event_key": null, "role": "context_road", "road_names": "Jockian Street"}}, {"type": "Feature", "geometry": {"type": "MultiLineString", "coordinates": [[[120.99198049999998, 14.557566199999997], [120.9906872, 14.557171099999998], [120.99070145000307, 14.557130300000846]]]}, "properties": {"event_key": null, "role": "context_road", "road_names": "Gotamco Street"}}, {"type": "Feature", "geometry": {"type": "MultiLineString", "coordinates": [[[120.99198049999998, 14.557566199999997], [120.99281980000002, 14.557822599999998], [120.9931612, 14.557925199999998], [120.9933154, 14.5579732], [120.99343830000001, 14.558011500000001]]]}, "properties": {"event_key": null, "role": "context_road", "road_names": "Gotamco Street"}}, {"type": "Feature", "geometry": {"type": "MultiLineString", "coordinates": [[[120.9901243, 14.5568832], [120.9898772, 14.557527899999997]]]}, "properties": {"event_key": null, "role": "context_road", "road_names": "Cuyegkeng Street"}}, {"type": "Feature", "geometry": {"type": "MultiLineString", "coordinates": [[[120.9901243, 14.5568832], [120.98979020000002, 14.5567664], [120.9897559, 14.5567544]]]}, "properties": {"event_key": null, "role": "context_road", "road_names": "E. Rodriguez Street"}}, {"type": "Feature", "geometry": {"type": "MultiLineString", "coordinates": [[[120.9908318, 14.5567432], [120.99097530000002, 14.556314999999998], [120.99110662523505, 14.555902412431134]]]}, "properties": {"event_key": null, "role": "context_road", "road_names": "F. B. Harrison Street"}}, {"type": "Feature", "geometry": {"type": "MultiLineString", "coordinates": [[[120.9908318, 14.5567432], [120.99092460000001, 14.5567645], [120.9921189, 14.5571266]]]}, "properties": {"event_key": null, "role": "context_road", "road_names": "Sinciego Street"}}, {"type": "Feature", "geometry": {"type": "MultiLineString", "coordinates": [[[120.9908318, 14.5567432], [120.9908006, 14.5568361], [120.99075510000002, 14.556971900000002], [120.9907157, 14.557089500000004], [120.99070145000307, 14.557130300000846]]]}, "properties": {"event_key": null, "role": "context_road", "road_names": "F. B. Harrison Street"}}, {"type": "Feature", "geometry": {"type": "MultiLineString", "coordinates": [[[120.9921189, 14.5571266], [120.99198049999998, 14.557566199999997]]]}, "properties": {"event_key": null, "role": "context_road", "road_names": "Jockian Street"}}, {"type": "Feature", "geometry": {"type": "MultiLineString", "coordinates": [[[120.9921189, 14.5571266], [120.99225290000001, 14.5567012]]]}, "properties": {"event_key": null, "role": "context_road", "road_names": "Jockian Street"}}, {"type": "Feature", "geometry": {"type": "MultiLineString", "coordinates": [[[120.9921189, 14.5571266], [120.99092460000001, 14.5567645], [120.9908318, 14.5567432]]]}, "properties": {"event_key": null, "role": "context_road", "road_names": "Sinciego Street"}}, {"type": "Feature", "geometry": {"type": "MultiLineString", "coordinates": [[[120.99149370000002, 14.554651099999996], [120.9913634, 14.555073500000002]]]}, "properties": {"event_key": null, "role": "context_road", "road_names": "F. B. Harrison Street"}}, {"type": "Feature", "geometry": {"type": "MultiLineString", "coordinates": [[[120.99264230000001, 14.555464700000002], [120.9925104, 14.555883499999998]]]}, "properties": {"event_key": null, "role": "context_road", "road_names": "Jockian Street"}}, {"type": "Feature", "geometry": {"type": "MultiLineString", "coordinates": [[[120.99264230000001, 14.555464700000002], [120.9927777, 14.5550347]]]}, "properties": {"event_key": null, "role": "context_road", "road_names": "Jockian Street"}}, {"type": "Feature", "geometry": {"type": "MultiLineString", "coordinates": [[[120.99264230000001, 14.555464700000002], [120.99156579999999, 14.555130400000001], [120.9913634, 14.555073500000002]]]}, "properties": {"event_key": null, "role": "context_road", "road_names": "Suerte Street"}}, {"type": "Feature", "geometry": {"type": "MultiLineString", "coordinates": [[[120.9927777, 14.5550347], [120.99264230000001, 14.555464700000002]]]}, "properties": {"event_key": null, "role": "context_road", "road_names": "Jockian Street"}}, {"type": "Feature", "geometry": {"type": "MultiLineString", "coordinates": [[[120.99677129999698, 14.55576065000449], [120.99681860000001, 14.555772000000001], [120.996793, 14.555888000000001], [120.9967273, 14.556197299999996], [120.9967123, 14.556268099999993], [120.99666314999764, 14.55626050000495]]]}, "properties": {"event_key": null, "role": "context_road", "road_names": "Taft Avenue"}}, {"type": "Feature", "geometry": {"type": "MultiLineString", "coordinates": [[[120.9959499, 14.555570399999997], [120.9957605, 14.555895], [120.9956163, 14.556192300000001], [120.9956075, 14.5562132], [120.99534409999998, 14.5568367], [120.99521380000002, 14.5570931], [120.9950441, 14.557354800000004], [120.994946, 14.5575494], [120.99487269999999, 14.557713199999997], [120.99481830000002, 14.557901500000002], [120.99478330000001, 14.558086299999996], [120.9947777, 14.558128199999995], [120.9947397, 14.5584128], [120.9947297, 14.558538500000001], [120.9947076, 14.558815300000001]]]}, "properties": {"event_key": null, "role": "context_road", "road_names": "Donada Street"}}, {"type": "Feature", "geometry": {"type": "MultiLineString", "coordinates": [[[120.9947076, 14.558815300000001], [120.99328619999999, 14.5587027]]]}, "properties": {"event_key": null, "role": "context_road", "road_names": "Fresno Street"}}, {"type": "Feature", "geometry": {"type": "MultiLineString", "coordinates": [[[120.9947076, 14.558815300000001], [120.9946923, 14.5589358], [120.99466200000002, 14.559141799999997], [120.9946124, 14.5594693], [120.99453429999998, 14.559991299999993]]]}, "properties": {"event_key": null, "role": "context_road", "road_names": "Donada Street"}}, {"type": "Feature", "geometry": {"type": "MultiLineString", "coordinates": [[[120.9929656, 14.559729599999997], [120.99453429999998, 14.559991299999993]]]}, "properties": {"event_key": null, "role": "context_road", "road_names": "Menlo Street"}}, {"type": "Feature", "geometry": {"type": "MultiLineString", "coordinates": [[[120.9929656, 14.559729599999997], [120.99302710000002, 14.559562400000003], [120.9931263, 14.5592673], [120.993189, 14.5590552], [120.99328619999999, 14.5587027]]]}, "properties": {"event_key": null, "role": "context_road", "road_names": "Leveriza Street"}}, {"type": "Feature", "geometry": {"type": "MultiLineString", "coordinates": [[[120.99453429999998, 14.559991299999993], [120.9929656, 14.559729599999997]]]}, "properties": {"event_key": null, "role": "context_road", "road_names": "Menlo Street"}}, {"type": "Feature", "geometry": {"type": "MultiLineString", "coordinates": [[[120.99453429999998, 14.559991299999993], [120.99459030000001, 14.560000999999998], [120.9948939, 14.560053899999996], [120.99519970000001, 14.560100700000003], [120.9957141, 14.560180699999995], [120.99575664999769, 14.560190150003631]]]}, "properties": {"event_key": null, "role": "context_road", "road_names": "Menlo Street"}}, {"type": "Feature", "geometry": {"type": "MultiLineString", "coordinates": [[[120.99453429999998, 14.559991299999993], [120.99446070000002, 14.560209199999996], [120.9940779, 14.560913499999996], [120.99397859999999, 14.5610916], [120.9939015, 14.5612175], [120.99381133713109, 14.561230570051167]]]}, "properties": {"event_key": null, "role": "context_road", "road_names": "Donada Street"}}, {"type": "Feature", "geometry": {"type": "MultiLineString", "coordinates": [[[120.99328619999999, 14.5587027], [120.9947076, 14.558815300000001]]]}, "properties": {"event_key": null, "role": "context_road", "road_names": "Fresno Street"}}, {"type": "Feature", "geometry": {"type": "MultiLineString", "coordinates": [[[120.99328619999999, 14.5587027], [120.99332300000002, 14.558535399999998], [120.9933859, 14.558247899999996], [120.99343830000001, 14.558011500000001]]]}, "properties": {"event_key": null, "role": "context_road", "road_names": "Leveriza Street"}}, {"type": "Feature", "geometry": {"type": "MultiLineString", "coordinates": [[[120.99343830000001, 14.558011500000001], [120.9933154, 14.5579732], [120.9931612, 14.557925199999998], [120.99281980000002, 14.557822599999998], [120.99198049999998, 14.557566199999997]]]}, "properties": {"event_key": null, "role": "context_road", "road_names": "Gotamco Street"}}, {"type": "Feature", "geometry": {"type": "MultiLineString", "coordinates": [[[120.99343830000001, 14.558011500000001], [120.9935513, 14.557448699999993], [120.9935702, 14.5573548], [120.9936242, 14.557086000000002], [120.9936352, 14.557026400000002], [120.99365370000001, 14.5569755], [120.9937757, 14.556640199999997], [120.993887, 14.5563575], [120.99412940000002, 14.555655900000001], [120.9941942, 14.555457399999996], [120.9943592, 14.5549801]]]}, "properties": {"event_key": null, "role": "context_road", "road_names": "Leveriza Street"}}, {"type": "Feature", "geometry": {"type": "MultiLineString", "coordinates": [[[120.99575664999769, 14.560190150003631], [120.9957141, 14.560180699999995], [120.99519970000001, 14.560100700000003], [120.9948939, 14.560053899999996], [120.99459030000001, 14.560000999999998], [120.99453429999998, 14.559991299999993]]]}, "properties": {"event_key": null, "role": "context_road", "road_names": "Menlo Street"}}, {"type": "Feature", "geometry": {"type": "MultiLineString", "coordinates": [[[120.99575664999769, 14.560190150003631], [120.9957141, 14.560180699999995], [120.99586720000002, 14.559528000000002], [120.99604180000001, 14.5587597], [120.99608499999786, 14.558768100003782]]]}, "properties": {"event_key": null, "role": "context_road", "road_names": "Taft Avenue"}}, {"type": "Feature", "geometry": {"type": "MultiLineString", "coordinates": [[[120.99575664999769, 14.560190150003631], [120.99579920000001, 14.560199600000002], [120.9957887, 14.5602459], [120.99567430000002, 14.560752099999998], [120.9956563, 14.560831499999999], [120.9956112, 14.5610058], [120.99557209999794, 14.560996400003068]]]}, "properties": {"event_key": null, "role": "context_road", "road_names": "Taft Avenue"}}, {"type": "Feature", "geometry": {"type": "MultiLineString", "coordinates": [[[120.99608499999786, 14.558768100003782], [120.99604180000001, 14.5587597], [120.9960561, 14.558691499999998], [120.99609799999999, 14.558505299999997], [120.9961451, 14.5582959], [120.9961591, 14.5582335], [120.9961749, 14.558171499999997], [120.9962292, 14.557940499999997], [120.99623360000001, 14.5579221], [120.99634000000002, 14.5574688], [120.9963429, 14.5574576], [120.99639080403492, 14.55744679681746]]]}, "properties": {"event_key": null, "role": "context_road", "road_names": "Taft Avenue"}}, {"type": "Feature", "geometry": {"type": "MultiLineString", "coordinates": [[[120.99608499999786, 14.558768100003782], [120.99612820000002, 14.558776500000004], [120.99621320000001, 14.5587993], [120.99671639999998, 14.558933999999997], [120.9973252, 14.5590649]]]}, "properties": {"event_key": null, "role": "context_road", "road_names": "Inquimboy Street"}}, {"type": "Feature", "geometry": {"type": "MultiLineString", "coordinates": [[[120.99608499999786, 14.558768100003782], [120.99612820000002, 14.558776500000004], [120.99609500000001, 14.5589204], [120.99595129999999, 14.5595439], [120.99579920000001, 14.560199600000002], [120.99575664999769, 14.560190150003631]]]}, "properties": {"event_key": null, "role": "context_road", "road_names": "Taft Avenue"}}, {"type": "Feature", "geometry": {"type": "MultiLineString", "coordinates": [[[120.9991111, 14.554709199999994], [120.9984778, 14.5567174], [120.99846525000406, 14.556773150000863]]]}, "properties": {"event_key": null, "role": "context_road", "road_names": "Dominga Street"}}, {"type": "Feature", "geometry": {"type": "MultiLineString", "coordinates": [[[120.99846525000406, 14.556773150000863], [120.9984778, 14.5567174], [120.9991111, 14.554709199999994]]]}, "properties": {"event_key": null, "role": "context_road", "road_names": "Dominga Street"}}, {"type": "Feature", "geometry": {"type": "MultiLineString", "coordinates": [[[120.99846525000406, 14.556773150000863], [120.9984778, 14.5567174], [120.9984242, 14.5567039], [120.99809910000002, 14.556621900000001]]]}, "properties": {"event_key": null, "role": "context_road", "road_names": "Lakas ng Bayan Street"}}, {"type": "Feature", "geometry": {"type": "MultiLineString", "coordinates": [[[120.99846525000406, 14.556773150000863], [120.9984527, 14.5568289], [120.9981922, 14.557769499999996]]]}, "properties": {"event_key": null, "role": "context_road", "road_names": "Dominga Street"}}, {"type": "Feature", "geometry": {"type": "MultiLineString", "coordinates": [[[120.99846525000406, 14.556773150000863], [120.9984527, 14.5568289], [120.99865419999999, 14.5568769], [120.99923830000002, 14.557015999999999]]]}, "properties": {"event_key": null, "role": "context_road", "road_names": "Gutierrez Street"}}, {"type": "Feature", "geometry": {"type": "MultiLineString", "coordinates": [[[120.99862510000001, 14.5545768], [120.9983877, 14.555573599999995], [120.99833109999999, 14.555808199999998], [120.99809910000002, 14.556621900000001]]]}, "properties": {"event_key": null, "role": "context_road", "road_names": "Sandejas Street"}}, {"type": "Feature", "geometry": {"type": "MultiLineString", "coordinates": [[[120.9981922, 14.557769499999996], [120.9984527, 14.5568289], [120.99846525000406, 14.556773150000863]]]}, "properties": {"event_key": null, "role": "context_road", "road_names": "Dominga Street"}}, {"type": "Feature", "geometry": {"type": "MultiLineString", "coordinates": [[[120.9981922, 14.557769499999996], [120.999036, 14.557933399999996]]]}, "properties": {"event_key": null, "role": "context_road", "road_names": "Villa Barbara Road"}}, {"type": "Feature", "geometry": {"type": "MultiLineString", "coordinates": [[[120.9981922, 14.557769499999996], [120.99809830000001, 14.558037899999999], [120.99802980000001, 14.558233699999999], [120.99787169999999, 14.5586856], [120.9976532, 14.559537799999998], [120.9976331, 14.559589600000008]]]}, "properties": {"event_key": null, "role": "context_road", "road_names": "Dominga Street"}}, {"type": "Feature", "geometry": {"type": "MultiLineString", "coordinates": [[[120.999036, 14.557933399999996], [120.99923830000002, 14.557015999999999]]]}, "properties": {"event_key": null, "role": "context_road", "road_names": "Tramo Street"}}, {"type": "Feature", "geometry": {"type": "MultiLineString", "coordinates": [[[120.999036, 14.557933399999996], [120.9981922, 14.557769499999996]]]}, "properties": {"event_key": null, "role": "context_road", "road_names": "Villa Barbara Road"}}, {"type": "Feature", "geometry": {"type": "MultiLineString", "coordinates": [[[120.999036, 14.557933399999996], [120.99882609999999, 14.558902499999997], [120.99864150000002, 14.5597191], [120.99856449999999, 14.5601254], [120.998456, 14.560649499999998], [120.9982445, 14.561588000000002]]]}, "properties": {"event_key": null, "role": "context_road", "road_names": "Tramo Street"}}, {"type": "Feature", "geometry": {"type": "MultiLineString", "coordinates": [[[120.9976331, 14.559589600000008], [120.99720890000002, 14.559493500000002]]]}, "properties": {"event_key": null, "role": "context_road", "road_names": "Balite Street"}}, {"type": "Feature", "geometry": {"type": "MultiLineString", "coordinates": [[[120.9976331, 14.559589600000008], [120.9976532, 14.559537799999998], [120.99787169999999, 14.5586856], [120.99802980000001, 14.558233699999999], [120.99809830000001, 14.558037899999999], [120.9981922, 14.557769499999996]]]}, "properties": {"event_key": null, "role": "context_road", "road_names": "Dominga Street"}}, {"type": "Feature", "geometry": {"type": "MultiLineString", "coordinates": [[[120.9976331, 14.559589600000008], [120.997523, 14.559862100000004], [120.9974123, 14.560165399999995], [120.997379, 14.5602584], [120.9973565, 14.560318199999998]]]}, "properties": {"event_key": null, "role": "context_road", "road_names": "Dominga Street"}}, {"type": "Feature", "geometry": {"type": "MultiLineString", "coordinates": [[[120.9973565, 14.560318199999998], [120.99728720000002, 14.560506499999999], [120.99719810000002, 14.560757999999998]]]}, "properties": {"event_key": null, "role": "context_road", "road_names": "Dominga Street"}}, {"type": "Feature", "geometry": {"type": "MultiLineString", "coordinates": [[[120.9973565, 14.560318199999998], [120.997379, 14.5602584], [120.9974123, 14.560165399999995], [120.997523, 14.559862100000004], [120.9976331, 14.559589600000008]]]}, "properties": {"event_key": null, "role": "context_road", "road_names": "Dominga Street"}}, {"type": "Feature", "geometry": {"type": "MultiLineString", "coordinates": [[[120.99719810000002, 14.560757999999998], [120.9970367, 14.561204800000002], [120.9970246, 14.5612404], [120.99680420000001, 14.561829799999996]]]}, "properties": {"event_key": null, "role": "context_road", "road_names": "Dominga Street"}}, {"type": "Feature", "geometry": {"type": "MultiLineString", "coordinates": [[[120.99719810000002, 14.560757999999998], [120.99728720000002, 14.560506499999999], [120.9973565, 14.560318199999998]]]}, "properties": {"event_key": null, "role": "context_road", "road_names": "Dominga Street"}}, {"type": "Feature", "geometry": {"type": "MultiLineString", "coordinates": [[[120.99680420000001, 14.561829799999996], [120.99663679999999, 14.562251599999998], [120.9964231, 14.5628002], [120.9962941, 14.563131600000002]]]}, "properties": {"event_key": null, "role": "context_road", "road_names": "Dominga Street"}}, {"type": "Feature", "geometry": {"type": "MultiLineString", "coordinates": [[[120.99680420000001, 14.561829799999996], [120.9970246, 14.5612404], [120.9970367, 14.561204800000002], [120.99719810000002, 14.560757999999998]]]}, "properties": {"event_key": null, "role": "context_road", "road_names": "Dominga Street"}}, {"type": "Feature", "geometry": {"type": "MultiLineString", "coordinates": [[[120.99809910000002, 14.556621900000001], [120.9979574, 14.5571099], [120.997888, 14.557328599999998]]]}, "properties": {"event_key": null, "role": "context_road", "road_names": "Sandejas Street"}}, {"type": "Feature", "geometry": {"type": "MultiLineString", "coordinates": [[[120.99809910000002, 14.556621900000001], [120.9980575, 14.556611200000003], [120.99676379999998, 14.5562776], [120.9967123, 14.556268099999993], [120.99666314999764, 14.55626050000495]]]}, "properties": {"event_key": null, "role": "context_road", "road_names": "Lakas ng Bayan Street"}}, {"type": "Feature", "geometry": {"type": "MultiLineString", "coordinates": [[[120.99760500000001, 14.558225299999998], [120.99744560000002, 14.558657099999996]]]}, "properties": {"event_key": null, "role": "context_road", "road_names": "Sandejas Street"}}, {"type": "Feature", "geometry": {"type": "MultiLineString", "coordinates": [[[120.99760500000001, 14.558225299999998], [120.9977302, 14.557824500000002]]]}, "properties": {"event_key": null, "role": "context_road", "road_names": "Sandejas Street"}}, {"type": "Feature", "geometry": {"type": "MultiLineString", "coordinates": [[[120.99744560000002, 14.558657099999996], [120.9973252, 14.5590649]]]}, "properties": {"event_key": null, "role": "context_road", "road_names": "Sandejas Street"}}, {"type": "Feature", "geometry": {"type": "MultiLineString", "coordinates": [[[120.99744560000002, 14.558657099999996], [120.99760500000001, 14.558225299999998]]]}, "properties": {"event_key": null, "role": "context_road", "road_names": "Sandejas Street"}}, {"type": "Feature", "geometry": {"type": "MultiLineString", "coordinates": [[[120.9977302, 14.557824500000002], [120.99760500000001, 14.558225299999998]]]}, "properties": {"event_key": null, "role": "context_road", "road_names": "Sandejas Street"}}, {"type": "Feature", "geometry": {"type": "MultiLineString", "coordinates": [[[120.9977302, 14.557824500000002], [120.997888, 14.557328599999998]]]}, "properties": {"event_key": null, "role": "context_road", "road_names": "Sandejas Street"}}, {"type": "Feature", "geometry": {"type": "MultiLineString", "coordinates": [[[120.9977302, 14.557824500000002], [120.997105, 14.557650200000001], [120.99643949999998, 14.557439800000001], [120.99639080403492, 14.55744679681746]]]}, "properties": {"event_key": null, "role": "context_road", "road_names": "Leogardo Street"}}, {"type": "Feature", "geometry": {"type": "MultiLineString", "coordinates": [[[120.9973252, 14.5590649], [120.99744560000002, 14.558657099999996]]]}, "properties": {"event_key": null, "role": "context_road", "road_names": "Sandejas Street"}}, {"type": "Feature", "geometry": {"type": "MultiLineString", "coordinates": [[[120.9973252, 14.5590649], [120.99720890000002, 14.559493500000002]]]}, "properties": {"event_key": null, "role": "context_road", "road_names": "Sandejas Street"}}, {"type": "Feature", "geometry": {"type": "MultiLineString", "coordinates": [[[120.99720890000002, 14.559493500000002], [120.9976331, 14.559589600000008]]]}, "properties": {"event_key": null, "role": "context_road", "road_names": "Balite Street"}}, {"type": "Feature", "geometry": {"type": "MultiLineString", "coordinates": [[[120.99720890000002, 14.559493500000002], [120.9973252, 14.5590649]]]}, "properties": {"event_key": null, "role": "context_road", "road_names": "Sandejas Street"}}, {"type": "Feature", "geometry": {"type": "MultiLineString", "coordinates": [[[120.99720890000002, 14.559493500000002], [120.9970618, 14.559876899999997], [120.99658259999998, 14.561089199999996], [120.99592660000002, 14.562646099999993], [120.99580330000002, 14.562906599999993], [120.9958964499805, 14.562948350016388]]]}, "properties": {"event_key": null, "role": "context_road", "road_names": "Sandejas Street"}}, {"type": "Feature", "geometry": {"type": "MultiLineString", "coordinates": [[[120.99923830000002, 14.557015999999999], [120.99972829999999, 14.554859499999996], [120.99976015002261, 14.554733450005113]]]}, "properties": {"event_key": null, "role": "context_road", "road_names": "Tramo Street"}}, {"type": "Feature", "geometry": {"type": "MultiLineString", "coordinates": [[[120.99923830000002, 14.557015999999999], [120.999036, 14.557933399999996]]]}, "properties": {"event_key": null, "role": "context_road", "road_names": "Tramo Street"}}, {"type": "Feature", "geometry": {"type": "MultiLineString", "coordinates": [[[120.99923830000002, 14.557015999999999], [120.99865419999999, 14.5568769], [120.9984527, 14.5568289], [120.99846525000406, 14.556773150000863]]]}, "properties": {"event_key": null, "role": "context_road", "road_names": "Gutierrez Street"}}, {"type": "Feature", "geometry": {"type": "MultiLineString", "coordinates": [[[120.99378870000001, 14.5657698], [120.993827, 14.5657875], [120.99454380000002, 14.566099500000004], [120.9944542373156, 14.566290727412246]]]}, "properties": {"event_key": null, "role": "context_road", "road_names": "Dagonoy Street"}}, {"type": "Feature", "geometry": {"type": "MultiLineString", "coordinates": [[[120.99378870000001, 14.5657698], [120.9937492, 14.565851999999998], [120.9936664, 14.566024599999997], [120.99353060000001, 14.566307700000001], [120.99348450000001, 14.566403700000002], [120.9933168, 14.566753300000002], [120.9932434999875, 14.5667191500101]]]}, "properties": {"event_key": null, "role": "context_road", "road_names": "Taft Avenue"}}, {"type": "Feature", "geometry": {"type": "MultiLineString", "coordinates": [[[120.9944542373156, 14.566290727412246], [120.99454380000002, 14.566099500000004], [120.993827, 14.5657875], [120.99378870000001, 14.5657698]]]}, "properties": {"event_key": null, "role": "context_road", "road_names": "Dagonoy Street"}}, {"type": "Feature", "geometry": {"type": "MultiLineString", "coordinates": [[[120.9944542373156, 14.566290727412246], [120.99454380000002, 14.566099500000004], [120.99468360000002, 14.5658006], [120.9947765, 14.5656021], [120.99486610000001, 14.565410500000002]]]}, "properties": {"event_key": null, "role": "context_road", "road_names": "Leon Guinto Street"}}, {"type": "Feature", "geometry": {"type": "MultiLineString", "coordinates": [[[120.9944542373156, 14.566290727412246], [120.99445620000002, 14.566291399999997], [120.9952371, 14.566624000000001], [120.9952929, 14.5666803], [120.9953412, 14.566730900000003], [120.9953928, 14.566785400000002], [120.99543729999999, 14.566821], [120.99638720000002, 14.5672083], [120.9964344, 14.567227000000006]]]}, "properties": {"event_key": null, "role": "context_road", "road_names": "Maligaya Street"}}, {"type": "Feature", "geometry": {"type": "MultiLineString", "coordinates": [[[120.9944542373156, 14.566290727412246], [120.99436290000001, 14.566481199999997], [120.9942839, 14.566645000000001], [120.994184, 14.5668523], [120.9939931, 14.5672544]]]}, "properties": {"event_key": null, "role": "context_road", "road_names": "Leon Guinto Street"}}, {"type": "Feature", "geometry": {"type": "MultiLineString", "coordinates": [[[120.9932434999875, 14.5667191500101], [120.9933168, 14.566753300000002], [120.9933023, 14.566783000000006], [120.9929661, 14.5674709], [120.99204670000002, 14.569400200000002], [120.99200249999537, 14.569379050003667]]]}, "properties": {"event_key": null, "role": "context_road", "road_names": "Taft Avenue"}}, {"type": "Feature", "geometry": {"type": "MultiLineString", "coordinates": [[[120.9932434999875, 14.5667191500101], [120.9931702, 14.566684999999996], [120.9925047, 14.566390399999996]]]}, "properties": {"event_key": null, "role": "context_road", "road_names": "Castro Street"}}, {"type": "Feature", "geometry": {"type": "MultiLineString", "coordinates": [[[120.9932434999875, 14.5667191500101], [120.9931702, 14.566684999999996], [120.99352199999998, 14.565962199999996], [120.99359039999999, 14.565816199999997], [120.9936041, 14.565787000000002], [120.9937531, 14.5654828], [120.993844, 14.565288700000002], [120.9939095999882, 14.565325750007856]]]}, "properties": {"event_key": null, "role": "context_road", "road_names": "Taft Avenue"}}, {"type": "Feature", "geometry": {"type": "MultiLineString", "coordinates": [[[120.9954237, 14.5656633], [120.9957593, 14.5657986], [120.99584599999999, 14.5658346], [120.9967552, 14.566212100000001]]]}, "properties": {"event_key": null, "role": "context_road", "road_names": "Kapitan Tikong Street"}}, {"type": "Feature", "geometry": {"type": "MultiLineString", "coordinates": [[[120.9954237, 14.5656633], [120.9956906, 14.565075900000002], [120.9957228, 14.5650052]]]}, "properties": {"event_key": null, "role": "context_road", "road_names": "Del Carmen Street"}}, {"type": "Feature", "geometry": {"type": "MultiLineString", "coordinates": [[[120.99653630000002, 14.566923699999997], [120.9965487, 14.5668827], [120.99663839999998, 14.566584699999998], [120.9967552, 14.566212100000001]]]}, "properties": {"event_key": null, "role": "context_road", "road_names": "Singalong Street"}}, {"type": "Feature", "geometry": {"type": "MultiLineString", "coordinates": [[[120.99653630000002, 14.566923699999997], [120.99653090000001, 14.566937599999997], [120.9964344, 14.567227000000006]]]}, "properties": {"event_key": null, "role": "context_road", "road_names": "Singalong Street"}}, {"type": "Feature", "geometry": {"type": "MultiLineString", "coordinates": [[[120.9987177, 14.5653083], [120.99807909999998, 14.564995099999997]]]}, "properties": {"event_key": null, "role": "context_road", "road_names": "Don Pedro Street"}}, {"type": "Feature", "geometry": {"type": "MultiLineString", "coordinates": [[[120.9987177, 14.5653083], [120.9985365, 14.565669400000004]]]}, "properties": {"event_key": null, "role": "context_road", "road_names": "Bautista Street"}}, {"type": "Feature", "geometry": {"type": "MultiLineString", "coordinates": [[[120.9987177, 14.5653083], [120.99875760000002, 14.565327200000004], [120.99931900000001, 14.565597400000001]]]}, "properties": {"event_key": null, "role": "context_road", "road_names": "Don Pedro Street"}}, {"type": "Feature", "geometry": {"type": "MultiLineString", "coordinates": [[[120.99807909999998, 14.564995099999997], [120.9987177, 14.5653083]]]}, "properties": {"event_key": null, "role": "context_road", "road_names": "Don Pedro Street"}}, {"type": "Feature", "geometry": {"type": "MultiLineString", "coordinates": [[[120.99807909999998, 14.564995099999997], [120.9980228, 14.5654126]]]}, "properties": {"event_key": null, "role": "context_road", "road_names": "Arellano Avenue"}}, {"type": "Feature", "geometry": {"type": "MultiLineString", "coordinates": [[[120.99225290000001, 14.5567012], [120.9921189, 14.5571266]]]}, "properties": {"event_key": null, "role": "context_road", "road_names": "Jockian Street"}}, {"type": "Feature", "geometry": {"type": "MultiLineString", "coordinates": [[[120.99225290000001, 14.5567012], [120.9923847, 14.556282500000002]]]}, "properties": {"event_key": null, "role": "context_road", "road_names": "Jockian Street"}}, {"type": "Feature", "geometry": {"type": "MultiLineString", "coordinates": [[[120.99225290000001, 14.5567012], [120.9910649, 14.556338199999997], [120.99097530000002, 14.556314999999998], [120.99110662523505, 14.555902412431134]]]}, "properties": {"event_key": null, "role": "context_road", "road_names": "Chinkiang Street"}}, {"type": "Feature", "geometry": {"type": "MultiLineString", "coordinates": [[[120.9923847, 14.556282500000002], [120.9911114, 14.555890199999999], [120.99110662523505, 14.555902412431134]]]}, "properties": {"event_key": null, "role": "context_road", "road_names": "Progreso Street"}}, {"type": "Feature", "geometry": {"type": "MultiLineString", "coordinates": [[[120.9923847, 14.556282500000002], [120.99225290000001, 14.5567012]]]}, "properties": {"event_key": null, "role": "context_road", "road_names": "Jockian Street"}}, {"type": "Feature", "geometry": {"type": "MultiLineString", "coordinates": [[[120.9923847, 14.556282500000002], [120.9924282, 14.556144400000003], [120.9925104, 14.555883499999998]]]}, "properties": {"event_key": null, "role": "context_road", "road_names": "Jockian Street"}}, {"type": "Feature", "geometry": {"type": "MultiLineString", "coordinates": [[[120.9925104, 14.555883499999998], [120.99123460000001, 14.555491100000001], [120.99110662523505, 14.555902412431134]]]}, "properties": {"event_key": null, "role": "context_road", "road_names": "Porvenir Street"}}, {"type": "Feature", "geometry": {"type": "MultiLineString", "coordinates": [[[120.9925104, 14.555883499999998], [120.99264230000001, 14.555464700000002]]]}, "properties": {"event_key": null, "role": "context_road", "road_names": "Jockian Street"}}, {"type": "Feature", "geometry": {"type": "MultiLineString", "coordinates": [[[120.9925104, 14.555883499999998], [120.9924282, 14.556144400000003], [120.9923847, 14.556282500000002]]]}, "properties": {"event_key": null, "role": "context_road", "road_names": "Jockian Street"}}, {"type": "Feature", "geometry": {"type": "MultiLineString", "coordinates": [[[120.9864953, 14.5617583], [120.98664660000001, 14.561418299999996], [120.98682429999998, 14.561019099999998], [120.9868448, 14.5609731], [120.98690280000001, 14.560842799999998], [120.9873517, 14.5597883], [120.98740059999999, 14.559666200000002], [120.98718198783487, 14.559598078578414]]]}, "properties": {"event_key": null, "role": "context_road", "road_names": "Roxas Boulevard Service Road"}}, {"type": "Feature", "geometry": {"type": "MultiLineString", "coordinates": [[[120.98756639997964, 14.558878650017302], [120.9876621, 14.558921], [120.9878813, 14.558266399999999], [120.98764695848062, 14.558315464657962]]]}, "properties": {"event_key": null, "role": "context_road", "road_names": "Roxas Boulevard Service Road"}}, {"type": "Feature", "geometry": {"type": "MultiLineString", "coordinates": [[[120.98756639997964, 14.558878650017302], [120.9876621, 14.558921], [120.98744010000001, 14.5595536], [120.98740059999999, 14.559666200000002], [120.98718198783487, 14.559598078578414]]]}, "properties": {"event_key": null, "role": "context_road", "road_names": "Roxas Boulevard Service Road"}}, {"type": "Feature", "geometry": {"type": "MultiLineString", "coordinates": [[[120.98756639997964, 14.558878650017302], [120.98747070000002, 14.558836299999998], [120.9872157, 14.5594396], [120.9872102, 14.559452999999998], [120.98717710000001, 14.559534499999996], [120.98718198783487, 14.559598078578414]]]}, "properties": {"event_key": null, "role": "context_road", "road_names": "Roxas Boulevard"}}, {"type": "Feature", "geometry": {"type": "MultiLineString", "coordinates": [[[121.00033700000002, 14.559172200000003], [120.9999159, 14.559187299999998]]]}, "properties": {"event_key": null, "role": "context_road", "road_names": "Calatagan Street"}}, {"type": "Feature", "geometry": {"type": "MultiLineString", "coordinates": [[[120.9925047, 14.566390399999996], [120.9931702, 14.566684999999996], [120.9932434999875, 14.5667191500101]]]}, "properties": {"event_key": null, "role": "context_road", "road_names": "Castro Street"}}, {"type": "Feature", "geometry": {"type": "MultiLineString", "coordinates": [[[120.9925047, 14.566390399999996], [120.99247070000001, 14.5664649], [120.99243610000002, 14.566527199999994], [120.99238870000002, 14.566644200000002], [120.99233110000002, 14.5667701], [120.9921076, 14.5672786], [120.9921041, 14.567285400000001]]]}, "properties": {"event_key": null, "role": "context_road", "road_names": "Fidel A. Reyes Street"}}, {"type": "Feature", "geometry": {"type": "MultiLineString", "coordinates": [[[120.99200249999537, 14.569379050003667], [120.99204670000002, 14.569400200000002], [120.99181630000001, 14.5698804], [120.99177919999998, 14.5699532], [120.99166869999999, 14.570170099999997], [120.9916221, 14.570260300000001], [120.99166292284325, 14.57041231425933]]]}, "properties": {"event_key": null, "role": "context_road", "road_names": "Taft Avenue"}}, {"type": "Feature", "geometry": {"type": "MultiLineString", "coordinates": [[[120.99200249999537, 14.569379050003667], [120.99195830000001, 14.569357899999996], [120.9919869, 14.569294700000002], [120.99221359999999, 14.568794199999992], [120.9922929, 14.568619199999999], [120.9923586, 14.568474200000004], [120.99284129999998, 14.567418300000003], [120.99298670000002, 14.567087900000002], [120.9930278, 14.5669971], [120.9931543, 14.566719899999997], [120.9931702, 14.566684999999996], [120.9932434999875, 14.5667191500101]]]}, "properties": {"event_key": null, "role": "context_road", "road_names": "Taft Avenue"}}, {"type": "Feature", "geometry": {"type": "MultiLineString", "coordinates": [[[120.99344190000001, 14.5725178], [120.9936943, 14.572820100000001]]]}, "properties": {"event_key": null, "role": "context_road", "road_names": "Quirino Avenue"}}, {"type": "Feature", "geometry": {"type": "MultiLineString", "coordinates": [[[120.99344190000001, 14.5725178], [120.9942187, 14.571116099999996]]]}, "properties": {"event_key": null, "role": "context_road", "road_names": "Modesto Street"}}, {"type": "Feature", "geometry": {"type": "MultiLineString", "coordinates": [[[120.9942187, 14.571116099999996], [120.99344190000001, 14.5725178]]]}, "properties": {"event_key": null, "role": "context_road", "road_names": "Modesto Street"}}, {"type": "Feature", "geometry": {"type": "MultiLineString", "coordinates": [[[120.9942187, 14.571116099999996], [120.9945726, 14.571248500000001]]]}, "properties": {"event_key": null, "role": "context_road", "road_names": "San Andres Street"}}, {"type": "Feature", "geometry": {"type": "MultiLineString", "coordinates": [[[120.99385710000001, 14.5709815], [120.9936709, 14.5709111], [120.99350690000001, 14.570849000000004]]]}, "properties": {"event_key": null, "role": "context_road", "road_names": "San Andres Street"}}, {"type": "Feature", "geometry": {"type": "MultiLineString", "coordinates": [[[120.99385710000001, 14.5709815], [120.99401130000001, 14.571038999999999], [120.9942187, 14.571116099999996]]]}, "properties": {"event_key": null, "role": "context_road", "road_names": "San Andres Street"}}, {"type": "Feature", "geometry": {"type": "MultiLineString", "coordinates": [[[120.99350690000001, 14.570849000000004], [120.99314690000001, 14.570712599999997], [120.99302384997038, 14.57066595002919]]]}, "properties": {"event_key": null, "role": "context_road", "road_names": "San Andres Street"}}, {"type": "Feature", "geometry": {"type": "MultiLineString", "coordinates": [[[120.99350690000001, 14.570849000000004], [120.9936709, 14.5709111], [120.99385710000001, 14.5709815]]]}, "properties": {"event_key": null, "role": "context_road", "road_names": "San Andres Street"}}, {"type": "Feature", "geometry": {"type": "MultiLineString", "coordinates": [[[120.99350690000001, 14.570849000000004], [120.993469, 14.570915600000001], [120.9929604, 14.571789899999994], [120.99292060000002, 14.571868600000004]]]}, "properties": {"event_key": null, "role": "context_road", "road_names": "San Pascual Street"}}, {"type": "Feature", "geometry": {"type": "MultiLineString", "coordinates": [[[120.9926809, 14.571582199999998], [120.99292060000002, 14.571868600000004]]]}, "properties": {"event_key": null, "role": "context_road", "road_names": "Quirino Avenue"}}, {"type": "Feature", "geometry": {"type": "MultiLineString", "coordinates": [[[120.9926809, 14.571582199999998], [120.9927066, 14.571562], [120.9927361, 14.5715309], [120.99275779999999, 14.571490699999998], [120.99314690000001, 14.570712599999997], [120.99302384997038, 14.57066595002919]]]}, "properties": {"event_key": null, "role": "context_road", "road_names": "Agoncillo Street"}}, {"type": "Feature", "geometry": {"type": "MultiLineString", "coordinates": [[[120.99292060000002, 14.571868600000004], [120.99302339999998, 14.571994200000002], [120.993184, 14.572196800000002], [120.99315180000954, 14.57225695000348]]]}, "properties": {"event_key": null, "role": "context_road", "road_names": "Quirino Avenue"}}, {"type": "Feature", "geometry": {"type": "MultiLineString", "coordinates": [[[120.99292060000002, 14.571868600000004], [120.9929604, 14.571789899999994], [120.993469, 14.570915600000001], [120.99350690000001, 14.570849000000004]]]}, "properties": {"event_key": null, "role": "context_road", "road_names": "San Pascual Street"}}, {"type": "Feature", "geometry": {"type": "MultiLineString", "coordinates": [[[120.9898772, 14.557527899999997], [120.99046530000001, 14.557751300000001]]]}, "properties": {"event_key": null, "role": "context_road", "road_names": "R. Layug Street"}}, {"type": "Feature", "geometry": {"type": "MultiLineString", "coordinates": [[[120.9898772, 14.557527899999997], [120.9901243, 14.5568832]]]}, "properties": {"event_key": null, "role": "context_road", "road_names": "Cuyegkeng Street"}}, {"type": "Feature", "geometry": {"type": "MultiLineString", "coordinates": [[[120.9898772, 14.557527899999997], [120.9897538, 14.557849899999997], [120.9892828, 14.5590879], [120.9892834, 14.5591952], [120.9893143, 14.559254], [120.9897005, 14.559386700000001], [120.9897691, 14.5594132]]]}, "properties": {"event_key": null, "role": "context_road", "road_names": "Cuyegkeng Street"}}, {"type": "Feature", "geometry": {"type": "MultiLineString", "coordinates": [[[120.9897559, 14.5567544], [120.98943710000002, 14.5566431]]]}, "properties": {"event_key": null, "role": "context_road", "road_names": "E. Rodriguez Street"}}, {"type": "Feature", "geometry": {"type": "MultiLineString", "coordinates": [[[120.9897559, 14.5567544], [120.9895081, 14.557387799999999]]]}, "properties": {"event_key": null, "role": "context_road", "road_names": "Goquiolay Street"}}, {"type": "Feature", "geometry": {"type": "MultiLineString", "coordinates": [[[120.99287459999998, 14.560080699999997], [120.9929656, 14.559729599999997]]]}, "properties": {"event_key": null, "role": "context_road", "road_names": "Leveriza Street"}}, {"type": "Feature", "geometry": {"type": "MultiLineString", "coordinates": [[[120.99287459999998, 14.560080699999997], [120.9908277, 14.5595374], [120.9907284, 14.5594348], [120.9906215, 14.559328999999996], [120.989903, 14.5590958]]]}, "properties": {"event_key": null, "role": "context_road", "road_names": "Balagtas Street"}}, {"type": "Feature", "geometry": {"type": "MultiLineString", "coordinates": [[[120.99529450000001, 14.569920999999995], [120.99538240000001, 14.569723999999997], [120.9954231, 14.5696386], [120.99548620000002, 14.569506200000001], [120.99561280000002, 14.569254400000004], [120.995691, 14.569120099999997], [120.99577910000001, 14.568968800000002], [120.9958014, 14.568931199999996], [120.99591620000001, 14.568737699999998], [120.9959304, 14.568708199999998], [120.99593980000002, 14.568689299999997], [120.99608090000001, 14.568405499999999], [120.9961536, 14.568220399999996], [120.99617989999999, 14.5681521]]]}, "properties": {"event_key": null, "role": "context_road", "road_names": "Singalong Street"}}, {"type": "Feature", "geometry": {"type": "MultiLineString", "coordinates": [[[120.99337160000002, 14.5685786], [120.99343470000001, 14.568445900000002], [120.9935188, 14.568269100000002], [120.99375770000002, 14.567767100000001]]]}, "properties": {"event_key": null, "role": "context_road", "road_names": "Leon Guinto Street"}}, {"type": "Feature", "geometry": {"type": "MultiLineString", "coordinates": [[[120.99337160000002, 14.5685786], [120.99328650000001, 14.5687574], [120.9932088, 14.5689207], [120.99308159999998, 14.569188000000002], [120.99301160000002, 14.5693352]]]}, "properties": {"event_key": null, "role": "context_road", "road_names": "Leon Guinto Street"}}, {"type": "Feature", "geometry": {"type": "MultiLineString", "coordinates": [[[120.9939931, 14.5672544], [120.99375770000002, 14.567767100000001]]]}, "properties": {"event_key": null, "role": "context_road", "road_names": "Leon Guinto Street"}}, {"type": "Feature", "geometry": {"type": "MultiLineString", "coordinates": [[[120.9939931, 14.5672544], [120.994184, 14.5668523], [120.9942839, 14.566645000000001], [120.99436290000001, 14.566481199999997], [120.9944542373156, 14.566290727412246]]]}, "properties": {"event_key": null, "role": "context_road", "road_names": "Leon Guinto Street"}}, {"type": "Feature", "geometry": {"type": "MultiLineString", "coordinates": [[[120.99375770000002, 14.567767100000001], [120.9939931, 14.5672544]]]}, "properties": {"event_key": null, "role": "context_road", "road_names": "Leon Guinto Street"}}, {"type": "Feature", "geometry": {"type": "MultiLineString", "coordinates": [[[120.99375770000002, 14.567767100000001], [120.9935188, 14.568269100000002], [120.99343470000001, 14.568445900000002], [120.99337160000002, 14.5685786]]]}, "properties": {"event_key": null, "role": "context_road", "road_names": "Leon Guinto Street"}}, {"type": "Feature", "geometry": {"type": "MultiLineString", "coordinates": [[[120.9941596000134, 14.561476450008872], [120.99421689999998, 14.5614241], [120.99435360000001, 14.561757600000005]]]}, "properties": {"event_key": null, "role": "context_road", "road_names": "Pablo Ocampo Street"}}, {"type": "Feature", "geometry": {"type": "MultiLineString", "coordinates": [[[120.9941596000134, 14.561476450008872], [120.99410229999998, 14.561528800000001], [120.9940337, 14.561467800000003], [120.9939538, 14.561401200000002], [120.9938419, 14.561325800000004], [120.9937307, 14.561270399999998], [120.99381133713109, 14.561230570051167]]]}, "properties": {"event_key": null, "role": "context_road", "road_names": "Pablo Ocampo Street"}}, {"type": "Feature", "geometry": {"type": "MultiLineString", "coordinates": [[[120.99666314999764, 14.55626050000495], [120.9967123, 14.556268099999993], [120.99669890000001, 14.556325799999998], [120.9966061, 14.556724200000001], [120.9965407, 14.557005099999998], [120.99649699999766, 14.556995850003847]]]}, "properties": {"event_key": null, "role": "context_road", "road_names": "Taft Avenue"}}, {"type": "Feature", "geometry": {"type": "MultiLineString", "coordinates": [[[120.99666314999764, 14.55626050000495], [120.996614, 14.556252899999999], [120.9966306, 14.556179200000003], [120.99669509999998, 14.555880399999996], [120.996724, 14.555749299999999], [120.99677129999698, 14.55576065000449]]]}, "properties": {"event_key": null, "role": "context_road", "road_names": "Taft Avenue"}}, {"type": "Feature", "geometry": {"type": "MultiLineString", "coordinates": [[[120.99649699999766, 14.556995850003847], [120.9965407, 14.557005099999998], [120.99643949999998, 14.557439800000001], [120.99639080403492, 14.55744679681746]]]}, "properties": {"event_key": null, "role": "context_road", "road_names": "Taft Avenue"}}, {"type": "Feature", "geometry": {"type": "MultiLineString", "coordinates": [[[120.99649699999766, 14.556995850003847], [120.9964533, 14.556986599999998], [120.996614, 14.556252899999999], [120.99666314999764, 14.55626050000495]]]}, "properties": {"event_key": null, "role": "context_road", "road_names": "Taft Avenue"}}, {"type": "Feature", "geometry": {"type": "MultiLineString", "coordinates": [[[120.997888, 14.557328599999998], [120.9977302, 14.557824500000002]]]}, "properties": {"event_key": null, "role": "context_road", "road_names": "Sandejas Street"}}, {"type": "Feature", "geometry": {"type": "MultiLineString", "coordinates": [[[120.997888, 14.557328599999998], [120.9979574, 14.5571099], [120.99809910000002, 14.556621900000001]]]}, "properties": {"event_key": null, "role": "context_road", "road_names": "Sandejas Street"}}, {"type": "Feature", "geometry": {"type": "MultiLineString", "coordinates": [[[120.99639080403492, 14.55744679681746], [120.99643250000001, 14.557476899999996], [120.99631850000002, 14.557959100000001], [120.9962467, 14.558267499999998], [120.99614330000001, 14.558711499999996], [120.99612820000002, 14.558776500000004], [120.99608499999786, 14.558768100003782]]]}, "properties": {"event_key": null, "role": "context_road", "road_names": "Taft Avenue"}}, {"type": "Feature", "geometry": {"type": "MultiLineString", "coordinates": [[[120.99639080403492, 14.55744679681746], [120.9963534, 14.5574135], [120.996438, 14.557051199999997], [120.9964533, 14.556986599999998], [120.99649699999766, 14.556995850003847]]]}, "properties": {"event_key": null, "role": "context_road", "road_names": "Taft Avenue"}}, {"type": "Feature", "geometry": {"type": "MultiLineString", "coordinates": [[[120.998459, 14.5747675], [120.9983486, 14.5750898], [120.9981152, 14.575542800000001], [120.9979807, 14.575805200000001], [120.99788130000002, 14.575994999999997], [120.99775380000001, 14.5762152], [120.99761030000002, 14.5763495], [120.9974635, 14.5764631], [120.9972321, 14.576582499999997], [120.9971242, 14.576612299999997], [120.99699740000001, 14.576643500000001], [120.9968438, 14.576666199999996], [120.9967265, 14.5766415], [120.9966025, 14.576559799999993], [120.9964515, 14.576376699999999], [120.9953811, 14.575068099999996], [120.994922, 14.5745069], [120.99406779999998, 14.5734159], [120.9938671, 14.573159599999997], [120.9937616, 14.573024000000004], [120.99362870000002, 14.572937899999998]]]}, "properties": {"event_key": null, "role": "context_road", "road_names": "Unnamed road"}}, {"type": "Feature", "geometry": {"type": "MultiLineString", "coordinates": [[[120.9902201, 14.549721899999994], [120.99014369999999, 14.550017399999996], [120.9900095, 14.550555299999997], [120.98973200000002, 14.551664700000005], [120.989715, 14.551727900000001], [120.9896961, 14.551790200000001], [120.9889752, 14.554111499999996], [120.9888187, 14.554625499999998], [120.9888676443626, 14.554748636385208]]]}, "properties": {"event_key": null, "role": "context_road", "road_names": "Roxas Boulevard"}}, {"type": "Feature", "geometry": {"type": "MultiLineString", "coordinates": [[[120.98913230000001, 14.556531699999997], [120.9885085, 14.556318900000003], [120.98841164998287, 14.556285100018215]]]}, "properties": {"event_key": null, "role": "context_road", "road_names": "E. Rodriguez Street"}}, {"type": "Feature", "geometry": {"type": "MultiLineString", "coordinates": [[[120.98913230000001, 14.556531699999997], [120.98889400000002, 14.557149799999996]]]}, "properties": {"event_key": null, "role": "context_road", "road_names": "Lim-an Street"}}, {"type": "Feature", "geometry": {"type": "MultiLineString", "coordinates": [[[120.98919800000002, 14.55727], [120.9895081, 14.557387799999999]]]}, "properties": {"event_key": null, "role": "context_road", "road_names": "R. Layug Street"}}, {"type": "Feature", "geometry": {"type": "MultiLineString", "coordinates": [[[120.98919800000002, 14.55727], [120.98943710000002, 14.5566431]]]}, "properties": {"event_key": null, "role": "context_road", "road_names": "Tankian Street"}}, {"type": "Feature", "geometry": {"type": "MultiLineString", "coordinates": [[[120.9895081, 14.557387799999999], [120.9898772, 14.557527899999997]]]}, "properties": {"event_key": null, "role": "context_road", "road_names": "R. Layug Street"}}, {"type": "Feature", "geometry": {"type": "MultiLineString", "coordinates": [[[120.9895081, 14.557387799999999], [120.9897559, 14.5567544]]]}, "properties": {"event_key": null, "role": "context_road", "road_names": "Goquiolay Street"}}, {"type": "Feature", "geometry": {"type": "MultiLineString", "coordinates": [[[120.98943710000002, 14.5566431], [120.98913230000001, 14.556531699999997]]]}, "properties": {"event_key": null, "role": "context_road", "road_names": "E. Rodriguez Street"}}, {"type": "Feature", "geometry": {"type": "MultiLineString", "coordinates": [[[120.98943710000002, 14.5566431], [120.98919800000002, 14.55727]]]}, "properties": {"event_key": null, "role": "context_road", "road_names": "Tankian Street"}}, {"type": "Feature", "geometry": {"type": "MultiLineString", "coordinates": [[[121.0036851, 14.564542699999997], [121.0028857, 14.563694599999998]]]}, "properties": {"event_key": null, "role": "context_road", "road_names": "Curie Street"}}]}