{"type": "FeatureCollection", "features": [{"type": "Feature", "geometry": {"type": "MultiLineString", "coordinates": [[[120.9952378906122, 14.562595410371378], [120.9950958, 14.5626023], [120.995183, 14.562337700000002], [120.995533, 14.560986999999997], [120.99557209999794, 14.560996400003068]], [[120.99557209999794, 14.560996400003068], [120.995533, 14.560986999999997], [120.9955802, 14.560782300000005], [120.9957141, 14.560180699999995], [120.99575664999769, 14.560190150003631]], [[120.99575664999769, 14.560190150003631], [120.9957141, 14.560180699999995], [120.99519970000001, 14.560100700000003], [120.9948939, 14.560053899999996], [120.99459030000001, 14.560000999999998], [120.99453429999998, 14.559991299999993]], [[120.99453429999998, 14.559991299999993], [120.9929656, 14.559729599999997]], [[120.9929656, 14.559729599999997], [120.99302710000002, 14.559562400000003], [120.9931263, 14.5592673], [120.993189, 14.5590552], [120.99328619999999, 14.5587027]], [[120.99328619999999, 14.5587027], [120.99332300000002, 14.558535399999998], [120.9933859, 14.558247899999996], [120.99343830000001, 14.558011500000001]], [[120.99343830000001, 14.558011500000001], [120.9933154, 14.5579732], [120.9931612, 14.557925199999998], [120.99281980000002, 14.557822599999998], [120.99198049999998, 14.557566199999997]], [[120.99198049999998, 14.557566199999997], [120.9906872, 14.557171099999998], [120.99070145000307, 14.557130300000846]], [[120.99070145000307, 14.557130300000846], [120.9907157, 14.557089500000004], [120.9901243, 14.5568832]], [[120.9901243, 14.5568832], [120.98979020000002, 14.5567664], [120.9897559, 14.5567544]], [[120.9897559, 14.5567544], [120.98943710000002, 14.5566431]], [[120.98943710000002, 14.5566431], [120.98913230000001, 14.556531699999997]], [[120.98913230000001, 14.556531699999997], [120.9885085, 14.556318900000003], [120.98841164998287, 14.556285100018215]]]}, "properties": {"event_key": "e4869c1b8c98fe60", "role": "preferred_observed", "primary_reason": "Shortcut/Faster Route/Personal Preference/Familiar Road", "length_m": 1391.7, "road_names": "Taft Avenue > Menlo Street > Leveriza Street > Gotamco Street > E. Rodriguez Street"}}, {"type": "Feature", "geometry": {"type": "MultiLineString", "coordinates": [[[120.9952378906122, 14.562595410371378], [120.99521400000002, 14.5626692], [120.99518680000001, 14.562731400000002], [120.99478090000001, 14.563660699999998], [120.99472050000001, 14.5638015], [120.9944532, 14.564347900000001], [120.99443010000002, 14.564398400000004], [120.99436149998996, 14.56436945000896]], [[120.99436149998996, 14.56436945000896], [120.99443010000002, 14.564398400000004], [120.9943798, 14.564506], [120.99407250000002, 14.5651425], [120.994046, 14.565202700000002], [120.9939889, 14.565330400000006], [120.9939752, 14.565362799999999], [120.9939095999882, 14.565325750007856]], [[120.9939095999882, 14.565325750007856], [120.993844, 14.565288700000002], [120.99394350000001, 14.565084800000001], [120.99396230000002, 14.565044599999997], [120.99408090000001, 14.564795000000004], [120.99424330000001, 14.564450500000003], [120.9942929, 14.5643405], [120.99436149998996, 14.56436945000896]], [[120.99436149998996, 14.56436945000896], [120.9942929, 14.5643405], [120.99431729999999, 14.564290900000001], [120.9943319, 14.564259800000002], [120.9944733, 14.563954199999998], [120.994553, 14.563791099999998], [120.9945788, 14.563741999999998], [120.9946819, 14.563534799999998], [120.99469900000001, 14.5634968], [120.9948357, 14.5632037], [120.99485170000001, 14.563167299999998], [120.9950822, 14.562677500000003], [120.9950958, 14.5626023], [120.9952378906122, 14.562595410371378]], [[120.9952378906122, 14.562595410371378], [120.9950958, 14.5626023], [120.99501990000002, 14.562569999999997], [120.9948096, 14.562454], [120.99435360000001, 14.561757600000005]], [[120.99435360000001, 14.561757600000005], [120.99410229999998, 14.561528800000001], [120.9941596000134, 14.561476450008872]], [[120.9941596000134, 14.561476450008872], [120.99410229999998, 14.561528800000001], [120.9940337, 14.561467800000003], [120.9939538, 14.561401200000002], [120.9938419, 14.561325800000004], [120.9937307, 14.561270399999998], [120.99381133713109, 14.561230570051167]], [[120.99381133713109, 14.561230570051167], [120.9937307, 14.561270399999998], [120.993475, 14.5612274], [120.9932503, 14.561182500000001], [120.9928588, 14.561092899999998], [120.99258791067642, 14.560978420064938]], [[120.99258791067642, 14.560978420064938], [120.99231080000001, 14.560907799999995], [120.99221980000002, 14.5608851], [120.99151879999998, 14.5607109], [120.990773, 14.560525500000004], [120.9903859, 14.5604293], [120.9902701, 14.560400499999997], [120.98951630000002, 14.5602131], [120.98943620000001, 14.560193199999999]], [[120.98943620000001, 14.560193199999999], [120.98934050000001, 14.560168199999996], [120.98929409999998, 14.560151200000002], [120.98920990000002, 14.560130300000003], [120.98889400000002, 14.560051699999999]], [[120.98889400000002, 14.560051699999999], [120.988485, 14.559944999999997], [120.9875544, 14.559702099999997], [120.9874856, 14.559685599999996], [120.98740059999999, 14.559666200000002], [120.98718198783487, 14.559598078578414]], [[120.98718198783487, 14.559598078578414], [120.98740059999999, 14.559666200000002], [120.98744010000001, 14.5595536], [120.9876621, 14.558921], [120.98756639997964, 14.558878650017302]], [[120.98756639997964, 14.558878650017302], [120.9876621, 14.558921], [120.9878813, 14.558266399999999], [120.98764695848062, 14.558315464657962]], [[120.98764695848062, 14.558315464657962], [120.9878813, 14.558266399999999], [120.98813149999998, 14.5574703], [120.98830090000001, 14.5569294]], [[120.98830090000001, 14.5569294], [120.9884097, 14.556615400000002], [120.9885085, 14.556318900000003], [120.98841164998287, 14.556285100018215]]]}, "properties": {"event_key": "e4869c1b8c98fe60", "role": "rejected_suggestion", "primary_reason": "Shortcut/Faster Route/Personal Preference/Familiar Road", "length_m": 2220.3, "road_names": "Taft Avenue > Pablo Ocampo Street > Roxas Boulevard Service Road"}}, {"type": "Feature", "geometry": {"type": "MultiLineString", "coordinates": [[[120.9985119, 14.563191300000002], [120.99862620000002, 14.5627993], [120.99878620000001, 14.562398600000002], [120.9989393, 14.562075], [120.99898630000001, 14.5620153], [120.99904959999999, 14.5619551]], [[120.99904959999999, 14.5619551], [120.999092, 14.5619979], [120.999401, 14.562309800000001]], [[120.999401, 14.562309800000001], [120.9996588, 14.562570100000002]], [[120.9996588, 14.562570100000002], [120.999921, 14.562834799999994]], [[120.999921, 14.562834799999994], [121.00020790000002, 14.5630774]], [[121.00020790000002, 14.5630774], [121.00045769999998, 14.5633449]], [[121.00045769999998, 14.5633449], [121.00071260000001, 14.5635872]], [[121.00071260000001, 14.5635872], [121.0007428, 14.5636156], [121.0009669, 14.563840599999997]]]}, "properties": {"event_key": "0f29dad8ecfeadc9", "role": "preferred_observed", "primary_reason": "Shortcut/Faster Route/Personal Preference/Familiar Road", "length_m": 444.9, "road_names": "Arellano Avenue > Zobel Roxas Street"}}, {"type": "Feature", "geometry": {"type": "MultiLineString", "coordinates": [[[120.9985119, 14.563191300000002], [120.9988721, 14.5633467]], [[120.9988721, 14.5633467], [120.99918850000002, 14.5635076]], [[120.99918850000002, 14.5635076], [120.999523, 14.563677600000002]], [[120.999523, 14.563677600000002], [120.9998118, 14.563824399999998]], [[120.9998118, 14.563824399999998], [121.0001292, 14.563985699999998]], [[121.0001292, 14.563985699999998], [121.00044079999999, 14.564144100000002]], [[121.00044079999999, 14.564144100000002], [121.00072790000002, 14.564289999999998]], [[121.00072790000002, 14.564289999999998], [121.0009669, 14.563840599999997]]]}, "properties": {"event_key": "0f29dad8ecfeadc9", "role": "rejected_suggestion", "primary_reason": "Shortcut/Faster Route/Personal Preference/Familiar Road", "length_m": 324.2, "road_names": "A. Roxas Street > Dian Street"}}, {"type": "Feature", "geometry": {"type": "MultiLineString", "coordinates": [[[120.9952378906122, 14.562595410371378], [120.9950958, 14.5626023], [120.995183, 14.562337700000002], [120.995533, 14.560986999999997], [120.99557209999794, 14.560996400003068]], [[120.99557209999794, 14.560996400003068], [120.995533, 14.560986999999997], [120.9955802, 14.560782300000005], [120.9957141, 14.560180699999995], [120.99575664999769, 14.560190150003631]], [[120.99575664999769, 14.560190150003631], [120.9957141, 14.560180699999995], [120.99519970000001, 14.560100700000003], [120.9948939, 14.560053899999996], [120.99459030000001, 14.560000999999998], [120.99453429999998, 14.559991299999993]], [[120.99453429999998, 14.559991299999993], [120.9929656, 14.559729599999997]], [[120.9929656, 14.559729599999997], [120.99302710000002, 14.559562400000003], [120.9931263, 14.5592673], [120.993189, 14.5590552], [120.99328619999999, 14.5587027]], [[120.99328619999999, 14.5587027], [120.99332300000002, 14.558535399999998], [120.9933859, 14.558247899999996], [120.99343830000001, 14.558011500000001]], [[120.99343830000001, 14.558011500000001], [120.9933154, 14.5579732], [120.9931612, 14.557925199999998], [120.99281980000002, 14.557822599999998], [120.99198049999998, 14.557566199999997]], [[120.99198049999998, 14.557566199999997], [120.9906872, 14.557171099999998], [120.99070145000307, 14.557130300000846]], [[120.99070145000307, 14.557130300000846], [120.9907157, 14.557089500000004], [120.9901243, 14.5568832]], [[120.9901243, 14.5568832], [120.98979020000002, 14.5567664], [120.9897559, 14.5567544]], [[120.9897559, 14.5567544], [120.98943710000002, 14.5566431]], [[120.98943710000002, 14.5566431], [120.98913230000001, 14.556531699999997]], [[120.98913230000001, 14.556531699999997], [120.9885085, 14.556318900000003], [120.98841164998287, 14.556285100018215]]]}, "properties": {"event_key": "7a7aa43d1f21ee8a", "role": "preferred_observed", "primary_reason": "Shortcut/Faster Route/Personal Preference/Familiar Road", "length_m": 1391.7, "road_names": "Taft Avenue > Menlo Street > Leveriza Street > Gotamco Street > E. Rodriguez Street"}}, {"type": "Feature", "geometry": {"type": "MultiLineString", "coordinates": [[[120.9952378906122, 14.562595410371378], [120.99521400000002, 14.5626692], [120.99518680000001, 14.562731400000002], [120.99478090000001, 14.563660699999998], [120.99472050000001, 14.5638015], [120.9944532, 14.564347900000001], [120.99443010000002, 14.564398400000004], [120.99436149998996, 14.56436945000896]], [[120.99436149998996, 14.56436945000896], [120.99443010000002, 14.564398400000004], [120.9943798, 14.564506], [120.99407250000002, 14.5651425], [120.994046, 14.565202700000002], [120.9939889, 14.565330400000006], [120.9939752, 14.565362799999999], [120.9939095999882, 14.565325750007856]], [[120.9939095999882, 14.565325750007856], [120.993844, 14.565288700000002], [120.99394350000001, 14.565084800000001], [120.99396230000002, 14.565044599999997], [120.99408090000001, 14.564795000000004], [120.99424330000001, 14.564450500000003], [120.9942929, 14.5643405], [120.99436149998996, 14.56436945000896]], [[120.99436149998996, 14.56436945000896], [120.9942929, 14.5643405], [120.99431729999999, 14.564290900000001], [120.9943319, 14.564259800000002], [120.9944733, 14.563954199999998], [120.994553, 14.563791099999998], [120.9945788, 14.563741999999998], [120.9946819, 14.563534799999998], [120.99469900000001, 14.5634968], [120.9948357, 14.5632037], [120.99485170000001, 14.563167299999998], [120.9950822, 14.562677500000003], [120.9950958, 14.5626023], [120.9952378906122, 14.562595410371378]], [[120.9952378906122, 14.562595410371378], [120.9950958, 14.5626023], [120.99501990000002, 14.562569999999997], [120.9948096, 14.562454], [120.99435360000001, 14.561757600000005]], [[120.99435360000001, 14.561757600000005], [120.99410229999998, 14.561528800000001], [120.9941596000134, 14.561476450008872]], [[120.9941596000134, 14.561476450008872], [120.99410229999998, 14.561528800000001], [120.9940337, 14.561467800000003], [120.9939538, 14.561401200000002], [120.9938419, 14.561325800000004], [120.9937307, 14.561270399999998], [120.99381133713109, 14.561230570051167]], [[120.99381133713109, 14.561230570051167], [120.9937307, 14.561270399999998], [120.993475, 14.5612274], [120.9932503, 14.561182500000001], [120.9928588, 14.561092899999998], [120.99258791067642, 14.560978420064938]], [[120.99258791067642, 14.560978420064938], [120.99231080000001, 14.560907799999995], [120.99221980000002, 14.5608851], [120.99151879999998, 14.5607109], [120.990773, 14.560525500000004], [120.9903859, 14.5604293], [120.9902701, 14.560400499999997], [120.98951630000002, 14.5602131], [120.98943620000001, 14.560193199999999]], [[120.98943620000001, 14.560193199999999], [120.98934050000001, 14.560168199999996], [120.98929409999998, 14.560151200000002], [120.98920990000002, 14.560130300000003], [120.98889400000002, 14.560051699999999]], [[120.98889400000002, 14.560051699999999], [120.988485, 14.559944999999997], [120.9875544, 14.559702099999997], [120.9874856, 14.559685599999996], [120.98740059999999, 14.559666200000002], [120.98718198783487, 14.559598078578414]], [[120.98718198783487, 14.559598078578414], [120.98740059999999, 14.559666200000002], [120.98744010000001, 14.5595536], [120.9876621, 14.558921], [120.98756639997964, 14.558878650017302]], [[120.98756639997964, 14.558878650017302], [120.9876621, 14.558921], [120.9878813, 14.558266399999999], [120.98764695848062, 14.558315464657962]], [[120.98764695848062, 14.558315464657962], [120.9878813, 14.558266399999999], [120.98813149999998, 14.5574703], [120.98830090000001, 14.5569294]], [[120.98830090000001, 14.5569294], [120.9884097, 14.556615400000002], [120.9885085, 14.556318900000003], [120.98841164998287, 14.556285100018215]]]}, "properties": {"event_key": "7a7aa43d1f21ee8a", "role": "rejected_suggestion", "primary_reason": "Shortcut/Faster Route/Personal Preference/Familiar Road", "length_m": 2220.3, "road_names": "Taft Avenue > Pablo Ocampo Street > Roxas Boulevard Service Road"}}, {"type": "Feature", "geometry": {"type": "MultiLineString", "coordinates": [[[120.9985119, 14.563191300000002], [120.99862620000002, 14.5627993], [120.99878620000001, 14.562398600000002], [120.9989393, 14.562075], [120.99898630000001, 14.5620153], [120.99904959999999, 14.5619551]], [[120.99904959999999, 14.5619551], [120.999092, 14.5619979], [120.999401, 14.562309800000001]], [[120.999401, 14.562309800000001], [120.9996588, 14.562570100000002]], [[120.9996588, 14.562570100000002], [120.999921, 14.562834799999994]], [[120.999921, 14.562834799999994], [121.00020790000002, 14.5630774]], [[121.00020790000002, 14.5630774], [121.00045769999998, 14.5633449]], [[121.00045769999998, 14.5633449], [121.00071260000001, 14.5635872]], [[121.00071260000001, 14.5635872], [121.0007428, 14.5636156], [121.0009669, 14.563840599999997]]]}, "properties": {"event_key": "0c2fa93cfadd17a6", "role": "preferred_observed", "primary_reason": "Shortcut/Faster Route/Personal Preference/Familiar Road", "length_m": 444.9, "road_names": "Arellano Avenue > Zobel Roxas Street"}}, {"type": "Feature", "geometry": {"type": "MultiLineString", "coordinates": [[[120.9985119, 14.563191300000002], [120.9988721, 14.5633467]], [[120.9988721, 14.5633467], [120.99918850000002, 14.5635076]], [[120.99918850000002, 14.5635076], [120.999523, 14.563677600000002]], [[120.999523, 14.563677600000002], [120.9998118, 14.563824399999998]], [[120.9998118, 14.563824399999998], [121.0001292, 14.563985699999998]], [[121.0001292, 14.563985699999998], [121.00044079999999, 14.564144100000002]], [[121.00044079999999, 14.564144100000002], [121.00072790000002, 14.564289999999998]], [[121.00072790000002, 14.564289999999998], [121.0009669, 14.563840599999997]]]}, "properties": {"event_key": "0c2fa93cfadd17a6", "role": "rejected_suggestion", "primary_reason": "Shortcut/Faster Route/Personal Preference/Familiar Road", "length_m": 324.2, "road_names": "A. Roxas Street > Dian Street"}}, {"type": "Feature", "geometry": {"type": "MultiLineString", "coordinates": [[[120.9952378906122, 14.562595410371378], [120.9950958, 14.5626023], [120.995183, 14.562337700000002], [120.995533, 14.560986999999997], [120.99557209999794, 14.560996400003068]], [[120.99557209999794, 14.560996400003068], [120.995533, 14.560986999999997], [120.9955802, 14.560782300000005], [120.9957141, 14.560180699999995], [120.99575664999769, 14.560190150003631]], [[120.99575664999769, 14.560190150003631], [120.9957141, 14.560180699999995], [120.99519970000001, 14.560100700000003], [120.9948939, 14.560053899999996], [120.99459030000001, 14.560000999999998], [120.99453429999998, 14.559991299999993]], [[120.99453429999998, 14.559991299999993], [120.9929656, 14.559729599999997]], [[120.9929656, 14.559729599999997], [120.99302710000002, 14.559562400000003], [120.9931263, 14.5592673], [120.993189, 14.5590552], [120.99328619999999, 14.5587027]], [[120.99328619999999, 14.5587027], [120.99332300000002, 14.558535399999998], [120.9933859, 14.558247899999996], [120.99343830000001, 14.558011500000001]], [[120.99343830000001, 14.558011500000001], [120.9933154, 14.5579732], [120.9931612, 14.557925199999998], [120.99281980000002, 14.557822599999998], [120.99198049999998, 14.557566199999997]], [[120.99198049999998, 14.557566199999997], [120.9906872, 14.557171099999998], [120.99070145000307, 14.557130300000846]], [[120.99070145000307, 14.557130300000846], [120.9907157, 14.557089500000004], [120.9901243, 14.5568832]], [[120.9901243, 14.5568832], [120.98979020000002, 14.5567664], [120.9897559, 14.5567544]], [[120.9897559, 14.5567544], [120.98943710000002, 14.5566431]], [[120.98943710000002, 14.5566431], [120.98913230000001, 14.556531699999997]], [[120.98913230000001, 14.556531699999997], [120.9885085, 14.556318900000003], [120.98841164998287, 14.556285100018215]]]}, "properties": {"event_key": "69274ff7d3fd39d4", "role": "preferred_observed", "primary_reason": "Shortcut/Faster Route/Personal Preference/Familiar Road", "length_m": 1391.7, "road_names": "Taft Avenue > Menlo Street > Leveriza Street > Gotamco Street > E. Rodriguez Street"}}, {"type": "Feature", "geometry": {"type": "MultiLineString", "coordinates": [[[120.9952378906122, 14.562595410371378], [120.99521400000002, 14.5626692], [120.99518680000001, 14.562731400000002], [120.99478090000001, 14.563660699999998], [120.99472050000001, 14.5638015], [120.9944532, 14.564347900000001], [120.99443010000002, 14.564398400000004], [120.99436149998996, 14.56436945000896]], [[120.99436149998996, 14.56436945000896], [120.99443010000002, 14.564398400000004], [120.9943798, 14.564506], [120.99407250000002, 14.5651425], [120.994046, 14.565202700000002], [120.9939889, 14.565330400000006], [120.9939752, 14.565362799999999], [120.9939095999882, 14.565325750007856]], [[120.9939095999882, 14.565325750007856], [120.993844, 14.565288700000002], [120.99394350000001, 14.565084800000001], [120.99396230000002, 14.565044599999997], [120.99408090000001, 14.564795000000004], [120.99424330000001, 14.564450500000003], [120.9942929, 14.5643405], [120.99436149998996, 14.56436945000896]], [[120.99436149998996, 14.56436945000896], [120.9942929, 14.5643405], [120.99431729999999, 14.564290900000001], [120.9943319, 14.564259800000002], [120.9944733, 14.563954199999998], [120.994553, 14.563791099999998], [120.9945788, 14.563741999999998], [120.9946819, 14.563534799999998], [120.99469900000001, 14.5634968], [120.9948357, 14.5632037], [120.99485170000001, 14.563167299999998], [120.9950822, 14.562677500000003], [120.9950958, 14.5626023], [120.9952378906122, 14.562595410371378]], [[120.9952378906122, 14.562595410371378], [120.9950958, 14.5626023], [120.99501990000002, 14.562569999999997], [120.9948096, 14.562454], [120.99435360000001, 14.561757600000005]], [[120.99435360000001, 14.561757600000005], [120.99410229999998, 14.561528800000001], [120.9941596000134, 14.561476450008872]], [[120.9941596000134, 14.561476450008872], [120.99410229999998, 14.561528800000001], [120.9940337, 14.561467800000003], [120.9939538, 14.561401200000002], [120.9938419, 14.561325800000004], [120.9937307, 14.561270399999998], [120.99381133713109, 14.561230570051167]], [[120.99381133713109, 14.561230570051167], [120.9937307, 14.561270399999998], [120.993475, 14.5612274], [120.9932503, 14.561182500000001], [120.9928588, 14.561092899999998], [120.99258791067642, 14.560978420064938]], [[120.99258791067642, 14.560978420064938], [120.99231080000001, 14.560907799999995], [120.99221980000002, 14.5608851], [120.99151879999998, 14.5607109], [120.990773, 14.560525500000004], [120.9903859, 14.5604293], [120.9902701, 14.560400499999997], [120.98951630000002, 14.5602131], [120.98943620000001, 14.560193199999999]], [[120.98943620000001, 14.560193199999999], [120.98934050000001, 14.560168199999996], [120.98929409999998, 14.560151200000002], [120.98920990000002, 14.560130300000003], [120.98889400000002, 14.560051699999999]], [[120.98889400000002, 14.560051699999999], [120.988485, 14.559944999999997], [120.9875544, 14.559702099999997], [120.9874856, 14.559685599999996], [120.98740059999999, 14.559666200000002], [120.98718198783487, 14.559598078578414]], [[120.98718198783487, 14.559598078578414], [120.98740059999999, 14.559666200000002], [120.98744010000001, 14.5595536], [120.9876621, 14.558921], [120.98756639997964, 14.558878650017302]], [[120.98756639997964, 14.558878650017302], [120.9876621, 14.558921], [120.9878813, 14.558266399999999], [120.98764695848062, 14.558315464657962]], [[120.98764695848062, 14.558315464657962], [120.9878813, 14.558266399999999], [120.98813149999998, 14.5574703], [120.98830090000001, 14.5569294]], [[120.98830090000001, 14.5569294], [120.9884097, 14.556615400000002], [120.9885085, 14.556318900000003], [120.98841164998287, 14.556285100018215]]]}, "properties": {"event_key": "69274ff7d3fd39d4", "role": "rejected_suggestion", "primary_reason": "Shortcut/Faster Route/Personal Preference/Familiar Road", "length_m": 2220.3, "road_names": "Taft Avenue > Pablo Ocampo Street > Roxas Boulevard Service Road"}}, {"type": "Feature", "geometry": {"type": "MultiLineString", "coordinates": [[[120.9985119, 14.563191300000002], [120.99862620000002, 14.5627993], [120.99878620000001, 14.562398600000002], [120.9989393, 14.562075], [120.99898630000001, 14.5620153], [120.99904959999999, 14.5619551]], [[120.99904959999999, 14.5619551], [120.999092, 14.5619979], [120.999401, 14.562309800000001]], [[120.999401, 14.562309800000001], [120.9996588, 14.562570100000002]], [[120.9996588, 14.562570100000002], [120.999921, 14.562834799999994]], [[120.999921, 14.562834799999994], [121.00020790000002, 14.5630774]], [[121.00020790000002, 14.5630774], [121.00045769999998, 14.5633449]], [[121.00045769999998, 14.5633449], [121.00071260000001, 14.5635872]], [[121.00071260000001, 14.5635872], [121.0007428, 14.5636156], [121.0009669, 14.563840599999997]]]}, "properties": {"event_key": "279a6d505d353e1f", "role": "preferred_observed", "primary_reason": "Shortcut/Faster Route/Personal Preference/Familiar Road", "length_m": 444.9, "road_names": "Arellano Avenue > Zobel Roxas Street"}}, {"type": "Feature", "geometry": {"type": "MultiLineString", "coordinates": [[[120.9985119, 14.563191300000002], [120.9988721, 14.5633467]], [[120.9988721, 14.5633467], [120.99918850000002, 14.5635076]], [[120.99918850000002, 14.5635076], [120.999523, 14.563677600000002]], [[120.999523, 14.563677600000002], [120.9998118, 14.563824399999998]], [[120.9998118, 14.563824399999998], [121.0001292, 14.563985699999998]], [[121.0001292, 14.563985699999998], [121.00044079999999, 14.564144100000002]], [[121.00044079999999, 14.564144100000002], [121.00072790000002, 14.564289999999998]], [[121.00072790000002, 14.564289999999998], [121.0009669, 14.563840599999997]]]}, "properties": {"event_key": "279a6d505d353e1f", "role": "rejected_suggestion", "primary_reason": "Shortcut/Faster Route/Personal Preference/Familiar Road", "length_m": 324.2, "road_names": "A. Roxas Street > Dian Street"}}, {"type": "Feature", "geometry": {"type": "MultiLineString", "coordinates": [[[120.9985119, 14.563191300000002], [120.99862620000002, 14.5627993], [120.99878620000001, 14.562398600000002], [120.9989393, 14.562075], [120.99898630000001, 14.5620153], [120.99904959999999, 14.5619551]], [[120.99904959999999, 14.5619551], [120.999092, 14.5619979], [120.999401, 14.562309800000001]], [[120.999401, 14.562309800000001], [120.9996588, 14.562570100000002]], [[120.9996588, 14.562570100000002], [120.999921, 14.562834799999994]], [[120.999921, 14.562834799999994], [121.00020790000002, 14.5630774]], [[121.00020790000002, 14.5630774], [121.00045769999998, 14.5633449]], [[121.00045769999998, 14.5633449], [121.00071260000001, 14.5635872]], [[121.00071260000001, 14.5635872], [121.0007428, 14.5636156], [121.0009669, 14.563840599999997]]]}, "properties": {"event_key": "de3aa5890648d2d5", "role": "preferred_observed", "primary_reason": "Shortcut/Faster Route/Personal Preference/Familiar Road", "length_m": 444.9, "road_names": "Arellano Avenue > Zobel Roxas Street"}}, {"type": "Feature", "geometry": {"type": "MultiLineString", "coordinates": [[[120.9985119, 14.563191300000002], [120.9988721, 14.5633467]], [[120.9988721, 14.5633467], [120.99918850000002, 14.5635076]], [[120.99918850000002, 14.5635076], [120.999523, 14.563677600000002]], [[120.999523, 14.563677600000002], [120.9998118, 14.563824399999998]], [[120.9998118, 14.563824399999998], [121.0001292, 14.563985699999998]], [[121.0001292, 14.563985699999998], [121.00044079999999, 14.564144100000002]], [[121.00044079999999, 14.564144100000002], [121.00072790000002, 14.564289999999998]], [[121.00072790000002, 14.564289999999998], [121.0009669, 14.563840599999997]]]}, "properties": {"event_key": "de3aa5890648d2d5", "role": "rejected_suggestion", "primary_reason": "Shortcut/Faster Route/Personal Preference/Familiar Road", "length_m": 324.2, "road_names": "A. Roxas Street > Dian Street"}}, {"type": "Feature", "geometry": {"type": "MultiLineString", "coordinates": [[[120.9952378906122, 14.562595410371378], [120.9950958, 14.5626023], [120.995183, 14.562337700000002], [120.995533, 14.560986999999997], [120.99557209999794, 14.560996400003068]], [[120.99557209999794, 14.560996400003068], [120.995533, 14.560986999999997], [120.9955802, 14.560782300000005], [120.9957141, 14.560180699999995], [120.99575664999769, 14.560190150003631]], [[120.99575664999769, 14.560190150003631], [120.9957141, 14.560180699999995], [120.99519970000001, 14.560100700000003], [120.9948939, 14.560053899999996], [120.99459030000001, 14.560000999999998], [120.99453429999998, 14.559991299999993]], [[120.99453429999998, 14.559991299999993], [120.9929656, 14.559729599999997]], [[120.9929656, 14.559729599999997], [120.99302710000002, 14.559562400000003], [120.9931263, 14.5592673], [120.993189, 14.5590552], [120.99328619999999, 14.5587027]], [[120.99328619999999, 14.5587027], [120.99332300000002, 14.558535399999998], [120.9933859, 14.558247899999996], [120.99343830000001, 14.558011500000001]], [[120.99343830000001, 14.558011500000001], [120.9933154, 14.5579732], [120.9931612, 14.557925199999998], [120.99281980000002, 14.557822599999998], [120.99198049999998, 14.557566199999997]], [[120.99198049999998, 14.557566199999997], [120.9906872, 14.557171099999998], [120.99070145000307, 14.557130300000846]], [[120.99070145000307, 14.557130300000846], [120.9907157, 14.557089500000004], [120.9901243, 14.5568832]], [[120.9901243, 14.5568832], [120.98979020000002, 14.5567664], [120.9897559, 14.5567544]], [[120.9897559, 14.5567544], [120.98943710000002, 14.5566431]], [[120.98943710000002, 14.5566431], [120.98913230000001, 14.556531699999997]], [[120.98913230000001, 14.556531699999997], [120.9885085, 14.556318900000003], [120.98841164998287, 14.556285100018215]]]}, "properties": {"event_key": "d750a2987c889ab2", "role": "preferred_observed", "primary_reason": "Shortcut/Faster Route/Personal Preference/Familiar Road", "length_m": 1391.7, "road_names": "Taft Avenue > Menlo Street > Leveriza Street > Gotamco Street > E. Rodriguez Street"}}, {"type": "Feature", "geometry": {"type": "MultiLineString", "coordinates": [[[120.9952378906122, 14.562595410371378], [120.99521400000002, 14.5626692], [120.99518680000001, 14.562731400000002], [120.99478090000001, 14.563660699999998], [120.99472050000001, 14.5638015], [120.9944532, 14.564347900000001], [120.99443010000002, 14.564398400000004], [120.99436149998996, 14.56436945000896]], [[120.99436149998996, 14.56436945000896], [120.99443010000002, 14.564398400000004], [120.9943798, 14.564506], [120.99407250000002, 14.5651425], [120.994046, 14.565202700000002], [120.9939889, 14.565330400000006], [120.9939752, 14.565362799999999], [120.9939095999882, 14.565325750007856]], [[120.9939095999882, 14.565325750007856], [120.993844, 14.565288700000002], [120.99394350000001, 14.565084800000001], [120.99396230000002, 14.565044599999997], [120.99408090000001, 14.564795000000004], [120.99424330000001, 14.564450500000003], [120.9942929, 14.5643405], [120.99436149998996, 14.56436945000896]], [[120.99436149998996, 14.56436945000896], [120.9942929, 14.5643405], [120.99431729999999, 14.564290900000001], [120.9943319, 14.564259800000002], [120.9944733, 14.563954199999998], [120.994553, 14.563791099999998], [120.9945788, 14.563741999999998], [120.9946819, 14.563534799999998], [120.99469900000001, 14.5634968], [120.9948357, 14.5632037], [120.99485170000001, 14.563167299999998], [120.9950822, 14.562677500000003], [120.9950958, 14.5626023], [120.9952378906122, 14.562595410371378]], [[120.9952378906122, 14.562595410371378], [120.9950958, 14.5626023], [120.99501990000002, 14.562569999999997], [120.9948096, 14.562454], [120.99435360000001, 14.561757600000005]], [[120.99435360000001, 14.561757600000005], [120.99410229999998, 14.561528800000001], [120.9941596000134, 14.561476450008872]], [[120.9941596000134, 14.561476450008872], [120.99410229999998, 14.561528800000001], [120.9940337, 14.561467800000003], [120.9939538, 14.561401200000002], [120.9938419, 14.561325800000004], [120.9937307, 14.561270399999998], [120.99381133713109, 14.561230570051167]], [[120.99381133713109, 14.561230570051167], [120.9937307, 14.561270399999998], [120.993475, 14.5612274], [120.9932503, 14.561182500000001], [120.9928588, 14.561092899999998], [120.99258791067642, 14.560978420064938]], [[120.99258791067642, 14.560978420064938], [120.99231080000001, 14.560907799999995], [120.99221980000002, 14.5608851], [120.99151879999998, 14.5607109], [120.990773, 14.560525500000004], [120.9903859, 14.5604293], [120.9902701, 14.560400499999997], [120.98951630000002, 14.5602131], [120.98943620000001, 14.560193199999999]], [[120.98943620000001, 14.560193199999999], [120.98934050000001, 14.560168199999996], [120.98929409999998, 14.560151200000002], [120.98920990000002, 14.560130300000003], [120.98889400000002, 14.560051699999999]], [[120.98889400000002, 14.560051699999999], [120.988485, 14.559944999999997], [120.9875544, 14.559702099999997], [120.9874856, 14.559685599999996], [120.98740059999999, 14.559666200000002], [120.98718198783487, 14.559598078578414]], [[120.98718198783487, 14.559598078578414], [120.98740059999999, 14.559666200000002], [120.98744010000001, 14.5595536], [120.9876621, 14.558921], [120.98756639997964, 14.558878650017302]], [[120.98756639997964, 14.558878650017302], [120.9876621, 14.558921], [120.9878813, 14.558266399999999], [120.98764695848062, 14.558315464657962]], [[120.98764695848062, 14.558315464657962], [120.9878813, 14.558266399999999], [120.98813149999998, 14.5574703], [120.98830090000001, 14.5569294]], [[120.98830090000001, 14.5569294], [120.9884097, 14.556615400000002], [120.9885085, 14.556318900000003], [120.98841164998287, 14.556285100018215]]]}, "properties": {"event_key": "d750a2987c889ab2", "role": "rejected_suggestion", "primary_reason": "Shortcut/Faster Route/Personal Preference/Familiar Road", "length_m": 2220.3, "road_names": "Taft Avenue > Pablo Ocampo Street > Roxas Boulevard Service Road"}}, {"type": "Feature", "geometry": {"type": "MultiLineString", "coordinates": [[[120.9985119, 14.563191300000002], [120.99862620000002, 14.5627993], [120.99878620000001, 14.562398600000002], [120.9989393, 14.562075], [120.99898630000001, 14.5620153], [120.99904959999999, 14.5619551]], [[120.99904959999999, 14.5619551], [120.999092, 14.5619979], [120.999401, 14.562309800000001]], [[120.999401, 14.562309800000001], [120.9996588, 14.562570100000002]], [[120.9996588, 14.562570100000002], [120.999921, 14.562834799999994]], [[120.999921, 14.562834799999994], [121.00020790000002, 14.5630774]], [[121.00020790000002, 14.5630774], [121.00045769999998, 14.5633449]], [[121.00045769999998, 14.5633449], [121.00071260000001, 14.5635872]], [[121.00071260000001, 14.5635872], [121.0007428, 14.5636156], [121.0009669, 14.563840599999997]]]}, "properties": {"event_key": "3696237845973cb2", "role": "preferred_observed", "primary_reason": "Shortcut/Faster Route/Personal Preference/Familiar Road", "length_m": 444.9, "road_names": "Arellano Avenue > Zobel Roxas Street"}}, {"type": "Feature", "geometry": {"type": "MultiLineString", "coordinates": [[[120.9985119, 14.563191300000002], [120.9988721, 14.5633467]], [[120.9988721, 14.5633467], [120.99918850000002, 14.5635076]], [[120.99918850000002, 14.5635076], [120.999523, 14.563677600000002]], [[120.999523, 14.563677600000002], [120.9998118, 14.563824399999998]], [[120.9998118, 14.563824399999998], [121.0001292, 14.563985699999998]], [[121.0001292, 14.563985699999998], [121.00044079999999, 14.564144100000002]], [[121.00044079999999, 14.564144100000002], [121.00072790000002, 14.564289999999998]], [[121.00072790000002, 14.564289999999998], [121.0009669, 14.563840599999997]]]}, "properties": {"event_key": "3696237845973cb2", "role": "rejected_suggestion", "primary_reason": "Shortcut/Faster Route/Personal Preference/Familiar Road", "length_m": 324.2, "road_names": "A. Roxas Street > Dian Street"}}, {"type": "Feature", "geometry": {"type": "MultiLineString", "coordinates": [[[120.9952378906122, 14.562595410371378], [120.9950958, 14.5626023], [120.995183, 14.562337700000002], [120.995533, 14.560986999999997], [120.99557209999794, 14.560996400003068]], [[120.99557209999794, 14.560996400003068], [120.995533, 14.560986999999997], [120.9955802, 14.560782300000005], [120.9957141, 14.560180699999995], [120.99575664999769, 14.560190150003631]], [[120.99575664999769, 14.560190150003631], [120.9957141, 14.560180699999995], [120.99519970000001, 14.560100700000003], [120.9948939, 14.560053899999996], [120.99459030000001, 14.560000999999998], [120.99453429999998, 14.559991299999993]], [[120.99453429999998, 14.559991299999993], [120.9929656, 14.559729599999997]], [[120.9929656, 14.559729599999997], [120.99302710000002, 14.559562400000003], [120.9931263, 14.5592673], [120.993189, 14.5590552], [120.99328619999999, 14.5587027]], [[120.99328619999999, 14.5587027], [120.99332300000002, 14.558535399999998], [120.9933859, 14.558247899999996], [120.99343830000001, 14.558011500000001]], [[120.99343830000001, 14.558011500000001], [120.9933154, 14.5579732], [120.9931612, 14.557925199999998], [120.99281980000002, 14.557822599999998], [120.99198049999998, 14.557566199999997]], [[120.99198049999998, 14.557566199999997], [120.9906872, 14.557171099999998], [120.99070145000307, 14.557130300000846]], [[120.99070145000307, 14.557130300000846], [120.9907157, 14.557089500000004], [120.9901243, 14.5568832]], [[120.9901243, 14.5568832], [120.98979020000002, 14.5567664], [120.9897559, 14.5567544]], [[120.9897559, 14.5567544], [120.98943710000002, 14.5566431]], [[120.98943710000002, 14.5566431], [120.98913230000001, 14.556531699999997]], [[120.98913230000001, 14.556531699999997], [120.9885085, 14.556318900000003], [120.98841164998287, 14.556285100018215]]]}, "properties": {"event_key": "abb8835abdcf1b27", "role": "preferred_observed", "primary_reason": "Shortcut/Faster Route/Personal Preference/Familiar Road", "length_m": 1391.7, "road_names": "Taft Avenue > Menlo Street > Leveriza Street > Gotamco Street > E. Rodriguez Street"}}, {"type": "Feature", "geometry": {"type": "MultiLineString", "coordinates": [[[120.9952378906122, 14.562595410371378], [120.99521400000002, 14.5626692], [120.99518680000001, 14.562731400000002], [120.99478090000001, 14.563660699999998], [120.99472050000001, 14.5638015], [120.9944532, 14.564347900000001], [120.99443010000002, 14.564398400000004], [120.99436149998996, 14.56436945000896]], [[120.99436149998996, 14.56436945000896], [120.99443010000002, 14.564398400000004], [120.9943798, 14.564506], [120.99407250000002, 14.5651425], [120.994046, 14.565202700000002], [120.9939889, 14.565330400000006], [120.9939752, 14.565362799999999], [120.9939095999882, 14.565325750007856]], [[120.9939095999882, 14.565325750007856], [120.993844, 14.565288700000002], [120.99394350000001, 14.565084800000001], [120.99396230000002, 14.565044599999997], [120.99408090000001, 14.564795000000004], [120.99424330000001, 14.564450500000003], [120.9942929, 14.5643405], [120.99436149998996, 14.56436945000896]], [[120.99436149998996, 14.56436945000896], [120.9942929, 14.5643405], [120.99431729999999, 14.564290900000001], [120.9943319, 14.564259800000002], [120.9944733, 14.563954199999998], [120.994553, 14.563791099999998], [120.9945788, 14.563741999999998], [120.9946819, 14.563534799999998], [120.99469900000001, 14.5634968], [120.9948357, 14.5632037], [120.99485170000001, 14.563167299999998], [120.9950822, 14.562677500000003], [120.9950958, 14.5626023], [120.9952378906122, 14.562595410371378]], [[120.9952378906122, 14.562595410371378], [120.9950958, 14.5626023], [120.99501990000002, 14.562569999999997], [120.9948096, 14.562454], [120.99435360000001, 14.561757600000005]], [[120.99435360000001, 14.561757600000005], [120.99410229999998, 14.561528800000001], [120.9941596000134, 14.561476450008872]], [[120.9941596000134, 14.561476450008872], [120.99410229999998, 14.561528800000001], [120.9940337, 14.561467800000003], [120.9939538, 14.561401200000002], [120.9938419, 14.561325800000004], [120.9937307, 14.561270399999998], [120.99381133713109, 14.561230570051167]], [[120.99381133713109, 14.561230570051167], [120.9937307, 14.561270399999998], [120.993475, 14.5612274], [120.9932503, 14.561182500000001], [120.9928588, 14.561092899999998], [120.99258791067642, 14.560978420064938]], [[120.99258791067642, 14.560978420064938], [120.99231080000001, 14.560907799999995], [120.99221980000002, 14.5608851], [120.99151879999998, 14.5607109], [120.990773, 14.560525500000004], [120.9903859, 14.5604293], [120.9902701, 14.560400499999997], [120.98951630000002, 14.5602131], [120.98943620000001, 14.560193199999999]], [[120.98943620000001, 14.560193199999999], [120.98934050000001, 14.560168199999996], [120.98929409999998, 14.560151200000002], [120.98920990000002, 14.560130300000003], [120.98889400000002, 14.560051699999999]], [[120.98889400000002, 14.560051699999999], [120.988485, 14.559944999999997], [120.9875544, 14.559702099999997], [120.9874856, 14.559685599999996], [120.98740059999999, 14.559666200000002], [120.98718198783487, 14.559598078578414]], [[120.98718198783487, 14.559598078578414], [120.98740059999999, 14.559666200000002], [120.98744010000001, 14.5595536], [120.9876621, 14.558921], [120.98756639997964, 14.558878650017302]], [[120.98756639997964, 14.558878650017302], [120.9876621, 14.558921], [120.9878813, 14.558266399999999], [120.98764695848062, 14.558315464657962]], [[120.98764695848062, 14.558315464657962], [120.9878813, 14.558266399999999], [120.98813149999998, 14.5574703], [120.98830090000001, 14.5569294]], [[120.98830090000001, 14.5569294], [120.9884097, 14.556615400000002], [120.9885085, 14.556318900000003], [120.98841164998287, 14.556285100018215]]]}, "properties": {"event_key": "abb8835abdcf1b27", "role": "rejected_suggestion", "primary_reason": "Shortcut/Faster Route/Personal Preference/Familiar Road", "length_m": 2220.3, "road_names": "Taft Avenue > Pablo Ocampo Street > Roxas Boulevard Service Road"}}, {"type": "Feature", "geometry": {"type": "MultiLineString", "coordinates": [[[120.9985119, 14.563191300000002], [120.99862620000002, 14.5627993], [120.99878620000001, 14.562398600000002], [120.9989393, 14.562075], [120.99898630000001, 14.5620153], [120.99904959999999, 14.5619551]], [[120.99904959999999, 14.5619551], [120.999092, 14.5619979], [120.999401, 14.562309800000001]], [[120.999401, 14.562309800000001], [120.9996588, 14.562570100000002]], [[120.9996588, 14.562570100000002], [120.999921, 14.562834799999994]], [[120.999921, 14.562834799999994], [121.00020790000002, 14.5630774]], [[121.00020790000002, 14.5630774], [121.00045769999998, 14.5633449]], [[121.00045769999998, 14.5633449], [121.00071260000001, 14.5635872]], [[121.00071260000001, 14.5635872], [121.0007428, 14.5636156], [121.0009669, 14.563840599999997]]]}, "properties": {"event_key": "be389ca75d86fae8", "role": "preferred_observed", "primary_reason": "Shortcut/Faster Route/Personal Preference/Familiar Road", "length_m": 444.9, "road_names": "Arellano Avenue > Zobel Roxas Street"}}, {"type": "Feature", "geometry": {"type": "MultiLineString", "coordinates": [[[120.9985119, 14.563191300000002], [120.9988721, 14.5633467]], [[120.9988721, 14.5633467], [120.99918850000002, 14.5635076]], [[120.99918850000002, 14.5635076], [120.999523, 14.563677600000002]], [[120.999523, 14.563677600000002], [120.9998118, 14.563824399999998]], [[120.9998118, 14.563824399999998], [121.0001292, 14.563985699999998]], [[121.0001292, 14.563985699999998], [121.00044079999999, 14.564144100000002]], [[121.00044079999999, 14.564144100000002], [121.00072790000002, 14.564289999999998]], [[121.00072790000002, 14.564289999999998], [121.0009669, 14.563840599999997]]]}, "properties": {"event_key": "be389ca75d86fae8", "role": "rejected_suggestion", "primary_reason": "Shortcut/Faster Route/Personal Preference/Familiar Road", "length_m": 324.2, "road_names": "A. Roxas Street > Dian Street"}}, {"type": "Feature", "geometry": {"type": "MultiLineString", "coordinates": [[[120.9952378906122, 14.562595410371378], [120.9950958, 14.5626023], [120.995183, 14.562337700000002], [120.995533, 14.560986999999997], [120.99557209999794, 14.560996400003068]], [[120.99557209999794, 14.560996400003068], [120.995533, 14.560986999999997], [120.9955802, 14.560782300000005], [120.9957141, 14.560180699999995], [120.99575664999769, 14.560190150003631]], [[120.99575664999769, 14.560190150003631], [120.9957141, 14.560180699999995], [120.99519970000001, 14.560100700000003], [120.9948939, 14.560053899999996], [120.99459030000001, 14.560000999999998], [120.99453429999998, 14.559991299999993]], [[120.99453429999998, 14.559991299999993], [120.9929656, 14.559729599999997]], [[120.9929656, 14.559729599999997], [120.99302710000002, 14.559562400000003], [120.9931263, 14.5592673], [120.993189, 14.5590552], [120.99328619999999, 14.5587027]], [[120.99328619999999, 14.5587027], [120.99332300000002, 14.558535399999998], [120.9933859, 14.558247899999996], [120.99343830000001, 14.558011500000001]], [[120.99343830000001, 14.558011500000001], [120.9933154, 14.5579732], [120.9931612, 14.557925199999998], [120.99281980000002, 14.557822599999998], [120.99198049999998, 14.557566199999997]], [[120.99198049999998, 14.557566199999997], [120.9906872, 14.557171099999998], [120.99070145000307, 14.557130300000846]], [[120.99070145000307, 14.557130300000846], [120.9907157, 14.557089500000004], [120.9901243, 14.5568832]], [[120.9901243, 14.5568832], [120.98979020000002, 14.5567664], [120.9897559, 14.5567544]], [[120.9897559, 14.5567544], [120.98943710000002, 14.5566431]], [[120.98943710000002, 14.5566431], [120.98913230000001, 14.556531699999997]], [[120.98913230000001, 14.556531699999997], [120.9885085, 14.556318900000003], [120.98841164998287, 14.556285100018215]]]}, "properties": {"event_key": "712ea04e28340784", "role": "preferred_observed", "primary_reason": "Shortcut/Faster Route/Personal Preference/Familiar Road", "length_m": 1391.7, "road_names": "Taft Avenue > Menlo Street > Leveriza Street > Gotamco Street > E. Rodriguez Street"}}, {"type": "Feature", "geometry": {"type": "MultiLineString", "coordinates": [[[120.9952378906122, 14.562595410371378], [120.99521400000002, 14.5626692], [120.99518680000001, 14.562731400000002], [120.99478090000001, 14.563660699999998], [120.99472050000001, 14.5638015], [120.9944532, 14.564347900000001], [120.99443010000002, 14.564398400000004], [120.99436149998996, 14.56436945000896]], [[120.99436149998996, 14.56436945000896], [120.99443010000002, 14.564398400000004], [120.9943798, 14.564506], [120.99407250000002, 14.5651425], [120.994046, 14.565202700000002], [120.9939889, 14.565330400000006], [120.9939752, 14.565362799999999], [120.9939095999882, 14.565325750007856]], [[120.9939095999882, 14.565325750007856], [120.993844, 14.565288700000002], [120.99394350000001, 14.565084800000001], [120.99396230000002, 14.565044599999997], [120.99408090000001, 14.564795000000004], [120.99424330000001, 14.564450500000003], [120.9942929, 14.5643405], [120.99436149998996, 14.56436945000896]], [[120.99436149998996, 14.56436945000896], [120.9942929, 14.5643405], [120.99431729999999, 14.564290900000001], [120.9943319, 14.564259800000002], [120.9944733, 14.563954199999998], [120.994553, 14.563791099999998], [120.9945788, 14.563741999999998], [120.9946819, 14.563534799999998], [120.99469900000001, 14.5634968], [120.9948357, 14.5632037], [120.99485170000001, 14.563167299999998], [120.9950822, 14.562677500000003], [120.9950958, 14.5626023], [120.9952378906122, 14.562595410371378]], [[120.9952378906122, 14.562595410371378], [120.9950958, 14.5626023], [120.99501990000002, 14.562569999999997], [120.9948096, 14.562454], [120.99435360000001, 14.561757600000005]], [[120.99435360000001, 14.561757600000005], [120.99410229999998, 14.561528800000001], [120.9941596000134, 14.561476450008872]], [[120.9941596000134, 14.561476450008872], [120.99410229999998, 14.561528800000001], [120.9940337, 14.561467800000003], [120.9939538, 14.561401200000002], [120.9938419, 14.561325800000004], [120.9937307, 14.561270399999998], [120.99381133713109, 14.561230570051167]], [[120.99381133713109, 14.561230570051167], [120.9937307, 14.561270399999998], [120.993475, 14.5612274], [120.9932503, 14.561182500000001], [120.9928588, 14.561092899999998], [120.99258791067642, 14.560978420064938]], [[120.99258791067642, 14.560978420064938], [120.99231080000001, 14.560907799999995], [120.99221980000002, 14.5608851], [120.99151879999998, 14.5607109], [120.990773, 14.560525500000004], [120.9903859, 14.5604293], [120.9902701, 14.560400499999997], [120.98951630000002, 14.5602131], [120.98943620000001, 14.560193199999999]], [[120.98943620000001, 14.560193199999999], [120.98934050000001, 14.560168199999996], [120.98929409999998, 14.560151200000002], [120.98920990000002, 14.560130300000003], [120.98889400000002, 14.560051699999999]], [[120.98889400000002, 14.560051699999999], [120.988485, 14.559944999999997], [120.9875544, 14.559702099999997], [120.9874856, 14.559685599999996], [120.98740059999999, 14.559666200000002], [120.98718198783487, 14.559598078578414]], [[120.98718198783487, 14.559598078578414], [120.98740059999999, 14.559666200000002], [120.98744010000001, 14.5595536], [120.9876621, 14.558921], [120.98756639997964, 14.558878650017302]], [[120.98756639997964, 14.558878650017302], [120.9876621, 14.558921], [120.9878813, 14.558266399999999], [120.98764695848062, 14.558315464657962]], [[120.98764695848062, 14.558315464657962], [120.9878813, 14.558266399999999], [120.98813149999998, 14.5574703], [120.98830090000001, 14.5569294]], [[120.98830090000001, 14.5569294], [120.9884097, 14.556615400000002], [120.9885085, 14.556318900000003], [120.98841164998287, 14.556285100018215]]]}, "properties": {"event_key": "712ea04e28340784", "role": "rejected_suggestion", "primary_reason": "Shortcut/Faster Route/Personal Preference/Familiar Road", "length_m": 2220.3, "road_names": "Taft Avenue > Pablo Ocampo Street > Roxas Boulevard Service Road"}}, {"type": "Feature", "geometry": {"type": "MultiLineString", "coordinates": [[[120.9952378906122, 14.562595410371378], [120.9950958, 14.5626023], [120.995183, 14.562337700000002], [120.995533, 14.560986999999997], [120.99557209999794, 14.560996400003068]], [[120.99557209999794, 14.560996400003068], [120.995533, 14.560986999999997], [120.9955802, 14.560782300000005], [120.9957141, 14.560180699999995], [120.99575664999769, 14.560190150003631]], [[120.99575664999769, 14.560190150003631], [120.9957141, 14.560180699999995], [120.99519970000001, 14.560100700000003], [120.9948939, 14.560053899999996], [120.99459030000001, 14.560000999999998], [120.99453429999998, 14.559991299999993]], [[120.99453429999998, 14.559991299999993], [120.9929656, 14.559729599999997]], [[120.9929656, 14.559729599999997], [120.99302710000002, 14.559562400000003], [120.9931263, 14.5592673], [120.993189, 14.5590552], [120.99328619999999, 14.5587027]], [[120.99328619999999, 14.5587027], [120.99332300000002, 14.558535399999998], [120.9933859, 14.558247899999996], [120.99343830000001, 14.558011500000001]], [[120.99343830000001, 14.558011500000001], [120.9933154, 14.5579732], [120.9931612, 14.557925199999998], [120.99281980000002, 14.557822599999998], [120.99198049999998, 14.557566199999997]], [[120.99198049999998, 14.557566199999997], [120.9906872, 14.557171099999998], [120.99070145000307, 14.557130300000846]], [[120.99070145000307, 14.557130300000846], [120.9907157, 14.557089500000004], [120.9901243, 14.5568832]], [[120.9901243, 14.5568832], [120.98979020000002, 14.5567664], [120.9897559, 14.5567544]], [[120.9897559, 14.5567544], [120.98943710000002, 14.5566431]], [[120.98943710000002, 14.5566431], [120.98913230000001, 14.556531699999997]], [[120.98913230000001, 14.556531699999997], [120.9885085, 14.556318900000003], [120.98841164998287, 14.556285100018215]]]}, "properties": {"event_key": "5bd8c7ca3c1324b2", "role": "preferred_observed", "primary_reason": "Shortcut/Faster Route/Personal Preference/Familiar Road", "length_m": 1391.7, "road_names": "Taft Avenue > Menlo Street > Leveriza Street > Gotamco Street > E. Rodriguez Street"}}, {"type": "Feature", "geometry": {"type": "MultiLineString", "coordinates": [[[120.9952378906122, 14.562595410371378], [120.99521400000002, 14.5626692], [120.99518680000001, 14.562731400000002], [120.99478090000001, 14.563660699999998], [120.99472050000001, 14.5638015], [120.9944532, 14.564347900000001], [120.99443010000002, 14.564398400000004], [120.99436149998996, 14.56436945000896]], [[120.99436149998996, 14.56436945000896], [120.99443010000002, 14.564398400000004], [120.9943798, 14.564506], [120.99407250000002, 14.5651425], [120.994046, 14.565202700000002], [120.9939889, 14.565330400000006], [120.9939752, 14.565362799999999], [120.9939095999882, 14.565325750007856]], [[120.9939095999882, 14.565325750007856], [120.993844, 14.565288700000002], [120.99394350000001, 14.565084800000001], [120.99396230000002, 14.565044599999997], [120.99408090000001, 14.564795000000004], [120.99424330000001, 14.564450500000003], [120.9942929, 14.5643405], [120.99436149998996, 14.56436945000896]], [[120.99436149998996, 14.56436945000896], [120.9942929, 14.5643405], [120.99431729999999, 14.564290900000001], [120.9943319, 14.564259800000002], [120.9944733, 14.563954199999998], [120.994553, 14.563791099999998], [120.9945788, 14.563741999999998], [120.9946819, 14.563534799999998], [120.99469900000001, 14.5634968], [120.9948357, 14.5632037], [120.99485170000001, 14.563167299999998], [120.9950822, 14.562677500000003], [120.9950958, 14.5626023], [120.9952378906122, 14.562595410371378]], [[120.9952378906122, 14.562595410371378], [120.9950958, 14.5626023], [120.99501990000002, 14.562569999999997], [120.9948096, 14.562454], [120.99435360000001, 14.561757600000005]], [[120.99435360000001, 14.561757600000005], [120.99410229999998, 14.561528800000001], [120.9941596000134, 14.561476450008872]], [[120.9941596000134, 14.561476450008872], [120.99410229999998, 14.561528800000001], [120.9940337, 14.561467800000003], [120.9939538, 14.561401200000002], [120.9938419, 14.561325800000004], [120.9937307, 14.561270399999998], [120.99381133713109, 14.561230570051167]], [[120.99381133713109, 14.561230570051167], [120.9937307, 14.561270399999998], [120.993475, 14.5612274], [120.9932503, 14.561182500000001], [120.9928588, 14.561092899999998], [120.99258791067642, 14.560978420064938]], [[120.99258791067642, 14.560978420064938], [120.99231080000001, 14.560907799999995], [120.99221980000002, 14.5608851], [120.99151879999998, 14.5607109], [120.990773, 14.560525500000004], [120.9903859, 14.5604293], [120.9902701, 14.560400499999997], [120.98951630000002, 14.5602131], [120.98943620000001, 14.560193199999999]], [[120.98943620000001, 14.560193199999999], [120.98934050000001, 14.560168199999996], [120.98929409999998, 14.560151200000002], [120.98920990000002, 14.560130300000003], [120.98889400000002, 14.560051699999999]], [[120.98889400000002, 14.560051699999999], [120.988485, 14.559944999999997], [120.9875544, 14.559702099999997], [120.9874856, 14.559685599999996], [120.98740059999999, 14.559666200000002], [120.98718198783487, 14.559598078578414]], [[120.98718198783487, 14.559598078578414], [120.98740059999999, 14.559666200000002], [120.98744010000001, 14.5595536], [120.9876621, 14.558921], [120.98756639997964, 14.558878650017302]], [[120.98756639997964, 14.558878650017302], [120.9876621, 14.558921], [120.9878813, 14.558266399999999], [120.98764695848062, 14.558315464657962]], [[120.98764695848062, 14.558315464657962], [120.9878813, 14.558266399999999], [120.98813149999998, 14.5574703], [120.98830090000001, 14.5569294]], [[120.98830090000001, 14.5569294], [120.9884097, 14.556615400000002], [120.9885085, 14.556318900000003], [120.98841164998287, 14.556285100018215]]]}, "properties": {"event_key": "5bd8c7ca3c1324b2", "role": "rejected_suggestion", "primary_reason": "Shortcut/Faster Route/Personal Preference/Familiar Road", "length_m": 2220.3, "road_names": "Taft Avenue > Pablo Ocampo Street > Roxas Boulevard Service Road"}}, {"type": "Feature", "geometry": {"type": "MultiLineString", "coordinates": [[[120.9985119, 14.563191300000002], [120.99862620000002, 14.5627993], [120.99878620000001, 14.562398600000002], [120.9989393, 14.562075], [120.99898630000001, 14.5620153], [120.99904959999999, 14.5619551]], [[120.99904959999999, 14.5619551], [120.999092, 14.5619979], [120.999401, 14.562309800000001]], [[120.999401, 14.562309800000001], [120.9996588, 14.562570100000002]], [[120.9996588, 14.562570100000002], [120.999921, 14.562834799999994]], [[120.999921, 14.562834799999994], [121.00020790000002, 14.5630774]], [[121.00020790000002, 14.5630774], [121.00045769999998, 14.5633449]], [[121.00045769999998, 14.5633449], [121.00071260000001, 14.5635872]], [[121.00071260000001, 14.5635872], [121.0007428, 14.5636156], [121.0009669, 14.563840599999997]]]}, "properties": {"event_key": "7780d5950e73e11e", "role": "preferred_observed", "primary_reason": "Shortcut/Faster Route/Personal Preference/Familiar Road", "length_m": 444.9, "road_names": "Arellano Avenue > Zobel Roxas Street"}}, {"type": "Feature", "geometry": {"type": "MultiLineString", "coordinates": [[[120.9985119, 14.563191300000002], [120.9988721, 14.5633467]], [[120.9988721, 14.5633467], [120.99918850000002, 14.5635076]], [[120.99918850000002, 14.5635076], [120.999523, 14.563677600000002]], [[120.999523, 14.563677600000002], [120.9998118, 14.563824399999998]], [[120.9998118, 14.563824399999998], [121.0001292, 14.563985699999998]], [[121.0001292, 14.563985699999998], [121.00044079999999, 14.564144100000002]], [[121.00044079999999, 14.564144100000002], [121.00072790000002, 14.564289999999998]], [[121.00072790000002, 14.564289999999998], [121.0009669, 14.563840599999997]]]}, "properties": {"event_key": "7780d5950e73e11e", "role": "rejected_suggestion", "primary_reason": "Shortcut/Faster Route/Personal Preference/Familiar Road", "length_m": 324.2, "road_names": "A. Roxas Street > Dian Street"}}, {"type": "Feature", "geometry": {"type": "MultiLineString", "coordinates": [[[120.9952378906122, 14.562595410371378], [120.9950958, 14.5626023], [120.995183, 14.562337700000002], [120.995533, 14.560986999999997], [120.99557209999794, 14.560996400003068]], [[120.99557209999794, 14.560996400003068], [120.995533, 14.560986999999997], [120.9955802, 14.560782300000005], [120.9957141, 14.560180699999995], [120.99575664999769, 14.560190150003631]], [[120.99575664999769, 14.560190150003631], [120.9957141, 14.560180699999995], [120.99519970000001, 14.560100700000003], [120.9948939, 14.560053899999996], [120.99459030000001, 14.560000999999998], [120.99453429999998, 14.559991299999993]], [[120.99453429999998, 14.559991299999993], [120.9929656, 14.559729599999997]], [[120.9929656, 14.559729599999997], [120.99302710000002, 14.559562400000003], [120.9931263, 14.5592673], [120.993189, 14.5590552], [120.99328619999999, 14.5587027]], [[120.99328619999999, 14.5587027], [120.99332300000002, 14.558535399999998], [120.9933859, 14.558247899999996], [120.99343830000001, 14.558011500000001]], [[120.99343830000001, 14.558011500000001], [120.9933154, 14.5579732], [120.9931612, 14.557925199999998], [120.99281980000002, 14.557822599999998], [120.99198049999998, 14.557566199999997]], [[120.99198049999998, 14.557566199999997], [120.9906872, 14.557171099999998], [120.99070145000307, 14.557130300000846]], [[120.99070145000307, 14.557130300000846], [120.9907157, 14.557089500000004], [120.9901243, 14.5568832]], [[120.9901243, 14.5568832], [120.98979020000002, 14.5567664], [120.9897559, 14.5567544]], [[120.9897559, 14.5567544], [120.98943710000002, 14.5566431]], [[120.98943710000002, 14.5566431], [120.98913230000001, 14.556531699999997]], [[120.98913230000001, 14.556531699999997], [120.9885085, 14.556318900000003], [120.98841164998287, 14.556285100018215]]]}, "properties": {"event_key": "aeabc7f607d8ae3d", "role": "preferred_observed", "primary_reason": "Shortcut/Faster Route/Personal Preference/Familiar Road", "length_m": 1391.7, "road_names": "Taft Avenue > Menlo Street > Leveriza Street > Gotamco Street > E. Rodriguez Street"}}, {"type": "Feature", "geometry": {"type": "MultiLineString", "coordinates": [[[120.9952378906122, 14.562595410371378], [120.99521400000002, 14.5626692], [120.99518680000001, 14.562731400000002], [120.99478090000001, 14.563660699999998], [120.99472050000001, 14.5638015], [120.9944532, 14.564347900000001], [120.99443010000002, 14.564398400000004], [120.99436149998996, 14.56436945000896]], [[120.99436149998996, 14.56436945000896], [120.99443010000002, 14.564398400000004], [120.9943798, 14.564506], [120.99407250000002, 14.5651425], [120.994046, 14.565202700000002], [120.9939889, 14.565330400000006], [120.9939752, 14.565362799999999], [120.9939095999882, 14.565325750007856]], [[120.9939095999882, 14.565325750007856], [120.993844, 14.565288700000002], [120.99394350000001, 14.565084800000001], [120.99396230000002, 14.565044599999997], [120.99408090000001, 14.564795000000004], [120.99424330000001, 14.564450500000003], [120.9942929, 14.5643405], [120.99436149998996, 14.56436945000896]], [[120.99436149998996, 14.56436945000896], [120.9942929, 14.5643405], [120.99431729999999, 14.564290900000001], [120.9943319, 14.564259800000002], [120.9944733, 14.563954199999998], [120.994553, 14.563791099999998], [120.9945788, 14.563741999999998], [120.9946819, 14.563534799999998], [120.99469900000001, 14.5634968], [120.9948357, 14.5632037], [120.99485170000001, 14.563167299999998], [120.9950822, 14.562677500000003], [120.9950958, 14.5626023], [120.9952378906122, 14.562595410371378]], [[120.9952378906122, 14.562595410371378], [120.9950958, 14.5626023], [120.99501990000002, 14.562569999999997], [120.9948096, 14.562454], [120.99435360000001, 14.561757600000005]], [[120.99435360000001, 14.561757600000005], [120.99410229999998, 14.561528800000001], [120.9941596000134, 14.561476450008872]], [[120.9941596000134, 14.561476450008872], [120.99410229999998, 14.561528800000001], [120.9940337, 14.561467800000003], [120.9939538, 14.561401200000002], [120.9938419, 14.561325800000004], [120.9937307, 14.561270399999998], [120.99381133713109, 14.561230570051167]], [[120.99381133713109, 14.561230570051167], [120.9937307, 14.561270399999998], [120.993475, 14.5612274], [120.9932503, 14.561182500000001], [120.9928588, 14.561092899999998], [120.99258791067642, 14.560978420064938]], [[120.99258791067642, 14.560978420064938], [120.99231080000001, 14.560907799999995], [120.99221980000002, 14.5608851], [120.99151879999998, 14.5607109], [120.990773, 14.560525500000004], [120.9903859, 14.5604293], [120.9902701, 14.560400499999997], [120.98951630000002, 14.5602131], [120.98943620000001, 14.560193199999999]], [[120.98943620000001, 14.560193199999999], [120.98934050000001, 14.560168199999996], [120.98929409999998, 14.560151200000002], [120.98920990000002, 14.560130300000003], [120.98889400000002, 14.560051699999999]], [[120.98889400000002, 14.560051699999999], [120.988485, 14.559944999999997], [120.9875544, 14.559702099999997], [120.9874856, 14.559685599999996], [120.98740059999999, 14.559666200000002], [120.98718198783487, 14.559598078578414]], [[120.98718198783487, 14.559598078578414], [120.98740059999999, 14.559666200000002], [120.98744010000001, 14.5595536], [120.9876621, 14.558921], [120.98756639997964, 14.558878650017302]], [[120.98756639997964, 14.558878650017302], [120.9876621, 14.558921], [120.9878813, 14.558266399999999], [120.98764695848062, 14.558315464657962]], [[120.98764695848062, 14.558315464657962], [120.9878813, 14.558266399999999], [120.98813149999998, 14.5574703], [120.98830090000001, 14.5569294]], [[120.98830090000001, 14.5569294], [120.9884097, 14.556615400000002], [120.9885085, 14.556318900000003], [120.98841164998287, 14.556285100018215]]]}, "properties": {"event_key": "aeabc7f607d8ae3d", "role": "rejected_suggestion", "primary_reason": "Shortcut/Faster Route/Personal Preference/Familiar Road", "length_m": 2220.3, "road_names": "Taft Avenue > Pablo Ocampo Street > Roxas Boulevard Service Road"}}, {"type": "Feature", "geometry": {"type": "MultiLineString", "coordinates": [[[120.9985119, 14.563191300000002], [120.99862620000002, 14.5627993], [120.99878620000001, 14.562398600000002], [120.9989393, 14.562075], [120.99898630000001, 14.5620153], [120.99904959999999, 14.5619551]], [[120.99904959999999, 14.5619551], [120.999092, 14.5619979], [120.999401, 14.562309800000001]], [[120.999401, 14.562309800000001], [120.9996588, 14.562570100000002]], [[120.9996588, 14.562570100000002], [120.999921, 14.562834799999994]], [[120.999921, 14.562834799999994], [121.00020790000002, 14.5630774]], [[121.00020790000002, 14.5630774], [121.00045769999998, 14.5633449]], [[121.00045769999998, 14.5633449], [121.00071260000001, 14.5635872]], [[121.00071260000001, 14.5635872], [121.0007428, 14.5636156], [121.0009669, 14.563840599999997]]]}, "properties": {"event_key": "8ccaafd1c8abec39", "role": "preferred_observed", "primary_reason": "Shortcut/Faster Route/Personal Preference/Familiar Road", "length_m": 444.9, "road_names": "Arellano Avenue > Zobel Roxas Street"}}, {"type": "Feature", "geometry": {"type": "MultiLineString", "coordinates": [[[120.9985119, 14.563191300000002], [120.9988721, 14.5633467]], [[120.9988721, 14.5633467], [120.99918850000002, 14.5635076]], [[120.99918850000002, 14.5635076], [120.999523, 14.563677600000002]], [[120.999523, 14.563677600000002], [120.9998118, 14.563824399999998]], [[120.9998118, 14.563824399999998], [121.0001292, 14.563985699999998]], [[121.0001292, 14.563985699999998], [121.00044079999999, 14.564144100000002]], [[121.00044079999999, 14.564144100000002], [121.00072790000002, 14.564289999999998]], [[121.00072790000002, 14.564289999999998], [121.0009669, 14.563840599999997]]]}, "properties": {"event_key": "8ccaafd1c8abec39", "role": "rejected_suggestion", "primary_reason": "Shortcut/Faster Route/Personal Preference/Familiar Road", "length_m": 324.2, "road_names": "A. Roxas Street > Dian Street"}}, {"type": "Feature", "geometry": {"type": "MultiLineString", "coordinates": [[[120.9952378906122, 14.562595410371378], [120.9950958, 14.5626023], [120.995183, 14.562337700000002], [120.995533, 14.560986999999997], [120.99557209999794, 14.560996400003068]], [[120.99557209999794, 14.560996400003068], [120.995533, 14.560986999999997], [120.9955802, 14.560782300000005], [120.9957141, 14.560180699999995], [120.99575664999769, 14.560190150003631]], [[120.99575664999769, 14.560190150003631], [120.9957141, 14.560180699999995], [120.99519970000001, 14.560100700000003], [120.9948939, 14.560053899999996], [120.99459030000001, 14.560000999999998], [120.99453429999998, 14.559991299999993]], [[120.99453429999998, 14.559991299999993], [120.9929656, 14.559729599999997]], [[120.9929656, 14.559729599999997], [120.99302710000002, 14.559562400000003], [120.9931263, 14.5592673], [120.993189, 14.5590552], [120.99328619999999, 14.5587027]], [[120.99328619999999, 14.5587027], [120.99332300000002, 14.558535399999998], [120.9933859, 14.558247899999996], [120.99343830000001, 14.558011500000001]], [[120.99343830000001, 14.558011500000001], [120.9933154, 14.5579732], [120.9931612, 14.557925199999998], [120.99281980000002, 14.557822599999998], [120.99198049999998, 14.557566199999997]], [[120.99198049999998, 14.557566199999997], [120.9906872, 14.557171099999998], [120.99070145000307, 14.557130300000846]], [[120.99070145000307, 14.557130300000846], [120.9907157, 14.557089500000004], [120.9901243, 14.5568832]], [[120.9901243, 14.5568832], [120.98979020000002, 14.5567664], [120.9897559, 14.5567544]], [[120.9897559, 14.5567544], [120.98943710000002, 14.5566431]], [[120.98943710000002, 14.5566431], [120.98913230000001, 14.556531699999997]], [[120.98913230000001, 14.556531699999997], [120.9885085, 14.556318900000003], [120.98841164998287, 14.556285100018215]]]}, "properties": {"event_key": "02f0918fd7ca0951", "role": "preferred_observed", "primary_reason": "Shortcut/Faster Route/Personal Preference/Familiar Road", "length_m": 1391.7, "road_names": "Taft Avenue > Menlo Street > Leveriza Street > Gotamco Street > E. Rodriguez Street"}}, {"type": "Feature", "geometry": {"type": "MultiLineString", "coordinates": [[[120.9952378906122, 14.562595410371378], [120.99521400000002, 14.5626692], [120.99518680000001, 14.562731400000002], [120.99478090000001, 14.563660699999998], [120.99472050000001, 14.5638015], [120.9944532, 14.564347900000001], [120.99443010000002, 14.564398400000004], [120.99436149998996, 14.56436945000896]], [[120.99436149998996, 14.56436945000896], [120.99443010000002, 14.564398400000004], [120.9943798, 14.564506], [120.99407250000002, 14.5651425], [120.994046, 14.565202700000002], [120.9939889, 14.565330400000006], [120.9939752, 14.565362799999999], [120.9939095999882, 14.565325750007856]], [[120.9939095999882, 14.565325750007856], [120.993844, 14.565288700000002], [120.99394350000001, 14.565084800000001], [120.99396230000002, 14.565044599999997], [120.99408090000001, 14.564795000000004], [120.99424330000001, 14.564450500000003], [120.9942929, 14.5643405], [120.99436149998996, 14.56436945000896]], [[120.99436149998996, 14.56436945000896], [120.9942929, 14.5643405], [120.99431729999999, 14.564290900000001], [120.9943319, 14.564259800000002], [120.9944733, 14.563954199999998], [120.994553, 14.563791099999998], [120.9945788, 14.563741999999998], [120.9946819, 14.563534799999998], [120.99469900000001, 14.5634968], [120.9948357, 14.5632037], [120.99485170000001, 14.563167299999998], [120.9950822, 14.562677500000003], [120.9950958, 14.5626023], [120.9952378906122, 14.562595410371378]], [[120.9952378906122, 14.562595410371378], [120.9950958, 14.5626023], [120.99501990000002, 14.562569999999997], [120.9948096, 14.562454], [120.99435360000001, 14.561757600000005]], [[120.99435360000001, 14.561757600000005], [120.99410229999998, 14.561528800000001], [120.9941596000134, 14.561476450008872]], [[120.9941596000134, 14.561476450008872], [120.99410229999998, 14.561528800000001], [120.9940337, 14.561467800000003], [120.9939538, 14.561401200000002], [120.9938419, 14.561325800000004], [120.9937307, 14.561270399999998], [120.99381133713109, 14.561230570051167]], [[120.99381133713109, 14.561230570051167], [120.9937307, 14.561270399999998], [120.993475, 14.5612274], [120.9932503, 14.561182500000001], [120.9928588, 14.561092899999998], [120.99258791067642, 14.560978420064938]], [[120.99258791067642, 14.560978420064938], [120.99231080000001, 14.560907799999995], [120.99221980000002, 14.5608851], [120.99151879999998, 14.5607109], [120.990773, 14.560525500000004], [120.9903859, 14.5604293], [120.9902701, 14.560400499999997], [120.98951630000002, 14.5602131], [120.98943620000001, 14.560193199999999]], [[120.98943620000001, 14.560193199999999], [120.98934050000001, 14.560168199999996], [120.98929409999998, 14.560151200000002], [120.98920990000002, 14.560130300000003], [120.98889400000002, 14.560051699999999]], [[120.98889400000002, 14.560051699999999], [120.988485, 14.559944999999997], [120.9875544, 14.559702099999997], [120.9874856, 14.559685599999996], [120.98740059999999, 14.559666200000002], [120.98718198783487, 14.559598078578414]], [[120.98718198783487, 14.559598078578414], [120.98740059999999, 14.559666200000002], [120.98744010000001, 14.5595536], [120.9876621, 14.558921], [120.98756639997964, 14.558878650017302]], [[120.98756639997964, 14.558878650017302], [120.9876621, 14.558921], [120.9878813, 14.558266399999999], [120.98764695848062, 14.558315464657962]], [[120.98764695848062, 14.558315464657962], [120.9878813, 14.558266399999999], [120.98813149999998, 14.5574703], [120.98830090000001, 14.5569294]], [[120.98830090000001, 14.5569294], [120.9884097, 14.556615400000002], [120.9885085, 14.556318900000003], [120.98841164998287, 14.556285100018215]]]}, "properties": {"event_key": "02f0918fd7ca0951", "role": "rejected_suggestion", "primary_reason": "Shortcut/Faster Route/Personal Preference/Familiar Road", "length_m": 2220.3, "road_names": "Taft Avenue > Pablo Ocampo Street > Roxas Boulevard Service Road"}}, {"type": "Feature", "geometry": {"type": "MultiLineString", "coordinates": [[[120.9985119, 14.563191300000002], [120.99862620000002, 14.5627993], [120.99878620000001, 14.562398600000002], [120.9989393, 14.562075], [120.99898630000001, 14.5620153], [120.99904959999999, 14.5619551]], [[120.99904959999999, 14.5619551], [120.999092, 14.5619979], [120.999401, 14.562309800000001]], [[120.999401, 14.562309800000001], [120.9996588, 14.562570100000002]], [[120.9996588, 14.562570100000002], [120.999921, 14.562834799999994]], [[120.999921, 14.562834799999994], [121.00020790000002, 14.5630774]], [[121.00020790000002, 14.5630774], [121.00045769999998, 14.5633449]], [[121.00045769999998, 14.5633449], [121.00071260000001, 14.5635872]], [[121.00071260000001, 14.5635872], [121.0007428, 14.5636156], [121.0009669, 14.563840599999997]]]}, "properties": {"event_key": "166e2c5c4b8a87f7", "role": "preferred_observed", "primary_reason": "Shortcut/Faster Route/Personal Preference/Familiar Road", "length_m": 444.9, "road_names": "Arellano Avenue > Zobel Roxas Street"}}, {"type": "Feature", "geometry": {"type": "MultiLineString", "coordinates": [[[120.9985119, 14.563191300000002], [120.9988721, 14.5633467]], [[120.9988721, 14.5633467], [120.99918850000002, 14.5635076]], [[120.99918850000002, 14.5635076], [120.999523, 14.563677600000002]], [[120.999523, 14.563677600000002], [120.9998118, 14.563824399999998]], [[120.9998118, 14.563824399999998], [121.0001292, 14.563985699999998]], [[121.0001292, 14.563985699999998], [121.00044079999999, 14.564144100000002]], [[121.00044079999999, 14.564144100000002], [121.00072790000002, 14.564289999999998]], [[121.00072790000002, 14.564289999999998], [121.0009669, 14.563840599999997]]]}, "properties": {"event_key": "166e2c5c4b8a87f7", "role": "rejected_suggestion", "primary_reason": "Shortcut/Faster Route/Personal Preference/Familiar Road", "length_m": 324.2, "road_names": "A. Roxas Street > Dian Street"}}, {"type": "Feature", "geometry": {"type": "MultiLineString", "coordinates": [[[120.9985119, 14.563191300000002], [120.99862620000002, 14.5627993], [120.99878620000001, 14.562398600000002], [120.9989393, 14.562075], [120.99898630000001, 14.5620153], [120.99904959999999, 14.5619551]], [[120.99904959999999, 14.5619551], [120.999092, 14.5619979], [120.999401, 14.562309800000001]], [[120.999401, 14.562309800000001], [120.9996588, 14.562570100000002]], [[120.9996588, 14.562570100000002], [120.999921, 14.562834799999994]], [[120.999921, 14.562834799999994], [121.00020790000002, 14.5630774]], [[121.00020790000002, 14.5630774], [121.00045769999998, 14.5633449]], [[121.00045769999998, 14.5633449], [121.00071260000001, 14.5635872]], [[121.00071260000001, 14.5635872], [121.0007428, 14.5636156], [121.0009669, 14.563840599999997]]]}, "properties": {"event_key": "36d4c8b89a06661b", "role": "preferred_observed", "primary_reason": "Shortcut/Faster Route/Personal Preference/Familiar Road", "length_m": 444.9, "road_names": "Arellano Avenue > Zobel Roxas Street"}}, {"type": "Feature", "geometry": {"type": "MultiLineString", "coordinates": [[[120.9985119, 14.563191300000002], [120.9988721, 14.5633467]], [[120.9988721, 14.5633467], [120.99918850000002, 14.5635076]], [[120.99918850000002, 14.5635076], [120.999523, 14.563677600000002]], [[120.999523, 14.563677600000002], [120.9998118, 14.563824399999998]], [[120.9998118, 14.563824399999998], [121.0001292, 14.563985699999998]], [[121.0001292, 14.563985699999998], [121.00044079999999, 14.564144100000002]], [[121.00044079999999, 14.564144100000002], [121.00072790000002, 14.564289999999998]], [[121.00072790000002, 14.564289999999998], [121.0009669, 14.563840599999997]]]}, "properties": {"event_key": "36d4c8b89a06661b", "role": "rejected_suggestion", "primary_reason": "Shortcut/Faster Route/Personal Preference/Familiar Road", "length_m": 324.2, "road_names": "A. Roxas Street > Dian Street"}}, {"type": "Feature", "geometry": {"type": "MultiLineString", "coordinates": [[[120.9952378906122, 14.562595410371378], [120.9950958, 14.5626023], [120.995183, 14.562337700000002], [120.995533, 14.560986999999997], [120.99557209999794, 14.560996400003068]], [[120.99557209999794, 14.560996400003068], [120.995533, 14.560986999999997], [120.9955802, 14.560782300000005], [120.9957141, 14.560180699999995], [120.99575664999769, 14.560190150003631]], [[120.99575664999769, 14.560190150003631], [120.9957141, 14.560180699999995], [120.99519970000001, 14.560100700000003], [120.9948939, 14.560053899999996], [120.99459030000001, 14.560000999999998], [120.99453429999998, 14.559991299999993]], [[120.99453429999998, 14.559991299999993], [120.9929656, 14.559729599999997]], [[120.9929656, 14.559729599999997], [120.99302710000002, 14.559562400000003], [120.9931263, 14.5592673], [120.993189, 14.5590552], [120.99328619999999, 14.5587027]], [[120.99328619999999, 14.5587027], [120.99332300000002, 14.558535399999998], [120.9933859, 14.558247899999996], [120.99343830000001, 14.558011500000001]], [[120.99343830000001, 14.558011500000001], [120.9933154, 14.5579732], [120.9931612, 14.557925199999998], [120.99281980000002, 14.557822599999998], [120.99198049999998, 14.557566199999997]], [[120.99198049999998, 14.557566199999997], [120.9906872, 14.557171099999998], [120.99070145000307, 14.557130300000846]], [[120.99070145000307, 14.557130300000846], [120.9907157, 14.557089500000004], [120.9901243, 14.5568832]], [[120.9901243, 14.5568832], [120.98979020000002, 14.5567664], [120.9897559, 14.5567544]], [[120.9897559, 14.5567544], [120.98943710000002, 14.5566431]], [[120.98943710000002, 14.5566431], [120.98913230000001, 14.556531699999997]], [[120.98913230000001, 14.556531699999997], [120.9885085, 14.556318900000003], [120.98841164998287, 14.556285100018215]]]}, "properties": {"event_key": "b66b38a1462afccb", "role": "preferred_observed", "primary_reason": "Shortcut/Faster Route/Personal Preference/Familiar Road", "length_m": 1391.7, "road_names": "Taft Avenue > Menlo Street > Leveriza Street > Gotamco Street > E. Rodriguez Street"}}, {"type": "Feature", "geometry": {"type": "MultiLineString", "coordinates": [[[120.9952378906122, 14.562595410371378], [120.99521400000002, 14.5626692], [120.99518680000001, 14.562731400000002], [120.99478090000001, 14.563660699999998], [120.99472050000001, 14.5638015], [120.9944532, 14.564347900000001], [120.99443010000002, 14.564398400000004], [120.99436149998996, 14.56436945000896]], [[120.99436149998996, 14.56436945000896], [120.99443010000002, 14.564398400000004], [120.9943798, 14.564506], [120.99407250000002, 14.5651425], [120.994046, 14.565202700000002], [120.9939889, 14.565330400000006], [120.9939752, 14.565362799999999], [120.9939095999882, 14.565325750007856]], [[120.9939095999882, 14.565325750007856], [120.993844, 14.565288700000002], [120.99394350000001, 14.565084800000001], [120.99396230000002, 14.565044599999997], [120.99408090000001, 14.564795000000004], [120.99424330000001, 14.564450500000003], [120.9942929, 14.5643405], [120.99436149998996, 14.56436945000896]], [[120.99436149998996, 14.56436945000896], [120.9942929, 14.5643405], [120.99431729999999, 14.564290900000001], [120.9943319, 14.564259800000002], [120.9944733, 14.563954199999998], [120.994553, 14.563791099999998], [120.9945788, 14.563741999999998], [120.9946819, 14.563534799999998], [120.99469900000001, 14.5634968], [120.9948357, 14.5632037], [120.99485170000001, 14.563167299999998], [120.9950822, 14.562677500000003], [120.9950958, 14.5626023], [120.9952378906122, 14.562595410371378]], [[120.9952378906122, 14.562595410371378], [120.9950958, 14.5626023], [120.99501990000002, 14.562569999999997], [120.9948096, 14.562454], [120.99435360000001, 14.561757600000005]], [[120.99435360000001, 14.561757600000005], [120.99410229999998, 14.561528800000001], [120.9941596000134, 14.561476450008872]], [[120.9941596000134, 14.561476450008872], [120.99410229999998, 14.561528800000001], [120.9940337, 14.561467800000003], [120.9939538, 14.561401200000002], [120.9938419, 14.561325800000004], [120.9937307, 14.561270399999998], [120.99381133713109, 14.561230570051167]], [[120.99381133713109, 14.561230570051167], [120.9937307, 14.561270399999998], [120.993475, 14.5612274], [120.9932503, 14.561182500000001], [120.9928588, 14.561092899999998], [120.99258791067642, 14.560978420064938]], [[120.99258791067642, 14.560978420064938], [120.99231080000001, 14.560907799999995], [120.99221980000002, 14.5608851], [120.99151879999998, 14.5607109], [120.990773, 14.560525500000004], [120.9903859, 14.5604293], [120.9902701, 14.560400499999997], [120.98951630000002, 14.5602131], [120.98943620000001, 14.560193199999999]], [[120.98943620000001, 14.560193199999999], [120.98934050000001, 14.560168199999996], [120.98929409999998, 14.560151200000002], [120.98920990000002, 14.560130300000003], [120.98889400000002, 14.560051699999999]], [[120.98889400000002, 14.560051699999999], [120.988485, 14.559944999999997], [120.9875544, 14.559702099999997], [120.9874856, 14.559685599999996], [120.98740059999999, 14.559666200000002], [120.98718198783487, 14.559598078578414]], [[120.98718198783487, 14.559598078578414], [120.98740059999999, 14.559666200000002], [120.98744010000001, 14.5595536], [120.9876621, 14.558921], [120.98756639997964, 14.558878650017302]], [[120.98756639997964, 14.558878650017302], [120.9876621, 14.558921], [120.9878813, 14.558266399999999], [120.98764695848062, 14.558315464657962]], [[120.98764695848062, 14.558315464657962], [120.9878813, 14.558266399999999], [120.98813149999998, 14.5574703], [120.98830090000001, 14.5569294]], [[120.98830090000001, 14.5569294], [120.9884097, 14.556615400000002], [120.9885085, 14.556318900000003], [120.98841164998287, 14.556285100018215]]]}, "properties": {"event_key": "b66b38a1462afccb", "role": "rejected_suggestion", "primary_reason": "Shortcut/Faster Route/Personal Preference/Familiar Road", "length_m": 2220.3, "road_names": "Taft Avenue > Pablo Ocampo Street > Roxas Boulevard Service Road"}}, {"type": "Feature", "geometry": {"type": "MultiLineString", "coordinates": [[[120.9985119, 14.563191300000002], [120.99862620000002, 14.5627993], [120.99878620000001, 14.562398600000002], [120.9989393, 14.562075], [120.99898630000001, 14.5620153], [120.99904959999999, 14.5619551]], [[120.99904959999999, 14.5619551], [120.999092, 14.5619979], [120.999401, 14.562309800000001]], [[120.999401, 14.562309800000001], [120.9996588, 14.562570100000002]], [[120.9996588, 14.562570100000002], [120.999921, 14.562834799999994]], [[120.999921, 14.562834799999994], [121.00020790000002, 14.5630774]], [[121.00020790000002, 14.5630774], [121.00045769999998, 14.5633449]], [[121.00045769999998, 14.5633449], [121.00071260000001, 14.5635872]], [[121.00071260000001, 14.5635872], [121.0007428, 14.5636156], [121.0009669, 14.563840599999997]]]}, "properties": {"event_key": "047be9613d939b0e", "role": "preferred_observed", "primary_reason": "Shortcut/Faster Route/Personal Preference/Familiar Road", "length_m": 444.9, "road_names": "Arellano Avenue > Zobel Roxas Street"}}, {"type": "Feature", "geometry": {"type": "MultiLineString", "coordinates": [[[120.9985119, 14.563191300000002], [120.9988721, 14.5633467]], [[120.9988721, 14.5633467], [120.99918850000002, 14.5635076]], [[120.99918850000002, 14.5635076], [120.999523, 14.563677600000002]], [[120.999523, 14.563677600000002], [120.9998118, 14.563824399999998]], [[120.9998118, 14.563824399999998], [121.0001292, 14.563985699999998]], [[121.0001292, 14.563985699999998], [121.00044079999999, 14.564144100000002]], [[121.00044079999999, 14.564144100000002], [121.00072790000002, 14.564289999999998]], [[121.00072790000002, 14.564289999999998], [121.0009669, 14.563840599999997]]]}, "properties": {"event_key": "047be9613d939b0e", "role": "rejected_suggestion", "primary_reason": "Shortcut/Faster Route/Personal Preference/Familiar Road", "length_m": 324.2, "road_names": "A. Roxas Street > Dian Street"}}, {"type": "Feature", "geometry": {"type": "MultiLineString", "coordinates": [[[120.9952378906122, 14.562595410371378], [120.9950958, 14.5626023], [120.995183, 14.562337700000002], [120.995533, 14.560986999999997], [120.99557209999794, 14.560996400003068]], [[120.99557209999794, 14.560996400003068], [120.995533, 14.560986999999997], [120.9955802, 14.560782300000005], [120.9957141, 14.560180699999995], [120.99575664999769, 14.560190150003631]], [[120.99575664999769, 14.560190150003631], [120.9957141, 14.560180699999995], [120.99519970000001, 14.560100700000003], [120.9948939, 14.560053899999996], [120.99459030000001, 14.560000999999998], [120.99453429999998, 14.559991299999993]], [[120.99453429999998, 14.559991299999993], [120.9929656, 14.559729599999997]], [[120.9929656, 14.559729599999997], [120.99302710000002, 14.559562400000003], [120.9931263, 14.5592673], [120.993189, 14.5590552], [120.99328619999999, 14.5587027]], [[120.99328619999999, 14.5587027], [120.99332300000002, 14.558535399999998], [120.9933859, 14.558247899999996], [120.99343830000001, 14.558011500000001]], [[120.99343830000001, 14.558011500000001], [120.9933154, 14.5579732], [120.9931612, 14.557925199999998], [120.99281980000002, 14.557822599999998], [120.99198049999998, 14.557566199999997]], [[120.99198049999998, 14.557566199999997], [120.9906872, 14.557171099999998], [120.99070145000307, 14.557130300000846]], [[120.99070145000307, 14.557130300000846], [120.9907157, 14.557089500000004], [120.9901243, 14.5568832]], [[120.9901243, 14.5568832], [120.98979020000002, 14.5567664], [120.9897559, 14.5567544]], [[120.9897559, 14.5567544], [120.98943710000002, 14.5566431]], [[120.98943710000002, 14.5566431], [120.98913230000001, 14.556531699999997]], [[120.98913230000001, 14.556531699999997], [120.9885085, 14.556318900000003], [120.98841164998287, 14.556285100018215]]]}, "properties": {"event_key": "455fff3fc01fea3a", "role": "preferred_observed", "primary_reason": "Shortcut/Faster Route/Personal Preference/Familiar Road", "length_m": 1391.7, "road_names": "Taft Avenue > Menlo Street > Leveriza Street > Gotamco Street > E. Rodriguez Street"}}, {"type": "Feature", "geometry": {"type": "MultiLineString", "coordinates": [[[120.9952378906122, 14.562595410371378], [120.99521400000002, 14.5626692], [120.99518680000001, 14.562731400000002], [120.99478090000001, 14.563660699999998], [120.99472050000001, 14.5638015], [120.9944532, 14.564347900000001], [120.99443010000002, 14.564398400000004], [120.99436149998996, 14.56436945000896]], [[120.99436149998996, 14.56436945000896], [120.99443010000002, 14.564398400000004], [120.9943798, 14.564506], [120.99407250000002, 14.5651425], [120.994046, 14.565202700000002], [120.9939889, 14.565330400000006], [120.9939752, 14.565362799999999], [120.9939095999882, 14.565325750007856]], [[120.9939095999882, 14.565325750007856], [120.993844, 14.565288700000002], [120.99394350000001, 14.565084800000001], [120.99396230000002, 14.565044599999997], [120.99408090000001, 14.564795000000004], [120.99424330000001, 14.564450500000003], [120.9942929, 14.5643405], [120.99436149998996, 14.56436945000896]], [[120.99436149998996, 14.56436945000896], [120.9942929, 14.5643405], [120.99431729999999, 14.564290900000001], [120.9943319, 14.564259800000002], [120.9944733, 14.563954199999998], [120.994553, 14.563791099999998], [120.9945788, 14.563741999999998], [120.9946819, 14.563534799999998], [120.99469900000001, 14.5634968], [120.9948357, 14.5632037], [120.99485170000001, 14.563167299999998], [120.9950822, 14.562677500000003], [120.9950958, 14.5626023], [120.9952378906122, 14.562595410371378]], [[120.9952378906122, 14.562595410371378], [120.9950958, 14.5626023], [120.99501990000002, 14.562569999999997], [120.9948096, 14.562454], [120.99435360000001, 14.561757600000005]], [[120.99435360000001, 14.561757600000005], [120.99410229999998, 14.561528800000001], [120.9941596000134, 14.561476450008872]], [[120.9941596000134, 14.561476450008872], [120.99410229999998, 14.561528800000001], [120.9940337, 14.561467800000003], [120.9939538, 14.561401200000002], [120.9938419, 14.561325800000004], [120.9937307, 14.561270399999998], [120.99381133713109, 14.561230570051167]], [[120.99381133713109, 14.561230570051167], [120.9937307, 14.561270399999998], [120.993475, 14.5612274], [120.9932503, 14.561182500000001], [120.9928588, 14.561092899999998], [120.99258791067642, 14.560978420064938]], [[120.99258791067642, 14.560978420064938], [120.99231080000001, 14.560907799999995], [120.99221980000002, 14.5608851], [120.99151879999998, 14.5607109], [120.990773, 14.560525500000004], [120.9903859, 14.5604293], [120.9902701, 14.560400499999997], [120.98951630000002, 14.5602131], [120.98943620000001, 14.560193199999999]], [[120.98943620000001, 14.560193199999999], [120.98934050000001, 14.560168199999996], [120.98929409999998, 14.560151200000002], [120.98920990000002, 14.560130300000003], [120.98889400000002, 14.560051699999999]], [[120.98889400000002, 14.560051699999999], [120.988485, 14.559944999999997], [120.9875544, 14.559702099999997], [120.9874856, 14.559685599999996], [120.98740059999999, 14.559666200000002], [120.98718198783487, 14.559598078578414]], [[120.98718198783487, 14.559598078578414], [120.98740059999999, 14.559666200000002], [120.98744010000001, 14.5595536], [120.9876621, 14.558921], [120.98756639997964, 14.558878650017302]], [[120.98756639997964, 14.558878650017302], [120.9876621, 14.558921], [120.9878813, 14.558266399999999], [120.98764695848062, 14.558315464657962]], [[120.98764695848062, 14.558315464657962], [120.9878813, 14.558266399999999], [120.98813149999998, 14.5574703], [120.98830090000001, 14.5569294]], [[120.98830090000001, 14.5569294], [120.9884097, 14.556615400000002], [120.9885085, 14.556318900000003], [120.98841164998287, 14.556285100018215]]]}, "properties": {"event_key": "455fff3fc01fea3a", "role": "rejected_suggestion", "primary_reason": "Shortcut/Faster Route/Personal Preference/Familiar Road", "length_m": 2220.3, "road_names": "Taft Avenue > Pablo Ocampo Street > Roxas Boulevard Service Road"}}, {"type": "Feature", "geometry": {"type": "MultiLineString", "coordinates": [[[120.9985119, 14.563191300000002], [120.99862620000002, 14.5627993], [120.99878620000001, 14.562398600000002], [120.9989393, 14.562075], [120.99898630000001, 14.5620153], [120.99904959999999, 14.5619551]], [[120.99904959999999, 14.5619551], [120.999092, 14.5619979], [120.999401, 14.562309800000001]], [[120.999401, 14.562309800000001], [120.9996588, 14.562570100000002]], [[120.9996588, 14.562570100000002], [120.999921, 14.562834799999994]], [[120.999921, 14.562834799999994], [121.00020790000002, 14.5630774]], [[121.00020790000002, 14.5630774], [121.00045769999998, 14.5633449]], [[121.00045769999998, 14.5633449], [121.00071260000001, 14.5635872]], [[121.00071260000001, 14.5635872], [121.0007428, 14.5636156], [121.0009669, 14.563840599999997]]]}, "properties": {"event_key": "5a42c7320b00fd45", "role": "preferred_observed", "primary_reason": "Shortcut/Faster Route/Personal Preference/Familiar Road", "length_m": 444.9, "road_names": "Arellano Avenue > Zobel Roxas Street"}}, {"type": "Feature", "geometry": {"type": "MultiLineString", "coordinates": [[[120.9985119, 14.563191300000002], [120.9988721, 14.5633467]], [[120.9988721, 14.5633467], [120.99918850000002, 14.5635076]], [[120.99918850000002, 14.5635076], [120.999523, 14.563677600000002]], [[120.999523, 14.563677600000002], [120.9998118, 14.563824399999998]], [[120.9998118, 14.563824399999998], [121.0001292, 14.563985699999998]], [[121.0001292, 14.563985699999998], [121.00044079999999, 14.564144100000002]], [[121.00044079999999, 14.564144100000002], [121.00072790000002, 14.564289999999998]], [[121.00072790000002, 14.564289999999998], [121.0009669, 14.563840599999997]]]}, "properties": {"event_key": "5a42c7320b00fd45", "role": "rejected_suggestion", "primary_reason": "Shortcut/Faster Route/Personal Preference/Familiar Road", "length_m": 324.2, "road_names": "A. Roxas Street > Dian Street"}}, {"type": "Feature", "geometry": {"type": "MultiLineString", "coordinates": [[[120.9952378906122, 14.562595410371378], [120.9950958, 14.5626023], [120.995183, 14.562337700000002], [120.995533, 14.560986999999997], [120.99557209999794, 14.560996400003068]], [[120.99557209999794, 14.560996400003068], [120.995533, 14.560986999999997], [120.9955802, 14.560782300000005], [120.9957141, 14.560180699999995], [120.99575664999769, 14.560190150003631]], [[120.99575664999769, 14.560190150003631], [120.9957141, 14.560180699999995], [120.99519970000001, 14.560100700000003], [120.9948939, 14.560053899999996], [120.99459030000001, 14.560000999999998], [120.99453429999998, 14.559991299999993]], [[120.99453429999998, 14.559991299999993], [120.9929656, 14.559729599999997]], [[120.9929656, 14.559729599999997], [120.99302710000002, 14.559562400000003], [120.9931263, 14.5592673], [120.993189, 14.5590552], [120.99328619999999, 14.5587027]], [[120.99328619999999, 14.5587027], [120.99332300000002, 14.558535399999998], [120.9933859, 14.558247899999996], [120.99343830000001, 14.558011500000001]], [[120.99343830000001, 14.558011500000001], [120.9933154, 14.5579732], [120.9931612, 14.557925199999998], [120.99281980000002, 14.557822599999998], [120.99198049999998, 14.557566199999997]], [[120.99198049999998, 14.557566199999997], [120.9906872, 14.557171099999998], [120.99070145000307, 14.557130300000846]], [[120.99070145000307, 14.557130300000846], [120.9907157, 14.557089500000004], [120.9901243, 14.5568832]], [[120.9901243, 14.5568832], [120.98979020000002, 14.5567664], [120.9897559, 14.5567544]], [[120.9897559, 14.5567544], [120.98943710000002, 14.5566431]], [[120.98943710000002, 14.5566431], [120.98913230000001, 14.556531699999997]], [[120.98913230000001, 14.556531699999997], [120.9885085, 14.556318900000003], [120.98841164998287, 14.556285100018215]]]}, "properties": {"event_key": "f356a129309176fd", "role": "preferred_observed", "primary_reason": "Shortcut/Faster Route/Personal Preference/Familiar Road", "length_m": 1391.7, "road_names": "Taft Avenue > Menlo Street > Leveriza Street > Gotamco Street > E. Rodriguez Street"}}, {"type": "Feature", "geometry": {"type": "MultiLineString", "coordinates": [[[120.9952378906122, 14.562595410371378], [120.99521400000002, 14.5626692], [120.99518680000001, 14.562731400000002], [120.99478090000001, 14.563660699999998], [120.99472050000001, 14.5638015], [120.9944532, 14.564347900000001], [120.99443010000002, 14.564398400000004], [120.99436149998996, 14.56436945000896]], [[120.99436149998996, 14.56436945000896], [120.99443010000002, 14.564398400000004], [120.9943798, 14.564506], [120.99407250000002, 14.5651425], [120.994046, 14.565202700000002], [120.9939889, 14.565330400000006], [120.9939752, 14.565362799999999], [120.9939095999882, 14.565325750007856]], [[120.9939095999882, 14.565325750007856], [120.993844, 14.565288700000002], [120.99394350000001, 14.565084800000001], [120.99396230000002, 14.565044599999997], [120.99408090000001, 14.564795000000004], [120.99424330000001, 14.564450500000003], [120.9942929, 14.5643405], [120.99436149998996, 14.56436945000896]], [[120.99436149998996, 14.56436945000896], [120.9942929, 14.5643405], [120.99431729999999, 14.564290900000001], [120.9943319, 14.564259800000002], [120.9944733, 14.563954199999998], [120.994553, 14.563791099999998], [120.9945788, 14.563741999999998], [120.9946819, 14.563534799999998], [120.99469900000001, 14.5634968], [120.9948357, 14.5632037], [120.99485170000001, 14.563167299999998], [120.9950822, 14.562677500000003], [120.9950958, 14.5626023], [120.9952378906122, 14.562595410371378]], [[120.9952378906122, 14.562595410371378], [120.9950958, 14.5626023], [120.99501990000002, 14.562569999999997], [120.9948096, 14.562454], [120.99435360000001, 14.561757600000005]], [[120.99435360000001, 14.561757600000005], [120.99410229999998, 14.561528800000001], [120.9941596000134, 14.561476450008872]], [[120.9941596000134, 14.561476450008872], [120.99410229999998, 14.561528800000001], [120.9940337, 14.561467800000003], [120.9939538, 14.561401200000002], [120.9938419, 14.561325800000004], [120.9937307, 14.561270399999998], [120.99381133713109, 14.561230570051167]], [[120.99381133713109, 14.561230570051167], [120.9937307, 14.561270399999998], [120.993475, 14.5612274], [120.9932503, 14.561182500000001], [120.9928588, 14.561092899999998], [120.99258791067642, 14.560978420064938]], [[120.99258791067642, 14.560978420064938], [120.99231080000001, 14.560907799999995], [120.99221980000002, 14.5608851], [120.99151879999998, 14.5607109], [120.990773, 14.560525500000004], [120.9903859, 14.5604293], [120.9902701, 14.560400499999997], [120.98951630000002, 14.5602131], [120.98943620000001, 14.560193199999999]], [[120.98943620000001, 14.560193199999999], [120.98934050000001, 14.560168199999996], [120.98929409999998, 14.560151200000002], [120.98920990000002, 14.560130300000003], [120.98889400000002, 14.560051699999999]], [[120.98889400000002, 14.560051699999999], [120.988485, 14.559944999999997], [120.9875544, 14.559702099999997], [120.9874856, 14.559685599999996], [120.98740059999999, 14.559666200000002], [120.98718198783487, 14.559598078578414]], [[120.98718198783487, 14.559598078578414], [120.98740059999999, 14.559666200000002], [120.98744010000001, 14.5595536], [120.9876621, 14.558921], [120.98756639997964, 14.558878650017302]], [[120.98756639997964, 14.558878650017302], [120.9876621, 14.558921], [120.9878813, 14.558266399999999], [120.98764695848062, 14.558315464657962]], [[120.98764695848062, 14.558315464657962], [120.9878813, 14.558266399999999], [120.98813149999998, 14.5574703], [120.98830090000001, 14.5569294]], [[120.98830090000001, 14.5569294], [120.9884097, 14.556615400000002], [120.9885085, 14.556318900000003], [120.98841164998287, 14.556285100018215]]]}, "properties": {"event_key": "f356a129309176fd", "role": "rejected_suggestion", "primary_reason": "Shortcut/Faster Route/Personal Preference/Familiar Road", "length_m": 2220.3, "road_names": "Taft Avenue > Pablo Ocampo Street > Roxas Boulevard Service Road"}}, {"type": "Feature", "geometry": {"type": "MultiLineString", "coordinates": [[[120.9952378906122, 14.562595410371378], [120.9950958, 14.5626023], [120.995183, 14.562337700000002], [120.995533, 14.560986999999997], [120.99557209999794, 14.560996400003068]], [[120.99557209999794, 14.560996400003068], [120.995533, 14.560986999999997], [120.9955802, 14.560782300000005], [120.9957141, 14.560180699999995], [120.99575664999769, 14.560190150003631]], [[120.99575664999769, 14.560190150003631], [120.9957141, 14.560180699999995], [120.99519970000001, 14.560100700000003], [120.9948939, 14.560053899999996], [120.99459030000001, 14.560000999999998], [120.99453429999998, 14.559991299999993]], [[120.99453429999998, 14.559991299999993], [120.9929656, 14.559729599999997]], [[120.9929656, 14.559729599999997], [120.99302710000002, 14.559562400000003], [120.9931263, 14.5592673], [120.993189, 14.5590552], [120.99328619999999, 14.5587027]], [[120.99328619999999, 14.5587027], [120.99332300000002, 14.558535399999998], [120.9933859, 14.558247899999996], [120.99343830000001, 14.558011500000001]], [[120.99343830000001, 14.558011500000001], [120.9933154, 14.5579732], [120.9931612, 14.557925199999998], [120.99281980000002, 14.557822599999998], [120.99198049999998, 14.557566199999997]], [[120.99198049999998, 14.557566199999997], [120.9906872, 14.557171099999998], [120.99070145000307, 14.557130300000846]], [[120.99070145000307, 14.557130300000846], [120.9907157, 14.557089500000004], [120.9901243, 14.5568832]], [[120.9901243, 14.5568832], [120.98979020000002, 14.5567664], [120.9897559, 14.5567544]], [[120.9897559, 14.5567544], [120.98943710000002, 14.5566431]], [[120.98943710000002, 14.5566431], [120.98913230000001, 14.556531699999997]], [[120.98913230000001, 14.556531699999997], [120.9885085, 14.556318900000003], [120.98841164998287, 14.556285100018215]]]}, "properties": {"event_key": "e71b193c172ea867", "role": "preferred_observed", "primary_reason": "Shortcut/Faster Route/Personal Preference/Familiar Road", "length_m": 1391.7, "road_names": "Taft Avenue > Menlo Street > Leveriza Street > Gotamco Street > E. Rodriguez Street"}}, {"type": "Feature", "geometry": {"type": "MultiLineString", "coordinates": [[[120.9952378906122, 14.562595410371378], [120.99521400000002, 14.5626692], [120.99518680000001, 14.562731400000002], [120.99478090000001, 14.563660699999998], [120.99472050000001, 14.5638015], [120.9944532, 14.564347900000001], [120.99443010000002, 14.564398400000004], [120.99436149998996, 14.56436945000896]], [[120.99436149998996, 14.56436945000896], [120.99443010000002, 14.564398400000004], [120.9943798, 14.564506], [120.99407250000002, 14.5651425], [120.994046, 14.565202700000002], [120.9939889, 14.565330400000006], [120.9939752, 14.565362799999999], [120.9939095999882, 14.565325750007856]], [[120.9939095999882, 14.565325750007856], [120.993844, 14.565288700000002], [120.99394350000001, 14.565084800000001], [120.99396230000002, 14.565044599999997], [120.99408090000001, 14.564795000000004], [120.99424330000001, 14.564450500000003], [120.9942929, 14.5643405], [120.99436149998996, 14.56436945000896]], [[120.99436149998996, 14.56436945000896], [120.9942929, 14.5643405], [120.99431729999999, 14.564290900000001], [120.9943319, 14.564259800000002], [120.9944733, 14.563954199999998], [120.994553, 14.563791099999998], [120.9945788, 14.563741999999998], [120.9946819, 14.563534799999998], [120.99469900000001, 14.5634968], [120.9948357, 14.5632037], [120.99485170000001, 14.563167299999998], [120.9950822, 14.562677500000003], [120.9950958, 14.5626023], [120.9952378906122, 14.562595410371378]], [[120.9952378906122, 14.562595410371378], [120.9950958, 14.5626023], [120.99501990000002, 14.562569999999997], [120.9948096, 14.562454], [120.99435360000001, 14.561757600000005]], [[120.99435360000001, 14.561757600000005], [120.99410229999998, 14.561528800000001], [120.9941596000134, 14.561476450008872]], [[120.9941596000134, 14.561476450008872], [120.99410229999998, 14.561528800000001], [120.9940337, 14.561467800000003], [120.9939538, 14.561401200000002], [120.9938419, 14.561325800000004], [120.9937307, 14.561270399999998], [120.99381133713109, 14.561230570051167]], [[120.99381133713109, 14.561230570051167], [120.9937307, 14.561270399999998], [120.993475, 14.5612274], [120.9932503, 14.561182500000001], [120.9928588, 14.561092899999998], [120.99258791067642, 14.560978420064938]], [[120.99258791067642, 14.560978420064938], [120.99231080000001, 14.560907799999995], [120.99221980000002, 14.5608851], [120.99151879999998, 14.5607109], [120.990773, 14.560525500000004], [120.9903859, 14.5604293], [120.9902701, 14.560400499999997], [120.98951630000002, 14.5602131], [120.98943620000001, 14.560193199999999]], [[120.98943620000001, 14.560193199999999], [120.98934050000001, 14.560168199999996], [120.98929409999998, 14.560151200000002], [120.98920990000002, 14.560130300000003], [120.98889400000002, 14.560051699999999]], [[120.98889400000002, 14.560051699999999], [120.988485, 14.559944999999997], [120.9875544, 14.559702099999997], [120.9874856, 14.559685599999996], [120.98740059999999, 14.559666200000002], [120.98718198783487, 14.559598078578414]], [[120.98718198783487, 14.559598078578414], [120.98740059999999, 14.559666200000002], [120.98744010000001, 14.5595536], [120.9876621, 14.558921], [120.98756639997964, 14.558878650017302]], [[120.98756639997964, 14.558878650017302], [120.9876621, 14.558921], [120.9878813, 14.558266399999999], [120.98764695848062, 14.558315464657962]], [[120.98764695848062, 14.558315464657962], [120.9878813, 14.558266399999999], [120.98813149999998, 14.5574703], [120.98830090000001, 14.5569294]], [[120.98830090000001, 14.5569294], [120.9884097, 14.556615400000002], [120.9885085, 14.556318900000003], [120.98841164998287, 14.556285100018215]]]}, "properties": {"event_key": "e71b193c172ea867", "role": "rejected_suggestion", "primary_reason": "Shortcut/Faster Route/Personal Preference/Familiar Road", "length_m": 2220.3, "road_names": "Taft Avenue > Pablo Ocampo Street > Roxas Boulevard Service Road"}}, {"type": "Feature", "geometry": {"type": "MultiLineString", "coordinates": [[[120.9985119, 14.563191300000002], [120.99862620000002, 14.5627993], [120.99878620000001, 14.562398600000002], [120.9989393, 14.562075], [120.99898630000001, 14.5620153], [120.99904959999999, 14.5619551]], [[120.99904959999999, 14.5619551], [120.999092, 14.5619979], [120.999401, 14.562309800000001]], [[120.999401, 14.562309800000001], [120.9996588, 14.562570100000002]], [[120.9996588, 14.562570100000002], [120.999921, 14.562834799999994]], [[120.999921, 14.562834799999994], [121.00020790000002, 14.5630774]], [[121.00020790000002, 14.5630774], [121.00045769999998, 14.5633449]], [[121.00045769999998, 14.5633449], [121.00071260000001, 14.5635872]], [[121.00071260000001, 14.5635872], [121.0007428, 14.5636156], [121.0009669, 14.563840599999997]]]}, "properties": {"event_key": "692e0aa1cb08965b", "role": "preferred_observed", "primary_reason": "Shortcut/Faster Route/Personal Preference/Familiar Road", "length_m": 444.9, "road_names": "Arellano Avenue > Zobel Roxas Street"}}, {"type": "Feature", "geometry": {"type": "MultiLineString", "coordinates": [[[120.9985119, 14.563191300000002], [120.9988721, 14.5633467]], [[120.9988721, 14.5633467], [120.99918850000002, 14.5635076]], [[120.99918850000002, 14.5635076], [120.999523, 14.563677600000002]], [[120.999523, 14.563677600000002], [120.9998118, 14.563824399999998]], [[120.9998118, 14.563824399999998], [121.0001292, 14.563985699999998]], [[121.0001292, 14.563985699999998], [121.00044079999999, 14.564144100000002]], [[121.00044079999999, 14.564144100000002], [121.00072790000002, 14.564289999999998]], [[121.00072790000002, 14.564289999999998], [121.0009669, 14.563840599999997]]]}, "properties": {"event_key": "692e0aa1cb08965b", "role": "rejected_suggestion", "primary_reason": "Shortcut/Faster Route/Personal Preference/Familiar Road", "length_m": 324.2, "road_names": "A. Roxas Street > Dian Street"}}, {"type": "Feature", "geometry": {"type": "MultiLineString", "coordinates": [[[120.9952378906122, 14.562595410371378], [120.9950958, 14.5626023], [120.995183, 14.562337700000002], [120.995533, 14.560986999999997], [120.99557209999794, 14.560996400003068]], [[120.99557209999794, 14.560996400003068], [120.995533, 14.560986999999997], [120.9955802, 14.560782300000005], [120.9957141, 14.560180699999995], [120.99575664999769, 14.560190150003631]], [[120.99575664999769, 14.560190150003631], [120.9957141, 14.560180699999995], [120.99519970000001, 14.560100700000003], [120.9948939, 14.560053899999996], [120.99459030000001, 14.560000999999998], [120.99453429999998, 14.559991299999993]], [[120.99453429999998, 14.559991299999993], [120.9929656, 14.559729599999997]], [[120.9929656, 14.559729599999997], [120.99302710000002, 14.559562400000003], [120.9931263, 14.5592673], [120.993189, 14.5590552], [120.99328619999999, 14.5587027]], [[120.99328619999999, 14.5587027], [120.99332300000002, 14.558535399999998], [120.9933859, 14.558247899999996], [120.99343830000001, 14.558011500000001]], [[120.99343830000001, 14.558011500000001], [120.9933154, 14.5579732], [120.9931612, 14.557925199999998], [120.99281980000002, 14.557822599999998], [120.99198049999998, 14.557566199999997]], [[120.99198049999998, 14.557566199999997], [120.9906872, 14.557171099999998], [120.99070145000307, 14.557130300000846]], [[120.99070145000307, 14.557130300000846], [120.9907157, 14.557089500000004], [120.9901243, 14.5568832]], [[120.9901243, 14.5568832], [120.98979020000002, 14.5567664], [120.9897559, 14.5567544]], [[120.9897559, 14.5567544], [120.98943710000002, 14.5566431]], [[120.98943710000002, 14.5566431], [120.98913230000001, 14.556531699999997]], [[120.98913230000001, 14.556531699999997], [120.9885085, 14.556318900000003], [120.98841164998287, 14.556285100018215]]]}, "properties": {"event_key": "76f20feb1ee76f69", "role": "preferred_observed", "primary_reason": "Shortcut/Faster Route/Personal Preference/Familiar Road", "length_m": 1391.7, "road_names": "Taft Avenue > Menlo Street > Leveriza Street > Gotamco Street > E. Rodriguez Street"}}, {"type": "Feature", "geometry": {"type": "MultiLineString", "coordinates": [[[120.9952378906122, 14.562595410371378], [120.99521400000002, 14.5626692], [120.99518680000001, 14.562731400000002], [120.99478090000001, 14.563660699999998], [120.99472050000001, 14.5638015], [120.9944532, 14.564347900000001], [120.99443010000002, 14.564398400000004], [120.99436149998996, 14.56436945000896]], [[120.99436149998996, 14.56436945000896], [120.99443010000002, 14.564398400000004], [120.9943798, 14.564506], [120.99407250000002, 14.5651425], [120.994046, 14.565202700000002], [120.9939889, 14.565330400000006], [120.9939752, 14.565362799999999], [120.9939095999882, 14.565325750007856]], [[120.9939095999882, 14.565325750007856], [120.993844, 14.565288700000002], [120.99394350000001, 14.565084800000001], [120.99396230000002, 14.565044599999997], [120.99408090000001, 14.564795000000004], [120.99424330000001, 14.564450500000003], [120.9942929, 14.5643405], [120.99436149998996, 14.56436945000896]], [[120.99436149998996, 14.56436945000896], [120.9942929, 14.5643405], [120.99431729999999, 14.564290900000001], [120.9943319, 14.564259800000002], [120.9944733, 14.563954199999998], [120.994553, 14.563791099999998], [120.9945788, 14.563741999999998], [120.9946819, 14.563534799999998], [120.99469900000001, 14.5634968], [120.9948357, 14.5632037], [120.99485170000001, 14.563167299999998], [120.9950822, 14.562677500000003], [120.9950958, 14.5626023], [120.9952378906122, 14.562595410371378]], [[120.9952378906122, 14.562595410371378], [120.9950958, 14.5626023], [120.99501990000002, 14.562569999999997], [120.9948096, 14.562454], [120.99435360000001, 14.561757600000005]], [[120.99435360000001, 14.561757600000005], [120.99410229999998, 14.561528800000001], [120.9941596000134, 14.561476450008872]], [[120.9941596000134, 14.561476450008872], [120.99410229999998, 14.561528800000001], [120.9940337, 14.561467800000003], [120.9939538, 14.561401200000002], [120.9938419, 14.561325800000004], [120.9937307, 14.561270399999998], [120.99381133713109, 14.561230570051167]], [[120.99381133713109, 14.561230570051167], [120.9937307, 14.561270399999998], [120.993475, 14.5612274], [120.9932503, 14.561182500000001], [120.9928588, 14.561092899999998], [120.99258791067642, 14.560978420064938]], [[120.99258791067642, 14.560978420064938], [120.99231080000001, 14.560907799999995], [120.99221980000002, 14.5608851], [120.99151879999998, 14.5607109], [120.990773, 14.560525500000004], [120.9903859, 14.5604293], [120.9902701, 14.560400499999997], [120.98951630000002, 14.5602131], [120.98943620000001, 14.560193199999999]], [[120.98943620000001, 14.560193199999999], [120.98934050000001, 14.560168199999996], [120.98929409999998, 14.560151200000002], [120.98920990000002, 14.560130300000003], [120.98889400000002, 14.560051699999999]], [[120.98889400000002, 14.560051699999999], [120.988485, 14.559944999999997], [120.9875544, 14.559702099999997], [120.9874856, 14.559685599999996], [120.98740059999999, 14.559666200000002], [120.98718198783487, 14.559598078578414]], [[120.98718198783487, 14.559598078578414], [120.98740059999999, 14.559666200000002], [120.98744010000001, 14.5595536], [120.9876621, 14.558921], [120.98756639997964, 14.558878650017302]], [[120.98756639997964, 14.558878650017302], [120.9876621, 14.558921], [120.9878813, 14.558266399999999], [120.98764695848062, 14.558315464657962]], [[120.98764695848062, 14.558315464657962], [120.9878813, 14.558266399999999], [120.98813149999998, 14.5574703], [120.98830090000001, 14.5569294]], [[120.98830090000001, 14.5569294], [120.9884097, 14.556615400000002], [120.9885085, 14.556318900000003], [120.98841164998287, 14.556285100018215]]]}, "properties": {"event_key": "76f20feb1ee76f69", "role": "rejected_suggestion", "primary_reason": "Shortcut/Faster Route/Personal Preference/Familiar Road", "length_m": 2220.3, "road_names": "Taft Avenue > Pablo Ocampo Street > Roxas Boulevard Service Road"}}, {"type": "Feature", "geometry": {"type": "MultiLineString", "coordinates": [[[120.9985119, 14.563191300000002], [120.99862620000002, 14.5627993], [120.99878620000001, 14.562398600000002], [120.9989393, 14.562075], [120.99898630000001, 14.5620153], [120.99904959999999, 14.5619551]], [[120.99904959999999, 14.5619551], [120.999092, 14.5619979], [120.999401, 14.562309800000001]], [[120.999401, 14.562309800000001], [120.9996588, 14.562570100000002]], [[120.9996588, 14.562570100000002], [120.999921, 14.562834799999994]], [[120.999921, 14.562834799999994], [121.00020790000002, 14.5630774]], [[121.00020790000002, 14.5630774], [121.00045769999998, 14.5633449]], [[121.00045769999998, 14.5633449], [121.00071260000001, 14.5635872]], [[121.00071260000001, 14.5635872], [121.0007428, 14.5636156], [121.0009669, 14.563840599999997]]]}, "properties": {"event_key": "092b8a745c1f7980", "role": "preferred_observed", "primary_reason": "Shortcut/Faster Route/Personal Preference/Familiar Road", "length_m": 444.9, "road_names": "Arellano Avenue > Zobel Roxas Street"}}, {"type": "Feature", "geometry": {"type": "MultiLineString", "coordinates": [[[120.9985119, 14.563191300000002], [120.9988721, 14.5633467]], [[120.9988721, 14.5633467], [120.99918850000002, 14.5635076]], [[120.99918850000002, 14.5635076], [120.999523, 14.563677600000002]], [[120.999523, 14.563677600000002], [120.9998118, 14.563824399999998]], [[120.9998118, 14.563824399999998], [121.0001292, 14.563985699999998]], [[121.0001292, 14.563985699999998], [121.00044079999999, 14.564144100000002]], [[121.00044079999999, 14.564144100000002], [121.00072790000002, 14.564289999999998]], [[121.00072790000002, 14.564289999999998], [121.0009669, 14.563840599999997]]]}, "properties": {"event_key": "092b8a745c1f7980", "role": "rejected_suggestion", "primary_reason": "Shortcut/Faster Route/Personal Preference/Familiar Road", "length_m": 324.2, "road_names": "A. Roxas Street > Dian Street"}}, {"type": "Feature", "geometry": {"type": "MultiLineString", "coordinates": [[[120.9952378906122, 14.562595410371378], [120.9950958, 14.5626023], [120.995183, 14.562337700000002], [120.995533, 14.560986999999997], [120.99557209999794, 14.560996400003068]], [[120.99557209999794, 14.560996400003068], [120.995533, 14.560986999999997], [120.9955802, 14.560782300000005], [120.9957141, 14.560180699999995], [120.99575664999769, 14.560190150003631]], [[120.99575664999769, 14.560190150003631], [120.9957141, 14.560180699999995], [120.99519970000001, 14.560100700000003], [120.9948939, 14.560053899999996], [120.99459030000001, 14.560000999999998], [120.99453429999998, 14.559991299999993]], [[120.99453429999998, 14.559991299999993], [120.9929656, 14.559729599999997]], [[120.9929656, 14.559729599999997], [120.99302710000002, 14.559562400000003], [120.9931263, 14.5592673], [120.993189, 14.5590552], [120.99328619999999, 14.5587027]], [[120.99328619999999, 14.5587027], [120.99332300000002, 14.558535399999998], [120.9933859, 14.558247899999996], [120.99343830000001, 14.558011500000001]], [[120.99343830000001, 14.558011500000001], [120.9933154, 14.5579732], [120.9931612, 14.557925199999998], [120.99281980000002, 14.557822599999998], [120.99198049999998, 14.557566199999997]], [[120.99198049999998, 14.557566199999997], [120.9906872, 14.557171099999998], [120.99070145000307, 14.557130300000846]], [[120.99070145000307, 14.557130300000846], [120.9907157, 14.557089500000004], [120.9901243, 14.5568832]], [[120.9901243, 14.5568832], [120.98979020000002, 14.5567664], [120.9897559, 14.5567544]], [[120.9897559, 14.5567544], [120.98943710000002, 14.5566431]], [[120.98943710000002, 14.5566431], [120.98913230000001, 14.556531699999997]], [[120.98913230000001, 14.556531699999997], [120.9885085, 14.556318900000003], [120.98841164998287, 14.556285100018215]]]}, "properties": {"event_key": "660e21bce9261456", "role": "preferred_observed", "primary_reason": "Shortcut/Faster Route/Personal Preference/Familiar Road", "length_m": 1391.7, "road_names": "Taft Avenue > Menlo Street > Leveriza Street > Gotamco Street > E. Rodriguez Street"}}, {"type": "Feature", "geometry": {"type": "MultiLineString", "coordinates": [[[120.9952378906122, 14.562595410371378], [120.99521400000002, 14.5626692], [120.99518680000001, 14.562731400000002], [120.99478090000001, 14.563660699999998], [120.99472050000001, 14.5638015], [120.9944532, 14.564347900000001], [120.99443010000002, 14.564398400000004], [120.99436149998996, 14.56436945000896]], [[120.99436149998996, 14.56436945000896], [120.99443010000002, 14.564398400000004], [120.9943798, 14.564506], [120.99407250000002, 14.5651425], [120.994046, 14.565202700000002], [120.9939889, 14.565330400000006], [120.9939752, 14.565362799999999], [120.9939095999882, 14.565325750007856]], [[120.9939095999882, 14.565325750007856], [120.993844, 14.565288700000002], [120.99394350000001, 14.565084800000001], [120.99396230000002, 14.565044599999997], [120.99408090000001, 14.564795000000004], [120.99424330000001, 14.564450500000003], [120.9942929, 14.5643405], [120.99436149998996, 14.56436945000896]], [[120.99436149998996, 14.56436945000896], [120.9942929, 14.5643405], [120.99431729999999, 14.564290900000001], [120.9943319, 14.564259800000002], [120.9944733, 14.563954199999998], [120.994553, 14.563791099999998], [120.9945788, 14.563741999999998], [120.9946819, 14.563534799999998], [120.99469900000001, 14.5634968], [120.9948357, 14.5632037], [120.99485170000001, 14.563167299999998], [120.9950822, 14.562677500000003], [120.9950958, 14.5626023], [120.9952378906122, 14.562595410371378]], [[120.9952378906122, 14.562595410371378], [120.9950958, 14.5626023], [120.99501990000002, 14.562569999999997], [120.9948096, 14.562454], [120.99435360000001, 14.561757600000005]], [[120.99435360000001, 14.561757600000005], [120.99410229999998, 14.561528800000001], [120.9941596000134, 14.561476450008872]], [[120.9941596000134, 14.561476450008872], [120.99410229999998, 14.561528800000001], [120.9940337, 14.561467800000003], [120.9939538, 14.561401200000002], [120.9938419, 14.561325800000004], [120.9937307, 14.561270399999998], [120.99381133713109, 14.561230570051167]], [[120.99381133713109, 14.561230570051167], [120.9937307, 14.561270399999998], [120.993475, 14.5612274], [120.9932503, 14.561182500000001], [120.9928588, 14.561092899999998], [120.99258791067642, 14.560978420064938]], [[120.99258791067642, 14.560978420064938], [120.99231080000001, 14.560907799999995], [120.99221980000002, 14.5608851], [120.99151879999998, 14.5607109], [120.990773, 14.560525500000004], [120.9903859, 14.5604293], [120.9902701, 14.560400499999997], [120.98951630000002, 14.5602131], [120.98943620000001, 14.560193199999999]], [[120.98943620000001, 14.560193199999999], [120.98934050000001, 14.560168199999996], [120.98929409999998, 14.560151200000002], [120.98920990000002, 14.560130300000003], [120.98889400000002, 14.560051699999999]], [[120.98889400000002, 14.560051699999999], [120.988485, 14.559944999999997], [120.9875544, 14.559702099999997], [120.9874856, 14.559685599999996], [120.98740059999999, 14.559666200000002], [120.98718198783487, 14.559598078578414]], [[120.98718198783487, 14.559598078578414], [120.98740059999999, 14.559666200000002], [120.98744010000001, 14.5595536], [120.9876621, 14.558921], [120.98756639997964, 14.558878650017302]], [[120.98756639997964, 14.558878650017302], [120.9876621, 14.558921], [120.9878813, 14.558266399999999], [120.98764695848062, 14.558315464657962]], [[120.98764695848062, 14.558315464657962], [120.9878813, 14.558266399999999], [120.98813149999998, 14.5574703], [120.98830090000001, 14.5569294]], [[120.98830090000001, 14.5569294], [120.9884097, 14.556615400000002], [120.9885085, 14.556318900000003], [120.98841164998287, 14.556285100018215]]]}, "properties": {"event_key": "660e21bce9261456", "role": "rejected_suggestion", "primary_reason": "Shortcut/Faster Route/Personal Preference/Familiar Road", "length_m": 2220.3, "road_names": "Taft Avenue > Pablo Ocampo Street > Roxas Boulevard Service Road"}}, {"type": "Feature", "geometry": {"type": "MultiLineString", "coordinates": [[[120.9985119, 14.563191300000002], [120.99862620000002, 14.5627993], [120.99878620000001, 14.562398600000002], [120.9989393, 14.562075], [120.99898630000001, 14.5620153], [120.99904959999999, 14.5619551]], [[120.99904959999999, 14.5619551], [120.999092, 14.5619979], [120.999401, 14.562309800000001]], [[120.999401, 14.562309800000001], [120.9996588, 14.562570100000002]], [[120.9996588, 14.562570100000002], [120.999921, 14.562834799999994]], [[120.999921, 14.562834799999994], [121.00020790000002, 14.5630774]], [[121.00020790000002, 14.5630774], [121.00045769999998, 14.5633449]], [[121.00045769999998, 14.5633449], [121.00071260000001, 14.5635872]], [[121.00071260000001, 14.5635872], [121.0007428, 14.5636156], [121.0009669, 14.563840599999997]]]}, "properties": {"event_key": "097de443a1fa9c05", "role": "preferred_observed", "primary_reason": "Shortcut/Faster Route/Personal Preference/Familiar Road", "length_m": 444.9, "road_names": "Arellano Avenue > Zobel Roxas Street"}}, {"type": "Feature", "geometry": {"type": "MultiLineString", "coordinates": [[[120.9985119, 14.563191300000002], [120.9988721, 14.5633467]], [[120.9988721, 14.5633467], [120.99918850000002, 14.5635076]], [[120.99918850000002, 14.5635076], [120.999523, 14.563677600000002]], [[120.999523, 14.563677600000002], [120.9998118, 14.563824399999998]], [[120.9998118, 14.563824399999998], [121.0001292, 14.563985699999998]], [[121.0001292, 14.563985699999998], [121.00044079999999, 14.564144100000002]], [[121.00044079999999, 14.564144100000002], [121.00072790000002, 14.564289999999998]], [[121.00072790000002, 14.564289999999998], [121.0009669, 14.563840599999997]]]}, "properties": {"event_key": "097de443a1fa9c05", "role": "rejected_suggestion", "primary_reason": "Shortcut/Faster Route/Personal Preference/Familiar Road", "length_m": 324.2, "road_names": "A. Roxas Street > Dian Street"}}, {"type": "Feature", "geometry": {"type": "MultiLineString", "coordinates": [[[120.9985119, 14.563191300000002], [120.99862620000002, 14.5627993], [120.99878620000001, 14.562398600000002], [120.9989393, 14.562075], [120.99898630000001, 14.5620153], [120.99904959999999, 14.5619551]], [[120.99904959999999, 14.5619551], [120.999092, 14.5619979], [120.999401, 14.562309800000001]], [[120.999401, 14.562309800000001], [120.9996588, 14.562570100000002]], [[120.9996588, 14.562570100000002], [120.999921, 14.562834799999994]], [[120.999921, 14.562834799999994], [121.00020790000002, 14.5630774]], [[121.00020790000002, 14.5630774], [121.00045769999998, 14.5633449]], [[121.00045769999998, 14.5633449], [121.00071260000001, 14.5635872]], [[121.00071260000001, 14.5635872], [121.0007428, 14.5636156], [121.0009669, 14.563840599999997]]]}, "properties": {"event_key": "45111d1c7c7d0a70", "role": "preferred_observed", "primary_reason": "Shortcut/Faster Route/Personal Preference/Familiar Road", "length_m": 444.9, "road_names": "Arellano Avenue > Zobel Roxas Street"}}, {"type": "Feature", "geometry": {"type": "MultiLineString", "coordinates": [[[120.9985119, 14.563191300000002], [120.9988721, 14.5633467]], [[120.9988721, 14.5633467], [120.99918850000002, 14.5635076]], [[120.99918850000002, 14.5635076], [120.999523, 14.563677600000002]], [[120.999523, 14.563677600000002], [120.9998118, 14.563824399999998]], [[120.9998118, 14.563824399999998], [121.0001292, 14.563985699999998]], [[121.0001292, 14.563985699999998], [121.00044079999999, 14.564144100000002]], [[121.00044079999999, 14.564144100000002], [121.00072790000002, 14.564289999999998]], [[121.00072790000002, 14.564289999999998], [121.0009669, 14.563840599999997]]]}, "properties": {"event_key": "45111d1c7c7d0a70", "role": "rejected_suggestion", "primary_reason": "Shortcut/Faster Route/Personal Preference/Familiar Road", "length_m": 324.2, "road_names": "A. Roxas Street > Dian Street"}}, {"type": "Feature", "geometry": {"type": "MultiLineString", "coordinates": [[[120.9952378906122, 14.562595410371378], [120.9950958, 14.5626023], [120.995183, 14.562337700000002], [120.995533, 14.560986999999997], [120.99557209999794, 14.560996400003068]], [[120.99557209999794, 14.560996400003068], [120.995533, 14.560986999999997], [120.9955802, 14.560782300000005], [120.9957141, 14.560180699999995], [120.99575664999769, 14.560190150003631]], [[120.99575664999769, 14.560190150003631], [120.9957141, 14.560180699999995], [120.99519970000001, 14.560100700000003], [120.9948939, 14.560053899999996], [120.99459030000001, 14.560000999999998], [120.99453429999998, 14.559991299999993]], [[120.99453429999998, 14.559991299999993], [120.9929656, 14.559729599999997]], [[120.9929656, 14.559729599999997], [120.99302710000002, 14.559562400000003], [120.9931263, 14.5592673], [120.993189, 14.5590552], [120.99328619999999, 14.5587027]], [[120.99328619999999, 14.5587027], [120.99332300000002, 14.558535399999998], [120.9933859, 14.558247899999996], [120.99343830000001, 14.558011500000001]], [[120.99343830000001, 14.558011500000001], [120.9933154, 14.5579732], [120.9931612, 14.557925199999998], [120.99281980000002, 14.557822599999998], [120.99198049999998, 14.557566199999997]], [[120.99198049999998, 14.557566199999997], [120.9906872, 14.557171099999998], [120.99070145000307, 14.557130300000846]], [[120.99070145000307, 14.557130300000846], [120.9907157, 14.557089500000004], [120.9901243, 14.5568832]], [[120.9901243, 14.5568832], [120.98979020000002, 14.5567664], [120.9897559, 14.5567544]], [[120.9897559, 14.5567544], [120.98943710000002, 14.5566431]], [[120.98943710000002, 14.5566431], [120.98913230000001, 14.556531699999997]], [[120.98913230000001, 14.556531699999997], [120.9885085, 14.556318900000003], [120.98841164998287, 14.556285100018215]]]}, "properties": {"event_key": "b41f9bd4a724a569", "role": "preferred_observed", "primary_reason": "Shortcut/Faster Route/Personal Preference/Familiar Road", "length_m": 1391.7, "road_names": "Taft Avenue > Menlo Street > Leveriza Street > Gotamco Street > E. Rodriguez Street"}}, {"type": "Feature", "geometry": {"type": "MultiLineString", "coordinates": [[[120.9952378906122, 14.562595410371378], [120.99521400000002, 14.5626692], [120.99518680000001, 14.562731400000002], [120.99478090000001, 14.563660699999998], [120.99472050000001, 14.5638015], [120.9944532, 14.564347900000001], [120.99443010000002, 14.564398400000004], [120.99436149998996, 14.56436945000896]], [[120.99436149998996, 14.56436945000896], [120.99443010000002, 14.564398400000004], [120.9943798, 14.564506], [120.99407250000002, 14.5651425], [120.994046, 14.565202700000002], [120.9939889, 14.565330400000006], [120.9939752, 14.565362799999999], [120.9939095999882, 14.565325750007856]], [[120.9939095999882, 14.565325750007856], [120.993844, 14.565288700000002], [120.99394350000001, 14.565084800000001], [120.99396230000002, 14.565044599999997], [120.99408090000001, 14.564795000000004], [120.99424330000001, 14.564450500000003], [120.9942929, 14.5643405], [120.99436149998996, 14.56436945000896]], [[120.99436149998996, 14.56436945000896], [120.9942929, 14.5643405], [120.99431729999999, 14.564290900000001], [120.9943319, 14.564259800000002], [120.9944733, 14.563954199999998], [120.994553, 14.563791099999998], [120.9945788, 14.563741999999998], [120.9946819, 14.563534799999998], [120.99469900000001, 14.5634968], [120.9948357, 14.5632037], [120.99485170000001, 14.563167299999998], [120.9950822, 14.562677500000003], [120.9950958, 14.5626023], [120.9952378906122, 14.562595410371378]], [[120.9952378906122, 14.562595410371378], [120.9950958, 14.5626023], [120.99501990000002, 14.562569999999997], [120.9948096, 14.562454], [120.99435360000001, 14.561757600000005]], [[120.99435360000001, 14.561757600000005], [120.99410229999998, 14.561528800000001], [120.9941596000134, 14.561476450008872]], [[120.9941596000134, 14.561476450008872], [120.99410229999998, 14.561528800000001], [120.9940337, 14.561467800000003], [120.9939538, 14.561401200000002], [120.9938419, 14.561325800000004], [120.9937307, 14.561270399999998], [120.99381133713109, 14.561230570051167]], [[120.99381133713109, 14.561230570051167], [120.9937307, 14.561270399999998], [120.993475, 14.5612274], [120.9932503, 14.561182500000001], [120.9928588, 14.561092899999998], [120.99258791067642, 14.560978420064938]], [[120.99258791067642, 14.560978420064938], [120.99231080000001, 14.560907799999995], [120.99221980000002, 14.5608851], [120.99151879999998, 14.5607109], [120.990773, 14.560525500000004], [120.9903859, 14.5604293], [120.9902701, 14.560400499999997], [120.98951630000002, 14.5602131], [120.98943620000001, 14.560193199999999]], [[120.98943620000001, 14.560193199999999], [120.98934050000001, 14.560168199999996], [120.98929409999998, 14.560151200000002], [120.98920990000002, 14.560130300000003], [120.98889400000002, 14.560051699999999]], [[120.98889400000002, 14.560051699999999], [120.988485, 14.559944999999997], [120.9875544, 14.559702099999997], [120.9874856, 14.559685599999996], [120.98740059999999, 14.559666200000002], [120.98718198783487, 14.559598078578414]], [[120.98718198783487, 14.559598078578414], [120.98740059999999, 14.559666200000002], [120.98744010000001, 14.5595536], [120.9876621, 14.558921], [120.98756639997964, 14.558878650017302]], [[120.98756639997964, 14.558878650017302], [120.9876621, 14.558921], [120.9878813, 14.558266399999999], [120.98764695848062, 14.558315464657962]], [[120.98764695848062, 14.558315464657962], [120.9878813, 14.558266399999999], [120.98813149999998, 14.5574703], [120.98830090000001, 14.5569294]], [[120.98830090000001, 14.5569294], [120.9884097, 14.556615400000002], [120.9885085, 14.556318900000003], [120.98841164998287, 14.556285100018215]]]}, "properties": {"event_key": "b41f9bd4a724a569", "role": "rejected_suggestion", "primary_reason": "Shortcut/Faster Route/Personal Preference/Familiar Road", "length_m": 2220.3, "road_names": "Taft Avenue > Pablo Ocampo Street > Roxas Boulevard Service Road"}}, {"type": "Feature", "geometry": {"type": "MultiLineString", "coordinates": [[[120.9985119, 14.563191300000002], [120.99862620000002, 14.5627993], [120.99878620000001, 14.562398600000002], [120.9989393, 14.562075], [120.99898630000001, 14.5620153], [120.99904959999999, 14.5619551]], [[120.99904959999999, 14.5619551], [120.999092, 14.5619979], [120.999401, 14.562309800000001]], [[120.999401, 14.562309800000001], [120.9996588, 14.562570100000002]], [[120.9996588, 14.562570100000002], [120.999921, 14.562834799999994]], [[120.999921, 14.562834799999994], [121.00020790000002, 14.5630774]], [[121.00020790000002, 14.5630774], [121.00045769999998, 14.5633449]], [[121.00045769999998, 14.5633449], [121.00071260000001, 14.5635872]], [[121.00071260000001, 14.5635872], [121.0007428, 14.5636156], [121.0009669, 14.563840599999997]]]}, "properties": {"event_key": "4eed1ab297ea8989", "role": "preferred_observed", "primary_reason": "Shortcut/Faster Route/Personal Preference/Familiar Road", "length_m": 444.9, "road_names": "Arellano Avenue > Zobel Roxas Street"}}, {"type": "Feature", "geometry": {"type": "MultiLineString", "coordinates": [[[120.9985119, 14.563191300000002], [120.9988721, 14.5633467]], [[120.9988721, 14.5633467], [120.99918850000002, 14.5635076]], [[120.99918850000002, 14.5635076], [120.999523, 14.563677600000002]], [[120.999523, 14.563677600000002], [120.9998118, 14.563824399999998]], [[120.9998118, 14.563824399999998], [121.0001292, 14.563985699999998]], [[121.0001292, 14.563985699999998], [121.00044079999999, 14.564144100000002]], [[121.00044079999999, 14.564144100000002], [121.00072790000002, 14.564289999999998]], [[121.00072790000002, 14.564289999999998], [121.0009669, 14.563840599999997]]]}, "properties": {"event_key": "4eed1ab297ea8989", "role": "rejected_suggestion", "primary_reason": "Shortcut/Faster Route/Personal Preference/Familiar Road", "length_m": 324.2, "road_names": "A. Roxas Street > Dian Street"}}, {"type": "Feature", "geometry": {"type": "MultiLineString", "coordinates": [[[120.9952378906122, 14.562595410371378], [120.9950958, 14.5626023], [120.995183, 14.562337700000002], [120.995533, 14.560986999999997], [120.99557209999794, 14.560996400003068]], [[120.99557209999794, 14.560996400003068], [120.995533, 14.560986999999997], [120.9955802, 14.560782300000005], [120.9957141, 14.560180699999995], [120.99575664999769, 14.560190150003631]], [[120.99575664999769, 14.560190150003631], [120.9957141, 14.560180699999995], [120.99519970000001, 14.560100700000003], [120.9948939, 14.560053899999996], [120.99459030000001, 14.560000999999998], [120.99453429999998, 14.559991299999993]], [[120.99453429999998, 14.559991299999993], [120.9929656, 14.559729599999997]], [[120.9929656, 14.559729599999997], [120.99302710000002, 14.559562400000003], [120.9931263, 14.5592673], [120.993189, 14.5590552], [120.99328619999999, 14.5587027]], [[120.99328619999999, 14.5587027], [120.99332300000002, 14.558535399999998], [120.9933859, 14.558247899999996], [120.99343830000001, 14.558011500000001]], [[120.99343830000001, 14.558011500000001], [120.9933154, 14.5579732], [120.9931612, 14.557925199999998], [120.99281980000002, 14.557822599999998], [120.99198049999998, 14.557566199999997]], [[120.99198049999998, 14.557566199999997], [120.9906872, 14.557171099999998], [120.99070145000307, 14.557130300000846]], [[120.99070145000307, 14.557130300000846], [120.9907157, 14.557089500000004], [120.9901243, 14.5568832]], [[120.9901243, 14.5568832], [120.98979020000002, 14.5567664], [120.9897559, 14.5567544]], [[120.9897559, 14.5567544], [120.98943710000002, 14.5566431]], [[120.98943710000002, 14.5566431], [120.98913230000001, 14.556531699999997]], [[120.98913230000001, 14.556531699999997], [120.9885085, 14.556318900000003], [120.98841164998287, 14.556285100018215]]]}, "properties": {"event_key": "7cb1bf16fffc5659", "role": "preferred_observed", "primary_reason": "Shortcut/Faster Route/Personal Preference/Familiar Road", "length_m": 1391.7, "road_names": "Taft Avenue > Menlo Street > Leveriza Street > Gotamco Street > E. Rodriguez Street"}}, {"type": "Feature", "geometry": {"type": "MultiLineString", "coordinates": [[[120.9952378906122, 14.562595410371378], [120.99521400000002, 14.5626692], [120.99518680000001, 14.562731400000002], [120.99478090000001, 14.563660699999998], [120.99472050000001, 14.5638015], [120.9944532, 14.564347900000001], [120.99443010000002, 14.564398400000004], [120.99436149998996, 14.56436945000896]], [[120.99436149998996, 14.56436945000896], [120.99443010000002, 14.564398400000004], [120.9943798, 14.564506], [120.99407250000002, 14.5651425], [120.994046, 14.565202700000002], [120.9939889, 14.565330400000006], [120.9939752, 14.565362799999999], [120.9939095999882, 14.565325750007856]], [[120.9939095999882, 14.565325750007856], [120.993844, 14.565288700000002], [120.99394350000001, 14.565084800000001], [120.99396230000002, 14.565044599999997], [120.99408090000001, 14.564795000000004], [120.99424330000001, 14.564450500000003], [120.9942929, 14.5643405], [120.99436149998996, 14.56436945000896]], [[120.99436149998996, 14.56436945000896], [120.9942929, 14.5643405], [120.99431729999999, 14.564290900000001], [120.9943319, 14.564259800000002], [120.9944733, 14.563954199999998], [120.994553, 14.563791099999998], [120.9945788, 14.563741999999998], [120.9946819, 14.563534799999998], [120.99469900000001, 14.5634968], [120.9948357, 14.5632037], [120.99485170000001, 14.563167299999998], [120.9950822, 14.562677500000003], [120.9950958, 14.5626023], [120.9952378906122, 14.562595410371378]], [[120.9952378906122, 14.562595410371378], [120.9950958, 14.5626023], [120.99501990000002, 14.562569999999997], [120.9948096, 14.562454], [120.99435360000001, 14.561757600000005]], [[120.99435360000001, 14.561757600000005], [120.99410229999998, 14.561528800000001], [120.9941596000134, 14.561476450008872]], [[120.9941596000134, 14.561476450008872], [120.99410229999998, 14.561528800000001], [120.9940337, 14.561467800000003], [120.9939538, 14.561401200000002], [120.9938419, 14.561325800000004], [120.9937307, 14.561270399999998], [120.99381133713109, 14.561230570051167]], [[120.99381133713109, 14.561230570051167], [120.9937307, 14.561270399999998], [120.993475, 14.5612274], [120.9932503, 14.561182500000001], [120.9928588, 14.561092899999998], [120.99258791067642, 14.560978420064938]], [[120.99258791067642, 14.560978420064938], [120.99231080000001, 14.560907799999995], [120.99221980000002, 14.5608851], [120.99151879999998, 14.5607109], [120.990773, 14.560525500000004], [120.9903859, 14.5604293], [120.9902701, 14.560400499999997], [120.98951630000002, 14.5602131], [120.98943620000001, 14.560193199999999]], [[120.98943620000001, 14.560193199999999], [120.98934050000001, 14.560168199999996], [120.98929409999998, 14.560151200000002], [120.98920990000002, 14.560130300000003], [120.98889400000002, 14.560051699999999]], [[120.98889400000002, 14.560051699999999], [120.988485, 14.559944999999997], [120.9875544, 14.559702099999997], [120.9874856, 14.559685599999996], [120.98740059999999, 14.559666200000002], [120.98718198783487, 14.559598078578414]], [[120.98718198783487, 14.559598078578414], [120.98740059999999, 14.559666200000002], [120.98744010000001, 14.5595536], [120.9876621, 14.558921], [120.98756639997964, 14.558878650017302]], [[120.98756639997964, 14.558878650017302], [120.9876621, 14.558921], [120.9878813, 14.558266399999999], [120.98764695848062, 14.558315464657962]], [[120.98764695848062, 14.558315464657962], [120.9878813, 14.558266399999999], [120.98813149999998, 14.5574703], [120.98830090000001, 14.5569294]], [[120.98830090000001, 14.5569294], [120.9884097, 14.556615400000002], [120.9885085, 14.556318900000003], [120.98841164998287, 14.556285100018215]]]}, "properties": {"event_key": "7cb1bf16fffc5659", "role": "rejected_suggestion", "primary_reason": "Shortcut/Faster Route/Personal Preference/Familiar Road", "length_m": 2220.3, "road_names": "Taft Avenue > Pablo Ocampo Street > Roxas Boulevard Service Road"}}, {"type": "Feature", "geometry": {"type": "MultiLineString", "coordinates": [[[120.9985119, 14.563191300000002], [120.99862620000002, 14.5627993], [120.99878620000001, 14.562398600000002], [120.9989393, 14.562075], [120.99898630000001, 14.5620153], [120.99904959999999, 14.5619551]], [[120.99904959999999, 14.5619551], [120.999092, 14.5619979], [120.999401, 14.562309800000001]], [[120.999401, 14.562309800000001], [120.9996588, 14.562570100000002]], [[120.9996588, 14.562570100000002], [120.999921, 14.562834799999994]], [[120.999921, 14.562834799999994], [121.00020790000002, 14.5630774]], [[121.00020790000002, 14.5630774], [121.00045769999998, 14.5633449]], [[121.00045769999998, 14.5633449], [121.00071260000001, 14.5635872]], [[121.00071260000001, 14.5635872], [121.0007428, 14.5636156], [121.0009669, 14.563840599999997]]]}, "properties": {"event_key": "7e1f2365e5cd808d", "role": "preferred_observed", "primary_reason": "Shortcut/Faster Route/Personal Preference/Familiar Road", "length_m": 444.9, "road_names": "Arellano Avenue > Zobel Roxas Street"}}, {"type": "Feature", "geometry": {"type": "MultiLineString", "coordinates": [[[120.9985119, 14.563191300000002], [120.9988721, 14.5633467]], [[120.9988721, 14.5633467], [120.99918850000002, 14.5635076]], [[120.99918850000002, 14.5635076], [120.999523, 14.563677600000002]], [[120.999523, 14.563677600000002], [120.9998118, 14.563824399999998]], [[120.9998118, 14.563824399999998], [121.0001292, 14.563985699999998]], [[121.0001292, 14.563985699999998], [121.00044079999999, 14.564144100000002]], [[121.00044079999999, 14.564144100000002], [121.00072790000002, 14.564289999999998]], [[121.00072790000002, 14.564289999999998], [121.0009669, 14.563840599999997]]]}, "properties": {"event_key": "7e1f2365e5cd808d", "role": "rejected_suggestion", "primary_reason": "Shortcut/Faster Route/Personal Preference/Familiar Road", "length_m": 324.2, "road_names": "A. Roxas Street > Dian Street"}}, {"type": "Feature", "geometry": {"type": "MultiLineString", "coordinates": [[[120.9952378906122, 14.562595410371378], [120.9950958, 14.5626023], [120.995183, 14.562337700000002], [120.995533, 14.560986999999997], [120.99557209999794, 14.560996400003068]], [[120.99557209999794, 14.560996400003068], [120.995533, 14.560986999999997], [120.9955802, 14.560782300000005], [120.9957141, 14.560180699999995], [120.99575664999769, 14.560190150003631]], [[120.99575664999769, 14.560190150003631], [120.9957141, 14.560180699999995], [120.99519970000001, 14.560100700000003], [120.9948939, 14.560053899999996], [120.99459030000001, 14.560000999999998], [120.99453429999998, 14.559991299999993]], [[120.99453429999998, 14.559991299999993], [120.9929656, 14.559729599999997]], [[120.9929656, 14.559729599999997], [120.99302710000002, 14.559562400000003], [120.9931263, 14.5592673], [120.993189, 14.5590552], [120.99328619999999, 14.5587027]], [[120.99328619999999, 14.5587027], [120.99332300000002, 14.558535399999998], [120.9933859, 14.558247899999996], [120.99343830000001, 14.558011500000001]], [[120.99343830000001, 14.558011500000001], [120.9933154, 14.5579732], [120.9931612, 14.557925199999998], [120.99281980000002, 14.557822599999998], [120.99198049999998, 14.557566199999997]], [[120.99198049999998, 14.557566199999997], [120.9906872, 14.557171099999998], [120.99070145000307, 14.557130300000846]], [[120.99070145000307, 14.557130300000846], [120.9907157, 14.557089500000004], [120.9901243, 14.5568832]], [[120.9901243, 14.5568832], [120.98979020000002, 14.5567664], [120.9897559, 14.5567544]], [[120.9897559, 14.5567544], [120.98943710000002, 14.5566431]], [[120.98943710000002, 14.5566431], [120.98913230000001, 14.556531699999997]], [[120.98913230000001, 14.556531699999997], [120.9885085, 14.556318900000003], [120.98841164998287, 14.556285100018215]]]}, "properties": {"event_key": "03555ca1d4511ede", "role": "preferred_observed", "primary_reason": "Shortcut/Faster Route/Personal Preference/Familiar Road", "length_m": 1391.7, "road_names": "Taft Avenue > Menlo Street > Leveriza Street > Gotamco Street > E. Rodriguez Street"}}, {"type": "Feature", "geometry": {"type": "MultiLineString", "coordinates": [[[120.9952378906122, 14.562595410371378], [120.99521400000002, 14.5626692], [120.99518680000001, 14.562731400000002], [120.99478090000001, 14.563660699999998], [120.99472050000001, 14.5638015], [120.9944532, 14.564347900000001], [120.99443010000002, 14.564398400000004], [120.99436149998996, 14.56436945000896]], [[120.99436149998996, 14.56436945000896], [120.99443010000002, 14.564398400000004], [120.9943798, 14.564506], [120.99407250000002, 14.5651425], [120.994046, 14.565202700000002], [120.9939889, 14.565330400000006], [120.9939752, 14.565362799999999], [120.9939095999882, 14.565325750007856]], [[120.9939095999882, 14.565325750007856], [120.993844, 14.565288700000002], [120.99394350000001, 14.565084800000001], [120.99396230000002, 14.565044599999997], [120.99408090000001, 14.564795000000004], [120.99424330000001, 14.564450500000003], [120.9942929, 14.5643405], [120.99436149998996, 14.56436945000896]], [[120.99436149998996, 14.56436945000896], [120.9942929, 14.5643405], [120.99431729999999, 14.564290900000001], [120.9943319, 14.564259800000002], [120.9944733, 14.563954199999998], [120.994553, 14.563791099999998], [120.9945788, 14.563741999999998], [120.9946819, 14.563534799999998], [120.99469900000001, 14.5634968], [120.9948357, 14.5632037], [120.99485170000001, 14.563167299999998], [120.9950822, 14.562677500000003], [120.9950958, 14.5626023], [120.9952378906122, 14.562595410371378]], [[120.9952378906122, 14.562595410371378], [120.9950958, 14.5626023], [120.99501990000002, 14.562569999999997], [120.9948096, 14.562454], [120.99435360000001, 14.561757600000005]], [[120.99435360000001, 14.561757600000005], [120.99410229999998, 14.561528800000001], [120.9941596000134, 14.561476450008872]], [[120.9941596000134, 14.561476450008872], [120.99410229999998, 14.561528800000001], [120.9940337, 14.561467800000003], [120.9939538, 14.561401200000002], [120.9938419, 14.561325800000004], [120.9937307, 14.561270399999998], [120.99381133713109, 14.561230570051167]], [[120.99381133713109, 14.561230570051167], [120.9937307, 14.561270399999998], [120.993475, 14.5612274], [120.9932503, 14.561182500000001], [120.9928588, 14.561092899999998], [120.99258791067642, 14.560978420064938]], [[120.99258791067642, 14.560978420064938], [120.99231080000001, 14.560907799999995], [120.99221980000002, 14.5608851], [120.99151879999998, 14.5607109], [120.990773, 14.560525500000004], [120.9903859, 14.5604293], [120.9902701, 14.560400499999997], [120.98951630000002, 14.5602131], [120.98943620000001, 14.560193199999999]], [[120.98943620000001, 14.560193199999999], [120.98934050000001, 14.560168199999996], [120.98929409999998, 14.560151200000002], [120.98920990000002, 14.560130300000003], [120.98889400000002, 14.560051699999999]], [[120.98889400000002, 14.560051699999999], [120.988485, 14.559944999999997], [120.9875544, 14.559702099999997], [120.9874856, 14.559685599999996], [120.98740059999999, 14.559666200000002], [120.98718198783487, 14.559598078578414]], [[120.98718198783487, 14.559598078578414], [120.98740059999999, 14.559666200000002], [120.98744010000001, 14.5595536], [120.9876621, 14.558921], [120.98756639997964, 14.558878650017302]], [[120.98756639997964, 14.558878650017302], [120.9876621, 14.558921], [120.9878813, 14.558266399999999], [120.98764695848062, 14.558315464657962]], [[120.98764695848062, 14.558315464657962], [120.9878813, 14.558266399999999], [120.98813149999998, 14.5574703], [120.98830090000001, 14.5569294]], [[120.98830090000001, 14.5569294], [120.9884097, 14.556615400000002], [120.9885085, 14.556318900000003], [120.98841164998287, 14.556285100018215]]]}, "properties": {"event_key": "03555ca1d4511ede", "role": "rejected_suggestion", "primary_reason": "Shortcut/Faster Route/Personal Preference/Familiar Road", "length_m": 2220.3, "road_names": "Taft Avenue > Pablo Ocampo Street > Roxas Boulevard Service Road"}}, {"type": "Feature", "geometry": {"type": "MultiLineString", "coordinates": [[[120.9952378906122, 14.562595410371378], [120.9950958, 14.5626023], [120.995183, 14.562337700000002], [120.995533, 14.560986999999997], [120.99557209999794, 14.560996400003068]], [[120.99557209999794, 14.560996400003068], [120.995533, 14.560986999999997], [120.9955802, 14.560782300000005], [120.9957141, 14.560180699999995], [120.99575664999769, 14.560190150003631]], [[120.99575664999769, 14.560190150003631], [120.9957141, 14.560180699999995], [120.99519970000001, 14.560100700000003], [120.9948939, 14.560053899999996], [120.99459030000001, 14.560000999999998], [120.99453429999998, 14.559991299999993]], [[120.99453429999998, 14.559991299999993], [120.9929656, 14.559729599999997]], [[120.9929656, 14.559729599999997], [120.99302710000002, 14.559562400000003], [120.9931263, 14.5592673], [120.993189, 14.5590552], [120.99328619999999, 14.5587027]], [[120.99328619999999, 14.5587027], [120.99332300000002, 14.558535399999998], [120.9933859, 14.558247899999996], [120.99343830000001, 14.558011500000001]], [[120.99343830000001, 14.558011500000001], [120.9933154, 14.5579732], [120.9931612, 14.557925199999998], [120.99281980000002, 14.557822599999998], [120.99198049999998, 14.557566199999997]], [[120.99198049999998, 14.557566199999997], [120.9906872, 14.557171099999998], [120.99070145000307, 14.557130300000846]], [[120.99070145000307, 14.557130300000846], [120.9907157, 14.557089500000004], [120.9901243, 14.5568832]], [[120.9901243, 14.5568832], [120.98979020000002, 14.5567664], [120.9897559, 14.5567544]], [[120.9897559, 14.5567544], [120.98943710000002, 14.5566431]], [[120.98943710000002, 14.5566431], [120.98913230000001, 14.556531699999997]], [[120.98913230000001, 14.556531699999997], [120.9885085, 14.556318900000003], [120.98841164998287, 14.556285100018215]]]}, "properties": {"event_key": "aa90381cb281886a", "role": "preferred_observed", "primary_reason": "Shortcut/Faster Route/Personal Preference/Familiar Road", "length_m": 1391.7, "road_names": "Taft Avenue > Menlo Street > Leveriza Street > Gotamco Street > E. Rodriguez Street"}}, {"type": "Feature", "geometry": {"type": "MultiLineString", "coordinates": [[[120.9952378906122, 14.562595410371378], [120.99521400000002, 14.5626692], [120.99518680000001, 14.562731400000002], [120.99478090000001, 14.563660699999998], [120.99472050000001, 14.5638015], [120.9944532, 14.564347900000001], [120.99443010000002, 14.564398400000004], [120.99436149998996, 14.56436945000896]], [[120.99436149998996, 14.56436945000896], [120.99443010000002, 14.564398400000004], [120.9943798, 14.564506], [120.99407250000002, 14.5651425], [120.994046, 14.565202700000002], [120.9939889, 14.565330400000006], [120.9939752, 14.565362799999999], [120.9939095999882, 14.565325750007856]], [[120.9939095999882, 14.565325750007856], [120.993844, 14.565288700000002], [120.99394350000001, 14.565084800000001], [120.99396230000002, 14.565044599999997], [120.99408090000001, 14.564795000000004], [120.99424330000001, 14.564450500000003], [120.9942929, 14.5643405], [120.99436149998996, 14.56436945000896]], [[120.99436149998996, 14.56436945000896], [120.9942929, 14.5643405], [120.99431729999999, 14.564290900000001], [120.9943319, 14.564259800000002], [120.9944733, 14.563954199999998], [120.994553, 14.563791099999998], [120.9945788, 14.563741999999998], [120.9946819, 14.563534799999998], [120.99469900000001, 14.5634968], [120.9948357, 14.5632037], [120.99485170000001, 14.563167299999998], [120.9950822, 14.562677500000003], [120.9950958, 14.5626023], [120.9952378906122, 14.562595410371378]], [[120.9952378906122, 14.562595410371378], [120.9950958, 14.5626023], [120.99501990000002, 14.562569999999997], [120.9948096, 14.562454], [120.99435360000001, 14.561757600000005]], [[120.99435360000001, 14.561757600000005], [120.99410229999998, 14.561528800000001], [120.9941596000134, 14.561476450008872]], [[120.9941596000134, 14.561476450008872], [120.99410229999998, 14.561528800000001], [120.9940337, 14.561467800000003], [120.9939538, 14.561401200000002], [120.9938419, 14.561325800000004], [120.9937307, 14.561270399999998], [120.99381133713109, 14.561230570051167]], [[120.99381133713109, 14.561230570051167], [120.9937307, 14.561270399999998], [120.993475, 14.5612274], [120.9932503, 14.561182500000001], [120.9928588, 14.561092899999998], [120.99258791067642, 14.560978420064938]], [[120.99258791067642, 14.560978420064938], [120.99231080000001, 14.560907799999995], [120.99221980000002, 14.5608851], [120.99151879999998, 14.5607109], [120.990773, 14.560525500000004], [120.9903859, 14.5604293], [120.9902701, 14.560400499999997], [120.98951630000002, 14.5602131], [120.98943620000001, 14.560193199999999]], [[120.98943620000001, 14.560193199999999], [120.98934050000001, 14.560168199999996], [120.98929409999998, 14.560151200000002], [120.98920990000002, 14.560130300000003], [120.98889400000002, 14.560051699999999]], [[120.98889400000002, 14.560051699999999], [120.988485, 14.559944999999997], [120.9875544, 14.559702099999997], [120.9874856, 14.559685599999996], [120.98740059999999, 14.559666200000002], [120.98718198783487, 14.559598078578414]], [[120.98718198783487, 14.559598078578414], [120.98740059999999, 14.559666200000002], [120.98744010000001, 14.5595536], [120.9876621, 14.558921], [120.98756639997964, 14.558878650017302]], [[120.98756639997964, 14.558878650017302], [120.9876621, 14.558921], [120.9878813, 14.558266399999999], [120.98764695848062, 14.558315464657962]], [[120.98764695848062, 14.558315464657962], [120.9878813, 14.558266399999999], [120.98813149999998, 14.5574703], [120.98830090000001, 14.5569294]], [[120.98830090000001, 14.5569294], [120.9884097, 14.556615400000002], [120.9885085, 14.556318900000003], [120.98841164998287, 14.556285100018215]]]}, "properties": {"event_key": "aa90381cb281886a", "role": "rejected_suggestion", "primary_reason": "Shortcut/Faster Route/Personal Preference/Familiar Road", "length_m": 2220.3, "road_names": "Taft Avenue > Pablo Ocampo Street > Roxas Boulevard Service Road"}}, {"type": "Feature", "geometry": {"type": "MultiLineString", "coordinates": [[[120.9985119, 14.563191300000002], [120.99862620000002, 14.5627993], [120.99878620000001, 14.562398600000002], [120.9989393, 14.562075], [120.99898630000001, 14.5620153], [120.99904959999999, 14.5619551]], [[120.99904959999999, 14.5619551], [120.999092, 14.5619979], [120.999401, 14.562309800000001]], [[120.999401, 14.562309800000001], [120.9996588, 14.562570100000002]], [[120.9996588, 14.562570100000002], [120.999921, 14.562834799999994]], [[120.999921, 14.562834799999994], [121.00020790000002, 14.5630774]], [[121.00020790000002, 14.5630774], [121.00045769999998, 14.5633449]], [[121.00045769999998, 14.5633449], [121.00071260000001, 14.5635872]], [[121.00071260000001, 14.5635872], [121.0007428, 14.5636156], [121.0009669, 14.563840599999997]]]}, "properties": {"event_key": "498bdcc6ef0bffd7", "role": "preferred_observed", "primary_reason": "Shortcut/Faster Route/Personal Preference/Familiar Road", "length_m": 444.9, "road_names": "Arellano Avenue > Zobel Roxas Street"}}, {"type": "Feature", "geometry": {"type": "MultiLineString", "coordinates": [[[120.9985119, 14.563191300000002], [120.9988721, 14.5633467]], [[120.9988721, 14.5633467], [120.99918850000002, 14.5635076]], [[120.99918850000002, 14.5635076], [120.999523, 14.563677600000002]], [[120.999523, 14.563677600000002], [120.9998118, 14.563824399999998]], [[120.9998118, 14.563824399999998], [121.0001292, 14.563985699999998]], [[121.0001292, 14.563985699999998], [121.00044079999999, 14.564144100000002]], [[121.00044079999999, 14.564144100000002], [121.00072790000002, 14.564289999999998]], [[121.00072790000002, 14.564289999999998], [121.0009669, 14.563840599999997]]]}, "properties": {"event_key": "498bdcc6ef0bffd7", "role": "rejected_suggestion", "primary_reason": "Shortcut/Faster Route/Personal Preference/Familiar Road", "length_m": 324.2, "road_names": "A. Roxas Street > Dian Street"}}, {"type": "Feature", "geometry": {"type": "MultiLineString", "coordinates": [[[120.9952378906122, 14.562595410371378], [120.9950958, 14.5626023], [120.995183, 14.562337700000002], [120.995533, 14.560986999999997], [120.99557209999794, 14.560996400003068]], [[120.99557209999794, 14.560996400003068], [120.995533, 14.560986999999997], [120.9955802, 14.560782300000005], [120.9957141, 14.560180699999995], [120.99575664999769, 14.560190150003631]], [[120.99575664999769, 14.560190150003631], [120.9957141, 14.560180699999995], [120.99519970000001, 14.560100700000003], [120.9948939, 14.560053899999996], [120.99459030000001, 14.560000999999998], [120.99453429999998, 14.559991299999993]], [[120.99453429999998, 14.559991299999993], [120.9929656, 14.559729599999997]], [[120.9929656, 14.559729599999997], [120.99302710000002, 14.559562400000003], [120.9931263, 14.5592673], [120.993189, 14.5590552], [120.99328619999999, 14.5587027]], [[120.99328619999999, 14.5587027], [120.99332300000002, 14.558535399999998], [120.9933859, 14.558247899999996], [120.99343830000001, 14.558011500000001]], [[120.99343830000001, 14.558011500000001], [120.9933154, 14.5579732], [120.9931612, 14.557925199999998], [120.99281980000002, 14.557822599999998], [120.99198049999998, 14.557566199999997]], [[120.99198049999998, 14.557566199999997], [120.9906872, 14.557171099999998], [120.99070145000307, 14.557130300000846]], [[120.99070145000307, 14.557130300000846], [120.9907157, 14.557089500000004], [120.9901243, 14.5568832]], [[120.9901243, 14.5568832], [120.98979020000002, 14.5567664], [120.9897559, 14.5567544]], [[120.9897559, 14.5567544], [120.98943710000002, 14.5566431]], [[120.98943710000002, 14.5566431], [120.98913230000001, 14.556531699999997]], [[120.98913230000001, 14.556531699999997], [120.9885085, 14.556318900000003], [120.98841164998287, 14.556285100018215]]]}, "properties": {"event_key": "189d8964ff3ab015", "role": "preferred_observed", "primary_reason": "Shortcut/Faster Route/Personal Preference/Familiar Road", "length_m": 1391.7, "road_names": "Taft Avenue > Menlo Street > Leveriza Street > Gotamco Street > E. Rodriguez Street"}}, {"type": "Feature", "geometry": {"type": "MultiLineString", "coordinates": [[[120.9952378906122, 14.562595410371378], [120.99521400000002, 14.5626692], [120.99518680000001, 14.562731400000002], [120.99478090000001, 14.563660699999998], [120.99472050000001, 14.5638015], [120.9944532, 14.564347900000001], [120.99443010000002, 14.564398400000004], [120.99436149998996, 14.56436945000896]], [[120.99436149998996, 14.56436945000896], [120.99443010000002, 14.564398400000004], [120.9943798, 14.564506], [120.99407250000002, 14.5651425], [120.994046, 14.565202700000002], [120.9939889, 14.565330400000006], [120.9939752, 14.565362799999999], [120.9939095999882, 14.565325750007856]], [[120.9939095999882, 14.565325750007856], [120.993844, 14.565288700000002], [120.99394350000001, 14.565084800000001], [120.99396230000002, 14.565044599999997], [120.99408090000001, 14.564795000000004], [120.99424330000001, 14.564450500000003], [120.9942929, 14.5643405], [120.99436149998996, 14.56436945000896]], [[120.99436149998996, 14.56436945000896], [120.9942929, 14.5643405], [120.99431729999999, 14.564290900000001], [120.9943319, 14.564259800000002], [120.9944733, 14.563954199999998], [120.994553, 14.563791099999998], [120.9945788, 14.563741999999998], [120.9946819, 14.563534799999998], [120.99469900000001, 14.5634968], [120.9948357, 14.5632037], [120.99485170000001, 14.563167299999998], [120.9950822, 14.562677500000003], [120.9950958, 14.5626023], [120.9952378906122, 14.562595410371378]], [[120.9952378906122, 14.562595410371378], [120.9950958, 14.5626023], [120.99501990000002, 14.562569999999997], [120.9948096, 14.562454], [120.99435360000001, 14.561757600000005]], [[120.99435360000001, 14.561757600000005], [120.99410229999998, 14.561528800000001], [120.9941596000134, 14.561476450008872]], [[120.9941596000134, 14.561476450008872], [120.99410229999998, 14.561528800000001], [120.9940337, 14.561467800000003], [120.9939538, 14.561401200000002], [120.9938419, 14.561325800000004], [120.9937307, 14.561270399999998], [120.99381133713109, 14.561230570051167]], [[120.99381133713109, 14.561230570051167], [120.9937307, 14.561270399999998], [120.993475, 14.5612274], [120.9932503, 14.561182500000001], [120.9928588, 14.561092899999998], [120.99258791067642, 14.560978420064938]], [[120.99258791067642, 14.560978420064938], [120.99231080000001, 14.560907799999995], [120.99221980000002, 14.5608851], [120.99151879999998, 14.5607109], [120.990773, 14.560525500000004], [120.9903859, 14.5604293], [120.9902701, 14.560400499999997], [120.98951630000002, 14.5602131], [120.98943620000001, 14.560193199999999]], [[120.98943620000001, 14.560193199999999], [120.98934050000001, 14.560168199999996], [120.98929409999998, 14.560151200000002], [120.98920990000002, 14.560130300000003], [120.98889400000002, 14.560051699999999]], [[120.98889400000002, 14.560051699999999], [120.988485, 14.559944999999997], [120.9875544, 14.559702099999997], [120.9874856, 14.559685599999996], [120.98740059999999, 14.559666200000002], [120.98718198783487, 14.559598078578414]], [[120.98718198783487, 14.559598078578414], [120.98740059999999, 14.559666200000002], [120.98744010000001, 14.5595536], [120.9876621, 14.558921], [120.98756639997964, 14.558878650017302]], [[120.98756639997964, 14.558878650017302], [120.9876621, 14.558921], [120.9878813, 14.558266399999999], [120.98764695848062, 14.558315464657962]], [[120.98764695848062, 14.558315464657962], [120.9878813, 14.558266399999999], [120.98813149999998, 14.5574703], [120.98830090000001, 14.5569294]], [[120.98830090000001, 14.5569294], [120.9884097, 14.556615400000002], [120.9885085, 14.556318900000003], [120.98841164998287, 14.556285100018215]]]}, "properties": {"event_key": "189d8964ff3ab015", "role": "rejected_suggestion", "primary_reason": "Shortcut/Faster Route/Personal Preference/Familiar Road", "length_m": 2220.3, "road_names": "Taft Avenue > Pablo Ocampo Street > Roxas Boulevard Service Road"}}, {"type": "Feature", "geometry": {"type": "MultiLineString", "coordinates": [[[120.9985119, 14.563191300000002], [120.99862620000002, 14.5627993], [120.99878620000001, 14.562398600000002], [120.9989393, 14.562075], [120.99898630000001, 14.5620153], [120.99904959999999, 14.5619551]], [[120.99904959999999, 14.5619551], [120.999092, 14.5619979], [120.999401, 14.562309800000001]], [[120.999401, 14.562309800000001], [120.9996588, 14.562570100000002]], [[120.9996588, 14.562570100000002], [120.999921, 14.562834799999994]], [[120.999921, 14.562834799999994], [121.00020790000002, 14.5630774]], [[121.00020790000002, 14.5630774], [121.00045769999998, 14.5633449]], [[121.00045769999998, 14.5633449], [121.00071260000001, 14.5635872]], [[121.00071260000001, 14.5635872], [121.0007428, 14.5636156], [121.0009669, 14.563840599999997]]]}, "properties": {"event_key": "3bd056dac1f94096", "role": "preferred_observed", "primary_reason": "Shortcut/Faster Route/Personal Preference/Familiar Road", "length_m": 444.9, "road_names": "Arellano Avenue > Zobel Roxas Street"}}, {"type": "Feature", "geometry": {"type": "MultiLineString", "coordinates": [[[120.9985119, 14.563191300000002], [120.9988721, 14.5633467]], [[120.9988721, 14.5633467], [120.99918850000002, 14.5635076]], [[120.99918850000002, 14.5635076], [120.999523, 14.563677600000002]], [[120.999523, 14.563677600000002], [120.9998118, 14.563824399999998]], [[120.9998118, 14.563824399999998], [121.0001292, 14.563985699999998]], [[121.0001292, 14.563985699999998], [121.00044079999999, 14.564144100000002]], [[121.00044079999999, 14.564144100000002], [121.00072790000002, 14.564289999999998]], [[121.00072790000002, 14.564289999999998], [121.0009669, 14.563840599999997]]]}, "properties": {"event_key": "3bd056dac1f94096", "role": "rejected_suggestion", "primary_reason": "Shortcut/Faster Route/Personal Preference/Familiar Road", "length_m": 324.2, "road_names": "A. Roxas Street > Dian Street"}}, {"type": "Feature", "geometry": {"type": "MultiLineString", "coordinates": [[[120.9952378906122, 14.562595410371378], [120.9950958, 14.5626023], [120.995183, 14.562337700000002], [120.995533, 14.560986999999997], [120.99557209999794, 14.560996400003068]], [[120.99557209999794, 14.560996400003068], [120.995533, 14.560986999999997], [120.9955802, 14.560782300000005], [120.9957141, 14.560180699999995], [120.99575664999769, 14.560190150003631]], [[120.99575664999769, 14.560190150003631], [120.9957141, 14.560180699999995], [120.99519970000001, 14.560100700000003], [120.9948939, 14.560053899999996], [120.99459030000001, 14.560000999999998], [120.99453429999998, 14.559991299999993]], [[120.99453429999998, 14.559991299999993], [120.9929656, 14.559729599999997]], [[120.9929656, 14.559729599999997], [120.99302710000002, 14.559562400000003], [120.9931263, 14.5592673], [120.993189, 14.5590552], [120.99328619999999, 14.5587027]], [[120.99328619999999, 14.5587027], [120.99332300000002, 14.558535399999998], [120.9933859, 14.558247899999996], [120.99343830000001, 14.558011500000001]], [[120.99343830000001, 14.558011500000001], [120.9933154, 14.5579732], [120.9931612, 14.557925199999998], [120.99281980000002, 14.557822599999998], [120.99198049999998, 14.557566199999997]], [[120.99198049999998, 14.557566199999997], [120.9906872, 14.557171099999998], [120.99070145000307, 14.557130300000846]], [[120.99070145000307, 14.557130300000846], [120.9907157, 14.557089500000004], [120.9901243, 14.5568832]], [[120.9901243, 14.5568832], [120.98979020000002, 14.5567664], [120.9897559, 14.5567544]], [[120.9897559, 14.5567544], [120.98943710000002, 14.5566431]], [[120.98943710000002, 14.5566431], [120.98913230000001, 14.556531699999997]], [[120.98913230000001, 14.556531699999997], [120.9885085, 14.556318900000003], [120.98841164998287, 14.556285100018215]]]}, "properties": {"event_key": "bf6f67f2effbb135", "role": "preferred_observed", "primary_reason": "Shortcut/Faster Route/Personal Preference/Familiar Road", "length_m": 1391.7, "road_names": "Taft Avenue > Menlo Street > Leveriza Street > Gotamco Street > E. Rodriguez Street"}}, {"type": "Feature", "geometry": {"type": "MultiLineString", "coordinates": [[[120.9952378906122, 14.562595410371378], [120.99521400000002, 14.5626692], [120.99518680000001, 14.562731400000002], [120.99478090000001, 14.563660699999998], [120.99472050000001, 14.5638015], [120.9944532, 14.564347900000001], [120.99443010000002, 14.564398400000004], [120.99436149998996, 14.56436945000896]], [[120.99436149998996, 14.56436945000896], [120.99443010000002, 14.564398400000004], [120.9943798, 14.564506], [120.99407250000002, 14.5651425], [120.994046, 14.565202700000002], [120.9939889, 14.565330400000006], [120.9939752, 14.565362799999999], [120.9939095999882, 14.565325750007856]], [[120.9939095999882, 14.565325750007856], [120.993844, 14.565288700000002], [120.99394350000001, 14.565084800000001], [120.99396230000002, 14.565044599999997], [120.99408090000001, 14.564795000000004], [120.99424330000001, 14.564450500000003], [120.9942929, 14.5643405], [120.99436149998996, 14.56436945000896]], [[120.99436149998996, 14.56436945000896], [120.9942929, 14.5643405], [120.99431729999999, 14.564290900000001], [120.9943319, 14.564259800000002], [120.9944733, 14.563954199999998], [120.994553, 14.563791099999998], [120.9945788, 14.563741999999998], [120.9946819, 14.563534799999998], [120.99469900000001, 14.5634968], [120.9948357, 14.5632037], [120.99485170000001, 14.563167299999998], [120.9950822, 14.562677500000003], [120.9950958, 14.5626023], [120.9952378906122, 14.562595410371378]], [[120.9952378906122, 14.562595410371378], [120.9950958, 14.5626023], [120.99501990000002, 14.562569999999997], [120.9948096, 14.562454], [120.99435360000001, 14.561757600000005]], [[120.99435360000001, 14.561757600000005], [120.99410229999998, 14.561528800000001], [120.9941596000134, 14.561476450008872]], [[120.9941596000134, 14.561476450008872], [120.99410229999998, 14.561528800000001], [120.9940337, 14.561467800000003], [120.9939538, 14.561401200000002], [120.9938419, 14.561325800000004], [120.9937307, 14.561270399999998], [120.99381133713109, 14.561230570051167]], [[120.99381133713109, 14.561230570051167], [120.9937307, 14.561270399999998], [120.993475, 14.5612274], [120.9932503, 14.561182500000001], [120.9928588, 14.561092899999998], [120.99258791067642, 14.560978420064938]], [[120.99258791067642, 14.560978420064938], [120.99231080000001, 14.560907799999995], [120.99221980000002, 14.5608851], [120.99151879999998, 14.5607109], [120.990773, 14.560525500000004], [120.9903859, 14.5604293], [120.9902701, 14.560400499999997], [120.98951630000002, 14.5602131], [120.98943620000001, 14.560193199999999]], [[120.98943620000001, 14.560193199999999], [120.98934050000001, 14.560168199999996], [120.98929409999998, 14.560151200000002], [120.98920990000002, 14.560130300000003], [120.98889400000002, 14.560051699999999]], [[120.98889400000002, 14.560051699999999], [120.988485, 14.559944999999997], [120.9875544, 14.559702099999997], [120.9874856, 14.559685599999996], [120.98740059999999, 14.559666200000002], [120.98718198783487, 14.559598078578414]], [[120.98718198783487, 14.559598078578414], [120.98740059999999, 14.559666200000002], [120.98744010000001, 14.5595536], [120.9876621, 14.558921], [120.98756639997964, 14.558878650017302]], [[120.98756639997964, 14.558878650017302], [120.9876621, 14.558921], [120.9878813, 14.558266399999999], [120.98764695848062, 14.558315464657962]], [[120.98764695848062, 14.558315464657962], [120.9878813, 14.558266399999999], [120.98813149999998, 14.5574703], [120.98830090000001, 14.5569294]], [[120.98830090000001, 14.5569294], [120.9884097, 14.556615400000002], [120.9885085, 14.556318900000003], [120.98841164998287, 14.556285100018215]]]}, "properties": {"event_key": "bf6f67f2effbb135", "role": "rejected_suggestion", "primary_reason": "Shortcut/Faster Route/Personal Preference/Familiar Road", "length_m": 2220.3, "road_names": "Taft Avenue > Pablo Ocampo Street > Roxas Boulevard Service Road"}}, {"type": "Feature", "geometry": {"type": "MultiLineString", "coordinates": [[[120.9985119, 14.563191300000002], [120.99862620000002, 14.5627993], [120.99878620000001, 14.562398600000002], [120.9989393, 14.562075], [120.99898630000001, 14.5620153], [120.99904959999999, 14.5619551]], [[120.99904959999999, 14.5619551], [120.999092, 14.5619979], [120.999401, 14.562309800000001]], [[120.999401, 14.562309800000001], [120.9996588, 14.562570100000002]], [[120.9996588, 14.562570100000002], [120.999921, 14.562834799999994]], [[120.999921, 14.562834799999994], [121.00020790000002, 14.5630774]], [[121.00020790000002, 14.5630774], [121.00045769999998, 14.5633449]], [[121.00045769999998, 14.5633449], [121.00071260000001, 14.5635872]], [[121.00071260000001, 14.5635872], [121.0007428, 14.5636156], [121.0009669, 14.563840599999997]]]}, "properties": {"event_key": "f3eba6b726ab621b", "role": "preferred_observed", "primary_reason": "Shortcut/Faster Route/Personal Preference/Familiar Road", "length_m": 444.9, "road_names": "Arellano Avenue > Zobel Roxas Street"}}, {"type": "Feature", "geometry": {"type": "MultiLineString", "coordinates": [[[120.9985119, 14.563191300000002], [120.9988721, 14.5633467]], [[120.9988721, 14.5633467], [120.99918850000002, 14.5635076]], [[120.99918850000002, 14.5635076], [120.999523, 14.563677600000002]], [[120.999523, 14.563677600000002], [120.9998118, 14.563824399999998]], [[120.9998118, 14.563824399999998], [121.0001292, 14.563985699999998]], [[121.0001292, 14.563985699999998], [121.00044079999999, 14.564144100000002]], [[121.00044079999999, 14.564144100000002], [121.00072790000002, 14.564289999999998]], [[121.00072790000002, 14.564289999999998], [121.0009669, 14.563840599999997]]]}, "properties": {"event_key": "f3eba6b726ab621b", "role": "rejected_suggestion", "primary_reason": "Shortcut/Faster Route/Personal Preference/Familiar Road", "length_m": 324.2, "road_names": "A. Roxas Street > Dian Street"}}, {"type": "Feature", "geometry": {"type": "MultiLineString", "coordinates": [[[120.9985119, 14.563191300000002], [120.99862620000002, 14.5627993], [120.99878620000001, 14.562398600000002], [120.9989393, 14.562075], [120.99898630000001, 14.5620153], [120.99904959999999, 14.5619551]], [[120.99904959999999, 14.5619551], [120.999092, 14.5619979], [120.999401, 14.562309800000001]], [[120.999401, 14.562309800000001], [120.9996588, 14.562570100000002]], [[120.9996588, 14.562570100000002], [120.999921, 14.562834799999994]], [[120.999921, 14.562834799999994], [121.00020790000002, 14.5630774]], [[121.00020790000002, 14.5630774], [121.00045769999998, 14.5633449]], [[121.00045769999998, 14.5633449], [121.00071260000001, 14.5635872]], [[121.00071260000001, 14.5635872], [121.0007428, 14.5636156], [121.0009669, 14.563840599999997]]]}, "properties": {"event_key": "78c02a2944ed8bae", "role": "preferred_observed", "primary_reason": "Shortcut/Faster Route/Personal Preference/Familiar Road", "length_m": 444.9, "road_names": "Arellano Avenue > Zobel Roxas Street"}}, {"type": "Feature", "geometry": {"type": "MultiLineString", "coordinates": [[[120.9985119, 14.563191300000002], [120.9988721, 14.5633467]], [[120.9988721, 14.5633467], [120.99918850000002, 14.5635076]], [[120.99918850000002, 14.5635076], [120.999523, 14.563677600000002]], [[120.999523, 14.563677600000002], [120.9998118, 14.563824399999998]], [[120.9998118, 14.563824399999998], [121.0001292, 14.563985699999998]], [[121.0001292, 14.563985699999998], [121.00044079999999, 14.564144100000002]], [[121.00044079999999, 14.564144100000002], [121.00072790000002, 14.564289999999998]], [[121.00072790000002, 14.564289999999998], [121.0009669, 14.563840599999997]]]}, "properties": {"event_key": "78c02a2944ed8bae", "role": "rejected_suggestion", "primary_reason": "Shortcut/Faster Route/Personal Preference/Familiar Road", "length_m": 324.2, "road_names": "A. Roxas Street > Dian Street"}}, {"type": "Feature", "geometry": {"type": "MultiLineString", "coordinates": [[[120.9952378906122, 14.562595410371378], [120.9950958, 14.5626023], [120.995183, 14.562337700000002], [120.995533, 14.560986999999997], [120.99557209999794, 14.560996400003068]], [[120.99557209999794, 14.560996400003068], [120.995533, 14.560986999999997], [120.9955802, 14.560782300000005], [120.9957141, 14.560180699999995], [120.99575664999769, 14.560190150003631]], [[120.99575664999769, 14.560190150003631], [120.9957141, 14.560180699999995], [120.99519970000001, 14.560100700000003], [120.9948939, 14.560053899999996], [120.99459030000001, 14.560000999999998], [120.99453429999998, 14.559991299999993]], [[120.99453429999998, 14.559991299999993], [120.9929656, 14.559729599999997]], [[120.9929656, 14.559729599999997], [120.99302710000002, 14.559562400000003], [120.9931263, 14.5592673], [120.993189, 14.5590552], [120.99328619999999, 14.5587027]], [[120.99328619999999, 14.5587027], [120.99332300000002, 14.558535399999998], [120.9933859, 14.558247899999996], [120.99343830000001, 14.558011500000001]], [[120.99343830000001, 14.558011500000001], [120.9933154, 14.5579732], [120.9931612, 14.557925199999998], [120.99281980000002, 14.557822599999998], [120.99198049999998, 14.557566199999997]], [[120.99198049999998, 14.557566199999997], [120.9906872, 14.557171099999998], [120.99070145000307, 14.557130300000846]], [[120.99070145000307, 14.557130300000846], [120.9907157, 14.557089500000004], [120.9901243, 14.5568832]], [[120.9901243, 14.5568832], [120.98979020000002, 14.5567664], [120.9897559, 14.5567544]], [[120.9897559, 14.5567544], [120.98943710000002, 14.5566431]], [[120.98943710000002, 14.5566431], [120.98913230000001, 14.556531699999997]], [[120.98913230000001, 14.556531699999997], [120.9885085, 14.556318900000003], [120.98841164998287, 14.556285100018215]]]}, "properties": {"event_key": "b35d43cd16d17e26", "role": "preferred_observed", "primary_reason": "Shortcut/Faster Route/Personal Preference/Familiar Road", "length_m": 1391.7, "road_names": "Taft Avenue > Menlo Street > Leveriza Street > Gotamco Street > E. Rodriguez Street"}}, {"type": "Feature", "geometry": {"type": "MultiLineString", "coordinates": [[[120.9952378906122, 14.562595410371378], [120.99521400000002, 14.5626692], [120.99518680000001, 14.562731400000002], [120.99478090000001, 14.563660699999998], [120.99472050000001, 14.5638015], [120.9944532, 14.564347900000001], [120.99443010000002, 14.564398400000004], [120.99436149998996, 14.56436945000896]], [[120.99436149998996, 14.56436945000896], [120.99443010000002, 14.564398400000004], [120.9943798, 14.564506], [120.99407250000002, 14.5651425], [120.994046, 14.565202700000002], [120.9939889, 14.565330400000006], [120.9939752, 14.565362799999999], [120.9939095999882, 14.565325750007856]], [[120.9939095999882, 14.565325750007856], [120.993844, 14.565288700000002], [120.99394350000001, 14.565084800000001], [120.99396230000002, 14.565044599999997], [120.99408090000001, 14.564795000000004], [120.99424330000001, 14.564450500000003], [120.9942929, 14.5643405], [120.99436149998996, 14.56436945000896]], [[120.99436149998996, 14.56436945000896], [120.9942929, 14.5643405], [120.99431729999999, 14.564290900000001], [120.9943319, 14.564259800000002], [120.9944733, 14.563954199999998], [120.994553, 14.563791099999998], [120.9945788, 14.563741999999998], [120.9946819, 14.563534799999998], [120.99469900000001, 14.5634968], [120.9948357, 14.5632037], [120.99485170000001, 14.563167299999998], [120.9950822, 14.562677500000003], [120.9950958, 14.5626023], [120.9952378906122, 14.562595410371378]], [[120.9952378906122, 14.562595410371378], [120.9950958, 14.5626023], [120.99501990000002, 14.562569999999997], [120.9948096, 14.562454], [120.99435360000001, 14.561757600000005]], [[120.99435360000001, 14.561757600000005], [120.99410229999998, 14.561528800000001], [120.9941596000134, 14.561476450008872]], [[120.9941596000134, 14.561476450008872], [120.99410229999998, 14.561528800000001], [120.9940337, 14.561467800000003], [120.9939538, 14.561401200000002], [120.9938419, 14.561325800000004], [120.9937307, 14.561270399999998], [120.99381133713109, 14.561230570051167]], [[120.99381133713109, 14.561230570051167], [120.9937307, 14.561270399999998], [120.993475, 14.5612274], [120.9932503, 14.561182500000001], [120.9928588, 14.561092899999998], [120.99258791067642, 14.560978420064938]], [[120.99258791067642, 14.560978420064938], [120.99231080000001, 14.560907799999995], [120.99221980000002, 14.5608851], [120.99151879999998, 14.5607109], [120.990773, 14.560525500000004], [120.9903859, 14.5604293], [120.9902701, 14.560400499999997], [120.98951630000002, 14.5602131], [120.98943620000001, 14.560193199999999]], [[120.98943620000001, 14.560193199999999], [120.98934050000001, 14.560168199999996], [120.98929409999998, 14.560151200000002], [120.98920990000002, 14.560130300000003], [120.98889400000002, 14.560051699999999]], [[120.98889400000002, 14.560051699999999], [120.988485, 14.559944999999997], [120.9875544, 14.559702099999997], [120.9874856, 14.559685599999996], [120.98740059999999, 14.559666200000002], [120.98718198783487, 14.559598078578414]], [[120.98718198783487, 14.559598078578414], [120.98740059999999, 14.559666200000002], [120.98744010000001, 14.5595536], [120.9876621, 14.558921], [120.98756639997964, 14.558878650017302]], [[120.98756639997964, 14.558878650017302], [120.9876621, 14.558921], [120.9878813, 14.558266399999999], [120.98764695848062, 14.558315464657962]], [[120.98764695848062, 14.558315464657962], [120.9878813, 14.558266399999999], [120.98813149999998, 14.5574703], [120.98830090000001, 14.5569294]], [[120.98830090000001, 14.5569294], [120.9884097, 14.556615400000002], [120.9885085, 14.556318900000003], [120.98841164998287, 14.556285100018215]]]}, "properties": {"event_key": "b35d43cd16d17e26", "role": "rejected_suggestion", "primary_reason": "Shortcut/Faster Route/Personal Preference/Familiar Road", "length_m": 2220.3, "road_names": "Taft Avenue > Pablo Ocampo Street > Roxas Boulevard Service Road"}}, {"type": "Feature", "geometry": {"type": "MultiLineString", "coordinates": [[[120.9985119, 14.563191300000002], [120.99862620000002, 14.5627993], [120.99878620000001, 14.562398600000002], [120.9989393, 14.562075], [120.99898630000001, 14.5620153], [120.99904959999999, 14.5619551]], [[120.99904959999999, 14.5619551], [120.999092, 14.5619979], [120.999401, 14.562309800000001]], [[120.999401, 14.562309800000001], [120.9996588, 14.562570100000002]], [[120.9996588, 14.562570100000002], [120.999921, 14.562834799999994]], [[120.999921, 14.562834799999994], [121.00020790000002, 14.5630774]], [[121.00020790000002, 14.5630774], [121.00045769999998, 14.5633449]], [[121.00045769999998, 14.5633449], [121.00071260000001, 14.5635872]], [[121.00071260000001, 14.5635872], [121.0007428, 14.5636156], [121.0009669, 14.563840599999997]]]}, "properties": {"event_key": "69d542fb5a3c76d9", "role": "preferred_observed", "primary_reason": "Shortcut/Faster Route/Personal Preference/Familiar Road", "length_m": 444.9, "road_names": "Arellano Avenue > Zobel Roxas Street"}}, {"type": "Feature", "geometry": {"type": "MultiLineString", "coordinates": [[[120.9985119, 14.563191300000002], [120.9988721, 14.5633467]], [[120.9988721, 14.5633467], [120.99918850000002, 14.5635076]], [[120.99918850000002, 14.5635076], [120.999523, 14.563677600000002]], [[120.999523, 14.563677600000002], [120.9998118, 14.563824399999998]], [[120.9998118, 14.563824399999998], [121.0001292, 14.563985699999998]], [[121.0001292, 14.563985699999998], [121.00044079999999, 14.564144100000002]], [[121.00044079999999, 14.564144100000002], [121.00072790000002, 14.564289999999998]], [[121.00072790000002, 14.564289999999998], [121.0009669, 14.563840599999997]]]}, "properties": {"event_key": "69d542fb5a3c76d9", "role": "rejected_suggestion", "primary_reason": "Shortcut/Faster Route/Personal Preference/Familiar Road", "length_m": 324.2, "road_names": "A. Roxas Street > Dian Street"}}, {"type": "Feature", "geometry": {"type": "MultiLineString", "coordinates": [[[120.9952378906122, 14.562595410371378], [120.9950958, 14.5626023], [120.995183, 14.562337700000002], [120.995533, 14.560986999999997], [120.99557209999794, 14.560996400003068]], [[120.99557209999794, 14.560996400003068], [120.995533, 14.560986999999997], [120.9955802, 14.560782300000005], [120.9957141, 14.560180699999995], [120.99575664999769, 14.560190150003631]], [[120.99575664999769, 14.560190150003631], [120.9957141, 14.560180699999995], [120.99519970000001, 14.560100700000003], [120.9948939, 14.560053899999996], [120.99459030000001, 14.560000999999998], [120.99453429999998, 14.559991299999993]], [[120.99453429999998, 14.559991299999993], [120.9929656, 14.559729599999997]], [[120.9929656, 14.559729599999997], [120.99302710000002, 14.559562400000003], [120.9931263, 14.5592673], [120.993189, 14.5590552], [120.99328619999999, 14.5587027]], [[120.99328619999999, 14.5587027], [120.99332300000002, 14.558535399999998], [120.9933859, 14.558247899999996], [120.99343830000001, 14.558011500000001]], [[120.99343830000001, 14.558011500000001], [120.9933154, 14.5579732], [120.9931612, 14.557925199999998], [120.99281980000002, 14.557822599999998], [120.99198049999998, 14.557566199999997]], [[120.99198049999998, 14.557566199999997], [120.9906872, 14.557171099999998], [120.99070145000307, 14.557130300000846]], [[120.99070145000307, 14.557130300000846], [120.9907157, 14.557089500000004], [120.9901243, 14.5568832]], [[120.9901243, 14.5568832], [120.98979020000002, 14.5567664], [120.9897559, 14.5567544]], [[120.9897559, 14.5567544], [120.98943710000002, 14.5566431]], [[120.98943710000002, 14.5566431], [120.98913230000001, 14.556531699999997]], [[120.98913230000001, 14.556531699999997], [120.9885085, 14.556318900000003], [120.98841164998287, 14.556285100018215]]]}, "properties": {"event_key": "dd2d7bfd30e0324d", "role": "preferred_observed", "primary_reason": "Shortcut/Faster Route/Personal Preference/Familiar Road", "length_m": 1391.7, "road_names": "Taft Avenue > Menlo Street > Leveriza Street > Gotamco Street > E. Rodriguez Street"}}, {"type": "Feature", "geometry": {"type": "MultiLineString", "coordinates": [[[120.9952378906122, 14.562595410371378], [120.99521400000002, 14.5626692], [120.99518680000001, 14.562731400000002], [120.99478090000001, 14.563660699999998], [120.99472050000001, 14.5638015], [120.9944532, 14.564347900000001], [120.99443010000002, 14.564398400000004], [120.99436149998996, 14.56436945000896]], [[120.99436149998996, 14.56436945000896], [120.99443010000002, 14.564398400000004], [120.9943798, 14.564506], [120.99407250000002, 14.5651425], [120.994046, 14.565202700000002], [120.9939889, 14.565330400000006], [120.9939752, 14.565362799999999], [120.9939095999882, 14.565325750007856]], [[120.9939095999882, 14.565325750007856], [120.993844, 14.565288700000002], [120.99394350000001, 14.565084800000001], [120.99396230000002, 14.565044599999997], [120.99408090000001, 14.564795000000004], [120.99424330000001, 14.564450500000003], [120.9942929, 14.5643405], [120.99436149998996, 14.56436945000896]], [[120.99436149998996, 14.56436945000896], [120.9942929, 14.5643405], [120.99431729999999, 14.564290900000001], [120.9943319, 14.564259800000002], [120.9944733, 14.563954199999998], [120.994553, 14.563791099999998], [120.9945788, 14.563741999999998], [120.9946819, 14.563534799999998], [120.99469900000001, 14.5634968], [120.9948357, 14.5632037], [120.99485170000001, 14.563167299999998], [120.9950822, 14.562677500000003], [120.9950958, 14.5626023], [120.9952378906122, 14.562595410371378]], [[120.9952378906122, 14.562595410371378], [120.9950958, 14.5626023], [120.99501990000002, 14.562569999999997], [120.9948096, 14.562454], [120.99435360000001, 14.561757600000005]], [[120.99435360000001, 14.561757600000005], [120.99410229999998, 14.561528800000001], [120.9941596000134, 14.561476450008872]], [[120.9941596000134, 14.561476450008872], [120.99410229999998, 14.561528800000001], [120.9940337, 14.561467800000003], [120.9939538, 14.561401200000002], [120.9938419, 14.561325800000004], [120.9937307, 14.561270399999998], [120.99381133713109, 14.561230570051167]], [[120.99381133713109, 14.561230570051167], [120.9937307, 14.561270399999998], [120.993475, 14.5612274], [120.9932503, 14.561182500000001], [120.9928588, 14.561092899999998], [120.99258791067642, 14.560978420064938]], [[120.99258791067642, 14.560978420064938], [120.99231080000001, 14.560907799999995], [120.99221980000002, 14.5608851], [120.99151879999998, 14.5607109], [120.990773, 14.560525500000004], [120.9903859, 14.5604293], [120.9902701, 14.560400499999997], [120.98951630000002, 14.5602131], [120.98943620000001, 14.560193199999999]], [[120.98943620000001, 14.560193199999999], [120.98934050000001, 14.560168199999996], [120.98929409999998, 14.560151200000002], [120.98920990000002, 14.560130300000003], [120.98889400000002, 14.560051699999999]], [[120.98889400000002, 14.560051699999999], [120.988485, 14.559944999999997], [120.9875544, 14.559702099999997], [120.9874856, 14.559685599999996], [120.98740059999999, 14.559666200000002], [120.98718198783487, 14.559598078578414]], [[120.98718198783487, 14.559598078578414], [120.98740059999999, 14.559666200000002], [120.98744010000001, 14.5595536], [120.9876621, 14.558921], [120.98756639997964, 14.558878650017302]], [[120.98756639997964, 14.558878650017302], [120.9876621, 14.558921], [120.9878813, 14.558266399999999], [120.98764695848062, 14.558315464657962]], [[120.98764695848062, 14.558315464657962], [120.9878813, 14.558266399999999], [120.98813149999998, 14.5574703], [120.98830090000001, 14.5569294]], [[120.98830090000001, 14.5569294], [120.9884097, 14.556615400000002], [120.9885085, 14.556318900000003], [120.98841164998287, 14.556285100018215]]]}, "properties": {"event_key": "dd2d7bfd30e0324d", "role": "rejected_suggestion", "primary_reason": "Shortcut/Faster Route/Personal Preference/Familiar Road", "length_m": 2220.3, "road_names": "Taft Avenue > Pablo Ocampo Street > Roxas Boulevard Service Road"}}, {"type": "Feature", "geometry": {"type": "MultiLineString", "coordinates": [[[120.9985119, 14.563191300000002], [120.99862620000002, 14.5627993], [120.99878620000001, 14.562398600000002], [120.9989393, 14.562075], [120.99898630000001, 14.5620153], [120.99904959999999, 14.5619551]], [[120.99904959999999, 14.5619551], [120.999092, 14.5619979], [120.999401, 14.562309800000001]], [[120.999401, 14.562309800000001], [120.9996588, 14.562570100000002]], [[120.9996588, 14.562570100000002], [120.999921, 14.562834799999994]], [[120.999921, 14.562834799999994], [121.00020790000002, 14.5630774]], [[121.00020790000002, 14.5630774], [121.00045769999998, 14.5633449]], [[121.00045769999998, 14.5633449], [121.00071260000001, 14.5635872]], [[121.00071260000001, 14.5635872], [121.0007428, 14.5636156], [121.0009669, 14.563840599999997]]]}, "properties": {"event_key": "d02f6e318590cef6", "role": "preferred_observed", "primary_reason": "Shortcut/Faster Route/Personal Preference/Familiar Road", "length_m": 444.9, "road_names": "Arellano Avenue > Zobel Roxas Street"}}, {"type": "Feature", "geometry": {"type": "MultiLineString", "coordinates": [[[120.9985119, 14.563191300000002], [120.9988721, 14.5633467]], [[120.9988721, 14.5633467], [120.99918850000002, 14.5635076]], [[120.99918850000002, 14.5635076], [120.999523, 14.563677600000002]], [[120.999523, 14.563677600000002], [120.9998118, 14.563824399999998]], [[120.9998118, 14.563824399999998], [121.0001292, 14.563985699999998]], [[121.0001292, 14.563985699999998], [121.00044079999999, 14.564144100000002]], [[121.00044079999999, 14.564144100000002], [121.00072790000002, 14.564289999999998]], [[121.00072790000002, 14.564289999999998], [121.0009669, 14.563840599999997]]]}, "properties": {"event_key": "d02f6e318590cef6", "role": "rejected_suggestion", "primary_reason": "Shortcut/Faster Route/Personal Preference/Familiar Road", "length_m": 324.2, "road_names": "A. Roxas Street > Dian Street"}}, {"type": "Feature", "geometry": {"type": "MultiLineString", "coordinates": [[[120.9952378906122, 14.562595410371378], [120.9950958, 14.5626023], [120.995183, 14.562337700000002], [120.995533, 14.560986999999997], [120.99557209999794, 14.560996400003068]], [[120.99557209999794, 14.560996400003068], [120.995533, 14.560986999999997], [120.9955802, 14.560782300000005], [120.9957141, 14.560180699999995], [120.99575664999769, 14.560190150003631]], [[120.99575664999769, 14.560190150003631], [120.9957141, 14.560180699999995], [120.99519970000001, 14.560100700000003], [120.9948939, 14.560053899999996], [120.99459030000001, 14.560000999999998], [120.99453429999998, 14.559991299999993]], [[120.99453429999998, 14.559991299999993], [120.9929656, 14.559729599999997]], [[120.9929656, 14.559729599999997], [120.99302710000002, 14.559562400000003], [120.9931263, 14.5592673], [120.993189, 14.5590552], [120.99328619999999, 14.5587027]], [[120.99328619999999, 14.5587027], [120.99332300000002, 14.558535399999998], [120.9933859, 14.558247899999996], [120.99343830000001, 14.558011500000001]], [[120.99343830000001, 14.558011500000001], [120.9933154, 14.5579732], [120.9931612, 14.557925199999998], [120.99281980000002, 14.557822599999998], [120.99198049999998, 14.557566199999997]], [[120.99198049999998, 14.557566199999997], [120.9906872, 14.557171099999998], [120.99070145000307, 14.557130300000846]], [[120.99070145000307, 14.557130300000846], [120.9907157, 14.557089500000004], [120.9901243, 14.5568832]], [[120.9901243, 14.5568832], [120.98979020000002, 14.5567664], [120.9897559, 14.5567544]], [[120.9897559, 14.5567544], [120.98943710000002, 14.5566431]], [[120.98943710000002, 14.5566431], [120.98913230000001, 14.556531699999997]], [[120.98913230000001, 14.556531699999997], [120.9885085, 14.556318900000003], [120.98841164998287, 14.556285100018215]]]}, "properties": {"event_key": "d6edd43aaf4351ff", "role": "preferred_observed", "primary_reason": "Shortcut/Faster Route/Personal Preference/Familiar Road", "length_m": 1391.7, "road_names": "Taft Avenue > Menlo Street > Leveriza Street > Gotamco Street > E. Rodriguez Street"}}, {"type": "Feature", "geometry": {"type": "MultiLineString", "coordinates": [[[120.9952378906122, 14.562595410371378], [120.99521400000002, 14.5626692], [120.99518680000001, 14.562731400000002], [120.99478090000001, 14.563660699999998], [120.99472050000001, 14.5638015], [120.9944532, 14.564347900000001], [120.99443010000002, 14.564398400000004], [120.99436149998996, 14.56436945000896]], [[120.99436149998996, 14.56436945000896], [120.99443010000002, 14.564398400000004], [120.9943798, 14.564506], [120.99407250000002, 14.5651425], [120.994046, 14.565202700000002], [120.9939889, 14.565330400000006], [120.9939752, 14.565362799999999], [120.9939095999882, 14.565325750007856]], [[120.9939095999882, 14.565325750007856], [120.993844, 14.565288700000002], [120.99394350000001, 14.565084800000001], [120.99396230000002, 14.565044599999997], [120.99408090000001, 14.564795000000004], [120.99424330000001, 14.564450500000003], [120.9942929, 14.5643405], [120.99436149998996, 14.56436945000896]], [[120.99436149998996, 14.56436945000896], [120.9942929, 14.5643405], [120.99431729999999, 14.564290900000001], [120.9943319, 14.564259800000002], [120.9944733, 14.563954199999998], [120.994553, 14.563791099999998], [120.9945788, 14.563741999999998], [120.9946819, 14.563534799999998], [120.99469900000001, 14.5634968], [120.9948357, 14.5632037], [120.99485170000001, 14.563167299999998], [120.9950822, 14.562677500000003], [120.9950958, 14.5626023], [120.9952378906122, 14.562595410371378]], [[120.9952378906122, 14.562595410371378], [120.9950958, 14.5626023], [120.99501990000002, 14.562569999999997], [120.9948096, 14.562454], [120.99435360000001, 14.561757600000005]], [[120.99435360000001, 14.561757600000005], [120.99410229999998, 14.561528800000001], [120.9941596000134, 14.561476450008872]], [[120.9941596000134, 14.561476450008872], [120.99410229999998, 14.561528800000001], [120.9940337, 14.561467800000003], [120.9939538, 14.561401200000002], [120.9938419, 14.561325800000004], [120.9937307, 14.561270399999998], [120.99381133713109, 14.561230570051167]], [[120.99381133713109, 14.561230570051167], [120.9937307, 14.561270399999998], [120.993475, 14.5612274], [120.9932503, 14.561182500000001], [120.9928588, 14.561092899999998], [120.99258791067642, 14.560978420064938]], [[120.99258791067642, 14.560978420064938], [120.99231080000001, 14.560907799999995], [120.99221980000002, 14.5608851], [120.99151879999998, 14.5607109], [120.990773, 14.560525500000004], [120.9903859, 14.5604293], [120.9902701, 14.560400499999997], [120.98951630000002, 14.5602131], [120.98943620000001, 14.560193199999999]], [[120.98943620000001, 14.560193199999999], [120.98934050000001, 14.560168199999996], [120.98929409999998, 14.560151200000002], [120.98920990000002, 14.560130300000003], [120.98889400000002, 14.560051699999999]], [[120.98889400000002, 14.560051699999999], [120.988485, 14.559944999999997], [120.9875544, 14.559702099999997], [120.9874856, 14.559685599999996], [120.98740059999999, 14.559666200000002], [120.98718198783487, 14.559598078578414]], [[120.98718198783487, 14.559598078578414], [120.98740059999999, 14.559666200000002], [120.98744010000001, 14.5595536], [120.9876621, 14.558921], [120.98756639997964, 14.558878650017302]], [[120.98756639997964, 14.558878650017302], [120.9876621, 14.558921], [120.9878813, 14.558266399999999], [120.98764695848062, 14.558315464657962]], [[120.98764695848062, 14.558315464657962], [120.9878813, 14.558266399999999], [120.98813149999998, 14.5574703], [120.98830090000001, 14.5569294]], [[120.98830090000001, 14.5569294], [120.9884097, 14.556615400000002], [120.9885085, 14.556318900000003], [120.98841164998287, 14.556285100018215]]]}, "properties": {"event_key": "d6edd43aaf4351ff", "role": "rejected_suggestion", "primary_reason": "Shortcut/Faster Route/Personal Preference/Familiar Road", "length_m": 2220.3, "road_names": "Taft Avenue > Pablo Ocampo Street > Roxas Boulevard Service Road"}}]}