routeId,rideId,type,routePoints,sequence,generatedAt,remainingTravelTimeOriginal,remainingTravelTimeNew,remainingDistanceOriginal,remainingDistanceNew
route-1784871766544-8185,3fbSxwzOxepchACHthvs,Initial Route,"[{'lat': 14.562427, 'lng': 120.994792}, {'lat': 14.562454, 'lng': 120.99481}, {'lat': 14.56257, 'lng': 120.99502}, {'lat': 14.562602, 'lng': 120.995096}, {'lat': 14.562338, 'lng': 120.995183}, {'lat': 14.560987, 'lng': 120.995533}, {'lat': 14.560782, 'lng': 120.99558}, {'lat': 14.560181, 'lng': 120.995714}, {'lat': 14.560101, 'lng': 120.9952}, {'lat': 14.560082, 'lng': 120.995073}]",1,1784871766544,,120,,386.131
route-1784871797468-2277,3fbSxwzOxepchACHthvs,Regenerated Route,"[{'lat': 14.56163, 'lng': 120.994213}, {'lat': 14.561529, 'lng': 120.994102}, {'lat': 14.561424, 'lng': 120.994217}, {'lat': 14.561758, 'lng': 120.994354}, {'lat': 14.562454, 'lng': 120.99481}, {'lat': 14.56257, 'lng': 120.99502}, {'lat': 14.562602, 'lng': 120.995096}, {'lat': 14.562338, 'lng': 120.995183}, {'lat': 14.560987, 'lng': 120.995533}, {'lat': 14.560782, 'lng': 120.99558}, {'lat': 14.560181, 'lng': 120.995714}, {'lat': 14.560101, 'lng': 120.9952}, {'lat': 14.560082, 'lng': 120.995073}]",2,1784871797468,120.0,120,386.131,547.843
route-1784872280850-1841,y7SNNRVVOTkrM0dTVYZh,Initial Route,"[{'lat': 14.560055, 'lng': 120.995743}, {'lat': 14.559528, 'lng': 120.995867}, {'lat': 14.559544, 'lng': 120.995951}, {'lat': 14.5602, 'lng': 120.995799}, {'lat': 14.560181, 'lng': 120.995714}, {'lat': 14.560101, 'lng': 120.9952}, {'lat': 14.560054, 'lng': 120.994894}, {'lat': 14.560001, 'lng': 120.99459}, {'lat': 14.559991, 'lng': 120.994534}, {'lat': 14.560209, 'lng': 120.994461}, {'lat': 14.560913, 'lng': 120.994078}, {'lat': 14.561092, 'lng': 120.993979}, {'lat': 14.561217, 'lng': 120.993901}, {'lat': 14.561228, 'lng': 120.993924}, {'lat': 14.561353, 'lng': 120.994146}, {'lat': 14.561424, 'lng': 120.994217}, {'lat': 14.561529, 'lng': 120.994102}, {'lat': 14.561468, 'lng': 120.994034}, {'lat': 14.561401, 'lng': 120.993954}, {'lat': 14.561326, 'lng': 120.993842}, {'lat': 14.56127, 'lng': 120.993731}, {'lat': 14.561227, 'lng': 120.993475}, {'lat': 14.561182, 'lng': 120.99325}, {'lat': 14.561093, 'lng': 120.992859}, {'lat': 14.561112, 'lng': 120.992713}, {'lat': 14.561151, 'lng': 120.992572}, {'lat': 14.561171, 'lng': 120.992526}, {'lat': 14.561209, 'lng': 120.992438}, {'lat': 14.561284, 'lng': 120.992314}, {'lat': 14.562339, 'lng': 120.991738}, {'lat': 14.56313, 'lng': 120.99132}]",1,1784872280850,,240,,934.471
route-1784872680376-5090,3JLVbzdWcL1bOtqewCB4,Initial Route,"[{'lat': 14.562679, 'lng': 120.991558}, {'lat': 14.564007, 'lng': 120.990856}, {'lat': 14.563929, 'lng': 120.990708}, {'lat': 14.562275, 'lng': 120.991608}, {'lat': 14.561268, 'lng': 120.992126}, {'lat': 14.560997, 'lng': 120.992266}, {'lat': 14.560908, 'lng': 120.992311}, {'lat': 14.560885, 'lng': 120.99222}, {'lat': 14.560711, 'lng': 120.991519}, {'lat': 14.560525, 'lng': 120.990773}, {'lat': 14.560429, 'lng': 120.990386}, {'lat': 14.5604, 'lng': 120.99027}, {'lat': 14.560213, 'lng': 120.989516}, {'lat': 14.560193, 'lng': 120.989436}, {'lat': 14.560168, 'lng': 120.98934}, {'lat': 14.560151, 'lng': 120.989294}, {'lat': 14.56013, 'lng': 120.98921}, {'lat': 14.560052, 'lng': 120.988894}, {'lat': 14.559945, 'lng': 120.988485}, {'lat': 14.559702, 'lng': 120.987554}, {'lat': 14.559686, 'lng': 120.987486}, {'lat': 14.559666, 'lng': 120.987401}, {'lat': 14.559654, 'lng': 120.987223}, {'lat': 14.559643, 'lng': 120.987132}, {'lat': 14.559607, 'lng': 120.987006}, {'lat': 14.559495, 'lng': 120.987051}, {'lat': 14.559403, 'lng': 120.987088}, {'lat': 14.55879, 'lng': 120.987336}, {'lat': 14.558452, 'lng': 120.987478}, {'lat': 14.55842, 'lng': 120.987424}, {'lat': 14.558383, 'lng': 120.987363}, {'lat': 14.558157, 'lng': 120.98695}, {'lat': 14.558037, 'lng': 120.986729}, {'lat': 14.557965, 'lng': 120.986596}, {'lat': 14.557838, 'lng': 120.986362}, {'lat': 14.557505, 'lng': 120.985748}, {'lat': 14.557363, 'lng': 120.985486}, {'lat': 14.557226, 'lng': 120.985228}, {'lat': 14.557116, 'lng': 120.985019}, {'lat': 14.556998, 'lng': 120.984796}, {'lat': 14.556898, 'lng': 120.984609}, {'lat': 14.556592, 'lng': 120.984031}, {'lat': 14.556557, 'lng': 120.983966}, {'lat': 14.556505, 'lng': 120.983868}, {'lat': 14.556472, 'lng': 120.983806}, {'lat': 14.55622, 'lng': 120.983329}, {'lat': 14.555981, 'lng': 120.982884}, {'lat': 14.55582, 'lng': 120.982583}, {'lat': 14.55579, 'lng': 120.982527}, {'lat': 14.555731, 'lng': 120.982413}, {'lat': 14.555595, 'lng': 120.982487}, {'lat': 14.555656, 'lng': 120.982601}, {'lat': 14.556084, 'lng': 120.983404}, {'lat': 14.556138, 'lng': 120.983507}, {'lat': 14.556336, 'lng': 120.983878}, {'lat': 14.556369, 'lng': 120.983941}, {'lat': 14.556425, 'lng': 120.984045}, {'lat': 14.556455, 'lng': 120.984102}, {'lat': 14.556519, 'lng': 120.984222}, {'lat': 14.556601, 'lng': 120.984377}, {'lat': 14.556708, 'lng': 120.984573}, {'lat': 14.556764, 'lng': 120.984684}, {'lat': 14.556809, 'lng': 120.984768}, {'lat': 14.556397, 'lng': 120.985003}, {'lat': 14.556357, 'lng': 120.985026}, {'lat': 14.555786, 'lng': 120.985349}, {'lat': 14.55574, 'lng': 120.985376}]",1,1784872680376,,540,,2348.304
route-1784873806017-7141,wIPO1j96ud6El1nYbscc,Initial Route,"[{'lat': 14.552975, 'lng': 120.987472}, {'lat': 14.55227, 'lng': 120.987663}, {'lat': 14.552175, 'lng': 120.987693}, {'lat': 14.552116, 'lng': 120.987712}, {'lat': 14.551982, 'lng': 120.987754}, {'lat': 14.551935, 'lng': 120.987769}, {'lat': 14.551905, 'lng': 120.987687}, {'lat': 14.551881, 'lng': 120.987609}, {'lat': 14.551768, 'lng': 120.987207}, {'lat': 14.5517, 'lng': 120.986969}, {'lat': 14.551612, 'lng': 120.986695}, {'lat': 14.551553, 'lng': 120.986509}, {'lat': 14.551494, 'lng': 120.986321}, {'lat': 14.551463, 'lng': 120.98621}, {'lat': 14.551402, 'lng': 120.985996}, {'lat': 14.551298, 'lng': 120.985954}, {'lat': 14.55136, 'lng': 120.986162}, {'lat': 14.551401, 'lng': 120.9863}, {'lat': 14.551473, 'lng': 120.986531}, {'lat': 14.551671, 'lng': 120.987178}, {'lat': 14.551691, 'lng': 120.987238}, {'lat': 14.551731, 'lng': 120.987382}, {'lat': 14.551744, 'lng': 120.987436}, {'lat': 14.551752, 'lng': 120.987472}, {'lat': 14.551755, 'lng': 120.98749}, {'lat': 14.551766, 'lng': 120.987563}, {'lat': 14.551772, 'lng': 120.98764}, {'lat': 14.551785, 'lng': 120.987911}, {'lat': 14.551789, 'lng': 120.987984}, {'lat': 14.551801, 'lng': 120.988166}, {'lat': 14.551808, 'lng': 120.988221}, {'lat': 14.551846, 'lng': 120.988495}, {'lat': 14.551889, 'lng': 120.98863}, {'lat': 14.551954, 'lng': 120.98883}, {'lat': 14.552008, 'lng': 120.988998}, {'lat': 14.552062, 'lng': 120.989164}, {'lat': 14.552091, 'lng': 120.989253}, {'lat': 14.55212, 'lng': 120.989341}, {'lat': 14.552137, 'lng': 120.989399}, {'lat': 14.552211, 'lng': 120.989638}, {'lat': 14.552255, 'lng': 120.989802}, {'lat': 14.552292, 'lng': 120.989923}, {'lat': 14.55236, 'lng': 120.990148}, {'lat': 14.552377, 'lng': 120.990168}, {'lat': 14.552388, 'lng': 120.990177}, {'lat': 14.552404, 'lng': 120.990187}, {'lat': 14.552423, 'lng': 120.990195}, {'lat': 14.552443, 'lng': 120.990199}, {'lat': 14.552471, 'lng': 120.990201}, {'lat': 14.552488, 'lng': 120.990198}, {'lat': 14.552504, 'lng': 120.990193}, {'lat': 14.552523, 'lng': 120.990185}, {'lat': 14.552538, 'lng': 120.990173}, {'lat': 14.552554, 'lng': 120.990158}, {'lat': 14.552566, 'lng': 120.990138}, {'lat': 14.552575, 'lng': 120.990112}, {'lat': 14.552578, 'lng': 120.990093}, {'lat': 14.552578, 'lng': 120.990075}, {'lat': 14.552574, 'lng': 120.990033}, {'lat': 14.552538, 'lng': 120.989919}, {'lat': 14.552517, 'lng': 120.989852}, {'lat': 14.552481, 'lng': 120.989737}, {'lat': 14.552432, 'lng': 120.989569}, {'lat': 14.552578, 'lng': 120.989524}, {'lat': 14.552771, 'lng': 120.989464}, {'lat': 14.5535, 'lng': 120.989247}, {'lat': 14.554367, 'lng': 120.988957}, {'lat': 14.554516, 'lng': 120.988894}, {'lat': 14.554572, 'lng': 120.988861}, {'lat': 14.554625, 'lng': 120.988819}, {'lat': 14.554766, 'lng': 120.988774}, {'lat': 14.556251, 'lng': 120.988315}, {'lat': 14.556861, 'lng': 120.98812}, {'lat': 14.558213, 'lng': 120.9877}, {'lat': 14.558453, 'lng': 120.987616}, {'lat': 14.558619, 'lng': 120.987557}, {'lat': 14.558836, 'lng': 120.987471}, {'lat': 14.558921, 'lng': 120.987662}, {'lat': 14.559554, 'lng': 120.98744}, {'lat': 14.559666, 'lng': 120.987401}, {'lat': 14.559686, 'lng': 120.987486}, {'lat': 14.559702, 'lng': 120.987554}, {'lat': 14.559945, 'lng': 120.988485}, {'lat': 14.560052, 'lng': 120.988894}, {'lat': 14.56013, 'lng': 120.98921}, {'lat': 14.560151, 'lng': 120.989294}, {'lat': 14.560168, 'lng': 120.98934}, {'lat': 14.560193, 'lng': 120.989436}, {'lat': 14.560213, 'lng': 120.989516}, {'lat': 14.5604, 'lng': 120.99027}, {'lat': 14.560429, 'lng': 120.990386}, {'lat': 14.560525, 'lng': 120.990773}, {'lat': 14.560711, 'lng': 120.991519}, {'lat': 14.560885, 'lng': 120.99222}, {'lat': 14.560908, 'lng': 120.992311}, {'lat': 14.560926, 'lng': 120.992391}, {'lat': 14.560929, 'lng': 120.992495}, {'lat': 14.560947, 'lng': 120.992642}, {'lat': 14.561087, 'lng': 120.993154}, {'lat': 14.561102, 'lng': 120.993265}, {'lat': 14.561131, 'lng': 120.993477}, {'lat': 14.561153, 'lng': 120.993626}, {'lat': 14.561192, 'lng': 120.993794}, {'lat': 14.561217, 'lng': 120.993901}, {'lat': 14.561228, 'lng': 120.993924}, {'lat': 14.561353, 'lng': 120.994146}, {'lat': 14.561424, 'lng': 120.994217}, {'lat': 14.561758, 'lng': 120.994354}, {'lat': 14.561877, 'lng': 120.994432}, {'lat': 14.561878, 'lng': 120.994432}]",1,1784873806017,,600,,2571.266
route-1784876375907-3728,fsyywUuXJq0Pkixim4IZ,Initial Route,"[{'lat': 14.562334, 'lng': 120.994732}, {'lat': 14.562454, 'lng': 120.99481}, {'lat': 14.56257, 'lng': 120.99502}, {'lat': 14.562602, 'lng': 120.995096}, {'lat': 14.562632, 'lng': 120.99514}, {'lat': 14.562669, 'lng': 120.995214}, {'lat': 14.562699, 'lng': 120.995294}, {'lat': 14.562722, 'lng': 120.995362}, {'lat': 14.562907, 'lng': 120.995803}, {'lat': 14.562954, 'lng': 120.995906}, {'lat': 14.56299, 'lng': 120.99599}, {'lat': 14.563132, 'lng': 120.996294}, {'lat': 14.563376, 'lng': 120.996849}, {'lat': 14.563484, 'lng': 120.997096}, {'lat': 14.563689, 'lng': 120.997545}, {'lat': 14.56371, 'lng': 120.997583}, {'lat': 14.563769, 'lng': 120.997712}, {'lat': 14.563874, 'lng': 120.997912}, {'lat': 14.563887, 'lng': 120.997937}, {'lat': 14.563944, 'lng': 120.998045}, {'lat': 14.564062, 'lng': 120.998273}, {'lat': 14.56336, 'lng': 120.998463}, {'lat': 14.563191, 'lng': 120.998512}, {'lat': 14.563347, 'lng': 120.998872}, {'lat': 14.563508, 'lng': 120.999188}, {'lat': 14.563678, 'lng': 120.999523}, {'lat': 14.563824, 'lng': 120.999812}, {'lat': 14.563986, 'lng': 121.000129}, {'lat': 14.564144, 'lng': 121.000441}, {'lat': 14.56429, 'lng': 121.000728}, {'lat': 14.563841, 'lng': 121.000967}, {'lat': 14.563713, 'lng': 121.00104}, {'lat': 14.563612, 'lng': 121.001108}, {'lat': 14.563377, 'lng': 121.001257}, {'lat': 14.562992, 'lng': 121.001516}, {'lat': 14.562592, 'lng': 121.001764}, {'lat': 14.562436, 'lng': 121.001863}]",1,1784876375907,,300,,1038.705
route-1784876519846-3867,fsyywUuXJq0Pkixim4IZ,Regenerated Route,"[{'lat': 14.562267, 'lng': 120.998848}, {'lat': 14.562075, 'lng': 120.998939}, {'lat': 14.562015, 'lng': 120.998986}, {'lat': 14.561955, 'lng': 120.99905}, {'lat': 14.561998, 'lng': 120.999092}, {'lat': 14.56231, 'lng': 120.999401}, {'lat': 14.56257, 'lng': 120.999659}, {'lat': 14.562835, 'lng': 120.999921}, {'lat': 14.563077, 'lng': 121.000208}, {'lat': 14.563345, 'lng': 121.000458}, {'lat': 14.563587, 'lng': 121.000713}, {'lat': 14.563616, 'lng': 121.000743}, {'lat': 14.563841, 'lng': 121.000967}, {'lat': 14.563713, 'lng': 121.00104}, {'lat': 14.563612, 'lng': 121.001108}, {'lat': 14.563377, 'lng': 121.001257}, {'lat': 14.562992, 'lng': 121.001516}, {'lat': 14.562592, 'lng': 121.001764}, {'lat': 14.562436, 'lng': 121.001863}]",2,1784876519846,300.0,120,1038.705,520.018
route-1784904884844-4037,6wha8XEmrhYk7bMuxxcm,Initial Route,"[{'lat': 14.541675, 'lng': 120.981874}, {'lat': 14.541646, 'lng': 120.981754}, {'lat': 14.541546, 'lng': 120.981776}, {'lat': 14.541578, 'lng': 120.981904}, {'lat': 14.541698, 'lng': 120.982441}, {'lat': 14.541753, 'lng': 120.982681}, {'lat': 14.541825, 'lng': 120.982997}, {'lat': 14.541836, 'lng': 120.98305}, {'lat': 14.54185, 'lng': 120.98312}, {'lat': 14.541767, 'lng': 120.98314}, {'lat': 14.541282, 'lng': 120.983259}, {'lat': 14.540771, 'lng': 120.983385}, {'lat': 14.540483, 'lng': 120.983456}, {'lat': 14.540262, 'lng': 120.98351}, {'lat': 14.540228, 'lng': 120.983518}, {'lat': 14.540096, 'lng': 120.98355}, {'lat': 14.539995, 'lng': 120.983575}, {'lat': 14.539663, 'lng': 120.983659}, {'lat': 14.539271, 'lng': 120.983746}, {'lat': 14.539086, 'lng': 120.983779}, {'lat': 14.538748, 'lng': 120.983829}, {'lat': 14.538282, 'lng': 120.983896}, {'lat': 14.537714, 'lng': 120.983964}, {'lat': 14.537459, 'lng': 120.983991}, {'lat': 14.537363, 'lng': 120.984}, {'lat': 14.537148, 'lng': 120.984017}, {'lat': 14.536447, 'lng': 120.984073}, {'lat': 14.536017, 'lng': 120.984103}, {'lat': 14.535939, 'lng': 120.984091}, {'lat': 14.535877, 'lng': 120.984077}, {'lat': 14.535787, 'lng': 120.984054}, {'lat': 14.535775, 'lng': 120.984026}, {'lat': 14.535723, 'lng': 120.983934}, {'lat': 14.535659, 'lng': 120.983856}, {'lat': 14.535584, 'lng': 120.98379}, {'lat': 14.5355, 'lng': 120.983738}, {'lat': 14.535408, 'lng': 120.983701}, {'lat': 14.535312, 'lng': 120.98368}, {'lat': 14.535214, 'lng': 120.983675}, {'lat': 14.535116, 'lng': 120.983687}, {'lat': 14.535022, 'lng': 120.983716}, {'lat': 14.53495, 'lng': 120.983749}, {'lat': 14.534884, 'lng': 120.983793}, {'lat': 14.534824, 'lng': 120.983844}, {'lat': 14.534771, 'lng': 120.983904}, {'lat': 14.534726, 'lng': 120.98397}, {'lat': 14.53469, 'lng': 120.984042}, {'lat': 14.534663, 'lng': 120.984118}, {'lat': 14.534661, 'lng': 120.984124}, {'lat': 14.534576, 'lng': 120.984196}, {'lat': 14.534512, 'lng': 120.984228}, {'lat': 14.534126, 'lng': 120.984259}, {'lat': 14.533782, 'lng': 120.984292}, {'lat': 14.533614, 'lng': 120.984307}, {'lat': 14.533339, 'lng': 120.984331}, {'lat': 14.533142, 'lng': 120.984348}, {'lat': 14.533089, 'lng': 120.984353}, {'lat': 14.533048, 'lng': 120.984357}, {'lat': 14.532996, 'lng': 120.984361}, {'lat': 14.532788, 'lng': 120.984381}, {'lat': 14.532396, 'lng': 120.984422}, {'lat': 14.532025, 'lng': 120.984454}, {'lat': 14.531629, 'lng': 120.984479}, {'lat': 14.531576, 'lng': 120.984483}, {'lat': 14.531506, 'lng': 120.984489}, {'lat': 14.531428, 'lng': 120.984495}, {'lat': 14.531288, 'lng': 120.984501}, {'lat': 14.531229, 'lng': 120.984504}, {'lat': 14.531073, 'lng': 120.984512}, {'lat': 14.530796, 'lng': 120.984535}, {'lat': 14.530658, 'lng': 120.984548}, {'lat': 14.530127, 'lng': 120.984602}, {'lat': 14.529972, 'lng': 120.984615}, {'lat': 14.529655, 'lng': 120.984641}, {'lat': 14.529416, 'lng': 120.984663}, {'lat': 14.529174, 'lng': 120.984679}, {'lat': 14.528853, 'lng': 120.984699}, {'lat': 14.528726, 'lng': 120.984707}, {'lat': 14.528601, 'lng': 120.984719}, {'lat': 14.528508, 'lng': 120.984728}, {'lat': 14.52735, 'lng': 120.984853}, {'lat': 14.527192, 'lng': 120.98487}, {'lat': 14.526059, 'lng': 120.984996}, {'lat': 14.525875, 'lng': 120.985016}, {'lat': 14.525787, 'lng': 120.985026}, {'lat': 14.524843, 'lng': 120.985136}, {'lat': 14.524704, 'lng': 120.985188}, {'lat': 14.524547, 'lng': 120.985239}, {'lat': 14.524439, 'lng': 120.985254}, {'lat': 14.523584, 'lng': 120.985349}, {'lat': 14.523164, 'lng': 120.985391}, {'lat': 14.523045, 'lng': 120.985403}, {'lat': 14.522964, 'lng': 120.98541}, {'lat': 14.522865, 'lng': 120.985404}, {'lat': 14.522745, 'lng': 120.985368}, {'lat': 14.522631, 'lng': 120.985335}, {'lat': 14.522596, 'lng': 120.985295}, {'lat': 14.522555, 'lng': 120.985261}, {'lat': 14.522509, 'lng': 120.985234}, {'lat': 14.522458, 'lng': 120.985214}, {'lat': 14.522404, 'lng': 120.985203}, {'lat': 14.52236, 'lng': 120.985202}, {'lat': 14.522266, 'lng': 120.98517}, {'lat': 14.522189, 'lng': 120.985122}, {'lat': 14.522057, 'lng': 120.984989}, {'lat': 14.521987, 'lng': 120.984909}, {'lat': 14.520878, 'lng': 120.983578}, {'lat': 14.520599, 'lng': 120.983297}, {'lat': 14.520428, 'lng': 120.983149}, {'lat': 14.52039, 'lng': 120.983122}, {'lat': 14.52032, 'lng': 120.983068}, {'lat': 14.520179, 'lng': 120.982959}, {'lat': 14.520008, 'lng': 120.982836}, {'lat': 14.519879, 'lng': 120.982754}, {'lat': 14.519746, 'lng': 120.982671}, {'lat': 14.519561, 'lng': 120.98258}, {'lat': 14.519212, 'lng': 120.982409}, {'lat': 14.518615, 'lng': 120.982093}, {'lat': 14.518395, 'lng': 120.981959}, {'lat': 14.518448, 'lng': 120.981795}, {'lat': 14.518456, 'lng': 120.981777}]",1,1784904884844,,720,,3001.134
route-1784904911943-6336,6wha8XEmrhYk7bMuxxcm,Regenerated Route,"[{'lat': 14.541408, 'lng': 120.98072}, {'lat': 14.541391, 'lng': 120.980645}, {'lat': 14.541377, 'lng': 120.980584}, {'lat': 14.541364, 'lng': 120.980525}, {'lat': 14.541284, 'lng': 120.980197}, {'lat': 14.541255, 'lng': 120.980095}, {'lat': 14.541216, 'lng': 120.979996}, {'lat': 14.54118, 'lng': 120.979925}, {'lat': 14.54114, 'lng': 120.979862}, {'lat': 14.541092, 'lng': 120.9798}, {'lat': 14.541045, 'lng': 120.979751}, {'lat': 14.540985, 'lng': 120.979696}, {'lat': 14.540925, 'lng': 120.979647}, {'lat': 14.540865, 'lng': 120.979605}, {'lat': 14.54081, 'lng': 120.979572}, {'lat': 14.540753, 'lng': 120.979544}, {'lat': 14.540697, 'lng': 120.979519}, {'lat': 14.540633, 'lng': 120.979496}, {'lat': 14.540569, 'lng': 120.979478}, {'lat': 14.540516, 'lng': 120.979469}, {'lat': 14.540456, 'lng': 120.979462}, {'lat': 14.540403, 'lng': 120.97946}, {'lat': 14.540084, 'lng': 120.97947}, {'lat': 14.539964, 'lng': 120.979472}, {'lat': 14.539888, 'lng': 120.979472}, {'lat': 14.538787, 'lng': 120.979517}, {'lat': 14.53846, 'lng': 120.979531}, {'lat': 14.538352, 'lng': 120.979535}, {'lat': 14.537577, 'lng': 120.979569}, {'lat': 14.537235, 'lng': 120.979577}, {'lat': 14.537086, 'lng': 120.979579}, {'lat': 14.536285, 'lng': 120.979613}, {'lat': 14.533913, 'lng': 120.979703}, {'lat': 14.53308, 'lng': 120.979729}, {'lat': 14.532961, 'lng': 120.979734}, {'lat': 14.532851, 'lng': 120.979738}, {'lat': 14.532381, 'lng': 120.979755}, {'lat': 14.532034, 'lng': 120.979768}, {'lat': 14.531039, 'lng': 120.979804}, {'lat': 14.530938, 'lng': 120.979808}, {'lat': 14.530797, 'lng': 120.979812}, {'lat': 14.530801, 'lng': 120.979925}, {'lat': 14.530814, 'lng': 120.98004}, {'lat': 14.530862, 'lng': 120.98043}, {'lat': 14.530873, 'lng': 120.980533}, {'lat': 14.530883, 'lng': 120.980636}, {'lat': 14.530917, 'lng': 120.980959}, {'lat': 14.530936, 'lng': 120.981143}, {'lat': 14.530995, 'lng': 120.981706}, {'lat': 14.531011, 'lng': 120.981856}, {'lat': 14.531017, 'lng': 120.98191}, {'lat': 14.531019, 'lng': 120.981933}, {'lat': 14.53103, 'lng': 120.98204}, {'lat': 14.531043, 'lng': 120.982159}, {'lat': 14.531058, 'lng': 120.982303}, {'lat': 14.531095, 'lng': 120.982662}, {'lat': 14.531119, 'lng': 120.98289}, {'lat': 14.531148, 'lng': 120.983163}, {'lat': 14.531169, 'lng': 120.983362}, {'lat': 14.531206, 'lng': 120.983722}, {'lat': 14.531239, 'lng': 120.984028}, {'lat': 14.531193, 'lng': 120.98426}, {'lat': 14.531158, 'lng': 120.984329}, {'lat': 14.531128, 'lng': 120.984366}, {'lat': 14.531059, 'lng': 120.984424}, {'lat': 14.530966, 'lng': 120.984478}, {'lat': 14.5309, 'lng': 120.9845}, {'lat': 14.530796, 'lng': 120.984535}, {'lat': 14.530658, 'lng': 120.984548}, {'lat': 14.530127, 'lng': 120.984602}, {'lat': 14.529972, 'lng': 120.984615}, {'lat': 14.529655, 'lng': 120.984641}, {'lat': 14.529416, 'lng': 120.984663}, {'lat': 14.529174, 'lng': 120.984679}, {'lat': 14.528853, 'lng': 120.984699}, {'lat': 14.528726, 'lng': 120.984707}, {'lat': 14.528601, 'lng': 120.984719}, {'lat': 14.528508, 'lng': 120.984728}, {'lat': 14.527192, 'lng': 120.98487}, {'lat': 14.526059, 'lng': 120.984996}, {'lat': 14.525875, 'lng': 120.985016}, {'lat': 14.524843, 'lng': 120.985136}, {'lat': 14.524704, 'lng': 120.985188}, {'lat': 14.524547, 'lng': 120.985239}, {'lat': 14.524439, 'lng': 120.985254}, {'lat': 14.523584, 'lng': 120.985349}, {'lat': 14.523164, 'lng': 120.985391}, {'lat': 14.523045, 'lng': 120.985403}, {'lat': 14.522964, 'lng': 120.98541}, {'lat': 14.522865, 'lng': 120.985404}, {'lat': 14.522745, 'lng': 120.985368}, {'lat': 14.522631, 'lng': 120.985335}, {'lat': 14.522596, 'lng': 120.985295}, {'lat': 14.522555, 'lng': 120.985261}, {'lat': 14.522509, 'lng': 120.985234}, {'lat': 14.522458, 'lng': 120.985214}, {'lat': 14.522404, 'lng': 120.985203}, {'lat': 14.52236, 'lng': 120.985202}, {'lat': 14.522266, 'lng': 120.98517}, {'lat': 14.522189, 'lng': 120.985122}, {'lat': 14.522057, 'lng': 120.984989}, {'lat': 14.521987, 'lng': 120.984909}, {'lat': 14.520878, 'lng': 120.983578}, {'lat': 14.520599, 'lng': 120.983297}, {'lat': 14.520428, 'lng': 120.983149}, {'lat': 14.52039, 'lng': 120.983122}, {'lat': 14.52032, 'lng': 120.983068}, {'lat': 14.520179, 'lng': 120.982959}, {'lat': 14.520008, 'lng': 120.982836}, {'lat': 14.519879, 'lng': 120.982754}, {'lat': 14.519746, 'lng': 120.982671}, {'lat': 14.519561, 'lng': 120.98258}, {'lat': 14.519212, 'lng': 120.982409}, {'lat': 14.518615, 'lng': 120.982093}, {'lat': 14.518395, 'lng': 120.981959}, {'lat': 14.518448, 'lng': 120.981795}, {'lat': 14.518456, 'lng': 120.981777}]",2,1784904911943,720.0,780,3001.134,3344.356
route-1784905093628-8237,6wha8XEmrhYk7bMuxxcm,Traffic Update,"[{'lat': 14.530954, 'lng': 120.981316}, {'lat': 14.530995, 'lng': 120.981706}, {'lat': 14.531011, 'lng': 120.981856}, {'lat': 14.531017, 'lng': 120.98191}, {'lat': 14.531019, 'lng': 120.981933}, {'lat': 14.53103, 'lng': 120.98204}, {'lat': 14.531043, 'lng': 120.982159}, {'lat': 14.531058, 'lng': 120.982303}, {'lat': 14.531095, 'lng': 120.982662}, {'lat': 14.531119, 'lng': 120.98289}, {'lat': 14.531148, 'lng': 120.983163}, {'lat': 14.531169, 'lng': 120.983362}, {'lat': 14.531206, 'lng': 120.983722}, {'lat': 14.531239, 'lng': 120.984028}, {'lat': 14.531193, 'lng': 120.98426}, {'lat': 14.531158, 'lng': 120.984329}, {'lat': 14.531128, 'lng': 120.984366}, {'lat': 14.531059, 'lng': 120.984424}, {'lat': 14.530966, 'lng': 120.984478}, {'lat': 14.5309, 'lng': 120.9845}, {'lat': 14.530796, 'lng': 120.984535}, {'lat': 14.530658, 'lng': 120.984548}, {'lat': 14.530127, 'lng': 120.984602}, {'lat': 14.529972, 'lng': 120.984615}, {'lat': 14.529655, 'lng': 120.984641}, {'lat': 14.529416, 'lng': 120.984663}, {'lat': 14.529174, 'lng': 120.984679}, {'lat': 14.528853, 'lng': 120.984699}, {'lat': 14.528726, 'lng': 120.984707}, {'lat': 14.528601, 'lng': 120.984719}, {'lat': 14.528508, 'lng': 120.984728}, {'lat': 14.527192, 'lng': 120.98487}, {'lat': 14.526059, 'lng': 120.984996}, {'lat': 14.525875, 'lng': 120.985016}, {'lat': 14.524843, 'lng': 120.985136}, {'lat': 14.524704, 'lng': 120.985188}, {'lat': 14.524547, 'lng': 120.985239}, {'lat': 14.524439, 'lng': 120.985254}, {'lat': 14.523584, 'lng': 120.985349}, {'lat': 14.523164, 'lng': 120.985391}, {'lat': 14.523045, 'lng': 120.985403}, {'lat': 14.522964, 'lng': 120.98541}, {'lat': 14.522865, 'lng': 120.985404}, {'lat': 14.522745, 'lng': 120.985368}, {'lat': 14.522631, 'lng': 120.985335}, {'lat': 14.522596, 'lng': 120.985295}, {'lat': 14.522555, 'lng': 120.985261}, {'lat': 14.522509, 'lng': 120.985234}, {'lat': 14.522458, 'lng': 120.985214}, {'lat': 14.522404, 'lng': 120.985203}, {'lat': 14.52236, 'lng': 120.985202}, {'lat': 14.522266, 'lng': 120.98517}, {'lat': 14.522189, 'lng': 120.985122}, {'lat': 14.522057, 'lng': 120.984989}, {'lat': 14.521987, 'lng': 120.984909}, {'lat': 14.520878, 'lng': 120.983578}, {'lat': 14.520599, 'lng': 120.983297}, {'lat': 14.520428, 'lng': 120.983149}, {'lat': 14.52039, 'lng': 120.983122}, {'lat': 14.52032, 'lng': 120.983068}, {'lat': 14.520179, 'lng': 120.982959}, {'lat': 14.520008, 'lng': 120.982836}, {'lat': 14.519879, 'lng': 120.982754}, {'lat': 14.519746, 'lng': 120.982671}, {'lat': 14.519561, 'lng': 120.98258}, {'lat': 14.519212, 'lng': 120.982409}, {'lat': 14.518615, 'lng': 120.982093}, {'lat': 14.518395, 'lng': 120.981959}, {'lat': 14.518448, 'lng': 120.981795}, {'lat': 14.518456, 'lng': 120.981777}]",3,1784905093628,780.0,480,3344.356,1917.527
route-1784905273405-8465,6wha8XEmrhYk7bMuxxcm,Traffic Update,"[{'lat': 14.522414, 'lng': 120.985151}, {'lat': 14.52236, 'lng': 120.985147}, {'lat': 14.522295, 'lng': 120.985127}, {'lat': 14.522244, 'lng': 120.9851}, {'lat': 14.522195, 'lng': 120.985056}, {'lat': 14.522057, 'lng': 120.984989}, {'lat': 14.521987, 'lng': 120.984909}, {'lat': 14.520878, 'lng': 120.983578}, {'lat': 14.520599, 'lng': 120.983297}, {'lat': 14.520428, 'lng': 120.983149}, {'lat': 14.52039, 'lng': 120.983122}, {'lat': 14.52032, 'lng': 120.983068}, {'lat': 14.520179, 'lng': 120.982959}, {'lat': 14.520008, 'lng': 120.982836}, {'lat': 14.519879, 'lng': 120.982754}, {'lat': 14.519746, 'lng': 120.982671}, {'lat': 14.519561, 'lng': 120.98258}, {'lat': 14.519212, 'lng': 120.982409}, {'lat': 14.518615, 'lng': 120.982093}, {'lat': 14.518395, 'lng': 120.981959}, {'lat': 14.518448, 'lng': 120.981795}, {'lat': 14.518456, 'lng': 120.981777}]",4,1784905273405,480.0,120,1917.527,594.737
route-1784905778021-429,EnIyBdLJqSlgyALD2oSX,Initial Route,"[{'lat': 14.517197, 'lng': 120.980946}, {'lat': 14.517245, 'lng': 120.980892}, {'lat': 14.517206, 'lng': 120.980843}, {'lat': 14.517152, 'lng': 120.980776}, {'lat': 14.517027, 'lng': 120.980907}, {'lat': 14.516931, 'lng': 120.981006}, {'lat': 14.516807, 'lng': 120.981135}, {'lat': 14.516768, 'lng': 120.981182}, {'lat': 14.516427, 'lng': 120.981593}, {'lat': 14.51632, 'lng': 120.981726}, {'lat': 14.516001, 'lng': 120.982186}, {'lat': 14.515827, 'lng': 120.982483}, {'lat': 14.515637, 'lng': 120.98284}, {'lat': 14.515508, 'lng': 120.983109}, {'lat': 14.515381, 'lng': 120.983399}, {'lat': 14.515329, 'lng': 120.983533}, {'lat': 14.515306, 'lng': 120.983637}, {'lat': 14.515291, 'lng': 120.983798}, {'lat': 14.515292, 'lng': 120.983871}, {'lat': 14.5153, 'lng': 120.983963}, {'lat': 14.515312, 'lng': 120.984056}, {'lat': 14.51534, 'lng': 120.984159}, {'lat': 14.515346, 'lng': 120.984184}, {'lat': 14.51539, 'lng': 120.984289}, {'lat': 14.515433, 'lng': 120.984372}, {'lat': 14.515501, 'lng': 120.984471}, {'lat': 14.515597, 'lng': 120.984571}, {'lat': 14.515724, 'lng': 120.984667}, {'lat': 14.515889, 'lng': 120.984749}, {'lat': 14.51653, 'lng': 120.984948}, {'lat': 14.516789, 'lng': 120.985029}, {'lat': 14.51697, 'lng': 120.985091}, {'lat': 14.517093, 'lng': 120.985161}, {'lat': 14.51722, 'lng': 120.985278}, {'lat': 14.517272, 'lng': 120.985352}, {'lat': 14.517323, 'lng': 120.98544}, {'lat': 14.51738, 'lng': 120.985563}, {'lat': 14.517404, 'lng': 120.985659}, {'lat': 14.517422, 'lng': 120.98578}, {'lat': 14.517424, 'lng': 120.985979}, {'lat': 14.517393, 'lng': 120.986576}, {'lat': 14.517334, 'lng': 120.987199}, {'lat': 14.517281, 'lng': 120.987921}, {'lat': 14.517191, 'lng': 120.989274}, {'lat': 14.517151, 'lng': 120.989893}, {'lat': 14.517145, 'lng': 120.990111}, {'lat': 14.517137, 'lng': 120.990462}, {'lat': 14.517139, 'lng': 120.990593}, {'lat': 14.517141, 'lng': 120.990731}, {'lat': 14.517175, 'lng': 120.990869}, {'lat': 14.517233, 'lng': 120.991114}, {'lat': 14.517305, 'lng': 120.991496}, {'lat': 14.517331, 'lng': 120.991633}, {'lat': 14.51738, 'lng': 120.99189}, {'lat': 14.517446, 'lng': 120.992291}, {'lat': 14.517451, 'lng': 120.992324}, {'lat': 14.517454, 'lng': 120.992538}, {'lat': 14.517451, 'lng': 120.992709}, {'lat': 14.51745, 'lng': 120.992743}, {'lat': 14.517447, 'lng': 120.992761}, {'lat': 14.517419, 'lng': 120.993132}, {'lat': 14.5174, 'lng': 120.993332}, {'lat': 14.517556, 'lng': 120.993363}, {'lat': 14.517842, 'lng': 120.993426}, {'lat': 14.517994, 'lng': 120.993459}, {'lat': 14.518128, 'lng': 120.99348}, {'lat': 14.518278, 'lng': 120.993502}, {'lat': 14.518655, 'lng': 120.993556}, {'lat': 14.519014, 'lng': 120.993589}, {'lat': 14.519934, 'lng': 120.993652}, {'lat': 14.520602, 'lng': 120.9937}, {'lat': 14.520943, 'lng': 120.993725}, {'lat': 14.521373, 'lng': 120.993753}, {'lat': 14.521477, 'lng': 120.993762}, {'lat': 14.522076, 'lng': 120.993792}, {'lat': 14.522266, 'lng': 120.993799}, {'lat': 14.522567, 'lng': 120.9938}, {'lat': 14.52334, 'lng': 120.993813}, {'lat': 14.523527, 'lng': 120.993817}, {'lat': 14.523631, 'lng': 120.993819}, {'lat': 14.523819, 'lng': 120.993819}, {'lat': 14.524794, 'lng': 120.993818}, {'lat': 14.525766, 'lng': 120.993828}, {'lat': 14.526036, 'lng': 120.993827}, {'lat': 14.526125, 'lng': 120.993825}, {'lat': 14.52627, 'lng': 120.993821}, {'lat': 14.526314, 'lng': 120.993818}, {'lat': 14.526756, 'lng': 120.993789}, {'lat': 14.527093, 'lng': 120.993746}, {'lat': 14.527201, 'lng': 120.993733}, {'lat': 14.527334, 'lng': 120.993714}, {'lat': 14.52753, 'lng': 120.993688}, {'lat': 14.528366, 'lng': 120.99359}, {'lat': 14.531741, 'lng': 120.993175}, {'lat': 14.532391, 'lng': 120.993098}, {'lat': 14.532827, 'lng': 120.99305}, {'lat': 14.533611, 'lng': 120.992953}, {'lat': 14.534186, 'lng': 120.992892}, {'lat': 14.535139, 'lng': 120.992761}, {'lat': 14.537047, 'lng': 120.992531}, {'lat': 14.538959, 'lng': 120.99232}, {'lat': 14.539508, 'lng': 120.99225}, {'lat': 14.539723, 'lng': 120.992249}, {'lat': 14.540634, 'lng': 120.992152}, {'lat': 14.540752, 'lng': 120.992136}, {'lat': 14.541076, 'lng': 120.992082}, {'lat': 14.54136, 'lng': 120.992032}, {'lat': 14.542753, 'lng': 120.991781}, {'lat': 14.543529, 'lng': 120.991643}, {'lat': 14.543613, 'lng': 120.991627}, {'lat': 14.544966, 'lng': 120.991356}, {'lat': 14.545387, 'lng': 120.991251}, {'lat': 14.54551, 'lng': 120.991224}, {'lat': 14.54582, 'lng': 120.991148}, {'lat': 14.546214, 'lng': 120.991057}, {'lat': 14.546392, 'lng': 120.991013}, {'lat': 14.547587, 'lng': 120.990736}, {'lat': 14.549722, 'lng': 120.99022}, {'lat': 14.550017, 'lng': 120.990144}, {'lat': 14.550555, 'lng': 120.990009}, {'lat': 14.551665, 'lng': 120.989732}, {'lat': 14.551728, 'lng': 120.989715}, {'lat': 14.55179, 'lng': 120.989696}, {'lat': 14.554111, 'lng': 120.988975}, {'lat': 14.554625, 'lng': 120.988819}, {'lat': 14.554766, 'lng': 120.988774}, {'lat': 14.556251, 'lng': 120.988315}, {'lat': 14.556861, 'lng': 120.98812}, {'lat': 14.558213, 'lng': 120.9877}, {'lat': 14.558453, 'lng': 120.987616}, {'lat': 14.558619, 'lng': 120.987557}, {'lat': 14.558836, 'lng': 120.987471}, {'lat': 14.55944, 'lng': 120.987216}, {'lat': 14.559453, 'lng': 120.98721}, {'lat': 14.559534, 'lng': 120.987177}, {'lat': 14.559643, 'lng': 120.987132}, {'lat': 14.559738, 'lng': 120.987086}, {'lat': 14.56005, 'lng': 120.986942}, {'lat': 14.560451, 'lng': 120.986761}, {'lat': 14.560687, 'lng': 120.986655}, {'lat': 14.561656, 'lng': 120.986234}, {'lat': 14.562632, 'lng': 120.985822}, {'lat': 14.562984, 'lng': 120.98567}, {'lat': 14.564197, 'lng': 120.98513}, {'lat': 14.564268, 'lng': 120.985098}, {'lat': 14.564348, 'lng': 120.985062}, {'lat': 14.564444, 'lng': 120.985021}, {'lat': 14.56463, 'lng': 120.984942}, {'lat': 14.565017, 'lng': 120.984775}, {'lat': 14.565098, 'lng': 120.984985}, {'lat': 14.565499, 'lng': 120.986035}, {'lat': 14.565388, 'lng': 120.986084}, {'lat': 14.565049, 'lng': 120.986243}, {'lat': 14.564891, 'lng': 120.986319}, {'lat': 14.564857, 'lng': 120.986238}, {'lat': 14.564707, 'lng': 120.985892}, {'lat': 14.564634, 'lng': 120.985723}, {'lat': 14.564529, 'lng': 120.985478}, {'lat': 14.564494, 'lng': 120.985394}, {'lat': 14.564468, 'lng': 120.985336}, {'lat': 14.564445, 'lng': 120.985284}, {'lat': 14.564348, 'lng': 120.985062}, {'lat': 14.564298, 'lng': 120.984945}, {'lat': 14.56422, 'lng': 120.984979}, {'lat': 14.564148, 'lng': 120.985009}, {'lat': 14.563992, 'lng': 120.985077}, {'lat': 14.562779, 'lng': 120.985607}, {'lat': 14.562248, 'lng': 120.985842}, {'lat': 14.561273, 'lng': 120.98627}, {'lat': 14.560415, 'lng': 120.986649}, {'lat': 14.55969, 'lng': 120.986968}, {'lat': 14.559607, 'lng': 120.987006}, {'lat': 14.559571, 'lng': 120.98688}, {'lat': 14.559542, 'lng': 120.986782}, {'lat': 14.559449, 'lng': 120.98645}, {'lat': 14.559398, 'lng': 120.986315}, {'lat': 14.559304, 'lng': 120.986091}, {'lat': 14.559266, 'lng': 120.986019}, {'lat': 14.559113, 'lng': 120.985731}, {'lat': 14.558917, 'lng': 120.985396}, {'lat': 14.558869, 'lng': 120.985313}, {'lat': 14.558733, 'lng': 120.985151}, {'lat': 14.558699, 'lng': 120.985111}, {'lat': 14.55863, 'lng': 120.985029}, {'lat': 14.558472, 'lng': 120.984847}, {'lat': 14.558358, 'lng': 120.984714}, {'lat': 14.558331, 'lng': 120.984681}, {'lat': 14.558253, 'lng': 120.984584}, {'lat': 14.558233, 'lng': 120.984562}, {'lat': 14.558165, 'lng': 120.984468}, {'lat': 14.558122, 'lng': 120.98441}, {'lat': 14.558018, 'lng': 120.98424}, {'lat': 14.558108, 'lng': 120.984182}, {'lat': 14.558224, 'lng': 120.984366}]",1,1784905778021,,1980,,8358.774
route-1784905803758-244,EnIyBdLJqSlgyALD2oSX,Regenerated Route,"[{'lat': 14.517755, 'lng': 120.981705}, {'lat': 14.517848, 'lng': 120.981792}, {'lat': 14.518082, 'lng': 120.981992}, {'lat': 14.518297, 'lng': 120.982148}, {'lat': 14.518596, 'lng': 120.982327}, {'lat': 14.519202, 'lng': 120.982651}, {'lat': 14.519329, 'lng': 120.982712}, {'lat': 14.519645, 'lng': 120.982872}, {'lat': 14.519818, 'lng': 120.982971}, {'lat': 14.520023, 'lng': 120.983118}, {'lat': 14.52029, 'lng': 120.983307}, {'lat': 14.520454, 'lng': 120.983457}, {'lat': 14.520685, 'lng': 120.98368}, {'lat': 14.520784, 'lng': 120.983792}, {'lat': 14.521476, 'lng': 120.984622}, {'lat': 14.521901, 'lng': 120.985132}, {'lat': 14.521977, 'lng': 120.985224}, {'lat': 14.522018, 'lng': 120.985314}, {'lat': 14.522033, 'lng': 120.985397}, {'lat': 14.52204, 'lng': 120.985538}, {'lat': 14.522046, 'lng': 120.98561}, {'lat': 14.522067, 'lng': 120.985679}, {'lat': 14.522102, 'lng': 120.985742}, {'lat': 14.522149, 'lng': 120.985796}, {'lat': 14.522206, 'lng': 120.985838}, {'lat': 14.52227, 'lng': 120.985867}, {'lat': 14.522339, 'lng': 120.985881}, {'lat': 14.522409, 'lng': 120.98588}, {'lat': 14.522477, 'lng': 120.985864}, {'lat': 14.522541, 'lng': 120.985833}, {'lat': 14.522597, 'lng': 120.985789}, {'lat': 14.522648, 'lng': 120.985725}, {'lat': 14.522822, 'lng': 120.985662}, {'lat': 14.522986, 'lng': 120.985622}, {'lat': 14.523308, 'lng': 120.985597}, {'lat': 14.523832, 'lng': 120.985535}, {'lat': 14.524459, 'lng': 120.985462}, {'lat': 14.524571, 'lng': 120.98545}, {'lat': 14.524592, 'lng': 120.985645}, {'lat': 14.524785, 'lng': 120.98745}, {'lat': 14.524844, 'lng': 120.988002}, {'lat': 14.524862, 'lng': 120.988164}, {'lat': 14.524879, 'lng': 120.988326}, {'lat': 14.524937, 'lng': 120.988867}, {'lat': 14.524995, 'lng': 120.989415}, {'lat': 14.525013, 'lng': 120.989577}, {'lat': 14.525025, 'lng': 120.989688}, {'lat': 14.525073, 'lng': 120.99014}, {'lat': 14.525085, 'lng': 120.990253}, {'lat': 14.525103, 'lng': 120.990422}, {'lat': 14.525271, 'lng': 120.990404}, {'lat': 14.5254, 'lng': 120.990389}, {'lat': 14.526527, 'lng': 120.990263}, {'lat': 14.526611, 'lng': 120.990254}, {'lat': 14.526758, 'lng': 120.990237}, {'lat': 14.527841, 'lng': 120.990116}, {'lat': 14.528068, 'lng': 120.99009}, {'lat': 14.528275, 'lng': 120.990067}, {'lat': 14.528574, 'lng': 120.990038}, {'lat': 14.52876, 'lng': 120.990064}, {'lat': 14.528928, 'lng': 120.990092}, {'lat': 14.52898, 'lng': 120.990102}, {'lat': 14.529032, 'lng': 120.990116}, {'lat': 14.52907, 'lng': 120.990132}, {'lat': 14.529097, 'lng': 120.990151}, {'lat': 14.529125, 'lng': 120.990179}, {'lat': 14.529146, 'lng': 120.990208}, {'lat': 14.529165, 'lng': 120.990242}, {'lat': 14.529206, 'lng': 120.990339}, {'lat': 14.52924, 'lng': 120.990639}, {'lat': 14.529297, 'lng': 120.991187}, {'lat': 14.52931, 'lng': 120.991299}, {'lat': 14.529322, 'lng': 120.991416}, {'lat': 14.529335, 'lng': 120.991545}, {'lat': 14.529405, 'lng': 120.992182}, {'lat': 14.529464, 'lng': 120.992733}, {'lat': 14.529484, 'lng': 120.992923}, {'lat': 14.52951, 'lng': 120.992994}, {'lat': 14.529476, 'lng': 120.993111}, {'lat': 14.529454, 'lng': 120.993166}, {'lat': 14.529414, 'lng': 120.993209}, {'lat': 14.52922, 'lng': 120.993334}, {'lat': 14.528276, 'lng': 120.993445}, {'lat': 14.52751, 'lng': 120.993532}, {'lat': 14.52732, 'lng': 120.993555}, {'lat': 14.527334, 'lng': 120.993714}, {'lat': 14.52753, 'lng': 120.993688}, {'lat': 14.528366, 'lng': 120.99359}, {'lat': 14.531741, 'lng': 120.993175}, {'lat': 14.532391, 'lng': 120.993098}, {'lat': 14.532827, 'lng': 120.99305}, {'lat': 14.533611, 'lng': 120.992953}, {'lat': 14.534186, 'lng': 120.992892}, {'lat': 14.535139, 'lng': 120.992761}, {'lat': 14.537047, 'lng': 120.992531}, {'lat': 14.538959, 'lng': 120.99232}, {'lat': 14.539508, 'lng': 120.99225}, {'lat': 14.539723, 'lng': 120.992249}, {'lat': 14.540634, 'lng': 120.992152}, {'lat': 14.540752, 'lng': 120.992136}, {'lat': 14.541076, 'lng': 120.992082}, {'lat': 14.54136, 'lng': 120.992032}, {'lat': 14.542753, 'lng': 120.991781}, {'lat': 14.543529, 'lng': 120.991643}, {'lat': 14.543613, 'lng': 120.991627}, {'lat': 14.544966, 'lng': 120.991356}, {'lat': 14.545387, 'lng': 120.991251}, {'lat': 14.54551, 'lng': 120.991224}, {'lat': 14.54582, 'lng': 120.991148}, {'lat': 14.546214, 'lng': 120.991057}, {'lat': 14.546392, 'lng': 120.991013}, {'lat': 14.547587, 'lng': 120.990736}, {'lat': 14.549722, 'lng': 120.99022}, {'lat': 14.550017, 'lng': 120.990144}, {'lat': 14.550555, 'lng': 120.990009}, {'lat': 14.551665, 'lng': 120.989732}, {'lat': 14.551728, 'lng': 120.989715}, {'lat': 14.55179, 'lng': 120.989696}, {'lat': 14.554111, 'lng': 120.988975}, {'lat': 14.554625, 'lng': 120.988819}, {'lat': 14.554766, 'lng': 120.988774}, {'lat': 14.556251, 'lng': 120.988315}, {'lat': 14.556861, 'lng': 120.98812}, {'lat': 14.558213, 'lng': 120.9877}, {'lat': 14.558453, 'lng': 120.987616}, {'lat': 14.558619, 'lng': 120.987557}, {'lat': 14.558836, 'lng': 120.987471}, {'lat': 14.55944, 'lng': 120.987216}, {'lat': 14.559453, 'lng': 120.98721}, {'lat': 14.559534, 'lng': 120.987177}, {'lat': 14.559643, 'lng': 120.987132}, {'lat': 14.559738, 'lng': 120.987086}, {'lat': 14.56005, 'lng': 120.986942}, {'lat': 14.560451, 'lng': 120.986761}, {'lat': 14.560687, 'lng': 120.986655}, {'lat': 14.561656, 'lng': 120.986234}, {'lat': 14.562632, 'lng': 120.985822}, {'lat': 14.562984, 'lng': 120.98567}, {'lat': 14.564197, 'lng': 120.98513}, {'lat': 14.564268, 'lng': 120.985098}, {'lat': 14.564348, 'lng': 120.985062}, {'lat': 14.564444, 'lng': 120.985021}, {'lat': 14.56463, 'lng': 120.984942}, {'lat': 14.565017, 'lng': 120.984775}, {'lat': 14.565098, 'lng': 120.984985}, {'lat': 14.565499, 'lng': 120.986035}, {'lat': 14.565388, 'lng': 120.986084}, {'lat': 14.565049, 'lng': 120.986243}, {'lat': 14.564891, 'lng': 120.986319}, {'lat': 14.564857, 'lng': 120.986238}, {'lat': 14.564707, 'lng': 120.985892}, {'lat': 14.564634, 'lng': 120.985723}, {'lat': 14.564529, 'lng': 120.985478}, {'lat': 14.564494, 'lng': 120.985394}, {'lat': 14.564468, 'lng': 120.985336}, {'lat': 14.564445, 'lng': 120.985284}, {'lat': 14.564348, 'lng': 120.985062}, {'lat': 14.564298, 'lng': 120.984945}, {'lat': 14.56422, 'lng': 120.984979}, {'lat': 14.564148, 'lng': 120.985009}, {'lat': 14.563992, 'lng': 120.985077}, {'lat': 14.562779, 'lng': 120.985607}, {'lat': 14.562248, 'lng': 120.985842}, {'lat': 14.561273, 'lng': 120.98627}, {'lat': 14.560415, 'lng': 120.986649}, {'lat': 14.55969, 'lng': 120.986968}, {'lat': 14.559607, 'lng': 120.987006}, {'lat': 14.559571, 'lng': 120.98688}, {'lat': 14.559542, 'lng': 120.986782}, {'lat': 14.559449, 'lng': 120.98645}, {'lat': 14.559398, 'lng': 120.986315}, {'lat': 14.559304, 'lng': 120.986091}, {'lat': 14.559266, 'lng': 120.986019}, {'lat': 14.559113, 'lng': 120.985731}, {'lat': 14.558917, 'lng': 120.985396}, {'lat': 14.558869, 'lng': 120.985313}, {'lat': 14.558733, 'lng': 120.985151}, {'lat': 14.558699, 'lng': 120.985111}, {'lat': 14.55863, 'lng': 120.985029}, {'lat': 14.558472, 'lng': 120.984847}, {'lat': 14.558358, 'lng': 120.984714}, {'lat': 14.558331, 'lng': 120.984681}, {'lat': 14.558253, 'lng': 120.984584}, {'lat': 14.558233, 'lng': 120.984562}, {'lat': 14.558165, 'lng': 120.984468}, {'lat': 14.558122, 'lng': 120.98441}, {'lat': 14.558018, 'lng': 120.98424}, {'lat': 14.558108, 'lng': 120.984182}, {'lat': 14.558224, 'lng': 120.984366}]",2,1784905803758,1980.0,1980,8358.774,8203.442
route-1784905928272-5803,EnIyBdLJqSlgyALD2oSX,Regenerated Route,"[{'lat': 14.525594, 'lng': 120.98528}, {'lat': 14.526087, 'lng': 120.985221}, {'lat': 14.52729, 'lng': 120.985076}, {'lat': 14.527508, 'lng': 120.98505}, {'lat': 14.527547, 'lng': 120.985045}, {'lat': 14.527574, 'lng': 120.985043}, {'lat': 14.527681, 'lng': 120.98503}, {'lat': 14.528177, 'lng': 120.984974}, {'lat': 14.528528, 'lng': 120.984936}, {'lat': 14.528623, 'lng': 120.984925}, {'lat': 14.528634, 'lng': 120.985022}, {'lat': 14.52869, 'lng': 120.985538}, {'lat': 14.52878, 'lng': 120.98637}, {'lat': 14.528793, 'lng': 120.986493}, {'lat': 14.528834, 'lng': 120.986872}, {'lat': 14.528842, 'lng': 120.986942}, {'lat': 14.528868, 'lng': 120.987184}, {'lat': 14.528937, 'lng': 120.987826}, {'lat': 14.528985, 'lng': 120.988278}, {'lat': 14.52908, 'lng': 120.989172}, {'lat': 14.529081, 'lng': 120.989181}, {'lat': 14.529135, 'lng': 120.989678}, {'lat': 14.529145, 'lng': 120.989766}, {'lat': 14.529166, 'lng': 120.989962}, {'lat': 14.529176, 'lng': 120.990061}, {'lat': 14.529206, 'lng': 120.990339}, {'lat': 14.52924, 'lng': 120.990639}, {'lat': 14.529297, 'lng': 120.991187}, {'lat': 14.52931, 'lng': 120.991299}, {'lat': 14.529322, 'lng': 120.991416}, {'lat': 14.529335, 'lng': 120.991545}, {'lat': 14.529405, 'lng': 120.992182}, {'lat': 14.529464, 'lng': 120.992733}, {'lat': 14.529484, 'lng': 120.992923}, {'lat': 14.52951, 'lng': 120.992994}, {'lat': 14.529476, 'lng': 120.993111}, {'lat': 14.529454, 'lng': 120.993166}, {'lat': 14.529414, 'lng': 120.993209}, {'lat': 14.52922, 'lng': 120.993334}, {'lat': 14.528276, 'lng': 120.993445}, {'lat': 14.52751, 'lng': 120.993532}, {'lat': 14.52732, 'lng': 120.993555}, {'lat': 14.527334, 'lng': 120.993714}, {'lat': 14.52753, 'lng': 120.993688}, {'lat': 14.528366, 'lng': 120.99359}, {'lat': 14.531741, 'lng': 120.993175}, {'lat': 14.532391, 'lng': 120.993098}, {'lat': 14.532827, 'lng': 120.99305}, {'lat': 14.533611, 'lng': 120.992953}, {'lat': 14.534186, 'lng': 120.992892}, {'lat': 14.535139, 'lng': 120.992761}, {'lat': 14.537047, 'lng': 120.992531}, {'lat': 14.538959, 'lng': 120.99232}, {'lat': 14.539508, 'lng': 120.99225}, {'lat': 14.539723, 'lng': 120.992249}, {'lat': 14.540634, 'lng': 120.992152}, {'lat': 14.540752, 'lng': 120.992136}, {'lat': 14.541076, 'lng': 120.992082}, {'lat': 14.54136, 'lng': 120.992032}, {'lat': 14.542753, 'lng': 120.991781}, {'lat': 14.543529, 'lng': 120.991643}, {'lat': 14.543613, 'lng': 120.991627}, {'lat': 14.544966, 'lng': 120.991356}, {'lat': 14.545387, 'lng': 120.991251}, {'lat': 14.54551, 'lng': 120.991224}, {'lat': 14.54582, 'lng': 120.991148}, {'lat': 14.546214, 'lng': 120.991057}, {'lat': 14.546392, 'lng': 120.991013}, {'lat': 14.547587, 'lng': 120.990736}, {'lat': 14.549722, 'lng': 120.99022}, {'lat': 14.550017, 'lng': 120.990144}, {'lat': 14.550555, 'lng': 120.990009}, {'lat': 14.551665, 'lng': 120.989732}, {'lat': 14.551728, 'lng': 120.989715}, {'lat': 14.55179, 'lng': 120.989696}, {'lat': 14.554111, 'lng': 120.988975}, {'lat': 14.554625, 'lng': 120.988819}, {'lat': 14.554766, 'lng': 120.988774}, {'lat': 14.556251, 'lng': 120.988315}, {'lat': 14.556861, 'lng': 120.98812}, {'lat': 14.558213, 'lng': 120.9877}, {'lat': 14.558453, 'lng': 120.987616}, {'lat': 14.558619, 'lng': 120.987557}, {'lat': 14.558836, 'lng': 120.987471}, {'lat': 14.55944, 'lng': 120.987216}, {'lat': 14.559453, 'lng': 120.98721}, {'lat': 14.559534, 'lng': 120.987177}, {'lat': 14.559643, 'lng': 120.987132}, {'lat': 14.559738, 'lng': 120.987086}, {'lat': 14.56005, 'lng': 120.986942}, {'lat': 14.560451, 'lng': 120.986761}, {'lat': 14.560687, 'lng': 120.986655}, {'lat': 14.561656, 'lng': 120.986234}, {'lat': 14.562632, 'lng': 120.985822}, {'lat': 14.562984, 'lng': 120.98567}, {'lat': 14.564197, 'lng': 120.98513}, {'lat': 14.564268, 'lng': 120.985098}, {'lat': 14.564348, 'lng': 120.985062}, {'lat': 14.564444, 'lng': 120.985021}, {'lat': 14.56463, 'lng': 120.984942}, {'lat': 14.565017, 'lng': 120.984775}, {'lat': 14.565098, 'lng': 120.984985}, {'lat': 14.565499, 'lng': 120.986035}, {'lat': 14.565388, 'lng': 120.986084}, {'lat': 14.565049, 'lng': 120.986243}, {'lat': 14.564891, 'lng': 120.986319}, {'lat': 14.564857, 'lng': 120.986238}, {'lat': 14.564707, 'lng': 120.985892}, {'lat': 14.564634, 'lng': 120.985723}, {'lat': 14.564529, 'lng': 120.985478}, {'lat': 14.564494, 'lng': 120.985394}, {'lat': 14.564468, 'lng': 120.985336}, {'lat': 14.564445, 'lng': 120.985284}, {'lat': 14.564348, 'lng': 120.985062}, {'lat': 14.564298, 'lng': 120.984945}, {'lat': 14.56422, 'lng': 120.984979}, {'lat': 14.564148, 'lng': 120.985009}, {'lat': 14.563992, 'lng': 120.985077}, {'lat': 14.562779, 'lng': 120.985607}, {'lat': 14.562248, 'lng': 120.985842}, {'lat': 14.561273, 'lng': 120.98627}, {'lat': 14.560415, 'lng': 120.986649}, {'lat': 14.55969, 'lng': 120.986968}, {'lat': 14.559607, 'lng': 120.987006}, {'lat': 14.559571, 'lng': 120.98688}, {'lat': 14.559542, 'lng': 120.986782}, {'lat': 14.559449, 'lng': 120.98645}, {'lat': 14.559398, 'lng': 120.986315}, {'lat': 14.559304, 'lng': 120.986091}, {'lat': 14.559266, 'lng': 120.986019}, {'lat': 14.559113, 'lng': 120.985731}, {'lat': 14.558917, 'lng': 120.985396}, {'lat': 14.558869, 'lng': 120.985313}, {'lat': 14.558733, 'lng': 120.985151}, {'lat': 14.558699, 'lng': 120.985111}, {'lat': 14.55863, 'lng': 120.985029}, {'lat': 14.558472, 'lng': 120.984847}, {'lat': 14.558358, 'lng': 120.984714}, {'lat': 14.558331, 'lng': 120.984681}, {'lat': 14.558253, 'lng': 120.984584}, {'lat': 14.558233, 'lng': 120.984562}, {'lat': 14.558165, 'lng': 120.984468}, {'lat': 14.558122, 'lng': 120.98441}, {'lat': 14.558018, 'lng': 120.98424}, {'lat': 14.558108, 'lng': 120.984182}, {'lat': 14.558224, 'lng': 120.984366}]",3,1784905928272,1980.0,1740,8203.442,7160.171
route-1784905982724-122,EnIyBdLJqSlgyALD2oSX,Regenerated Route,"[{'lat': 14.529739, 'lng': 120.984838}, {'lat': 14.529909, 'lng': 120.984823}, {'lat': 14.530124, 'lng': 120.984804}, {'lat': 14.530134, 'lng': 120.984802}, {'lat': 14.530681, 'lng': 120.984755}, {'lat': 14.53091, 'lng': 120.984736}, {'lat': 14.531192, 'lng': 120.98472}, {'lat': 14.531244, 'lng': 120.984717}, {'lat': 14.53131, 'lng': 120.984713}, {'lat': 14.53145, 'lng': 120.984703}, {'lat': 14.531526, 'lng': 120.984697}, {'lat': 14.532165, 'lng': 120.984644}, {'lat': 14.532468, 'lng': 120.984625}, {'lat': 14.532868, 'lng': 120.984592}, {'lat': 14.532916, 'lng': 120.984587}, {'lat': 14.533008, 'lng': 120.984579}, {'lat': 14.533154, 'lng': 120.984564}, {'lat': 14.533831, 'lng': 120.984503}, {'lat': 14.534146, 'lng': 120.984476}, {'lat': 14.534515, 'lng': 120.98445}, {'lat': 14.534567, 'lng': 120.984453}, {'lat': 14.534608, 'lng': 120.984467}, {'lat': 14.534688, 'lng': 120.984537}, {'lat': 14.534721, 'lng': 120.984605}, {'lat': 14.534763, 'lng': 120.984669}, {'lat': 14.534812, 'lng': 120.984726}, {'lat': 14.534867, 'lng': 120.984777}, {'lat': 14.534928, 'lng': 120.984821}, {'lat': 14.534994, 'lng': 120.984856}, {'lat': 14.535064, 'lng': 120.984883}, {'lat': 14.5351, 'lng': 120.984892}, {'lat': 14.535136, 'lng': 120.9849}, {'lat': 14.535201, 'lng': 120.984928}, {'lat': 14.535246, 'lng': 120.984952}, {'lat': 14.535279, 'lng': 120.984991}, {'lat': 14.535339, 'lng': 120.985251}, {'lat': 14.535405, 'lng': 120.985548}, {'lat': 14.535668, 'lng': 120.986715}, {'lat': 14.535761, 'lng': 120.987127}, {'lat': 14.535775, 'lng': 120.987189}, {'lat': 14.535835, 'lng': 120.987473}, {'lat': 14.535879, 'lng': 120.987652}, {'lat': 14.535889, 'lng': 120.987696}, {'lat': 14.535939, 'lng': 120.987916}, {'lat': 14.535968, 'lng': 120.988047}, {'lat': 14.536037, 'lng': 120.988353}, {'lat': 14.536126, 'lng': 120.988748}, {'lat': 14.536155, 'lng': 120.988876}, {'lat': 14.536196, 'lng': 120.98905}, {'lat': 14.536406, 'lng': 120.989026}, {'lat': 14.536489, 'lng': 120.989016}, {'lat': 14.536568, 'lng': 120.989007}, {'lat': 14.536892, 'lng': 120.988961}, {'lat': 14.536967, 'lng': 120.988952}, {'lat': 14.537145, 'lng': 120.988929}, {'lat': 14.537303, 'lng': 120.988909}, {'lat': 14.537735, 'lng': 120.988839}, {'lat': 14.538375, 'lng': 120.988751}, {'lat': 14.539482, 'lng': 120.988578}, {'lat': 14.539608, 'lng': 120.988559}, {'lat': 14.540165, 'lng': 120.988473}, {'lat': 14.540469, 'lng': 120.988432}, {'lat': 14.54055, 'lng': 120.98842}, {'lat': 14.540625, 'lng': 120.988409}, {'lat': 14.540849, 'lng': 120.988372}, {'lat': 14.541011, 'lng': 120.988346}, {'lat': 14.541127, 'lng': 120.988326}, {'lat': 14.541241, 'lng': 120.988308}, {'lat': 14.542338, 'lng': 120.988148}, {'lat': 14.542891, 'lng': 120.988068}, {'lat': 14.54296, 'lng': 120.988059}, {'lat': 14.543082, 'lng': 120.988043}, {'lat': 14.543211, 'lng': 120.98803}, {'lat': 14.543336, 'lng': 120.988017}, {'lat': 14.543511, 'lng': 120.987991}, {'lat': 14.543671, 'lng': 120.987963}, {'lat': 14.543815, 'lng': 120.987936}, {'lat': 14.543921, 'lng': 120.987908}, {'lat': 14.544387, 'lng': 120.987789}, {'lat': 14.544812, 'lng': 120.987681}, {'lat': 14.544883, 'lng': 120.987662}, {'lat': 14.545544, 'lng': 120.987492}, {'lat': 14.54649, 'lng': 120.987261}, {'lat': 14.547127, 'lng': 120.987106}, {'lat': 14.547748, 'lng': 120.98695}, {'lat': 14.548335, 'lng': 120.9868}, {'lat': 14.548452, 'lng': 120.986767}, {'lat': 14.548787, 'lng': 120.986683}, {'lat': 14.549323, 'lng': 120.986545}, {'lat': 14.549559, 'lng': 120.986485}, {'lat': 14.55029, 'lng': 120.986293}, {'lat': 14.550899, 'lng': 120.986133}, {'lat': 14.551052, 'lng': 120.986105}, {'lat': 14.551097, 'lng': 120.986101}, {'lat': 14.551137, 'lng': 120.9861}, {'lat': 14.551173, 'lng': 120.986103}, {'lat': 14.551214, 'lng': 120.986111}, {'lat': 14.55125, 'lng': 120.98612}, {'lat': 14.551292, 'lng': 120.986135}, {'lat': 14.55136, 'lng': 120.986162}, {'lat': 14.551401, 'lng': 120.9863}, {'lat': 14.551473, 'lng': 120.986531}, {'lat': 14.551671, 'lng': 120.987178}, {'lat': 14.551691, 'lng': 120.987238}, {'lat': 14.551731, 'lng': 120.987382}, {'lat': 14.551744, 'lng': 120.987436}, {'lat': 14.551752, 'lng': 120.987472}, {'lat': 14.551755, 'lng': 120.98749}, {'lat': 14.551766, 'lng': 120.987563}, {'lat': 14.551772, 'lng': 120.98764}, {'lat': 14.551785, 'lng': 120.987911}, {'lat': 14.551789, 'lng': 120.987984}, {'lat': 14.551801, 'lng': 120.988166}, {'lat': 14.551808, 'lng': 120.988221}, {'lat': 14.551846, 'lng': 120.988495}, {'lat': 14.551889, 'lng': 120.98863}, {'lat': 14.551954, 'lng': 120.98883}, {'lat': 14.552008, 'lng': 120.988998}, {'lat': 14.552062, 'lng': 120.989164}, {'lat': 14.552091, 'lng': 120.989253}, {'lat': 14.55212, 'lng': 120.989341}, {'lat': 14.552137, 'lng': 120.989399}, {'lat': 14.552211, 'lng': 120.989638}, {'lat': 14.552255, 'lng': 120.989802}, {'lat': 14.552292, 'lng': 120.989923}, {'lat': 14.55236, 'lng': 120.990148}, {'lat': 14.552377, 'lng': 120.990168}, {'lat': 14.552388, 'lng': 120.990177}, {'lat': 14.552404, 'lng': 120.990187}, {'lat': 14.552423, 'lng': 120.990195}, {'lat': 14.552443, 'lng': 120.990199}, {'lat': 14.552471, 'lng': 120.990201}, {'lat': 14.552488, 'lng': 120.990198}, {'lat': 14.552504, 'lng': 120.990193}, {'lat': 14.552523, 'lng': 120.990185}, {'lat': 14.552538, 'lng': 120.990173}, {'lat': 14.552554, 'lng': 120.990158}, {'lat': 14.552566, 'lng': 120.990138}, {'lat': 14.552575, 'lng': 120.990112}, {'lat': 14.552578, 'lng': 120.990093}, {'lat': 14.552578, 'lng': 120.990075}, {'lat': 14.552574, 'lng': 120.990033}, {'lat': 14.552538, 'lng': 120.989919}, {'lat': 14.552517, 'lng': 120.989852}, {'lat': 14.552481, 'lng': 120.989737}, {'lat': 14.552432, 'lng': 120.989569}, {'lat': 14.552578, 'lng': 120.989524}, {'lat': 14.552771, 'lng': 120.989464}, {'lat': 14.5535, 'lng': 120.989247}, {'lat': 14.554367, 'lng': 120.988957}, {'lat': 14.554516, 'lng': 120.988894}, {'lat': 14.554572, 'lng': 120.988861}, {'lat': 14.554625, 'lng': 120.988819}, {'lat': 14.554766, 'lng': 120.988774}, {'lat': 14.556251, 'lng': 120.988315}, {'lat': 14.556861, 'lng': 120.98812}, {'lat': 14.558213, 'lng': 120.9877}, {'lat': 14.558453, 'lng': 120.987616}, {'lat': 14.558619, 'lng': 120.987557}, {'lat': 14.558836, 'lng': 120.987471}, {'lat': 14.55944, 'lng': 120.987216}, {'lat': 14.559453, 'lng': 120.98721}, {'lat': 14.559534, 'lng': 120.987177}, {'lat': 14.559643, 'lng': 120.987132}, {'lat': 14.559738, 'lng': 120.987086}, {'lat': 14.56005, 'lng': 120.986942}, {'lat': 14.560451, 'lng': 120.986761}, {'lat': 14.560687, 'lng': 120.986655}, {'lat': 14.561656, 'lng': 120.986234}, {'lat': 14.562632, 'lng': 120.985822}, {'lat': 14.562984, 'lng': 120.98567}, {'lat': 14.564197, 'lng': 120.98513}, {'lat': 14.564268, 'lng': 120.985098}, {'lat': 14.564348, 'lng': 120.985062}, {'lat': 14.564444, 'lng': 120.985021}, {'lat': 14.56463, 'lng': 120.984942}, {'lat': 14.565017, 'lng': 120.984775}, {'lat': 14.565098, 'lng': 120.984985}, {'lat': 14.565499, 'lng': 120.986035}, {'lat': 14.565388, 'lng': 120.986084}, {'lat': 14.565049, 'lng': 120.986243}, {'lat': 14.564891, 'lng': 120.986319}, {'lat': 14.564857, 'lng': 120.986238}, {'lat': 14.564707, 'lng': 120.985892}, {'lat': 14.564634, 'lng': 120.985723}, {'lat': 14.564529, 'lng': 120.985478}, {'lat': 14.564494, 'lng': 120.985394}, {'lat': 14.564468, 'lng': 120.985336}, {'lat': 14.564445, 'lng': 120.985284}, {'lat': 14.564348, 'lng': 120.985062}, {'lat': 14.564298, 'lng': 120.984945}, {'lat': 14.56422, 'lng': 120.984979}, {'lat': 14.564148, 'lng': 120.985009}, {'lat': 14.563992, 'lng': 120.985077}, {'lat': 14.562779, 'lng': 120.985607}, {'lat': 14.562248, 'lng': 120.985842}, {'lat': 14.561273, 'lng': 120.98627}, {'lat': 14.560415, 'lng': 120.986649}, {'lat': 14.55969, 'lng': 120.986968}, {'lat': 14.559607, 'lng': 120.987006}, {'lat': 14.559571, 'lng': 120.98688}, {'lat': 14.559542, 'lng': 120.986782}, {'lat': 14.559449, 'lng': 120.98645}, {'lat': 14.559398, 'lng': 120.986315}, {'lat': 14.559304, 'lng': 120.986091}, {'lat': 14.559266, 'lng': 120.986019}, {'lat': 14.559113, 'lng': 120.985731}, {'lat': 14.558917, 'lng': 120.985396}, {'lat': 14.558869, 'lng': 120.985313}, {'lat': 14.558733, 'lng': 120.985151}, {'lat': 14.558699, 'lng': 120.985111}, {'lat': 14.55863, 'lng': 120.985029}, {'lat': 14.558472, 'lng': 120.984847}, {'lat': 14.558358, 'lng': 120.984714}, {'lat': 14.558331, 'lng': 120.984681}, {'lat': 14.558253, 'lng': 120.984584}, {'lat': 14.558233, 'lng': 120.984562}, {'lat': 14.558165, 'lng': 120.984468}, {'lat': 14.558122, 'lng': 120.98441}, {'lat': 14.558018, 'lng': 120.98424}, {'lat': 14.558108, 'lng': 120.984182}, {'lat': 14.558224, 'lng': 120.984366}]",4,1784905982724,1740.0,1500,7160.171,6180.126
route-1784906072655-3242,EnIyBdLJqSlgyALD2oSX,Regenerated Route,"[{'lat': 14.53606, 'lng': 120.98428}, {'lat': 14.536574, 'lng': 120.984238}, {'lat': 14.537004, 'lng': 120.984203}, {'lat': 14.537369, 'lng': 120.984171}, {'lat': 14.537471, 'lng': 120.984159}, {'lat': 14.537735, 'lng': 120.984133}, {'lat': 14.538305, 'lng': 120.984076}, {'lat': 14.538736, 'lng': 120.984016}, {'lat': 14.539411, 'lng': 120.983892}, {'lat': 14.539712, 'lng': 120.983831}, {'lat': 14.54, 'lng': 120.983758}, {'lat': 14.540103, 'lng': 120.983731}, {'lat': 14.540242, 'lng': 120.983696}, {'lat': 14.541314, 'lng': 120.983459}, {'lat': 14.541364, 'lng': 120.983445}, {'lat': 14.541566, 'lng': 120.983392}, {'lat': 14.54181, 'lng': 120.983328}, {'lat': 14.541892, 'lng': 120.983308}, {'lat': 14.542005, 'lng': 120.983281}, {'lat': 14.542104, 'lng': 120.983257}, {'lat': 14.542778, 'lng': 120.983077}, {'lat': 14.543761, 'lng': 120.982818}, {'lat': 14.543799, 'lng': 120.982813}, {'lat': 14.54396, 'lng': 120.982781}, {'lat': 14.54408, 'lng': 120.982738}, {'lat': 14.544195, 'lng': 120.98269}, {'lat': 14.544562, 'lng': 120.982489}, {'lat': 14.544734, 'lng': 120.982417}, {'lat': 14.544952, 'lng': 120.982354}, {'lat': 14.545091, 'lng': 120.982333}, {'lat': 14.545246, 'lng': 120.982304}, {'lat': 14.545979, 'lng': 120.982201}, {'lat': 14.546091, 'lng': 120.982183}, {'lat': 14.546154, 'lng': 120.982173}, {'lat': 14.546306, 'lng': 120.982149}, {'lat': 14.546403, 'lng': 120.982135}, {'lat': 14.546495, 'lng': 120.982122}, {'lat': 14.546603, 'lng': 120.982113}, {'lat': 14.546727, 'lng': 120.982102}, {'lat': 14.546874, 'lng': 120.982097}, {'lat': 14.547091, 'lng': 120.982093}, {'lat': 14.547347, 'lng': 120.982104}, {'lat': 14.547614, 'lng': 120.982141}, {'lat': 14.547842, 'lng': 120.982186}, {'lat': 14.548087, 'lng': 120.982253}, {'lat': 14.548334, 'lng': 120.982326}, {'lat': 14.548578, 'lng': 120.982429}, {'lat': 14.54869, 'lng': 120.982478}, {'lat': 14.548773, 'lng': 120.982519}, {'lat': 14.549058, 'lng': 120.982658}, {'lat': 14.549272, 'lng': 120.982793}, {'lat': 14.549457, 'lng': 120.982911}, {'lat': 14.549626, 'lng': 120.983}, {'lat': 14.549857, 'lng': 120.983121}, {'lat': 14.550011, 'lng': 120.983197}, {'lat': 14.550131, 'lng': 120.983248}, {'lat': 14.550279, 'lng': 120.983306}, {'lat': 14.550435, 'lng': 120.983351}, {'lat': 14.550521, 'lng': 120.983351}, {'lat': 14.550554, 'lng': 120.983346}, {'lat': 14.550592, 'lng': 120.983469}, {'lat': 14.550835, 'lng': 120.984248}, {'lat': 14.550886, 'lng': 120.984411}, {'lat': 14.550987, 'lng': 120.984738}, {'lat': 14.551026, 'lng': 120.984861}, {'lat': 14.55103, 'lng': 120.984876}, {'lat': 14.551036, 'lng': 120.985006}, {'lat': 14.551133, 'lng': 120.985357}, {'lat': 14.551189, 'lng': 120.985567}, {'lat': 14.551265, 'lng': 120.985842}, {'lat': 14.551298, 'lng': 120.985954}, {'lat': 14.55136, 'lng': 120.986162}, {'lat': 14.551401, 'lng': 120.9863}, {'lat': 14.551473, 'lng': 120.986531}, {'lat': 14.551671, 'lng': 120.987178}, {'lat': 14.551691, 'lng': 120.987238}, {'lat': 14.551731, 'lng': 120.987382}, {'lat': 14.551744, 'lng': 120.987436}, {'lat': 14.551752, 'lng': 120.987472}, {'lat': 14.551755, 'lng': 120.98749}, {'lat': 14.551766, 'lng': 120.987563}, {'lat': 14.551772, 'lng': 120.98764}, {'lat': 14.551785, 'lng': 120.987911}, {'lat': 14.551789, 'lng': 120.987984}, {'lat': 14.551801, 'lng': 120.988166}, {'lat': 14.551808, 'lng': 120.988221}, {'lat': 14.551846, 'lng': 120.988495}, {'lat': 14.551889, 'lng': 120.98863}, {'lat': 14.551954, 'lng': 120.98883}, {'lat': 14.552008, 'lng': 120.988998}, {'lat': 14.552062, 'lng': 120.989164}, {'lat': 14.552091, 'lng': 120.989253}, {'lat': 14.55212, 'lng': 120.989341}, {'lat': 14.552137, 'lng': 120.989399}, {'lat': 14.552211, 'lng': 120.989638}, {'lat': 14.552255, 'lng': 120.989802}, {'lat': 14.552292, 'lng': 120.989923}, {'lat': 14.55236, 'lng': 120.990148}, {'lat': 14.552377, 'lng': 120.990168}, {'lat': 14.552388, 'lng': 120.990177}, {'lat': 14.552404, 'lng': 120.990187}, {'lat': 14.552423, 'lng': 120.990195}, {'lat': 14.552443, 'lng': 120.990199}, {'lat': 14.552471, 'lng': 120.990201}, {'lat': 14.552488, 'lng': 120.990198}, {'lat': 14.552504, 'lng': 120.990193}, {'lat': 14.552523, 'lng': 120.990185}, {'lat': 14.552538, 'lng': 120.990173}, {'lat': 14.552554, 'lng': 120.990158}, {'lat': 14.552566, 'lng': 120.990138}, {'lat': 14.552575, 'lng': 120.990112}, {'lat': 14.552578, 'lng': 120.990093}, {'lat': 14.552578, 'lng': 120.990075}, {'lat': 14.552574, 'lng': 120.990033}, {'lat': 14.552538, 'lng': 120.989919}, {'lat': 14.552517, 'lng': 120.989852}, {'lat': 14.552481, 'lng': 120.989737}, {'lat': 14.552432, 'lng': 120.989569}, {'lat': 14.552578, 'lng': 120.989524}, {'lat': 14.552771, 'lng': 120.989464}, {'lat': 14.5535, 'lng': 120.989247}, {'lat': 14.554367, 'lng': 120.988957}, {'lat': 14.554516, 'lng': 120.988894}, {'lat': 14.554572, 'lng': 120.988861}, {'lat': 14.554625, 'lng': 120.988819}, {'lat': 14.554766, 'lng': 120.988774}, {'lat': 14.556251, 'lng': 120.988315}, {'lat': 14.556861, 'lng': 120.98812}, {'lat': 14.558213, 'lng': 120.9877}, {'lat': 14.558453, 'lng': 120.987616}, {'lat': 14.558619, 'lng': 120.987557}, {'lat': 14.558836, 'lng': 120.987471}, {'lat': 14.55944, 'lng': 120.987216}, {'lat': 14.559453, 'lng': 120.98721}, {'lat': 14.559534, 'lng': 120.987177}, {'lat': 14.559643, 'lng': 120.987132}, {'lat': 14.559738, 'lng': 120.987086}, {'lat': 14.56005, 'lng': 120.986942}, {'lat': 14.560451, 'lng': 120.986761}, {'lat': 14.560687, 'lng': 120.986655}, {'lat': 14.561656, 'lng': 120.986234}, {'lat': 14.562632, 'lng': 120.985822}, {'lat': 14.562984, 'lng': 120.98567}, {'lat': 14.564197, 'lng': 120.98513}, {'lat': 14.564268, 'lng': 120.985098}, {'lat': 14.564348, 'lng': 120.985062}, {'lat': 14.564444, 'lng': 120.985021}, {'lat': 14.56463, 'lng': 120.984942}, {'lat': 14.565017, 'lng': 120.984775}, {'lat': 14.565098, 'lng': 120.984985}, {'lat': 14.565499, 'lng': 120.986035}, {'lat': 14.565388, 'lng': 120.986084}, {'lat': 14.565049, 'lng': 120.986243}, {'lat': 14.564891, 'lng': 120.986319}, {'lat': 14.564857, 'lng': 120.986238}, {'lat': 14.564707, 'lng': 120.985892}, {'lat': 14.564634, 'lng': 120.985723}, {'lat': 14.564529, 'lng': 120.985478}, {'lat': 14.564494, 'lng': 120.985394}, {'lat': 14.564468, 'lng': 120.985336}, {'lat': 14.564445, 'lng': 120.985284}, {'lat': 14.564348, 'lng': 120.985062}, {'lat': 14.564298, 'lng': 120.984945}, {'lat': 14.56422, 'lng': 120.984979}, {'lat': 14.564148, 'lng': 120.985009}, {'lat': 14.563992, 'lng': 120.985077}, {'lat': 14.562779, 'lng': 120.985607}, {'lat': 14.562248, 'lng': 120.985842}, {'lat': 14.561273, 'lng': 120.98627}, {'lat': 14.560415, 'lng': 120.986649}, {'lat': 14.55969, 'lng': 120.986968}, {'lat': 14.559607, 'lng': 120.987006}, {'lat': 14.559571, 'lng': 120.98688}, {'lat': 14.559542, 'lng': 120.986782}, {'lat': 14.559449, 'lng': 120.98645}, {'lat': 14.559398, 'lng': 120.986315}, {'lat': 14.559304, 'lng': 120.986091}, {'lat': 14.559266, 'lng': 120.986019}, {'lat': 14.559113, 'lng': 120.985731}, {'lat': 14.558917, 'lng': 120.985396}, {'lat': 14.558869, 'lng': 120.985313}, {'lat': 14.558733, 'lng': 120.985151}, {'lat': 14.558699, 'lng': 120.985111}, {'lat': 14.55863, 'lng': 120.985029}, {'lat': 14.558472, 'lng': 120.984847}, {'lat': 14.558358, 'lng': 120.984714}, {'lat': 14.558331, 'lng': 120.984681}, {'lat': 14.558253, 'lng': 120.984584}, {'lat': 14.558233, 'lng': 120.984562}, {'lat': 14.558165, 'lng': 120.984468}, {'lat': 14.558122, 'lng': 120.98441}, {'lat': 14.558018, 'lng': 120.98424}, {'lat': 14.558108, 'lng': 120.984182}, {'lat': 14.558224, 'lng': 120.984366}]",5,1784906072655,1500.0,1260,6180.126,5355.603
route-1784906254666-1723,EnIyBdLJqSlgyALD2oSX,Traffic Update,"[{'lat': 14.547609, 'lng': 120.98214}, {'lat': 14.547842, 'lng': 120.982186}, {'lat': 14.548087, 'lng': 120.982253}, {'lat': 14.548334, 'lng': 120.982326}, {'lat': 14.548578, 'lng': 120.982429}, {'lat': 14.54869, 'lng': 120.982478}, {'lat': 14.548773, 'lng': 120.982519}, {'lat': 14.549058, 'lng': 120.982658}, {'lat': 14.549272, 'lng': 120.982793}, {'lat': 14.549457, 'lng': 120.982911}, {'lat': 14.549626, 'lng': 120.983}, {'lat': 14.549857, 'lng': 120.983121}, {'lat': 14.550011, 'lng': 120.983197}, {'lat': 14.550131, 'lng': 120.983248}, {'lat': 14.550279, 'lng': 120.983306}, {'lat': 14.550435, 'lng': 120.983351}, {'lat': 14.550521, 'lng': 120.983351}, {'lat': 14.550554, 'lng': 120.983346}, {'lat': 14.550592, 'lng': 120.983469}, {'lat': 14.550835, 'lng': 120.984248}, {'lat': 14.550886, 'lng': 120.984411}, {'lat': 14.550987, 'lng': 120.984738}, {'lat': 14.551026, 'lng': 120.984861}, {'lat': 14.55103, 'lng': 120.984876}, {'lat': 14.551036, 'lng': 120.985006}, {'lat': 14.551133, 'lng': 120.985357}, {'lat': 14.551189, 'lng': 120.985567}, {'lat': 14.551265, 'lng': 120.985842}, {'lat': 14.551298, 'lng': 120.985954}, {'lat': 14.55136, 'lng': 120.986162}, {'lat': 14.551401, 'lng': 120.9863}, {'lat': 14.551473, 'lng': 120.986531}, {'lat': 14.551671, 'lng': 120.987178}, {'lat': 14.551691, 'lng': 120.987238}, {'lat': 14.551731, 'lng': 120.987382}, {'lat': 14.551744, 'lng': 120.987436}, {'lat': 14.551752, 'lng': 120.987472}, {'lat': 14.551755, 'lng': 120.98749}, {'lat': 14.551766, 'lng': 120.987563}, {'lat': 14.551772, 'lng': 120.98764}, {'lat': 14.551785, 'lng': 120.987911}, {'lat': 14.551789, 'lng': 120.987984}, {'lat': 14.551801, 'lng': 120.988166}, {'lat': 14.551808, 'lng': 120.988221}, {'lat': 14.551846, 'lng': 120.988495}, {'lat': 14.551889, 'lng': 120.98863}, {'lat': 14.551954, 'lng': 120.98883}, {'lat': 14.552008, 'lng': 120.988998}, {'lat': 14.552062, 'lng': 120.989164}, {'lat': 14.552091, 'lng': 120.989253}, {'lat': 14.55212, 'lng': 120.989341}, {'lat': 14.552137, 'lng': 120.989399}, {'lat': 14.552211, 'lng': 120.989638}, {'lat': 14.552255, 'lng': 120.989802}, {'lat': 14.552292, 'lng': 120.989923}, {'lat': 14.55236, 'lng': 120.990148}, {'lat': 14.552377, 'lng': 120.990168}, {'lat': 14.552388, 'lng': 120.990177}, {'lat': 14.552404, 'lng': 120.990187}, {'lat': 14.552423, 'lng': 120.990195}, {'lat': 14.552443, 'lng': 120.990199}, {'lat': 14.552471, 'lng': 120.990201}, {'lat': 14.552488, 'lng': 120.990198}, {'lat': 14.552504, 'lng': 120.990193}, {'lat': 14.552523, 'lng': 120.990185}, {'lat': 14.552538, 'lng': 120.990173}, {'lat': 14.552554, 'lng': 120.990158}, {'lat': 14.552566, 'lng': 120.990138}, {'lat': 14.552575, 'lng': 120.990112}, {'lat': 14.552578, 'lng': 120.990093}, {'lat': 14.552578, 'lng': 120.990075}, {'lat': 14.552574, 'lng': 120.990033}, {'lat': 14.552538, 'lng': 120.989919}, {'lat': 14.552517, 'lng': 120.989852}, {'lat': 14.552481, 'lng': 120.989737}, {'lat': 14.552432, 'lng': 120.989569}, {'lat': 14.552578, 'lng': 120.989524}, {'lat': 14.552771, 'lng': 120.989464}, {'lat': 14.5535, 'lng': 120.989247}, {'lat': 14.554367, 'lng': 120.988957}, {'lat': 14.554516, 'lng': 120.988894}, {'lat': 14.554572, 'lng': 120.988861}, {'lat': 14.554625, 'lng': 120.988819}, {'lat': 14.554766, 'lng': 120.988774}, {'lat': 14.556251, 'lng': 120.988315}, {'lat': 14.556861, 'lng': 120.98812}, {'lat': 14.558213, 'lng': 120.9877}, {'lat': 14.558453, 'lng': 120.987616}, {'lat': 14.558619, 'lng': 120.987557}, {'lat': 14.558836, 'lng': 120.987471}, {'lat': 14.55944, 'lng': 120.987216}, {'lat': 14.559453, 'lng': 120.98721}, {'lat': 14.559534, 'lng': 120.987177}, {'lat': 14.559643, 'lng': 120.987132}, {'lat': 14.559738, 'lng': 120.987086}, {'lat': 14.56005, 'lng': 120.986942}, {'lat': 14.560451, 'lng': 120.986761}, {'lat': 14.560687, 'lng': 120.986655}, {'lat': 14.561656, 'lng': 120.986234}, {'lat': 14.562632, 'lng': 120.985822}, {'lat': 14.562984, 'lng': 120.98567}, {'lat': 14.564197, 'lng': 120.98513}, {'lat': 14.564268, 'lng': 120.985098}, {'lat': 14.564348, 'lng': 120.985062}, {'lat': 14.564444, 'lng': 120.985021}, {'lat': 14.56463, 'lng': 120.984942}, {'lat': 14.565017, 'lng': 120.984775}, {'lat': 14.565098, 'lng': 120.984985}, {'lat': 14.565499, 'lng': 120.986035}, {'lat': 14.565388, 'lng': 120.986084}, {'lat': 14.565049, 'lng': 120.986243}, {'lat': 14.564891, 'lng': 120.986319}, {'lat': 14.564857, 'lng': 120.986238}, {'lat': 14.564707, 'lng': 120.985892}, {'lat': 14.564634, 'lng': 120.985723}, {'lat': 14.564529, 'lng': 120.985478}, {'lat': 14.564494, 'lng': 120.985394}, {'lat': 14.564468, 'lng': 120.985336}, {'lat': 14.564445, 'lng': 120.985284}, {'lat': 14.564348, 'lng': 120.985062}, {'lat': 14.564298, 'lng': 120.984945}, {'lat': 14.56422, 'lng': 120.984979}, {'lat': 14.564148, 'lng': 120.985009}, {'lat': 14.563992, 'lng': 120.985077}, {'lat': 14.562779, 'lng': 120.985607}, {'lat': 14.562248, 'lng': 120.985842}, {'lat': 14.561273, 'lng': 120.98627}, {'lat': 14.560415, 'lng': 120.986649}, {'lat': 14.55969, 'lng': 120.986968}, {'lat': 14.559607, 'lng': 120.987006}, {'lat': 14.559571, 'lng': 120.98688}, {'lat': 14.559542, 'lng': 120.986782}, {'lat': 14.559449, 'lng': 120.98645}, {'lat': 14.559398, 'lng': 120.986315}, {'lat': 14.559304, 'lng': 120.986091}, {'lat': 14.559266, 'lng': 120.986019}, {'lat': 14.559113, 'lng': 120.985731}, {'lat': 14.558917, 'lng': 120.985396}, {'lat': 14.558869, 'lng': 120.985313}, {'lat': 14.558733, 'lng': 120.985151}, {'lat': 14.558699, 'lng': 120.985111}, {'lat': 14.55863, 'lng': 120.985029}, {'lat': 14.558472, 'lng': 120.984847}, {'lat': 14.558358, 'lng': 120.984714}, {'lat': 14.558331, 'lng': 120.984681}, {'lat': 14.558253, 'lng': 120.984584}, {'lat': 14.558233, 'lng': 120.984562}, {'lat': 14.558165, 'lng': 120.984468}, {'lat': 14.558122, 'lng': 120.98441}, {'lat': 14.558018, 'lng': 120.98424}, {'lat': 14.558108, 'lng': 120.984182}, {'lat': 14.558224, 'lng': 120.984366}]",6,1784906254666,1260.0,960,5355.603,4041.512
route-1784906314523-5804,EnIyBdLJqSlgyALD2oSX,Regenerated Route,"[{'lat': 14.551551, 'lng': 120.98306}, {'lat': 14.551565, 'lng': 120.982966}, {'lat': 14.55156, 'lng': 120.982889}, {'lat': 14.551544, 'lng': 120.982802}, {'lat': 14.551515, 'lng': 120.982739}, {'lat': 14.551607, 'lng': 120.982693}, {'lat': 14.55193, 'lng': 120.982435}, {'lat': 14.552, 'lng': 120.982379}, {'lat': 14.55204, 'lng': 120.982347}, {'lat': 14.552077, 'lng': 120.982317}, {'lat': 14.55211, 'lng': 120.982291}, {'lat': 14.552143, 'lng': 120.982264}, {'lat': 14.552477, 'lng': 120.981997}, {'lat': 14.552565, 'lng': 120.981932}, {'lat': 14.552804, 'lng': 120.981782}, {'lat': 14.552856, 'lng': 120.981753}, {'lat': 14.553321, 'lng': 120.981487}, {'lat': 14.553753, 'lng': 120.981246}, {'lat': 14.553987, 'lng': 120.981116}, {'lat': 14.554327, 'lng': 120.980931}, {'lat': 14.554384, 'lng': 120.980923}, {'lat': 14.554524, 'lng': 120.980846}, {'lat': 14.554612, 'lng': 120.980803}, {'lat': 14.554644, 'lng': 120.980821}, {'lat': 14.554679, 'lng': 120.98083}, {'lat': 14.554715, 'lng': 120.980833}, {'lat': 14.554818, 'lng': 120.981027}, {'lat': 14.554907, 'lng': 120.981194}, {'lat': 14.554953, 'lng': 120.98128}, {'lat': 14.555103, 'lng': 120.981563}, {'lat': 14.555337, 'lng': 120.982002}, {'lat': 14.555402, 'lng': 120.982124}, {'lat': 14.555517, 'lng': 120.982339}, {'lat': 14.555595, 'lng': 120.982487}, {'lat': 14.555731, 'lng': 120.982413}, {'lat': 14.555807, 'lng': 120.982369}, {'lat': 14.556238, 'lng': 120.982136}, {'lat': 14.556402, 'lng': 120.982048}, {'lat': 14.556445, 'lng': 120.982025}, {'lat': 14.556625, 'lng': 120.981929}, {'lat': 14.556685, 'lng': 120.981894}, {'lat': 14.556729, 'lng': 120.981878}, {'lat': 14.557215, 'lng': 120.982714}, {'lat': 14.557224, 'lng': 120.982768}, {'lat': 14.557265, 'lng': 120.98302}, {'lat': 14.557432, 'lng': 120.983352}, {'lat': 14.557487, 'lng': 120.983449}, {'lat': 14.557678, 'lng': 120.983821}, {'lat': 14.557898, 'lng': 120.984241}, {'lat': 14.558038, 'lng': 120.984468}, {'lat': 14.558101, 'lng': 120.984563}, {'lat': 14.558167, 'lng': 120.984648}, {'lat': 14.558255, 'lng': 120.98476}, {'lat': 14.558265, 'lng': 120.984771}, {'lat': 14.558373, 'lng': 120.984902}, {'lat': 14.558513, 'lng': 120.985057}, {'lat': 14.558628, 'lng': 120.985198}, {'lat': 14.558757, 'lng': 120.985365}, {'lat': 14.55881, 'lng': 120.985453}, {'lat': 14.559007, 'lng': 120.985785}, {'lat': 14.559239, 'lng': 120.986201}, {'lat': 14.559295, 'lng': 120.986343}, {'lat': 14.559346, 'lng': 120.986492}, {'lat': 14.55946, 'lng': 120.986923}, {'lat': 14.559473, 'lng': 120.98697}, {'lat': 14.559495, 'lng': 120.987051}, {'lat': 14.559534, 'lng': 120.987177}, {'lat': 14.559643, 'lng': 120.987132}, {'lat': 14.559738, 'lng': 120.987086}, {'lat': 14.56005, 'lng': 120.986942}, {'lat': 14.560451, 'lng': 120.986761}, {'lat': 14.560687, 'lng': 120.986655}, {'lat': 14.561656, 'lng': 120.986234}, {'lat': 14.562632, 'lng': 120.985822}, {'lat': 14.562984, 'lng': 120.98567}, {'lat': 14.564197, 'lng': 120.98513}, {'lat': 14.564268, 'lng': 120.985098}, {'lat': 14.564348, 'lng': 120.985062}, {'lat': 14.564444, 'lng': 120.985021}, {'lat': 14.56463, 'lng': 120.984942}, {'lat': 14.565017, 'lng': 120.984775}, {'lat': 14.565098, 'lng': 120.984985}, {'lat': 14.565499, 'lng': 120.986035}, {'lat': 14.565388, 'lng': 120.986084}, {'lat': 14.565049, 'lng': 120.986243}, {'lat': 14.564891, 'lng': 120.986319}, {'lat': 14.564857, 'lng': 120.986238}, {'lat': 14.564707, 'lng': 120.985892}, {'lat': 14.564634, 'lng': 120.985723}, {'lat': 14.564529, 'lng': 120.985478}, {'lat': 14.564494, 'lng': 120.985394}, {'lat': 14.564468, 'lng': 120.985336}, {'lat': 14.564445, 'lng': 120.985284}, {'lat': 14.564348, 'lng': 120.985062}, {'lat': 14.564298, 'lng': 120.984945}, {'lat': 14.56422, 'lng': 120.984979}, {'lat': 14.564148, 'lng': 120.985009}, {'lat': 14.563992, 'lng': 120.985077}, {'lat': 14.562779, 'lng': 120.985607}, {'lat': 14.562248, 'lng': 120.985842}, {'lat': 14.561273, 'lng': 120.98627}, {'lat': 14.560415, 'lng': 120.986649}, {'lat': 14.55969, 'lng': 120.986968}, {'lat': 14.559607, 'lng': 120.987006}, {'lat': 14.559571, 'lng': 120.98688}, {'lat': 14.559542, 'lng': 120.986782}, {'lat': 14.559449, 'lng': 120.98645}, {'lat': 14.559398, 'lng': 120.986315}, {'lat': 14.559304, 'lng': 120.986091}, {'lat': 14.559266, 'lng': 120.986019}, {'lat': 14.559113, 'lng': 120.985731}, {'lat': 14.558917, 'lng': 120.985396}, {'lat': 14.558869, 'lng': 120.985313}, {'lat': 14.558733, 'lng': 120.985151}, {'lat': 14.558699, 'lng': 120.985111}, {'lat': 14.55863, 'lng': 120.985029}, {'lat': 14.558472, 'lng': 120.984847}, {'lat': 14.558358, 'lng': 120.984714}, {'lat': 14.558331, 'lng': 120.984681}, {'lat': 14.558253, 'lng': 120.984584}, {'lat': 14.558233, 'lng': 120.984562}, {'lat': 14.558165, 'lng': 120.984468}, {'lat': 14.558122, 'lng': 120.98441}, {'lat': 14.558018, 'lng': 120.98424}, {'lat': 14.558108, 'lng': 120.984182}, {'lat': 14.558224, 'lng': 120.984366}]",7,1784906314523,960.0,840,4041.512,3454.817
route-1784906390520-1831,EnIyBdLJqSlgyALD2oSX,Regenerated Route,"[{'lat': 14.55583, 'lng': 120.980668}, {'lat': 14.555887, 'lng': 120.980638}, {'lat': 14.555974, 'lng': 120.980724}, {'lat': 14.556018, 'lng': 120.980783}, {'lat': 14.55605, 'lng': 120.980852}, {'lat': 14.55608, 'lng': 120.980907}, {'lat': 14.556275, 'lng': 120.981272}, {'lat': 14.556498, 'lng': 120.981688}, {'lat': 14.556552, 'lng': 120.981787}, {'lat': 14.556561, 'lng': 120.981799}, {'lat': 14.556625, 'lng': 120.981929}, {'lat': 14.556685, 'lng': 120.981894}, {'lat': 14.556729, 'lng': 120.981878}, {'lat': 14.557215, 'lng': 120.982714}, {'lat': 14.557224, 'lng': 120.982768}, {'lat': 14.557265, 'lng': 120.98302}, {'lat': 14.557432, 'lng': 120.983352}, {'lat': 14.557487, 'lng': 120.983449}, {'lat': 14.557678, 'lng': 120.983821}, {'lat': 14.557898, 'lng': 120.984241}, {'lat': 14.558038, 'lng': 120.984468}, {'lat': 14.558101, 'lng': 120.984563}, {'lat': 14.558167, 'lng': 120.984648}, {'lat': 14.558255, 'lng': 120.98476}, {'lat': 14.558265, 'lng': 120.984771}, {'lat': 14.558373, 'lng': 120.984902}, {'lat': 14.558513, 'lng': 120.985057}, {'lat': 14.558628, 'lng': 120.985198}, {'lat': 14.558757, 'lng': 120.985365}, {'lat': 14.55881, 'lng': 120.985453}, {'lat': 14.559007, 'lng': 120.985785}, {'lat': 14.559239, 'lng': 120.986201}, {'lat': 14.559295, 'lng': 120.986343}, {'lat': 14.559346, 'lng': 120.986492}, {'lat': 14.55946, 'lng': 120.986923}, {'lat': 14.559473, 'lng': 120.98697}, {'lat': 14.559495, 'lng': 120.987051}, {'lat': 14.559534, 'lng': 120.987177}, {'lat': 14.559643, 'lng': 120.987132}, {'lat': 14.559738, 'lng': 120.987086}, {'lat': 14.56005, 'lng': 120.986942}, {'lat': 14.560451, 'lng': 120.986761}, {'lat': 14.560687, 'lng': 120.986655}, {'lat': 14.561656, 'lng': 120.986234}, {'lat': 14.562632, 'lng': 120.985822}, {'lat': 14.562984, 'lng': 120.98567}, {'lat': 14.564197, 'lng': 120.98513}, {'lat': 14.564268, 'lng': 120.985098}, {'lat': 14.564348, 'lng': 120.985062}, {'lat': 14.564444, 'lng': 120.985021}, {'lat': 14.56463, 'lng': 120.984942}, {'lat': 14.565017, 'lng': 120.984775}, {'lat': 14.565098, 'lng': 120.984985}, {'lat': 14.565499, 'lng': 120.986035}, {'lat': 14.565388, 'lng': 120.986084}, {'lat': 14.565049, 'lng': 120.986243}, {'lat': 14.564891, 'lng': 120.986319}, {'lat': 14.564857, 'lng': 120.986238}, {'lat': 14.564707, 'lng': 120.985892}, {'lat': 14.564634, 'lng': 120.985723}, {'lat': 14.564529, 'lng': 120.985478}, {'lat': 14.564494, 'lng': 120.985394}, {'lat': 14.564468, 'lng': 120.985336}, {'lat': 14.564445, 'lng': 120.985284}, {'lat': 14.564348, 'lng': 120.985062}, {'lat': 14.564298, 'lng': 120.984945}, {'lat': 14.56422, 'lng': 120.984979}, {'lat': 14.564148, 'lng': 120.985009}, {'lat': 14.563992, 'lng': 120.985077}, {'lat': 14.562779, 'lng': 120.985607}, {'lat': 14.562248, 'lng': 120.985842}, {'lat': 14.561273, 'lng': 120.98627}, {'lat': 14.560415, 'lng': 120.986649}, {'lat': 14.55969, 'lng': 120.986968}, {'lat': 14.559607, 'lng': 120.987006}, {'lat': 14.559571, 'lng': 120.98688}, {'lat': 14.559542, 'lng': 120.986782}, {'lat': 14.559449, 'lng': 120.98645}, {'lat': 14.559398, 'lng': 120.986315}, {'lat': 14.559304, 'lng': 120.986091}, {'lat': 14.559266, 'lng': 120.986019}, {'lat': 14.559113, 'lng': 120.985731}, {'lat': 14.558917, 'lng': 120.985396}, {'lat': 14.558869, 'lng': 120.985313}, {'lat': 14.558733, 'lng': 120.985151}, {'lat': 14.558699, 'lng': 120.985111}, {'lat': 14.55863, 'lng': 120.985029}, {'lat': 14.558472, 'lng': 120.984847}, {'lat': 14.558358, 'lng': 120.984714}, {'lat': 14.558331, 'lng': 120.984681}, {'lat': 14.558253, 'lng': 120.984584}, {'lat': 14.558233, 'lng': 120.984562}, {'lat': 14.558165, 'lng': 120.984468}, {'lat': 14.558122, 'lng': 120.98441}, {'lat': 14.558018, 'lng': 120.98424}, {'lat': 14.558108, 'lng': 120.984182}, {'lat': 14.558224, 'lng': 120.984366}]",8,1784906390520,840.0,660,3454.817,2838.886
route-1784906436422-3525,EnIyBdLJqSlgyALD2oSX,Traffic Update,"[{'lat': 14.557291, 'lng': 120.983072}, {'lat': 14.557432, 'lng': 120.983352}, {'lat': 14.557487, 'lng': 120.983449}, {'lat': 14.557678, 'lng': 120.983821}, {'lat': 14.557898, 'lng': 120.984241}, {'lat': 14.558038, 'lng': 120.984468}, {'lat': 14.558101, 'lng': 120.984563}, {'lat': 14.558167, 'lng': 120.984648}, {'lat': 14.558255, 'lng': 120.98476}, {'lat': 14.558265, 'lng': 120.984771}, {'lat': 14.558373, 'lng': 120.984902}, {'lat': 14.558513, 'lng': 120.985057}, {'lat': 14.558628, 'lng': 120.985198}, {'lat': 14.558757, 'lng': 120.985365}, {'lat': 14.55881, 'lng': 120.985453}, {'lat': 14.559007, 'lng': 120.985785}, {'lat': 14.559239, 'lng': 120.986201}, {'lat': 14.559295, 'lng': 120.986343}, {'lat': 14.559346, 'lng': 120.986492}, {'lat': 14.55946, 'lng': 120.986923}, {'lat': 14.559473, 'lng': 120.98697}, {'lat': 14.559495, 'lng': 120.987051}, {'lat': 14.559534, 'lng': 120.987177}, {'lat': 14.559643, 'lng': 120.987132}, {'lat': 14.559738, 'lng': 120.987086}, {'lat': 14.56005, 'lng': 120.986942}, {'lat': 14.560451, 'lng': 120.986761}, {'lat': 14.560687, 'lng': 120.986655}, {'lat': 14.561656, 'lng': 120.986234}, {'lat': 14.562632, 'lng': 120.985822}, {'lat': 14.562984, 'lng': 120.98567}, {'lat': 14.564197, 'lng': 120.98513}, {'lat': 14.564268, 'lng': 120.985098}, {'lat': 14.564348, 'lng': 120.985062}, {'lat': 14.564444, 'lng': 120.985021}, {'lat': 14.56463, 'lng': 120.984942}, {'lat': 14.565017, 'lng': 120.984775}, {'lat': 14.565098, 'lng': 120.984985}, {'lat': 14.565499, 'lng': 120.986035}, {'lat': 14.565388, 'lng': 120.986084}, {'lat': 14.565049, 'lng': 120.986243}, {'lat': 14.564891, 'lng': 120.986319}, {'lat': 14.564857, 'lng': 120.986238}, {'lat': 14.564707, 'lng': 120.985892}, {'lat': 14.564634, 'lng': 120.985723}, {'lat': 14.564529, 'lng': 120.985478}, {'lat': 14.564494, 'lng': 120.985394}, {'lat': 14.564468, 'lng': 120.985336}, {'lat': 14.564445, 'lng': 120.985284}, {'lat': 14.564348, 'lng': 120.985062}, {'lat': 14.564298, 'lng': 120.984945}, {'lat': 14.56422, 'lng': 120.984979}, {'lat': 14.564148, 'lng': 120.985009}, {'lat': 14.563992, 'lng': 120.985077}, {'lat': 14.562779, 'lng': 120.985607}, {'lat': 14.562248, 'lng': 120.985842}, {'lat': 14.561273, 'lng': 120.98627}, {'lat': 14.560415, 'lng': 120.986649}, {'lat': 14.55969, 'lng': 120.986968}, {'lat': 14.559607, 'lng': 120.987006}, {'lat': 14.559571, 'lng': 120.98688}, {'lat': 14.559542, 'lng': 120.986782}, {'lat': 14.559449, 'lng': 120.98645}, {'lat': 14.559398, 'lng': 120.986315}, {'lat': 14.559304, 'lng': 120.986091}, {'lat': 14.559266, 'lng': 120.986019}, {'lat': 14.559113, 'lng': 120.985731}, {'lat': 14.558917, 'lng': 120.985396}, {'lat': 14.558869, 'lng': 120.985313}, {'lat': 14.558733, 'lng': 120.985151}, {'lat': 14.558699, 'lng': 120.985111}, {'lat': 14.55863, 'lng': 120.985029}, {'lat': 14.558472, 'lng': 120.984847}, {'lat': 14.558358, 'lng': 120.984714}, {'lat': 14.558331, 'lng': 120.984681}, {'lat': 14.558253, 'lng': 120.984584}, {'lat': 14.558233, 'lng': 120.984562}, {'lat': 14.558165, 'lng': 120.984468}, {'lat': 14.558122, 'lng': 120.98441}, {'lat': 14.558018, 'lng': 120.98424}, {'lat': 14.558108, 'lng': 120.984182}, {'lat': 14.558224, 'lng': 120.984366}]",9,1784906436422,660.0,600,2838.886,2511.822
route-1784907225680-6363,wbYD9pTHrVY7hWNfTddd,Initial Route,"[{'lat': 14.558035, 'lng': 120.984463}, {'lat': 14.558101, 'lng': 120.984563}, {'lat': 14.558167, 'lng': 120.984648}, {'lat': 14.558255, 'lng': 120.98476}, {'lat': 14.558265, 'lng': 120.984771}, {'lat': 14.558373, 'lng': 120.984902}, {'lat': 14.558513, 'lng': 120.985057}, {'lat': 14.558628, 'lng': 120.985198}, {'lat': 14.558757, 'lng': 120.985365}, {'lat': 14.55881, 'lng': 120.985453}, {'lat': 14.559007, 'lng': 120.985785}, {'lat': 14.559239, 'lng': 120.986201}, {'lat': 14.559295, 'lng': 120.986343}, {'lat': 14.559346, 'lng': 120.986492}, {'lat': 14.55946, 'lng': 120.986923}, {'lat': 14.559473, 'lng': 120.98697}, {'lat': 14.559495, 'lng': 120.987051}, {'lat': 14.559534, 'lng': 120.987177}, {'lat': 14.559586, 'lng': 120.987265}, {'lat': 14.559666, 'lng': 120.987401}, {'lat': 14.559686, 'lng': 120.987486}, {'lat': 14.559702, 'lng': 120.987554}, {'lat': 14.559945, 'lng': 120.988485}, {'lat': 14.560052, 'lng': 120.988894}, {'lat': 14.56013, 'lng': 120.98921}, {'lat': 14.560151, 'lng': 120.989294}, {'lat': 14.560168, 'lng': 120.98934}, {'lat': 14.560193, 'lng': 120.989436}, {'lat': 14.560213, 'lng': 120.989516}, {'lat': 14.5604, 'lng': 120.99027}, {'lat': 14.560429, 'lng': 120.990386}, {'lat': 14.560525, 'lng': 120.990773}, {'lat': 14.560711, 'lng': 120.991519}, {'lat': 14.560885, 'lng': 120.99222}, {'lat': 14.560908, 'lng': 120.992311}, {'lat': 14.560926, 'lng': 120.992391}, {'lat': 14.560929, 'lng': 120.992495}, {'lat': 14.560947, 'lng': 120.992642}, {'lat': 14.561087, 'lng': 120.993154}, {'lat': 14.561102, 'lng': 120.993265}, {'lat': 14.561131, 'lng': 120.993477}, {'lat': 14.561153, 'lng': 120.993626}, {'lat': 14.561192, 'lng': 120.993794}, {'lat': 14.561217, 'lng': 120.993901}, {'lat': 14.561228, 'lng': 120.993924}, {'lat': 14.561353, 'lng': 120.994146}, {'lat': 14.561424, 'lng': 120.994217}, {'lat': 14.561758, 'lng': 120.994354}, {'lat': 14.561877, 'lng': 120.994432}, {'lat': 14.561878, 'lng': 120.994432}]",1,1784907225680,,300,,1188.828
route-1784907364619-5992,wbYD9pTHrVY7hWNfTddd,Regenerated Route,"[{'lat': 14.561041, 'lng': 120.989117}, {'lat': 14.560985, 'lng': 120.989004}, {'lat': 14.560706, 'lng': 120.989157}, {'lat': 14.560284, 'lng': 120.989386}, {'lat': 14.560193, 'lng': 120.989436}, {'lat': 14.560213, 'lng': 120.989516}, {'lat': 14.5604, 'lng': 120.99027}, {'lat': 14.560429, 'lng': 120.990386}, {'lat': 14.560525, 'lng': 120.990773}, {'lat': 14.560711, 'lng': 120.991519}, {'lat': 14.560885, 'lng': 120.99222}, {'lat': 14.560908, 'lng': 120.992311}, {'lat': 14.560926, 'lng': 120.992391}, {'lat': 14.560929, 'lng': 120.992495}, {'lat': 14.560947, 'lng': 120.992642}, {'lat': 14.561087, 'lng': 120.993154}, {'lat': 14.561102, 'lng': 120.993265}, {'lat': 14.561131, 'lng': 120.993477}, {'lat': 14.561153, 'lng': 120.993626}, {'lat': 14.561192, 'lng': 120.993794}, {'lat': 14.561217, 'lng': 120.993901}, {'lat': 14.561228, 'lng': 120.993924}, {'lat': 14.561353, 'lng': 120.994146}, {'lat': 14.561424, 'lng': 120.994217}, {'lat': 14.561758, 'lng': 120.994354}, {'lat': 14.561877, 'lng': 120.994432}, {'lat': 14.561878, 'lng': 120.994432}]",2,1784907364619,300.0,180,1188.828,705.58
route-1784907410411-931,wbYD9pTHrVY7hWNfTddd,Regenerated Route,"[{'lat': 14.562126, 'lng': 120.991307}, {'lat': 14.562275, 'lng': 120.991608}, {'lat': 14.561268, 'lng': 120.992126}, {'lat': 14.560997, 'lng': 120.992266}, {'lat': 14.560908, 'lng': 120.992311}, {'lat': 14.560926, 'lng': 120.992391}, {'lat': 14.560929, 'lng': 120.992495}, {'lat': 14.560947, 'lng': 120.992642}, {'lat': 14.561087, 'lng': 120.993154}, {'lat': 14.561102, 'lng': 120.993265}, {'lat': 14.561131, 'lng': 120.993477}, {'lat': 14.561153, 'lng': 120.993626}, {'lat': 14.561192, 'lng': 120.993794}, {'lat': 14.561217, 'lng': 120.993901}, {'lat': 14.561228, 'lng': 120.993924}, {'lat': 14.561353, 'lng': 120.994146}, {'lat': 14.561424, 'lng': 120.994217}, {'lat': 14.561758, 'lng': 120.994354}, {'lat': 14.561877, 'lng': 120.994432}, {'lat': 14.561878, 'lng': 120.994432}]",3,1784907410411,180.0,120,705.58,478.83
route-1784907764339-3193,HPlut9DmFm7I4qbQr8b2,Initial Route,"[{'lat': 14.562201, 'lng': 120.994644}, {'lat': 14.562454, 'lng': 120.99481}, {'lat': 14.56257, 'lng': 120.99502}, {'lat': 14.562602, 'lng': 120.995096}, {'lat': 14.562632, 'lng': 120.99514}, {'lat': 14.562669, 'lng': 120.995214}, {'lat': 14.562699, 'lng': 120.995294}, {'lat': 14.562722, 'lng': 120.995362}, {'lat': 14.562907, 'lng': 120.995803}, {'lat': 14.562954, 'lng': 120.995906}, {'lat': 14.56299, 'lng': 120.99599}, {'lat': 14.563132, 'lng': 120.996294}, {'lat': 14.563376, 'lng': 120.996849}, {'lat': 14.563484, 'lng': 120.997096}, {'lat': 14.563689, 'lng': 120.997545}, {'lat': 14.56371, 'lng': 120.997583}, {'lat': 14.563769, 'lng': 120.997712}, {'lat': 14.563874, 'lng': 120.997912}, {'lat': 14.563887, 'lng': 120.997937}, {'lat': 14.563944, 'lng': 120.998045}, {'lat': 14.564062, 'lng': 120.998273}, {'lat': 14.56336, 'lng': 120.998463}, {'lat': 14.563191, 'lng': 120.998512}, {'lat': 14.563347, 'lng': 120.998872}, {'lat': 14.563508, 'lng': 120.999188}, {'lat': 14.563678, 'lng': 120.999523}, {'lat': 14.563824, 'lng': 120.999812}, {'lat': 14.563986, 'lng': 121.000129}, {'lat': 14.564144, 'lng': 121.000441}, {'lat': 14.56429, 'lng': 121.000728}, {'lat': 14.563841, 'lng': 121.000967}, {'lat': 14.563713, 'lng': 121.00104}, {'lat': 14.563612, 'lng': 121.001108}, {'lat': 14.563377, 'lng': 121.001257}, {'lat': 14.562992, 'lng': 121.001516}, {'lat': 14.562592, 'lng': 121.001764}, {'lat': 14.562436, 'lng': 121.001863}]",1,1784907764339,,240,,1056.343
route-1784907957536-9990,HPlut9DmFm7I4qbQr8b2,Regenerated Route,"[{'lat': 14.562237, 'lng': 120.998862}, {'lat': 14.562075, 'lng': 120.998939}, {'lat': 14.562015, 'lng': 120.998986}, {'lat': 14.561955, 'lng': 120.99905}, {'lat': 14.561998, 'lng': 120.999092}, {'lat': 14.56231, 'lng': 120.999401}, {'lat': 14.56257, 'lng': 120.999659}, {'lat': 14.562835, 'lng': 120.999921}, {'lat': 14.563077, 'lng': 121.000208}, {'lat': 14.563345, 'lng': 121.000458}, {'lat': 14.563587, 'lng': 121.000713}, {'lat': 14.563616, 'lng': 121.000743}, {'lat': 14.563841, 'lng': 121.000967}, {'lat': 14.563713, 'lng': 121.00104}, {'lat': 14.563612, 'lng': 121.001108}, {'lat': 14.563377, 'lng': 121.001257}, {'lat': 14.562992, 'lng': 121.001516}, {'lat': 14.562592, 'lng': 121.001764}, {'lat': 14.562436, 'lng': 121.001863}]",2,1784907957536,240.0,120,1056.343,516.381
route-1784908061363-7738,Q8qOuhio9ifm5Rx1mEqG,Initial Route,"[{'lat': 14.563543, 'lng': 121.001152}, {'lat': 14.563612, 'lng': 121.001108}, {'lat': 14.563713, 'lng': 121.00104}, {'lat': 14.563841, 'lng': 121.000967}, {'lat': 14.56429, 'lng': 121.000728}, {'lat': 14.565123, 'lng': 121.000334}, {'lat': 14.564979, 'lng': 121.000042}, {'lat': 14.564806, 'lng': 120.999704}, {'lat': 14.564653, 'lng': 120.999403}, {'lat': 14.564556, 'lng': 120.999213}, {'lat': 14.564509, 'lng': 120.999119}, {'lat': 14.564318, 'lng': 120.998771}, {'lat': 14.564163, 'lng': 120.998471}, {'lat': 14.5641, 'lng': 120.998351}, {'lat': 14.564062, 'lng': 120.998273}, {'lat': 14.564576, 'lng': 120.998158}, {'lat': 14.564995, 'lng': 120.998079}, {'lat': 14.565413, 'lng': 120.998023}, {'lat': 14.565843, 'lng': 120.997955}, {'lat': 14.565942, 'lng': 120.997939}, {'lat': 14.56588, 'lng': 120.997786}, {'lat': 14.565873, 'lng': 120.997767}, {'lat': 14.56581, 'lng': 120.997614}, {'lat': 14.565807, 'lng': 120.997607}, {'lat': 14.565777, 'lng': 120.997535}, {'lat': 14.565734, 'lng': 120.997429}, {'lat': 14.56572, 'lng': 120.997395}, {'lat': 14.565656, 'lng': 120.99724}, {'lat': 14.565567, 'lng': 120.997022}, {'lat': 14.565538, 'lng': 120.996953}, {'lat': 14.56552, 'lng': 120.996913}, {'lat': 14.565271, 'lng': 120.996337}, {'lat': 14.565193, 'lng': 120.996158}, {'lat': 14.565005, 'lng': 120.995723}, {'lat': 14.564916, 'lng': 120.995529}, {'lat': 14.564765, 'lng': 120.995201}, {'lat': 14.564749, 'lng': 120.995165}, {'lat': 14.564733, 'lng': 120.99513}, {'lat': 14.564415, 'lng': 120.994463}, {'lat': 14.564398, 'lng': 120.99443}, {'lat': 14.564363, 'lng': 120.994343}, {'lat': 14.56434, 'lng': 120.994293}, {'lat': 14.564291, 'lng': 120.994317}, {'lat': 14.56426, 'lng': 120.994332}, {'lat': 14.563954, 'lng': 120.994473}, {'lat': 14.563791, 'lng': 120.994553}, {'lat': 14.563742, 'lng': 120.994579}, {'lat': 14.563535, 'lng': 120.994682}, {'lat': 14.563497, 'lng': 120.994699}, {'lat': 14.563204, 'lng': 120.994836}, {'lat': 14.563167, 'lng': 120.994852}, {'lat': 14.563144, 'lng': 120.99479}, {'lat': 14.563127, 'lng': 120.994731}, {'lat': 14.563127, 'lng': 120.994714}, {'lat': 14.563133, 'lng': 120.994695}, {'lat': 14.563144, 'lng': 120.994679}, {'lat': 14.563159, 'lng': 120.994668}, {'lat': 14.563217, 'lng': 120.99464}, {'lat': 14.563252, 'lng': 120.994625}, {'lat': 14.563277, 'lng': 120.994612}, {'lat': 14.563283, 'lng': 120.994609}]",1,1784908061363,,300,,1273.455
route-1784908130464-8950,Q8qOuhio9ifm5Rx1mEqG,Regenerated Route,"[{'lat': 14.565991, 'lng': 120.999904}, {'lat': 14.566249, 'lng': 120.999785}, {'lat': 14.566709, 'lng': 120.999561}, {'lat': 14.566411, 'lng': 120.998929}, {'lat': 14.566267, 'lng': 120.998622}, {'lat': 14.56612, 'lng': 120.99831}, {'lat': 14.565979, 'lng': 120.998018}, {'lat': 14.565942, 'lng': 120.997939}, {'lat': 14.56588, 'lng': 120.997786}, {'lat': 14.565873, 'lng': 120.997767}, {'lat': 14.56581, 'lng': 120.997614}, {'lat': 14.565807, 'lng': 120.997607}, {'lat': 14.565777, 'lng': 120.997535}, {'lat': 14.565734, 'lng': 120.997429}, {'lat': 14.56572, 'lng': 120.997395}, {'lat': 14.565656, 'lng': 120.99724}, {'lat': 14.565567, 'lng': 120.997022}, {'lat': 14.565538, 'lng': 120.996953}, {'lat': 14.56552, 'lng': 120.996913}, {'lat': 14.565271, 'lng': 120.996337}, {'lat': 14.565193, 'lng': 120.996158}, {'lat': 14.565005, 'lng': 120.995723}, {'lat': 14.564916, 'lng': 120.995529}, {'lat': 14.564765, 'lng': 120.995201}, {'lat': 14.564749, 'lng': 120.995165}, {'lat': 14.564733, 'lng': 120.99513}, {'lat': 14.564415, 'lng': 120.994463}, {'lat': 14.564398, 'lng': 120.99443}, {'lat': 14.564363, 'lng': 120.994343}, {'lat': 14.56434, 'lng': 120.994293}, {'lat': 14.564291, 'lng': 120.994317}, {'lat': 14.56426, 'lng': 120.994332}, {'lat': 14.563954, 'lng': 120.994473}, {'lat': 14.563791, 'lng': 120.994553}, {'lat': 14.563742, 'lng': 120.994579}, {'lat': 14.563535, 'lng': 120.994682}, {'lat': 14.563497, 'lng': 120.994699}, {'lat': 14.563204, 'lng': 120.994836}, {'lat': 14.563167, 'lng': 120.994852}, {'lat': 14.563144, 'lng': 120.99479}, {'lat': 14.563127, 'lng': 120.994731}, {'lat': 14.563127, 'lng': 120.994714}, {'lat': 14.563133, 'lng': 120.994695}, {'lat': 14.563144, 'lng': 120.994679}, {'lat': 14.563159, 'lng': 120.994668}, {'lat': 14.563217, 'lng': 120.99464}, {'lat': 14.563252, 'lng': 120.994625}, {'lat': 14.563277, 'lng': 120.994612}, {'lat': 14.563283, 'lng': 120.994609}]",2,1784908130464,300.0,240,1273.455,895.05
route-1784908312608-27,Q8qOuhio9ifm5Rx1mEqG,Traffic Update,"[{'lat': 14.563647, 'lng': 120.994626}, {'lat': 14.563535, 'lng': 120.994682}, {'lat': 14.563497, 'lng': 120.994699}, {'lat': 14.563465, 'lng': 120.994626}, {'lat': 14.563428, 'lng': 120.994545}, {'lat': 14.563356, 'lng': 120.994577}, {'lat': 14.563283, 'lng': 120.994609}]",3,1784908312609,240.0,0,895.05,54.301
route-1784946867181-91,F4nyzbVQQ8TNQ0xn4cu5,Initial Route,"[{'lat': 14.562731, 'lng': 120.995187}, {'lat': 14.563347, 'lng': 120.994918}, {'lat': 14.563661, 'lng': 120.994781}, {'lat': 14.563801, 'lng': 120.99472}, {'lat': 14.563957, 'lng': 120.994644}, {'lat': 14.564348, 'lng': 120.994453}, {'lat': 14.564398, 'lng': 120.99443}, {'lat': 14.564506, 'lng': 120.99438}, {'lat': 14.565142, 'lng': 120.994072}, {'lat': 14.565203, 'lng': 120.994046}, {'lat': 14.56533, 'lng': 120.993989}, {'lat': 14.565363, 'lng': 120.993975}, {'lat': 14.565289, 'lng': 120.993844}, {'lat': 14.565085, 'lng': 120.993943}, {'lat': 14.565045, 'lng': 120.993962}, {'lat': 14.564795, 'lng': 120.994081}, {'lat': 14.56445, 'lng': 120.994243}, {'lat': 14.56434, 'lng': 120.994293}, {'lat': 14.564291, 'lng': 120.994317}, {'lat': 14.56426, 'lng': 120.994332}, {'lat': 14.563954, 'lng': 120.994473}, {'lat': 14.563791, 'lng': 120.994553}, {'lat': 14.563742, 'lng': 120.994579}, {'lat': 14.563535, 'lng': 120.994682}, {'lat': 14.563497, 'lng': 120.994699}, {'lat': 14.563204, 'lng': 120.994836}, {'lat': 14.563167, 'lng': 120.994852}, {'lat': 14.562677, 'lng': 120.995082}, {'lat': 14.562602, 'lng': 120.995096}, {'lat': 14.562338, 'lng': 120.995183}, {'lat': 14.560987, 'lng': 120.995533}, {'lat': 14.560782, 'lng': 120.99558}, {'lat': 14.560181, 'lng': 120.995714}, {'lat': 14.560101, 'lng': 120.9952}, {'lat': 14.560054, 'lng': 120.994894}, {'lat': 14.560001, 'lng': 120.99459}, {'lat': 14.559991, 'lng': 120.994534}, {'lat': 14.55973, 'lng': 120.992966}, {'lat': 14.559562, 'lng': 120.993027}, {'lat': 14.559267, 'lng': 120.993126}, {'lat': 14.559055, 'lng': 120.993189}, {'lat': 14.558703, 'lng': 120.993286}, {'lat': 14.558535, 'lng': 120.993323}, {'lat': 14.558248, 'lng': 120.993386}, {'lat': 14.558011, 'lng': 120.993438}, {'lat': 14.557973, 'lng': 120.993315}, {'lat': 14.557925, 'lng': 120.993161}, {'lat': 14.557823, 'lng': 120.99282}, {'lat': 14.557566, 'lng': 120.99198}, {'lat': 14.558141, 'lng': 120.991788}]",1,1784946867182,,540,,1673.826
route-1784947037836-1250,F4nyzbVQQ8TNQ0xn4cu5,Traffic Update,"[{'lat': 14.558389, 'lng': 120.993355}, {'lat': 14.558248, 'lng': 120.993386}, {'lat': 14.558011, 'lng': 120.993438}, {'lat': 14.557973, 'lng': 120.993315}, {'lat': 14.557925, 'lng': 120.993161}, {'lat': 14.557823, 'lng': 120.99282}, {'lat': 14.557566, 'lng': 120.99198}, {'lat': 14.558141, 'lng': 120.991788}, {'lat': 14.558141, 'lng': 120.991788}]",2,1784947037836,540.0,60,1673.826,274.962
route-1784948454040-4784,wFGPnR9h9dWI8UwbcSLb,Initial Route,"[{'lat': 14.562498, 'lng': 120.99489}, {'lat': 14.56257, 'lng': 120.99502}, {'lat': 14.562602, 'lng': 120.995096}, {'lat': 14.562632, 'lng': 120.99514}, {'lat': 14.562669, 'lng': 120.995214}, {'lat': 14.562731, 'lng': 120.995187}, {'lat': 14.563661, 'lng': 120.994781}, {'lat': 14.563801, 'lng': 120.99472}, {'lat': 14.564348, 'lng': 120.994453}, {'lat': 14.564398, 'lng': 120.99443}, {'lat': 14.564506, 'lng': 120.99438}, {'lat': 14.565142, 'lng': 120.994072}, {'lat': 14.565203, 'lng': 120.994046}, {'lat': 14.56533, 'lng': 120.993989}, {'lat': 14.565363, 'lng': 120.993975}, {'lat': 14.565289, 'lng': 120.993844}, {'lat': 14.565085, 'lng': 120.993943}, {'lat': 14.565045, 'lng': 120.993962}, {'lat': 14.564795, 'lng': 120.994081}, {'lat': 14.56445, 'lng': 120.994243}, {'lat': 14.56434, 'lng': 120.994293}, {'lat': 14.564291, 'lng': 120.994317}, {'lat': 14.56426, 'lng': 120.994332}, {'lat': 14.563954, 'lng': 120.994473}, {'lat': 14.563791, 'lng': 120.994553}, {'lat': 14.563742, 'lng': 120.994579}, {'lat': 14.563535, 'lng': 120.994682}, {'lat': 14.563497, 'lng': 120.994699}, {'lat': 14.563204, 'lng': 120.994836}, {'lat': 14.563167, 'lng': 120.994852}, {'lat': 14.563144, 'lng': 120.99479}, {'lat': 14.563127, 'lng': 120.994731}, {'lat': 14.563127, 'lng': 120.994714}, {'lat': 14.563133, 'lng': 120.994695}, {'lat': 14.563144, 'lng': 120.994679}, {'lat': 14.563159, 'lng': 120.994668}, {'lat': 14.563217, 'lng': 120.99464}, {'lat': 14.563252, 'lng': 120.994625}, {'lat': 14.563277, 'lng': 120.994612}, {'lat': 14.563283, 'lng': 120.994609}]",1,1784948454040,,180,,681.652
route-1784950240148-4869,zaDqAluWIugKykPrWuUB,Initial Route,"[{'lat': 14.561109, 'lng': 120.997071}, {'lat': 14.560758, 'lng': 120.997198}, {'lat': 14.560506, 'lng': 120.997287}, {'lat': 14.560318, 'lng': 120.997356}, {'lat': 14.560258, 'lng': 120.997379}, {'lat': 14.560165, 'lng': 120.997412}, {'lat': 14.559862, 'lng': 120.997523}, {'lat': 14.55959, 'lng': 120.997633}, {'lat': 14.559538, 'lng': 120.997653}, {'lat': 14.558686, 'lng': 120.997872}, {'lat': 14.558234, 'lng': 120.99803}, {'lat': 14.558038, 'lng': 120.998098}, {'lat': 14.557769, 'lng': 120.998192}, {'lat': 14.556829, 'lng': 120.998453}, {'lat': 14.556717, 'lng': 120.998478}, {'lat': 14.554709, 'lng': 120.999111}, {'lat': 14.554577, 'lng': 120.998625}, {'lat': 14.554496, 'lng': 120.99833}, {'lat': 14.554404, 'lng': 120.998}, {'lat': 14.554354, 'lng': 120.997818}, {'lat': 14.554319, 'lng': 120.997684}, {'lat': 14.554171, 'lng': 120.99718}, {'lat': 14.554152, 'lng': 120.997097}, {'lat': 14.554109, 'lng': 120.997024}, {'lat': 14.55402, 'lng': 120.996631}, {'lat': 14.554017, 'lng': 120.996522}, {'lat': 14.553998, 'lng': 120.996439}, {'lat': 14.553944, 'lng': 120.996206}, {'lat': 14.553915, 'lng': 120.996079}, {'lat': 14.553888, 'lng': 120.995962}, {'lat': 14.553809, 'lng': 120.995617}, {'lat': 14.553758, 'lng': 120.995352}, {'lat': 14.553724, 'lng': 120.995097}, {'lat': 14.553684, 'lng': 120.994789}, {'lat': 14.553644, 'lng': 120.994458}, {'lat': 14.55361, 'lng': 120.994234}, {'lat': 14.553587, 'lng': 120.99418}, {'lat': 14.553532, 'lng': 120.994132}, {'lat': 14.553461, 'lng': 120.994122}, {'lat': 14.553396, 'lng': 120.994152}, {'lat': 14.553356, 'lng': 120.994214}, {'lat': 14.553354, 'lng': 120.994288}, {'lat': 14.55338, 'lng': 120.994499}, {'lat': 14.553408, 'lng': 120.994764}, {'lat': 14.552907, 'lng': 120.994866}, {'lat': 14.552456, 'lng': 120.994959}]",1,1784950240148,,420,,1493.174
route-1784950419647-9916,zaDqAluWIugKykPrWuUB,Traffic Update,"[{'lat': 14.554671, 'lng': 120.998971}, {'lat': 14.554577, 'lng': 120.998625}, {'lat': 14.554508, 'lng': 120.998375}, {'lat': 14.554354, 'lng': 120.997818}, {'lat': 14.554353, 'lng': 120.997813}, {'lat': 14.554319, 'lng': 120.997684}, {'lat': 14.554171, 'lng': 120.99718}, {'lat': 14.554152, 'lng': 120.997097}, {'lat': 14.554109, 'lng': 120.997024}, {'lat': 14.55402, 'lng': 120.996631}, {'lat': 14.554017, 'lng': 120.996522}, {'lat': 14.553998, 'lng': 120.996439}, {'lat': 14.55394, 'lng': 120.996188}, {'lat': 14.553915, 'lng': 120.996079}, {'lat': 14.553884, 'lng': 120.995944}, {'lat': 14.553809, 'lng': 120.995617}, {'lat': 14.553758, 'lng': 120.995352}, {'lat': 14.553724, 'lng': 120.995097}, {'lat': 14.553684, 'lng': 120.994789}, {'lat': 14.553644, 'lng': 120.994458}, {'lat': 14.55361, 'lng': 120.994234}, {'lat': 14.553587, 'lng': 120.99418}, {'lat': 14.553532, 'lng': 120.994132}, {'lat': 14.553461, 'lng': 120.994122}, {'lat': 14.553396, 'lng': 120.994152}, {'lat': 14.553356, 'lng': 120.994214}, {'lat': 14.553354, 'lng': 120.994288}, {'lat': 14.55338, 'lng': 120.994499}, {'lat': 14.553408, 'lng': 120.994764}, {'lat': 14.552907, 'lng': 120.994866}, {'lat': 14.552456, 'lng': 120.994959}]",2,1784950419647,420.0,240,1493.174,731.415
route-1784954036337-2440,LqFv2iLqyiab44y6V6Qd,Initial Route,"[{'lat': 14.566016, 'lng': 120.994353}, {'lat': 14.565787, 'lng': 120.993827}, {'lat': 14.56577, 'lng': 120.993789}, {'lat': 14.565852, 'lng': 120.993749}, {'lat': 14.566025, 'lng': 120.993666}, {'lat': 14.566308, 'lng': 120.993531}, {'lat': 14.566404, 'lng': 120.993484}, {'lat': 14.566753, 'lng': 120.993317}, {'lat': 14.566783, 'lng': 120.993302}, {'lat': 14.567471, 'lng': 120.992966}, {'lat': 14.5694, 'lng': 120.992047}, {'lat': 14.56988, 'lng': 120.991816}, {'lat': 14.569953, 'lng': 120.991779}, {'lat': 14.57017, 'lng': 120.991669}, {'lat': 14.57026, 'lng': 120.991622}, {'lat': 14.570377, 'lng': 120.991556}, {'lat': 14.570485, 'lng': 120.991499}, {'lat': 14.570642, 'lng': 120.991416}, {'lat': 14.570735, 'lng': 120.991367}, {'lat': 14.57082, 'lng': 120.991319}, {'lat': 14.571392, 'lng': 120.990998}]",1,1784954036337,,180,,761.173
route-1784956174650-5636,DHn5YVp8ffLdybGrPaIu,Initial Route,"[{'lat': 14.564946, 'lng': 120.994009}, {'lat': 14.564795, 'lng': 120.994081}, {'lat': 14.56445, 'lng': 120.994243}, {'lat': 14.56434, 'lng': 120.994293}, {'lat': 14.564291, 'lng': 120.994317}, {'lat': 14.56426, 'lng': 120.994332}, {'lat': 14.563954, 'lng': 120.994473}, {'lat': 14.563791, 'lng': 120.994553}, {'lat': 14.563742, 'lng': 120.994579}, {'lat': 14.563535, 'lng': 120.994682}, {'lat': 14.563497, 'lng': 120.994699}, {'lat': 14.563204, 'lng': 120.994836}, {'lat': 14.563167, 'lng': 120.994852}, {'lat': 14.562677, 'lng': 120.995082}, {'lat': 14.562602, 'lng': 120.995096}, {'lat': 14.562632, 'lng': 120.99514}, {'lat': 14.562669, 'lng': 120.995214}, {'lat': 14.562731, 'lng': 120.995187}, {'lat': 14.563661, 'lng': 120.994781}, {'lat': 14.563801, 'lng': 120.99472}, {'lat': 14.564348, 'lng': 120.994453}, {'lat': 14.564398, 'lng': 120.99443}, {'lat': 14.564506, 'lng': 120.99438}, {'lat': 14.565142, 'lng': 120.994072}, {'lat': 14.565203, 'lng': 120.994046}, {'lat': 14.56533, 'lng': 120.993989}, {'lat': 14.565363, 'lng': 120.993975}, {'lat': 14.565541, 'lng': 120.993899}, {'lat': 14.56577, 'lng': 120.993789}, {'lat': 14.565852, 'lng': 120.993749}, {'lat': 14.566025, 'lng': 120.993666}, {'lat': 14.566308, 'lng': 120.993531}, {'lat': 14.566404, 'lng': 120.993484}, {'lat': 14.566753, 'lng': 120.993317}, {'lat': 14.566783, 'lng': 120.993302}, {'lat': 14.567471, 'lng': 120.992966}, {'lat': 14.5694, 'lng': 120.992047}, {'lat': 14.56988, 'lng': 120.991816}, {'lat': 14.569953, 'lng': 120.991779}, {'lat': 14.57017, 'lng': 120.991669}, {'lat': 14.57026, 'lng': 120.991622}, {'lat': 14.570372, 'lng': 120.99171}, {'lat': 14.570445, 'lng': 120.991776}, {'lat': 14.570392, 'lng': 120.991866}, {'lat': 14.570378, 'lng': 120.99192}, {'lat': 14.570377, 'lng': 120.991956}]",1,1784956174650,,360,,1278.298
route-1784956355585-5152,DHn5YVp8ffLdybGrPaIu,Traffic Update,"[{'lat': 14.570445, 'lng': 120.991776}, {'lat': 14.570392, 'lng': 120.991866}, {'lat': 14.570378, 'lng': 120.99192}, {'lat': 14.570377, 'lng': 120.991956}]",2,1784956355585,360.0,0,1278.298,21.253
route-1784956439743-8945,DHn5YVp8ffLdybGrPaIu,Regenerated Route,"[{'lat': 14.570619, 'lng': 120.992901}, {'lat': 14.570459, 'lng': 120.992477}, {'lat': 14.570897, 'lng': 120.992239}, {'lat': 14.570976, 'lng': 120.992196}, {'lat': 14.571099, 'lng': 120.992128}, {'lat': 14.571034, 'lng': 120.992075}, {'lat': 14.570999, 'lng': 120.992047}, {'lat': 14.570885, 'lng': 120.991959}, {'lat': 14.57069, 'lng': 120.991801}, {'lat': 14.570519, 'lng': 120.991668}, {'lat': 14.57049, 'lng': 120.991647}, {'lat': 14.570377, 'lng': 120.991556}, {'lat': 14.570296, 'lng': 120.991491}, {'lat': 14.570179, 'lng': 120.991555}, {'lat': 14.570103, 'lng': 120.991595}, {'lat': 14.569946, 'lng': 120.991681}, {'lat': 14.569841, 'lng': 120.99174}, {'lat': 14.569817, 'lng': 120.99175}, {'lat': 14.569358, 'lng': 120.991958}, {'lat': 14.5694, 'lng': 120.992047}, {'lat': 14.56988, 'lng': 120.991816}, {'lat': 14.569953, 'lng': 120.991779}, {'lat': 14.57017, 'lng': 120.991669}, {'lat': 14.57026, 'lng': 120.991622}, {'lat': 14.570372, 'lng': 120.99171}, {'lat': 14.570445, 'lng': 120.991776}, {'lat': 14.570392, 'lng': 120.991866}, {'lat': 14.570378, 'lng': 120.99192}, {'lat': 14.570377, 'lng': 120.991956}]",3,1784956439743,0.0,240,21.253,522.802
route-1784956546680-5663,P13AY12PfE7ky2UBFaVM,Initial Route,"[{'lat': 14.570713, 'lng': 120.993147}, {'lat': 14.570619, 'lng': 120.992901}, {'lat': 14.570459, 'lng': 120.992477}, {'lat': 14.570897, 'lng': 120.992239}, {'lat': 14.570976, 'lng': 120.992196}, {'lat': 14.571099, 'lng': 120.992128}, {'lat': 14.571034, 'lng': 120.992075}, {'lat': 14.570999, 'lng': 120.992047}, {'lat': 14.570885, 'lng': 120.991959}, {'lat': 14.57069, 'lng': 120.991801}, {'lat': 14.570519, 'lng': 120.991668}, {'lat': 14.57049, 'lng': 120.991647}, {'lat': 14.570377, 'lng': 120.991556}, {'lat': 14.570296, 'lng': 120.991491}, {'lat': 14.570179, 'lng': 120.991555}, {'lat': 14.570103, 'lng': 120.991595}, {'lat': 14.569946, 'lng': 120.991681}, {'lat': 14.569841, 'lng': 120.99174}, {'lat': 14.569817, 'lng': 120.99175}, {'lat': 14.569358, 'lng': 120.991958}, {'lat': 14.569295, 'lng': 120.991987}, {'lat': 14.568794, 'lng': 120.992214}, {'lat': 14.568619, 'lng': 120.992293}, {'lat': 14.568474, 'lng': 120.992359}, {'lat': 14.567418, 'lng': 120.992841}, {'lat': 14.567088, 'lng': 120.992987}, {'lat': 14.566997, 'lng': 120.993028}, {'lat': 14.56672, 'lng': 120.993154}, {'lat': 14.566685, 'lng': 120.99317}, {'lat': 14.56639, 'lng': 120.992505}, {'lat': 14.566465, 'lng': 120.992471}, {'lat': 14.566527, 'lng': 120.992436}, {'lat': 14.566644, 'lng': 120.992389}, {'lat': 14.56677, 'lng': 120.992331}, {'lat': 14.567279, 'lng': 120.992108}, {'lat': 14.567285, 'lng': 120.992104}, {'lat': 14.567247, 'lng': 120.992016}, {'lat': 14.567037, 'lng': 120.991529}, {'lat': 14.566968, 'lng': 120.991368}, {'lat': 14.567391, 'lng': 120.991123}, {'lat': 14.567384, 'lng': 120.991107}]",1,1784956546680,,300,,1041.842
route-1784956726540-5731,P13AY12PfE7ky2UBFaVM,Traffic Update,"[{'lat': 14.56788, 'lng': 120.992771}, {'lat': 14.5694, 'lng': 120.992047}, {'lat': 14.569358, 'lng': 120.991958}, {'lat': 14.569295, 'lng': 120.991987}, {'lat': 14.568794, 'lng': 120.992214}, {'lat': 14.568619, 'lng': 120.992293}, {'lat': 14.568474, 'lng': 120.992359}, {'lat': 14.567418, 'lng': 120.992841}, {'lat': 14.567088, 'lng': 120.992987}, {'lat': 14.566997, 'lng': 120.993028}, {'lat': 14.56672, 'lng': 120.993154}, {'lat': 14.566685, 'lng': 120.99317}, {'lat': 14.56639, 'lng': 120.992505}, {'lat': 14.566465, 'lng': 120.992471}, {'lat': 14.566527, 'lng': 120.992436}, {'lat': 14.566644, 'lng': 120.992389}, {'lat': 14.56677, 'lng': 120.992331}, {'lat': 14.567279, 'lng': 120.992108}, {'lat': 14.567285, 'lng': 120.992104}, {'lat': 14.567247, 'lng': 120.992016}, {'lat': 14.567037, 'lng': 120.991529}, {'lat': 14.566968, 'lng': 120.991368}, {'lat': 14.567391, 'lng': 120.991123}, {'lat': 14.567384, 'lng': 120.991107}]",2,1784956726540,300.0,180,1041.842,852.067
route-1784957977673-8190,wFGPnR9h9dWI8UwbcSLb,Regenerated Route,"[{'lat': 14.562422, 'lng': 120.994789}, {'lat': 14.562454, 'lng': 120.99481}, {'lat': 14.56257, 'lng': 120.99502}, {'lat': 14.562602, 'lng': 120.995096}, {'lat': 14.562632, 'lng': 120.99514}, {'lat': 14.562669, 'lng': 120.995214}, {'lat': 14.562731, 'lng': 120.995187}, {'lat': 14.563661, 'lng': 120.994781}, {'lat': 14.563801, 'lng': 120.99472}, {'lat': 14.564348, 'lng': 120.994453}, {'lat': 14.564398, 'lng': 120.99443}, {'lat': 14.564506, 'lng': 120.99438}, {'lat': 14.565142, 'lng': 120.994072}, {'lat': 14.565203, 'lng': 120.994046}, {'lat': 14.56533, 'lng': 120.993989}, {'lat': 14.565363, 'lng': 120.993975}, {'lat': 14.565289, 'lng': 120.993844}, {'lat': 14.565085, 'lng': 120.993943}, {'lat': 14.565045, 'lng': 120.993962}, {'lat': 14.564795, 'lng': 120.994081}, {'lat': 14.56445, 'lng': 120.994243}, {'lat': 14.56434, 'lng': 120.994293}, {'lat': 14.564291, 'lng': 120.994317}, {'lat': 14.56426, 'lng': 120.994332}, {'lat': 14.563954, 'lng': 120.994473}, {'lat': 14.563791, 'lng': 120.994553}, {'lat': 14.563742, 'lng': 120.994579}, {'lat': 14.563535, 'lng': 120.994682}, {'lat': 14.563497, 'lng': 120.994699}, {'lat': 14.563204, 'lng': 120.994836}, {'lat': 14.563167, 'lng': 120.994852}, {'lat': 14.563144, 'lng': 120.99479}, {'lat': 14.563127, 'lng': 120.994731}, {'lat': 14.563127, 'lng': 120.994714}, {'lat': 14.563133, 'lng': 120.994695}, {'lat': 14.563144, 'lng': 120.994679}, {'lat': 14.563159, 'lng': 120.994668}, {'lat': 14.563217, 'lng': 120.99464}, {'lat': 14.563252, 'lng': 120.994625}, {'lat': 14.563277, 'lng': 120.994612}, {'lat': 14.563283, 'lng': 120.994609}]",2,1784957977673,180.0,240,681.652,695.771
route-1784963160844-6609,zGasBnkSGcOdCYb8NHaB,Initial Route,"[{'lat': 14.56284, 'lng': 120.995005}, {'lat': 14.562677, 'lng': 120.995082}, {'lat': 14.562602, 'lng': 120.995096}, {'lat': 14.562632, 'lng': 120.99514}, {'lat': 14.562669, 'lng': 120.995214}, {'lat': 14.562699, 'lng': 120.995294}, {'lat': 14.562722, 'lng': 120.995362}, {'lat': 14.562907, 'lng': 120.995803}, {'lat': 14.562954, 'lng': 120.995906}, {'lat': 14.56299, 'lng': 120.99599}, {'lat': 14.563132, 'lng': 120.996294}, {'lat': 14.563376, 'lng': 120.996849}, {'lat': 14.563484, 'lng': 120.997096}, {'lat': 14.563689, 'lng': 120.997545}, {'lat': 14.56371, 'lng': 120.997583}, {'lat': 14.563769, 'lng': 120.997712}, {'lat': 14.563874, 'lng': 120.997912}, {'lat': 14.563887, 'lng': 120.997937}, {'lat': 14.563944, 'lng': 120.998045}, {'lat': 14.564062, 'lng': 120.998273}, {'lat': 14.564576, 'lng': 120.998158}, {'lat': 14.564959, 'lng': 120.998893}, {'lat': 14.564978, 'lng': 120.998929}, {'lat': 14.565268, 'lng': 120.99948}, {'lat': 14.565582, 'lng': 121.00011}, {'lat': 14.565123, 'lng': 121.000334}, {'lat': 14.56429, 'lng': 121.000728}, {'lat': 14.563841, 'lng': 121.000967}, {'lat': 14.563713, 'lng': 121.00104}, {'lat': 14.563612, 'lng': 121.001108}, {'lat': 14.563377, 'lng': 121.001257}, {'lat': 14.562992, 'lng': 121.001516}, {'lat': 14.562592, 'lng': 121.001764}, {'lat': 14.562192, 'lng': 121.002018}, {'lat': 14.561797, 'lng': 121.002275}, {'lat': 14.561542, 'lng': 121.002438}, {'lat': 14.561343, 'lng': 121.002557}, {'lat': 14.561163, 'lng': 121.002666}, {'lat': 14.561096, 'lng': 121.0027}, {'lat': 14.561051, 'lng': 121.002716}]",1,1784963160844,,300,,1282.699
route-1784963170283-8326,zGasBnkSGcOdCYb8NHaB,Regenerated Route,"[{'lat': 14.56284, 'lng': 120.995005}, {'lat': 14.562677, 'lng': 120.995082}, {'lat': 14.562602, 'lng': 120.995096}, {'lat': 14.562632, 'lng': 120.99514}, {'lat': 14.562669, 'lng': 120.995214}, {'lat': 14.562699, 'lng': 120.995294}, {'lat': 14.562722, 'lng': 120.995362}, {'lat': 14.562907, 'lng': 120.995803}, {'lat': 14.562954, 'lng': 120.995906}, {'lat': 14.56299, 'lng': 120.99599}, {'lat': 14.563132, 'lng': 120.996294}, {'lat': 14.563376, 'lng': 120.996849}, {'lat': 14.563484, 'lng': 120.997096}, {'lat': 14.563689, 'lng': 120.997545}, {'lat': 14.56371, 'lng': 120.997583}, {'lat': 14.563769, 'lng': 120.997712}, {'lat': 14.563874, 'lng': 120.997912}, {'lat': 14.563887, 'lng': 120.997937}, {'lat': 14.563944, 'lng': 120.998045}, {'lat': 14.564062, 'lng': 120.998273}, {'lat': 14.564576, 'lng': 120.998158}, {'lat': 14.564959, 'lng': 120.998893}, {'lat': 14.564978, 'lng': 120.998929}, {'lat': 14.565268, 'lng': 120.99948}, {'lat': 14.565582, 'lng': 121.00011}, {'lat': 14.565123, 'lng': 121.000334}, {'lat': 14.56429, 'lng': 121.000728}, {'lat': 14.563841, 'lng': 121.000967}, {'lat': 14.563713, 'lng': 121.00104}, {'lat': 14.563612, 'lng': 121.001108}, {'lat': 14.563377, 'lng': 121.001257}, {'lat': 14.562992, 'lng': 121.001516}, {'lat': 14.562592, 'lng': 121.001764}, {'lat': 14.562192, 'lng': 121.002018}, {'lat': 14.561797, 'lng': 121.002275}, {'lat': 14.561542, 'lng': 121.002438}, {'lat': 14.561343, 'lng': 121.002557}, {'lat': 14.561163, 'lng': 121.002666}, {'lat': 14.561096, 'lng': 121.0027}, {'lat': 14.561051, 'lng': 121.002716}]",2,1784963170283,300.0,300,1282.699,1282.699
route-1784963374833-9681,zGasBnkSGcOdCYb8NHaB,Regenerated Route,"[{'lat': 14.562968, 'lng': 120.998577}, {'lat': 14.562799, 'lng': 120.998626}, {'lat': 14.562399, 'lng': 120.998786}, {'lat': 14.562075, 'lng': 120.998939}, {'lat': 14.562015, 'lng': 120.998986}, {'lat': 14.561955, 'lng': 120.99905}, {'lat': 14.561875, 'lng': 120.999132}, {'lat': 14.561853, 'lng': 120.999156}, {'lat': 14.561559, 'lng': 120.99947}, {'lat': 14.561441, 'lng': 120.999621}, {'lat': 14.561375, 'lng': 120.999726}, {'lat': 14.56133, 'lng': 120.999803}, {'lat': 14.561274, 'lng': 120.999919}, {'lat': 14.561229, 'lng': 121.000042}, {'lat': 14.561213, 'lng': 121.000084}, {'lat': 14.561158, 'lng': 121.000278}, {'lat': 14.561122, 'lng': 121.00047}, {'lat': 14.56109, 'lng': 121.000704}, {'lat': 14.561079, 'lng': 121.000786}, {'lat': 14.560984, 'lng': 121.000817}, {'lat': 14.560504, 'lng': 121.000943}, {'lat': 14.559709, 'lng': 121.001155}, {'lat': 14.559718, 'lng': 121.001241}, {'lat': 14.559786, 'lng': 121.001641}, {'lat': 14.559851, 'lng': 121.002067}, {'lat': 14.559929, 'lng': 121.002521}, {'lat': 14.559967, 'lng': 121.002759}, {'lat': 14.560005, 'lng': 121.002997}, {'lat': 14.56057, 'lng': 121.002848}, {'lat': 14.561051, 'lng': 121.002716}]",3,1784963374833,300.0,180,1282.699,821.529
route-1784965206599-5666,b72kbSj4zms7yk6xGF5G,Initial Route,"[{'lat': 14.557205, 'lng': 120.996402}, {'lat': 14.557051, 'lng': 120.996438}, {'lat': 14.556987, 'lng': 120.996453}, {'lat': 14.556253, 'lng': 120.996614}, {'lat': 14.556179, 'lng': 120.996631}, {'lat': 14.55588, 'lng': 120.996695}, {'lat': 14.555749, 'lng': 120.996724}, {'lat': 14.555617, 'lng': 120.996755}, {'lat': 14.555039, 'lng': 120.996893}, {'lat': 14.554731, 'lng': 120.996966}, {'lat': 14.554627, 'lng': 120.996988}, {'lat': 14.554152, 'lng': 120.997097}, {'lat': 14.554109, 'lng': 120.997024}, {'lat': 14.55402, 'lng': 120.996631}, {'lat': 14.554017, 'lng': 120.996522}, {'lat': 14.553998, 'lng': 120.996439}, {'lat': 14.553915, 'lng': 120.996079}, {'lat': 14.553809, 'lng': 120.995617}, {'lat': 14.553758, 'lng': 120.995352}, {'lat': 14.553724, 'lng': 120.995097}, {'lat': 14.553684, 'lng': 120.994789}, {'lat': 14.553644, 'lng': 120.994458}, {'lat': 14.55361, 'lng': 120.994234}, {'lat': 14.553566, 'lng': 120.993902}, {'lat': 14.553532, 'lng': 120.993563}, {'lat': 14.553461, 'lng': 120.993087}, {'lat': 14.553396, 'lng': 120.992768}, {'lat': 14.553293, 'lng': 120.992373}, {'lat': 14.553188, 'lng': 120.992005}, {'lat': 14.553169, 'lng': 120.991943}, {'lat': 14.553019, 'lng': 120.991455}, {'lat': 14.552946, 'lng': 120.991217}, {'lat': 14.552918, 'lng': 120.991127}, {'lat': 14.552785, 'lng': 120.990702}, {'lat': 14.55266, 'lng': 120.990304}, {'lat': 14.552574, 'lng': 120.990033}, {'lat': 14.552538, 'lng': 120.989919}, {'lat': 14.552517, 'lng': 120.989852}, {'lat': 14.552481, 'lng': 120.989737}, {'lat': 14.552432, 'lng': 120.989569}, {'lat': 14.552578, 'lng': 120.989524}, {'lat': 14.552771, 'lng': 120.989464}, {'lat': 14.5535, 'lng': 120.989247}, {'lat': 14.554367, 'lng': 120.988957}, {'lat': 14.554516, 'lng': 120.988894}, {'lat': 14.554572, 'lng': 120.988861}, {'lat': 14.554625, 'lng': 120.988819}, {'lat': 14.554766, 'lng': 120.988774}, {'lat': 14.554841, 'lng': 120.988987}, {'lat': 14.555116, 'lng': 120.988897}, {'lat': 14.555491, 'lng': 120.988776}, {'lat': 14.555639, 'lng': 120.988728}, {'lat': 14.556319, 'lng': 120.988508}, {'lat': 14.556615, 'lng': 120.98841}, {'lat': 14.556929, 'lng': 120.988301}, {'lat': 14.55747, 'lng': 120.988131}, {'lat': 14.557578, 'lng': 120.9883}, {'lat': 14.55756, 'lng': 120.98832}, {'lat': 14.557549, 'lng': 120.988341}, {'lat': 14.557548, 'lng': 120.988379}, {'lat': 14.557562, 'lng': 120.988424}, {'lat': 14.557585, 'lng': 120.98846}, {'lat': 14.557622, 'lng': 120.988488}, {'lat': 14.557657, 'lng': 120.988505}, {'lat': 14.557693, 'lng': 120.988509}]",1,1784965206599,,420,,1844.46
route-1784965262408-876,b72kbSj4zms7yk6xGF5G,Regenerated Route,"[{'lat': 14.555484, 'lng': 120.995732}, {'lat': 14.555393, 'lng': 120.995499}, {'lat': 14.555384, 'lng': 120.995478}, {'lat': 14.55531, 'lng': 120.99529}, {'lat': 14.555226, 'lng': 120.995053}, {'lat': 14.555169, 'lng': 120.994892}, {'lat': 14.55498, 'lng': 120.994359}, {'lat': 14.554334, 'lng': 120.994615}, {'lat': 14.554272, 'lng': 120.994642}, {'lat': 14.554007, 'lng': 120.994726}, {'lat': 14.553976, 'lng': 120.994736}, {'lat': 14.553842, 'lng': 120.99476}, {'lat': 14.55374, 'lng': 120.994779}, {'lat': 14.553684, 'lng': 120.994789}, {'lat': 14.553644, 'lng': 120.994458}, {'lat': 14.55361, 'lng': 120.994234}, {'lat': 14.553566, 'lng': 120.993902}, {'lat': 14.553532, 'lng': 120.993563}, {'lat': 14.553461, 'lng': 120.993087}, {'lat': 14.553396, 'lng': 120.992768}, {'lat': 14.553293, 'lng': 120.992373}, {'lat': 14.553188, 'lng': 120.992005}, {'lat': 14.553169, 'lng': 120.991943}, {'lat': 14.553019, 'lng': 120.991455}, {'lat': 14.552946, 'lng': 120.991217}, {'lat': 14.552918, 'lng': 120.991127}, {'lat': 14.552785, 'lng': 120.990702}, {'lat': 14.55266, 'lng': 120.990304}, {'lat': 14.552574, 'lng': 120.990033}, {'lat': 14.552538, 'lng': 120.989919}, {'lat': 14.552517, 'lng': 120.989852}, {'lat': 14.552481, 'lng': 120.989737}, {'lat': 14.552432, 'lng': 120.989569}, {'lat': 14.552578, 'lng': 120.989524}, {'lat': 14.552771, 'lng': 120.989464}, {'lat': 14.5535, 'lng': 120.989247}, {'lat': 14.554367, 'lng': 120.988957}, {'lat': 14.554516, 'lng': 120.988894}, {'lat': 14.554572, 'lng': 120.988861}, {'lat': 14.554625, 'lng': 120.988819}, {'lat': 14.554766, 'lng': 120.988774}, {'lat': 14.554841, 'lng': 120.988987}, {'lat': 14.555116, 'lng': 120.988897}, {'lat': 14.555491, 'lng': 120.988776}, {'lat': 14.555639, 'lng': 120.988728}, {'lat': 14.556319, 'lng': 120.988508}, {'lat': 14.556615, 'lng': 120.98841}, {'lat': 14.556929, 'lng': 120.988301}, {'lat': 14.55747, 'lng': 120.988131}, {'lat': 14.557578, 'lng': 120.9883}, {'lat': 14.55756, 'lng': 120.98832}, {'lat': 14.557549, 'lng': 120.988341}, {'lat': 14.557548, 'lng': 120.988379}, {'lat': 14.557562, 'lng': 120.988424}, {'lat': 14.557585, 'lng': 120.98846}, {'lat': 14.557622, 'lng': 120.988488}, {'lat': 14.557657, 'lng': 120.988505}, {'lat': 14.557693, 'lng': 120.988509}]",2,1784965262408,420.0,360,1844.46,1551.658
route-1784965444561-6426,b72kbSj4zms7yk6xGF5G,Traffic Update,"[{'lat': 14.554428, 'lng': 120.989164}, {'lat': 14.554415, 'lng': 120.989119}, {'lat': 14.554841, 'lng': 120.988987}, {'lat': 14.555116, 'lng': 120.988897}, {'lat': 14.555491, 'lng': 120.988776}, {'lat': 14.555639, 'lng': 120.988728}, {'lat': 14.556319, 'lng': 120.988508}, {'lat': 14.556615, 'lng': 120.98841}, {'lat': 14.556929, 'lng': 120.988301}, {'lat': 14.55747, 'lng': 120.988131}, {'lat': 14.557578, 'lng': 120.9883}, {'lat': 14.55756, 'lng': 120.98832}, {'lat': 14.557549, 'lng': 120.988341}, {'lat': 14.557548, 'lng': 120.988379}, {'lat': 14.557562, 'lng': 120.988424}, {'lat': 14.557585, 'lng': 120.98846}, {'lat': 14.557622, 'lng': 120.988488}, {'lat': 14.557657, 'lng': 120.988505}, {'lat': 14.557693, 'lng': 120.988509}]",3,1784965444561,360.0,120,1551.658,415.996
route-1784969504527-9117,aTj3bXMTL3inZhIgq22m,Initial Route,"[{'lat': 14.563431, 'lng': 120.99446}, {'lat': 14.563469, 'lng': 120.99453}, {'lat': 14.563535, 'lng': 120.994682}, {'lat': 14.563497, 'lng': 120.994699}, {'lat': 14.563204, 'lng': 120.994836}, {'lat': 14.563167, 'lng': 120.994852}, {'lat': 14.562677, 'lng': 120.995082}, {'lat': 14.562602, 'lng': 120.995096}, {'lat': 14.562632, 'lng': 120.99514}, {'lat': 14.562669, 'lng': 120.995214}, {'lat': 14.562699, 'lng': 120.995294}, {'lat': 14.562722, 'lng': 120.995362}, {'lat': 14.562907, 'lng': 120.995803}, {'lat': 14.562954, 'lng': 120.995906}, {'lat': 14.56299, 'lng': 120.99599}, {'lat': 14.563132, 'lng': 120.996294}, {'lat': 14.563376, 'lng': 120.996849}, {'lat': 14.563484, 'lng': 120.997096}, {'lat': 14.563689, 'lng': 120.997545}, {'lat': 14.56371, 'lng': 120.997583}, {'lat': 14.563769, 'lng': 120.997712}, {'lat': 14.563874, 'lng': 120.997912}, {'lat': 14.563887, 'lng': 120.997937}, {'lat': 14.563944, 'lng': 120.998045}, {'lat': 14.564062, 'lng': 120.998273}, {'lat': 14.564576, 'lng': 120.998158}, {'lat': 14.564995, 'lng': 120.998079}, {'lat': 14.565413, 'lng': 120.998023}, {'lat': 14.565843, 'lng': 120.997955}, {'lat': 14.565942, 'lng': 120.997939}, {'lat': 14.566046, 'lng': 120.997925}, {'lat': 14.566601, 'lng': 120.997915}, {'lat': 14.56663, 'lng': 120.997914}, {'lat': 14.566737, 'lng': 120.997912}, {'lat': 14.566765, 'lng': 120.997914}, {'lat': 14.567594, 'lng': 120.997986}, {'lat': 14.567876, 'lng': 120.99801}, {'lat': 14.568105, 'lng': 120.998027}, {'lat': 14.568111, 'lng': 120.997876}, {'lat': 14.568114, 'lng': 120.997787}, {'lat': 14.568088, 'lng': 120.997693}]",1,1784969504527,,360,,1009.415
route-1784969699402-5491,aTj3bXMTL3inZhIgq22m,Traffic Update,"[{'lat': 14.562566, 'lng': 120.995012}, {'lat': 14.562602, 'lng': 120.995096}, {'lat': 14.562632, 'lng': 120.99514}, {'lat': 14.562669, 'lng': 120.995214}, {'lat': 14.562699, 'lng': 120.995294}, {'lat': 14.562722, 'lng': 120.995362}, {'lat': 14.562907, 'lng': 120.995803}, {'lat': 14.562954, 'lng': 120.995906}, {'lat': 14.56299, 'lng': 120.99599}, {'lat': 14.563132, 'lng': 120.996294}, {'lat': 14.563376, 'lng': 120.996849}, {'lat': 14.563484, 'lng': 120.997096}, {'lat': 14.563689, 'lng': 120.997545}, {'lat': 14.56371, 'lng': 120.997583}, {'lat': 14.563769, 'lng': 120.997712}, {'lat': 14.563874, 'lng': 120.997912}, {'lat': 14.563887, 'lng': 120.997937}, {'lat': 14.563944, 'lng': 120.998045}, {'lat': 14.564062, 'lng': 120.998273}, {'lat': 14.564576, 'lng': 120.998158}, {'lat': 14.564995, 'lng': 120.998079}, {'lat': 14.565413, 'lng': 120.998023}, {'lat': 14.565843, 'lng': 120.997955}, {'lat': 14.565942, 'lng': 120.997939}, {'lat': 14.566046, 'lng': 120.997925}, {'lat': 14.566601, 'lng': 120.997915}, {'lat': 14.56663, 'lng': 120.997914}, {'lat': 14.566737, 'lng': 120.997912}, {'lat': 14.566765, 'lng': 120.997914}, {'lat': 14.567594, 'lng': 120.997986}, {'lat': 14.567876, 'lng': 120.99801}, {'lat': 14.568105, 'lng': 120.998027}, {'lat': 14.568111, 'lng': 120.997876}, {'lat': 14.568114, 'lng': 120.997787}, {'lat': 14.568088, 'lng': 120.997693}]",2,1784969699402,360.0,300,1009.415,879.373
route-1784969879353-9374,aTj3bXMTL3inZhIgq22m,Traffic Update,"[{'lat': 14.567741, 'lng': 120.997998}, {'lat': 14.567876, 'lng': 120.99801}, {'lat': 14.568105, 'lng': 120.998027}, {'lat': 14.568111, 'lng': 120.997876}, {'lat': 14.568114, 'lng': 120.997787}, {'lat': 14.568088, 'lng': 120.997693}]",3,1784969879353,300.0,60,879.373,77.085
route-1784972997828-4092,7fwEWRr0jZmgyS4HMVBd,Initial Route,"[{'lat': 14.555492, 'lng': 120.988975}, {'lat': 14.555505, 'lng': 120.98897}, {'lat': 14.555518, 'lng': 120.988953}, {'lat': 14.555522, 'lng': 120.988929}, {'lat': 14.555491, 'lng': 120.988776}, {'lat': 14.555116, 'lng': 120.988897}, {'lat': 14.554841, 'lng': 120.988987}, {'lat': 14.554415, 'lng': 120.989119}, {'lat': 14.553544, 'lng': 120.989393}, {'lat': 14.552824, 'lng': 120.989624}, {'lat': 14.552618, 'lng': 120.989692}, {'lat': 14.552481, 'lng': 120.989737}, {'lat': 14.552432, 'lng': 120.989569}, {'lat': 14.552358, 'lng': 120.989328}, {'lat': 14.552342, 'lng': 120.98927}, {'lat': 14.552223, 'lng': 120.98884}, {'lat': 14.552135, 'lng': 120.988496}, {'lat': 14.552108, 'lng': 120.988422}, {'lat': 14.552097, 'lng': 120.988403}, {'lat': 14.552082, 'lng': 120.988382}, {'lat': 14.552064, 'lng': 120.988365}, {'lat': 14.552044, 'lng': 120.988352}, {'lat': 14.552017, 'lng': 120.988341}, {'lat': 14.551996, 'lng': 120.988335}, {'lat': 14.551972, 'lng': 120.988335}, {'lat': 14.551953, 'lng': 120.988337}, {'lat': 14.551931, 'lng': 120.988344}, {'lat': 14.551913, 'lng': 120.988354}, {'lat': 14.551894, 'lng': 120.988369}, {'lat': 14.551879, 'lng': 120.988385}, {'lat': 14.551867, 'lng': 120.988404}, {'lat': 14.551858, 'lng': 120.988425}, {'lat': 14.551853, 'lng': 120.988443}, {'lat': 14.55185, 'lng': 120.988464}, {'lat': 14.551846, 'lng': 120.988495}, {'lat': 14.551889, 'lng': 120.98863}, {'lat': 14.551954, 'lng': 120.98883}, {'lat': 14.552008, 'lng': 120.988998}, {'lat': 14.552062, 'lng': 120.989164}, {'lat': 14.552091, 'lng': 120.989253}, {'lat': 14.55212, 'lng': 120.989341}, {'lat': 14.552137, 'lng': 120.989399}, {'lat': 14.552211, 'lng': 120.989638}, {'lat': 14.552255, 'lng': 120.989802}, {'lat': 14.552292, 'lng': 120.989923}, {'lat': 14.55236, 'lng': 120.990148}, {'lat': 14.552395, 'lng': 120.990276}, {'lat': 14.552414, 'lng': 120.990345}, {'lat': 14.552439, 'lng': 120.990436}, {'lat': 14.552462, 'lng': 120.990502}, {'lat': 14.552934, 'lng': 120.992021}, {'lat': 14.553071, 'lng': 120.992475}, {'lat': 14.553155, 'lng': 120.99282}, {'lat': 14.553225, 'lng': 120.993193}, {'lat': 14.553304, 'lng': 120.993929}, {'lat': 14.553354, 'lng': 120.994288}, {'lat': 14.55338, 'lng': 120.994499}, {'lat': 14.553408, 'lng': 120.994764}, {'lat': 14.553471, 'lng': 120.995201}, {'lat': 14.553476, 'lng': 120.995238}, {'lat': 14.553521, 'lng': 120.995444}, {'lat': 14.553571, 'lng': 120.995664}, {'lat': 14.553773, 'lng': 120.996501}, {'lat': 14.553799, 'lng': 120.996594}, {'lat': 14.553888, 'lng': 120.99696}, {'lat': 14.553942, 'lng': 120.997148}, {'lat': 14.553961, 'lng': 120.997224}, {'lat': 14.553978, 'lng': 120.997291}, {'lat': 14.554066, 'lng': 120.997658}, {'lat': 14.554075, 'lng': 120.997694}, {'lat': 14.554089, 'lng': 120.997744}, {'lat': 14.55412, 'lng': 120.997872}, {'lat': 14.554347, 'lng': 120.99873}, {'lat': 14.554461, 'lng': 120.999168}, {'lat': 14.554607, 'lng': 120.999792}, {'lat': 14.554679, 'lng': 121.000038}, {'lat': 14.55475, 'lng': 121.000251}, {'lat': 14.554757, 'lng': 121.000268}, {'lat': 14.554781, 'lng': 121.000329}, {'lat': 14.554795, 'lng': 121.000359}, {'lat': 14.554901, 'lng': 121.000581}, {'lat': 14.554987, 'lng': 121.000718}, {'lat': 14.555008, 'lng': 121.000817}, {'lat': 14.555023, 'lng': 121.000919}, {'lat': 14.555043, 'lng': 121.001086}, {'lat': 14.555043, 'lng': 121.001243}, {'lat': 14.555022, 'lng': 121.001343}, {'lat': 14.555007, 'lng': 121.001392}, {'lat': 14.554981, 'lng': 121.001461}, {'lat': 14.554921, 'lng': 121.001559}, {'lat': 14.554689, 'lng': 121.001866}, {'lat': 14.554709, 'lng': 121.001942}, {'lat': 14.554751, 'lng': 121.002098}, {'lat': 14.554833, 'lng': 121.0024}, {'lat': 14.554924, 'lng': 121.00272}, {'lat': 14.554969, 'lng': 121.002863}, {'lat': 14.555104, 'lng': 121.003286}, {'lat': 14.555255, 'lng': 121.003714}, {'lat': 14.555428, 'lng': 121.004165}, {'lat': 14.555792, 'lng': 121.004069}, {'lat': 14.555963, 'lng': 121.004024}, {'lat': 14.555998, 'lng': 121.004015}, {'lat': 14.556104, 'lng': 121.003988}, {'lat': 14.556203, 'lng': 121.003963}, {'lat': 14.556332, 'lng': 121.003928}, {'lat': 14.556496, 'lng': 121.003887}, {'lat': 14.55678, 'lng': 121.003816}, {'lat': 14.557293, 'lng': 121.003685}, {'lat': 14.558069, 'lng': 121.003497}, {'lat': 14.559172, 'lng': 121.003212}, {'lat': 14.559459, 'lng': 121.003138}, {'lat': 14.559708, 'lng': 121.003073}, {'lat': 14.559759, 'lng': 121.00306}, {'lat': 14.560005, 'lng': 121.002997}, {'lat': 14.56057, 'lng': 121.002848}, {'lat': 14.561051, 'lng': 121.002716}, {'lat': 14.561096, 'lng': 121.0027}]",1,1784972997830,,960,,2979.937
route-1784973057447-1190,7fwEWRr0jZmgyS4HMVBd,Regenerated Route,"[{'lat': 14.555492, 'lng': 120.988975}, {'lat': 14.555505, 'lng': 120.98897}, {'lat': 14.555518, 'lng': 120.988953}, {'lat': 14.555522, 'lng': 120.988929}, {'lat': 14.555491, 'lng': 120.988776}, {'lat': 14.555116, 'lng': 120.988897}, {'lat': 14.554841, 'lng': 120.988987}, {'lat': 14.554415, 'lng': 120.989119}, {'lat': 14.553544, 'lng': 120.989393}, {'lat': 14.552824, 'lng': 120.989624}, {'lat': 14.552618, 'lng': 120.989692}, {'lat': 14.552481, 'lng': 120.989737}, {'lat': 14.552432, 'lng': 120.989569}, {'lat': 14.552358, 'lng': 120.989328}, {'lat': 14.552342, 'lng': 120.98927}, {'lat': 14.552223, 'lng': 120.98884}, {'lat': 14.552135, 'lng': 120.988496}, {'lat': 14.552108, 'lng': 120.988422}, {'lat': 14.552097, 'lng': 120.988403}, {'lat': 14.552082, 'lng': 120.988382}, {'lat': 14.552064, 'lng': 120.988365}, {'lat': 14.552044, 'lng': 120.988352}, {'lat': 14.552017, 'lng': 120.988341}, {'lat': 14.551996, 'lng': 120.988335}, {'lat': 14.551972, 'lng': 120.988335}, {'lat': 14.551953, 'lng': 120.988337}, {'lat': 14.551931, 'lng': 120.988344}, {'lat': 14.551913, 'lng': 120.988354}, {'lat': 14.551894, 'lng': 120.988369}, {'lat': 14.551879, 'lng': 120.988385}, {'lat': 14.551867, 'lng': 120.988404}, {'lat': 14.551858, 'lng': 120.988425}, {'lat': 14.551853, 'lng': 120.988443}, {'lat': 14.55185, 'lng': 120.988464}, {'lat': 14.551846, 'lng': 120.988495}, {'lat': 14.551889, 'lng': 120.98863}, {'lat': 14.551954, 'lng': 120.98883}, {'lat': 14.552008, 'lng': 120.988998}, {'lat': 14.552062, 'lng': 120.989164}, {'lat': 14.552091, 'lng': 120.989253}, {'lat': 14.55212, 'lng': 120.989341}, {'lat': 14.552137, 'lng': 120.989399}, {'lat': 14.552211, 'lng': 120.989638}, {'lat': 14.552255, 'lng': 120.989802}, {'lat': 14.552292, 'lng': 120.989923}, {'lat': 14.55236, 'lng': 120.990148}, {'lat': 14.552395, 'lng': 120.990276}, {'lat': 14.552414, 'lng': 120.990345}, {'lat': 14.552439, 'lng': 120.990436}, {'lat': 14.552462, 'lng': 120.990502}, {'lat': 14.552934, 'lng': 120.992021}, {'lat': 14.553071, 'lng': 120.992475}, {'lat': 14.553155, 'lng': 120.99282}, {'lat': 14.553225, 'lng': 120.993193}, {'lat': 14.553304, 'lng': 120.993929}, {'lat': 14.553354, 'lng': 120.994288}, {'lat': 14.55338, 'lng': 120.994499}, {'lat': 14.553408, 'lng': 120.994764}, {'lat': 14.553471, 'lng': 120.995201}, {'lat': 14.553476, 'lng': 120.995238}, {'lat': 14.553521, 'lng': 120.995444}, {'lat': 14.553571, 'lng': 120.995664}, {'lat': 14.553773, 'lng': 120.996501}, {'lat': 14.553799, 'lng': 120.996594}, {'lat': 14.553888, 'lng': 120.99696}, {'lat': 14.553942, 'lng': 120.997148}, {'lat': 14.553961, 'lng': 120.997224}, {'lat': 14.553978, 'lng': 120.997291}, {'lat': 14.554066, 'lng': 120.997658}, {'lat': 14.554075, 'lng': 120.997694}, {'lat': 14.554089, 'lng': 120.997744}, {'lat': 14.55412, 'lng': 120.997872}, {'lat': 14.554347, 'lng': 120.99873}, {'lat': 14.554461, 'lng': 120.999168}, {'lat': 14.554607, 'lng': 120.999792}, {'lat': 14.554679, 'lng': 121.000038}, {'lat': 14.55475, 'lng': 121.000251}, {'lat': 14.554757, 'lng': 121.000268}, {'lat': 14.554781, 'lng': 121.000329}, {'lat': 14.554795, 'lng': 121.000359}, {'lat': 14.554901, 'lng': 121.000581}, {'lat': 14.554987, 'lng': 121.000718}, {'lat': 14.555008, 'lng': 121.000817}, {'lat': 14.555023, 'lng': 121.000919}, {'lat': 14.555043, 'lng': 121.001086}, {'lat': 14.555043, 'lng': 121.001243}, {'lat': 14.555022, 'lng': 121.001343}, {'lat': 14.555007, 'lng': 121.001392}, {'lat': 14.554981, 'lng': 121.001461}, {'lat': 14.554921, 'lng': 121.001559}, {'lat': 14.554689, 'lng': 121.001866}, {'lat': 14.554709, 'lng': 121.001942}, {'lat': 14.554751, 'lng': 121.002098}, {'lat': 14.554833, 'lng': 121.0024}, {'lat': 14.554924, 'lng': 121.00272}, {'lat': 14.554969, 'lng': 121.002863}, {'lat': 14.555104, 'lng': 121.003286}, {'lat': 14.555255, 'lng': 121.003714}, {'lat': 14.555428, 'lng': 121.004165}, {'lat': 14.555792, 'lng': 121.004069}, {'lat': 14.555963, 'lng': 121.004024}, {'lat': 14.555998, 'lng': 121.004015}, {'lat': 14.556104, 'lng': 121.003988}, {'lat': 14.556203, 'lng': 121.003963}, {'lat': 14.556332, 'lng': 121.003928}, {'lat': 14.556496, 'lng': 121.003887}, {'lat': 14.55678, 'lng': 121.003816}, {'lat': 14.557293, 'lng': 121.003685}, {'lat': 14.558069, 'lng': 121.003497}, {'lat': 14.559172, 'lng': 121.003212}, {'lat': 14.559459, 'lng': 121.003138}, {'lat': 14.559708, 'lng': 121.003073}, {'lat': 14.559759, 'lng': 121.00306}, {'lat': 14.560005, 'lng': 121.002997}, {'lat': 14.56057, 'lng': 121.002848}, {'lat': 14.561051, 'lng': 121.002716}, {'lat': 14.561096, 'lng': 121.0027}]",2,1784973057447,960.0,960,2979.937,2979.937
route-1784973225699-4211,7fwEWRr0jZmgyS4HMVBd,Regenerated Route,"[{'lat': 14.551052, 'lng': 120.989672}, {'lat': 14.5509, 'lng': 120.989708}, {'lat': 14.550891, 'lng': 120.989647}, {'lat': 14.550888, 'lng': 120.989618}, {'lat': 14.550895, 'lng': 120.989531}, {'lat': 14.550942, 'lng': 120.989555}, {'lat': 14.550984, 'lng': 120.989559}, {'lat': 14.55167, 'lng': 120.989399}, {'lat': 14.551726, 'lng': 120.989371}, {'lat': 14.551877, 'lng': 120.989241}, {'lat': 14.551882, 'lng': 120.989238}, {'lat': 14.551969, 'lng': 120.98919}, {'lat': 14.552062, 'lng': 120.989164}, {'lat': 14.552091, 'lng': 120.989253}, {'lat': 14.55212, 'lng': 120.989341}, {'lat': 14.552137, 'lng': 120.989399}, {'lat': 14.552211, 'lng': 120.989638}, {'lat': 14.552255, 'lng': 120.989802}, {'lat': 14.552292, 'lng': 120.989923}, {'lat': 14.55236, 'lng': 120.990148}, {'lat': 14.552395, 'lng': 120.990276}, {'lat': 14.552414, 'lng': 120.990345}, {'lat': 14.552439, 'lng': 120.990436}, {'lat': 14.552462, 'lng': 120.990502}, {'lat': 14.552934, 'lng': 120.992021}, {'lat': 14.553071, 'lng': 120.992475}, {'lat': 14.553155, 'lng': 120.99282}, {'lat': 14.553225, 'lng': 120.993193}, {'lat': 14.553304, 'lng': 120.993929}, {'lat': 14.553354, 'lng': 120.994288}, {'lat': 14.55338, 'lng': 120.994499}, {'lat': 14.553408, 'lng': 120.994764}, {'lat': 14.553471, 'lng': 120.995201}, {'lat': 14.553476, 'lng': 120.995238}, {'lat': 14.553521, 'lng': 120.995444}, {'lat': 14.553571, 'lng': 120.995664}, {'lat': 14.553773, 'lng': 120.996501}, {'lat': 14.553799, 'lng': 120.996594}, {'lat': 14.553888, 'lng': 120.99696}, {'lat': 14.553942, 'lng': 120.997148}, {'lat': 14.553961, 'lng': 120.997224}, {'lat': 14.553978, 'lng': 120.997291}, {'lat': 14.554066, 'lng': 120.997658}, {'lat': 14.554075, 'lng': 120.997694}, {'lat': 14.554089, 'lng': 120.997744}, {'lat': 14.55412, 'lng': 120.997872}, {'lat': 14.554347, 'lng': 120.99873}, {'lat': 14.554461, 'lng': 120.999168}, {'lat': 14.554607, 'lng': 120.999792}, {'lat': 14.554679, 'lng': 121.000038}, {'lat': 14.55475, 'lng': 121.000251}, {'lat': 14.554757, 'lng': 121.000268}, {'lat': 14.554781, 'lng': 121.000329}, {'lat': 14.554795, 'lng': 121.000359}, {'lat': 14.554901, 'lng': 121.000581}, {'lat': 14.554987, 'lng': 121.000718}, {'lat': 14.555008, 'lng': 121.000817}, {'lat': 14.555023, 'lng': 121.000919}, {'lat': 14.555043, 'lng': 121.001086}, {'lat': 14.555043, 'lng': 121.001243}, {'lat': 14.555022, 'lng': 121.001343}, {'lat': 14.555007, 'lng': 121.001392}, {'lat': 14.554981, 'lng': 121.001461}, {'lat': 14.554921, 'lng': 121.001559}, {'lat': 14.554689, 'lng': 121.001866}, {'lat': 14.554709, 'lng': 121.001942}, {'lat': 14.554751, 'lng': 121.002098}, {'lat': 14.554833, 'lng': 121.0024}, {'lat': 14.554924, 'lng': 121.00272}, {'lat': 14.554969, 'lng': 121.002863}, {'lat': 14.555104, 'lng': 121.003286}, {'lat': 14.555255, 'lng': 121.003714}, {'lat': 14.555428, 'lng': 121.004165}, {'lat': 14.555792, 'lng': 121.004069}, {'lat': 14.555963, 'lng': 121.004024}, {'lat': 14.555998, 'lng': 121.004015}, {'lat': 14.556104, 'lng': 121.003988}, {'lat': 14.556203, 'lng': 121.003963}, {'lat': 14.556332, 'lng': 121.003928}, {'lat': 14.556496, 'lng': 121.003887}, {'lat': 14.55678, 'lng': 121.003816}, {'lat': 14.557293, 'lng': 121.003685}, {'lat': 14.558069, 'lng': 121.003497}, {'lat': 14.559172, 'lng': 121.003212}, {'lat': 14.559459, 'lng': 121.003138}, {'lat': 14.559708, 'lng': 121.003073}, {'lat': 14.559759, 'lng': 121.00306}, {'lat': 14.560005, 'lng': 121.002997}, {'lat': 14.56057, 'lng': 121.002848}, {'lat': 14.561051, 'lng': 121.002716}, {'lat': 14.561096, 'lng': 121.0027}]",3,1784973225699,960.0,840,2979.937,2515.239
route-1784973228109-8234,7fwEWRr0jZmgyS4HMVBd,Regenerated Route,"[{'lat': 14.538485, 'lng': 120.992372}, {'lat': 14.538959, 'lng': 120.99232}, {'lat': 14.539508, 'lng': 120.99225}, {'lat': 14.539723, 'lng': 120.992249}, {'lat': 14.540634, 'lng': 120.992152}, {'lat': 14.540752, 'lng': 120.992136}, {'lat': 14.541076, 'lng': 120.992082}, {'lat': 14.54136, 'lng': 120.992032}, {'lat': 14.542753, 'lng': 120.991781}, {'lat': 14.543529, 'lng': 120.991643}, {'lat': 14.543613, 'lng': 120.991627}, {'lat': 14.544966, 'lng': 120.991356}, {'lat': 14.545387, 'lng': 120.991251}, {'lat': 14.54551, 'lng': 120.991224}, {'lat': 14.54582, 'lng': 120.991148}, {'lat': 14.546214, 'lng': 120.991057}, {'lat': 14.546392, 'lng': 120.991013}, {'lat': 14.547587, 'lng': 120.990736}, {'lat': 14.549722, 'lng': 120.99022}, {'lat': 14.55003, 'lng': 120.990192}, {'lat': 14.550675, 'lng': 120.990047}, {'lat': 14.551308, 'lng': 120.9899}, {'lat': 14.551796, 'lng': 120.989768}, {'lat': 14.55215, 'lng': 120.989657}, {'lat': 14.552211, 'lng': 120.989638}, {'lat': 14.552255, 'lng': 120.989802}, {'lat': 14.552292, 'lng': 120.989923}, {'lat': 14.55236, 'lng': 120.990148}, {'lat': 14.552395, 'lng': 120.990276}, {'lat': 14.552414, 'lng': 120.990345}, {'lat': 14.552439, 'lng': 120.990436}, {'lat': 14.552462, 'lng': 120.990502}, {'lat': 14.552934, 'lng': 120.992021}, {'lat': 14.553071, 'lng': 120.992475}, {'lat': 14.553155, 'lng': 120.99282}, {'lat': 14.553225, 'lng': 120.993193}, {'lat': 14.553304, 'lng': 120.993929}, {'lat': 14.553354, 'lng': 120.994288}, {'lat': 14.55338, 'lng': 120.994499}, {'lat': 14.553408, 'lng': 120.994764}, {'lat': 14.553471, 'lng': 120.995201}, {'lat': 14.553476, 'lng': 120.995238}, {'lat': 14.553521, 'lng': 120.995444}, {'lat': 14.553571, 'lng': 120.995664}, {'lat': 14.553773, 'lng': 120.996501}, {'lat': 14.553799, 'lng': 120.996594}, {'lat': 14.553888, 'lng': 120.99696}, {'lat': 14.553942, 'lng': 120.997148}, {'lat': 14.553961, 'lng': 120.997224}, {'lat': 14.553978, 'lng': 120.997291}, {'lat': 14.554066, 'lng': 120.997658}, {'lat': 14.554075, 'lng': 120.997694}, {'lat': 14.554089, 'lng': 120.997744}, {'lat': 14.55412, 'lng': 120.997872}, {'lat': 14.554347, 'lng': 120.99873}, {'lat': 14.554461, 'lng': 120.999168}, {'lat': 14.554607, 'lng': 120.999792}, {'lat': 14.554679, 'lng': 121.000038}, {'lat': 14.55475, 'lng': 121.000251}, {'lat': 14.554757, 'lng': 121.000268}, {'lat': 14.554781, 'lng': 121.000329}, {'lat': 14.554795, 'lng': 121.000359}, {'lat': 14.554901, 'lng': 121.000581}, {'lat': 14.554987, 'lng': 121.000718}, {'lat': 14.555008, 'lng': 121.000817}, {'lat': 14.555023, 'lng': 121.000919}, {'lat': 14.555043, 'lng': 121.001086}, {'lat': 14.555043, 'lng': 121.001243}, {'lat': 14.555022, 'lng': 121.001343}, {'lat': 14.555007, 'lng': 121.001392}, {'lat': 14.554981, 'lng': 121.001461}, {'lat': 14.554921, 'lng': 121.001559}, {'lat': 14.554689, 'lng': 121.001866}, {'lat': 14.554709, 'lng': 121.001942}, {'lat': 14.554751, 'lng': 121.002098}, {'lat': 14.554833, 'lng': 121.0024}, {'lat': 14.554924, 'lng': 121.00272}, {'lat': 14.554969, 'lng': 121.002863}, {'lat': 14.555104, 'lng': 121.003286}, {'lat': 14.555255, 'lng': 121.003714}, {'lat': 14.555428, 'lng': 121.004165}, {'lat': 14.555792, 'lng': 121.004069}, {'lat': 14.555963, 'lng': 121.004024}, {'lat': 14.555998, 'lng': 121.004015}, {'lat': 14.556104, 'lng': 121.003988}, {'lat': 14.556203, 'lng': 121.003963}, {'lat': 14.556332, 'lng': 121.003928}, {'lat': 14.556496, 'lng': 121.003887}, {'lat': 14.55678, 'lng': 121.003816}, {'lat': 14.557293, 'lng': 121.003685}, {'lat': 14.558069, 'lng': 121.003497}, {'lat': 14.559172, 'lng': 121.003212}, {'lat': 14.559459, 'lng': 121.003138}, {'lat': 14.559708, 'lng': 121.003073}, {'lat': 14.559759, 'lng': 121.00306}, {'lat': 14.560005, 'lng': 121.002997}, {'lat': 14.56057, 'lng': 121.002848}, {'lat': 14.561051, 'lng': 121.002716}, {'lat': 14.561096, 'lng': 121.0027}]",4,1784973228109,840.0,1260,2515.239,3843.426
route-1784973453467-8838,7fwEWRr0jZmgyS4HMVBd,Regenerated Route,"[{'lat': 14.536554, 'lng': 120.992521}, {'lat': 14.535132, 'lng': 120.992695}, {'lat': 14.534169, 'lng': 120.99275}, {'lat': 14.532806, 'lng': 120.992901}, {'lat': 14.531844, 'lng': 120.993011}, {'lat': 14.531638, 'lng': 120.993036}, {'lat': 14.531375, 'lng': 120.993063}, {'lat': 14.531078, 'lng': 120.993096}, {'lat': 14.530886, 'lng': 120.993122}, {'lat': 14.529828, 'lng': 120.993265}, {'lat': 14.52922, 'lng': 120.993334}, {'lat': 14.528276, 'lng': 120.993445}, {'lat': 14.52751, 'lng': 120.993532}, {'lat': 14.52732, 'lng': 120.993555}, {'lat': 14.527334, 'lng': 120.993714}, {'lat': 14.52745, 'lng': 120.993699}, {'lat': 14.52753, 'lng': 120.993688}, {'lat': 14.528074, 'lng': 120.993624}, {'lat': 14.528366, 'lng': 120.99359}, {'lat': 14.531741, 'lng': 120.993175}, {'lat': 14.532391, 'lng': 120.993098}, {'lat': 14.532827, 'lng': 120.99305}, {'lat': 14.533611, 'lng': 120.992953}, {'lat': 14.534186, 'lng': 120.992892}, {'lat': 14.535139, 'lng': 120.992761}, {'lat': 14.537047, 'lng': 120.992531}, {'lat': 14.538959, 'lng': 120.99232}, {'lat': 14.539508, 'lng': 120.99225}, {'lat': 14.539723, 'lng': 120.992249}, {'lat': 14.540634, 'lng': 120.992152}, {'lat': 14.540752, 'lng': 120.992136}, {'lat': 14.541076, 'lng': 120.992082}, {'lat': 14.54136, 'lng': 120.992032}, {'lat': 14.542753, 'lng': 120.991781}, {'lat': 14.543529, 'lng': 120.991643}, {'lat': 14.543613, 'lng': 120.991627}, {'lat': 14.544966, 'lng': 120.991356}, {'lat': 14.545387, 'lng': 120.991251}, {'lat': 14.54551, 'lng': 120.991224}, {'lat': 14.54582, 'lng': 120.991148}, {'lat': 14.546214, 'lng': 120.991057}, {'lat': 14.546392, 'lng': 120.991013}, {'lat': 14.547587, 'lng': 120.990736}, {'lat': 14.549722, 'lng': 120.99022}, {'lat': 14.55003, 'lng': 120.990192}, {'lat': 14.550675, 'lng': 120.990047}, {'lat': 14.551308, 'lng': 120.9899}, {'lat': 14.551796, 'lng': 120.989768}, {'lat': 14.55215, 'lng': 120.989657}, {'lat': 14.552211, 'lng': 120.989638}, {'lat': 14.552255, 'lng': 120.989802}, {'lat': 14.552292, 'lng': 120.989923}, {'lat': 14.55236, 'lng': 120.990148}, {'lat': 14.552395, 'lng': 120.990276}, {'lat': 14.552414, 'lng': 120.990345}, {'lat': 14.552439, 'lng': 120.990436}, {'lat': 14.552462, 'lng': 120.990502}, {'lat': 14.552934, 'lng': 120.992021}, {'lat': 14.553071, 'lng': 120.992475}, {'lat': 14.553155, 'lng': 120.99282}, {'lat': 14.553225, 'lng': 120.993193}, {'lat': 14.553304, 'lng': 120.993929}, {'lat': 14.553354, 'lng': 120.994288}, {'lat': 14.55338, 'lng': 120.994499}, {'lat': 14.553408, 'lng': 120.994764}, {'lat': 14.553471, 'lng': 120.995201}, {'lat': 14.553476, 'lng': 120.995238}, {'lat': 14.553521, 'lng': 120.995444}, {'lat': 14.553571, 'lng': 120.995664}, {'lat': 14.553773, 'lng': 120.996501}, {'lat': 14.553799, 'lng': 120.996594}, {'lat': 14.553888, 'lng': 120.99696}, {'lat': 14.553942, 'lng': 120.997148}, {'lat': 14.553961, 'lng': 120.997224}, {'lat': 14.553978, 'lng': 120.997291}, {'lat': 14.554066, 'lng': 120.997658}, {'lat': 14.554075, 'lng': 120.997694}, {'lat': 14.554089, 'lng': 120.997744}, {'lat': 14.55412, 'lng': 120.997872}, {'lat': 14.554347, 'lng': 120.99873}, {'lat': 14.554461, 'lng': 120.999168}, {'lat': 14.554607, 'lng': 120.999792}, {'lat': 14.554679, 'lng': 121.000038}, {'lat': 14.55475, 'lng': 121.000251}, {'lat': 14.554757, 'lng': 121.000268}, {'lat': 14.554781, 'lng': 121.000329}, {'lat': 14.554795, 'lng': 121.000359}, {'lat': 14.554901, 'lng': 121.000581}, {'lat': 14.554987, 'lng': 121.000718}, {'lat': 14.555008, 'lng': 121.000817}, {'lat': 14.555023, 'lng': 121.000919}, {'lat': 14.555043, 'lng': 121.001086}, {'lat': 14.555043, 'lng': 121.001243}, {'lat': 14.555022, 'lng': 121.001343}, {'lat': 14.555007, 'lng': 121.001392}, {'lat': 14.554981, 'lng': 121.001461}, {'lat': 14.554921, 'lng': 121.001559}, {'lat': 14.554689, 'lng': 121.001866}, {'lat': 14.554709, 'lng': 121.001942}, {'lat': 14.554751, 'lng': 121.002098}, {'lat': 14.554833, 'lng': 121.0024}, {'lat': 14.554924, 'lng': 121.00272}, {'lat': 14.554969, 'lng': 121.002863}, {'lat': 14.555104, 'lng': 121.003286}, {'lat': 14.555255, 'lng': 121.003714}, {'lat': 14.555428, 'lng': 121.004165}, {'lat': 14.555792, 'lng': 121.004069}, {'lat': 14.555963, 'lng': 121.004024}, {'lat': 14.555998, 'lng': 121.004015}, {'lat': 14.556104, 'lng': 121.003988}, {'lat': 14.556203, 'lng': 121.003963}, {'lat': 14.556332, 'lng': 121.003928}, {'lat': 14.556496, 'lng': 121.003887}, {'lat': 14.55678, 'lng': 121.003816}, {'lat': 14.557293, 'lng': 121.003685}, {'lat': 14.558069, 'lng': 121.003497}, {'lat': 14.559172, 'lng': 121.003212}, {'lat': 14.559459, 'lng': 121.003138}, {'lat': 14.559708, 'lng': 121.003073}, {'lat': 14.559759, 'lng': 121.00306}, {'lat': 14.560005, 'lng': 121.002997}, {'lat': 14.56057, 'lng': 121.002848}, {'lat': 14.561051, 'lng': 121.002716}, {'lat': 14.561096, 'lng': 121.0027}]",5,1784973453467,1260.0,2040,3843.426,6144.5
route-1784973470172-7856,7fwEWRr0jZmgyS4HMVBd,Regenerated Route,"[{'lat': 14.529534, 'lng': 120.992137}, {'lat': 14.529511, 'lng': 120.991923}, {'lat': 14.529472, 'lng': 120.991564}, {'lat': 14.529467, 'lng': 120.991531}, {'lat': 14.529441, 'lng': 120.991283}, {'lat': 14.529433, 'lng': 120.991206}, {'lat': 14.529375, 'lng': 120.990694}, {'lat': 14.529364, 'lng': 120.990572}, {'lat': 14.529353, 'lng': 120.990466}, {'lat': 14.529447, 'lng': 120.990084}, {'lat': 14.529457, 'lng': 120.990052}, {'lat': 14.529477, 'lng': 120.990015}, {'lat': 14.529499, 'lng': 120.989988}, {'lat': 14.529519, 'lng': 120.989971}, {'lat': 14.529542, 'lng': 120.989956}, {'lat': 14.529643, 'lng': 120.989905}, {'lat': 14.529892, 'lng': 120.989877}, {'lat': 14.530106, 'lng': 120.989853}, {'lat': 14.530214, 'lng': 120.989841}, {'lat': 14.530398, 'lng': 120.98982}, {'lat': 14.530648, 'lng': 120.989792}, {'lat': 14.53068, 'lng': 120.989788}, {'lat': 14.530988, 'lng': 120.989758}, {'lat': 14.531209, 'lng': 120.989736}, {'lat': 14.531292, 'lng': 120.989726}, {'lat': 14.531304, 'lng': 120.989724}, {'lat': 14.531498, 'lng': 120.989698}, {'lat': 14.531662, 'lng': 120.989678}, {'lat': 14.531757, 'lng': 120.989666}, {'lat': 14.531828, 'lng': 120.989658}, {'lat': 14.531976, 'lng': 120.989643}, {'lat': 14.532058, 'lng': 120.989634}, {'lat': 14.532328, 'lng': 120.989603}, {'lat': 14.532656, 'lng': 120.989567}, {'lat': 14.532929, 'lng': 120.989533}, {'lat': 14.533196, 'lng': 120.989488}, {'lat': 14.534065, 'lng': 120.989329}, {'lat': 14.534141, 'lng': 120.989316}, {'lat': 14.534197, 'lng': 120.989306}, {'lat': 14.534654, 'lng': 120.989234}, {'lat': 14.535142, 'lng': 120.989169}, {'lat': 14.535402, 'lng': 120.989139}, {'lat': 14.535524, 'lng': 120.989125}, {'lat': 14.535864, 'lng': 120.989088}, {'lat': 14.536052, 'lng': 120.989067}, {'lat': 14.536113, 'lng': 120.98906}, {'lat': 14.536196, 'lng': 120.98905}, {'lat': 14.536406, 'lng': 120.989026}, {'lat': 14.536489, 'lng': 120.989016}, {'lat': 14.536568, 'lng': 120.989007}, {'lat': 14.536892, 'lng': 120.988961}, {'lat': 14.536967, 'lng': 120.988952}, {'lat': 14.537145, 'lng': 120.988929}, {'lat': 14.537303, 'lng': 120.988909}, {'lat': 14.537735, 'lng': 120.988839}, {'lat': 14.538375, 'lng': 120.988751}, {'lat': 14.539482, 'lng': 120.988578}, {'lat': 14.539608, 'lng': 120.988559}, {'lat': 14.540165, 'lng': 120.988473}, {'lat': 14.540469, 'lng': 120.988432}, {'lat': 14.54055, 'lng': 120.98842}, {'lat': 14.540625, 'lng': 120.988409}, {'lat': 14.540849, 'lng': 120.988372}, {'lat': 14.541011, 'lng': 120.988346}, {'lat': 14.541127, 'lng': 120.988326}, {'lat': 14.541241, 'lng': 120.988308}, {'lat': 14.542338, 'lng': 120.988148}, {'lat': 14.542891, 'lng': 120.988068}, {'lat': 14.54296, 'lng': 120.988059}, {'lat': 14.543082, 'lng': 120.988043}, {'lat': 14.543211, 'lng': 120.98803}, {'lat': 14.543336, 'lng': 120.988017}, {'lat': 14.543511, 'lng': 120.987991}, {'lat': 14.543671, 'lng': 120.987963}, {'lat': 14.543815, 'lng': 120.987936}, {'lat': 14.543921, 'lng': 120.987908}, {'lat': 14.544387, 'lng': 120.987789}, {'lat': 14.544812, 'lng': 120.987681}, {'lat': 14.544883, 'lng': 120.987662}, {'lat': 14.545544, 'lng': 120.987492}, {'lat': 14.54649, 'lng': 120.987261}, {'lat': 14.547127, 'lng': 120.987106}, {'lat': 14.547748, 'lng': 120.98695}, {'lat': 14.548335, 'lng': 120.9868}, {'lat': 14.548452, 'lng': 120.986767}, {'lat': 14.548787, 'lng': 120.986683}, {'lat': 14.549323, 'lng': 120.986545}, {'lat': 14.549559, 'lng': 120.986485}, {'lat': 14.55029, 'lng': 120.986293}, {'lat': 14.550899, 'lng': 120.986133}, {'lat': 14.551052, 'lng': 120.986105}, {'lat': 14.551097, 'lng': 120.986101}, {'lat': 14.551137, 'lng': 120.9861}, {'lat': 14.551173, 'lng': 120.986103}, {'lat': 14.551214, 'lng': 120.986111}, {'lat': 14.55125, 'lng': 120.98612}, {'lat': 14.551292, 'lng': 120.986135}, {'lat': 14.55136, 'lng': 120.986162}, {'lat': 14.551401, 'lng': 120.9863}, {'lat': 14.551473, 'lng': 120.986531}, {'lat': 14.551671, 'lng': 120.987178}, {'lat': 14.551691, 'lng': 120.987238}, {'lat': 14.551731, 'lng': 120.987382}, {'lat': 14.551744, 'lng': 120.987436}, {'lat': 14.551752, 'lng': 120.987472}, {'lat': 14.551755, 'lng': 120.98749}, {'lat': 14.551766, 'lng': 120.987563}, {'lat': 14.551772, 'lng': 120.98764}, {'lat': 14.551785, 'lng': 120.987911}, {'lat': 14.551789, 'lng': 120.987984}, {'lat': 14.551801, 'lng': 120.988166}, {'lat': 14.551808, 'lng': 120.988221}, {'lat': 14.551846, 'lng': 120.988495}, {'lat': 14.551889, 'lng': 120.98863}, {'lat': 14.551954, 'lng': 120.98883}, {'lat': 14.552008, 'lng': 120.988998}, {'lat': 14.552062, 'lng': 120.989164}, {'lat': 14.552091, 'lng': 120.989253}, {'lat': 14.55212, 'lng': 120.989341}, {'lat': 14.552137, 'lng': 120.989399}, {'lat': 14.552211, 'lng': 120.989638}, {'lat': 14.552255, 'lng': 120.989802}, {'lat': 14.552292, 'lng': 120.989923}, {'lat': 14.55236, 'lng': 120.990148}, {'lat': 14.552395, 'lng': 120.990276}, {'lat': 14.552414, 'lng': 120.990345}, {'lat': 14.552439, 'lng': 120.990436}, {'lat': 14.552462, 'lng': 120.990502}, {'lat': 14.552934, 'lng': 120.992021}, {'lat': 14.553071, 'lng': 120.992475}, {'lat': 14.553121, 'lng': 120.99268}, {'lat': 14.553155, 'lng': 120.99282}, {'lat': 14.553225, 'lng': 120.993193}, {'lat': 14.553242, 'lng': 120.993354}, {'lat': 14.553304, 'lng': 120.993929}, {'lat': 14.553354, 'lng': 120.994288}, {'lat': 14.55338, 'lng': 120.994499}, {'lat': 14.553408, 'lng': 120.994764}, {'lat': 14.553471, 'lng': 120.995201}, {'lat': 14.553476, 'lng': 120.995238}, {'lat': 14.553521, 'lng': 120.995444}, {'lat': 14.553571, 'lng': 120.995664}, {'lat': 14.553773, 'lng': 120.996501}, {'lat': 14.553799, 'lng': 120.996594}, {'lat': 14.553888, 'lng': 120.99696}, {'lat': 14.553942, 'lng': 120.997148}, {'lat': 14.553961, 'lng': 120.997224}, {'lat': 14.553978, 'lng': 120.997291}, {'lat': 14.554066, 'lng': 120.997658}, {'lat': 14.554075, 'lng': 120.997694}, {'lat': 14.554089, 'lng': 120.997744}, {'lat': 14.55412, 'lng': 120.997872}, {'lat': 14.554347, 'lng': 120.99873}, {'lat': 14.554461, 'lng': 120.999168}, {'lat': 14.554607, 'lng': 120.999792}, {'lat': 14.554679, 'lng': 121.000038}, {'lat': 14.55475, 'lng': 121.000251}, {'lat': 14.554757, 'lng': 121.000268}, {'lat': 14.554781, 'lng': 121.000329}, {'lat': 14.554795, 'lng': 121.000359}, {'lat': 14.554901, 'lng': 121.000581}, {'lat': 14.554987, 'lng': 121.000718}, {'lat': 14.555008, 'lng': 121.000817}, {'lat': 14.555023, 'lng': 121.000919}, {'lat': 14.555043, 'lng': 121.001086}, {'lat': 14.555043, 'lng': 121.001243}, {'lat': 14.555022, 'lng': 121.001343}, {'lat': 14.555007, 'lng': 121.001392}, {'lat': 14.554981, 'lng': 121.001461}, {'lat': 14.554921, 'lng': 121.001559}, {'lat': 14.554689, 'lng': 121.001866}, {'lat': 14.554709, 'lng': 121.001942}, {'lat': 14.554751, 'lng': 121.002098}, {'lat': 14.554833, 'lng': 121.0024}, {'lat': 14.554924, 'lng': 121.00272}, {'lat': 14.554969, 'lng': 121.002863}, {'lat': 14.555104, 'lng': 121.003286}, {'lat': 14.555255, 'lng': 121.003714}, {'lat': 14.555428, 'lng': 121.004165}, {'lat': 14.555792, 'lng': 121.004069}, {'lat': 14.555963, 'lng': 121.004024}, {'lat': 14.555998, 'lng': 121.004015}, {'lat': 14.556104, 'lng': 121.003988}, {'lat': 14.556203, 'lng': 121.003963}, {'lat': 14.556332, 'lng': 121.003928}, {'lat': 14.556496, 'lng': 121.003887}, {'lat': 14.55678, 'lng': 121.003816}, {'lat': 14.557293, 'lng': 121.003685}, {'lat': 14.558069, 'lng': 121.003497}, {'lat': 14.559172, 'lng': 121.003212}, {'lat': 14.559459, 'lng': 121.003138}, {'lat': 14.559708, 'lng': 121.003073}, {'lat': 14.559759, 'lng': 121.00306}, {'lat': 14.560005, 'lng': 121.002997}, {'lat': 14.56057, 'lng': 121.002848}, {'lat': 14.561051, 'lng': 121.002716}, {'lat': 14.561096, 'lng': 121.0027}]",6,1784973470172,2040.0,1740,6144.5,5384.42
route-1784973516067-8855,7fwEWRr0jZmgyS4HMVBd,Regenerated Route,"[{'lat': 14.529125, 'lng': 120.988391}, {'lat': 14.529065, 'lng': 120.987817}, {'lat': 14.529057, 'lng': 120.987742}, {'lat': 14.529052, 'lng': 120.987696}, {'lat': 14.529003, 'lng': 120.987252}, {'lat': 14.528994, 'lng': 120.98717}, {'lat': 14.528979, 'lng': 120.987032}, {'lat': 14.528897, 'lng': 120.98628}, {'lat': 14.528814, 'lng': 120.985525}, {'lat': 14.52869, 'lng': 120.985538}, {'lat': 14.52878, 'lng': 120.98637}, {'lat': 14.528793, 'lng': 120.986493}, {'lat': 14.528834, 'lng': 120.986872}, {'lat': 14.528842, 'lng': 120.986942}, {'lat': 14.528868, 'lng': 120.987184}, {'lat': 14.528937, 'lng': 120.987826}, {'lat': 14.528985, 'lng': 120.988278}, {'lat': 14.52908, 'lng': 120.989172}, {'lat': 14.529081, 'lng': 120.989181}, {'lat': 14.529135, 'lng': 120.989678}, {'lat': 14.529145, 'lng': 120.989766}, {'lat': 14.529166, 'lng': 120.989962}, {'lat': 14.529296, 'lng': 120.989945}, {'lat': 14.529388, 'lng': 120.989934}, {'lat': 14.529643, 'lng': 120.989905}, {'lat': 14.529892, 'lng': 120.989877}, {'lat': 14.530106, 'lng': 120.989853}, {'lat': 14.530214, 'lng': 120.989841}, {'lat': 14.530398, 'lng': 120.98982}, {'lat': 14.53068, 'lng': 120.989788}, {'lat': 14.530818, 'lng': 120.989774}, {'lat': 14.531176, 'lng': 120.989739}, {'lat': 14.531209, 'lng': 120.989736}, {'lat': 14.531292, 'lng': 120.989726}, {'lat': 14.531304, 'lng': 120.989724}, {'lat': 14.531498, 'lng': 120.989698}, {'lat': 14.531662, 'lng': 120.989678}, {'lat': 14.531757, 'lng': 120.989666}, {'lat': 14.531828, 'lng': 120.989658}, {'lat': 14.531976, 'lng': 120.989643}, {'lat': 14.532058, 'lng': 120.989634}, {'lat': 14.532328, 'lng': 120.989603}, {'lat': 14.532656, 'lng': 120.989567}, {'lat': 14.532929, 'lng': 120.989533}, {'lat': 14.533196, 'lng': 120.989488}, {'lat': 14.534065, 'lng': 120.989329}, {'lat': 14.534141, 'lng': 120.989316}, {'lat': 14.534197, 'lng': 120.989306}, {'lat': 14.534654, 'lng': 120.989234}, {'lat': 14.535142, 'lng': 120.989169}, {'lat': 14.535402, 'lng': 120.989139}, {'lat': 14.535524, 'lng': 120.989125}, {'lat': 14.535864, 'lng': 120.989088}, {'lat': 14.536052, 'lng': 120.989067}, {'lat': 14.536113, 'lng': 120.98906}, {'lat': 14.536196, 'lng': 120.98905}, {'lat': 14.536406, 'lng': 120.989026}, {'lat': 14.536489, 'lng': 120.989016}, {'lat': 14.536568, 'lng': 120.989007}, {'lat': 14.536892, 'lng': 120.988961}, {'lat': 14.536967, 'lng': 120.988952}, {'lat': 14.537145, 'lng': 120.988929}, {'lat': 14.537303, 'lng': 120.988909}, {'lat': 14.537735, 'lng': 120.988839}, {'lat': 14.538375, 'lng': 120.988751}, {'lat': 14.539482, 'lng': 120.988578}, {'lat': 14.539608, 'lng': 120.988559}, {'lat': 14.540165, 'lng': 120.988473}, {'lat': 14.540469, 'lng': 120.988432}, {'lat': 14.54055, 'lng': 120.98842}, {'lat': 14.540625, 'lng': 120.988409}, {'lat': 14.540849, 'lng': 120.988372}, {'lat': 14.541011, 'lng': 120.988346}, {'lat': 14.541127, 'lng': 120.988326}, {'lat': 14.541241, 'lng': 120.988308}, {'lat': 14.542338, 'lng': 120.988148}, {'lat': 14.542891, 'lng': 120.988068}, {'lat': 14.54296, 'lng': 120.988059}, {'lat': 14.543082, 'lng': 120.988043}, {'lat': 14.543211, 'lng': 120.98803}, {'lat': 14.543336, 'lng': 120.988017}, {'lat': 14.543511, 'lng': 120.987991}, {'lat': 14.543671, 'lng': 120.987963}, {'lat': 14.543815, 'lng': 120.987936}, {'lat': 14.543921, 'lng': 120.987908}, {'lat': 14.544387, 'lng': 120.987789}, {'lat': 14.544812, 'lng': 120.987681}, {'lat': 14.544883, 'lng': 120.987662}, {'lat': 14.545544, 'lng': 120.987492}, {'lat': 14.54649, 'lng': 120.987261}, {'lat': 14.547127, 'lng': 120.987106}, {'lat': 14.547748, 'lng': 120.98695}, {'lat': 14.548335, 'lng': 120.9868}, {'lat': 14.548452, 'lng': 120.986767}, {'lat': 14.548787, 'lng': 120.986683}, {'lat': 14.549323, 'lng': 120.986545}, {'lat': 14.549559, 'lng': 120.986485}, {'lat': 14.55029, 'lng': 120.986293}, {'lat': 14.550899, 'lng': 120.986133}, {'lat': 14.551052, 'lng': 120.986105}, {'lat': 14.551097, 'lng': 120.986101}, {'lat': 14.551137, 'lng': 120.9861}, {'lat': 14.551173, 'lng': 120.986103}, {'lat': 14.551214, 'lng': 120.986111}, {'lat': 14.55125, 'lng': 120.98612}, {'lat': 14.551292, 'lng': 120.986135}, {'lat': 14.55136, 'lng': 120.986162}, {'lat': 14.551401, 'lng': 120.9863}, {'lat': 14.551473, 'lng': 120.986531}, {'lat': 14.551671, 'lng': 120.987178}, {'lat': 14.551691, 'lng': 120.987238}, {'lat': 14.551731, 'lng': 120.987382}, {'lat': 14.551744, 'lng': 120.987436}, {'lat': 14.551752, 'lng': 120.987472}, {'lat': 14.551755, 'lng': 120.98749}, {'lat': 14.551766, 'lng': 120.987563}, {'lat': 14.551772, 'lng': 120.98764}, {'lat': 14.551785, 'lng': 120.987911}, {'lat': 14.551789, 'lng': 120.987984}, {'lat': 14.551801, 'lng': 120.988166}, {'lat': 14.551808, 'lng': 120.988221}, {'lat': 14.551846, 'lng': 120.988495}, {'lat': 14.551889, 'lng': 120.98863}, {'lat': 14.551954, 'lng': 120.98883}, {'lat': 14.552008, 'lng': 120.988998}, {'lat': 14.552062, 'lng': 120.989164}, {'lat': 14.552091, 'lng': 120.989253}, {'lat': 14.55212, 'lng': 120.989341}, {'lat': 14.552137, 'lng': 120.989399}, {'lat': 14.552211, 'lng': 120.989638}, {'lat': 14.552255, 'lng': 120.989802}, {'lat': 14.552292, 'lng': 120.989923}, {'lat': 14.55236, 'lng': 120.990148}, {'lat': 14.552395, 'lng': 120.990276}, {'lat': 14.552414, 'lng': 120.990345}, {'lat': 14.552439, 'lng': 120.990436}, {'lat': 14.552462, 'lng': 120.990502}, {'lat': 14.552934, 'lng': 120.992021}, {'lat': 14.553071, 'lng': 120.992475}, {'lat': 14.553121, 'lng': 120.99268}, {'lat': 14.553155, 'lng': 120.99282}, {'lat': 14.553225, 'lng': 120.993193}, {'lat': 14.553242, 'lng': 120.993354}, {'lat': 14.553304, 'lng': 120.993929}, {'lat': 14.553354, 'lng': 120.994288}, {'lat': 14.55338, 'lng': 120.994499}, {'lat': 14.553408, 'lng': 120.994764}, {'lat': 14.553471, 'lng': 120.995201}, {'lat': 14.553476, 'lng': 120.995238}, {'lat': 14.553521, 'lng': 120.995444}, {'lat': 14.553571, 'lng': 120.995664}, {'lat': 14.553773, 'lng': 120.996501}, {'lat': 14.553799, 'lng': 120.996594}, {'lat': 14.553888, 'lng': 120.99696}, {'lat': 14.553942, 'lng': 120.997148}, {'lat': 14.553961, 'lng': 120.997224}, {'lat': 14.553978, 'lng': 120.997291}, {'lat': 14.554066, 'lng': 120.997658}, {'lat': 14.554075, 'lng': 120.997694}, {'lat': 14.554089, 'lng': 120.997744}, {'lat': 14.55412, 'lng': 120.997872}, {'lat': 14.554347, 'lng': 120.99873}, {'lat': 14.554461, 'lng': 120.999168}, {'lat': 14.554607, 'lng': 120.999792}, {'lat': 14.554679, 'lng': 121.000038}, {'lat': 14.55475, 'lng': 121.000251}, {'lat': 14.554757, 'lng': 121.000268}, {'lat': 14.554781, 'lng': 121.000329}, {'lat': 14.554795, 'lng': 121.000359}, {'lat': 14.554901, 'lng': 121.000581}, {'lat': 14.554987, 'lng': 121.000718}, {'lat': 14.555008, 'lng': 121.000817}, {'lat': 14.555023, 'lng': 121.000919}, {'lat': 14.555043, 'lng': 121.001086}, {'lat': 14.555043, 'lng': 121.001243}, {'lat': 14.555022, 'lng': 121.001343}, {'lat': 14.555007, 'lng': 121.001392}, {'lat': 14.554981, 'lng': 121.001461}, {'lat': 14.554921, 'lng': 121.001559}, {'lat': 14.554689, 'lng': 121.001866}, {'lat': 14.554709, 'lng': 121.001942}, {'lat': 14.554751, 'lng': 121.002098}, {'lat': 14.554833, 'lng': 121.0024}, {'lat': 14.554924, 'lng': 121.00272}, {'lat': 14.554969, 'lng': 121.002863}, {'lat': 14.555104, 'lng': 121.003286}, {'lat': 14.555255, 'lng': 121.003714}, {'lat': 14.555428, 'lng': 121.004165}, {'lat': 14.555792, 'lng': 121.004069}, {'lat': 14.555963, 'lng': 121.004024}, {'lat': 14.555998, 'lng': 121.004015}, {'lat': 14.556104, 'lng': 121.003988}, {'lat': 14.556203, 'lng': 121.003963}, {'lat': 14.556332, 'lng': 121.003928}, {'lat': 14.556496, 'lng': 121.003887}, {'lat': 14.55678, 'lng': 121.003816}, {'lat': 14.557293, 'lng': 121.003685}, {'lat': 14.558069, 'lng': 121.003497}, {'lat': 14.559172, 'lng': 121.003212}, {'lat': 14.559459, 'lng': 121.003138}, {'lat': 14.559708, 'lng': 121.003073}, {'lat': 14.559759, 'lng': 121.00306}, {'lat': 14.560005, 'lng': 121.002997}, {'lat': 14.56057, 'lng': 121.002848}, {'lat': 14.561051, 'lng': 121.002716}, {'lat': 14.561096, 'lng': 121.0027}]",7,1784973516067,1740.0,1980,5384.42,5988.149
route-1784973652906-360,VPlfkGA7TlKYs3GD0Aox,Initial Route,"[{'lat': 14.524843, 'lng': 120.985136}, {'lat': 14.524704, 'lng': 120.985188}, {'lat': 14.524547, 'lng': 120.985239}, {'lat': 14.524439, 'lng': 120.985254}, {'lat': 14.523584, 'lng': 120.985349}, {'lat': 14.523164, 'lng': 120.985391}, {'lat': 14.523045, 'lng': 120.985403}, {'lat': 14.522964, 'lng': 120.98541}, {'lat': 14.522865, 'lng': 120.985404}, {'lat': 14.522745, 'lng': 120.985368}, {'lat': 14.522631, 'lng': 120.985335}, {'lat': 14.522596, 'lng': 120.985295}, {'lat': 14.522555, 'lng': 120.985261}, {'lat': 14.522509, 'lng': 120.985234}, {'lat': 14.522458, 'lng': 120.985214}, {'lat': 14.522404, 'lng': 120.985203}, {'lat': 14.52236, 'lng': 120.985202}, {'lat': 14.522266, 'lng': 120.98517}, {'lat': 14.522189, 'lng': 120.985122}, {'lat': 14.522057, 'lng': 120.984989}, {'lat': 14.521987, 'lng': 120.984909}, {'lat': 14.520878, 'lng': 120.983578}, {'lat': 14.520599, 'lng': 120.983297}, {'lat': 14.520428, 'lng': 120.983149}, {'lat': 14.52039, 'lng': 120.983122}, {'lat': 14.52032, 'lng': 120.983068}, {'lat': 14.520179, 'lng': 120.982959}, {'lat': 14.520008, 'lng': 120.982836}, {'lat': 14.519879, 'lng': 120.982754}, {'lat': 14.519746, 'lng': 120.982671}, {'lat': 14.519561, 'lng': 120.98258}, {'lat': 14.519212, 'lng': 120.982409}, {'lat': 14.518615, 'lng': 120.982093}, {'lat': 14.518395, 'lng': 120.981959}, {'lat': 14.518239, 'lng': 120.981853}, {'lat': 14.517968, 'lng': 120.981631}, {'lat': 14.517903, 'lng': 120.98157}, {'lat': 14.517736, 'lng': 120.981415}, {'lat': 14.517696, 'lng': 120.981377}, {'lat': 14.517552, 'lng': 120.981231}, {'lat': 14.517437, 'lng': 120.981109}, {'lat': 14.517315, 'lng': 120.980973}, {'lat': 14.517245, 'lng': 120.980892}, {'lat': 14.517206, 'lng': 120.980843}, {'lat': 14.517152, 'lng': 120.980776}, {'lat': 14.517027, 'lng': 120.980907}, {'lat': 14.516931, 'lng': 120.981006}, {'lat': 14.516807, 'lng': 120.981135}, {'lat': 14.516768, 'lng': 120.981182}, {'lat': 14.51668, 'lng': 120.981157}, {'lat': 14.516579, 'lng': 120.981152}, {'lat': 14.516545, 'lng': 120.98116}, {'lat': 14.516515, 'lng': 120.981181}, {'lat': 14.51644, 'lng': 120.981263}, {'lat': 14.516404, 'lng': 120.981303}, {'lat': 14.516361, 'lng': 120.981351}, {'lat': 14.51634, 'lng': 120.981379}, {'lat': 14.516312, 'lng': 120.981394}, {'lat': 14.516296, 'lng': 120.981392}, {'lat': 14.516222, 'lng': 120.981291}, {'lat': 14.516249, 'lng': 120.981244}, {'lat': 14.516151, 'lng': 120.981145}, {'lat': 14.516126, 'lng': 120.981129}, {'lat': 14.516104, 'lng': 120.981121}, {'lat': 14.516078, 'lng': 120.981116}, {'lat': 14.516041, 'lng': 120.981119}, {'lat': 14.515796, 'lng': 120.981154}, {'lat': 14.515776, 'lng': 120.981162}, {'lat': 14.515759, 'lng': 120.981173}, {'lat': 14.515744, 'lng': 120.981185}, {'lat': 14.515699, 'lng': 120.98127}]",1,1784973652906,,420,,1262.178
route-1784974432577-3844,aTj3bXMTL3inZhIgq22m,Traffic Update,"[{'lat': 14.568088, 'lng': 120.997693}, {'lat': 14.568088, 'lng': 120.997693}]",4,1784974432577,60.0,0,77.085,0.0
route-1784974433353-1216,aTj3bXMTL3inZhIgq22m,Regenerated Route,"[{'lat': 14.563097, 'lng': 120.994885}, {'lat': 14.562677, 'lng': 120.995082}, {'lat': 14.562602, 'lng': 120.995096}, {'lat': 14.562632, 'lng': 120.99514}, {'lat': 14.562669, 'lng': 120.995214}, {'lat': 14.562699, 'lng': 120.995294}, {'lat': 14.562722, 'lng': 120.995362}, {'lat': 14.562907, 'lng': 120.995803}, {'lat': 14.562954, 'lng': 120.995906}, {'lat': 14.56299, 'lng': 120.99599}, {'lat': 14.563132, 'lng': 120.996294}, {'lat': 14.563376, 'lng': 120.996849}, {'lat': 14.563484, 'lng': 120.997096}, {'lat': 14.563689, 'lng': 120.997545}, {'lat': 14.56371, 'lng': 120.997583}, {'lat': 14.563769, 'lng': 120.997712}, {'lat': 14.563874, 'lng': 120.997912}, {'lat': 14.563887, 'lng': 120.997937}, {'lat': 14.563944, 'lng': 120.998045}, {'lat': 14.564062, 'lng': 120.998273}, {'lat': 14.564576, 'lng': 120.998158}, {'lat': 14.564995, 'lng': 120.998079}, {'lat': 14.565413, 'lng': 120.998023}, {'lat': 14.565843, 'lng': 120.997955}, {'lat': 14.565942, 'lng': 120.997939}, {'lat': 14.566046, 'lng': 120.997925}, {'lat': 14.566601, 'lng': 120.997915}, {'lat': 14.56663, 'lng': 120.997914}, {'lat': 14.566737, 'lng': 120.997912}, {'lat': 14.566765, 'lng': 120.997914}, {'lat': 14.567594, 'lng': 120.997986}, {'lat': 14.567876, 'lng': 120.99801}, {'lat': 14.568105, 'lng': 120.998027}, {'lat': 14.568111, 'lng': 120.997876}, {'lat': 14.568114, 'lng': 120.997787}, {'lat': 14.568088, 'lng': 120.997693}]",5,1784974433353,0.0,300,0.0,929.36
route-1784974468760-2940,VPlfkGA7TlKYs3GD0Aox,Regenerated Route,"[{'lat': 14.512331, 'lng': 120.979467}, {'lat': 14.512351, 'lng': 120.979404}, {'lat': 14.512371, 'lng': 120.979343}, {'lat': 14.5124, 'lng': 120.9793}, {'lat': 14.512441, 'lng': 120.979266}, {'lat': 14.512481, 'lng': 120.979247}, {'lat': 14.512524, 'lng': 120.979239}, {'lat': 14.512502, 'lng': 120.979163}, {'lat': 14.512484, 'lng': 120.979122}, {'lat': 14.512472, 'lng': 120.979088}, {'lat': 14.512467, 'lng': 120.979051}, {'lat': 14.51247, 'lng': 120.979007}, {'lat': 14.512534, 'lng': 120.978833}, {'lat': 14.512614, 'lng': 120.978624}, {'lat': 14.512617, 'lng': 120.97861}, {'lat': 14.512618, 'lng': 120.978589}, {'lat': 14.512615, 'lng': 120.978569}, {'lat': 14.512606, 'lng': 120.978545}, {'lat': 14.512566, 'lng': 120.978486}, {'lat': 14.512532, 'lng': 120.978437}, {'lat': 14.512561, 'lng': 120.978358}, {'lat': 14.512578, 'lng': 120.97831}, {'lat': 14.512609, 'lng': 120.97818}, {'lat': 14.512637, 'lng': 120.978153}, {'lat': 14.51265, 'lng': 120.97814}, {'lat': 14.512803, 'lng': 120.978116}, {'lat': 14.512893, 'lng': 120.978106}, {'lat': 14.512956, 'lng': 120.9781}, {'lat': 14.512993, 'lng': 120.9781}, {'lat': 14.51303, 'lng': 120.978101}, {'lat': 14.513066, 'lng': 120.978105}, {'lat': 14.5131, 'lng': 120.978112}, {'lat': 14.513179, 'lng': 120.978134}, {'lat': 14.513285, 'lng': 120.978166}, {'lat': 14.513359, 'lng': 120.978191}, {'lat': 14.513794, 'lng': 120.97838}, {'lat': 14.514474, 'lng': 120.978687}, {'lat': 14.514535, 'lng': 120.978715}, {'lat': 14.515349, 'lng': 120.979097}, {'lat': 14.515466, 'lng': 120.979164}, {'lat': 14.515701, 'lng': 120.979309}, {'lat': 14.515869, 'lng': 120.979439}, {'lat': 14.516119, 'lng': 120.979665}, {'lat': 14.516252, 'lng': 120.979814}, {'lat': 14.516366, 'lng': 120.979971}, {'lat': 14.516522, 'lng': 120.980203}, {'lat': 14.516615, 'lng': 120.980356}, {'lat': 14.516709, 'lng': 120.980504}, {'lat': 14.516755, 'lng': 120.980708}, {'lat': 14.516822, 'lng': 120.980829}, {'lat': 14.516836, 'lng': 120.980865}, {'lat': 14.516844, 'lng': 120.980898}, {'lat': 14.516845, 'lng': 120.980929}, {'lat': 14.516843, 'lng': 120.980978}, {'lat': 14.516834, 'lng': 120.981023}, {'lat': 14.516807, 'lng': 120.981135}, {'lat': 14.516768, 'lng': 120.981182}, {'lat': 14.516427, 'lng': 120.981593}, {'lat': 14.51632, 'lng': 120.981726}, {'lat': 14.516001, 'lng': 120.982186}, {'lat': 14.515827, 'lng': 120.982483}, {'lat': 14.515637, 'lng': 120.98284}, {'lat': 14.515508, 'lng': 120.983109}, {'lat': 14.515381, 'lng': 120.983399}, {'lat': 14.515329, 'lng': 120.983533}, {'lat': 14.515306, 'lng': 120.983637}, {'lat': 14.515291, 'lng': 120.983798}, {'lat': 14.515292, 'lng': 120.983871}, {'lat': 14.5153, 'lng': 120.983963}, {'lat': 14.515312, 'lng': 120.984056}, {'lat': 14.51534, 'lng': 120.984159}, {'lat': 14.515346, 'lng': 120.984184}, {'lat': 14.51539, 'lng': 120.984289}, {'lat': 14.515433, 'lng': 120.984372}, {'lat': 14.515501, 'lng': 120.984471}, {'lat': 14.515597, 'lng': 120.984571}, {'lat': 14.515724, 'lng': 120.984667}, {'lat': 14.515889, 'lng': 120.984749}, {'lat': 14.51653, 'lng': 120.984948}, {'lat': 14.516789, 'lng': 120.985029}, {'lat': 14.51697, 'lng': 120.985091}, {'lat': 14.517093, 'lng': 120.985161}, {'lat': 14.51722, 'lng': 120.985278}, {'lat': 14.517272, 'lng': 120.985352}, {'lat': 14.517323, 'lng': 120.98544}, {'lat': 14.51738, 'lng': 120.985563}, {'lat': 14.517404, 'lng': 120.985659}, {'lat': 14.517422, 'lng': 120.98578}, {'lat': 14.517424, 'lng': 120.985979}, {'lat': 14.517393, 'lng': 120.986576}, {'lat': 14.517334, 'lng': 120.987199}, {'lat': 14.517281, 'lng': 120.987921}, {'lat': 14.517191, 'lng': 120.989274}, {'lat': 14.517151, 'lng': 120.989893}, {'lat': 14.517145, 'lng': 120.990111}, {'lat': 14.517103, 'lng': 120.990252}, {'lat': 14.517085, 'lng': 120.990306}, {'lat': 14.517063, 'lng': 120.990351}, {'lat': 14.517034, 'lng': 120.990392}, {'lat': 14.516991, 'lng': 120.990425}, {'lat': 14.51695, 'lng': 120.990447}, {'lat': 14.516914, 'lng': 120.990464}, {'lat': 14.516865, 'lng': 120.990481}, {'lat': 14.516785, 'lng': 120.990503}, {'lat': 14.516646, 'lng': 120.990535}, {'lat': 14.516312, 'lng': 120.990488}, {'lat': 14.515417, 'lng': 120.990362}, {'lat': 14.515183, 'lng': 120.990331}, {'lat': 14.514936, 'lng': 120.990299}, {'lat': 14.514891, 'lng': 120.990293}, {'lat': 14.514736, 'lng': 120.990273}, {'lat': 14.514612, 'lng': 120.990259}, {'lat': 14.514026, 'lng': 120.990185}, {'lat': 14.513695, 'lng': 120.99016}, {'lat': 14.513382, 'lng': 120.990114}, {'lat': 14.51304, 'lng': 120.990045}, {'lat': 14.51258, 'lng': 120.989908}, {'lat': 14.511867, 'lng': 120.989688}, {'lat': 14.5114, 'lng': 120.989552}, {'lat': 14.511149, 'lng': 120.989478}, {'lat': 14.510993, 'lng': 120.989432}, {'lat': 14.510863, 'lng': 120.989392}, {'lat': 14.509586, 'lng': 120.988993}, {'lat': 14.508885, 'lng': 120.98876}, {'lat': 14.508161, 'lng': 120.988482}, {'lat': 14.508048, 'lng': 120.988437}, {'lat': 14.506814, 'lng': 120.987947}, {'lat': 14.506223, 'lng': 120.987704}, {'lat': 14.506184, 'lng': 120.987687}, {'lat': 14.50615, 'lng': 120.987671}, {'lat': 14.506115, 'lng': 120.987653}, {'lat': 14.506025, 'lng': 120.987602}, {'lat': 14.506292, 'lng': 120.987003}, {'lat': 14.50636, 'lng': 120.986852}, {'lat': 14.506488, 'lng': 120.986577}, {'lat': 14.506711, 'lng': 120.9861}, {'lat': 14.507279, 'lng': 120.984886}, {'lat': 14.508055, 'lng': 120.983265}, {'lat': 14.508243, 'lng': 120.982869}, {'lat': 14.508111, 'lng': 120.982791}, {'lat': 14.508017, 'lng': 120.982679}, {'lat': 14.507514, 'lng': 120.982422}, {'lat': 14.507173, 'lng': 120.982247}, {'lat': 14.507102, 'lng': 120.98221}, {'lat': 14.506073, 'lng': 120.981683}, {'lat': 14.505898, 'lng': 120.981593}, {'lat': 14.505968, 'lng': 120.981359}, {'lat': 14.506385, 'lng': 120.979982}]",2,1784974468760,420.0,1380,1262.178,4285.628
route-1784974631858-7303,BcuBjrxFjoa1NpE1Z4dv,Initial Route,"[{'lat': 14.563497, 'lng': 120.994699}, {'lat': 14.563204, 'lng': 120.994836}, {'lat': 14.563167, 'lng': 120.994852}, {'lat': 14.562677, 'lng': 120.995082}, {'lat': 14.562602, 'lng': 120.995096}, {'lat': 14.56257, 'lng': 120.99502}, {'lat': 14.562454, 'lng': 120.99481}, {'lat': 14.561758, 'lng': 120.994354}, {'lat': 14.561529, 'lng': 120.994102}, {'lat': 14.561468, 'lng': 120.994034}, {'lat': 14.561401, 'lng': 120.993954}, {'lat': 14.561326, 'lng': 120.993842}, {'lat': 14.56127, 'lng': 120.993731}, {'lat': 14.561227, 'lng': 120.993475}, {'lat': 14.561182, 'lng': 120.99325}, {'lat': 14.561093, 'lng': 120.992859}, {'lat': 14.560998, 'lng': 120.99247}, {'lat': 14.560926, 'lng': 120.992391}, {'lat': 14.560908, 'lng': 120.992311}, {'lat': 14.560885, 'lng': 120.99222}, {'lat': 14.560711, 'lng': 120.991519}, {'lat': 14.560525, 'lng': 120.990773}, {'lat': 14.560429, 'lng': 120.990386}, {'lat': 14.5604, 'lng': 120.99027}, {'lat': 14.560213, 'lng': 120.989516}, {'lat': 14.560193, 'lng': 120.989436}, {'lat': 14.560168, 'lng': 120.98934}, {'lat': 14.560151, 'lng': 120.989294}, {'lat': 14.56013, 'lng': 120.98921}, {'lat': 14.560052, 'lng': 120.988894}, {'lat': 14.559945, 'lng': 120.988485}, {'lat': 14.559702, 'lng': 120.987554}, {'lat': 14.559686, 'lng': 120.987486}, {'lat': 14.559666, 'lng': 120.987401}, {'lat': 14.559554, 'lng': 120.98744}, {'lat': 14.558921, 'lng': 120.987662}, {'lat': 14.558266, 'lng': 120.987881}, {'lat': 14.55747, 'lng': 120.988131}, {'lat': 14.557578, 'lng': 120.9883}, {'lat': 14.55756, 'lng': 120.98832}, {'lat': 14.557549, 'lng': 120.988341}, {'lat': 14.557548, 'lng': 120.988379}, {'lat': 14.557562, 'lng': 120.988424}, {'lat': 14.557585, 'lng': 120.98846}, {'lat': 14.557622, 'lng': 120.988488}, {'lat': 14.557657, 'lng': 120.988505}, {'lat': 14.557693, 'lng': 120.988509}, {'lat': 14.557718, 'lng': 120.988499}]",1,1784974631858,,420,,1343.272
route-1784974674255-2296,VPlfkGA7TlKYs3GD0Aox,Traffic Update,"[{'lat': 14.512778, 'lng': 120.979541}, {'lat': 14.512787, 'lng': 120.979507}, {'lat': 14.512789, 'lng': 120.979466}, {'lat': 14.512782, 'lng': 120.979421}, {'lat': 14.512762, 'lng': 120.979371}, {'lat': 14.512731, 'lng': 120.979328}, {'lat': 14.512699, 'lng': 120.979301}, {'lat': 14.512626, 'lng': 120.979261}, {'lat': 14.512562, 'lng': 120.97924}, {'lat': 14.512524, 'lng': 120.979239}, {'lat': 14.512502, 'lng': 120.979163}, {'lat': 14.512484, 'lng': 120.979122}, {'lat': 14.512472, 'lng': 120.979088}, {'lat': 14.512467, 'lng': 120.979051}, {'lat': 14.51247, 'lng': 120.979007}, {'lat': 14.512534, 'lng': 120.978833}, {'lat': 14.512614, 'lng': 120.978624}, {'lat': 14.512617, 'lng': 120.97861}, {'lat': 14.512618, 'lng': 120.978589}, {'lat': 14.512615, 'lng': 120.978569}, {'lat': 14.512606, 'lng': 120.978545}, {'lat': 14.512566, 'lng': 120.978486}, {'lat': 14.512532, 'lng': 120.978437}, {'lat': 14.512561, 'lng': 120.978358}, {'lat': 14.512578, 'lng': 120.97831}, {'lat': 14.512609, 'lng': 120.97818}, {'lat': 14.512637, 'lng': 120.978153}, {'lat': 14.51265, 'lng': 120.97814}, {'lat': 14.512803, 'lng': 120.978116}, {'lat': 14.512893, 'lng': 120.978106}, {'lat': 14.512956, 'lng': 120.9781}, {'lat': 14.512993, 'lng': 120.9781}, {'lat': 14.51303, 'lng': 120.978101}, {'lat': 14.513066, 'lng': 120.978105}, {'lat': 14.5131, 'lng': 120.978112}, {'lat': 14.513179, 'lng': 120.978134}, {'lat': 14.513285, 'lng': 120.978166}, {'lat': 14.513359, 'lng': 120.978191}, {'lat': 14.513794, 'lng': 120.97838}, {'lat': 14.514474, 'lng': 120.978687}, {'lat': 14.514535, 'lng': 120.978715}, {'lat': 14.515349, 'lng': 120.979097}, {'lat': 14.515466, 'lng': 120.979164}, {'lat': 14.515701, 'lng': 120.979309}, {'lat': 14.515869, 'lng': 120.979439}, {'lat': 14.516119, 'lng': 120.979665}, {'lat': 14.516252, 'lng': 120.979814}, {'lat': 14.516366, 'lng': 120.979971}, {'lat': 14.516522, 'lng': 120.980203}, {'lat': 14.516615, 'lng': 120.980356}, {'lat': 14.516709, 'lng': 120.980504}, {'lat': 14.516755, 'lng': 120.980708}, {'lat': 14.516822, 'lng': 120.980829}, {'lat': 14.516836, 'lng': 120.980865}, {'lat': 14.516844, 'lng': 120.980898}, {'lat': 14.516845, 'lng': 120.980929}, {'lat': 14.516843, 'lng': 120.980978}, {'lat': 14.516834, 'lng': 120.981023}, {'lat': 14.516807, 'lng': 120.981135}, {'lat': 14.516768, 'lng': 120.981182}, {'lat': 14.516427, 'lng': 120.981593}, {'lat': 14.51632, 'lng': 120.981726}, {'lat': 14.516001, 'lng': 120.982186}, {'lat': 14.515827, 'lng': 120.982483}, {'lat': 14.515637, 'lng': 120.98284}, {'lat': 14.515508, 'lng': 120.983109}, {'lat': 14.515381, 'lng': 120.983399}, {'lat': 14.515329, 'lng': 120.983533}, {'lat': 14.515306, 'lng': 120.983637}, {'lat': 14.515291, 'lng': 120.983798}, {'lat': 14.515292, 'lng': 120.983871}, {'lat': 14.5153, 'lng': 120.983963}, {'lat': 14.515312, 'lng': 120.984056}, {'lat': 14.51534, 'lng': 120.984159}, {'lat': 14.515346, 'lng': 120.984184}, {'lat': 14.51539, 'lng': 120.984289}, {'lat': 14.515433, 'lng': 120.984372}, {'lat': 14.515501, 'lng': 120.984471}, {'lat': 14.515597, 'lng': 120.984571}, {'lat': 14.515724, 'lng': 120.984667}, {'lat': 14.515889, 'lng': 120.984749}, {'lat': 14.51653, 'lng': 120.984948}, {'lat': 14.516789, 'lng': 120.985029}, {'lat': 14.51697, 'lng': 120.985091}, {'lat': 14.517093, 'lng': 120.985161}, {'lat': 14.51722, 'lng': 120.985278}, {'lat': 14.517272, 'lng': 120.985352}, {'lat': 14.517323, 'lng': 120.98544}, {'lat': 14.51738, 'lng': 120.985563}, {'lat': 14.517404, 'lng': 120.985659}, {'lat': 14.517422, 'lng': 120.98578}, {'lat': 14.517424, 'lng': 120.985979}, {'lat': 14.517393, 'lng': 120.986576}, {'lat': 14.517334, 'lng': 120.987199}, {'lat': 14.517281, 'lng': 120.987921}, {'lat': 14.517191, 'lng': 120.989274}, {'lat': 14.517151, 'lng': 120.989893}, {'lat': 14.517145, 'lng': 120.990111}, {'lat': 14.517103, 'lng': 120.990252}, {'lat': 14.517085, 'lng': 120.990306}, {'lat': 14.517063, 'lng': 120.990351}, {'lat': 14.517034, 'lng': 120.990392}, {'lat': 14.516991, 'lng': 120.990425}, {'lat': 14.51695, 'lng': 120.990447}, {'lat': 14.516914, 'lng': 120.990464}, {'lat': 14.516865, 'lng': 120.990481}, {'lat': 14.516785, 'lng': 120.990503}, {'lat': 14.516646, 'lng': 120.990535}, {'lat': 14.516312, 'lng': 120.990488}, {'lat': 14.515417, 'lng': 120.990362}, {'lat': 14.515183, 'lng': 120.990331}, {'lat': 14.514936, 'lng': 120.990299}, {'lat': 14.514891, 'lng': 120.990293}, {'lat': 14.514736, 'lng': 120.990273}, {'lat': 14.514612, 'lng': 120.990259}, {'lat': 14.514026, 'lng': 120.990185}, {'lat': 14.513695, 'lng': 120.99016}, {'lat': 14.513382, 'lng': 120.990114}, {'lat': 14.51304, 'lng': 120.990045}, {'lat': 14.51258, 'lng': 120.989908}, {'lat': 14.511867, 'lng': 120.989688}, {'lat': 14.5114, 'lng': 120.989552}, {'lat': 14.511149, 'lng': 120.989478}, {'lat': 14.510993, 'lng': 120.989432}, {'lat': 14.510863, 'lng': 120.989392}, {'lat': 14.509586, 'lng': 120.988993}, {'lat': 14.508885, 'lng': 120.98876}, {'lat': 14.508161, 'lng': 120.988482}, {'lat': 14.508048, 'lng': 120.988437}, {'lat': 14.506814, 'lng': 120.987947}, {'lat': 14.506223, 'lng': 120.987704}, {'lat': 14.506184, 'lng': 120.987687}, {'lat': 14.50615, 'lng': 120.987671}, {'lat': 14.506115, 'lng': 120.987653}, {'lat': 14.506025, 'lng': 120.987602}, {'lat': 14.506292, 'lng': 120.987003}, {'lat': 14.50636, 'lng': 120.986852}, {'lat': 14.506488, 'lng': 120.986577}, {'lat': 14.506711, 'lng': 120.9861}, {'lat': 14.507279, 'lng': 120.984886}, {'lat': 14.508055, 'lng': 120.983265}, {'lat': 14.508243, 'lng': 120.982869}, {'lat': 14.508111, 'lng': 120.982791}, {'lat': 14.508017, 'lng': 120.982679}, {'lat': 14.507514, 'lng': 120.982422}, {'lat': 14.507173, 'lng': 120.982247}, {'lat': 14.507102, 'lng': 120.98221}, {'lat': 14.506073, 'lng': 120.981683}, {'lat': 14.505898, 'lng': 120.981593}, {'lat': 14.505968, 'lng': 120.981359}, {'lat': 14.506385, 'lng': 120.979982}]",3,1784974674255,1380.0,1380,4285.628,4300.587
route-1784974811553-2540,BcuBjrxFjoa1NpE1Z4dv,Traffic Update,"[{'lat': 14.560812, 'lng': 120.991926}, {'lat': 14.560711, 'lng': 120.991519}, {'lat': 14.560525, 'lng': 120.990773}, {'lat': 14.560429, 'lng': 120.990386}, {'lat': 14.5604, 'lng': 120.99027}, {'lat': 14.560213, 'lng': 120.989516}, {'lat': 14.560193, 'lng': 120.989436}, {'lat': 14.560168, 'lng': 120.98934}, {'lat': 14.560151, 'lng': 120.989294}, {'lat': 14.56013, 'lng': 120.98921}, {'lat': 14.560052, 'lng': 120.988894}, {'lat': 14.559945, 'lng': 120.988485}, {'lat': 14.559702, 'lng': 120.987554}, {'lat': 14.559686, 'lng': 120.987486}, {'lat': 14.559666, 'lng': 120.987401}, {'lat': 14.559554, 'lng': 120.98744}, {'lat': 14.558921, 'lng': 120.987662}, {'lat': 14.558266, 'lng': 120.987881}, {'lat': 14.55747, 'lng': 120.988131}, {'lat': 14.557578, 'lng': 120.9883}, {'lat': 14.55756, 'lng': 120.98832}, {'lat': 14.557549, 'lng': 120.988341}, {'lat': 14.557548, 'lng': 120.988379}, {'lat': 14.557562, 'lng': 120.988424}, {'lat': 14.557585, 'lng': 120.98846}, {'lat': 14.557622, 'lng': 120.988488}, {'lat': 14.557657, 'lng': 120.988505}, {'lat': 14.557693, 'lng': 120.988509}, {'lat': 14.557718, 'lng': 120.988499}]",2,1784974811553,420.0,240,1343.272,818.443
route-1784974993521-8918,BcuBjrxFjoa1NpE1Z4dv,Traffic Update,"[{'lat': 14.557755, 'lng': 120.988389}, {'lat': 14.557748, 'lng': 120.988366}, {'lat': 14.557719, 'lng': 120.988329}, {'lat': 14.557676, 'lng': 120.988307}, {'lat': 14.557633, 'lng': 120.988293}, {'lat': 14.557603, 'lng': 120.988292}, {'lat': 14.557578, 'lng': 120.9883}, {'lat': 14.55756, 'lng': 120.98832}, {'lat': 14.557549, 'lng': 120.988341}, {'lat': 14.557548, 'lng': 120.988379}, {'lat': 14.557562, 'lng': 120.988424}, {'lat': 14.557585, 'lng': 120.98846}, {'lat': 14.557622, 'lng': 120.988488}, {'lat': 14.557657, 'lng': 120.988505}, {'lat': 14.557693, 'lng': 120.988509}, {'lat': 14.557718, 'lng': 120.988499}]",3,1784974993521,240.0,0,818.443,60.154
route-1784975146607-3483,VPlfkGA7TlKYs3GD0Aox,Regenerated Route,"[{'lat': 14.511769, 'lng': 120.980087}, {'lat': 14.511692, 'lng': 120.98023}, {'lat': 14.511255, 'lng': 120.981045}, {'lat': 14.511212, 'lng': 120.981122}, {'lat': 14.511182, 'lng': 120.981174}, {'lat': 14.511114, 'lng': 120.981308}, {'lat': 14.511066, 'lng': 120.981429}, {'lat': 14.511038, 'lng': 120.981547}, {'lat': 14.511023, 'lng': 120.981692}, {'lat': 14.511035, 'lng': 120.981855}, {'lat': 14.511068, 'lng': 120.98198}, {'lat': 14.511107, 'lng': 120.982074}, {'lat': 14.51117, 'lng': 120.982194}, {'lat': 14.51126, 'lng': 120.982314}, {'lat': 14.511328, 'lng': 120.982381}, {'lat': 14.511411, 'lng': 120.982442}, {'lat': 14.511509, 'lng': 120.982499}, {'lat': 14.511595, 'lng': 120.982546}, {'lat': 14.511692, 'lng': 120.982592}, {'lat': 14.51179, 'lng': 120.982632}, {'lat': 14.511888, 'lng': 120.982666}, {'lat': 14.512018, 'lng': 120.982701}, {'lat': 14.512163, 'lng': 120.982729}, {'lat': 14.51224, 'lng': 120.98274}, {'lat': 14.512361, 'lng': 120.982749}, {'lat': 14.512501, 'lng': 120.982753}, {'lat': 14.512619, 'lng': 120.98275}, {'lat': 14.512768, 'lng': 120.982738}, {'lat': 14.512874, 'lng': 120.982735}, {'lat': 14.512988, 'lng': 120.982738}, {'lat': 14.513093, 'lng': 120.982751}, {'lat': 14.513229, 'lng': 120.982776}, {'lat': 14.513342, 'lng': 120.982802}, {'lat': 14.51344, 'lng': 120.982828}, {'lat': 14.513621, 'lng': 120.982889}, {'lat': 14.513805, 'lng': 120.982969}, {'lat': 14.513994, 'lng': 120.983059}, {'lat': 14.514258, 'lng': 120.9832}, {'lat': 14.51433, 'lng': 120.983238}, {'lat': 14.514508, 'lng': 120.983331}, {'lat': 14.514639, 'lng': 120.983396}, {'lat': 14.514745, 'lng': 120.983443}, {'lat': 14.515, 'lng': 120.983537}, {'lat': 14.515225, 'lng': 120.983611}, {'lat': 14.515306, 'lng': 120.983637}, {'lat': 14.515291, 'lng': 120.983798}, {'lat': 14.515292, 'lng': 120.983871}, {'lat': 14.5153, 'lng': 120.983963}, {'lat': 14.515312, 'lng': 120.984056}, {'lat': 14.51534, 'lng': 120.984159}, {'lat': 14.515346, 'lng': 120.984184}, {'lat': 14.51539, 'lng': 120.984289}, {'lat': 14.515433, 'lng': 120.984372}, {'lat': 14.515501, 'lng': 120.984471}, {'lat': 14.515597, 'lng': 120.984571}, {'lat': 14.515724, 'lng': 120.984667}, {'lat': 14.515889, 'lng': 120.984749}, {'lat': 14.51653, 'lng': 120.984948}, {'lat': 14.516789, 'lng': 120.985029}, {'lat': 14.51697, 'lng': 120.985091}, {'lat': 14.517093, 'lng': 120.985161}, {'lat': 14.51722, 'lng': 120.985278}, {'lat': 14.517272, 'lng': 120.985352}, {'lat': 14.517323, 'lng': 120.98544}, {'lat': 14.51738, 'lng': 120.985563}, {'lat': 14.517404, 'lng': 120.985659}, {'lat': 14.517422, 'lng': 120.98578}, {'lat': 14.517424, 'lng': 120.985979}, {'lat': 14.517393, 'lng': 120.986576}, {'lat': 14.517334, 'lng': 120.987199}, {'lat': 14.517281, 'lng': 120.987921}, {'lat': 14.517191, 'lng': 120.989274}, {'lat': 14.517151, 'lng': 120.989893}, {'lat': 14.517145, 'lng': 120.990111}, {'lat': 14.517103, 'lng': 120.990252}, {'lat': 14.517085, 'lng': 120.990306}, {'lat': 14.517063, 'lng': 120.990351}, {'lat': 14.517034, 'lng': 120.990392}, {'lat': 14.516991, 'lng': 120.990425}, {'lat': 14.51695, 'lng': 120.990447}, {'lat': 14.516914, 'lng': 120.990464}, {'lat': 14.516865, 'lng': 120.990481}, {'lat': 14.516785, 'lng': 120.990503}, {'lat': 14.516646, 'lng': 120.990535}, {'lat': 14.516312, 'lng': 120.990488}, {'lat': 14.515417, 'lng': 120.990362}, {'lat': 14.515183, 'lng': 120.990331}, {'lat': 14.514936, 'lng': 120.990299}, {'lat': 14.514891, 'lng': 120.990293}, {'lat': 14.514736, 'lng': 120.990273}, {'lat': 14.514612, 'lng': 120.990259}, {'lat': 14.514026, 'lng': 120.990185}, {'lat': 14.513695, 'lng': 120.99016}, {'lat': 14.513382, 'lng': 120.990114}, {'lat': 14.51304, 'lng': 120.990045}, {'lat': 14.51258, 'lng': 120.989908}, {'lat': 14.511867, 'lng': 120.989688}, {'lat': 14.5114, 'lng': 120.989552}, {'lat': 14.511149, 'lng': 120.989478}, {'lat': 14.510993, 'lng': 120.989432}, {'lat': 14.510863, 'lng': 120.989392}, {'lat': 14.509586, 'lng': 120.988993}, {'lat': 14.508885, 'lng': 120.98876}, {'lat': 14.508161, 'lng': 120.988482}, {'lat': 14.508048, 'lng': 120.988437}, {'lat': 14.506814, 'lng': 120.987947}, {'lat': 14.506223, 'lng': 120.987704}, {'lat': 14.506184, 'lng': 120.987687}, {'lat': 14.50615, 'lng': 120.987671}, {'lat': 14.506115, 'lng': 120.987653}, {'lat': 14.506025, 'lng': 120.987602}, {'lat': 14.506292, 'lng': 120.987003}, {'lat': 14.50636, 'lng': 120.986852}, {'lat': 14.506488, 'lng': 120.986577}, {'lat': 14.506711, 'lng': 120.9861}, {'lat': 14.507279, 'lng': 120.984886}, {'lat': 14.508055, 'lng': 120.983265}, {'lat': 14.508243, 'lng': 120.982869}, {'lat': 14.508111, 'lng': 120.982791}, {'lat': 14.508017, 'lng': 120.982679}, {'lat': 14.507514, 'lng': 120.982422}, {'lat': 14.507173, 'lng': 120.982247}, {'lat': 14.507102, 'lng': 120.98221}, {'lat': 14.506073, 'lng': 120.981683}, {'lat': 14.505898, 'lng': 120.981593}, {'lat': 14.505968, 'lng': 120.981359}, {'lat': 14.506385, 'lng': 120.979982}]",4,1784975146607,1380.0,1260,4300.587,3937.95
route-1784975147348-1399,VPlfkGA7TlKYs3GD0Aox,Traffic Update,"[{'lat': 14.507083, 'lng': 120.982246}, {'lat': 14.507045, 'lng': 120.982317}, {'lat': 14.507116, 'lng': 120.982353}, {'lat': 14.507173, 'lng': 120.982247}, {'lat': 14.507102, 'lng': 120.98221}, {'lat': 14.506073, 'lng': 120.981683}, {'lat': 14.505898, 'lng': 120.981593}, {'lat': 14.505968, 'lng': 120.981359}, {'lat': 14.506385, 'lng': 120.979982}]",5,1784975147348,1260.0,120,3937.95,370.966
route-1784975326782-6245,4S6zKD9cMZeiTmfqmbdj,Initial Route,"[{'lat': 14.506443, 'lng': 120.979788}, {'lat': 14.505968, 'lng': 120.981359}, {'lat': 14.505898, 'lng': 120.981593}, {'lat': 14.505862, 'lng': 120.981715}, {'lat': 14.506014, 'lng': 120.981793}, {'lat': 14.507045, 'lng': 120.982317}, {'lat': 14.507116, 'lng': 120.982353}, {'lat': 14.507458, 'lng': 120.982527}, {'lat': 14.507963, 'lng': 120.982783}, {'lat': 14.508111, 'lng': 120.982791}, {'lat': 14.507841, 'lng': 120.983339}, {'lat': 14.507478, 'lng': 120.984081}, {'lat': 14.507149, 'lng': 120.98482}, {'lat': 14.506472, 'lng': 120.986319}, {'lat': 14.506321, 'lng': 120.986654}, {'lat': 14.506253, 'lng': 120.986802}, {'lat': 14.506217, 'lng': 120.986883}, {'lat': 14.50607, 'lng': 120.987206}, {'lat': 14.505915, 'lng': 120.987541}, {'lat': 14.505875, 'lng': 120.987666}, {'lat': 14.505964, 'lng': 120.987733}, {'lat': 14.50601, 'lng': 120.987761}, {'lat': 14.506052, 'lng': 120.987787}, {'lat': 14.506086, 'lng': 120.987806}, {'lat': 14.506122, 'lng': 120.987825}, {'lat': 14.506161, 'lng': 120.987844}, {'lat': 14.506362, 'lng': 120.987931}, {'lat': 14.506432, 'lng': 120.987961}, {'lat': 14.506778, 'lng': 120.988107}, {'lat': 14.5074, 'lng': 120.988371}, {'lat': 14.50762, 'lng': 120.988462}, {'lat': 14.507802, 'lng': 120.988537}, {'lat': 14.507984, 'lng': 120.988606}, {'lat': 14.508095, 'lng': 120.988648}, {'lat': 14.50884, 'lng': 120.988926}, {'lat': 14.509202, 'lng': 120.989057}, {'lat': 14.509515, 'lng': 120.98917}, {'lat': 14.510053, 'lng': 120.989335}, {'lat': 14.510748, 'lng': 120.98953}, {'lat': 14.510818, 'lng': 120.98955}, {'lat': 14.510949, 'lng': 120.989587}, {'lat': 14.511342, 'lng': 120.989712}, {'lat': 14.511826, 'lng': 120.989861}, {'lat': 14.512512, 'lng': 120.990065}, {'lat': 14.512868, 'lng': 120.990169}, {'lat': 14.513006, 'lng': 120.990205}, {'lat': 14.513352, 'lng': 120.990276}, {'lat': 14.513725, 'lng': 120.990335}, {'lat': 14.514042, 'lng': 120.990358}, {'lat': 14.514594, 'lng': 120.990413}, {'lat': 14.514718, 'lng': 120.990425}, {'lat': 14.514918, 'lng': 120.990448}, {'lat': 14.514937, 'lng': 120.990451}, {'lat': 14.515401, 'lng': 120.990508}, {'lat': 14.516297, 'lng': 120.99062}, {'lat': 14.5167, 'lng': 120.99067}, {'lat': 14.516776, 'lng': 120.990679}, {'lat': 14.516922, 'lng': 120.990697}, {'lat': 14.517013, 'lng': 120.990795}, {'lat': 14.517066, 'lng': 120.990859}, {'lat': 14.517128, 'lng': 120.990936}, {'lat': 14.517184, 'lng': 120.991021}, {'lat': 14.517233, 'lng': 120.991114}, {'lat': 14.517305, 'lng': 120.991496}, {'lat': 14.51738, 'lng': 120.99189}, {'lat': 14.517451, 'lng': 120.992324}, {'lat': 14.517454, 'lng': 120.992538}, {'lat': 14.517451, 'lng': 120.992709}, {'lat': 14.51745, 'lng': 120.992743}, {'lat': 14.517447, 'lng': 120.992761}, {'lat': 14.517392, 'lng': 120.992842}, {'lat': 14.517325, 'lng': 120.992912}, {'lat': 14.517249, 'lng': 120.992971}, {'lat': 14.517211, 'lng': 120.992989}, {'lat': 14.517146, 'lng': 120.993013}, {'lat': 14.517083, 'lng': 120.993028}, {'lat': 14.516992, 'lng': 120.99304}, {'lat': 14.516677, 'lng': 120.993003}, {'lat': 14.516096, 'lng': 120.992932}, {'lat': 14.515138, 'lng': 120.992826}, {'lat': 14.514721, 'lng': 120.992775}, {'lat': 14.514176, 'lng': 120.992703}, {'lat': 14.513739, 'lng': 120.992643}, {'lat': 14.513414, 'lng': 120.992592}, {'lat': 14.512735, 'lng': 120.992477}, {'lat': 14.512306, 'lng': 120.992435}, {'lat': 14.51191, 'lng': 120.992397}, {'lat': 14.511488, 'lng': 120.992302}, {'lat': 14.510706, 'lng': 120.992116}, {'lat': 14.508593, 'lng': 120.991565}]",1,1784975326782,,1200,,3605.591
route-1784975574512-7880,1WE9P6BngtZWrgbnF34h,Initial Route,"[{'lat': 14.558561, 'lng': 120.983606}, {'lat': 14.558286, 'lng': 120.983749}, {'lat': 14.558152, 'lng': 120.983527}, {'lat': 14.558026, 'lng': 120.983596}, {'lat': 14.557935, 'lng': 120.983655}, {'lat': 14.557826, 'lng': 120.983737}, {'lat': 14.557769, 'lng': 120.983769}, {'lat': 14.557678, 'lng': 120.983821}, {'lat': 14.557898, 'lng': 120.984241}, {'lat': 14.558038, 'lng': 120.984468}, {'lat': 14.558101, 'lng': 120.984563}, {'lat': 14.558167, 'lng': 120.984648}, {'lat': 14.558255, 'lng': 120.98476}, {'lat': 14.558265, 'lng': 120.984771}, {'lat': 14.558373, 'lng': 120.984902}, {'lat': 14.558513, 'lng': 120.985057}, {'lat': 14.558628, 'lng': 120.985198}, {'lat': 14.558757, 'lng': 120.985365}, {'lat': 14.55881, 'lng': 120.985453}, {'lat': 14.559007, 'lng': 120.985785}, {'lat': 14.559239, 'lng': 120.986201}, {'lat': 14.559295, 'lng': 120.986343}, {'lat': 14.559346, 'lng': 120.986492}, {'lat': 14.55946, 'lng': 120.986923}, {'lat': 14.559473, 'lng': 120.98697}, {'lat': 14.559495, 'lng': 120.987051}, {'lat': 14.559534, 'lng': 120.987177}, {'lat': 14.559586, 'lng': 120.987265}, {'lat': 14.559666, 'lng': 120.987401}, {'lat': 14.559686, 'lng': 120.987486}, {'lat': 14.559702, 'lng': 120.987554}, {'lat': 14.559945, 'lng': 120.988485}, {'lat': 14.560052, 'lng': 120.988894}, {'lat': 14.56013, 'lng': 120.98921}, {'lat': 14.560151, 'lng': 120.989294}, {'lat': 14.560168, 'lng': 120.98934}, {'lat': 14.560193, 'lng': 120.989436}, {'lat': 14.56007, 'lng': 120.989489}, {'lat': 14.560015, 'lng': 120.989513}, {'lat': 14.559848, 'lng': 120.989586}, {'lat': 14.559413, 'lng': 120.989769}, {'lat': 14.559333, 'lng': 120.989803}, {'lat': 14.559203, 'lng': 120.989858}, {'lat': 14.559096, 'lng': 120.989903}, {'lat': 14.558866, 'lng': 120.989998}, {'lat': 14.558655, 'lng': 120.990085}, {'lat': 14.558216, 'lng': 120.990269}, {'lat': 14.557751, 'lng': 120.990465}, {'lat': 14.557588, 'lng': 120.990528}, {'lat': 14.557171, 'lng': 120.990687}, {'lat': 14.557089, 'lng': 120.990716}, {'lat': 14.556972, 'lng': 120.990755}, {'lat': 14.556836, 'lng': 120.990801}, {'lat': 14.556743, 'lng': 120.990832}, {'lat': 14.556315, 'lng': 120.990975}, {'lat': 14.556127, 'lng': 120.991038}, {'lat': 14.55589, 'lng': 120.991111}, {'lat': 14.55565, 'lng': 120.991185}, {'lat': 14.555491, 'lng': 120.991235}, {'lat': 14.555414, 'lng': 120.991258}, {'lat': 14.555245, 'lng': 120.991311}, {'lat': 14.555073, 'lng': 120.991363}, {'lat': 14.554651, 'lng': 120.991494}, {'lat': 14.554549, 'lng': 120.991525}, {'lat': 14.554367, 'lng': 120.991582}, {'lat': 14.554205, 'lng': 120.991631}, {'lat': 14.554387, 'lng': 120.992434}, {'lat': 14.554465, 'lng': 120.992788}, {'lat': 14.554705, 'lng': 120.993588}, {'lat': 14.55498, 'lng': 120.994359}, {'lat': 14.555169, 'lng': 120.994892}, {'lat': 14.555226, 'lng': 120.995053}, {'lat': 14.55531, 'lng': 120.99529}, {'lat': 14.555384, 'lng': 120.995478}, {'lat': 14.555393, 'lng': 120.995499}, {'lat': 14.555484, 'lng': 120.995732}, {'lat': 14.55557, 'lng': 120.99595}, {'lat': 14.555895, 'lng': 120.99576}, {'lat': 14.556192, 'lng': 120.995616}, {'lat': 14.556213, 'lng': 120.995607}, {'lat': 14.556395, 'lng': 120.99553}]",1,1784975574512,,660,,2101.312
route-1784975704395-9426,1WE9P6BngtZWrgbnF34h,Regenerated Route,"[{'lat': 14.558591, 'lng': 120.987772}, {'lat': 14.558266, 'lng': 120.987881}, {'lat': 14.55747, 'lng': 120.988131}, {'lat': 14.556929, 'lng': 120.988301}, {'lat': 14.556615, 'lng': 120.98841}, {'lat': 14.556319, 'lng': 120.988508}, {'lat': 14.555639, 'lng': 120.988728}, {'lat': 14.555491, 'lng': 120.988776}, {'lat': 14.555116, 'lng': 120.988897}, {'lat': 14.554841, 'lng': 120.988987}, {'lat': 14.554415, 'lng': 120.989119}, {'lat': 14.553544, 'lng': 120.989393}, {'lat': 14.553637, 'lng': 120.989711}, {'lat': 14.553667, 'lng': 120.989811}, {'lat': 14.553747, 'lng': 120.990083}, {'lat': 14.553836, 'lng': 120.990381}, {'lat': 14.55386, 'lng': 120.990465}, {'lat': 14.553908, 'lng': 120.990627}, {'lat': 14.553945, 'lng': 120.990749}, {'lat': 14.553999, 'lng': 120.990933}, {'lat': 14.55406, 'lng': 120.991139}, {'lat': 14.554205, 'lng': 120.991631}, {'lat': 14.554387, 'lng': 120.992434}, {'lat': 14.554465, 'lng': 120.992788}, {'lat': 14.554705, 'lng': 120.993588}, {'lat': 14.55498, 'lng': 120.994359}, {'lat': 14.555169, 'lng': 120.994892}, {'lat': 14.555226, 'lng': 120.995053}, {'lat': 14.55531, 'lng': 120.99529}, {'lat': 14.555384, 'lng': 120.995478}, {'lat': 14.555393, 'lng': 120.995499}, {'lat': 14.555484, 'lng': 120.995732}, {'lat': 14.55557, 'lng': 120.99595}, {'lat': 14.555895, 'lng': 120.99576}, {'lat': 14.556192, 'lng': 120.995616}, {'lat': 14.556213, 'lng': 120.995607}, {'lat': 14.556395, 'lng': 120.99553}]",2,1784975704395,660.0,480,2101.312,1433.343
route-1784975818358-1231,1WE9P6BngtZWrgbnF34h,Regenerated Route,"[{'lat': 14.554913, 'lng': 120.990819}, {'lat': 14.555073, 'lng': 120.991363}, {'lat': 14.554651, 'lng': 120.991494}, {'lat': 14.554549, 'lng': 120.991525}, {'lat': 14.554367, 'lng': 120.991582}, {'lat': 14.554205, 'lng': 120.991631}, {'lat': 14.554387, 'lng': 120.992434}, {'lat': 14.554465, 'lng': 120.992788}, {'lat': 14.554705, 'lng': 120.993588}, {'lat': 14.55498, 'lng': 120.994359}, {'lat': 14.555169, 'lng': 120.994892}, {'lat': 14.555226, 'lng': 120.995053}, {'lat': 14.55531, 'lng': 120.99529}, {'lat': 14.555384, 'lng': 120.995478}, {'lat': 14.555393, 'lng': 120.995499}, {'lat': 14.555484, 'lng': 120.995732}, {'lat': 14.55557, 'lng': 120.99595}, {'lat': 14.555895, 'lng': 120.99576}, {'lat': 14.556192, 'lng': 120.995616}, {'lat': 14.556213, 'lng': 120.995607}, {'lat': 14.556395, 'lng': 120.99553}]",3,1784975818358,480.0,240,1433.343,754.91
route-1784975906085-7639,4S6zKD9cMZeiTmfqmbdj,Traffic Update,"[{'lat': 14.506436, 'lng': 120.979813}, {'lat': 14.505968, 'lng': 120.981359}, {'lat': 14.505898, 'lng': 120.981593}, {'lat': 14.505862, 'lng': 120.981715}, {'lat': 14.506014, 'lng': 120.981793}, {'lat': 14.507045, 'lng': 120.982317}, {'lat': 14.507116, 'lng': 120.982353}, {'lat': 14.507458, 'lng': 120.982527}, {'lat': 14.507963, 'lng': 120.982783}, {'lat': 14.508111, 'lng': 120.982791}, {'lat': 14.507841, 'lng': 120.983339}, {'lat': 14.507478, 'lng': 120.984081}, {'lat': 14.507149, 'lng': 120.98482}, {'lat': 14.506472, 'lng': 120.986319}, {'lat': 14.506321, 'lng': 120.986654}, {'lat': 14.506253, 'lng': 120.986802}, {'lat': 14.506217, 'lng': 120.986883}, {'lat': 14.50607, 'lng': 120.987206}, {'lat': 14.505915, 'lng': 120.987541}, {'lat': 14.505875, 'lng': 120.987666}, {'lat': 14.505964, 'lng': 120.987733}, {'lat': 14.50601, 'lng': 120.987761}, {'lat': 14.506052, 'lng': 120.987787}, {'lat': 14.506086, 'lng': 120.987806}, {'lat': 14.506122, 'lng': 120.987825}, {'lat': 14.506161, 'lng': 120.987844}, {'lat': 14.506362, 'lng': 120.987931}, {'lat': 14.506432, 'lng': 120.987961}, {'lat': 14.506778, 'lng': 120.988107}, {'lat': 14.5074, 'lng': 120.988371}, {'lat': 14.50762, 'lng': 120.988462}, {'lat': 14.507802, 'lng': 120.988537}, {'lat': 14.507984, 'lng': 120.988606}, {'lat': 14.508095, 'lng': 120.988648}, {'lat': 14.50884, 'lng': 120.988926}, {'lat': 14.509202, 'lng': 120.989057}, {'lat': 14.509515, 'lng': 120.98917}, {'lat': 14.510053, 'lng': 120.989335}, {'lat': 14.510748, 'lng': 120.98953}, {'lat': 14.510818, 'lng': 120.98955}, {'lat': 14.510949, 'lng': 120.989587}, {'lat': 14.511342, 'lng': 120.989712}, {'lat': 14.511826, 'lng': 120.989861}, {'lat': 14.512512, 'lng': 120.990065}, {'lat': 14.512868, 'lng': 120.990169}, {'lat': 14.513006, 'lng': 120.990205}, {'lat': 14.513352, 'lng': 120.990276}, {'lat': 14.513725, 'lng': 120.990335}, {'lat': 14.514042, 'lng': 120.990358}, {'lat': 14.514594, 'lng': 120.990413}, {'lat': 14.514718, 'lng': 120.990425}, {'lat': 14.514918, 'lng': 120.990448}, {'lat': 14.514937, 'lng': 120.990451}, {'lat': 14.515401, 'lng': 120.990508}, {'lat': 14.516297, 'lng': 120.99062}, {'lat': 14.5167, 'lng': 120.99067}, {'lat': 14.516776, 'lng': 120.990679}, {'lat': 14.516922, 'lng': 120.990697}, {'lat': 14.517013, 'lng': 120.990795}, {'lat': 14.517066, 'lng': 120.990859}, {'lat': 14.517128, 'lng': 120.990936}, {'lat': 14.517184, 'lng': 120.991021}, {'lat': 14.517233, 'lng': 120.991114}, {'lat': 14.517305, 'lng': 120.991496}, {'lat': 14.51738, 'lng': 120.99189}, {'lat': 14.517451, 'lng': 120.992324}, {'lat': 14.517454, 'lng': 120.992538}, {'lat': 14.517451, 'lng': 120.992709}, {'lat': 14.51745, 'lng': 120.992743}, {'lat': 14.517447, 'lng': 120.992761}, {'lat': 14.517392, 'lng': 120.992842}, {'lat': 14.517325, 'lng': 120.992912}, {'lat': 14.517249, 'lng': 120.992971}, {'lat': 14.517211, 'lng': 120.992989}, {'lat': 14.517146, 'lng': 120.993013}, {'lat': 14.517083, 'lng': 120.993028}, {'lat': 14.516992, 'lng': 120.99304}, {'lat': 14.516677, 'lng': 120.993003}, {'lat': 14.516096, 'lng': 120.992932}, {'lat': 14.515138, 'lng': 120.992826}, {'lat': 14.514721, 'lng': 120.992775}, {'lat': 14.514176, 'lng': 120.992703}, {'lat': 14.513739, 'lng': 120.992643}, {'lat': 14.513414, 'lng': 120.992592}, {'lat': 14.512735, 'lng': 120.992477}, {'lat': 14.512306, 'lng': 120.992435}, {'lat': 14.51191, 'lng': 120.992397}, {'lat': 14.511488, 'lng': 120.992302}, {'lat': 14.510706, 'lng': 120.992116}, {'lat': 14.508593, 'lng': 120.991565}]",2,1784975906085,1200.0,1200,3605.591,3602.671
route-1784975906657-6524,4S6zKD9cMZeiTmfqmbdj,Traffic Update,"[{'lat': 14.510928, 'lng': 120.989661}, {'lat': 14.51091, 'lng': 120.989727}, {'lat': 14.510835, 'lng': 120.989819}, {'lat': 14.510711, 'lng': 120.990262}, {'lat': 14.510663, 'lng': 120.990434}, {'lat': 14.51053, 'lng': 120.990905}, {'lat': 14.510511, 'lng': 120.990973}, {'lat': 14.509592, 'lng': 120.990689}, {'lat': 14.509492, 'lng': 120.990658}, {'lat': 14.509069, 'lng': 120.990527}, {'lat': 14.508388, 'lng': 120.99032}, {'lat': 14.508258, 'lng': 120.99028}, {'lat': 14.50791, 'lng': 120.990174}, {'lat': 14.507698, 'lng': 120.990109}, {'lat': 14.507615, 'lng': 120.990084}, {'lat': 14.507654, 'lng': 120.989974}, {'lat': 14.507697, 'lng': 120.989854}, {'lat': 14.507752, 'lng': 120.989702}, {'lat': 14.507839, 'lng': 120.98946}, {'lat': 14.507877, 'lng': 120.989356}, {'lat': 14.508076, 'lng': 120.988803}, {'lat': 14.508095, 'lng': 120.988648}, {'lat': 14.50884, 'lng': 120.988926}, {'lat': 14.509202, 'lng': 120.989057}, {'lat': 14.509515, 'lng': 120.98917}, {'lat': 14.510053, 'lng': 120.989335}, {'lat': 14.510748, 'lng': 120.98953}, {'lat': 14.510818, 'lng': 120.98955}, {'lat': 14.510949, 'lng': 120.989587}, {'lat': 14.511342, 'lng': 120.989712}, {'lat': 14.511826, 'lng': 120.989861}, {'lat': 14.512512, 'lng': 120.990065}, {'lat': 14.512868, 'lng': 120.990169}, {'lat': 14.513006, 'lng': 120.990205}, {'lat': 14.513352, 'lng': 120.990276}, {'lat': 14.513725, 'lng': 120.990335}, {'lat': 14.514042, 'lng': 120.990358}, {'lat': 14.514594, 'lng': 120.990413}, {'lat': 14.514718, 'lng': 120.990425}, {'lat': 14.514918, 'lng': 120.990448}, {'lat': 14.514937, 'lng': 120.990451}, {'lat': 14.515401, 'lng': 120.990508}, {'lat': 14.516297, 'lng': 120.99062}, {'lat': 14.5167, 'lng': 120.99067}, {'lat': 14.516776, 'lng': 120.990679}, {'lat': 14.516922, 'lng': 120.990697}, {'lat': 14.517013, 'lng': 120.990795}, {'lat': 14.517066, 'lng': 120.990859}, {'lat': 14.517128, 'lng': 120.990936}, {'lat': 14.517184, 'lng': 120.991021}, {'lat': 14.517233, 'lng': 120.991114}, {'lat': 14.517276, 'lng': 120.991342}, {'lat': 14.517305, 'lng': 120.991496}, {'lat': 14.51738, 'lng': 120.99189}, {'lat': 14.517451, 'lng': 120.992324}, {'lat': 14.517454, 'lng': 120.992538}, {'lat': 14.517452, 'lng': 120.992633}, {'lat': 14.517451, 'lng': 120.992709}, {'lat': 14.51745, 'lng': 120.992743}, {'lat': 14.517447, 'lng': 120.992761}, {'lat': 14.517392, 'lng': 120.992842}, {'lat': 14.517325, 'lng': 120.992912}, {'lat': 14.517249, 'lng': 120.992971}, {'lat': 14.517211, 'lng': 120.992989}, {'lat': 14.517146, 'lng': 120.993013}, {'lat': 14.517083, 'lng': 120.993028}, {'lat': 14.516992, 'lng': 120.99304}, {'lat': 14.516677, 'lng': 120.993003}, {'lat': 14.516096, 'lng': 120.992932}, {'lat': 14.515138, 'lng': 120.992826}, {'lat': 14.514721, 'lng': 120.992775}, {'lat': 14.514176, 'lng': 120.992703}, {'lat': 14.513739, 'lng': 120.992643}, {'lat': 14.513414, 'lng': 120.992592}, {'lat': 14.512735, 'lng': 120.992477}, {'lat': 14.512306, 'lng': 120.992435}, {'lat': 14.51191, 'lng': 120.992397}, {'lat': 14.511488, 'lng': 120.992302}, {'lat': 14.510706, 'lng': 120.992116}, {'lat': 14.508593, 'lng': 120.991565}]",3,1784975906657,1200.0,960,3602.671,2910.25
route-1784975972722-4058,80XRAbrYqgT3HEC0Fxjd,Initial Route,"[{'lat': 14.513942, 'lng': 120.990351}, {'lat': 14.514042, 'lng': 120.990358}, {'lat': 14.514594, 'lng': 120.990413}, {'lat': 14.514718, 'lng': 120.990425}, {'lat': 14.514918, 'lng': 120.990448}, {'lat': 14.514937, 'lng': 120.990451}, {'lat': 14.515401, 'lng': 120.990508}, {'lat': 14.516297, 'lng': 120.99062}, {'lat': 14.5167, 'lng': 120.99067}, {'lat': 14.516776, 'lng': 120.990679}, {'lat': 14.516922, 'lng': 120.990697}, {'lat': 14.517067, 'lng': 120.990715}, {'lat': 14.517141, 'lng': 120.990731}, {'lat': 14.51739, 'lng': 120.990782}, {'lat': 14.517522, 'lng': 120.990818}, {'lat': 14.517775, 'lng': 120.990887}, {'lat': 14.517944, 'lng': 120.9909}, {'lat': 14.518547, 'lng': 120.990924}, {'lat': 14.519364, 'lng': 120.990954}, {'lat': 14.519594, 'lng': 120.990895}, {'lat': 14.519627, 'lng': 120.990896}, {'lat': 14.520121, 'lng': 120.990913}, {'lat': 14.520364, 'lng': 120.990922}, {'lat': 14.520499, 'lng': 120.990931}, {'lat': 14.520929, 'lng': 120.990945}, {'lat': 14.521322, 'lng': 120.990918}, {'lat': 14.521537, 'lng': 120.990902}, {'lat': 14.521706, 'lng': 120.990877}, {'lat': 14.521972, 'lng': 120.99084}, {'lat': 14.522039, 'lng': 120.990833}, {'lat': 14.522189, 'lng': 120.990814}, {'lat': 14.522286, 'lng': 120.990802}, {'lat': 14.522846, 'lng': 120.990726}, {'lat': 14.522989, 'lng': 120.990708}, {'lat': 14.523202, 'lng': 120.990679}, {'lat': 14.523278, 'lng': 120.990669}, {'lat': 14.524498, 'lng': 120.99051}, {'lat': 14.52499, 'lng': 120.990439}, {'lat': 14.525103, 'lng': 120.990422}, {'lat': 14.525271, 'lng': 120.990404}, {'lat': 14.5254, 'lng': 120.990389}, {'lat': 14.526527, 'lng': 120.990263}, {'lat': 14.526611, 'lng': 120.990254}, {'lat': 14.526758, 'lng': 120.990237}, {'lat': 14.527841, 'lng': 120.990116}, {'lat': 14.528068, 'lng': 120.99009}, {'lat': 14.528275, 'lng': 120.990067}, {'lat': 14.528574, 'lng': 120.990038}, {'lat': 14.529078, 'lng': 120.989973}, {'lat': 14.529166, 'lng': 120.989962}, {'lat': 14.529296, 'lng': 120.989945}, {'lat': 14.529388, 'lng': 120.989934}, {'lat': 14.529643, 'lng': 120.989905}, {'lat': 14.529892, 'lng': 120.989877}, {'lat': 14.530106, 'lng': 120.989853}, {'lat': 14.530214, 'lng': 120.989841}, {'lat': 14.530398, 'lng': 120.98982}, {'lat': 14.53068, 'lng': 120.989788}, {'lat': 14.531209, 'lng': 120.989736}, {'lat': 14.531304, 'lng': 120.989724}, {'lat': 14.531498, 'lng': 120.989698}, {'lat': 14.531662, 'lng': 120.989678}, {'lat': 14.531757, 'lng': 120.989666}, {'lat': 14.531828, 'lng': 120.989658}, {'lat': 14.531976, 'lng': 120.989643}, {'lat': 14.532058, 'lng': 120.989634}, {'lat': 14.532328, 'lng': 120.989603}, {'lat': 14.532656, 'lng': 120.989567}, {'lat': 14.532929, 'lng': 120.989533}, {'lat': 14.533196, 'lng': 120.989488}, {'lat': 14.534065, 'lng': 120.989329}, {'lat': 14.534141, 'lng': 120.989316}, {'lat': 14.534197, 'lng': 120.989306}, {'lat': 14.534654, 'lng': 120.989234}, {'lat': 14.535142, 'lng': 120.989169}, {'lat': 14.535402, 'lng': 120.989139}, {'lat': 14.535524, 'lng': 120.989125}, {'lat': 14.535864, 'lng': 120.989088}, {'lat': 14.536052, 'lng': 120.989067}, {'lat': 14.536113, 'lng': 120.98906}, {'lat': 14.536196, 'lng': 120.98905}, {'lat': 14.536217, 'lng': 120.989146}, {'lat': 14.536375, 'lng': 120.989847}, {'lat': 14.53643, 'lng': 120.990091}, {'lat': 14.536485, 'lng': 120.990338}, {'lat': 14.536504, 'lng': 120.990426}, {'lat': 14.536593, 'lng': 120.990824}, {'lat': 14.536738, 'lng': 120.991468}, {'lat': 14.536689, 'lng': 120.99148}, {'lat': 14.536641, 'lng': 120.991491}, {'lat': 14.536046, 'lng': 120.991634}, {'lat': 14.535898, 'lng': 120.991626}, {'lat': 14.535807, 'lng': 120.99159}, {'lat': 14.535728, 'lng': 120.991517}, {'lat': 14.535662, 'lng': 120.991386}, {'lat': 14.535522, 'lng': 120.990789}]",1,1784975972722,,960,,2963.2
route-1784975999667-5070,1WE9P6BngtZWrgbnF34h,Traffic Update,"[{'lat': 14.556281, 'lng': 120.995578}, {'lat': 14.556395, 'lng': 120.99553}]",4,1784975999667,240.0,0,754.91,13.616
route-1784976498587-391,80XRAbrYqgT3HEC0Fxjd,Traffic Update,"[{'lat': 14.524761, 'lng': 120.990295}, {'lat': 14.523831, 'lng': 120.990414}, {'lat': 14.523677, 'lng': 120.990434}, {'lat': 14.523223, 'lng': 120.990496}, {'lat': 14.522826, 'lng': 120.990553}, {'lat': 14.522493, 'lng': 120.990599}, {'lat': 14.52227, 'lng': 120.990631}, {'lat': 14.522172, 'lng': 120.990644}, {'lat': 14.522157, 'lng': 120.990495}, {'lat': 14.522125, 'lng': 120.99017}, {'lat': 14.522113, 'lng': 120.990054}, {'lat': 14.522073, 'lng': 120.989649}, {'lat': 14.522039, 'lng': 120.989304}, {'lat': 14.521959, 'lng': 120.98918}, {'lat': 14.521894, 'lng': 120.989324}, {'lat': 14.521939, 'lng': 120.989806}, {'lat': 14.52197, 'lng': 120.990132}, {'lat': 14.522005, 'lng': 120.99051}, {'lat': 14.52202, 'lng': 120.990663}, {'lat': 14.522039, 'lng': 120.990833}, {'lat': 14.522189, 'lng': 120.990814}, {'lat': 14.522286, 'lng': 120.990802}, {'lat': 14.522846, 'lng': 120.990726}, {'lat': 14.522989, 'lng': 120.990708}, {'lat': 14.523202, 'lng': 120.990679}, {'lat': 14.523278, 'lng': 120.990669}, {'lat': 14.524498, 'lng': 120.99051}, {'lat': 14.52499, 'lng': 120.990439}, {'lat': 14.525103, 'lng': 120.990422}, {'lat': 14.525271, 'lng': 120.990404}, {'lat': 14.5254, 'lng': 120.990389}, {'lat': 14.526527, 'lng': 120.990263}, {'lat': 14.526611, 'lng': 120.990254}, {'lat': 14.526758, 'lng': 120.990237}, {'lat': 14.527841, 'lng': 120.990116}, {'lat': 14.528068, 'lng': 120.99009}, {'lat': 14.528275, 'lng': 120.990067}, {'lat': 14.528574, 'lng': 120.990038}, {'lat': 14.529078, 'lng': 120.989973}, {'lat': 14.529166, 'lng': 120.989962}, {'lat': 14.529296, 'lng': 120.989945}, {'lat': 14.529388, 'lng': 120.989934}, {'lat': 14.529643, 'lng': 120.989905}, {'lat': 14.529892, 'lng': 120.989877}, {'lat': 14.530106, 'lng': 120.989853}, {'lat': 14.530214, 'lng': 120.989841}, {'lat': 14.530398, 'lng': 120.98982}, {'lat': 14.53068, 'lng': 120.989788}, {'lat': 14.531209, 'lng': 120.989736}, {'lat': 14.531304, 'lng': 120.989724}, {'lat': 14.531498, 'lng': 120.989698}, {'lat': 14.531662, 'lng': 120.989678}, {'lat': 14.531757, 'lng': 120.989666}, {'lat': 14.531828, 'lng': 120.989658}, {'lat': 14.531976, 'lng': 120.989643}, {'lat': 14.532058, 'lng': 120.989634}, {'lat': 14.532328, 'lng': 120.989603}, {'lat': 14.532656, 'lng': 120.989567}, {'lat': 14.532929, 'lng': 120.989533}, {'lat': 14.533196, 'lng': 120.989488}, {'lat': 14.534065, 'lng': 120.989329}, {'lat': 14.534141, 'lng': 120.989316}, {'lat': 14.534197, 'lng': 120.989306}, {'lat': 14.534654, 'lng': 120.989234}, {'lat': 14.535142, 'lng': 120.989169}, {'lat': 14.535402, 'lng': 120.989139}, {'lat': 14.535524, 'lng': 120.989125}, {'lat': 14.535864, 'lng': 120.989088}, {'lat': 14.536052, 'lng': 120.989067}, {'lat': 14.536113, 'lng': 120.98906}, {'lat': 14.536196, 'lng': 120.98905}, {'lat': 14.536217, 'lng': 120.989146}, {'lat': 14.536375, 'lng': 120.989847}, {'lat': 14.536391, 'lng': 120.989919}, {'lat': 14.536426, 'lng': 120.990073}, {'lat': 14.536485, 'lng': 120.990338}, {'lat': 14.536593, 'lng': 120.990824}, {'lat': 14.536738, 'lng': 120.991468}, {'lat': 14.536689, 'lng': 120.99148}, {'lat': 14.536641, 'lng': 120.991491}, {'lat': 14.536046, 'lng': 120.991634}, {'lat': 14.535898, 'lng': 120.991626}, {'lat': 14.535807, 'lng': 120.99159}, {'lat': 14.535728, 'lng': 120.991517}, {'lat': 14.535662, 'lng': 120.991386}, {'lat': 14.535522, 'lng': 120.990789}]",2,1784976498587,960.0,900,2963.2,2688.072
route-1784976499843-2793,80XRAbrYqgT3HEC0Fxjd,Traffic Update,"[{'lat': 14.534774, 'lng': 120.989218}, {'lat': 14.535142, 'lng': 120.989169}, {'lat': 14.535402, 'lng': 120.989139}, {'lat': 14.535524, 'lng': 120.989125}, {'lat': 14.535864, 'lng': 120.989088}, {'lat': 14.536052, 'lng': 120.989067}, {'lat': 14.536113, 'lng': 120.98906}, {'lat': 14.536196, 'lng': 120.98905}, {'lat': 14.536217, 'lng': 120.989146}, {'lat': 14.536375, 'lng': 120.989847}, {'lat': 14.536391, 'lng': 120.989919}, {'lat': 14.536426, 'lng': 120.990073}, {'lat': 14.536485, 'lng': 120.990338}, {'lat': 14.536593, 'lng': 120.990824}, {'lat': 14.536738, 'lng': 120.991468}, {'lat': 14.536689, 'lng': 120.99148}, {'lat': 14.536641, 'lng': 120.991491}, {'lat': 14.536046, 'lng': 120.991634}, {'lat': 14.535898, 'lng': 120.991626}, {'lat': 14.535807, 'lng': 120.99159}, {'lat': 14.535728, 'lng': 120.991517}, {'lat': 14.535662, 'lng': 120.991386}, {'lat': 14.535522, 'lng': 120.990789}]",3,1784976499843,900.0,180,2688.072,627.118
route-1784976577891-8133,fEMOBzqndZ8A8jZvsTLJ,Initial Route,"[{'lat': 14.536687, 'lng': 120.989228}, {'lat': 14.536756, 'lng': 120.989653}, {'lat': 14.536787, 'lng': 120.989648}, {'lat': 14.536829, 'lng': 120.989642}, {'lat': 14.536869, 'lng': 120.989907}, {'lat': 14.536884, 'lng': 120.99004}, {'lat': 14.536909, 'lng': 120.990138}, {'lat': 14.536931, 'lng': 120.990152}, {'lat': 14.536966, 'lng': 120.99015}, {'lat': 14.537056, 'lng': 120.990145}, {'lat': 14.537149, 'lng': 120.990126}, {'lat': 14.537158, 'lng': 120.990202}, {'lat': 14.537171, 'lng': 120.990289}, {'lat': 14.537029, 'lng': 120.990311}, {'lat': 14.536897, 'lng': 120.99033}, {'lat': 14.536838, 'lng': 120.990327}, {'lat': 14.536781, 'lng': 120.990309}, {'lat': 14.5367, 'lng': 120.990269}, {'lat': 14.536645, 'lng': 120.99004}, {'lat': 14.536556, 'lng': 120.989686}, {'lat': 14.536428, 'lng': 120.989123}, {'lat': 14.536406, 'lng': 120.989026}, {'lat': 14.536489, 'lng': 120.989016}, {'lat': 14.536568, 'lng': 120.989007}, {'lat': 14.536892, 'lng': 120.988961}, {'lat': 14.536967, 'lng': 120.988952}, {'lat': 14.537145, 'lng': 120.988929}, {'lat': 14.537303, 'lng': 120.988909}, {'lat': 14.537735, 'lng': 120.988839}, {'lat': 14.538375, 'lng': 120.988751}, {'lat': 14.539482, 'lng': 120.988578}, {'lat': 14.539608, 'lng': 120.988559}, {'lat': 14.540165, 'lng': 120.988473}, {'lat': 14.540469, 'lng': 120.988432}, {'lat': 14.54055, 'lng': 120.98842}, {'lat': 14.540625, 'lng': 120.988409}, {'lat': 14.540849, 'lng': 120.988372}, {'lat': 14.541011, 'lng': 120.988346}, {'lat': 14.541127, 'lng': 120.988326}, {'lat': 14.541241, 'lng': 120.988308}, {'lat': 14.542338, 'lng': 120.988148}, {'lat': 14.542891, 'lng': 120.988068}, {'lat': 14.54296, 'lng': 120.988059}, {'lat': 14.543082, 'lng': 120.988043}, {'lat': 14.543211, 'lng': 120.98803}, {'lat': 14.543336, 'lng': 120.988017}, {'lat': 14.543511, 'lng': 120.987991}, {'lat': 14.543671, 'lng': 120.987963}, {'lat': 14.543815, 'lng': 120.987936}, {'lat': 14.543921, 'lng': 120.987908}, {'lat': 14.544387, 'lng': 120.987789}, {'lat': 14.544812, 'lng': 120.987681}, {'lat': 14.544883, 'lng': 120.987662}, {'lat': 14.545544, 'lng': 120.987492}, {'lat': 14.54649, 'lng': 120.987261}, {'lat': 14.547127, 'lng': 120.987106}, {'lat': 14.547748, 'lng': 120.98695}, {'lat': 14.548335, 'lng': 120.9868}, {'lat': 14.548452, 'lng': 120.986767}, {'lat': 14.548787, 'lng': 120.986683}, {'lat': 14.549323, 'lng': 120.986545}, {'lat': 14.549559, 'lng': 120.986485}, {'lat': 14.55029, 'lng': 120.986293}, {'lat': 14.550899, 'lng': 120.986133}, {'lat': 14.551052, 'lng': 120.986105}, {'lat': 14.551097, 'lng': 120.986101}, {'lat': 14.551137, 'lng': 120.9861}, {'lat': 14.551173, 'lng': 120.986103}, {'lat': 14.551214, 'lng': 120.986111}, {'lat': 14.55125, 'lng': 120.98612}, {'lat': 14.551292, 'lng': 120.986135}, {'lat': 14.55136, 'lng': 120.986162}, {'lat': 14.551401, 'lng': 120.9863}, {'lat': 14.551473, 'lng': 120.986531}, {'lat': 14.551671, 'lng': 120.987178}, {'lat': 14.551691, 'lng': 120.987238}, {'lat': 14.551731, 'lng': 120.987382}, {'lat': 14.551744, 'lng': 120.987436}, {'lat': 14.551752, 'lng': 120.987472}, {'lat': 14.551755, 'lng': 120.98749}, {'lat': 14.551766, 'lng': 120.987563}, {'lat': 14.551772, 'lng': 120.98764}, {'lat': 14.551785, 'lng': 120.987911}, {'lat': 14.551789, 'lng': 120.987984}, {'lat': 14.551801, 'lng': 120.988166}, {'lat': 14.551808, 'lng': 120.988221}, {'lat': 14.551846, 'lng': 120.988495}, {'lat': 14.551889, 'lng': 120.98863}, {'lat': 14.551954, 'lng': 120.98883}, {'lat': 14.552008, 'lng': 120.988998}, {'lat': 14.552062, 'lng': 120.989164}, {'lat': 14.552091, 'lng': 120.989253}, {'lat': 14.55212, 'lng': 120.989341}, {'lat': 14.552137, 'lng': 120.989399}, {'lat': 14.552211, 'lng': 120.989638}, {'lat': 14.552255, 'lng': 120.989802}, {'lat': 14.552292, 'lng': 120.989923}, {'lat': 14.55236, 'lng': 120.990148}, {'lat': 14.552395, 'lng': 120.990276}, {'lat': 14.552414, 'lng': 120.990345}, {'lat': 14.552439, 'lng': 120.990436}, {'lat': 14.552462, 'lng': 120.990502}, {'lat': 14.552665, 'lng': 120.991156}, {'lat': 14.55277, 'lng': 120.991492}, {'lat': 14.552934, 'lng': 120.992021}, {'lat': 14.553071, 'lng': 120.992475}, {'lat': 14.553155, 'lng': 120.99282}, {'lat': 14.553175, 'lng': 120.992924}, {'lat': 14.553225, 'lng': 120.993193}, {'lat': 14.553269, 'lng': 120.993603}, {'lat': 14.553304, 'lng': 120.993929}, {'lat': 14.553354, 'lng': 120.994288}, {'lat': 14.55338, 'lng': 120.994499}, {'lat': 14.553408, 'lng': 120.994764}, {'lat': 14.553471, 'lng': 120.995201}, {'lat': 14.553476, 'lng': 120.995238}, {'lat': 14.553521, 'lng': 120.995444}, {'lat': 14.553571, 'lng': 120.995664}, {'lat': 14.55361, 'lng': 120.995826}, {'lat': 14.553617, 'lng': 120.995853}, {'lat': 14.553773, 'lng': 120.996501}, {'lat': 14.553799, 'lng': 120.996594}, {'lat': 14.553888, 'lng': 120.99696}, {'lat': 14.553942, 'lng': 120.997148}, {'lat': 14.553961, 'lng': 120.997224}, {'lat': 14.553978, 'lng': 120.997291}, {'lat': 14.554066, 'lng': 120.997658}, {'lat': 14.554075, 'lng': 120.997694}, {'lat': 14.554082, 'lng': 120.997721}, {'lat': 14.554089, 'lng': 120.997744}, {'lat': 14.55412, 'lng': 120.997872}, {'lat': 14.554142, 'lng': 120.997954}, {'lat': 14.554343, 'lng': 120.998715}, {'lat': 14.554347, 'lng': 120.99873}, {'lat': 14.554461, 'lng': 120.999168}, {'lat': 14.554607, 'lng': 120.999792}, {'lat': 14.554679, 'lng': 121.000038}, {'lat': 14.55475, 'lng': 121.000251}, {'lat': 14.554757, 'lng': 121.000268}, {'lat': 14.554781, 'lng': 121.000329}, {'lat': 14.554795, 'lng': 121.000359}, {'lat': 14.554901, 'lng': 121.000581}, {'lat': 14.554987, 'lng': 121.000718}, {'lat': 14.55507, 'lng': 121.000881}, {'lat': 14.555182, 'lng': 121.001134}, {'lat': 14.555221, 'lng': 121.001225}, {'lat': 14.555276, 'lng': 121.00134}, {'lat': 14.555393, 'lng': 121.001828}, {'lat': 14.555407, 'lng': 121.00188}, {'lat': 14.555438, 'lng': 121.001999}, {'lat': 14.555474, 'lng': 121.00213}, {'lat': 14.5555, 'lng': 121.002228}, {'lat': 14.555521, 'lng': 121.002305}, {'lat': 14.555561, 'lng': 121.002454}, {'lat': 14.555671, 'lng': 121.002794}, {'lat': 14.55574, 'lng': 121.003006}, {'lat': 14.555916, 'lng': 121.003496}, {'lat': 14.555971, 'lng': 121.003641}, {'lat': 14.556024, 'lng': 121.003779}, {'lat': 14.556067, 'lng': 121.003897}, {'lat': 14.556104, 'lng': 121.003988}, {'lat': 14.556137, 'lng': 121.004063}, {'lat': 14.556296, 'lng': 121.004446}, {'lat': 14.556354, 'lng': 121.004579}, {'lat': 14.556862, 'lng': 121.005601}, {'lat': 14.556909, 'lng': 121.005697}, {'lat': 14.556945, 'lng': 121.005771}, {'lat': 14.557139, 'lng': 121.006152}, {'lat': 14.557164, 'lng': 121.006201}, {'lat': 14.557209, 'lng': 121.006289}, {'lat': 14.557298, 'lng': 121.006466}, {'lat': 14.557394, 'lng': 121.006663}, {'lat': 14.557483, 'lng': 121.006848}, {'lat': 14.557559, 'lng': 121.007016}, {'lat': 14.557587, 'lng': 121.007078}, {'lat': 14.557606, 'lng': 121.007237}, {'lat': 14.557625, 'lng': 121.007309}, {'lat': 14.55766, 'lng': 121.007383}, {'lat': 14.557111, 'lng': 121.007663}, {'lat': 14.55703, 'lng': 121.007746}, {'lat': 14.556973, 'lng': 121.007848}, {'lat': 14.556946, 'lng': 121.007962}, {'lat': 14.556949, 'lng': 121.008079}, {'lat': 14.557244, 'lng': 121.007914}, {'lat': 14.557529, 'lng': 121.00775}, {'lat': 14.557769, 'lng': 121.007618}, {'lat': 14.557881, 'lng': 121.007555}, {'lat': 14.55833, 'lng': 121.007303}, {'lat': 14.558459, 'lng': 121.007232}, {'lat': 14.558696, 'lng': 121.00711}, {'lat': 14.559714, 'lng': 121.006569}, {'lat': 14.559919, 'lng': 121.006461}, {'lat': 14.560185, 'lng': 121.006264}, {'lat': 14.560662, 'lng': 121.006002}, {'lat': 14.560855, 'lng': 121.005897}, {'lat': 14.562746, 'lng': 121.004875}, {'lat': 14.563357, 'lng': 121.004594}, {'lat': 14.565452, 'lng': 121.00347}, {'lat': 14.565952, 'lng': 121.003197}, {'lat': 14.566054, 'lng': 121.00314}, {'lat': 14.566461, 'lng': 121.002915}, {'lat': 14.566512, 'lng': 121.002887}, {'lat': 14.567871, 'lng': 121.002108}, {'lat': 14.572601, 'lng': 120.999533}, {'lat': 14.572673, 'lng': 120.999493}, {'lat': 14.572909, 'lng': 120.999372}, {'lat': 14.573456, 'lng': 120.999078}, {'lat': 14.573509, 'lng': 120.999049}, {'lat': 14.573709, 'lng': 120.998944}, {'lat': 14.574256, 'lng': 120.99865}, {'lat': 14.575837, 'lng': 120.99783}, {'lat': 14.576007, 'lng': 120.997731}, {'lat': 14.576077, 'lng': 120.997692}, {'lat': 14.576177, 'lng': 120.997636}, {'lat': 14.576289, 'lng': 120.997568}, {'lat': 14.576557, 'lng': 120.997413}, {'lat': 14.5767, 'lng': 120.997331}, {'lat': 14.576799, 'lng': 120.997304}, {'lat': 14.576901, 'lng': 120.997289}, {'lat': 14.577004, 'lng': 120.997288}, {'lat': 14.577107, 'lng': 120.997299}, {'lat': 14.577213, 'lng': 120.997324}, {'lat': 14.577316, 'lng': 120.997364}, {'lat': 14.577412, 'lng': 120.997417}, {'lat': 14.578044, 'lng': 120.997931}, {'lat': 14.578723, 'lng': 120.998434}, {'lat': 14.578831, 'lng': 120.998519}, {'lat': 14.579027, 'lng': 120.998672}, {'lat': 14.579517, 'lng': 120.999068}, {'lat': 14.579625, 'lng': 120.999158}, {'lat': 14.580944, 'lng': 121.000234}, {'lat': 14.581085, 'lng': 121.000351}, {'lat': 14.581948, 'lng': 121.001111}, {'lat': 14.582307, 'lng': 121.001427}, {'lat': 14.582506, 'lng': 121.001618}, {'lat': 14.583635, 'lng': 121.002634}, {'lat': 14.584043, 'lng': 121.003047}, {'lat': 14.584147, 'lng': 121.003203}, {'lat': 14.58441, 'lng': 121.003605}, {'lat': 14.585477, 'lng': 121.004548}, {'lat': 14.585756, 'lng': 121.004986}, {'lat': 14.587193, 'lng': 121.006229}, {'lat': 14.587957, 'lng': 121.006892}, {'lat': 14.587987, 'lng': 121.006923}, {'lat': 14.588016, 'lng': 121.006963}, {'lat': 14.588137, 'lng': 121.007161}, {'lat': 14.588166, 'lng': 121.007201}, {'lat': 14.588203, 'lng': 121.007239}, {'lat': 14.589737, 'lng': 121.008556}, {'lat': 14.589866, 'lng': 121.008665}, {'lat': 14.590351, 'lng': 121.009077}, {'lat': 14.590421, 'lng': 121.009135}, {'lat': 14.590696, 'lng': 121.009361}, {'lat': 14.590712, 'lng': 121.009373}, {'lat': 14.590908, 'lng': 121.009524}, {'lat': 14.591023, 'lng': 121.00962}, {'lat': 14.591174, 'lng': 121.009722}, {'lat': 14.591502, 'lng': 121.010004}, {'lat': 14.591645, 'lng': 121.010137}, {'lat': 14.5919, 'lng': 121.010388}, {'lat': 14.592207, 'lng': 121.010674}, {'lat': 14.592505, 'lng': 121.010935}, {'lat': 14.592549, 'lng': 121.01088}, {'lat': 14.593, 'lng': 121.011272}, {'lat': 14.593746, 'lng': 121.011936}, {'lat': 14.594736, 'lng': 121.012785}, {'lat': 14.595069, 'lng': 121.013068}, {'lat': 14.595649, 'lng': 121.013407}, {'lat': 14.595882, 'lng': 121.013492}, {'lat': 14.596152, 'lng': 121.01358}, {'lat': 14.596442, 'lng': 121.013637}, {'lat': 14.596718, 'lng': 121.013656}, {'lat': 14.597232, 'lng': 121.013632}, {'lat': 14.597478, 'lng': 121.013622}, {'lat': 14.597704, 'lng': 121.013693}, {'lat': 14.597785, 'lng': 121.013696}, {'lat': 14.597846, 'lng': 121.013702}, {'lat': 14.597914, 'lng': 121.013719}, {'lat': 14.597972, 'lng': 121.013736}, {'lat': 14.598051, 'lng': 121.013769}, {'lat': 14.598123, 'lng': 121.013808}, {'lat': 14.59818, 'lng': 121.01384}, {'lat': 14.59824, 'lng': 121.013881}, {'lat': 14.598296, 'lng': 121.013939}, {'lat': 14.598364, 'lng': 121.014016}, {'lat': 14.598471, 'lng': 121.01415}, {'lat': 14.598612, 'lng': 121.014344}, {'lat': 14.598837, 'lng': 121.014672}, {'lat': 14.598781, 'lng': 121.014714}, {'lat': 14.598564, 'lng': 121.014871}, {'lat': 14.598543, 'lng': 121.014885}, {'lat': 14.598222, 'lng': 121.015122}, {'lat': 14.598205, 'lng': 121.015135}, {'lat': 14.597866, 'lng': 121.01537}, {'lat': 14.597779, 'lng': 121.015427}, {'lat': 14.597559, 'lng': 121.015588}, {'lat': 14.597528, 'lng': 121.015612}, {'lat': 14.597494, 'lng': 121.015661}, {'lat': 14.597469, 'lng': 121.015705}, {'lat': 14.597446, 'lng': 121.01576}, {'lat': 14.597425, 'lng': 121.015838}, {'lat': 14.597408, 'lng': 121.015923}, {'lat': 14.597402, 'lng': 121.015974}, {'lat': 14.597398, 'lng': 121.016027}, {'lat': 14.597396, 'lng': 121.016091}, {'lat': 14.597399, 'lng': 121.016202}, {'lat': 14.597408, 'lng': 121.016321}, {'lat': 14.597439, 'lng': 121.016507}, {'lat': 14.597489, 'lng': 121.016733}, {'lat': 14.597563, 'lng': 121.01711}, {'lat': 14.59766, 'lng': 121.017601}, {'lat': 14.597722, 'lng': 121.017586}, {'lat': 14.597744, 'lng': 121.017582}, {'lat': 14.597795, 'lng': 121.017565}, {'lat': 14.598496, 'lng': 121.017342}, {'lat': 14.598717, 'lng': 121.01727}, {'lat': 14.599233, 'lng': 121.017098}, {'lat': 14.599294, 'lng': 121.017078}, {'lat': 14.599693, 'lng': 121.016952}, {'lat': 14.600068, 'lng': 121.016838}, {'lat': 14.600146, 'lng': 121.016808}, {'lat': 14.600192, 'lng': 121.016944}, {'lat': 14.60053, 'lng': 121.018048}, {'lat': 14.60062, 'lng': 121.018316}, {'lat': 14.600646, 'lng': 121.0184}, {'lat': 14.600678, 'lng': 121.018501}, {'lat': 14.600914, 'lng': 121.019286}, {'lat': 14.600933, 'lng': 121.019346}, {'lat': 14.601021, 'lng': 121.019619}, {'lat': 14.60108, 'lng': 121.019815}, {'lat': 14.601103, 'lng': 121.019877}, {'lat': 14.60114, 'lng': 121.019947}, {'lat': 14.60115, 'lng': 121.019961}, {'lat': 14.601189, 'lng': 121.019995}, {'lat': 14.60123, 'lng': 121.020019}, {'lat': 14.601331, 'lng': 121.020078}, {'lat': 14.601848, 'lng': 121.020389}, {'lat': 14.601908, 'lng': 121.020429}, {'lat': 14.601899, 'lng': 121.020442}, {'lat': 14.601897, 'lng': 121.020466}, {'lat': 14.601888, 'lng': 121.020585}, {'lat': 14.601889, 'lng': 121.020618}, {'lat': 14.601892, 'lng': 121.020711}, {'lat': 14.601915, 'lng': 121.020842}, {'lat': 14.601968, 'lng': 121.021052}, {'lat': 14.602017, 'lng': 121.021246}, {'lat': 14.602134, 'lng': 121.021687}, {'lat': 14.602156, 'lng': 121.021775}, {'lat': 14.602162, 'lng': 121.021842}, {'lat': 14.602159, 'lng': 121.021875}, {'lat': 14.602153, 'lng': 121.021914}, {'lat': 14.602142, 'lng': 121.021956}, {'lat': 14.601957, 'lng': 121.022285}, {'lat': 14.601861, 'lng': 121.022462}, {'lat': 14.601832, 'lng': 121.02251}, {'lat': 14.601794, 'lng': 121.02256}, {'lat': 14.601717, 'lng': 121.022625}, {'lat': 14.601499, 'lng': 121.022764}, {'lat': 14.601348, 'lng': 121.02286}, {'lat': 14.601271, 'lng': 121.022928}, {'lat': 14.601208, 'lng': 121.022995}, {'lat': 14.601106, 'lng': 121.023178}, {'lat': 14.601069, 'lng': 121.023257}, {'lat': 14.600993, 'lng': 121.02342}, {'lat': 14.600949, 'lng': 121.023482}, {'lat': 14.600826, 'lng': 121.023656}, {'lat': 14.600692, 'lng': 121.023832}, {'lat': 14.600582, 'lng': 121.023963}, {'lat': 14.600527, 'lng': 121.024029}, {'lat': 14.600749, 'lng': 121.024386}, {'lat': 14.600802, 'lng': 121.024476}, {'lat': 14.600942, 'lng': 121.024716}, {'lat': 14.600969, 'lng': 121.024764}, {'lat': 14.601001, 'lng': 121.024818}, {'lat': 14.601132, 'lng': 121.025043}, {'lat': 14.600951, 'lng': 121.025159}, {'lat': 14.600918, 'lng': 121.025183}, {'lat': 14.600899, 'lng': 121.025201}, {'lat': 14.600885, 'lng': 121.025229}, {'lat': 14.600807, 'lng': 121.025459}, {'lat': 14.600774, 'lng': 121.025556}, {'lat': 14.60074, 'lng': 121.02561}, {'lat': 14.6007, 'lng': 121.02566}, {'lat': 14.600645, 'lng': 121.0257}, {'lat': 14.600593, 'lng': 121.025724}, {'lat': 14.600499, 'lng': 121.025728}]",1,1784976577891,,3960,,12064.651
route-1784977769340-2224,fEMOBzqndZ8A8jZvsTLJ,Traffic Update,"[{'lat': 14.551186, 'lng': 120.986106}, {'lat': 14.551214, 'lng': 120.986111}, {'lat': 14.55125, 'lng': 120.98612}, {'lat': 14.551292, 'lng': 120.986135}, {'lat': 14.55136, 'lng': 120.986162}, {'lat': 14.551401, 'lng': 120.9863}, {'lat': 14.551473, 'lng': 120.986531}, {'lat': 14.551671, 'lng': 120.987178}, {'lat': 14.551691, 'lng': 120.987238}, {'lat': 14.551731, 'lng': 120.987382}, {'lat': 14.551744, 'lng': 120.987436}, {'lat': 14.551752, 'lng': 120.987472}, {'lat': 14.551755, 'lng': 120.98749}, {'lat': 14.551766, 'lng': 120.987563}, {'lat': 14.551772, 'lng': 120.98764}, {'lat': 14.551785, 'lng': 120.987911}, {'lat': 14.551789, 'lng': 120.987984}, {'lat': 14.551801, 'lng': 120.988166}, {'lat': 14.551808, 'lng': 120.988221}, {'lat': 14.551846, 'lng': 120.988495}, {'lat': 14.551889, 'lng': 120.98863}, {'lat': 14.551954, 'lng': 120.98883}, {'lat': 14.552008, 'lng': 120.988998}, {'lat': 14.552062, 'lng': 120.989164}, {'lat': 14.552091, 'lng': 120.989253}, {'lat': 14.55212, 'lng': 120.989341}, {'lat': 14.552137, 'lng': 120.989399}, {'lat': 14.552211, 'lng': 120.989638}, {'lat': 14.552255, 'lng': 120.989802}, {'lat': 14.552292, 'lng': 120.989923}, {'lat': 14.55236, 'lng': 120.990148}, {'lat': 14.552377, 'lng': 120.990168}, {'lat': 14.552388, 'lng': 120.990177}, {'lat': 14.552404, 'lng': 120.990187}, {'lat': 14.552423, 'lng': 120.990195}, {'lat': 14.552443, 'lng': 120.990199}, {'lat': 14.552471, 'lng': 120.990201}, {'lat': 14.552488, 'lng': 120.990198}, {'lat': 14.552504, 'lng': 120.990193}, {'lat': 14.552523, 'lng': 120.990185}, {'lat': 14.552538, 'lng': 120.990173}, {'lat': 14.552554, 'lng': 120.990158}, {'lat': 14.552566, 'lng': 120.990138}, {'lat': 14.552575, 'lng': 120.990112}, {'lat': 14.552578, 'lng': 120.990093}, {'lat': 14.552578, 'lng': 120.990075}, {'lat': 14.552574, 'lng': 120.990033}, {'lat': 14.552538, 'lng': 120.989919}, {'lat': 14.552517, 'lng': 120.989852}, {'lat': 14.552481, 'lng': 120.989737}, {'lat': 14.552432, 'lng': 120.989569}, {'lat': 14.552578, 'lng': 120.989524}, {'lat': 14.552771, 'lng': 120.989464}, {'lat': 14.5535, 'lng': 120.989247}, {'lat': 14.554367, 'lng': 120.988957}, {'lat': 14.554516, 'lng': 120.988894}, {'lat': 14.554572, 'lng': 120.988861}, {'lat': 14.554625, 'lng': 120.988819}, {'lat': 14.554766, 'lng': 120.988774}, {'lat': 14.556251, 'lng': 120.988315}, {'lat': 14.556861, 'lng': 120.98812}, {'lat': 14.558213, 'lng': 120.9877}, {'lat': 14.558453, 'lng': 120.987616}, {'lat': 14.558619, 'lng': 120.987557}, {'lat': 14.558836, 'lng': 120.987471}, {'lat': 14.55944, 'lng': 120.987216}, {'lat': 14.559453, 'lng': 120.98721}, {'lat': 14.559534, 'lng': 120.987177}, {'lat': 14.559643, 'lng': 120.987132}, {'lat': 14.559738, 'lng': 120.987086}, {'lat': 14.56005, 'lng': 120.986942}, {'lat': 14.560451, 'lng': 120.986761}, {'lat': 14.560687, 'lng': 120.986655}, {'lat': 14.561656, 'lng': 120.986234}, {'lat': 14.562632, 'lng': 120.985822}, {'lat': 14.562984, 'lng': 120.98567}, {'lat': 14.563084, 'lng': 120.985897}, {'lat': 14.563595, 'lng': 120.985675}, {'lat': 14.5642, 'lng': 120.985396}, {'lat': 14.564288, 'lng': 120.985356}, {'lat': 14.564362, 'lng': 120.985323}, {'lat': 14.564383, 'lng': 120.985369}, {'lat': 14.56441, 'lng': 120.985431}, {'lat': 14.564547, 'lng': 120.985763}, {'lat': 14.564621, 'lng': 120.985937}, {'lat': 14.564767, 'lng': 120.986281}, {'lat': 14.564802, 'lng': 120.986363}, {'lat': 14.564945, 'lng': 120.986675}, {'lat': 14.564978, 'lng': 120.986744}, {'lat': 14.565038, 'lng': 120.986871}, {'lat': 14.565068, 'lng': 120.986937}, {'lat': 14.565368, 'lng': 120.987515}, {'lat': 14.565478, 'lng': 120.987679}, {'lat': 14.5656, 'lng': 120.987822}, {'lat': 14.565728, 'lng': 120.987942}, {'lat': 14.56617, 'lng': 120.988301}, {'lat': 14.566185, 'lng': 120.988313}, {'lat': 14.56626, 'lng': 120.988371}, {'lat': 14.566353, 'lng': 120.988446}, {'lat': 14.56722, 'lng': 120.98915}, {'lat': 14.567557, 'lng': 120.989418}, {'lat': 14.567653, 'lng': 120.989496}, {'lat': 14.567755, 'lng': 120.989578}, {'lat': 14.56787, 'lng': 120.989668}, {'lat': 14.568092, 'lng': 120.989842}, {'lat': 14.568605, 'lng': 120.990267}, {'lat': 14.568982, 'lng': 120.990575}, {'lat': 14.56904, 'lng': 120.990622}, {'lat': 14.569655, 'lng': 120.991126}, {'lat': 14.569834, 'lng': 120.991271}, {'lat': 14.56995, 'lng': 120.991363}, {'lat': 14.570016, 'lng': 120.991421}, {'lat': 14.570105, 'lng': 120.991494}, {'lat': 14.57013, 'lng': 120.991515}, {'lat': 14.570179, 'lng': 120.991555}, {'lat': 14.57026, 'lng': 120.991622}, {'lat': 14.570372, 'lng': 120.99171}, {'lat': 14.570445, 'lng': 120.991776}, {'lat': 14.570811, 'lng': 120.992065}, {'lat': 14.570922, 'lng': 120.992153}, {'lat': 14.570976, 'lng': 120.992196}, {'lat': 14.571084, 'lng': 120.992282}, {'lat': 14.571346, 'lng': 120.992492}, {'lat': 14.571582, 'lng': 120.992681}, {'lat': 14.571869, 'lng': 120.992921}, {'lat': 14.571994, 'lng': 120.993023}, {'lat': 14.572197, 'lng': 120.993184}, {'lat': 14.572518, 'lng': 120.993442}, {'lat': 14.57282, 'lng': 120.993694}, {'lat': 14.573139, 'lng': 120.993951}, {'lat': 14.573195, 'lng': 120.993996}, {'lat': 14.573321, 'lng': 120.994097}, {'lat': 14.573405, 'lng': 120.994164}, {'lat': 14.573455, 'lng': 120.994205}, {'lat': 14.573522, 'lng': 120.994264}, {'lat': 14.573742, 'lng': 120.994451}, {'lat': 14.574073, 'lng': 120.994724}, {'lat': 14.574227, 'lng': 120.994851}, {'lat': 14.574239, 'lng': 120.99486}, {'lat': 14.574381, 'lng': 120.994971}, {'lat': 14.574568, 'lng': 120.995114}, {'lat': 14.574883, 'lng': 120.99537}, {'lat': 14.575176, 'lng': 120.995609}, {'lat': 14.575645, 'lng': 120.99599}, {'lat': 14.575658, 'lng': 120.996}, {'lat': 14.575811, 'lng': 120.996123}, {'lat': 14.576211, 'lng': 120.996444}, {'lat': 14.576677, 'lng': 120.99683}, {'lat': 14.576798, 'lng': 120.996935}, {'lat': 14.576935, 'lng': 120.997043}, {'lat': 14.577024, 'lng': 120.997108}, {'lat': 14.577139, 'lng': 120.997199}, {'lat': 14.577412, 'lng': 120.997417}, {'lat': 14.578044, 'lng': 120.997931}, {'lat': 14.578723, 'lng': 120.998434}, {'lat': 14.578831, 'lng': 120.998519}, {'lat': 14.579027, 'lng': 120.998672}, {'lat': 14.579517, 'lng': 120.999068}, {'lat': 14.579625, 'lng': 120.999158}, {'lat': 14.580944, 'lng': 121.000234}, {'lat': 14.581085, 'lng': 121.000351}, {'lat': 14.581948, 'lng': 121.001111}, {'lat': 14.582307, 'lng': 121.001427}, {'lat': 14.582506, 'lng': 121.001618}, {'lat': 14.583635, 'lng': 121.002634}, {'lat': 14.584043, 'lng': 121.003047}, {'lat': 14.584147, 'lng': 121.003203}, {'lat': 14.58441, 'lng': 121.003605}, {'lat': 14.585477, 'lng': 121.004548}, {'lat': 14.585756, 'lng': 121.004986}, {'lat': 14.587193, 'lng': 121.006229}, {'lat': 14.587957, 'lng': 121.006892}, {'lat': 14.587987, 'lng': 121.006923}, {'lat': 14.588016, 'lng': 121.006963}, {'lat': 14.588137, 'lng': 121.007161}, {'lat': 14.588166, 'lng': 121.007201}, {'lat': 14.588203, 'lng': 121.007239}, {'lat': 14.589737, 'lng': 121.008556}, {'lat': 14.589866, 'lng': 121.008665}, {'lat': 14.590351, 'lng': 121.009077}, {'lat': 14.590421, 'lng': 121.009135}, {'lat': 14.590696, 'lng': 121.009361}, {'lat': 14.590712, 'lng': 121.009373}, {'lat': 14.590908, 'lng': 121.009524}, {'lat': 14.591023, 'lng': 121.00962}, {'lat': 14.591174, 'lng': 121.009722}, {'lat': 14.591502, 'lng': 121.010004}, {'lat': 14.591645, 'lng': 121.010137}, {'lat': 14.5919, 'lng': 121.010388}, {'lat': 14.592207, 'lng': 121.010674}, {'lat': 14.592505, 'lng': 121.010935}, {'lat': 14.592549, 'lng': 121.01088}, {'lat': 14.593, 'lng': 121.011272}, {'lat': 14.593746, 'lng': 121.011936}, {'lat': 14.594736, 'lng': 121.012785}, {'lat': 14.595069, 'lng': 121.013068}, {'lat': 14.595649, 'lng': 121.013407}, {'lat': 14.595882, 'lng': 121.013492}, {'lat': 14.596152, 'lng': 121.01358}, {'lat': 14.596442, 'lng': 121.013637}, {'lat': 14.596718, 'lng': 121.013656}, {'lat': 14.597232, 'lng': 121.013632}, {'lat': 14.597478, 'lng': 121.013622}, {'lat': 14.597704, 'lng': 121.013693}, {'lat': 14.597785, 'lng': 121.013696}, {'lat': 14.597846, 'lng': 121.013702}, {'lat': 14.597914, 'lng': 121.013719}, {'lat': 14.597972, 'lng': 121.013736}, {'lat': 14.598051, 'lng': 121.013769}, {'lat': 14.598123, 'lng': 121.013808}, {'lat': 14.59818, 'lng': 121.01384}, {'lat': 14.59824, 'lng': 121.013881}, {'lat': 14.598296, 'lng': 121.013939}, {'lat': 14.598364, 'lng': 121.014016}, {'lat': 14.598471, 'lng': 121.01415}, {'lat': 14.598612, 'lng': 121.014344}, {'lat': 14.598837, 'lng': 121.014672}, {'lat': 14.598781, 'lng': 121.014714}, {'lat': 14.598564, 'lng': 121.014871}, {'lat': 14.598543, 'lng': 121.014885}, {'lat': 14.598222, 'lng': 121.015122}, {'lat': 14.598205, 'lng': 121.015135}, {'lat': 14.597866, 'lng': 121.01537}, {'lat': 14.597779, 'lng': 121.015427}, {'lat': 14.597559, 'lng': 121.015588}, {'lat': 14.597528, 'lng': 121.015612}, {'lat': 14.597494, 'lng': 121.015661}, {'lat': 14.597469, 'lng': 121.015705}, {'lat': 14.597446, 'lng': 121.01576}, {'lat': 14.597425, 'lng': 121.015838}, {'lat': 14.597408, 'lng': 121.015923}, {'lat': 14.597402, 'lng': 121.015974}, {'lat': 14.597398, 'lng': 121.016027}, {'lat': 14.597396, 'lng': 121.016091}, {'lat': 14.597399, 'lng': 121.016202}, {'lat': 14.597408, 'lng': 121.016321}, {'lat': 14.597439, 'lng': 121.016507}, {'lat': 14.597489, 'lng': 121.016733}, {'lat': 14.597563, 'lng': 121.01711}, {'lat': 14.59766, 'lng': 121.017601}, {'lat': 14.597722, 'lng': 121.017586}, {'lat': 14.597744, 'lng': 121.017582}, {'lat': 14.597795, 'lng': 121.017565}, {'lat': 14.598496, 'lng': 121.017342}, {'lat': 14.598717, 'lng': 121.01727}, {'lat': 14.599233, 'lng': 121.017098}, {'lat': 14.599294, 'lng': 121.017078}, {'lat': 14.599693, 'lng': 121.016952}, {'lat': 14.600068, 'lng': 121.016838}, {'lat': 14.600146, 'lng': 121.016808}, {'lat': 14.600192, 'lng': 121.016944}, {'lat': 14.60053, 'lng': 121.018048}, {'lat': 14.60062, 'lng': 121.018316}, {'lat': 14.600646, 'lng': 121.0184}, {'lat': 14.600678, 'lng': 121.018501}, {'lat': 14.600914, 'lng': 121.019286}, {'lat': 14.600933, 'lng': 121.019346}, {'lat': 14.601021, 'lng': 121.019619}, {'lat': 14.60108, 'lng': 121.019815}, {'lat': 14.601103, 'lng': 121.019877}, {'lat': 14.60114, 'lng': 121.019947}, {'lat': 14.60115, 'lng': 121.019961}, {'lat': 14.601189, 'lng': 121.019995}, {'lat': 14.60123, 'lng': 121.020019}, {'lat': 14.601331, 'lng': 121.020078}, {'lat': 14.601848, 'lng': 121.020389}, {'lat': 14.601908, 'lng': 121.020429}, {'lat': 14.601899, 'lng': 121.020442}, {'lat': 14.601897, 'lng': 121.020466}, {'lat': 14.601888, 'lng': 121.020585}, {'lat': 14.601889, 'lng': 121.020618}, {'lat': 14.601892, 'lng': 121.020711}, {'lat': 14.601915, 'lng': 121.020842}, {'lat': 14.601968, 'lng': 121.021052}, {'lat': 14.602017, 'lng': 121.021246}, {'lat': 14.602134, 'lng': 121.021687}, {'lat': 14.602156, 'lng': 121.021775}, {'lat': 14.602162, 'lng': 121.021842}, {'lat': 14.602159, 'lng': 121.021875}, {'lat': 14.602153, 'lng': 121.021914}, {'lat': 14.602142, 'lng': 121.021956}, {'lat': 14.601957, 'lng': 121.022285}, {'lat': 14.601861, 'lng': 121.022462}, {'lat': 14.601832, 'lng': 121.02251}, {'lat': 14.601794, 'lng': 121.02256}, {'lat': 14.601717, 'lng': 121.022625}, {'lat': 14.601499, 'lng': 121.022764}, {'lat': 14.601348, 'lng': 121.02286}, {'lat': 14.601271, 'lng': 121.022928}, {'lat': 14.601208, 'lng': 121.022995}, {'lat': 14.601106, 'lng': 121.023178}, {'lat': 14.601069, 'lng': 121.023257}, {'lat': 14.600993, 'lng': 121.02342}, {'lat': 14.600949, 'lng': 121.023482}, {'lat': 14.600826, 'lng': 121.023656}, {'lat': 14.600692, 'lng': 121.023832}, {'lat': 14.600582, 'lng': 121.023963}, {'lat': 14.600527, 'lng': 121.024029}, {'lat': 14.600749, 'lng': 121.024386}, {'lat': 14.600802, 'lng': 121.024476}, {'lat': 14.600942, 'lng': 121.024716}, {'lat': 14.600969, 'lng': 121.024764}, {'lat': 14.601001, 'lng': 121.024818}, {'lat': 14.601132, 'lng': 121.025043}, {'lat': 14.600951, 'lng': 121.025159}, {'lat': 14.600918, 'lng': 121.025183}, {'lat': 14.600899, 'lng': 121.025201}, {'lat': 14.600885, 'lng': 121.025229}, {'lat': 14.600807, 'lng': 121.025459}, {'lat': 14.600774, 'lng': 121.025556}, {'lat': 14.60074, 'lng': 121.02561}, {'lat': 14.6007, 'lng': 121.02566}, {'lat': 14.600645, 'lng': 121.0257}, {'lat': 14.600593, 'lng': 121.025724}, {'lat': 14.600499, 'lng': 121.025728}]",2,1784977769340,3960.0,2940,12064.651,8893.129
route-1784977770597-6386,fEMOBzqndZ8A8jZvsTLJ,Regenerated Route,"[{'lat': 14.570114, 'lng': 120.986737}, {'lat': 14.570156, 'lng': 120.986781}, {'lat': 14.570233, 'lng': 120.986826}, {'lat': 14.570319, 'lng': 120.986848}, {'lat': 14.570343, 'lng': 120.98685}, {'lat': 14.570406, 'lng': 120.986845}, {'lat': 14.570468, 'lng': 120.986826}, {'lat': 14.570525, 'lng': 120.986796}, {'lat': 14.570885, 'lng': 120.987486}, {'lat': 14.571057, 'lng': 120.987793}, {'lat': 14.571287, 'lng': 120.988218}, {'lat': 14.571681, 'lng': 120.988939}, {'lat': 14.572053, 'lng': 120.989645}, {'lat': 14.572174, 'lng': 120.98987}, {'lat': 14.57241, 'lng': 120.990317}, {'lat': 14.572432, 'lng': 120.990358}, {'lat': 14.572455, 'lng': 120.9904}, {'lat': 14.572852, 'lng': 120.991124}, {'lat': 14.572997, 'lng': 120.99139}, {'lat': 14.573034, 'lng': 120.991458}, {'lat': 14.573205, 'lng': 120.991777}, {'lat': 14.573365, 'lng': 120.9921}, {'lat': 14.57354, 'lng': 120.992427}, {'lat': 14.573486, 'lng': 120.992457}, {'lat': 14.572642, 'lng': 120.992929}, {'lat': 14.572317, 'lng': 120.99312}, {'lat': 14.572259, 'lng': 120.99315}, {'lat': 14.572197, 'lng': 120.993184}, {'lat': 14.572518, 'lng': 120.993442}, {'lat': 14.57282, 'lng': 120.993694}, {'lat': 14.573139, 'lng': 120.993951}, {'lat': 14.573195, 'lng': 120.993996}, {'lat': 14.573321, 'lng': 120.994097}, {'lat': 14.573405, 'lng': 120.994164}, {'lat': 14.573455, 'lng': 120.994205}, {'lat': 14.573522, 'lng': 120.994264}, {'lat': 14.573742, 'lng': 120.994451}, {'lat': 14.574073, 'lng': 120.994724}, {'lat': 14.574227, 'lng': 120.994851}, {'lat': 14.574239, 'lng': 120.99486}, {'lat': 14.574381, 'lng': 120.994971}, {'lat': 14.574568, 'lng': 120.995114}, {'lat': 14.574883, 'lng': 120.99537}, {'lat': 14.575176, 'lng': 120.995609}, {'lat': 14.575645, 'lng': 120.99599}, {'lat': 14.575658, 'lng': 120.996}, {'lat': 14.575811, 'lng': 120.996123}, {'lat': 14.576211, 'lng': 120.996444}, {'lat': 14.576677, 'lng': 120.99683}, {'lat': 14.576798, 'lng': 120.996935}, {'lat': 14.576935, 'lng': 120.997043}, {'lat': 14.577024, 'lng': 120.997108}, {'lat': 14.577139, 'lng': 120.997199}, {'lat': 14.577412, 'lng': 120.997417}, {'lat': 14.578044, 'lng': 120.997931}, {'lat': 14.578723, 'lng': 120.998434}, {'lat': 14.578831, 'lng': 120.998519}, {'lat': 14.579027, 'lng': 120.998672}, {'lat': 14.579517, 'lng': 120.999068}, {'lat': 14.579625, 'lng': 120.999158}, {'lat': 14.580944, 'lng': 121.000234}, {'lat': 14.581085, 'lng': 121.000351}, {'lat': 14.581948, 'lng': 121.001111}, {'lat': 14.582307, 'lng': 121.001427}, {'lat': 14.582506, 'lng': 121.001618}, {'lat': 14.583635, 'lng': 121.002634}, {'lat': 14.584043, 'lng': 121.003047}, {'lat': 14.584147, 'lng': 121.003203}, {'lat': 14.58441, 'lng': 121.003605}, {'lat': 14.585477, 'lng': 121.004548}, {'lat': 14.585756, 'lng': 121.004986}, {'lat': 14.587193, 'lng': 121.006229}, {'lat': 14.587957, 'lng': 121.006892}, {'lat': 14.587987, 'lng': 121.006923}, {'lat': 14.588016, 'lng': 121.006963}, {'lat': 14.588137, 'lng': 121.007161}, {'lat': 14.588166, 'lng': 121.007201}, {'lat': 14.588203, 'lng': 121.007239}, {'lat': 14.589737, 'lng': 121.008556}, {'lat': 14.589866, 'lng': 121.008665}, {'lat': 14.590351, 'lng': 121.009077}, {'lat': 14.590421, 'lng': 121.009135}, {'lat': 14.590696, 'lng': 121.009361}, {'lat': 14.590712, 'lng': 121.009373}, {'lat': 14.590908, 'lng': 121.009524}, {'lat': 14.591023, 'lng': 121.00962}, {'lat': 14.591174, 'lng': 121.009722}, {'lat': 14.591502, 'lng': 121.010004}, {'lat': 14.591645, 'lng': 121.010137}, {'lat': 14.5919, 'lng': 121.010388}, {'lat': 14.592207, 'lng': 121.010674}, {'lat': 14.592505, 'lng': 121.010935}, {'lat': 14.592549, 'lng': 121.01088}, {'lat': 14.593, 'lng': 121.011272}, {'lat': 14.593746, 'lng': 121.011936}, {'lat': 14.594736, 'lng': 121.012785}, {'lat': 14.595069, 'lng': 121.013068}, {'lat': 14.595649, 'lng': 121.013407}, {'lat': 14.595882, 'lng': 121.013492}, {'lat': 14.596152, 'lng': 121.01358}, {'lat': 14.596442, 'lng': 121.013637}, {'lat': 14.596718, 'lng': 121.013656}, {'lat': 14.597232, 'lng': 121.013632}, {'lat': 14.597478, 'lng': 121.013622}, {'lat': 14.597704, 'lng': 121.013693}, {'lat': 14.597785, 'lng': 121.013696}, {'lat': 14.597846, 'lng': 121.013702}, {'lat': 14.597914, 'lng': 121.013719}, {'lat': 14.597972, 'lng': 121.013736}, {'lat': 14.598051, 'lng': 121.013769}, {'lat': 14.598123, 'lng': 121.013808}, {'lat': 14.59818, 'lng': 121.01384}, {'lat': 14.59824, 'lng': 121.013881}, {'lat': 14.598296, 'lng': 121.013939}, {'lat': 14.598364, 'lng': 121.014016}, {'lat': 14.598471, 'lng': 121.01415}, {'lat': 14.598612, 'lng': 121.014344}, {'lat': 14.598837, 'lng': 121.014672}, {'lat': 14.598781, 'lng': 121.014714}, {'lat': 14.598564, 'lng': 121.014871}, {'lat': 14.598543, 'lng': 121.014885}, {'lat': 14.598222, 'lng': 121.015122}, {'lat': 14.598205, 'lng': 121.015135}, {'lat': 14.597866, 'lng': 121.01537}, {'lat': 14.597779, 'lng': 121.015427}, {'lat': 14.597559, 'lng': 121.015588}, {'lat': 14.597528, 'lng': 121.015612}, {'lat': 14.597494, 'lng': 121.015661}, {'lat': 14.597469, 'lng': 121.015705}, {'lat': 14.597446, 'lng': 121.01576}, {'lat': 14.597425, 'lng': 121.015838}, {'lat': 14.597408, 'lng': 121.015923}, {'lat': 14.597402, 'lng': 121.015974}, {'lat': 14.597398, 'lng': 121.016027}, {'lat': 14.597396, 'lng': 121.016091}, {'lat': 14.597399, 'lng': 121.016202}, {'lat': 14.597408, 'lng': 121.016321}, {'lat': 14.597439, 'lng': 121.016507}, {'lat': 14.597489, 'lng': 121.016733}, {'lat': 14.597563, 'lng': 121.01711}, {'lat': 14.59766, 'lng': 121.017601}, {'lat': 14.597722, 'lng': 121.017586}, {'lat': 14.597744, 'lng': 121.017582}, {'lat': 14.597795, 'lng': 121.017565}, {'lat': 14.598496, 'lng': 121.017342}, {'lat': 14.598717, 'lng': 121.01727}, {'lat': 14.599233, 'lng': 121.017098}, {'lat': 14.599294, 'lng': 121.017078}, {'lat': 14.599693, 'lng': 121.016952}, {'lat': 14.600068, 'lng': 121.016838}, {'lat': 14.600146, 'lng': 121.016808}, {'lat': 14.600192, 'lng': 121.016944}, {'lat': 14.60053, 'lng': 121.018048}, {'lat': 14.60062, 'lng': 121.018316}, {'lat': 14.600646, 'lng': 121.0184}, {'lat': 14.600678, 'lng': 121.018501}, {'lat': 14.600914, 'lng': 121.019286}, {'lat': 14.600933, 'lng': 121.019346}, {'lat': 14.601021, 'lng': 121.019619}, {'lat': 14.60108, 'lng': 121.019815}, {'lat': 14.601103, 'lng': 121.019877}, {'lat': 14.60114, 'lng': 121.019947}, {'lat': 14.60115, 'lng': 121.019961}, {'lat': 14.601189, 'lng': 121.019995}, {'lat': 14.60123, 'lng': 121.020019}, {'lat': 14.601331, 'lng': 121.020078}, {'lat': 14.601848, 'lng': 121.020389}, {'lat': 14.601908, 'lng': 121.020429}, {'lat': 14.601899, 'lng': 121.020442}, {'lat': 14.601897, 'lng': 121.020466}, {'lat': 14.601888, 'lng': 121.020585}, {'lat': 14.601889, 'lng': 121.020618}, {'lat': 14.601892, 'lng': 121.020711}, {'lat': 14.601915, 'lng': 121.020842}, {'lat': 14.601968, 'lng': 121.021052}, {'lat': 14.602017, 'lng': 121.021246}, {'lat': 14.602134, 'lng': 121.021687}, {'lat': 14.602156, 'lng': 121.021775}, {'lat': 14.602162, 'lng': 121.021842}, {'lat': 14.602159, 'lng': 121.021875}, {'lat': 14.602153, 'lng': 121.021914}, {'lat': 14.602142, 'lng': 121.021956}, {'lat': 14.601957, 'lng': 121.022285}, {'lat': 14.601861, 'lng': 121.022462}, {'lat': 14.601832, 'lng': 121.02251}, {'lat': 14.601794, 'lng': 121.02256}, {'lat': 14.601717, 'lng': 121.022625}, {'lat': 14.601499, 'lng': 121.022764}, {'lat': 14.601348, 'lng': 121.02286}, {'lat': 14.601271, 'lng': 121.022928}, {'lat': 14.601208, 'lng': 121.022995}, {'lat': 14.601106, 'lng': 121.023178}, {'lat': 14.601069, 'lng': 121.023257}, {'lat': 14.600993, 'lng': 121.02342}, {'lat': 14.600949, 'lng': 121.023482}, {'lat': 14.600826, 'lng': 121.023656}, {'lat': 14.600692, 'lng': 121.023832}, {'lat': 14.600582, 'lng': 121.023963}, {'lat': 14.600527, 'lng': 121.024029}, {'lat': 14.600749, 'lng': 121.024386}, {'lat': 14.600802, 'lng': 121.024476}, {'lat': 14.600942, 'lng': 121.024716}, {'lat': 14.600969, 'lng': 121.024764}, {'lat': 14.601001, 'lng': 121.024818}, {'lat': 14.601132, 'lng': 121.025043}, {'lat': 14.600951, 'lng': 121.025159}, {'lat': 14.600918, 'lng': 121.025183}, {'lat': 14.600899, 'lng': 121.025201}, {'lat': 14.600885, 'lng': 121.025229}, {'lat': 14.600807, 'lng': 121.025459}, {'lat': 14.600774, 'lng': 121.025556}, {'lat': 14.60074, 'lng': 121.02561}, {'lat': 14.6007, 'lng': 121.02566}, {'lat': 14.600645, 'lng': 121.0257}, {'lat': 14.600593, 'lng': 121.025724}, {'lat': 14.600499, 'lng': 121.025728}]",3,1784977770597,2940.0,2160,8893.129,6580.288
route-1785066425720-9273,7WuiKHeRHFDSsiJj4xQS,Initial Route,"[{'lat': 14.565355, 'lng': 120.98749}, {'lat': 14.565368, 'lng': 120.987515}, {'lat': 14.565478, 'lng': 120.987679}, {'lat': 14.5656, 'lng': 120.987822}, {'lat': 14.565728, 'lng': 120.987942}, {'lat': 14.56617, 'lng': 120.988301}, {'lat': 14.566185, 'lng': 120.988313}, {'lat': 14.56626, 'lng': 120.988371}, {'lat': 14.566353, 'lng': 120.988446}, {'lat': 14.56722, 'lng': 120.98915}, {'lat': 14.567557, 'lng': 120.989418}, {'lat': 14.567653, 'lng': 120.989496}, {'lat': 14.567755, 'lng': 120.989578}, {'lat': 14.56787, 'lng': 120.989668}, {'lat': 14.568092, 'lng': 120.989842}, {'lat': 14.568605, 'lng': 120.990267}, {'lat': 14.568982, 'lng': 120.990575}, {'lat': 14.56904, 'lng': 120.990622}, {'lat': 14.569655, 'lng': 120.991126}, {'lat': 14.569834, 'lng': 120.991271}, {'lat': 14.56995, 'lng': 120.991363}, {'lat': 14.570016, 'lng': 120.991421}, {'lat': 14.570105, 'lng': 120.991494}, {'lat': 14.57013, 'lng': 120.991515}, {'lat': 14.570179, 'lng': 120.991555}, {'lat': 14.57026, 'lng': 120.991622}, {'lat': 14.570372, 'lng': 120.99171}, {'lat': 14.570445, 'lng': 120.991776}, {'lat': 14.570811, 'lng': 120.992065}, {'lat': 14.570922, 'lng': 120.992153}, {'lat': 14.570976, 'lng': 120.992196}, {'lat': 14.571084, 'lng': 120.992282}, {'lat': 14.571346, 'lng': 120.992492}, {'lat': 14.571582, 'lng': 120.992681}, {'lat': 14.571869, 'lng': 120.992921}, {'lat': 14.571994, 'lng': 120.993023}, {'lat': 14.572197, 'lng': 120.993184}, {'lat': 14.572518, 'lng': 120.993442}, {'lat': 14.57282, 'lng': 120.993694}, {'lat': 14.573139, 'lng': 120.993951}, {'lat': 14.573195, 'lng': 120.993996}, {'lat': 14.573321, 'lng': 120.994097}, {'lat': 14.573405, 'lng': 120.994164}, {'lat': 14.573455, 'lng': 120.994205}, {'lat': 14.573522, 'lng': 120.994264}, {'lat': 14.573742, 'lng': 120.994451}, {'lat': 14.574073, 'lng': 120.994724}, {'lat': 14.574227, 'lng': 120.994851}, {'lat': 14.574239, 'lng': 120.99486}, {'lat': 14.574381, 'lng': 120.994971}, {'lat': 14.574568, 'lng': 120.995114}, {'lat': 14.574883, 'lng': 120.99537}, {'lat': 14.575176, 'lng': 120.995609}, {'lat': 14.575645, 'lng': 120.99599}, {'lat': 14.575658, 'lng': 120.996}, {'lat': 14.575811, 'lng': 120.996123}, {'lat': 14.576211, 'lng': 120.996444}, {'lat': 14.576677, 'lng': 120.99683}, {'lat': 14.576798, 'lng': 120.996935}, {'lat': 14.576935, 'lng': 120.997043}, {'lat': 14.577024, 'lng': 120.997108}, {'lat': 14.577139, 'lng': 120.997199}, {'lat': 14.577412, 'lng': 120.997417}, {'lat': 14.578044, 'lng': 120.997931}, {'lat': 14.578723, 'lng': 120.998434}, {'lat': 14.578831, 'lng': 120.998519}, {'lat': 14.579027, 'lng': 120.998672}, {'lat': 14.579517, 'lng': 120.999068}, {'lat': 14.579625, 'lng': 120.999158}, {'lat': 14.580944, 'lng': 121.000234}, {'lat': 14.581085, 'lng': 121.000351}, {'lat': 14.581948, 'lng': 121.001111}, {'lat': 14.582307, 'lng': 121.001427}, {'lat': 14.582506, 'lng': 121.001618}, {'lat': 14.583635, 'lng': 121.002634}, {'lat': 14.584043, 'lng': 121.003047}, {'lat': 14.584147, 'lng': 121.003203}, {'lat': 14.58441, 'lng': 121.003605}, {'lat': 14.585477, 'lng': 121.004548}, {'lat': 14.585756, 'lng': 121.004986}, {'lat': 14.587193, 'lng': 121.006229}, {'lat': 14.587957, 'lng': 121.006892}, {'lat': 14.587987, 'lng': 121.006923}, {'lat': 14.588016, 'lng': 121.006963}, {'lat': 14.588137, 'lng': 121.007161}, {'lat': 14.588166, 'lng': 121.007201}, {'lat': 14.588203, 'lng': 121.007239}, {'lat': 14.589737, 'lng': 121.008556}, {'lat': 14.589866, 'lng': 121.008665}, {'lat': 14.590351, 'lng': 121.009077}, {'lat': 14.590421, 'lng': 121.009135}, {'lat': 14.590696, 'lng': 121.009361}, {'lat': 14.590712, 'lng': 121.009373}, {'lat': 14.590908, 'lng': 121.009524}, {'lat': 14.591023, 'lng': 121.00962}, {'lat': 14.591174, 'lng': 121.009722}, {'lat': 14.591502, 'lng': 121.010004}, {'lat': 14.591645, 'lng': 121.010137}, {'lat': 14.5919, 'lng': 121.010388}, {'lat': 14.592207, 'lng': 121.010674}, {'lat': 14.592505, 'lng': 121.010935}, {'lat': 14.592549, 'lng': 121.01088}, {'lat': 14.593, 'lng': 121.011272}, {'lat': 14.593746, 'lng': 121.011936}, {'lat': 14.594736, 'lng': 121.012785}, {'lat': 14.595069, 'lng': 121.013068}, {'lat': 14.595649, 'lng': 121.013407}, {'lat': 14.595882, 'lng': 121.013492}, {'lat': 14.596152, 'lng': 121.01358}, {'lat': 14.596442, 'lng': 121.013637}, {'lat': 14.596718, 'lng': 121.013656}, {'lat': 14.597232, 'lng': 121.013632}, {'lat': 14.597478, 'lng': 121.013622}, {'lat': 14.597704, 'lng': 121.013693}, {'lat': 14.597785, 'lng': 121.013696}, {'lat': 14.597846, 'lng': 121.013702}, {'lat': 14.597914, 'lng': 121.013719}, {'lat': 14.597972, 'lng': 121.013736}, {'lat': 14.598051, 'lng': 121.013769}, {'lat': 14.598123, 'lng': 121.013808}, {'lat': 14.59818, 'lng': 121.01384}, {'lat': 14.59824, 'lng': 121.013881}, {'lat': 14.598296, 'lng': 121.013939}, {'lat': 14.598364, 'lng': 121.014016}, {'lat': 14.598471, 'lng': 121.01415}, {'lat': 14.598612, 'lng': 121.014344}, {'lat': 14.598837, 'lng': 121.014672}, {'lat': 14.598781, 'lng': 121.014714}, {'lat': 14.598564, 'lng': 121.014871}, {'lat': 14.598543, 'lng': 121.014885}, {'lat': 14.598222, 'lng': 121.015122}, {'lat': 14.598205, 'lng': 121.015135}, {'lat': 14.597866, 'lng': 121.01537}, {'lat': 14.597779, 'lng': 121.015427}, {'lat': 14.597559, 'lng': 121.015588}, {'lat': 14.597528, 'lng': 121.015612}, {'lat': 14.597494, 'lng': 121.015661}, {'lat': 14.597469, 'lng': 121.015705}, {'lat': 14.597446, 'lng': 121.01576}, {'lat': 14.597425, 'lng': 121.015838}, {'lat': 14.597408, 'lng': 121.015923}, {'lat': 14.597402, 'lng': 121.015974}, {'lat': 14.597398, 'lng': 121.016027}, {'lat': 14.597396, 'lng': 121.016091}, {'lat': 14.597399, 'lng': 121.016202}, {'lat': 14.597408, 'lng': 121.016321}, {'lat': 14.597439, 'lng': 121.016507}, {'lat': 14.597489, 'lng': 121.016733}, {'lat': 14.597563, 'lng': 121.01711}, {'lat': 14.59766, 'lng': 121.017601}, {'lat': 14.597722, 'lng': 121.017586}, {'lat': 14.597744, 'lng': 121.017582}, {'lat': 14.597795, 'lng': 121.017565}, {'lat': 14.598496, 'lng': 121.017342}, {'lat': 14.598717, 'lng': 121.01727}, {'lat': 14.599233, 'lng': 121.017098}, {'lat': 14.599294, 'lng': 121.017078}, {'lat': 14.599693, 'lng': 121.016952}, {'lat': 14.600068, 'lng': 121.016838}, {'lat': 14.600146, 'lng': 121.016808}, {'lat': 14.600192, 'lng': 121.016944}, {'lat': 14.60053, 'lng': 121.018048}, {'lat': 14.60062, 'lng': 121.018316}, {'lat': 14.600646, 'lng': 121.0184}, {'lat': 14.600678, 'lng': 121.018501}, {'lat': 14.600914, 'lng': 121.019286}, {'lat': 14.600933, 'lng': 121.019346}, {'lat': 14.601021, 'lng': 121.019619}, {'lat': 14.60108, 'lng': 121.019815}, {'lat': 14.601103, 'lng': 121.019877}, {'lat': 14.60114, 'lng': 121.019947}, {'lat': 14.60115, 'lng': 121.019961}, {'lat': 14.601189, 'lng': 121.019995}, {'lat': 14.60123, 'lng': 121.020019}, {'lat': 14.601331, 'lng': 121.020078}, {'lat': 14.601848, 'lng': 121.020389}, {'lat': 14.601908, 'lng': 121.020429}, {'lat': 14.601899, 'lng': 121.020442}, {'lat': 14.601897, 'lng': 121.020466}, {'lat': 14.601888, 'lng': 121.020585}, {'lat': 14.601889, 'lng': 121.020618}, {'lat': 14.601892, 'lng': 121.020711}, {'lat': 14.601915, 'lng': 121.020842}, {'lat': 14.601968, 'lng': 121.021052}, {'lat': 14.602017, 'lng': 121.021246}, {'lat': 14.602134, 'lng': 121.021687}, {'lat': 14.602156, 'lng': 121.021775}, {'lat': 14.602162, 'lng': 121.021842}, {'lat': 14.602159, 'lng': 121.021875}, {'lat': 14.602153, 'lng': 121.021914}, {'lat': 14.602142, 'lng': 121.021956}, {'lat': 14.601957, 'lng': 121.022285}, {'lat': 14.601861, 'lng': 121.022462}, {'lat': 14.601832, 'lng': 121.02251}, {'lat': 14.601794, 'lng': 121.02256}, {'lat': 14.601717, 'lng': 121.022625}, {'lat': 14.601499, 'lng': 121.022764}, {'lat': 14.601348, 'lng': 121.02286}, {'lat': 14.601271, 'lng': 121.022928}, {'lat': 14.601208, 'lng': 121.022995}, {'lat': 14.601106, 'lng': 121.023178}, {'lat': 14.601069, 'lng': 121.023257}, {'lat': 14.600993, 'lng': 121.02342}, {'lat': 14.600949, 'lng': 121.023482}, {'lat': 14.600826, 'lng': 121.023656}, {'lat': 14.600692, 'lng': 121.023832}, {'lat': 14.600582, 'lng': 121.023963}, {'lat': 14.600527, 'lng': 121.024029}, {'lat': 14.600749, 'lng': 121.024386}, {'lat': 14.600802, 'lng': 121.024476}, {'lat': 14.600942, 'lng': 121.024716}, {'lat': 14.600969, 'lng': 121.024764}, {'lat': 14.601001, 'lng': 121.024818}, {'lat': 14.601132, 'lng': 121.025043}, {'lat': 14.600951, 'lng': 121.025159}, {'lat': 14.600918, 'lng': 121.025183}, {'lat': 14.600899, 'lng': 121.025201}, {'lat': 14.600885, 'lng': 121.025229}, {'lat': 14.600807, 'lng': 121.025459}, {'lat': 14.600774, 'lng': 121.025556}, {'lat': 14.60074, 'lng': 121.02561}, {'lat': 14.6007, 'lng': 121.02566}, {'lat': 14.600645, 'lng': 121.0257}, {'lat': 14.600593, 'lng': 121.025724}, {'lat': 14.600499, 'lng': 121.025728}]",1,1785066425723,,2160,,6645.785
route-1785066614258-517,7WuiKHeRHFDSsiJj4xQS,Traffic Update,"[{'lat': 14.565424, 'lng': 120.986909}, {'lat': 14.56535, 'lng': 120.986951}, {'lat': 14.565223, 'lng': 120.987016}, {'lat': 14.56519, 'lng': 120.986949}, {'lat': 14.565158, 'lng': 120.986887}, {'lat': 14.565125, 'lng': 120.986821}, {'lat': 14.565067, 'lng': 120.986699}, {'lat': 14.564891, 'lng': 120.986319}, {'lat': 14.564857, 'lng': 120.986238}, {'lat': 14.564707, 'lng': 120.985892}, {'lat': 14.564634, 'lng': 120.985723}, {'lat': 14.564547, 'lng': 120.985763}, {'lat': 14.564621, 'lng': 120.985937}, {'lat': 14.564767, 'lng': 120.986281}, {'lat': 14.564802, 'lng': 120.986363}, {'lat': 14.564945, 'lng': 120.986675}, {'lat': 14.564978, 'lng': 120.986744}, {'lat': 14.565038, 'lng': 120.986871}, {'lat': 14.565068, 'lng': 120.986937}, {'lat': 14.565368, 'lng': 120.987515}, {'lat': 14.565478, 'lng': 120.987679}, {'lat': 14.5656, 'lng': 120.987822}, {'lat': 14.565728, 'lng': 120.987942}, {'lat': 14.56617, 'lng': 120.988301}, {'lat': 14.566185, 'lng': 120.988313}, {'lat': 14.56626, 'lng': 120.988371}, {'lat': 14.566353, 'lng': 120.988446}, {'lat': 14.56722, 'lng': 120.98915}, {'lat': 14.567557, 'lng': 120.989418}, {'lat': 14.567653, 'lng': 120.989496}, {'lat': 14.567755, 'lng': 120.989578}, {'lat': 14.56787, 'lng': 120.989668}, {'lat': 14.568092, 'lng': 120.989842}, {'lat': 14.568605, 'lng': 120.990267}, {'lat': 14.568982, 'lng': 120.990575}, {'lat': 14.56904, 'lng': 120.990622}, {'lat': 14.569655, 'lng': 120.991126}, {'lat': 14.569834, 'lng': 120.991271}, {'lat': 14.56995, 'lng': 120.991363}, {'lat': 14.570016, 'lng': 120.991421}, {'lat': 14.570105, 'lng': 120.991494}, {'lat': 14.57013, 'lng': 120.991515}, {'lat': 14.570179, 'lng': 120.991555}, {'lat': 14.57026, 'lng': 120.991622}, {'lat': 14.570372, 'lng': 120.99171}, {'lat': 14.570445, 'lng': 120.991776}, {'lat': 14.570811, 'lng': 120.992065}, {'lat': 14.570922, 'lng': 120.992153}, {'lat': 14.570976, 'lng': 120.992196}, {'lat': 14.571084, 'lng': 120.992282}, {'lat': 14.571346, 'lng': 120.992492}, {'lat': 14.571582, 'lng': 120.992681}, {'lat': 14.571869, 'lng': 120.992921}, {'lat': 14.571994, 'lng': 120.993023}, {'lat': 14.572197, 'lng': 120.993184}, {'lat': 14.572518, 'lng': 120.993442}, {'lat': 14.57282, 'lng': 120.993694}, {'lat': 14.573139, 'lng': 120.993951}, {'lat': 14.573195, 'lng': 120.993996}, {'lat': 14.573321, 'lng': 120.994097}, {'lat': 14.573405, 'lng': 120.994164}, {'lat': 14.573455, 'lng': 120.994205}, {'lat': 14.573522, 'lng': 120.994264}, {'lat': 14.573742, 'lng': 120.994451}, {'lat': 14.574073, 'lng': 120.994724}, {'lat': 14.574227, 'lng': 120.994851}, {'lat': 14.574239, 'lng': 120.99486}, {'lat': 14.574381, 'lng': 120.994971}, {'lat': 14.574568, 'lng': 120.995114}, {'lat': 14.574883, 'lng': 120.99537}, {'lat': 14.575176, 'lng': 120.995609}, {'lat': 14.575645, 'lng': 120.99599}, {'lat': 14.575658, 'lng': 120.996}, {'lat': 14.575811, 'lng': 120.996123}, {'lat': 14.576211, 'lng': 120.996444}, {'lat': 14.576677, 'lng': 120.99683}, {'lat': 14.576798, 'lng': 120.996935}, {'lat': 14.576935, 'lng': 120.997043}, {'lat': 14.577024, 'lng': 120.997108}, {'lat': 14.577139, 'lng': 120.997199}, {'lat': 14.577412, 'lng': 120.997417}, {'lat': 14.578044, 'lng': 120.997931}, {'lat': 14.578723, 'lng': 120.998434}, {'lat': 14.578831, 'lng': 120.998519}, {'lat': 14.579027, 'lng': 120.998672}, {'lat': 14.579517, 'lng': 120.999068}, {'lat': 14.579625, 'lng': 120.999158}, {'lat': 14.580944, 'lng': 121.000234}, {'lat': 14.581085, 'lng': 121.000351}, {'lat': 14.581948, 'lng': 121.001111}, {'lat': 14.582307, 'lng': 121.001427}, {'lat': 14.582506, 'lng': 121.001618}, {'lat': 14.583635, 'lng': 121.002634}, {'lat': 14.584043, 'lng': 121.003047}, {'lat': 14.584147, 'lng': 121.003203}, {'lat': 14.58441, 'lng': 121.003605}, {'lat': 14.585477, 'lng': 121.004548}, {'lat': 14.585756, 'lng': 121.004986}, {'lat': 14.587193, 'lng': 121.006229}, {'lat': 14.587957, 'lng': 121.006892}, {'lat': 14.587987, 'lng': 121.006923}, {'lat': 14.588016, 'lng': 121.006963}, {'lat': 14.588137, 'lng': 121.007161}, {'lat': 14.588166, 'lng': 121.007201}, {'lat': 14.588203, 'lng': 121.007239}, {'lat': 14.589737, 'lng': 121.008556}, {'lat': 14.589866, 'lng': 121.008665}, {'lat': 14.590351, 'lng': 121.009077}, {'lat': 14.590421, 'lng': 121.009135}, {'lat': 14.590696, 'lng': 121.009361}, {'lat': 14.590712, 'lng': 121.009373}, {'lat': 14.590908, 'lng': 121.009524}, {'lat': 14.591023, 'lng': 121.00962}, {'lat': 14.591174, 'lng': 121.009722}, {'lat': 14.591502, 'lng': 121.010004}, {'lat': 14.591645, 'lng': 121.010137}, {'lat': 14.5919, 'lng': 121.010388}, {'lat': 14.592207, 'lng': 121.010674}, {'lat': 14.592505, 'lng': 121.010935}, {'lat': 14.592549, 'lng': 121.01088}, {'lat': 14.593, 'lng': 121.011272}, {'lat': 14.593746, 'lng': 121.011936}, {'lat': 14.594736, 'lng': 121.012785}, {'lat': 14.595069, 'lng': 121.013068}, {'lat': 14.595649, 'lng': 121.013407}, {'lat': 14.595882, 'lng': 121.013492}, {'lat': 14.596152, 'lng': 121.01358}, {'lat': 14.596442, 'lng': 121.013637}, {'lat': 14.596718, 'lng': 121.013656}, {'lat': 14.597232, 'lng': 121.013632}, {'lat': 14.597478, 'lng': 121.013622}, {'lat': 14.597704, 'lng': 121.013693}, {'lat': 14.597785, 'lng': 121.013696}, {'lat': 14.597846, 'lng': 121.013702}, {'lat': 14.597914, 'lng': 121.013719}, {'lat': 14.597972, 'lng': 121.013736}, {'lat': 14.598051, 'lng': 121.013769}, {'lat': 14.598123, 'lng': 121.013808}, {'lat': 14.59818, 'lng': 121.01384}, {'lat': 14.59824, 'lng': 121.013881}, {'lat': 14.598296, 'lng': 121.013939}, {'lat': 14.598364, 'lng': 121.014016}, {'lat': 14.598471, 'lng': 121.01415}, {'lat': 14.598612, 'lng': 121.014344}, {'lat': 14.598837, 'lng': 121.014672}, {'lat': 14.598781, 'lng': 121.014714}, {'lat': 14.598564, 'lng': 121.014871}, {'lat': 14.598543, 'lng': 121.014885}, {'lat': 14.598222, 'lng': 121.015122}, {'lat': 14.598205, 'lng': 121.015135}, {'lat': 14.597866, 'lng': 121.01537}, {'lat': 14.597779, 'lng': 121.015427}, {'lat': 14.597559, 'lng': 121.015588}, {'lat': 14.597528, 'lng': 121.015612}, {'lat': 14.597494, 'lng': 121.015661}, {'lat': 14.597469, 'lng': 121.015705}, {'lat': 14.597446, 'lng': 121.01576}, {'lat': 14.597425, 'lng': 121.015838}, {'lat': 14.597408, 'lng': 121.015923}, {'lat': 14.597402, 'lng': 121.015974}, {'lat': 14.597398, 'lng': 121.016027}, {'lat': 14.597396, 'lng': 121.016091}, {'lat': 14.597399, 'lng': 121.016202}, {'lat': 14.597408, 'lng': 121.016321}, {'lat': 14.597439, 'lng': 121.016507}, {'lat': 14.597489, 'lng': 121.016733}, {'lat': 14.597563, 'lng': 121.01711}, {'lat': 14.59766, 'lng': 121.017601}, {'lat': 14.597722, 'lng': 121.017586}, {'lat': 14.597744, 'lng': 121.017582}, {'lat': 14.597795, 'lng': 121.017565}, {'lat': 14.598496, 'lng': 121.017342}, {'lat': 14.598717, 'lng': 121.01727}, {'lat': 14.599233, 'lng': 121.017098}, {'lat': 14.599294, 'lng': 121.017078}, {'lat': 14.599693, 'lng': 121.016952}, {'lat': 14.600068, 'lng': 121.016838}, {'lat': 14.600146, 'lng': 121.016808}, {'lat': 14.600192, 'lng': 121.016944}, {'lat': 14.60053, 'lng': 121.018048}, {'lat': 14.60062, 'lng': 121.018316}, {'lat': 14.600646, 'lng': 121.0184}, {'lat': 14.600678, 'lng': 121.018501}, {'lat': 14.600914, 'lng': 121.019286}, {'lat': 14.600933, 'lng': 121.019346}, {'lat': 14.601021, 'lng': 121.019619}, {'lat': 14.60108, 'lng': 121.019815}, {'lat': 14.601103, 'lng': 121.019877}, {'lat': 14.60114, 'lng': 121.019947}, {'lat': 14.60115, 'lng': 121.019961}, {'lat': 14.601189, 'lng': 121.019995}, {'lat': 14.60123, 'lng': 121.020019}, {'lat': 14.601331, 'lng': 121.020078}, {'lat': 14.601848, 'lng': 121.020389}, {'lat': 14.601908, 'lng': 121.020429}, {'lat': 14.601899, 'lng': 121.020442}, {'lat': 14.601897, 'lng': 121.020466}, {'lat': 14.601888, 'lng': 121.020585}, {'lat': 14.601889, 'lng': 121.020618}, {'lat': 14.601892, 'lng': 121.020711}, {'lat': 14.601915, 'lng': 121.020842}, {'lat': 14.601968, 'lng': 121.021052}, {'lat': 14.602017, 'lng': 121.021246}, {'lat': 14.602134, 'lng': 121.021687}, {'lat': 14.602156, 'lng': 121.021775}, {'lat': 14.602162, 'lng': 121.021842}, {'lat': 14.602159, 'lng': 121.021875}, {'lat': 14.602153, 'lng': 121.021914}, {'lat': 14.602142, 'lng': 121.021956}, {'lat': 14.601957, 'lng': 121.022285}, {'lat': 14.601861, 'lng': 121.022462}, {'lat': 14.601832, 'lng': 121.02251}, {'lat': 14.601794, 'lng': 121.02256}, {'lat': 14.601717, 'lng': 121.022625}, {'lat': 14.601499, 'lng': 121.022764}, {'lat': 14.601348, 'lng': 121.02286}, {'lat': 14.601271, 'lng': 121.022928}, {'lat': 14.601208, 'lng': 121.022995}, {'lat': 14.601106, 'lng': 121.023178}, {'lat': 14.601069, 'lng': 121.023257}, {'lat': 14.600993, 'lng': 121.02342}, {'lat': 14.600949, 'lng': 121.023482}, {'lat': 14.600826, 'lng': 121.023656}, {'lat': 14.600692, 'lng': 121.023832}, {'lat': 14.600582, 'lng': 121.023963}, {'lat': 14.600527, 'lng': 121.024029}, {'lat': 14.600749, 'lng': 121.024386}, {'lat': 14.600802, 'lng': 121.024476}, {'lat': 14.600942, 'lng': 121.024716}, {'lat': 14.600969, 'lng': 121.024764}, {'lat': 14.601001, 'lng': 121.024818}, {'lat': 14.601132, 'lng': 121.025043}, {'lat': 14.600951, 'lng': 121.025159}, {'lat': 14.600918, 'lng': 121.025183}, {'lat': 14.600899, 'lng': 121.025201}, {'lat': 14.600885, 'lng': 121.025229}, {'lat': 14.600807, 'lng': 121.025459}, {'lat': 14.600774, 'lng': 121.025556}, {'lat': 14.60074, 'lng': 121.02561}, {'lat': 14.6007, 'lng': 121.02566}, {'lat': 14.600645, 'lng': 121.0257}, {'lat': 14.600593, 'lng': 121.025724}, {'lat': 14.600499, 'lng': 121.025728}]",2,1785066614258,2160.0,2280,6645.785,7042.311
route-1785070262651-7089,tg0PavX0kuqIGY6HM9Ig,Initial Route,"[{'lat': 14.565253, 'lng': 120.994024}, {'lat': 14.56533, 'lng': 120.993989}, {'lat': 14.565363, 'lng': 120.993975}, {'lat': 14.565541, 'lng': 120.993899}, {'lat': 14.56577, 'lng': 120.993789}, {'lat': 14.565787, 'lng': 120.993827}, {'lat': 14.566099, 'lng': 120.994544}, {'lat': 14.566291, 'lng': 120.994456}, {'lat': 14.566481, 'lng': 120.994363}, {'lat': 14.566645, 'lng': 120.994284}, {'lat': 14.566852, 'lng': 120.994184}, {'lat': 14.567254, 'lng': 120.993993}, {'lat': 14.567767, 'lng': 120.993758}, {'lat': 14.568269, 'lng': 120.993519}, {'lat': 14.568446, 'lng': 120.993435}, {'lat': 14.568579, 'lng': 120.993372}, {'lat': 14.568757, 'lng': 120.993286}, {'lat': 14.568921, 'lng': 120.993209}, {'lat': 14.569188, 'lng': 120.993082}, {'lat': 14.569335, 'lng': 120.993012}, {'lat': 14.569759, 'lng': 120.99281}, {'lat': 14.569794, 'lng': 120.992793}, {'lat': 14.570459, 'lng': 120.992477}, {'lat': 14.570897, 'lng': 120.992239}, {'lat': 14.570976, 'lng': 120.992196}, {'lat': 14.571084, 'lng': 120.992282}, {'lat': 14.571346, 'lng': 120.992492}, {'lat': 14.571582, 'lng': 120.992681}, {'lat': 14.571869, 'lng': 120.992921}, {'lat': 14.571994, 'lng': 120.993023}, {'lat': 14.572197, 'lng': 120.993184}, {'lat': 14.572518, 'lng': 120.993442}, {'lat': 14.57282, 'lng': 120.993694}]",1,1785070262651,,360,,1012.251
route-1785070437769-5028,tg0PavX0kuqIGY6HM9Ig,Traffic Update,"[{'lat': 14.566005, 'lng': 120.994327}, {'lat': 14.566099, 'lng': 120.994544}, {'lat': 14.566291, 'lng': 120.994456}, {'lat': 14.566481, 'lng': 120.994363}, {'lat': 14.566645, 'lng': 120.994284}, {'lat': 14.566852, 'lng': 120.994184}, {'lat': 14.567254, 'lng': 120.993993}, {'lat': 14.567767, 'lng': 120.993758}, {'lat': 14.568269, 'lng': 120.993519}, {'lat': 14.568446, 'lng': 120.993435}, {'lat': 14.568579, 'lng': 120.993372}, {'lat': 14.568757, 'lng': 120.993286}, {'lat': 14.568921, 'lng': 120.993209}, {'lat': 14.569188, 'lng': 120.993082}, {'lat': 14.569335, 'lng': 120.993012}, {'lat': 14.569759, 'lng': 120.99281}, {'lat': 14.569794, 'lng': 120.992793}, {'lat': 14.570459, 'lng': 120.992477}, {'lat': 14.570897, 'lng': 120.992239}, {'lat': 14.570976, 'lng': 120.992196}, {'lat': 14.571084, 'lng': 120.992282}, {'lat': 14.571346, 'lng': 120.992492}, {'lat': 14.571582, 'lng': 120.992681}, {'lat': 14.571869, 'lng': 120.992921}, {'lat': 14.571994, 'lng': 120.993023}, {'lat': 14.572197, 'lng': 120.993184}, {'lat': 14.572518, 'lng': 120.993442}, {'lat': 14.57282, 'lng': 120.993694}]",2,1785070437769,360.0,300,1012.251,885.778
route-1785070618564-84,tg0PavX0kuqIGY6HM9Ig,Traffic Update,"[{'lat': 14.572417, 'lng': 120.993361}, {'lat': 14.572518, 'lng': 120.993442}, {'lat': 14.57282, 'lng': 120.993694}, {'lat': 14.57282, 'lng': 120.993694}]",3,1785070618564,300.0,0,885.778,57.49
route-1785070939593-7954,AIZmgIucN0ef39BDcptn,Initial Route,"[{'lat': 14.571948, 'lng': 120.994181}, {'lat': 14.57282, 'lng': 120.993694}, {'lat': 14.573139, 'lng': 120.993951}, {'lat': 14.573195, 'lng': 120.993996}, {'lat': 14.573321, 'lng': 120.994097}, {'lat': 14.573405, 'lng': 120.994164}, {'lat': 14.573455, 'lng': 120.994205}, {'lat': 14.573522, 'lng': 120.994264}, {'lat': 14.573742, 'lng': 120.994451}, {'lat': 14.574073, 'lng': 120.994724}, {'lat': 14.574227, 'lng': 120.994851}, {'lat': 14.574323, 'lng': 120.994813}, {'lat': 14.574411, 'lng': 120.994775}, {'lat': 14.574345, 'lng': 120.99472}, {'lat': 14.574181, 'lng': 120.99458}, {'lat': 14.574073, 'lng': 120.994489}, {'lat': 14.573472, 'lng': 120.994021}, {'lat': 14.573258, 'lng': 120.993844}, {'lat': 14.573094, 'lng': 120.993708}, {'lat': 14.572938, 'lng': 120.993629}, {'lat': 14.572783, 'lng': 120.993506}, {'lat': 14.572631, 'lng': 120.993386}, {'lat': 14.572592, 'lng': 120.993353}, {'lat': 14.572471, 'lng': 120.993249}, {'lat': 14.572317, 'lng': 120.99312}, {'lat': 14.571998, 'lng': 120.992863}, {'lat': 14.571708, 'lng': 120.992624}, {'lat': 14.571377, 'lng': 120.992348}, {'lat': 14.571236, 'lng': 120.992236}, {'lat': 14.571169, 'lng': 120.992183}, {'lat': 14.571099, 'lng': 120.992128}, {'lat': 14.571034, 'lng': 120.992075}, {'lat': 14.570999, 'lng': 120.992047}, {'lat': 14.570885, 'lng': 120.991959}, {'lat': 14.57069, 'lng': 120.991801}, {'lat': 14.570519, 'lng': 120.991668}, {'lat': 14.57049, 'lng': 120.991647}, {'lat': 14.570377, 'lng': 120.991556}, {'lat': 14.570296, 'lng': 120.991491}, {'lat': 14.570249, 'lng': 120.991453}, {'lat': 14.570219, 'lng': 120.99143}, {'lat': 14.569776, 'lng': 120.991073}, {'lat': 14.569046, 'lng': 120.990499}, {'lat': 14.568189, 'lng': 120.989802}, {'lat': 14.567973, 'lng': 120.989627}, {'lat': 14.567919, 'lng': 120.989582}, {'lat': 14.567849, 'lng': 120.989526}, {'lat': 14.56771, 'lng': 120.989413}, {'lat': 14.567188, 'lng': 120.988991}, {'lat': 14.566902, 'lng': 120.988759}, {'lat': 14.566491, 'lng': 120.988426}, {'lat': 14.566419, 'lng': 120.988367}, {'lat': 14.566327, 'lng': 120.988292}, {'lat': 14.566243, 'lng': 120.988226}, {'lat': 14.565808, 'lng': 120.987885}, {'lat': 14.565686, 'lng': 120.987771}, {'lat': 14.565564, 'lng': 120.98763}, {'lat': 14.565456, 'lng': 120.987475}, {'lat': 14.565415, 'lng': 120.987395}, {'lat': 14.565349, 'lng': 120.987265}, {'lat': 14.565306, 'lng': 120.987182}, {'lat': 14.565223, 'lng': 120.987016}, {'lat': 14.56519, 'lng': 120.986949}, {'lat': 14.565158, 'lng': 120.986887}, {'lat': 14.565125, 'lng': 120.986821}, {'lat': 14.565067, 'lng': 120.986699}, {'lat': 14.564891, 'lng': 120.986319}, {'lat': 14.564857, 'lng': 120.986238}, {'lat': 14.564707, 'lng': 120.985892}, {'lat': 14.564634, 'lng': 120.985723}, {'lat': 14.564529, 'lng': 120.985478}, {'lat': 14.564494, 'lng': 120.985394}, {'lat': 14.564468, 'lng': 120.985336}, {'lat': 14.564445, 'lng': 120.985284}, {'lat': 14.564348, 'lng': 120.985062}, {'lat': 14.564298, 'lng': 120.984945}, {'lat': 14.56422, 'lng': 120.984979}, {'lat': 14.564148, 'lng': 120.985009}, {'lat': 14.563992, 'lng': 120.985077}, {'lat': 14.562779, 'lng': 120.985607}, {'lat': 14.562248, 'lng': 120.985842}, {'lat': 14.561273, 'lng': 120.98627}, {'lat': 14.560415, 'lng': 120.986649}, {'lat': 14.55969, 'lng': 120.986968}, {'lat': 14.559607, 'lng': 120.987006}, {'lat': 14.559495, 'lng': 120.987051}, {'lat': 14.559403, 'lng': 120.987088}, {'lat': 14.55879, 'lng': 120.987336}, {'lat': 14.558452, 'lng': 120.987478}, {'lat': 14.558292, 'lng': 120.987535}, {'lat': 14.558186, 'lng': 120.987571}, {'lat': 14.555444, 'lng': 120.988471}, {'lat': 14.554092, 'lng': 120.98891}, {'lat': 14.551775, 'lng': 120.98963}, {'lat': 14.551712, 'lng': 120.989649}, {'lat': 14.551647, 'lng': 120.989666}, {'lat': 14.550541, 'lng': 120.989945}, {'lat': 14.548204, 'lng': 120.990429}, {'lat': 14.546358, 'lng': 120.990885}, {'lat': 14.5458, 'lng': 120.991016}, {'lat': 14.544933, 'lng': 120.991222}, {'lat': 14.544368, 'lng': 120.991334}, {'lat': 14.544101, 'lng': 120.991384}, {'lat': 14.541102, 'lng': 120.991907}, {'lat': 14.541033, 'lng': 120.991919}, {'lat': 14.540724, 'lng': 120.991972}, {'lat': 14.539712, 'lng': 120.992101}, {'lat': 14.539501, 'lng': 120.992175}, {'lat': 14.538952, 'lng': 120.992252}, {'lat': 14.53704, 'lng': 120.992462}, {'lat': 14.535132, 'lng': 120.992695}, {'lat': 14.534169, 'lng': 120.99275}, {'lat': 14.532806, 'lng': 120.992901}, {'lat': 14.532258, 'lng': 120.992964}, {'lat': 14.531844, 'lng': 120.993011}, {'lat': 14.531638, 'lng': 120.993036}, {'lat': 14.531375, 'lng': 120.993063}, {'lat': 14.531302, 'lng': 120.993071}, {'lat': 14.531078, 'lng': 120.993096}, {'lat': 14.530886, 'lng': 120.993122}, {'lat': 14.529828, 'lng': 120.993265}, {'lat': 14.52922, 'lng': 120.993334}, {'lat': 14.528542, 'lng': 120.993414}, {'lat': 14.528276, 'lng': 120.993445}, {'lat': 14.52797, 'lng': 120.99348}, {'lat': 14.52751, 'lng': 120.993532}, {'lat': 14.52732, 'lng': 120.993555}, {'lat': 14.527183, 'lng': 120.993572}, {'lat': 14.526731, 'lng': 120.993613}, {'lat': 14.526268, 'lng': 120.993634}, {'lat': 14.525778, 'lng': 120.99363}, {'lat': 14.525615, 'lng': 120.993629}, {'lat': 14.525423, 'lng': 120.993628}, {'lat': 14.52481, 'lng': 120.993624}, {'lat': 14.52363, 'lng': 120.993609}, {'lat': 14.522061, 'lng': 120.993587}, {'lat': 14.521385, 'lng': 120.993542}, {'lat': 14.519553, 'lng': 120.993416}, {'lat': 14.519457, 'lng': 120.993408}, {'lat': 14.51904, 'lng': 120.993384}, {'lat': 14.518673, 'lng': 120.99335}, {'lat': 14.518314, 'lng': 120.993303}, {'lat': 14.51804, 'lng': 120.993258}, {'lat': 14.517872, 'lng': 120.993226}, {'lat': 14.51758, 'lng': 120.99317}, {'lat': 14.517419, 'lng': 120.993132}, {'lat': 14.5174, 'lng': 120.993332}, {'lat': 14.517355, 'lng': 120.993607}, {'lat': 14.517341, 'lng': 120.99372}, {'lat': 14.517323, 'lng': 120.993886}, {'lat': 14.517227, 'lng': 120.99472}, {'lat': 14.517193, 'lng': 120.994993}, {'lat': 14.517069, 'lng': 120.995997}, {'lat': 14.517044, 'lng': 120.996051}, {'lat': 14.51701, 'lng': 120.996099}, {'lat': 14.516954, 'lng': 120.996152}, {'lat': 14.516888, 'lng': 120.99619}, {'lat': 14.516815, 'lng': 120.996211}, {'lat': 14.516724, 'lng': 120.996198}, {'lat': 14.516698, 'lng': 120.996194}, {'lat': 14.516668, 'lng': 120.996191}, {'lat': 14.516538, 'lng': 120.996174}, {'lat': 14.516526, 'lng': 120.996172}, {'lat': 14.516493, 'lng': 120.996168}, {'lat': 14.51631, 'lng': 120.996144}, {'lat': 14.516277, 'lng': 120.99614}, {'lat': 14.516204, 'lng': 120.996129}, {'lat': 14.515989, 'lng': 120.996097}, {'lat': 14.515948, 'lng': 120.99609}, {'lat': 14.515885, 'lng': 120.99608}, {'lat': 14.515685, 'lng': 120.99605}, {'lat': 14.515369, 'lng': 120.996002}, {'lat': 14.515086, 'lng': 120.995954}, {'lat': 14.514887, 'lng': 120.995918}, {'lat': 14.514779, 'lng': 120.995898}, {'lat': 14.514697, 'lng': 120.995885}, {'lat': 14.514485, 'lng': 120.995849}, {'lat': 14.514314, 'lng': 120.995822}, {'lat': 14.51419, 'lng': 120.995801}, {'lat': 14.514087, 'lng': 120.995785}, {'lat': 14.513977, 'lng': 120.995768}, {'lat': 14.513794, 'lng': 120.995736}, {'lat': 14.51374, 'lng': 120.995726}, {'lat': 14.51346, 'lng': 120.995663}, {'lat': 14.513203, 'lng': 120.995615}, {'lat': 14.51317, 'lng': 120.995606}, {'lat': 14.512931, 'lng': 120.995564}, {'lat': 14.512784, 'lng': 120.995533}, {'lat': 14.512544, 'lng': 120.995486}, {'lat': 14.512202, 'lng': 120.995413}, {'lat': 14.512012, 'lng': 120.995369}, {'lat': 14.511945, 'lng': 120.995352}, {'lat': 14.511432, 'lng': 120.995231}, {'lat': 14.511311, 'lng': 120.995202}, {'lat': 14.511206, 'lng': 120.995183}, {'lat': 14.510711, 'lng': 120.99508}, {'lat': 14.510498, 'lng': 120.995028}, {'lat': 14.510445, 'lng': 120.995016}, {'lat': 14.510361, 'lng': 120.994996}, {'lat': 14.510325, 'lng': 120.994987}, {'lat': 14.509671, 'lng': 120.994832}, {'lat': 14.509623, 'lng': 120.994821}, {'lat': 14.509497, 'lng': 120.994792}, {'lat': 14.509385, 'lng': 120.994765}, {'lat': 14.509267, 'lng': 120.994731}, {'lat': 14.509104, 'lng': 120.994689}, {'lat': 14.509018, 'lng': 120.994668}, {'lat': 14.508902, 'lng': 120.994642}, {'lat': 14.50878, 'lng': 120.994614}, {'lat': 14.508535, 'lng': 120.994556}, {'lat': 14.50836, 'lng': 120.994514}, {'lat': 14.508077, 'lng': 120.994449}, {'lat': 14.507952, 'lng': 120.99442}, {'lat': 14.507788, 'lng': 120.994387}, {'lat': 14.507713, 'lng': 120.994373}, {'lat': 14.507639, 'lng': 120.994352}, {'lat': 14.506316, 'lng': 120.994048}, {'lat': 14.506287, 'lng': 120.99404}, {'lat': 14.505489, 'lng': 120.993854}, {'lat': 14.50516, 'lng': 120.993782}, {'lat': 14.504509, 'lng': 120.993637}, {'lat': 14.504429, 'lng': 120.993616}, {'lat': 14.504408, 'lng': 120.993683}, {'lat': 14.504333, 'lng': 120.993879}, {'lat': 14.504256, 'lng': 120.994056}, {'lat': 14.504033, 'lng': 120.994532}, {'lat': 14.50401, 'lng': 120.994577}, {'lat': 14.503922, 'lng': 120.994726}, {'lat': 14.503912, 'lng': 120.994747}, {'lat': 14.503855, 'lng': 120.994872}, {'lat': 14.503741, 'lng': 120.995113}, {'lat': 14.503634, 'lng': 120.995372}, {'lat': 14.503598, 'lng': 120.995499}, {'lat': 14.503589, 'lng': 120.995537}, {'lat': 14.5034, 'lng': 120.996297}, {'lat': 14.503383, 'lng': 120.996399}, {'lat': 14.503208, 'lng': 120.996446}, {'lat': 14.503052, 'lng': 120.996423}, {'lat': 14.502863, 'lng': 120.996362}, {'lat': 14.502714, 'lng': 120.996314}, {'lat': 14.502672, 'lng': 120.996301}, {'lat': 14.502476, 'lng': 120.996236}, {'lat': 14.50244, 'lng': 120.996224}, {'lat': 14.502325, 'lng': 120.996182}, {'lat': 14.502145, 'lng': 120.996117}, {'lat': 14.501999, 'lng': 120.996064}, {'lat': 14.501831, 'lng': 120.995996}, {'lat': 14.501642, 'lng': 120.99592}, {'lat': 14.50162, 'lng': 120.995911}, {'lat': 14.501526, 'lng': 120.995873}, {'lat': 14.501453, 'lng': 120.995817}, {'lat': 14.501362, 'lng': 120.99572}, {'lat': 14.501204, 'lng': 120.995623}, {'lat': 14.500887, 'lng': 120.995484}, {'lat': 14.500638, 'lng': 120.99538}, {'lat': 14.500535, 'lng': 120.995335}, {'lat': 14.500515, 'lng': 120.995326}, {'lat': 14.500478, 'lng': 120.99531}, {'lat': 14.500428, 'lng': 120.99529}, {'lat': 14.500386, 'lng': 120.99526}, {'lat': 14.500354, 'lng': 120.995239}, {'lat': 14.500272, 'lng': 120.995162}, {'lat': 14.500203, 'lng': 120.995094}, {'lat': 14.500131, 'lng': 120.995027}, {'lat': 14.500025, 'lng': 120.99496}, {'lat': 14.499956, 'lng': 120.994929}, {'lat': 14.499814, 'lng': 120.994864}, {'lat': 14.49964, 'lng': 120.994813}, {'lat': 14.499488, 'lng': 120.994788}, {'lat': 14.499327, 'lng': 120.994765}, {'lat': 14.49917, 'lng': 120.994748}, {'lat': 14.499109, 'lng': 120.994745}, {'lat': 14.499077, 'lng': 120.994582}, {'lat': 14.499027, 'lng': 120.994334}, {'lat': 14.498992, 'lng': 120.994159}, {'lat': 14.49882, 'lng': 120.993301}, {'lat': 14.498809, 'lng': 120.993258}, {'lat': 14.498772, 'lng': 120.993117}, {'lat': 14.498711, 'lng': 120.992916}, {'lat': 14.498667, 'lng': 120.992841}, {'lat': 14.498566, 'lng': 120.992694}, {'lat': 14.498456, 'lng': 120.992588}, {'lat': 14.49832, 'lng': 120.992502}, {'lat': 14.498162, 'lng': 120.992456}, {'lat': 14.498033, 'lng': 120.992451}, {'lat': 14.497877, 'lng': 120.992456}, {'lat': 14.497795, 'lng': 120.992467}, {'lat': 14.497451, 'lng': 120.992513}, {'lat': 14.497244, 'lng': 120.992535}, {'lat': 14.497135, 'lng': 120.992552}, {'lat': 14.496916, 'lng': 120.99257}, {'lat': 14.496453, 'lng': 120.992593}, {'lat': 14.49605, 'lng': 120.992561}, {'lat': 14.495953, 'lng': 120.992549}, {'lat': 14.495833, 'lng': 120.992536}, {'lat': 14.495543, 'lng': 120.992487}, {'lat': 14.495505, 'lng': 120.992479}, {'lat': 14.495058, 'lng': 120.992407}, {'lat': 14.494961, 'lng': 120.992391}, {'lat': 14.49493, 'lng': 120.992386}, {'lat': 14.49459, 'lng': 120.992332}, {'lat': 14.494546, 'lng': 120.992325}, {'lat': 14.49445, 'lng': 120.992307}, {'lat': 14.494304, 'lng': 120.992284}, {'lat': 14.494218, 'lng': 120.99227}, {'lat': 14.493569, 'lng': 120.992159}, {'lat': 14.492853, 'lng': 120.992035}, {'lat': 14.492599, 'lng': 120.991994}, {'lat': 14.492479, 'lng': 120.991975}, {'lat': 14.492233, 'lng': 120.991936}, {'lat': 14.492075, 'lng': 120.991911}, {'lat': 14.491962, 'lng': 120.991893}, {'lat': 14.49157, 'lng': 120.991835}, {'lat': 14.491145, 'lng': 120.991761}, {'lat': 14.491049, 'lng': 120.991744}, {'lat': 14.490945, 'lng': 120.991724}, {'lat': 14.490859, 'lng': 120.991708}, {'lat': 14.490724, 'lng': 120.991683}, {'lat': 14.489992, 'lng': 120.991552}, {'lat': 14.489924, 'lng': 120.991541}, {'lat': 14.48953, 'lng': 120.991482}, {'lat': 14.489152, 'lng': 120.991421}, {'lat': 14.488639, 'lng': 120.991349}, {'lat': 14.488382, 'lng': 120.991314}, {'lat': 14.488317, 'lng': 120.991306}, {'lat': 14.488217, 'lng': 120.991293}, {'lat': 14.488073, 'lng': 120.991275}, {'lat': 14.487469, 'lng': 120.991198}, {'lat': 14.487267, 'lng': 120.991177}, {'lat': 14.486762, 'lng': 120.991133}, {'lat': 14.486735, 'lng': 120.991135}, {'lat': 14.486489, 'lng': 120.991149}, {'lat': 14.486261, 'lng': 120.991195}, {'lat': 14.486107, 'lng': 120.991237}, {'lat': 14.485954, 'lng': 120.991304}, {'lat': 14.485834, 'lng': 120.991373}, {'lat': 14.485698, 'lng': 120.991458}, {'lat': 14.485603, 'lng': 120.99153}, {'lat': 14.485572, 'lng': 120.991556}, {'lat': 14.485383, 'lng': 120.991721}, {'lat': 14.485332, 'lng': 120.99179}, {'lat': 14.485284, 'lng': 120.991846}, {'lat': 14.485174, 'lng': 120.992014}, {'lat': 14.485065, 'lng': 120.992198}, {'lat': 14.48497, 'lng': 120.992438}, {'lat': 14.484913, 'lng': 120.992672}, {'lat': 14.484871, 'lng': 120.992723}, {'lat': 14.484833, 'lng': 120.992762}, {'lat': 14.484794, 'lng': 120.992791}, {'lat': 14.484751, 'lng': 120.992818}, {'lat': 14.484715, 'lng': 120.992834}, {'lat': 14.48467, 'lng': 120.992844}, {'lat': 14.484629, 'lng': 120.992847}, {'lat': 14.484593, 'lng': 120.992846}, {'lat': 14.484543, 'lng': 120.992843}, {'lat': 14.483823, 'lng': 120.992378}, {'lat': 14.483767, 'lng': 120.992339}, {'lat': 14.483722, 'lng': 120.992303}, {'lat': 14.483667, 'lng': 120.992258}, {'lat': 14.483582, 'lng': 120.992167}, {'lat': 14.483469, 'lng': 120.992007}, {'lat': 14.483341, 'lng': 120.991598}, {'lat': 14.48332, 'lng': 120.991531}, {'lat': 14.48331, 'lng': 120.991501}, {'lat': 14.483282, 'lng': 120.991416}, {'lat': 14.483255, 'lng': 120.991297}, {'lat': 14.483246, 'lng': 120.991193}, {'lat': 14.48325, 'lng': 120.991108}, {'lat': 14.483264, 'lng': 120.990996}, {'lat': 14.483301, 'lng': 120.990858}, {'lat': 14.483418, 'lng': 120.990547}, {'lat': 14.483534, 'lng': 120.990239}, {'lat': 14.483567, 'lng': 120.990133}, {'lat': 14.483582, 'lng': 120.990056}, {'lat': 14.483591, 'lng': 120.99}, {'lat': 14.483593, 'lng': 120.989936}, {'lat': 14.483593, 'lng': 120.98992}, {'lat': 14.483594, 'lng': 120.989899}, {'lat': 14.483576, 'lng': 120.989789}, {'lat': 14.483534, 'lng': 120.989665}, {'lat': 14.483155, 'lng': 120.988927}, {'lat': 14.48309, 'lng': 120.988799}, {'lat': 14.482997, 'lng': 120.98862}, {'lat': 14.482887, 'lng': 120.988473}, {'lat': 14.482784, 'lng': 120.988378}, {'lat': 14.482751, 'lng': 120.988354}, {'lat': 14.482641, 'lng': 120.988293}, {'lat': 14.482513, 'lng': 120.988231}, {'lat': 14.482397, 'lng': 120.988177}, {'lat': 14.48178, 'lng': 120.987899}, {'lat': 14.481645, 'lng': 120.98784}, {'lat': 14.481511, 'lng': 120.987777}, {'lat': 14.480716, 'lng': 120.987397}, {'lat': 14.480558, 'lng': 120.987275}, {'lat': 14.480389, 'lng': 120.987139}, {'lat': 14.480365, 'lng': 120.987118}, {'lat': 14.480243, 'lng': 120.987011}, {'lat': 14.480219, 'lng': 120.98699}, {'lat': 14.480156, 'lng': 120.986929}, {'lat': 14.479572, 'lng': 120.986334}, {'lat': 14.479459, 'lng': 120.986213}, {'lat': 14.479252, 'lng': 120.985992}, {'lat': 14.479035, 'lng': 120.98576}, {'lat': 14.478948, 'lng': 120.985671}, {'lat': 14.477329, 'lng': 120.98397}, {'lat': 14.476852, 'lng': 120.983484}, {'lat': 14.475955, 'lng': 120.982566}, {'lat': 14.475579, 'lng': 120.982182}, {'lat': 14.475545, 'lng': 120.982147}, {'lat': 14.475391, 'lng': 120.981992}, {'lat': 14.47507, 'lng': 120.981657}, {'lat': 14.47484, 'lng': 120.981417}, {'lat': 14.474794, 'lng': 120.98137}, {'lat': 14.474748, 'lng': 120.981322}, {'lat': 14.474666, 'lng': 120.981218}, {'lat': 14.474532, 'lng': 120.981038}, {'lat': 14.4744, 'lng': 120.980828}, {'lat': 14.474261, 'lng': 120.980556}, {'lat': 14.47413, 'lng': 120.980313}, {'lat': 14.47405, 'lng': 120.98015}, {'lat': 14.474003, 'lng': 120.979999}, {'lat': 14.473972, 'lng': 120.979832}, {'lat': 14.47385, 'lng': 120.978903}, {'lat': 14.47385, 'lng': 120.978821}, {'lat': 14.473871, 'lng': 120.978729}, {'lat': 14.473901, 'lng': 120.978633}, {'lat': 14.473955, 'lng': 120.9785}, {'lat': 14.473992, 'lng': 120.978413}, {'lat': 14.474078, 'lng': 120.97819}, {'lat': 14.474105, 'lng': 120.978122}, {'lat': 14.474142, 'lng': 120.978028}, {'lat': 14.474095, 'lng': 120.977953}, {'lat': 14.47404, 'lng': 120.977867}, {'lat': 14.473947, 'lng': 120.97772}, {'lat': 14.473928, 'lng': 120.977688}, {'lat': 14.473811, 'lng': 120.977485}, {'lat': 14.47378, 'lng': 120.977429}, {'lat': 14.473538, 'lng': 120.977005}, {'lat': 14.473421, 'lng': 120.976823}, {'lat': 14.473199, 'lng': 120.976526}, {'lat': 14.473182, 'lng': 120.976501}, {'lat': 14.473155, 'lng': 120.976468}, {'lat': 14.473104, 'lng': 120.976402}, {'lat': 14.473009, 'lng': 120.976283}, {'lat': 14.472951, 'lng': 120.976209}, {'lat': 14.472848, 'lng': 120.976076}, {'lat': 14.472628, 'lng': 120.97581}, {'lat': 14.472514, 'lng': 120.975669}, {'lat': 14.472432, 'lng': 120.975561}, {'lat': 14.472383, 'lng': 120.975496}, {'lat': 14.472274, 'lng': 120.975341}, {'lat': 14.472204, 'lng': 120.975238}, {'lat': 14.472163, 'lng': 120.975174}, {'lat': 14.472056, 'lng': 120.974995}, {'lat': 14.47199, 'lng': 120.974883}, {'lat': 14.471839, 'lng': 120.974625}, {'lat': 14.471791, 'lng': 120.974541}, {'lat': 14.471453, 'lng': 120.973865}, {'lat': 14.471141, 'lng': 120.973242}, {'lat': 14.470741, 'lng': 120.972495}, {'lat': 14.470643, 'lng': 120.972331}, {'lat': 14.470612, 'lng': 120.972281}, {'lat': 14.47018, 'lng': 120.971642}, {'lat': 14.470133, 'lng': 120.971572}, {'lat': 14.469998, 'lng': 120.971386}, {'lat': 14.469891, 'lng': 120.971252}, {'lat': 14.469861, 'lng': 120.971214}, {'lat': 14.469809, 'lng': 120.971152}, {'lat': 14.469767, 'lng': 120.971103}, {'lat': 14.469731, 'lng': 120.971062}, {'lat': 14.469538, 'lng': 120.970833}, {'lat': 14.469397, 'lng': 120.970671}, {'lat': 14.469134, 'lng': 120.970375}, {'lat': 14.468939, 'lng': 120.970215}, {'lat': 14.468765, 'lng': 120.970125}, {'lat': 14.468544, 'lng': 120.970035}, {'lat': 14.468421, 'lng': 120.969987}, {'lat': 14.468395, 'lng': 120.969976}, {'lat': 14.46824, 'lng': 120.96991}, {'lat': 14.467939, 'lng': 120.969734}, {'lat': 14.467571, 'lng': 120.969455}, {'lat': 14.467538, 'lng': 120.969429}, {'lat': 14.467365, 'lng': 120.969297}, {'lat': 14.467229, 'lng': 120.969189}, {'lat': 14.467012, 'lng': 120.969015}, {'lat': 14.466917, 'lng': 120.96894}, {'lat': 14.466743, 'lng': 120.968818}, {'lat': 14.466694, 'lng': 120.968774}, {'lat': 14.466623, 'lng': 120.968629}, {'lat': 14.466584, 'lng': 120.968566}, {'lat': 14.466547, 'lng': 120.968523}, {'lat': 14.466497, 'lng': 120.968472}, {'lat': 14.466419, 'lng': 120.968402}, {'lat': 14.466241, 'lng': 120.968253}, {'lat': 14.466037, 'lng': 120.968094}, {'lat': 14.465826, 'lng': 120.967934}, {'lat': 14.465693, 'lng': 120.967992}, {'lat': 14.465575, 'lng': 120.968047}, {'lat': 14.465473, 'lng': 120.968093}, {'lat': 14.465182, 'lng': 120.968218}, {'lat': 14.464569, 'lng': 120.968469}, {'lat': 14.463905, 'lng': 120.968741}, {'lat': 14.463784, 'lng': 120.96886}, {'lat': 14.463688, 'lng': 120.968897}, {'lat': 14.463616, 'lng': 120.968917}, {'lat': 14.463056, 'lng': 120.969068}, {'lat': 14.462712, 'lng': 120.969161}, {'lat': 14.462557, 'lng': 120.969199}, {'lat': 14.462471, 'lng': 120.969221}, {'lat': 14.462436, 'lng': 120.969228}, {'lat': 14.462372, 'lng': 120.969275}, {'lat': 14.46198, 'lng': 120.969379}, {'lat': 14.461902, 'lng': 120.9694}, {'lat': 14.46061, 'lng': 120.969738}, {'lat': 14.460159, 'lng': 120.969861}, {'lat': 14.460099, 'lng': 120.969875}, {'lat': 14.459216, 'lng': 120.970161}, {'lat': 14.459013, 'lng': 120.970227}, {'lat': 14.458678, 'lng': 120.970336}, {'lat': 14.458381, 'lng': 120.970434}, {'lat': 14.458142, 'lng': 120.970512}, {'lat': 14.457912, 'lng': 120.970589}, {'lat': 14.457842, 'lng': 120.970612}, {'lat': 14.457685, 'lng': 120.970666}, {'lat': 14.457271, 'lng': 120.97082}, {'lat': 14.457151, 'lng': 120.97087}, {'lat': 14.457043, 'lng': 120.970912}, {'lat': 14.456912, 'lng': 120.970973}, {'lat': 14.456821, 'lng': 120.97101}, {'lat': 14.456611, 'lng': 120.971097}, {'lat': 14.45647, 'lng': 120.971161}, {'lat': 14.456385, 'lng': 120.971212}, {'lat': 14.456279, 'lng': 120.971279}, {'lat': 14.456175, 'lng': 120.971369}, {'lat': 14.456069, 'lng': 120.971501}, {'lat': 14.455948, 'lng': 120.97169}, {'lat': 14.455725, 'lng': 120.972008}, {'lat': 14.455524, 'lng': 120.972293}, {'lat': 14.455482, 'lng': 120.972354}, {'lat': 14.455271, 'lng': 120.972666}, {'lat': 14.455198, 'lng': 120.972774}, {'lat': 14.455149, 'lng': 120.972846}, {'lat': 14.455115, 'lng': 120.9729}, {'lat': 14.455018, 'lng': 120.973035}, {'lat': 14.45497, 'lng': 120.973106}, {'lat': 14.454697, 'lng': 120.973503}, {'lat': 14.45464, 'lng': 120.973586}, {'lat': 14.454591, 'lng': 120.973658}, {'lat': 14.45454, 'lng': 120.973733}, {'lat': 14.454495, 'lng': 120.973799}, {'lat': 14.454404, 'lng': 120.973929}, {'lat': 14.454292, 'lng': 120.974086}, {'lat': 14.454252, 'lng': 120.974149}, {'lat': 14.453894, 'lng': 120.974669}, {'lat': 14.453654, 'lng': 120.975032}, {'lat': 14.453607, 'lng': 120.975093}, {'lat': 14.453443, 'lng': 120.975332}, {'lat': 14.453143, 'lng': 120.975769}, {'lat': 14.452994, 'lng': 120.97599}, {'lat': 14.452896, 'lng': 120.976135}, {'lat': 14.452787, 'lng': 120.976293}, {'lat': 14.452427, 'lng': 120.976813}, {'lat': 14.452346, 'lng': 120.976933}, {'lat': 14.452263, 'lng': 120.977052}, {'lat': 14.452152, 'lng': 120.977219}, {'lat': 14.452049, 'lng': 120.977372}, {'lat': 14.451987, 'lng': 120.977474}, {'lat': 14.451928, 'lng': 120.977567}, {'lat': 14.451874, 'lng': 120.97765}, {'lat': 14.451749, 'lng': 120.977859}, {'lat': 14.451606, 'lng': 120.978092}, {'lat': 14.451405, 'lng': 120.978421}, {'lat': 14.451338, 'lng': 120.978534}, {'lat': 14.451264, 'lng': 120.978655}, {'lat': 14.451241, 'lng': 120.978695}, {'lat': 14.451171, 'lng': 120.978809}, {'lat': 14.451068, 'lng': 120.978973}, {'lat': 14.45103, 'lng': 120.979039}, {'lat': 14.450973, 'lng': 120.979028}, {'lat': 14.450856, 'lng': 120.979002}, {'lat': 14.450699, 'lng': 120.97897}, {'lat': 14.450466, 'lng': 120.978922}, {'lat': 14.448956, 'lng': 120.978617}, {'lat': 14.448887, 'lng': 120.978603}, {'lat': 14.44884, 'lng': 120.978593}, {'lat': 14.448838, 'lng': 120.978593}, {'lat': 14.448833, 'lng': 120.978592}, {'lat': 14.448826, 'lng': 120.97859}, {'lat': 14.447432, 'lng': 120.978298}, {'lat': 14.44736, 'lng': 120.978824}, {'lat': 14.447342, 'lng': 120.979323}, {'lat': 14.447313, 'lng': 120.979947}, {'lat': 14.447282, 'lng': 120.980241}, {'lat': 14.447127, 'lng': 120.98117}, {'lat': 14.446666, 'lng': 120.981222}, {'lat': 14.446424, 'lng': 120.981254}, {'lat': 14.446095, 'lng': 120.981298}, {'lat': 14.446104, 'lng': 120.979035}]",1,1785070939593,,6060,,18589.975
route-1785070991845-6536,INI7QviMV449G9zOeoq3,Initial Route,"[{'lat': 14.591261, 'lng': 120.997573}, {'lat': 14.591276, 'lng': 120.997645}, {'lat': 14.59123, 'lng': 120.997909}, {'lat': 14.591219, 'lng': 120.997964}, {'lat': 14.591198, 'lng': 120.998032}, {'lat': 14.591011, 'lng': 120.998623}, {'lat': 14.590909, 'lng': 120.998537}, {'lat': 14.590748, 'lng': 120.998393}, {'lat': 14.590705, 'lng': 120.998356}, {'lat': 14.590653, 'lng': 120.998313}, {'lat': 14.590499, 'lng': 120.998174}, {'lat': 14.590443, 'lng': 120.998125}, {'lat': 14.590399, 'lng': 120.998085}, {'lat': 14.590088, 'lng': 120.99781}, {'lat': 14.590055, 'lng': 120.997781}, {'lat': 14.589815, 'lng': 120.997573}, {'lat': 14.589685, 'lng': 120.997456}, {'lat': 14.589519, 'lng': 120.997306}, {'lat': 14.589169, 'lng': 120.997}, {'lat': 14.588883, 'lng': 120.996753}, {'lat': 14.588751, 'lng': 120.99664}, {'lat': 14.588706, 'lng': 120.9966}, {'lat': 14.588685, 'lng': 120.996583}, {'lat': 14.588659, 'lng': 120.99656}, {'lat': 14.588637, 'lng': 120.996542}, {'lat': 14.588615, 'lng': 120.996522}, {'lat': 14.588322, 'lng': 120.996266}, {'lat': 14.588176, 'lng': 120.996141}, {'lat': 14.588122, 'lng': 120.996094}, {'lat': 14.587974, 'lng': 120.995967}, {'lat': 14.587895, 'lng': 120.995901}, {'lat': 14.587739, 'lng': 120.995766}, {'lat': 14.587684, 'lng': 120.995716}, {'lat': 14.587576, 'lng': 120.995618}, {'lat': 14.587475, 'lng': 120.995533}, {'lat': 14.58732, 'lng': 120.995399}, {'lat': 14.587248, 'lng': 120.995337}, {'lat': 14.586924, 'lng': 120.99505}, {'lat': 14.586885, 'lng': 120.994964}, {'lat': 14.586737, 'lng': 120.994834}, {'lat': 14.586646, 'lng': 120.994805}, {'lat': 14.58643, 'lng': 120.994617}, {'lat': 14.586183, 'lng': 120.994415}, {'lat': 14.586011, 'lng': 120.994262}, {'lat': 14.585899, 'lng': 120.994166}, {'lat': 14.585871, 'lng': 120.994142}, {'lat': 14.585826, 'lng': 120.994066}, {'lat': 14.58581, 'lng': 120.994052}, {'lat': 14.585655, 'lng': 120.993905}, {'lat': 14.585644, 'lng': 120.993893}, {'lat': 14.585583, 'lng': 120.993822}, {'lat': 14.585527, 'lng': 120.993734}, {'lat': 14.585507, 'lng': 120.993688}, {'lat': 14.585418, 'lng': 120.993428}, {'lat': 14.585361, 'lng': 120.993371}, {'lat': 14.585289, 'lng': 120.993155}, {'lat': 14.585255, 'lng': 120.993057}, {'lat': 14.585104, 'lng': 120.992604}, {'lat': 14.585022, 'lng': 120.992366}, {'lat': 14.585017, 'lng': 120.992345}, {'lat': 14.584885, 'lng': 120.991939}, {'lat': 14.584867, 'lng': 120.991886}, {'lat': 14.584769, 'lng': 120.991592}, {'lat': 14.58476, 'lng': 120.991566}, {'lat': 14.584722, 'lng': 120.991461}, {'lat': 14.584702, 'lng': 120.991397}, {'lat': 14.584591, 'lng': 120.991081}, {'lat': 14.584586, 'lng': 120.991069}, {'lat': 14.584561, 'lng': 120.990994}, {'lat': 14.584534, 'lng': 120.990925}, {'lat': 14.584409, 'lng': 120.990565}, {'lat': 14.584375, 'lng': 120.99046}, {'lat': 14.58435, 'lng': 120.990384}, {'lat': 14.584297, 'lng': 120.990221}, {'lat': 14.584203, 'lng': 120.989933}, {'lat': 14.584167, 'lng': 120.989824}, {'lat': 14.583958, 'lng': 120.989184}, {'lat': 14.583921, 'lng': 120.989073}, {'lat': 14.583904, 'lng': 120.989021}, {'lat': 14.583874, 'lng': 120.988932}, {'lat': 14.583814, 'lng': 120.988752}, {'lat': 14.583802, 'lng': 120.988721}, {'lat': 14.583755, 'lng': 120.988576}, {'lat': 14.583722, 'lng': 120.98848}, {'lat': 14.583662, 'lng': 120.988301}, {'lat': 14.583655, 'lng': 120.988281}, {'lat': 14.583627, 'lng': 120.988192}, {'lat': 14.5836, 'lng': 120.988102}, {'lat': 14.583415, 'lng': 120.987561}, {'lat': 14.583398, 'lng': 120.987507}, {'lat': 14.583284, 'lng': 120.98714}, {'lat': 14.583257, 'lng': 120.987051}, {'lat': 14.583172, 'lng': 120.987085}, {'lat': 14.582731, 'lng': 120.987272}, {'lat': 14.581015, 'lng': 120.988047}, {'lat': 14.580852, 'lng': 120.988063}, {'lat': 14.580798, 'lng': 120.987943}, {'lat': 14.580626, 'lng': 120.987599}, {'lat': 14.580318, 'lng': 120.986942}, {'lat': 14.579971, 'lng': 120.986198}, {'lat': 14.579949, 'lng': 120.986154}, {'lat': 14.579918, 'lng': 120.986098}, {'lat': 14.579885, 'lng': 120.98604}, {'lat': 14.579822, 'lng': 120.986076}, {'lat': 14.577809, 'lng': 120.987234}, {'lat': 14.57773, 'lng': 120.987281}, {'lat': 14.577563, 'lng': 120.98738}, {'lat': 14.577205, 'lng': 120.987586}, {'lat': 14.576955, 'lng': 120.987732}, {'lat': 14.576895, 'lng': 120.987767}, {'lat': 14.576612, 'lng': 120.987933}, {'lat': 14.576144, 'lng': 120.988209}, {'lat': 14.576069, 'lng': 120.988253}, {'lat': 14.57597, 'lng': 120.988309}, {'lat': 14.575948, 'lng': 120.988322}, {'lat': 14.575795, 'lng': 120.988408}, {'lat': 14.575439, 'lng': 120.988608}, {'lat': 14.574715, 'lng': 120.989016}, {'lat': 14.573728, 'lng': 120.98957}, {'lat': 14.573321, 'lng': 120.989789}, {'lat': 14.572753, 'lng': 120.990118}, {'lat': 14.572502, 'lng': 120.990263}, {'lat': 14.57241, 'lng': 120.990317}, {'lat': 14.571345, 'lng': 120.990912}, {'lat': 14.570688, 'lng': 120.991276}, {'lat': 14.57042, 'lng': 120.991423}, {'lat': 14.570296, 'lng': 120.991491}, {'lat': 14.570179, 'lng': 120.991555}, {'lat': 14.570103, 'lng': 120.991595}, {'lat': 14.569946, 'lng': 120.991681}, {'lat': 14.569841, 'lng': 120.99174}, {'lat': 14.569817, 'lng': 120.99175}, {'lat': 14.569358, 'lng': 120.991958}, {'lat': 14.569295, 'lng': 120.991987}, {'lat': 14.568794, 'lng': 120.992214}, {'lat': 14.568619, 'lng': 120.992293}, {'lat': 14.568474, 'lng': 120.992359}, {'lat': 14.567418, 'lng': 120.992841}, {'lat': 14.567088, 'lng': 120.992987}, {'lat': 14.566997, 'lng': 120.993028}, {'lat': 14.56672, 'lng': 120.993154}, {'lat': 14.566685, 'lng': 120.99317}, {'lat': 14.565962, 'lng': 120.993522}, {'lat': 14.565816, 'lng': 120.99359}, {'lat': 14.565793, 'lng': 120.993526}, {'lat': 14.565761, 'lng': 120.993455}]",1,1785070991845,,1320,,4005.783
route-1785071178328-9021,INI7QviMV449G9zOeoq3,Traffic Update,"[{'lat': 14.591286, 'lng': 120.99792}, {'lat': 14.59123, 'lng': 120.997909}, {'lat': 14.591219, 'lng': 120.997964}, {'lat': 14.591198, 'lng': 120.998032}, {'lat': 14.591011, 'lng': 120.998623}, {'lat': 14.591115, 'lng': 120.998711}, {'lat': 14.591167, 'lng': 120.998758}, {'lat': 14.591582, 'lng': 120.999108}, {'lat': 14.59165, 'lng': 120.999165}, {'lat': 14.591686, 'lng': 120.999197}, {'lat': 14.591743, 'lng': 120.999245}, {'lat': 14.591848, 'lng': 120.999337}, {'lat': 14.591966, 'lng': 120.999436}, {'lat': 14.592071, 'lng': 120.999522}, {'lat': 14.592142, 'lng': 120.999619}, {'lat': 14.59234, 'lng': 120.999809}, {'lat': 14.592401, 'lng': 120.99989}, {'lat': 14.592472, 'lng': 120.999974}, {'lat': 14.592525, 'lng': 121.000065}, {'lat': 14.592569, 'lng': 121.000152}, {'lat': 14.592606, 'lng': 121.000231}, {'lat': 14.592628, 'lng': 121.000289}, {'lat': 14.592652, 'lng': 121.000397}, {'lat': 14.592699, 'lng': 121.000717}, {'lat': 14.592746, 'lng': 121.001107}, {'lat': 14.592779, 'lng': 121.001418}, {'lat': 14.592783, 'lng': 121.00148}, {'lat': 14.592788, 'lng': 121.001559}, {'lat': 14.592754, 'lng': 121.001561}, {'lat': 14.591945, 'lng': 121.001601}, {'lat': 14.591892, 'lng': 121.001604}, {'lat': 14.591443, 'lng': 121.001633}, {'lat': 14.591377, 'lng': 121.001637}, {'lat': 14.591014, 'lng': 121.001658}, {'lat': 14.590771, 'lng': 121.001673}, {'lat': 14.590509, 'lng': 121.001688}, {'lat': 14.590155, 'lng': 121.001706}, {'lat': 14.589993, 'lng': 121.001722}, {'lat': 14.589903, 'lng': 121.001733}, {'lat': 14.589794, 'lng': 121.001742}, {'lat': 14.589587, 'lng': 121.001758}, {'lat': 14.58941, 'lng': 121.001769}, {'lat': 14.589237, 'lng': 121.001779}, {'lat': 14.589063, 'lng': 121.001788}, {'lat': 14.5889, 'lng': 121.001796}, {'lat': 14.588604, 'lng': 121.001813}, {'lat': 14.588162, 'lng': 121.00183}, {'lat': 14.588133, 'lng': 121.001831}, {'lat': 14.587884, 'lng': 121.001828}, {'lat': 14.587844, 'lng': 121.001829}, {'lat': 14.587457, 'lng': 121.001843}, {'lat': 14.586646, 'lng': 121.001891}, {'lat': 14.586298, 'lng': 121.001888}, {'lat': 14.586247, 'lng': 121.00189}, {'lat': 14.58617, 'lng': 121.001899}, {'lat': 14.586122, 'lng': 121.001897}, {'lat': 14.586074, 'lng': 121.001899}, {'lat': 14.585627, 'lng': 121.001928}, {'lat': 14.585224, 'lng': 121.001961}, {'lat': 14.584762, 'lng': 121.001999}, {'lat': 14.583789, 'lng': 121.002081}, {'lat': 14.583553, 'lng': 121.002084}, {'lat': 14.58344, 'lng': 121.002073}, {'lat': 14.583339, 'lng': 121.002051}, {'lat': 14.58331, 'lng': 121.00204}, {'lat': 14.583195, 'lng': 121.001986}, {'lat': 14.583141, 'lng': 121.001961}, {'lat': 14.582975, 'lng': 121.001797}, {'lat': 14.582863, 'lng': 121.001712}, {'lat': 14.582575, 'lng': 121.001453}, {'lat': 14.582395, 'lng': 121.001273}, {'lat': 14.582393, 'lng': 121.001271}, {'lat': 14.582174, 'lng': 121.001042}, {'lat': 14.581296, 'lng': 121.000242}, {'lat': 14.581248, 'lng': 121.000198}, {'lat': 14.581098, 'lng': 121.000068}, {'lat': 14.579902, 'lng': 120.999131}, {'lat': 14.579858, 'lng': 120.999107}, {'lat': 14.579716, 'lng': 120.999008}, {'lat': 14.579517, 'lng': 120.998852}, {'lat': 14.578737, 'lng': 120.998282}, {'lat': 14.578046, 'lng': 120.997714}, {'lat': 14.577687, 'lng': 120.997431}, {'lat': 14.577276, 'lng': 120.997097}, {'lat': 14.577234, 'lng': 120.997063}, {'lat': 14.577091, 'lng': 120.996947}, {'lat': 14.576853, 'lng': 120.996761}, {'lat': 14.576305, 'lng': 120.996328}, {'lat': 14.576088, 'lng': 120.996149}, {'lat': 14.575966, 'lng': 120.996044}, {'lat': 14.575911, 'lng': 120.995997}, {'lat': 14.575736, 'lng': 120.995859}, {'lat': 14.575149, 'lng': 120.995377}, {'lat': 14.575054, 'lng': 120.995299}, {'lat': 14.574547, 'lng': 120.994888}, {'lat': 14.574411, 'lng': 120.994775}, {'lat': 14.574345, 'lng': 120.99472}, {'lat': 14.574181, 'lng': 120.99458}, {'lat': 14.574073, 'lng': 120.994489}, {'lat': 14.573472, 'lng': 120.994021}, {'lat': 14.573258, 'lng': 120.993844}, {'lat': 14.573094, 'lng': 120.993708}, {'lat': 14.572938, 'lng': 120.993629}, {'lat': 14.572783, 'lng': 120.993506}, {'lat': 14.572631, 'lng': 120.993386}, {'lat': 14.572592, 'lng': 120.993353}, {'lat': 14.572471, 'lng': 120.993249}, {'lat': 14.572317, 'lng': 120.99312}, {'lat': 14.571998, 'lng': 120.992863}, {'lat': 14.571708, 'lng': 120.992624}, {'lat': 14.571377, 'lng': 120.992348}, {'lat': 14.571236, 'lng': 120.992236}, {'lat': 14.571169, 'lng': 120.992183}, {'lat': 14.571099, 'lng': 120.992128}, {'lat': 14.571034, 'lng': 120.992075}, {'lat': 14.570999, 'lng': 120.992047}, {'lat': 14.570885, 'lng': 120.991959}, {'lat': 14.57069, 'lng': 120.991801}, {'lat': 14.570519, 'lng': 120.991668}, {'lat': 14.57049, 'lng': 120.991647}, {'lat': 14.570377, 'lng': 120.991556}, {'lat': 14.570296, 'lng': 120.991491}, {'lat': 14.570179, 'lng': 120.991555}, {'lat': 14.570103, 'lng': 120.991595}, {'lat': 14.569946, 'lng': 120.991681}, {'lat': 14.569841, 'lng': 120.99174}, {'lat': 14.569817, 'lng': 120.99175}, {'lat': 14.569358, 'lng': 120.991958}, {'lat': 14.569295, 'lng': 120.991987}, {'lat': 14.568794, 'lng': 120.992214}, {'lat': 14.568619, 'lng': 120.992293}, {'lat': 14.568474, 'lng': 120.992359}, {'lat': 14.567418, 'lng': 120.992841}, {'lat': 14.567088, 'lng': 120.992987}, {'lat': 14.566997, 'lng': 120.993028}, {'lat': 14.56672, 'lng': 120.993154}, {'lat': 14.566685, 'lng': 120.99317}, {'lat': 14.565962, 'lng': 120.993522}, {'lat': 14.565816, 'lng': 120.99359}, {'lat': 14.565793, 'lng': 120.993526}, {'lat': 14.565761, 'lng': 120.993455}]",2,1785071178328,1320.0,1320,4005.783,3946.955
route-1785071295003-132,AIZmgIucN0ef39BDcptn,Regenerated Route,"[{'lat': 14.571314, 'lng': 120.99475}, {'lat': 14.571374, 'lng': 120.994912}, {'lat': 14.570889, 'lng': 120.995022}, {'lat': 14.570869, 'lng': 120.995027}, {'lat': 14.570666, 'lng': 120.99508}, {'lat': 14.570368, 'lng': 120.995159}, {'lat': 14.569744, 'lng': 120.993531}, {'lat': 14.569734, 'lng': 120.993511}, {'lat': 14.569717, 'lng': 120.993508}, {'lat': 14.569606, 'lng': 120.993547}, {'lat': 14.569583, 'lng': 120.993541}, {'lat': 14.56956, 'lng': 120.993511}, {'lat': 14.569372, 'lng': 120.993094}, {'lat': 14.569335, 'lng': 120.993012}, {'lat': 14.569759, 'lng': 120.99281}, {'lat': 14.569794, 'lng': 120.992793}, {'lat': 14.570459, 'lng': 120.992477}, {'lat': 14.570897, 'lng': 120.992239}, {'lat': 14.570976, 'lng': 120.992196}, {'lat': 14.571099, 'lng': 120.992128}, {'lat': 14.571034, 'lng': 120.992075}, {'lat': 14.570999, 'lng': 120.992047}, {'lat': 14.570885, 'lng': 120.991959}, {'lat': 14.57069, 'lng': 120.991801}, {'lat': 14.570519, 'lng': 120.991668}, {'lat': 14.57049, 'lng': 120.991647}, {'lat': 14.570377, 'lng': 120.991556}, {'lat': 14.570296, 'lng': 120.991491}, {'lat': 14.570249, 'lng': 120.991453}, {'lat': 14.570219, 'lng': 120.99143}, {'lat': 14.569776, 'lng': 120.991073}, {'lat': 14.569046, 'lng': 120.990499}, {'lat': 14.568189, 'lng': 120.989802}, {'lat': 14.567973, 'lng': 120.989627}, {'lat': 14.567919, 'lng': 120.989582}, {'lat': 14.567849, 'lng': 120.989526}, {'lat': 14.56771, 'lng': 120.989413}, {'lat': 14.567188, 'lng': 120.988991}, {'lat': 14.566902, 'lng': 120.988759}, {'lat': 14.566491, 'lng': 120.988426}, {'lat': 14.566419, 'lng': 120.988367}, {'lat': 14.566327, 'lng': 120.988292}, {'lat': 14.566243, 'lng': 120.988226}, {'lat': 14.565808, 'lng': 120.987885}, {'lat': 14.565686, 'lng': 120.987771}, {'lat': 14.565564, 'lng': 120.98763}, {'lat': 14.565456, 'lng': 120.987475}, {'lat': 14.565415, 'lng': 120.987395}, {'lat': 14.565349, 'lng': 120.987265}, {'lat': 14.565306, 'lng': 120.987182}, {'lat': 14.565223, 'lng': 120.987016}, {'lat': 14.56519, 'lng': 120.986949}, {'lat': 14.565158, 'lng': 120.986887}, {'lat': 14.565125, 'lng': 120.986821}, {'lat': 14.565067, 'lng': 120.986699}, {'lat': 14.564891, 'lng': 120.986319}, {'lat': 14.564857, 'lng': 120.986238}, {'lat': 14.564707, 'lng': 120.985892}, {'lat': 14.564634, 'lng': 120.985723}, {'lat': 14.564529, 'lng': 120.985478}, {'lat': 14.564494, 'lng': 120.985394}, {'lat': 14.564468, 'lng': 120.985336}, {'lat': 14.564445, 'lng': 120.985284}, {'lat': 14.564348, 'lng': 120.985062}, {'lat': 14.564298, 'lng': 120.984945}, {'lat': 14.56422, 'lng': 120.984979}, {'lat': 14.564148, 'lng': 120.985009}, {'lat': 14.563992, 'lng': 120.985077}, {'lat': 14.562779, 'lng': 120.985607}, {'lat': 14.562248, 'lng': 120.985842}, {'lat': 14.561273, 'lng': 120.98627}, {'lat': 14.560415, 'lng': 120.986649}, {'lat': 14.55969, 'lng': 120.986968}, {'lat': 14.559607, 'lng': 120.987006}, {'lat': 14.559495, 'lng': 120.987051}, {'lat': 14.559403, 'lng': 120.987088}, {'lat': 14.55879, 'lng': 120.987336}, {'lat': 14.558452, 'lng': 120.987478}, {'lat': 14.558292, 'lng': 120.987535}, {'lat': 14.558186, 'lng': 120.987571}, {'lat': 14.555444, 'lng': 120.988471}, {'lat': 14.554092, 'lng': 120.98891}, {'lat': 14.551775, 'lng': 120.98963}, {'lat': 14.551712, 'lng': 120.989649}, {'lat': 14.551647, 'lng': 120.989666}, {'lat': 14.550541, 'lng': 120.989945}, {'lat': 14.548204, 'lng': 120.990429}, {'lat': 14.546358, 'lng': 120.990885}, {'lat': 14.5458, 'lng': 120.991016}, {'lat': 14.544933, 'lng': 120.991222}, {'lat': 14.544368, 'lng': 120.991334}, {'lat': 14.544101, 'lng': 120.991384}, {'lat': 14.541102, 'lng': 120.991907}, {'lat': 14.541033, 'lng': 120.991919}, {'lat': 14.540724, 'lng': 120.991972}, {'lat': 14.539712, 'lng': 120.992101}, {'lat': 14.539501, 'lng': 120.992175}, {'lat': 14.538952, 'lng': 120.992252}, {'lat': 14.53704, 'lng': 120.992462}, {'lat': 14.535132, 'lng': 120.992695}, {'lat': 14.534169, 'lng': 120.99275}, {'lat': 14.532806, 'lng': 120.992901}, {'lat': 14.532043, 'lng': 120.992988}, {'lat': 14.531844, 'lng': 120.993011}, {'lat': 14.531638, 'lng': 120.993036}, {'lat': 14.531375, 'lng': 120.993063}, {'lat': 14.531177, 'lng': 120.993085}, {'lat': 14.531078, 'lng': 120.993096}, {'lat': 14.530886, 'lng': 120.993122}, {'lat': 14.529828, 'lng': 120.993265}, {'lat': 14.52922, 'lng': 120.993334}, {'lat': 14.528276, 'lng': 120.993445}, {'lat': 14.528256, 'lng': 120.993447}, {'lat': 14.52751, 'lng': 120.993532}, {'lat': 14.52732, 'lng': 120.993555}, {'lat': 14.527183, 'lng': 120.993572}, {'lat': 14.526731, 'lng': 120.993613}, {'lat': 14.526268, 'lng': 120.993634}, {'lat': 14.525778, 'lng': 120.99363}, {'lat': 14.525615, 'lng': 120.993629}, {'lat': 14.525423, 'lng': 120.993628}, {'lat': 14.52481, 'lng': 120.993624}, {'lat': 14.52363, 'lng': 120.993609}, {'lat': 14.522315, 'lng': 120.993591}, {'lat': 14.522061, 'lng': 120.993587}, {'lat': 14.521385, 'lng': 120.993542}, {'lat': 14.519553, 'lng': 120.993416}, {'lat': 14.519457, 'lng': 120.993408}, {'lat': 14.51904, 'lng': 120.993384}, {'lat': 14.518673, 'lng': 120.99335}, {'lat': 14.518314, 'lng': 120.993303}, {'lat': 14.51804, 'lng': 120.993258}, {'lat': 14.517872, 'lng': 120.993226}, {'lat': 14.51758, 'lng': 120.99317}, {'lat': 14.517419, 'lng': 120.993132}, {'lat': 14.5174, 'lng': 120.993332}, {'lat': 14.517355, 'lng': 120.993607}, {'lat': 14.517341, 'lng': 120.99372}, {'lat': 14.517323, 'lng': 120.993886}, {'lat': 14.517227, 'lng': 120.99472}, {'lat': 14.517193, 'lng': 120.994993}, {'lat': 14.517069, 'lng': 120.995997}, {'lat': 14.517044, 'lng': 120.996051}, {'lat': 14.51701, 'lng': 120.996099}, {'lat': 14.516954, 'lng': 120.996152}, {'lat': 14.516888, 'lng': 120.99619}, {'lat': 14.516815, 'lng': 120.996211}, {'lat': 14.516724, 'lng': 120.996198}, {'lat': 14.516698, 'lng': 120.996194}, {'lat': 14.516668, 'lng': 120.996191}, {'lat': 14.516538, 'lng': 120.996174}, {'lat': 14.516526, 'lng': 120.996172}, {'lat': 14.516493, 'lng': 120.996168}, {'lat': 14.51631, 'lng': 120.996144}, {'lat': 14.516277, 'lng': 120.99614}, {'lat': 14.516204, 'lng': 120.996129}, {'lat': 14.515989, 'lng': 120.996097}, {'lat': 14.515948, 'lng': 120.99609}, {'lat': 14.515885, 'lng': 120.99608}, {'lat': 14.515685, 'lng': 120.99605}, {'lat': 14.515369, 'lng': 120.996002}, {'lat': 14.515086, 'lng': 120.995954}, {'lat': 14.514887, 'lng': 120.995918}, {'lat': 14.514779, 'lng': 120.995898}, {'lat': 14.514697, 'lng': 120.995885}, {'lat': 14.514485, 'lng': 120.995849}, {'lat': 14.514314, 'lng': 120.995822}, {'lat': 14.51419, 'lng': 120.995801}, {'lat': 14.514087, 'lng': 120.995785}, {'lat': 14.513977, 'lng': 120.995768}, {'lat': 14.513794, 'lng': 120.995736}, {'lat': 14.51374, 'lng': 120.995726}, {'lat': 14.51346, 'lng': 120.995663}, {'lat': 14.513203, 'lng': 120.995615}, {'lat': 14.51317, 'lng': 120.995606}, {'lat': 14.512931, 'lng': 120.995564}, {'lat': 14.512784, 'lng': 120.995533}, {'lat': 14.512544, 'lng': 120.995486}, {'lat': 14.512202, 'lng': 120.995413}, {'lat': 14.512012, 'lng': 120.995369}, {'lat': 14.511945, 'lng': 120.995352}, {'lat': 14.511432, 'lng': 120.995231}, {'lat': 14.511311, 'lng': 120.995202}, {'lat': 14.511206, 'lng': 120.995183}, {'lat': 14.510711, 'lng': 120.99508}, {'lat': 14.510498, 'lng': 120.995028}, {'lat': 14.510445, 'lng': 120.995016}, {'lat': 14.510361, 'lng': 120.994996}, {'lat': 14.510325, 'lng': 120.994987}, {'lat': 14.509671, 'lng': 120.994832}, {'lat': 14.509623, 'lng': 120.994821}, {'lat': 14.509497, 'lng': 120.994792}, {'lat': 14.509385, 'lng': 120.994765}, {'lat': 14.509267, 'lng': 120.994731}, {'lat': 14.509104, 'lng': 120.994689}, {'lat': 14.509018, 'lng': 120.994668}, {'lat': 14.508902, 'lng': 120.994642}, {'lat': 14.50878, 'lng': 120.994614}, {'lat': 14.508535, 'lng': 120.994556}, {'lat': 14.50836, 'lng': 120.994514}, {'lat': 14.508077, 'lng': 120.994449}, {'lat': 14.507952, 'lng': 120.99442}, {'lat': 14.507788, 'lng': 120.994387}, {'lat': 14.507713, 'lng': 120.994373}, {'lat': 14.507639, 'lng': 120.994352}, {'lat': 14.506316, 'lng': 120.994048}, {'lat': 14.506287, 'lng': 120.99404}, {'lat': 14.505489, 'lng': 120.993854}, {'lat': 14.50516, 'lng': 120.993782}, {'lat': 14.504509, 'lng': 120.993637}, {'lat': 14.504429, 'lng': 120.993616}, {'lat': 14.503958, 'lng': 120.993482}, {'lat': 14.50365, 'lng': 120.993385}, {'lat': 14.503645, 'lng': 120.993383}, {'lat': 14.503403, 'lng': 120.993293}, {'lat': 14.503177, 'lng': 120.993201}, {'lat': 14.502848, 'lng': 120.993063}, {'lat': 14.502585, 'lng': 120.992963}, {'lat': 14.502456, 'lng': 120.992912}, {'lat': 14.501859, 'lng': 120.992677}, {'lat': 14.501779, 'lng': 120.992646}, {'lat': 14.50164, 'lng': 120.992586}, {'lat': 14.501571, 'lng': 120.992551}, {'lat': 14.501512, 'lng': 120.992514}, {'lat': 14.501447, 'lng': 120.992462}, {'lat': 14.501395, 'lng': 120.992399}, {'lat': 14.501319, 'lng': 120.992252}, {'lat': 14.501177, 'lng': 120.991979}, {'lat': 14.501113, 'lng': 120.991837}, {'lat': 14.501056, 'lng': 120.99171}, {'lat': 14.500977, 'lng': 120.991529}, {'lat': 14.500927, 'lng': 120.991431}, {'lat': 14.500883, 'lng': 120.99139}, {'lat': 14.500831, 'lng': 120.991355}, {'lat': 14.500763, 'lng': 120.991344}, {'lat': 14.500679, 'lng': 120.991353}, {'lat': 14.500597, 'lng': 120.991366}, {'lat': 14.500481, 'lng': 120.991397}, {'lat': 14.500391, 'lng': 120.991421}, {'lat': 14.500356, 'lng': 120.99143}, {'lat': 14.500272, 'lng': 120.991441}, {'lat': 14.5002, 'lng': 120.99145}, {'lat': 14.500127, 'lng': 120.99144}, {'lat': 14.500075, 'lng': 120.991429}, {'lat': 14.500024, 'lng': 120.991408}, {'lat': 14.499979, 'lng': 120.991389}, {'lat': 14.49996, 'lng': 120.991381}, {'lat': 14.499884, 'lng': 120.991343}, {'lat': 14.499765, 'lng': 120.991274}, {'lat': 14.499728, 'lng': 120.991252}, {'lat': 14.499467, 'lng': 120.991092}, {'lat': 14.499072, 'lng': 120.990852}, {'lat': 14.498818, 'lng': 120.990713}, {'lat': 14.49856, 'lng': 120.990561}, {'lat': 14.498299, 'lng': 120.990411}, {'lat': 14.498024, 'lng': 120.990252}, {'lat': 14.497835, 'lng': 120.990145}, {'lat': 14.497609, 'lng': 120.990016}, {'lat': 14.497351, 'lng': 120.989878}, {'lat': 14.497135, 'lng': 120.989774}, {'lat': 14.496945, 'lng': 120.98969}, {'lat': 14.496927, 'lng': 120.989683}, {'lat': 14.496682, 'lng': 120.989583}, {'lat': 14.496294, 'lng': 120.989425}, {'lat': 14.495942, 'lng': 120.989336}, {'lat': 14.495884, 'lng': 120.989321}, {'lat': 14.495878, 'lng': 120.98932}, {'lat': 14.495513, 'lng': 120.989234}, {'lat': 14.495232, 'lng': 120.989121}, {'lat': 14.495218, 'lng': 120.989114}, {'lat': 14.495044, 'lng': 120.989038}, {'lat': 14.494933, 'lng': 120.988986}, {'lat': 14.494346, 'lng': 120.988715}, {'lat': 14.494224, 'lng': 120.988659}, {'lat': 14.494053, 'lng': 120.988581}, {'lat': 14.493969, 'lng': 120.988542}, {'lat': 14.493855, 'lng': 120.988493}, {'lat': 14.493535, 'lng': 120.988348}, {'lat': 14.493378, 'lng': 120.988281}, {'lat': 14.493226, 'lng': 120.988216}, {'lat': 14.493028, 'lng': 120.988137}, {'lat': 14.492565, 'lng': 120.987958}, {'lat': 14.49236, 'lng': 120.98788}, {'lat': 14.492223, 'lng': 120.987827}, {'lat': 14.492149, 'lng': 120.987798}, {'lat': 14.492089, 'lng': 120.987777}, {'lat': 14.491879, 'lng': 120.987699}, {'lat': 14.491746, 'lng': 120.987649}, {'lat': 14.491513, 'lng': 120.987564}, {'lat': 14.4912, 'lng': 120.987448}, {'lat': 14.491104, 'lng': 120.987413}, {'lat': 14.490762, 'lng': 120.9873}, {'lat': 14.490593, 'lng': 120.98725}, {'lat': 14.490531, 'lng': 120.987231}, {'lat': 14.490351, 'lng': 120.987176}, {'lat': 14.490127, 'lng': 120.987103}, {'lat': 14.489932, 'lng': 120.987045}, {'lat': 14.489737, 'lng': 120.986985}, {'lat': 14.489341, 'lng': 120.986861}, {'lat': 14.489144, 'lng': 120.986779}, {'lat': 14.488834, 'lng': 120.986649}, {'lat': 14.488744, 'lng': 120.986613}, {'lat': 14.488559, 'lng': 120.986528}, {'lat': 14.488392, 'lng': 120.986452}, {'lat': 14.488137, 'lng': 120.986331}, {'lat': 14.488103, 'lng': 120.986315}, {'lat': 14.488048, 'lng': 120.986289}, {'lat': 14.487678, 'lng': 120.986108}, {'lat': 14.487439, 'lng': 120.985992}, {'lat': 14.487073, 'lng': 120.985813}, {'lat': 14.486776, 'lng': 120.985669}, {'lat': 14.486311, 'lng': 120.985445}, {'lat': 14.486073, 'lng': 120.985334}, {'lat': 14.48587, 'lng': 120.985238}, {'lat': 14.485757, 'lng': 120.985185}, {'lat': 14.485338, 'lng': 120.985018}, {'lat': 14.485271, 'lng': 120.984989}, {'lat': 14.484816, 'lng': 120.984758}, {'lat': 14.484631, 'lng': 120.984658}, {'lat': 14.484609, 'lng': 120.984643}, {'lat': 14.484548, 'lng': 120.984607}, {'lat': 14.484308, 'lng': 120.984458}, {'lat': 14.483963, 'lng': 120.984241}, {'lat': 14.48366, 'lng': 120.984021}, {'lat': 14.483322, 'lng': 120.983751}, {'lat': 14.48328, 'lng': 120.983715}, {'lat': 14.483114, 'lng': 120.983573}, {'lat': 14.482288, 'lng': 120.982853}, {'lat': 14.48153, 'lng': 120.982188}, {'lat': 14.481493, 'lng': 120.982148}, {'lat': 14.481411, 'lng': 120.982083}, {'lat': 14.481174, 'lng': 120.981869}, {'lat': 14.481156, 'lng': 120.98185}, {'lat': 14.481135, 'lng': 120.981829}, {'lat': 14.481059, 'lng': 120.981749}, {'lat': 14.480943, 'lng': 120.981625}, {'lat': 14.480886, 'lng': 120.981558}, {'lat': 14.480826, 'lng': 120.981489}, {'lat': 14.480713, 'lng': 120.981362}, {'lat': 14.480616, 'lng': 120.981254}, {'lat': 14.479955, 'lng': 120.980607}, {'lat': 14.479933, 'lng': 120.980585}, {'lat': 14.479586, 'lng': 120.980243}, {'lat': 14.479279, 'lng': 120.979931}, {'lat': 14.478854, 'lng': 120.979474}, {'lat': 14.478827, 'lng': 120.979444}, {'lat': 14.478487, 'lng': 120.979058}, {'lat': 14.478025, 'lng': 120.978475}, {'lat': 14.477968, 'lng': 120.978394}, {'lat': 14.477933, 'lng': 120.978345}, {'lat': 14.477545, 'lng': 120.977816}, {'lat': 14.477492, 'lng': 120.977744}, {'lat': 14.477386, 'lng': 120.97761}, {'lat': 14.477311, 'lng': 120.977534}, {'lat': 14.47723, 'lng': 120.977488}, {'lat': 14.477146, 'lng': 120.977469}, {'lat': 14.477074, 'lng': 120.977481}, {'lat': 14.477011, 'lng': 120.977493}, {'lat': 14.476941, 'lng': 120.977538}, {'lat': 14.476487, 'lng': 120.977805}, {'lat': 14.476179, 'lng': 120.977994}, {'lat': 14.476014, 'lng': 120.978096}, {'lat': 14.47588, 'lng': 120.978157}, {'lat': 14.475767, 'lng': 120.978206}, {'lat': 14.475712, 'lng': 120.978226}, {'lat': 14.475632, 'lng': 120.97824}, {'lat': 14.475547, 'lng': 120.978254}, {'lat': 14.475443, 'lng': 120.97827}, {'lat': 14.475322, 'lng': 120.978279}, {'lat': 14.47524, 'lng': 120.978281}, {'lat': 14.474871, 'lng': 120.978257}, {'lat': 14.474558, 'lng': 120.978232}, {'lat': 14.474444, 'lng': 120.97822}, {'lat': 14.474369, 'lng': 120.97821}, {'lat': 14.474313, 'lng': 120.97819}, {'lat': 14.47427, 'lng': 120.978165}, {'lat': 14.474235, 'lng': 120.97814}, {'lat': 14.474194, 'lng': 120.978094}, {'lat': 14.474142, 'lng': 120.978028}, {'lat': 14.474095, 'lng': 120.977953}, {'lat': 14.47404, 'lng': 120.977867}, {'lat': 14.473947, 'lng': 120.97772}, {'lat': 14.473928, 'lng': 120.977688}, {'lat': 14.473811, 'lng': 120.977485}, {'lat': 14.47378, 'lng': 120.977429}, {'lat': 14.473538, 'lng': 120.977005}, {'lat': 14.473421, 'lng': 120.976823}, {'lat': 14.473199, 'lng': 120.976526}, {'lat': 14.473182, 'lng': 120.976501}, {'lat': 14.473155, 'lng': 120.976468}, {'lat': 14.473104, 'lng': 120.976402}, {'lat': 14.473009, 'lng': 120.976283}, {'lat': 14.472951, 'lng': 120.976209}, {'lat': 14.472848, 'lng': 120.976076}, {'lat': 14.472628, 'lng': 120.97581}, {'lat': 14.472514, 'lng': 120.975669}, {'lat': 14.472432, 'lng': 120.975561}, {'lat': 14.472383, 'lng': 120.975496}, {'lat': 14.472274, 'lng': 120.975341}, {'lat': 14.472204, 'lng': 120.975238}, {'lat': 14.472163, 'lng': 120.975174}, {'lat': 14.472056, 'lng': 120.974995}, {'lat': 14.47199, 'lng': 120.974883}, {'lat': 14.471839, 'lng': 120.974625}, {'lat': 14.471791, 'lng': 120.974541}, {'lat': 14.471453, 'lng': 120.973865}, {'lat': 14.471141, 'lng': 120.973242}, {'lat': 14.470741, 'lng': 120.972495}, {'lat': 14.470643, 'lng': 120.972331}, {'lat': 14.470612, 'lng': 120.972281}, {'lat': 14.47018, 'lng': 120.971642}, {'lat': 14.470133, 'lng': 120.971572}, {'lat': 14.469998, 'lng': 120.971386}, {'lat': 14.469891, 'lng': 120.971252}, {'lat': 14.469861, 'lng': 120.971214}, {'lat': 14.469809, 'lng': 120.971152}, {'lat': 14.469767, 'lng': 120.971103}, {'lat': 14.469731, 'lng': 120.971062}, {'lat': 14.469538, 'lng': 120.970833}, {'lat': 14.469397, 'lng': 120.970671}, {'lat': 14.469134, 'lng': 120.970375}, {'lat': 14.468939, 'lng': 120.970215}, {'lat': 14.468765, 'lng': 120.970125}, {'lat': 14.468544, 'lng': 120.970035}, {'lat': 14.468421, 'lng': 120.969987}, {'lat': 14.468395, 'lng': 120.969976}, {'lat': 14.46824, 'lng': 120.96991}, {'lat': 14.467939, 'lng': 120.969734}, {'lat': 14.467571, 'lng': 120.969455}, {'lat': 14.467538, 'lng': 120.969429}, {'lat': 14.467365, 'lng': 120.969297}, {'lat': 14.467229, 'lng': 120.969189}, {'lat': 14.467012, 'lng': 120.969015}, {'lat': 14.466917, 'lng': 120.96894}, {'lat': 14.466743, 'lng': 120.968818}, {'lat': 14.466694, 'lng': 120.968774}, {'lat': 14.466623, 'lng': 120.968629}, {'lat': 14.466584, 'lng': 120.968566}, {'lat': 14.466547, 'lng': 120.968523}, {'lat': 14.466497, 'lng': 120.968472}, {'lat': 14.466419, 'lng': 120.968402}, {'lat': 14.466241, 'lng': 120.968253}, {'lat': 14.466037, 'lng': 120.968094}, {'lat': 14.465826, 'lng': 120.967934}, {'lat': 14.465693, 'lng': 120.967992}, {'lat': 14.465575, 'lng': 120.968047}, {'lat': 14.465473, 'lng': 120.968093}, {'lat': 14.465182, 'lng': 120.968218}, {'lat': 14.464569, 'lng': 120.968469}, {'lat': 14.463905, 'lng': 120.968741}, {'lat': 14.463784, 'lng': 120.96886}, {'lat': 14.463688, 'lng': 120.968897}, {'lat': 14.463616, 'lng': 120.968917}, {'lat': 14.463056, 'lng': 120.969068}, {'lat': 14.462712, 'lng': 120.969161}, {'lat': 14.462557, 'lng': 120.969199}, {'lat': 14.462471, 'lng': 120.969221}, {'lat': 14.462436, 'lng': 120.969228}, {'lat': 14.462372, 'lng': 120.969275}, {'lat': 14.46198, 'lng': 120.969379}, {'lat': 14.461902, 'lng': 120.9694}, {'lat': 14.46061, 'lng': 120.969738}, {'lat': 14.460159, 'lng': 120.969861}, {'lat': 14.460099, 'lng': 120.969875}, {'lat': 14.459216, 'lng': 120.970161}, {'lat': 14.459013, 'lng': 120.970227}, {'lat': 14.458678, 'lng': 120.970336}, {'lat': 14.458381, 'lng': 120.970434}, {'lat': 14.458142, 'lng': 120.970512}, {'lat': 14.457912, 'lng': 120.970589}, {'lat': 14.457842, 'lng': 120.970612}, {'lat': 14.457685, 'lng': 120.970666}, {'lat': 14.457271, 'lng': 120.97082}, {'lat': 14.457151, 'lng': 120.97087}, {'lat': 14.457043, 'lng': 120.970912}, {'lat': 14.456912, 'lng': 120.970973}, {'lat': 14.456821, 'lng': 120.97101}, {'lat': 14.456611, 'lng': 120.971097}, {'lat': 14.45647, 'lng': 120.971161}, {'lat': 14.456385, 'lng': 120.971212}, {'lat': 14.456279, 'lng': 120.971279}, {'lat': 14.456175, 'lng': 120.971369}, {'lat': 14.456069, 'lng': 120.971501}, {'lat': 14.455948, 'lng': 120.97169}, {'lat': 14.455725, 'lng': 120.972008}, {'lat': 14.455524, 'lng': 120.972293}, {'lat': 14.455482, 'lng': 120.972354}, {'lat': 14.455271, 'lng': 120.972666}, {'lat': 14.455198, 'lng': 120.972774}, {'lat': 14.455149, 'lng': 120.972846}, {'lat': 14.455115, 'lng': 120.9729}, {'lat': 14.455018, 'lng': 120.973035}, {'lat': 14.45497, 'lng': 120.973106}, {'lat': 14.454697, 'lng': 120.973503}, {'lat': 14.45464, 'lng': 120.973586}, {'lat': 14.454591, 'lng': 120.973658}, {'lat': 14.45454, 'lng': 120.973733}, {'lat': 14.454495, 'lng': 120.973799}, {'lat': 14.454404, 'lng': 120.973929}, {'lat': 14.454292, 'lng': 120.974086}, {'lat': 14.454252, 'lng': 120.974149}, {'lat': 14.453894, 'lng': 120.974669}, {'lat': 14.453654, 'lng': 120.975032}, {'lat': 14.453607, 'lng': 120.975093}, {'lat': 14.453443, 'lng': 120.975332}, {'lat': 14.453143, 'lng': 120.975769}, {'lat': 14.452927, 'lng': 120.976089}, {'lat': 14.452896, 'lng': 120.976135}, {'lat': 14.452719, 'lng': 120.976391}, {'lat': 14.452427, 'lng': 120.976813}, {'lat': 14.452346, 'lng': 120.976933}, {'lat': 14.452263, 'lng': 120.977052}, {'lat': 14.452152, 'lng': 120.977219}, {'lat': 14.452049, 'lng': 120.977372}, {'lat': 14.451987, 'lng': 120.977474}, {'lat': 14.451928, 'lng': 120.977567}, {'lat': 14.451874, 'lng': 120.97765}, {'lat': 14.451749, 'lng': 120.977859}, {'lat': 14.451606, 'lng': 120.978092}, {'lat': 14.451405, 'lng': 120.978421}, {'lat': 14.451338, 'lng': 120.978534}, {'lat': 14.451264, 'lng': 120.978655}, {'lat': 14.451241, 'lng': 120.978695}, {'lat': 14.451171, 'lng': 120.978809}, {'lat': 14.451068, 'lng': 120.978973}, {'lat': 14.45103, 'lng': 120.979039}, {'lat': 14.450973, 'lng': 120.979028}, {'lat': 14.450856, 'lng': 120.979002}, {'lat': 14.450699, 'lng': 120.97897}, {'lat': 14.450466, 'lng': 120.978922}, {'lat': 14.448956, 'lng': 120.978617}, {'lat': 14.448887, 'lng': 120.978603}, {'lat': 14.44884, 'lng': 120.978593}, {'lat': 14.448838, 'lng': 120.978593}, {'lat': 14.448833, 'lng': 120.978592}, {'lat': 14.448826, 'lng': 120.97859}, {'lat': 14.447432, 'lng': 120.978298}, {'lat': 14.44736, 'lng': 120.978824}, {'lat': 14.447342, 'lng': 120.979323}, {'lat': 14.447313, 'lng': 120.979947}, {'lat': 14.447282, 'lng': 120.980241}, {'lat': 14.447127, 'lng': 120.98117}, {'lat': 14.446666, 'lng': 120.981222}, {'lat': 14.446424, 'lng': 120.981254}, {'lat': 14.446095, 'lng': 120.981298}, {'lat': 14.446104, 'lng': 120.979035}]",2,1785071295003,6060.0,5700,18589.975,17483.852
route-1785071908421-9736,AIZmgIucN0ef39BDcptn,Traffic Update,"[{'lat': 14.559649, 'lng': 120.986987}, {'lat': 14.559607, 'lng': 120.987006}, {'lat': 14.559495, 'lng': 120.987051}, {'lat': 14.559403, 'lng': 120.987088}, {'lat': 14.55879, 'lng': 120.987336}, {'lat': 14.558452, 'lng': 120.987478}, {'lat': 14.558292, 'lng': 120.987535}, {'lat': 14.558186, 'lng': 120.987571}, {'lat': 14.555444, 'lng': 120.988471}, {'lat': 14.554092, 'lng': 120.98891}, {'lat': 14.551775, 'lng': 120.98963}, {'lat': 14.551712, 'lng': 120.989649}, {'lat': 14.551647, 'lng': 120.989666}, {'lat': 14.550541, 'lng': 120.989945}, {'lat': 14.548204, 'lng': 120.990429}, {'lat': 14.546358, 'lng': 120.990885}, {'lat': 14.5458, 'lng': 120.991016}, {'lat': 14.544933, 'lng': 120.991222}, {'lat': 14.544368, 'lng': 120.991334}, {'lat': 14.544101, 'lng': 120.991384}, {'lat': 14.541102, 'lng': 120.991907}, {'lat': 14.541033, 'lng': 120.991919}, {'lat': 14.540724, 'lng': 120.991972}, {'lat': 14.539712, 'lng': 120.992101}, {'lat': 14.539501, 'lng': 120.992175}, {'lat': 14.538952, 'lng': 120.992252}, {'lat': 14.53704, 'lng': 120.992462}, {'lat': 14.535132, 'lng': 120.992695}, {'lat': 14.534169, 'lng': 120.99275}, {'lat': 14.532806, 'lng': 120.992901}, {'lat': 14.531844, 'lng': 120.993011}, {'lat': 14.531638, 'lng': 120.993036}, {'lat': 14.531375, 'lng': 120.993063}, {'lat': 14.531078, 'lng': 120.993096}, {'lat': 14.530886, 'lng': 120.993122}, {'lat': 14.529828, 'lng': 120.993265}, {'lat': 14.52922, 'lng': 120.993334}, {'lat': 14.528276, 'lng': 120.993445}, {'lat': 14.52751, 'lng': 120.993532}, {'lat': 14.52732, 'lng': 120.993555}, {'lat': 14.527183, 'lng': 120.993572}, {'lat': 14.526731, 'lng': 120.993613}, {'lat': 14.526268, 'lng': 120.993634}, {'lat': 14.525778, 'lng': 120.99363}, {'lat': 14.525615, 'lng': 120.993629}, {'lat': 14.525423, 'lng': 120.993628}, {'lat': 14.52481, 'lng': 120.993624}, {'lat': 14.52363, 'lng': 120.993609}, {'lat': 14.523132, 'lng': 120.993602}, {'lat': 14.522061, 'lng': 120.993587}, {'lat': 14.521385, 'lng': 120.993542}, {'lat': 14.520549, 'lng': 120.993484}, {'lat': 14.519553, 'lng': 120.993416}, {'lat': 14.519457, 'lng': 120.993408}, {'lat': 14.51904, 'lng': 120.993384}, {'lat': 14.518673, 'lng': 120.99335}, {'lat': 14.518314, 'lng': 120.993303}, {'lat': 14.51804, 'lng': 120.993258}, {'lat': 14.517872, 'lng': 120.993226}, {'lat': 14.51758, 'lng': 120.99317}, {'lat': 14.517419, 'lng': 120.993132}, {'lat': 14.5174, 'lng': 120.993332}, {'lat': 14.517355, 'lng': 120.993607}, {'lat': 14.517341, 'lng': 120.99372}, {'lat': 14.517323, 'lng': 120.993886}, {'lat': 14.517227, 'lng': 120.99472}, {'lat': 14.517193, 'lng': 120.994993}, {'lat': 14.517069, 'lng': 120.995997}, {'lat': 14.517044, 'lng': 120.996051}, {'lat': 14.51701, 'lng': 120.996099}, {'lat': 14.516954, 'lng': 120.996152}, {'lat': 14.516888, 'lng': 120.99619}, {'lat': 14.516815, 'lng': 120.996211}, {'lat': 14.516724, 'lng': 120.996198}, {'lat': 14.516698, 'lng': 120.996194}, {'lat': 14.516668, 'lng': 120.996191}, {'lat': 14.516538, 'lng': 120.996174}, {'lat': 14.516526, 'lng': 120.996172}, {'lat': 14.516493, 'lng': 120.996168}, {'lat': 14.51631, 'lng': 120.996144}, {'lat': 14.516277, 'lng': 120.99614}, {'lat': 14.516204, 'lng': 120.996129}, {'lat': 14.515989, 'lng': 120.996097}, {'lat': 14.515948, 'lng': 120.99609}, {'lat': 14.515885, 'lng': 120.99608}, {'lat': 14.515685, 'lng': 120.99605}, {'lat': 14.515369, 'lng': 120.996002}, {'lat': 14.515086, 'lng': 120.995954}, {'lat': 14.514887, 'lng': 120.995918}, {'lat': 14.514779, 'lng': 120.995898}, {'lat': 14.514697, 'lng': 120.995885}, {'lat': 14.514485, 'lng': 120.995849}, {'lat': 14.514314, 'lng': 120.995822}, {'lat': 14.51419, 'lng': 120.995801}, {'lat': 14.514087, 'lng': 120.995785}, {'lat': 14.513977, 'lng': 120.995768}, {'lat': 14.513794, 'lng': 120.995736}, {'lat': 14.51374, 'lng': 120.995726}, {'lat': 14.51346, 'lng': 120.995663}, {'lat': 14.513203, 'lng': 120.995615}, {'lat': 14.51317, 'lng': 120.995606}, {'lat': 14.512931, 'lng': 120.995564}, {'lat': 14.512784, 'lng': 120.995533}, {'lat': 14.512544, 'lng': 120.995486}, {'lat': 14.512202, 'lng': 120.995413}, {'lat': 14.512012, 'lng': 120.995369}, {'lat': 14.511945, 'lng': 120.995352}, {'lat': 14.511432, 'lng': 120.995231}, {'lat': 14.511311, 'lng': 120.995202}, {'lat': 14.511206, 'lng': 120.995183}, {'lat': 14.510711, 'lng': 120.99508}, {'lat': 14.510498, 'lng': 120.995028}, {'lat': 14.510445, 'lng': 120.995016}, {'lat': 14.510361, 'lng': 120.994996}, {'lat': 14.510325, 'lng': 120.994987}, {'lat': 14.509671, 'lng': 120.994832}, {'lat': 14.509623, 'lng': 120.994821}, {'lat': 14.509497, 'lng': 120.994792}, {'lat': 14.509385, 'lng': 120.994765}, {'lat': 14.509267, 'lng': 120.994731}, {'lat': 14.509104, 'lng': 120.994689}, {'lat': 14.509018, 'lng': 120.994668}, {'lat': 14.508902, 'lng': 120.994642}, {'lat': 14.50878, 'lng': 120.994614}, {'lat': 14.508535, 'lng': 120.994556}, {'lat': 14.50836, 'lng': 120.994514}, {'lat': 14.508077, 'lng': 120.994449}, {'lat': 14.507952, 'lng': 120.99442}, {'lat': 14.507788, 'lng': 120.994387}, {'lat': 14.507713, 'lng': 120.994373}, {'lat': 14.507639, 'lng': 120.994352}, {'lat': 14.506316, 'lng': 120.994048}, {'lat': 14.506287, 'lng': 120.99404}, {'lat': 14.505489, 'lng': 120.993854}, {'lat': 14.50516, 'lng': 120.993782}, {'lat': 14.504509, 'lng': 120.993637}, {'lat': 14.504429, 'lng': 120.993616}, {'lat': 14.503958, 'lng': 120.993482}, {'lat': 14.50365, 'lng': 120.993385}, {'lat': 14.503645, 'lng': 120.993383}, {'lat': 14.503403, 'lng': 120.993293}, {'lat': 14.503177, 'lng': 120.993201}, {'lat': 14.502848, 'lng': 120.993063}, {'lat': 14.502585, 'lng': 120.992963}, {'lat': 14.502456, 'lng': 120.992912}, {'lat': 14.501859, 'lng': 120.992677}, {'lat': 14.501779, 'lng': 120.992646}, {'lat': 14.50164, 'lng': 120.992586}, {'lat': 14.501571, 'lng': 120.992551}, {'lat': 14.501512, 'lng': 120.992514}, {'lat': 14.501447, 'lng': 120.992462}, {'lat': 14.501395, 'lng': 120.992399}, {'lat': 14.501319, 'lng': 120.992252}, {'lat': 14.501177, 'lng': 120.991979}, {'lat': 14.501113, 'lng': 120.991837}, {'lat': 14.501056, 'lng': 120.99171}, {'lat': 14.500977, 'lng': 120.991529}, {'lat': 14.500927, 'lng': 120.991431}, {'lat': 14.500883, 'lng': 120.99139}, {'lat': 14.500831, 'lng': 120.991355}, {'lat': 14.500763, 'lng': 120.991344}, {'lat': 14.500679, 'lng': 120.991353}, {'lat': 14.500597, 'lng': 120.991366}, {'lat': 14.500481, 'lng': 120.991397}, {'lat': 14.500391, 'lng': 120.991421}, {'lat': 14.500356, 'lng': 120.99143}, {'lat': 14.500272, 'lng': 120.991441}, {'lat': 14.5002, 'lng': 120.99145}, {'lat': 14.500127, 'lng': 120.99144}, {'lat': 14.500075, 'lng': 120.991429}, {'lat': 14.500024, 'lng': 120.991408}, {'lat': 14.499979, 'lng': 120.991389}, {'lat': 14.49996, 'lng': 120.991381}, {'lat': 14.499884, 'lng': 120.991343}, {'lat': 14.499765, 'lng': 120.991274}, {'lat': 14.499728, 'lng': 120.991252}, {'lat': 14.499467, 'lng': 120.991092}, {'lat': 14.499072, 'lng': 120.990852}, {'lat': 14.498818, 'lng': 120.990713}, {'lat': 14.49856, 'lng': 120.990561}, {'lat': 14.498299, 'lng': 120.990411}, {'lat': 14.498024, 'lng': 120.990252}, {'lat': 14.497835, 'lng': 120.990145}, {'lat': 14.497609, 'lng': 120.990016}, {'lat': 14.497351, 'lng': 120.989878}, {'lat': 14.497135, 'lng': 120.989774}, {'lat': 14.496945, 'lng': 120.98969}, {'lat': 14.496927, 'lng': 120.989683}, {'lat': 14.496682, 'lng': 120.989583}, {'lat': 14.496294, 'lng': 120.989425}, {'lat': 14.495942, 'lng': 120.989336}, {'lat': 14.495884, 'lng': 120.989321}, {'lat': 14.495878, 'lng': 120.98932}, {'lat': 14.495513, 'lng': 120.989234}, {'lat': 14.495232, 'lng': 120.989121}, {'lat': 14.495218, 'lng': 120.989114}, {'lat': 14.495044, 'lng': 120.989038}, {'lat': 14.494933, 'lng': 120.988986}, {'lat': 14.494346, 'lng': 120.988715}, {'lat': 14.494224, 'lng': 120.988659}, {'lat': 14.494053, 'lng': 120.988581}, {'lat': 14.493969, 'lng': 120.988542}, {'lat': 14.493855, 'lng': 120.988493}, {'lat': 14.493535, 'lng': 120.988348}, {'lat': 14.493378, 'lng': 120.988281}, {'lat': 14.493226, 'lng': 120.988216}, {'lat': 14.493028, 'lng': 120.988137}, {'lat': 14.492565, 'lng': 120.987958}, {'lat': 14.49236, 'lng': 120.98788}, {'lat': 14.492223, 'lng': 120.987827}, {'lat': 14.492149, 'lng': 120.987798}, {'lat': 14.492089, 'lng': 120.987777}, {'lat': 14.491879, 'lng': 120.987699}, {'lat': 14.491746, 'lng': 120.987649}, {'lat': 14.491513, 'lng': 120.987564}, {'lat': 14.4912, 'lng': 120.987448}, {'lat': 14.491104, 'lng': 120.987413}, {'lat': 14.490762, 'lng': 120.9873}, {'lat': 14.490593, 'lng': 120.98725}, {'lat': 14.490531, 'lng': 120.987231}, {'lat': 14.490351, 'lng': 120.987176}, {'lat': 14.490127, 'lng': 120.987103}, {'lat': 14.489932, 'lng': 120.987045}, {'lat': 14.489737, 'lng': 120.986985}, {'lat': 14.489341, 'lng': 120.986861}, {'lat': 14.489144, 'lng': 120.986779}, {'lat': 14.488834, 'lng': 120.986649}, {'lat': 14.488744, 'lng': 120.986613}, {'lat': 14.488559, 'lng': 120.986528}, {'lat': 14.488392, 'lng': 120.986452}, {'lat': 14.488137, 'lng': 120.986331}, {'lat': 14.488103, 'lng': 120.986315}, {'lat': 14.488048, 'lng': 120.986289}, {'lat': 14.487678, 'lng': 120.986108}, {'lat': 14.487439, 'lng': 120.985992}, {'lat': 14.487073, 'lng': 120.985813}, {'lat': 14.486776, 'lng': 120.985669}, {'lat': 14.486311, 'lng': 120.985445}, {'lat': 14.486073, 'lng': 120.985334}, {'lat': 14.48587, 'lng': 120.985238}, {'lat': 14.485757, 'lng': 120.985185}, {'lat': 14.485338, 'lng': 120.985018}, {'lat': 14.485271, 'lng': 120.984989}, {'lat': 14.484816, 'lng': 120.984758}, {'lat': 14.484631, 'lng': 120.984658}, {'lat': 14.484609, 'lng': 120.984643}, {'lat': 14.484548, 'lng': 120.984607}, {'lat': 14.484308, 'lng': 120.984458}, {'lat': 14.483963, 'lng': 120.984241}, {'lat': 14.48366, 'lng': 120.984021}, {'lat': 14.483322, 'lng': 120.983751}, {'lat': 14.48328, 'lng': 120.983715}, {'lat': 14.483114, 'lng': 120.983573}, {'lat': 14.482288, 'lng': 120.982853}, {'lat': 14.48153, 'lng': 120.982188}, {'lat': 14.481493, 'lng': 120.982148}, {'lat': 14.481411, 'lng': 120.982083}, {'lat': 14.481174, 'lng': 120.981869}, {'lat': 14.481156, 'lng': 120.98185}, {'lat': 14.481135, 'lng': 120.981829}, {'lat': 14.481059, 'lng': 120.981749}, {'lat': 14.480943, 'lng': 120.981625}, {'lat': 14.480886, 'lng': 120.981558}, {'lat': 14.480826, 'lng': 120.981489}, {'lat': 14.480713, 'lng': 120.981362}, {'lat': 14.480616, 'lng': 120.981254}, {'lat': 14.479955, 'lng': 120.980607}, {'lat': 14.479933, 'lng': 120.980585}, {'lat': 14.479586, 'lng': 120.980243}, {'lat': 14.479279, 'lng': 120.979931}, {'lat': 14.478854, 'lng': 120.979474}, {'lat': 14.478827, 'lng': 120.979444}, {'lat': 14.478487, 'lng': 120.979058}, {'lat': 14.478025, 'lng': 120.978475}, {'lat': 14.477968, 'lng': 120.978394}, {'lat': 14.477933, 'lng': 120.978345}, {'lat': 14.477545, 'lng': 120.977816}, {'lat': 14.477492, 'lng': 120.977744}, {'lat': 14.477386, 'lng': 120.97761}, {'lat': 14.477311, 'lng': 120.977534}, {'lat': 14.47723, 'lng': 120.977488}, {'lat': 14.477146, 'lng': 120.977469}, {'lat': 14.477074, 'lng': 120.977481}, {'lat': 14.477011, 'lng': 120.977493}, {'lat': 14.476941, 'lng': 120.977538}, {'lat': 14.476487, 'lng': 120.977805}, {'lat': 14.476179, 'lng': 120.977994}, {'lat': 14.476014, 'lng': 120.978096}, {'lat': 14.47588, 'lng': 120.978157}, {'lat': 14.475767, 'lng': 120.978206}, {'lat': 14.475712, 'lng': 120.978226}, {'lat': 14.475632, 'lng': 120.97824}, {'lat': 14.475547, 'lng': 120.978254}, {'lat': 14.475443, 'lng': 120.97827}, {'lat': 14.475322, 'lng': 120.978279}, {'lat': 14.47524, 'lng': 120.978281}, {'lat': 14.474871, 'lng': 120.978257}, {'lat': 14.474558, 'lng': 120.978232}, {'lat': 14.474444, 'lng': 120.97822}, {'lat': 14.474369, 'lng': 120.97821}, {'lat': 14.474313, 'lng': 120.97819}, {'lat': 14.47427, 'lng': 120.978165}, {'lat': 14.474235, 'lng': 120.97814}, {'lat': 14.474194, 'lng': 120.978094}, {'lat': 14.474142, 'lng': 120.978028}, {'lat': 14.474095, 'lng': 120.977953}, {'lat': 14.47404, 'lng': 120.977867}, {'lat': 14.473947, 'lng': 120.97772}, {'lat': 14.473928, 'lng': 120.977688}, {'lat': 14.473811, 'lng': 120.977485}, {'lat': 14.47378, 'lng': 120.977429}, {'lat': 14.473538, 'lng': 120.977005}, {'lat': 14.473421, 'lng': 120.976823}, {'lat': 14.473199, 'lng': 120.976526}, {'lat': 14.473182, 'lng': 120.976501}, {'lat': 14.473155, 'lng': 120.976468}, {'lat': 14.473104, 'lng': 120.976402}, {'lat': 14.473009, 'lng': 120.976283}, {'lat': 14.472951, 'lng': 120.976209}, {'lat': 14.472848, 'lng': 120.976076}, {'lat': 14.472628, 'lng': 120.97581}, {'lat': 14.472514, 'lng': 120.975669}, {'lat': 14.472432, 'lng': 120.975561}, {'lat': 14.472383, 'lng': 120.975496}, {'lat': 14.472274, 'lng': 120.975341}, {'lat': 14.472204, 'lng': 120.975238}, {'lat': 14.472163, 'lng': 120.975174}, {'lat': 14.472056, 'lng': 120.974995}, {'lat': 14.47199, 'lng': 120.974883}, {'lat': 14.471839, 'lng': 120.974625}, {'lat': 14.471791, 'lng': 120.974541}, {'lat': 14.471453, 'lng': 120.973865}, {'lat': 14.471141, 'lng': 120.973242}, {'lat': 14.470741, 'lng': 120.972495}, {'lat': 14.470643, 'lng': 120.972331}, {'lat': 14.470612, 'lng': 120.972281}, {'lat': 14.47018, 'lng': 120.971642}, {'lat': 14.470133, 'lng': 120.971572}, {'lat': 14.469998, 'lng': 120.971386}, {'lat': 14.469891, 'lng': 120.971252}, {'lat': 14.469861, 'lng': 120.971214}, {'lat': 14.469809, 'lng': 120.971152}, {'lat': 14.469767, 'lng': 120.971103}, {'lat': 14.469731, 'lng': 120.971062}, {'lat': 14.469538, 'lng': 120.970833}, {'lat': 14.469397, 'lng': 120.970671}, {'lat': 14.469134, 'lng': 120.970375}, {'lat': 14.468939, 'lng': 120.970215}, {'lat': 14.468765, 'lng': 120.970125}, {'lat': 14.468544, 'lng': 120.970035}, {'lat': 14.468421, 'lng': 120.969987}, {'lat': 14.468395, 'lng': 120.969976}, {'lat': 14.46824, 'lng': 120.96991}, {'lat': 14.467939, 'lng': 120.969734}, {'lat': 14.467571, 'lng': 120.969455}, {'lat': 14.467538, 'lng': 120.969429}, {'lat': 14.467365, 'lng': 120.969297}, {'lat': 14.467229, 'lng': 120.969189}, {'lat': 14.467012, 'lng': 120.969015}, {'lat': 14.466917, 'lng': 120.96894}, {'lat': 14.466743, 'lng': 120.968818}, {'lat': 14.466694, 'lng': 120.968774}, {'lat': 14.466623, 'lng': 120.968629}, {'lat': 14.466584, 'lng': 120.968566}, {'lat': 14.466547, 'lng': 120.968523}, {'lat': 14.466497, 'lng': 120.968472}, {'lat': 14.466419, 'lng': 120.968402}, {'lat': 14.466241, 'lng': 120.968253}, {'lat': 14.466037, 'lng': 120.968094}, {'lat': 14.465826, 'lng': 120.967934}, {'lat': 14.465693, 'lng': 120.967992}, {'lat': 14.465575, 'lng': 120.968047}, {'lat': 14.465473, 'lng': 120.968093}, {'lat': 14.465182, 'lng': 120.968218}, {'lat': 14.464569, 'lng': 120.968469}, {'lat': 14.463905, 'lng': 120.968741}, {'lat': 14.463784, 'lng': 120.96886}, {'lat': 14.463688, 'lng': 120.968897}, {'lat': 14.463616, 'lng': 120.968917}, {'lat': 14.463056, 'lng': 120.969068}, {'lat': 14.462712, 'lng': 120.969161}, {'lat': 14.462557, 'lng': 120.969199}, {'lat': 14.462471, 'lng': 120.969221}, {'lat': 14.462436, 'lng': 120.969228}, {'lat': 14.462372, 'lng': 120.969275}, {'lat': 14.46198, 'lng': 120.969379}, {'lat': 14.461902, 'lng': 120.9694}, {'lat': 14.46061, 'lng': 120.969738}, {'lat': 14.460159, 'lng': 120.969861}, {'lat': 14.460099, 'lng': 120.969875}, {'lat': 14.459216, 'lng': 120.970161}, {'lat': 14.459013, 'lng': 120.970227}, {'lat': 14.458678, 'lng': 120.970336}, {'lat': 14.458381, 'lng': 120.970434}, {'lat': 14.458142, 'lng': 120.970512}, {'lat': 14.457912, 'lng': 120.970589}, {'lat': 14.457842, 'lng': 120.970612}, {'lat': 14.457685, 'lng': 120.970666}, {'lat': 14.457271, 'lng': 120.97082}, {'lat': 14.457151, 'lng': 120.97087}, {'lat': 14.457043, 'lng': 120.970912}, {'lat': 14.456912, 'lng': 120.970973}, {'lat': 14.456821, 'lng': 120.97101}, {'lat': 14.456611, 'lng': 120.971097}, {'lat': 14.45647, 'lng': 120.971161}, {'lat': 14.456385, 'lng': 120.971212}, {'lat': 14.456279, 'lng': 120.971279}, {'lat': 14.456175, 'lng': 120.971369}, {'lat': 14.456069, 'lng': 120.971501}, {'lat': 14.455948, 'lng': 120.97169}, {'lat': 14.455725, 'lng': 120.972008}, {'lat': 14.455524, 'lng': 120.972293}, {'lat': 14.455482, 'lng': 120.972354}, {'lat': 14.455271, 'lng': 120.972666}, {'lat': 14.455198, 'lng': 120.972774}, {'lat': 14.455149, 'lng': 120.972846}, {'lat': 14.455115, 'lng': 120.9729}, {'lat': 14.455018, 'lng': 120.973035}, {'lat': 14.45497, 'lng': 120.973106}, {'lat': 14.454697, 'lng': 120.973503}, {'lat': 14.45464, 'lng': 120.973586}, {'lat': 14.454591, 'lng': 120.973658}, {'lat': 14.45454, 'lng': 120.973733}, {'lat': 14.454495, 'lng': 120.973799}, {'lat': 14.454404, 'lng': 120.973929}, {'lat': 14.454292, 'lng': 120.974086}, {'lat': 14.454252, 'lng': 120.974149}, {'lat': 14.453894, 'lng': 120.974669}, {'lat': 14.453654, 'lng': 120.975032}, {'lat': 14.453607, 'lng': 120.975093}, {'lat': 14.453443, 'lng': 120.975332}, {'lat': 14.453143, 'lng': 120.975769}, {'lat': 14.452896, 'lng': 120.976135}, {'lat': 14.452427, 'lng': 120.976813}, {'lat': 14.452346, 'lng': 120.976933}, {'lat': 14.452263, 'lng': 120.977052}, {'lat': 14.452152, 'lng': 120.977219}, {'lat': 14.452049, 'lng': 120.977372}, {'lat': 14.451987, 'lng': 120.977474}, {'lat': 14.451928, 'lng': 120.977567}, {'lat': 14.451874, 'lng': 120.97765}, {'lat': 14.451749, 'lng': 120.977859}, {'lat': 14.451606, 'lng': 120.978092}, {'lat': 14.451405, 'lng': 120.978421}, {'lat': 14.451338, 'lng': 120.978534}, {'lat': 14.451264, 'lng': 120.978655}, {'lat': 14.451241, 'lng': 120.978695}, {'lat': 14.451171, 'lng': 120.978809}, {'lat': 14.451068, 'lng': 120.978973}, {'lat': 14.45103, 'lng': 120.979039}, {'lat': 14.450973, 'lng': 120.979028}, {'lat': 14.450856, 'lng': 120.979002}, {'lat': 14.450699, 'lng': 120.97897}, {'lat': 14.450466, 'lng': 120.978922}, {'lat': 14.448956, 'lng': 120.978617}, {'lat': 14.448887, 'lng': 120.978603}, {'lat': 14.44884, 'lng': 120.978593}, {'lat': 14.448838, 'lng': 120.978593}, {'lat': 14.448833, 'lng': 120.978592}, {'lat': 14.448826, 'lng': 120.97859}, {'lat': 14.447432, 'lng': 120.978298}, {'lat': 14.44736, 'lng': 120.978824}, {'lat': 14.447342, 'lng': 120.979323}, {'lat': 14.447313, 'lng': 120.979947}, {'lat': 14.447282, 'lng': 120.980241}, {'lat': 14.447127, 'lng': 120.98117}, {'lat': 14.446666, 'lng': 120.981222}, {'lat': 14.446424, 'lng': 120.981254}, {'lat': 14.446095, 'lng': 120.981298}, {'lat': 14.446104, 'lng': 120.979035}]",3,1785071908421,5700.0,4980,17483.852,15190.718
route-1785071910850-4916,AIZmgIucN0ef39BDcptn,Traffic Update,"[{'lat': 14.517701, 'lng': 120.993193}, {'lat': 14.51758, 'lng': 120.99317}, {'lat': 14.517419, 'lng': 120.993132}, {'lat': 14.5174, 'lng': 120.993332}, {'lat': 14.517355, 'lng': 120.993607}, {'lat': 14.517341, 'lng': 120.99372}, {'lat': 14.517323, 'lng': 120.993886}, {'lat': 14.517227, 'lng': 120.99472}, {'lat': 14.517193, 'lng': 120.994993}, {'lat': 14.51711, 'lng': 120.995665}, {'lat': 14.517105, 'lng': 120.995702}, {'lat': 14.517069, 'lng': 120.995997}, {'lat': 14.517044, 'lng': 120.996051}, {'lat': 14.51701, 'lng': 120.996099}, {'lat': 14.516954, 'lng': 120.996152}, {'lat': 14.516888, 'lng': 120.99619}, {'lat': 14.516815, 'lng': 120.996211}, {'lat': 14.516724, 'lng': 120.996198}, {'lat': 14.516698, 'lng': 120.996194}, {'lat': 14.516668, 'lng': 120.996191}, {'lat': 14.516538, 'lng': 120.996174}, {'lat': 14.516526, 'lng': 120.996172}, {'lat': 14.516493, 'lng': 120.996168}, {'lat': 14.51631, 'lng': 120.996144}, {'lat': 14.516277, 'lng': 120.99614}, {'lat': 14.516204, 'lng': 120.996129}, {'lat': 14.515989, 'lng': 120.996097}, {'lat': 14.515948, 'lng': 120.99609}, {'lat': 14.515885, 'lng': 120.99608}, {'lat': 14.515685, 'lng': 120.99605}, {'lat': 14.515369, 'lng': 120.996002}, {'lat': 14.515086, 'lng': 120.995954}, {'lat': 14.514887, 'lng': 120.995918}, {'lat': 14.514779, 'lng': 120.995898}, {'lat': 14.514697, 'lng': 120.995885}, {'lat': 14.514485, 'lng': 120.995849}, {'lat': 14.514314, 'lng': 120.995822}, {'lat': 14.51419, 'lng': 120.995801}, {'lat': 14.514087, 'lng': 120.995785}, {'lat': 14.513977, 'lng': 120.995768}, {'lat': 14.513794, 'lng': 120.995736}, {'lat': 14.51374, 'lng': 120.995726}, {'lat': 14.51346, 'lng': 120.995663}, {'lat': 14.513203, 'lng': 120.995615}, {'lat': 14.51317, 'lng': 120.995606}, {'lat': 14.512931, 'lng': 120.995564}, {'lat': 14.512784, 'lng': 120.995533}, {'lat': 14.512544, 'lng': 120.995486}, {'lat': 14.512202, 'lng': 120.995413}, {'lat': 14.512012, 'lng': 120.995369}, {'lat': 14.511945, 'lng': 120.995352}, {'lat': 14.511432, 'lng': 120.995231}, {'lat': 14.511311, 'lng': 120.995202}, {'lat': 14.511206, 'lng': 120.995183}, {'lat': 14.510711, 'lng': 120.99508}, {'lat': 14.510498, 'lng': 120.995028}, {'lat': 14.510445, 'lng': 120.995016}, {'lat': 14.510361, 'lng': 120.994996}, {'lat': 14.510325, 'lng': 120.994987}, {'lat': 14.509671, 'lng': 120.994832}, {'lat': 14.509623, 'lng': 120.994821}, {'lat': 14.509497, 'lng': 120.994792}, {'lat': 14.509385, 'lng': 120.994765}, {'lat': 14.509267, 'lng': 120.994731}, {'lat': 14.509104, 'lng': 120.994689}, {'lat': 14.509018, 'lng': 120.994668}, {'lat': 14.508902, 'lng': 120.994642}, {'lat': 14.50878, 'lng': 120.994614}, {'lat': 14.508535, 'lng': 120.994556}, {'lat': 14.50836, 'lng': 120.994514}, {'lat': 14.508077, 'lng': 120.994449}, {'lat': 14.507952, 'lng': 120.99442}, {'lat': 14.507788, 'lng': 120.994387}, {'lat': 14.507713, 'lng': 120.994373}, {'lat': 14.507639, 'lng': 120.994352}, {'lat': 14.506316, 'lng': 120.994048}, {'lat': 14.506287, 'lng': 120.99404}, {'lat': 14.505489, 'lng': 120.993854}, {'lat': 14.50516, 'lng': 120.993782}, {'lat': 14.504509, 'lng': 120.993637}, {'lat': 14.504429, 'lng': 120.993616}, {'lat': 14.503958, 'lng': 120.993482}, {'lat': 14.50365, 'lng': 120.993385}, {'lat': 14.503645, 'lng': 120.993383}, {'lat': 14.503403, 'lng': 120.993293}, {'lat': 14.503177, 'lng': 120.993201}, {'lat': 14.502848, 'lng': 120.993063}, {'lat': 14.502585, 'lng': 120.992963}, {'lat': 14.502456, 'lng': 120.992912}, {'lat': 14.501859, 'lng': 120.992677}, {'lat': 14.501779, 'lng': 120.992646}, {'lat': 14.50164, 'lng': 120.992586}, {'lat': 14.501571, 'lng': 120.992551}, {'lat': 14.501512, 'lng': 120.992514}, {'lat': 14.501447, 'lng': 120.992462}, {'lat': 14.501395, 'lng': 120.992399}, {'lat': 14.501319, 'lng': 120.992252}, {'lat': 14.501177, 'lng': 120.991979}, {'lat': 14.501113, 'lng': 120.991837}, {'lat': 14.501056, 'lng': 120.99171}, {'lat': 14.500977, 'lng': 120.991529}, {'lat': 14.500927, 'lng': 120.991431}, {'lat': 14.500883, 'lng': 120.99139}, {'lat': 14.500831, 'lng': 120.991355}, {'lat': 14.500763, 'lng': 120.991344}, {'lat': 14.500679, 'lng': 120.991353}, {'lat': 14.500597, 'lng': 120.991366}, {'lat': 14.500481, 'lng': 120.991397}, {'lat': 14.500391, 'lng': 120.991421}, {'lat': 14.500356, 'lng': 120.99143}, {'lat': 14.500272, 'lng': 120.991441}, {'lat': 14.5002, 'lng': 120.99145}, {'lat': 14.500127, 'lng': 120.99144}, {'lat': 14.500075, 'lng': 120.991429}, {'lat': 14.500024, 'lng': 120.991408}, {'lat': 14.499979, 'lng': 120.991389}, {'lat': 14.49996, 'lng': 120.991381}, {'lat': 14.499884, 'lng': 120.991343}, {'lat': 14.499765, 'lng': 120.991274}, {'lat': 14.499728, 'lng': 120.991252}, {'lat': 14.499467, 'lng': 120.991092}, {'lat': 14.499072, 'lng': 120.990852}, {'lat': 14.498818, 'lng': 120.990713}, {'lat': 14.49856, 'lng': 120.990561}, {'lat': 14.498299, 'lng': 120.990411}, {'lat': 14.498024, 'lng': 120.990252}, {'lat': 14.497835, 'lng': 120.990145}, {'lat': 14.497609, 'lng': 120.990016}, {'lat': 14.497351, 'lng': 120.989878}, {'lat': 14.497135, 'lng': 120.989774}, {'lat': 14.496945, 'lng': 120.98969}, {'lat': 14.496927, 'lng': 120.989683}, {'lat': 14.496682, 'lng': 120.989583}, {'lat': 14.496294, 'lng': 120.989425}, {'lat': 14.495942, 'lng': 120.989336}, {'lat': 14.495884, 'lng': 120.989321}, {'lat': 14.495878, 'lng': 120.98932}, {'lat': 14.495513, 'lng': 120.989234}, {'lat': 14.495232, 'lng': 120.989121}, {'lat': 14.495218, 'lng': 120.989114}, {'lat': 14.495044, 'lng': 120.989038}, {'lat': 14.494933, 'lng': 120.988986}, {'lat': 14.494346, 'lng': 120.988715}, {'lat': 14.494224, 'lng': 120.988659}, {'lat': 14.494053, 'lng': 120.988581}, {'lat': 14.493969, 'lng': 120.988542}, {'lat': 14.493855, 'lng': 120.988493}, {'lat': 14.493535, 'lng': 120.988348}, {'lat': 14.493378, 'lng': 120.988281}, {'lat': 14.493226, 'lng': 120.988216}, {'lat': 14.493028, 'lng': 120.988137}, {'lat': 14.492565, 'lng': 120.987958}, {'lat': 14.49236, 'lng': 120.98788}, {'lat': 14.492223, 'lng': 120.987827}, {'lat': 14.492149, 'lng': 120.987798}, {'lat': 14.492089, 'lng': 120.987777}, {'lat': 14.491879, 'lng': 120.987699}, {'lat': 14.491746, 'lng': 120.987649}, {'lat': 14.491513, 'lng': 120.987564}, {'lat': 14.4912, 'lng': 120.987448}, {'lat': 14.491104, 'lng': 120.987413}, {'lat': 14.490762, 'lng': 120.9873}, {'lat': 14.490593, 'lng': 120.98725}, {'lat': 14.490531, 'lng': 120.987231}, {'lat': 14.490351, 'lng': 120.987176}, {'lat': 14.490127, 'lng': 120.987103}, {'lat': 14.489932, 'lng': 120.987045}, {'lat': 14.489737, 'lng': 120.986985}, {'lat': 14.489341, 'lng': 120.986861}, {'lat': 14.489144, 'lng': 120.986779}, {'lat': 14.488834, 'lng': 120.986649}, {'lat': 14.488744, 'lng': 120.986613}, {'lat': 14.488559, 'lng': 120.986528}, {'lat': 14.488392, 'lng': 120.986452}, {'lat': 14.488137, 'lng': 120.986331}, {'lat': 14.488103, 'lng': 120.986315}, {'lat': 14.488048, 'lng': 120.986289}, {'lat': 14.487678, 'lng': 120.986108}, {'lat': 14.487439, 'lng': 120.985992}, {'lat': 14.487073, 'lng': 120.985813}, {'lat': 14.486776, 'lng': 120.985669}, {'lat': 14.486311, 'lng': 120.985445}, {'lat': 14.486073, 'lng': 120.985334}, {'lat': 14.48587, 'lng': 120.985238}, {'lat': 14.485757, 'lng': 120.985185}, {'lat': 14.485338, 'lng': 120.985018}, {'lat': 14.485271, 'lng': 120.984989}, {'lat': 14.484816, 'lng': 120.984758}, {'lat': 14.484631, 'lng': 120.984658}, {'lat': 14.484609, 'lng': 120.984643}, {'lat': 14.484548, 'lng': 120.984607}, {'lat': 14.484308, 'lng': 120.984458}, {'lat': 14.483963, 'lng': 120.984241}, {'lat': 14.48366, 'lng': 120.984021}, {'lat': 14.483322, 'lng': 120.983751}, {'lat': 14.48328, 'lng': 120.983715}, {'lat': 14.483114, 'lng': 120.983573}, {'lat': 14.482288, 'lng': 120.982853}, {'lat': 14.48153, 'lng': 120.982188}, {'lat': 14.481493, 'lng': 120.982148}, {'lat': 14.481411, 'lng': 120.982083}, {'lat': 14.481174, 'lng': 120.981869}, {'lat': 14.481156, 'lng': 120.98185}, {'lat': 14.481135, 'lng': 120.981829}, {'lat': 14.481059, 'lng': 120.981749}, {'lat': 14.480943, 'lng': 120.981625}, {'lat': 14.480886, 'lng': 120.981558}, {'lat': 14.480826, 'lng': 120.981489}, {'lat': 14.480713, 'lng': 120.981362}, {'lat': 14.480616, 'lng': 120.981254}, {'lat': 14.479955, 'lng': 120.980607}, {'lat': 14.479933, 'lng': 120.980585}, {'lat': 14.479586, 'lng': 120.980243}, {'lat': 14.479279, 'lng': 120.979931}, {'lat': 14.478854, 'lng': 120.979474}, {'lat': 14.478827, 'lng': 120.979444}, {'lat': 14.478487, 'lng': 120.979058}, {'lat': 14.478025, 'lng': 120.978475}, {'lat': 14.477968, 'lng': 120.978394}, {'lat': 14.477933, 'lng': 120.978345}, {'lat': 14.477545, 'lng': 120.977816}, {'lat': 14.477492, 'lng': 120.977744}, {'lat': 14.477386, 'lng': 120.97761}, {'lat': 14.477311, 'lng': 120.977534}, {'lat': 14.47723, 'lng': 120.977488}, {'lat': 14.477146, 'lng': 120.977469}, {'lat': 14.477074, 'lng': 120.977481}, {'lat': 14.477011, 'lng': 120.977493}, {'lat': 14.476941, 'lng': 120.977538}, {'lat': 14.476487, 'lng': 120.977805}, {'lat': 14.476179, 'lng': 120.977994}, {'lat': 14.476014, 'lng': 120.978096}, {'lat': 14.47588, 'lng': 120.978157}, {'lat': 14.475767, 'lng': 120.978206}, {'lat': 14.475712, 'lng': 120.978226}, {'lat': 14.475632, 'lng': 120.97824}, {'lat': 14.475547, 'lng': 120.978254}, {'lat': 14.475443, 'lng': 120.97827}, {'lat': 14.475322, 'lng': 120.978279}, {'lat': 14.47524, 'lng': 120.978281}, {'lat': 14.474871, 'lng': 120.978257}, {'lat': 14.474558, 'lng': 120.978232}, {'lat': 14.474444, 'lng': 120.97822}, {'lat': 14.474369, 'lng': 120.97821}, {'lat': 14.474313, 'lng': 120.97819}, {'lat': 14.47427, 'lng': 120.978165}, {'lat': 14.474235, 'lng': 120.97814}, {'lat': 14.474194, 'lng': 120.978094}, {'lat': 14.474142, 'lng': 120.978028}, {'lat': 14.474095, 'lng': 120.977953}, {'lat': 14.47404, 'lng': 120.977867}, {'lat': 14.473947, 'lng': 120.97772}, {'lat': 14.473928, 'lng': 120.977688}, {'lat': 14.473811, 'lng': 120.977485}, {'lat': 14.47378, 'lng': 120.977429}, {'lat': 14.473538, 'lng': 120.977005}, {'lat': 14.473421, 'lng': 120.976823}, {'lat': 14.473199, 'lng': 120.976526}, {'lat': 14.473182, 'lng': 120.976501}, {'lat': 14.473155, 'lng': 120.976468}, {'lat': 14.473104, 'lng': 120.976402}, {'lat': 14.473009, 'lng': 120.976283}, {'lat': 14.472951, 'lng': 120.976209}, {'lat': 14.472848, 'lng': 120.976076}, {'lat': 14.472628, 'lng': 120.97581}, {'lat': 14.472514, 'lng': 120.975669}, {'lat': 14.472432, 'lng': 120.975561}, {'lat': 14.472383, 'lng': 120.975496}, {'lat': 14.472274, 'lng': 120.975341}, {'lat': 14.472204, 'lng': 120.975238}, {'lat': 14.472163, 'lng': 120.975174}, {'lat': 14.472056, 'lng': 120.974995}, {'lat': 14.47199, 'lng': 120.974883}, {'lat': 14.471839, 'lng': 120.974625}, {'lat': 14.471791, 'lng': 120.974541}, {'lat': 14.471453, 'lng': 120.973865}, {'lat': 14.471141, 'lng': 120.973242}, {'lat': 14.470741, 'lng': 120.972495}, {'lat': 14.470643, 'lng': 120.972331}, {'lat': 14.470612, 'lng': 120.972281}, {'lat': 14.47018, 'lng': 120.971642}, {'lat': 14.470133, 'lng': 120.971572}, {'lat': 14.469998, 'lng': 120.971386}, {'lat': 14.469891, 'lng': 120.971252}, {'lat': 14.469861, 'lng': 120.971214}, {'lat': 14.469809, 'lng': 120.971152}, {'lat': 14.469767, 'lng': 120.971103}, {'lat': 14.469731, 'lng': 120.971062}, {'lat': 14.469538, 'lng': 120.970833}, {'lat': 14.469397, 'lng': 120.970671}, {'lat': 14.469134, 'lng': 120.970375}, {'lat': 14.468939, 'lng': 120.970215}, {'lat': 14.468765, 'lng': 120.970125}, {'lat': 14.468544, 'lng': 120.970035}, {'lat': 14.468421, 'lng': 120.969987}, {'lat': 14.468395, 'lng': 120.969976}, {'lat': 14.46824, 'lng': 120.96991}, {'lat': 14.467939, 'lng': 120.969734}, {'lat': 14.467571, 'lng': 120.969455}, {'lat': 14.467538, 'lng': 120.969429}, {'lat': 14.467365, 'lng': 120.969297}, {'lat': 14.467229, 'lng': 120.969189}, {'lat': 14.467012, 'lng': 120.969015}, {'lat': 14.466917, 'lng': 120.96894}, {'lat': 14.466743, 'lng': 120.968818}, {'lat': 14.466694, 'lng': 120.968774}, {'lat': 14.466623, 'lng': 120.968629}, {'lat': 14.466584, 'lng': 120.968566}, {'lat': 14.466547, 'lng': 120.968523}, {'lat': 14.466497, 'lng': 120.968472}, {'lat': 14.466419, 'lng': 120.968402}, {'lat': 14.466241, 'lng': 120.968253}, {'lat': 14.466037, 'lng': 120.968094}, {'lat': 14.465826, 'lng': 120.967934}, {'lat': 14.465693, 'lng': 120.967992}, {'lat': 14.465575, 'lng': 120.968047}, {'lat': 14.465473, 'lng': 120.968093}, {'lat': 14.465182, 'lng': 120.968218}, {'lat': 14.464569, 'lng': 120.968469}, {'lat': 14.463905, 'lng': 120.968741}, {'lat': 14.463784, 'lng': 120.96886}, {'lat': 14.463688, 'lng': 120.968897}, {'lat': 14.463616, 'lng': 120.968917}, {'lat': 14.463056, 'lng': 120.969068}, {'lat': 14.462712, 'lng': 120.969161}, {'lat': 14.462557, 'lng': 120.969199}, {'lat': 14.462471, 'lng': 120.969221}, {'lat': 14.462436, 'lng': 120.969228}, {'lat': 14.462372, 'lng': 120.969275}, {'lat': 14.46198, 'lng': 120.969379}, {'lat': 14.461902, 'lng': 120.9694}, {'lat': 14.46061, 'lng': 120.969738}, {'lat': 14.460159, 'lng': 120.969861}, {'lat': 14.460099, 'lng': 120.969875}, {'lat': 14.459216, 'lng': 120.970161}, {'lat': 14.459013, 'lng': 120.970227}, {'lat': 14.458678, 'lng': 120.970336}, {'lat': 14.458381, 'lng': 120.970434}, {'lat': 14.458142, 'lng': 120.970512}, {'lat': 14.457912, 'lng': 120.970589}, {'lat': 14.457842, 'lng': 120.970612}, {'lat': 14.457685, 'lng': 120.970666}, {'lat': 14.457271, 'lng': 120.97082}, {'lat': 14.457151, 'lng': 120.97087}, {'lat': 14.457043, 'lng': 120.970912}, {'lat': 14.456912, 'lng': 120.970973}, {'lat': 14.456821, 'lng': 120.97101}, {'lat': 14.456611, 'lng': 120.971097}, {'lat': 14.45647, 'lng': 120.971161}, {'lat': 14.456385, 'lng': 120.971212}, {'lat': 14.456279, 'lng': 120.971279}, {'lat': 14.456175, 'lng': 120.971369}, {'lat': 14.456069, 'lng': 120.971501}, {'lat': 14.455948, 'lng': 120.97169}, {'lat': 14.455725, 'lng': 120.972008}, {'lat': 14.455524, 'lng': 120.972293}, {'lat': 14.455482, 'lng': 120.972354}, {'lat': 14.455271, 'lng': 120.972666}, {'lat': 14.455198, 'lng': 120.972774}, {'lat': 14.455149, 'lng': 120.972846}, {'lat': 14.455115, 'lng': 120.9729}, {'lat': 14.455018, 'lng': 120.973035}, {'lat': 14.45497, 'lng': 120.973106}, {'lat': 14.454697, 'lng': 120.973503}, {'lat': 14.45464, 'lng': 120.973586}, {'lat': 14.454591, 'lng': 120.973658}, {'lat': 14.45454, 'lng': 120.973733}, {'lat': 14.454495, 'lng': 120.973799}, {'lat': 14.454404, 'lng': 120.973929}, {'lat': 14.454292, 'lng': 120.974086}, {'lat': 14.454252, 'lng': 120.974149}, {'lat': 14.453894, 'lng': 120.974669}, {'lat': 14.453654, 'lng': 120.975032}, {'lat': 14.453607, 'lng': 120.975093}, {'lat': 14.453443, 'lng': 120.975332}, {'lat': 14.453143, 'lng': 120.975769}, {'lat': 14.452896, 'lng': 120.976135}, {'lat': 14.452855, 'lng': 120.976195}, {'lat': 14.452635, 'lng': 120.976512}, {'lat': 14.452437, 'lng': 120.976799}, {'lat': 14.452427, 'lng': 120.976813}, {'lat': 14.452346, 'lng': 120.976933}, {'lat': 14.452263, 'lng': 120.977052}, {'lat': 14.452152, 'lng': 120.977219}, {'lat': 14.452049, 'lng': 120.977372}, {'lat': 14.451987, 'lng': 120.977474}, {'lat': 14.451928, 'lng': 120.977567}, {'lat': 14.451874, 'lng': 120.97765}, {'lat': 14.451749, 'lng': 120.977859}, {'lat': 14.451606, 'lng': 120.978092}, {'lat': 14.451405, 'lng': 120.978421}, {'lat': 14.451338, 'lng': 120.978534}, {'lat': 14.451264, 'lng': 120.978655}, {'lat': 14.451241, 'lng': 120.978695}, {'lat': 14.451171, 'lng': 120.978809}, {'lat': 14.451068, 'lng': 120.978973}, {'lat': 14.45103, 'lng': 120.979039}, {'lat': 14.450973, 'lng': 120.979028}, {'lat': 14.450856, 'lng': 120.979002}, {'lat': 14.450699, 'lng': 120.97897}, {'lat': 14.450466, 'lng': 120.978922}, {'lat': 14.448956, 'lng': 120.978617}, {'lat': 14.448887, 'lng': 120.978603}, {'lat': 14.44884, 'lng': 120.978593}, {'lat': 14.448838, 'lng': 120.978593}, {'lat': 14.448833, 'lng': 120.978592}, {'lat': 14.448826, 'lng': 120.97859}, {'lat': 14.447432, 'lng': 120.978298}, {'lat': 14.44736, 'lng': 120.978824}, {'lat': 14.447342, 'lng': 120.979323}, {'lat': 14.447313, 'lng': 120.979947}, {'lat': 14.447282, 'lng': 120.980241}, {'lat': 14.447127, 'lng': 120.98117}, {'lat': 14.446666, 'lng': 120.981222}, {'lat': 14.446424, 'lng': 120.981254}, {'lat': 14.446095, 'lng': 120.981298}, {'lat': 14.446104, 'lng': 120.979035}]",4,1785071910850,4980.0,3420,15190.718,10436.302
route-1785072025481-3979,2CtD7ukYj66kR0shiiDY,Initial Route,"[{'lat': 14.564821, 'lng': 120.994228}, {'lat': 14.565142, 'lng': 120.994072}, {'lat': 14.565203, 'lng': 120.994046}, {'lat': 14.56533, 'lng': 120.993989}, {'lat': 14.565363, 'lng': 120.993975}, {'lat': 14.565541, 'lng': 120.993899}, {'lat': 14.56577, 'lng': 120.993789}, {'lat': 14.565787, 'lng': 120.993827}, {'lat': 14.566099, 'lng': 120.994544}, {'lat': 14.566291, 'lng': 120.994456}, {'lat': 14.566481, 'lng': 120.994363}, {'lat': 14.566645, 'lng': 120.994284}, {'lat': 14.566852, 'lng': 120.994184}, {'lat': 14.567254, 'lng': 120.993993}, {'lat': 14.567767, 'lng': 120.993758}, {'lat': 14.568269, 'lng': 120.993519}, {'lat': 14.568446, 'lng': 120.993435}, {'lat': 14.568579, 'lng': 120.993372}, {'lat': 14.568757, 'lng': 120.993286}, {'lat': 14.568921, 'lng': 120.993209}, {'lat': 14.569188, 'lng': 120.993082}, {'lat': 14.569335, 'lng': 120.993012}, {'lat': 14.569372, 'lng': 120.993094}, {'lat': 14.56956, 'lng': 120.993511}, {'lat': 14.569583, 'lng': 120.993541}, {'lat': 14.569606, 'lng': 120.993547}, {'lat': 14.569717, 'lng': 120.993508}, {'lat': 14.569734, 'lng': 120.993511}, {'lat': 14.569744, 'lng': 120.993531}, {'lat': 14.570368, 'lng': 120.995159}, {'lat': 14.570152, 'lng': 120.995222}, {'lat': 14.569921, 'lng': 120.995294}, {'lat': 14.569724, 'lng': 120.995382}, {'lat': 14.569639, 'lng': 120.995423}, {'lat': 14.569506, 'lng': 120.995486}, {'lat': 14.569525, 'lng': 120.995528}, {'lat': 14.569606, 'lng': 120.99571}]",1,1785072025481,,300,,1002.414
route-1785072166426-7934,2CtD7ukYj66kR0shiiDY,Regenerated Route,"[{'lat': 14.564733, 'lng': 120.99513}, {'lat': 14.564415, 'lng': 120.994463}, {'lat': 14.564398, 'lng': 120.99443}, {'lat': 14.564506, 'lng': 120.99438}, {'lat': 14.565142, 'lng': 120.994072}, {'lat': 14.565203, 'lng': 120.994046}, {'lat': 14.56533, 'lng': 120.993989}, {'lat': 14.565363, 'lng': 120.993975}, {'lat': 14.565541, 'lng': 120.993899}, {'lat': 14.56577, 'lng': 120.993789}, {'lat': 14.565852, 'lng': 120.993749}, {'lat': 14.566025, 'lng': 120.993666}, {'lat': 14.566308, 'lng': 120.993531}, {'lat': 14.566404, 'lng': 120.993484}, {'lat': 14.566753, 'lng': 120.993317}, {'lat': 14.566783, 'lng': 120.993302}, {'lat': 14.567471, 'lng': 120.992966}, {'lat': 14.5694, 'lng': 120.992047}, {'lat': 14.56988, 'lng': 120.991816}, {'lat': 14.569953, 'lng': 120.991779}, {'lat': 14.57017, 'lng': 120.991669}, {'lat': 14.57026, 'lng': 120.991622}, {'lat': 14.570372, 'lng': 120.99171}, {'lat': 14.570445, 'lng': 120.991776}, {'lat': 14.570392, 'lng': 120.991866}, {'lat': 14.570378, 'lng': 120.99192}, {'lat': 14.570377, 'lng': 120.991988}, {'lat': 14.570459, 'lng': 120.992477}, {'lat': 14.570619, 'lng': 120.992901}, {'lat': 14.570713, 'lng': 120.993147}, {'lat': 14.570849, 'lng': 120.993507}, {'lat': 14.570911, 'lng': 120.993671}, {'lat': 14.570981, 'lng': 120.993857}, {'lat': 14.571039, 'lng': 120.994011}, {'lat': 14.571116, 'lng': 120.994219}, {'lat': 14.571248, 'lng': 120.994573}, {'lat': 14.571374, 'lng': 120.994912}, {'lat': 14.570889, 'lng': 120.995022}, {'lat': 14.570869, 'lng': 120.995027}, {'lat': 14.570666, 'lng': 120.99508}, {'lat': 14.570368, 'lng': 120.995159}, {'lat': 14.570152, 'lng': 120.995222}, {'lat': 14.569921, 'lng': 120.995294}, {'lat': 14.569724, 'lng': 120.995382}, {'lat': 14.569639, 'lng': 120.995423}, {'lat': 14.569506, 'lng': 120.995486}, {'lat': 14.569525, 'lng': 120.995528}, {'lat': 14.569606, 'lng': 120.99571}]",2,1785072166426,300.0,480,1002.414,1433.695
route-1785072168449-7319,2CtD7ukYj66kR0shiiDY,Regenerated Route,"[{'lat': 14.566212, 'lng': 120.996755}, {'lat': 14.566163, 'lng': 120.996769}, {'lat': 14.565602, 'lng': 120.996934}, {'lat': 14.565538, 'lng': 120.996953}, {'lat': 14.56552, 'lng': 120.996913}, {'lat': 14.565271, 'lng': 120.996337}, {'lat': 14.565193, 'lng': 120.996158}, {'lat': 14.565005, 'lng': 120.995723}, {'lat': 14.564916, 'lng': 120.995529}, {'lat': 14.564765, 'lng': 120.995201}, {'lat': 14.564749, 'lng': 120.995165}, {'lat': 14.564805, 'lng': 120.995139}, {'lat': 14.565257, 'lng': 120.994935}, {'lat': 14.56541, 'lng': 120.994866}, {'lat': 14.565602, 'lng': 120.994776}, {'lat': 14.565801, 'lng': 120.994684}, {'lat': 14.566099, 'lng': 120.994544}, {'lat': 14.566291, 'lng': 120.994456}, {'lat': 14.566481, 'lng': 120.994363}, {'lat': 14.566645, 'lng': 120.994284}, {'lat': 14.566852, 'lng': 120.994184}, {'lat': 14.567254, 'lng': 120.993993}, {'lat': 14.567767, 'lng': 120.993758}, {'lat': 14.568269, 'lng': 120.993519}, {'lat': 14.568446, 'lng': 120.993435}, {'lat': 14.568579, 'lng': 120.993372}, {'lat': 14.568757, 'lng': 120.993286}, {'lat': 14.568921, 'lng': 120.993209}, {'lat': 14.569188, 'lng': 120.993082}, {'lat': 14.569335, 'lng': 120.993012}, {'lat': 14.569372, 'lng': 120.993094}, {'lat': 14.56956, 'lng': 120.993511}, {'lat': 14.569583, 'lng': 120.993541}, {'lat': 14.569606, 'lng': 120.993547}, {'lat': 14.569717, 'lng': 120.993508}, {'lat': 14.569734, 'lng': 120.993511}, {'lat': 14.569744, 'lng': 120.993531}, {'lat': 14.570368, 'lng': 120.995159}, {'lat': 14.570152, 'lng': 120.995222}, {'lat': 14.569921, 'lng': 120.995294}, {'lat': 14.569724, 'lng': 120.995382}, {'lat': 14.569639, 'lng': 120.995423}, {'lat': 14.569506, 'lng': 120.995486}, {'lat': 14.569525, 'lng': 120.995528}, {'lat': 14.569606, 'lng': 120.99571}]",3,1785072168449,480.0,420,1433.695,1251.669
route-1785072232097-152,2ViE0y3b4glK9BtcZtlq,Initial Route,"[{'lat': 14.565584, 'lng': 120.993704}, {'lat': 14.565483, 'lng': 120.993753}, {'lat': 14.565289, 'lng': 120.993844}, {'lat': 14.565363, 'lng': 120.993975}, {'lat': 14.565541, 'lng': 120.993899}, {'lat': 14.56577, 'lng': 120.993789}, {'lat': 14.565852, 'lng': 120.993749}, {'lat': 14.566025, 'lng': 120.993666}, {'lat': 14.566308, 'lng': 120.993531}, {'lat': 14.566404, 'lng': 120.993484}, {'lat': 14.566753, 'lng': 120.993317}, {'lat': 14.566783, 'lng': 120.993302}, {'lat': 14.567471, 'lng': 120.992966}, {'lat': 14.5694, 'lng': 120.992047}, {'lat': 14.56988, 'lng': 120.991816}, {'lat': 14.569953, 'lng': 120.991779}, {'lat': 14.57017, 'lng': 120.991669}, {'lat': 14.57026, 'lng': 120.991622}, {'lat': 14.570372, 'lng': 120.99171}, {'lat': 14.570445, 'lng': 120.991776}, {'lat': 14.570811, 'lng': 120.992065}, {'lat': 14.570922, 'lng': 120.992153}, {'lat': 14.570976, 'lng': 120.992196}, {'lat': 14.571084, 'lng': 120.992282}, {'lat': 14.571346, 'lng': 120.992492}, {'lat': 14.571582, 'lng': 120.992681}, {'lat': 14.571869, 'lng': 120.992921}, {'lat': 14.571994, 'lng': 120.993023}, {'lat': 14.572197, 'lng': 120.993184}, {'lat': 14.572518, 'lng': 120.993442}, {'lat': 14.57282, 'lng': 120.993694}, {'lat': 14.573139, 'lng': 120.993951}, {'lat': 14.573195, 'lng': 120.993996}, {'lat': 14.573321, 'lng': 120.994097}, {'lat': 14.573405, 'lng': 120.994164}, {'lat': 14.573455, 'lng': 120.994205}, {'lat': 14.573522, 'lng': 120.994264}, {'lat': 14.573742, 'lng': 120.994451}, {'lat': 14.574073, 'lng': 120.994724}, {'lat': 14.574227, 'lng': 120.994851}, {'lat': 14.574239, 'lng': 120.99486}, {'lat': 14.574381, 'lng': 120.994971}, {'lat': 14.574568, 'lng': 120.995114}, {'lat': 14.574883, 'lng': 120.99537}, {'lat': 14.575176, 'lng': 120.995609}, {'lat': 14.575645, 'lng': 120.99599}, {'lat': 14.575658, 'lng': 120.996}, {'lat': 14.575811, 'lng': 120.996123}, {'lat': 14.576211, 'lng': 120.996444}, {'lat': 14.576677, 'lng': 120.99683}, {'lat': 14.576798, 'lng': 120.996935}, {'lat': 14.576935, 'lng': 120.997043}, {'lat': 14.577024, 'lng': 120.997108}, {'lat': 14.577139, 'lng': 120.997199}, {'lat': 14.577412, 'lng': 120.997417}, {'lat': 14.578044, 'lng': 120.997931}, {'lat': 14.578723, 'lng': 120.998434}, {'lat': 14.578831, 'lng': 120.998519}, {'lat': 14.579027, 'lng': 120.998672}, {'lat': 14.579517, 'lng': 120.999068}, {'lat': 14.579625, 'lng': 120.999158}, {'lat': 14.579815, 'lng': 120.999234}, {'lat': 14.581008, 'lng': 121.000142}, {'lat': 14.581033, 'lng': 121.000146}, {'lat': 14.581055, 'lng': 121.000134}, {'lat': 14.581098, 'lng': 121.000068}, {'lat': 14.581136, 'lng': 120.999968}, {'lat': 14.581157, 'lng': 120.999863}, {'lat': 14.58116, 'lng': 120.999756}, {'lat': 14.581153, 'lng': 120.999683}, {'lat': 14.581137, 'lng': 120.999612}, {'lat': 14.581113, 'lng': 120.999543}, {'lat': 14.581082, 'lng': 120.999477}, {'lat': 14.581043, 'lng': 120.999415}, {'lat': 14.581066, 'lng': 120.99932}, {'lat': 14.581093, 'lng': 120.999259}, {'lat': 14.581129, 'lng': 120.999196}, {'lat': 14.581548, 'lng': 120.998692}, {'lat': 14.581984, 'lng': 120.998162}, {'lat': 14.582111, 'lng': 120.998006}, {'lat': 14.582375, 'lng': 120.997678}, {'lat': 14.582536, 'lng': 120.997478}, {'lat': 14.582624, 'lng': 120.997368}, {'lat': 14.582741, 'lng': 120.997222}, {'lat': 14.582758, 'lng': 120.997199}, {'lat': 14.582828, 'lng': 120.997107}, {'lat': 14.583467, 'lng': 120.996343}, {'lat': 14.583818, 'lng': 120.995917}, {'lat': 14.58384, 'lng': 120.99589}, {'lat': 14.58409, 'lng': 120.995591}, {'lat': 14.584779, 'lng': 120.994765}, {'lat': 14.584859, 'lng': 120.994662}, {'lat': 14.585269, 'lng': 120.994161}, {'lat': 14.585362, 'lng': 120.994094}, {'lat': 14.585402, 'lng': 120.994081}, {'lat': 14.585432, 'lng': 120.994073}, {'lat': 14.585462, 'lng': 120.994068}, {'lat': 14.58549, 'lng': 120.994064}, {'lat': 14.585515, 'lng': 120.994064}, {'lat': 14.585539, 'lng': 120.994064}, {'lat': 14.58557, 'lng': 120.994067}, {'lat': 14.585599, 'lng': 120.994071}, {'lat': 14.585629, 'lng': 120.994078}, {'lat': 14.585661, 'lng': 120.994086}, {'lat': 14.585749, 'lng': 120.994116}, {'lat': 14.585776, 'lng': 120.994134}, {'lat': 14.585871, 'lng': 120.994142}, {'lat': 14.585899, 'lng': 120.994166}, {'lat': 14.586011, 'lng': 120.994262}, {'lat': 14.586183, 'lng': 120.994415}, {'lat': 14.58643, 'lng': 120.994617}, {'lat': 14.586646, 'lng': 120.994805}, {'lat': 14.586684, 'lng': 120.994902}, {'lat': 14.586833, 'lng': 120.99503}, {'lat': 14.586924, 'lng': 120.99505}, {'lat': 14.587248, 'lng': 120.995337}, {'lat': 14.58732, 'lng': 120.995399}, {'lat': 14.587475, 'lng': 120.995533}, {'lat': 14.587576, 'lng': 120.995618}, {'lat': 14.587684, 'lng': 120.995716}, {'lat': 14.587739, 'lng': 120.995766}, {'lat': 14.587895, 'lng': 120.995901}, {'lat': 14.587974, 'lng': 120.995967}, {'lat': 14.588122, 'lng': 120.996094}, {'lat': 14.588176, 'lng': 120.996141}, {'lat': 14.588322, 'lng': 120.996266}, {'lat': 14.588615, 'lng': 120.996522}, {'lat': 14.588637, 'lng': 120.996542}, {'lat': 14.588659, 'lng': 120.99656}, {'lat': 14.588685, 'lng': 120.996583}, {'lat': 14.588706, 'lng': 120.9966}, {'lat': 14.588751, 'lng': 120.99664}, {'lat': 14.588883, 'lng': 120.996753}, {'lat': 14.589169, 'lng': 120.997}, {'lat': 14.589519, 'lng': 120.997306}, {'lat': 14.589685, 'lng': 120.997456}, {'lat': 14.589815, 'lng': 120.997573}, {'lat': 14.590055, 'lng': 120.997781}, {'lat': 14.590088, 'lng': 120.99781}, {'lat': 14.590399, 'lng': 120.998085}, {'lat': 14.590443, 'lng': 120.998125}, {'lat': 14.590499, 'lng': 120.998174}, {'lat': 14.590653, 'lng': 120.998313}, {'lat': 14.590705, 'lng': 120.998356}, {'lat': 14.590748, 'lng': 120.998393}, {'lat': 14.590909, 'lng': 120.998537}, {'lat': 14.591011, 'lng': 120.998623}, {'lat': 14.591198, 'lng': 120.998032}, {'lat': 14.591219, 'lng': 120.997964}, {'lat': 14.59123, 'lng': 120.997909}, {'lat': 14.591276, 'lng': 120.997645}, {'lat': 14.59169, 'lng': 120.997717}]",1,1785072232097,,1320,,3967.337
route-1785072275721-2298,2CtD7ukYj66kR0shiiDY,Regenerated Route,"[{'lat': 14.567782, 'lng': 120.996282}, {'lat': 14.567738, 'lng': 120.996294}, {'lat': 14.56752, 'lng': 120.996354}, {'lat': 14.567227, 'lng': 120.996434}, {'lat': 14.566938, 'lng': 120.996531}, {'lat': 14.566924, 'lng': 120.996536}, {'lat': 14.566883, 'lng': 120.996549}, {'lat': 14.566585, 'lng': 120.996638}, {'lat': 14.566212, 'lng': 120.996755}, {'lat': 14.566163, 'lng': 120.996769}, {'lat': 14.565602, 'lng': 120.996934}, {'lat': 14.565538, 'lng': 120.996953}, {'lat': 14.56552, 'lng': 120.996913}, {'lat': 14.565271, 'lng': 120.996337}, {'lat': 14.565193, 'lng': 120.996158}, {'lat': 14.565005, 'lng': 120.995723}, {'lat': 14.564916, 'lng': 120.995529}, {'lat': 14.564765, 'lng': 120.995201}, {'lat': 14.564749, 'lng': 120.995165}, {'lat': 14.564805, 'lng': 120.995139}, {'lat': 14.565257, 'lng': 120.994935}, {'lat': 14.56541, 'lng': 120.994866}, {'lat': 14.565602, 'lng': 120.994776}, {'lat': 14.565801, 'lng': 120.994684}, {'lat': 14.566099, 'lng': 120.994544}, {'lat': 14.566291, 'lng': 120.994456}, {'lat': 14.566481, 'lng': 120.994363}, {'lat': 14.566645, 'lng': 120.994284}, {'lat': 14.566852, 'lng': 120.994184}, {'lat': 14.567254, 'lng': 120.993993}, {'lat': 14.567767, 'lng': 120.993758}, {'lat': 14.568269, 'lng': 120.993519}, {'lat': 14.568446, 'lng': 120.993435}, {'lat': 14.568579, 'lng': 120.993372}, {'lat': 14.568757, 'lng': 120.993286}, {'lat': 14.568921, 'lng': 120.993209}, {'lat': 14.569188, 'lng': 120.993082}, {'lat': 14.569335, 'lng': 120.993012}, {'lat': 14.569372, 'lng': 120.993094}, {'lat': 14.56956, 'lng': 120.993511}, {'lat': 14.569583, 'lng': 120.993541}, {'lat': 14.569606, 'lng': 120.993547}, {'lat': 14.569717, 'lng': 120.993508}, {'lat': 14.569734, 'lng': 120.993511}, {'lat': 14.569744, 'lng': 120.993531}, {'lat': 14.570368, 'lng': 120.995159}, {'lat': 14.570152, 'lng': 120.995222}, {'lat': 14.569921, 'lng': 120.995294}, {'lat': 14.569724, 'lng': 120.995382}, {'lat': 14.569639, 'lng': 120.995423}, {'lat': 14.569506, 'lng': 120.995486}, {'lat': 14.569525, 'lng': 120.995528}, {'lat': 14.569606, 'lng': 120.99571}]",4,1785072275721,420.0,480,1251.669,1433.76
route-1785072553516-1515,uzgYfBW44KGZ6mkTxTpW,Initial Route,"[{'lat': 14.56912, 'lng': 120.995691}, {'lat': 14.568969, 'lng': 120.995779}, {'lat': 14.568931, 'lng': 120.995801}, {'lat': 14.568738, 'lng': 120.995916}, {'lat': 14.568708, 'lng': 120.99593}, {'lat': 14.568689, 'lng': 120.99594}, {'lat': 14.568405, 'lng': 120.996081}, {'lat': 14.56822, 'lng': 120.996154}, {'lat': 14.568152, 'lng': 120.99618}, {'lat': 14.568333, 'lng': 120.996588}, {'lat': 14.568343, 'lng': 120.996599}, {'lat': 14.568355, 'lng': 120.996608}, {'lat': 14.56837, 'lng': 120.99661}, {'lat': 14.569075, 'lng': 120.996464}, {'lat': 14.569686, 'lng': 120.996323}, {'lat': 14.570615, 'lng': 120.996111}, {'lat': 14.57097, 'lng': 120.99603}, {'lat': 14.571033, 'lng': 120.996015}, {'lat': 14.571906, 'lng': 120.995778}, {'lat': 14.574001, 'lng': 120.994941}, {'lat': 14.574227, 'lng': 120.994851}, {'lat': 14.574323, 'lng': 120.994813}, {'lat': 14.574411, 'lng': 120.994775}, {'lat': 14.574345, 'lng': 120.99472}, {'lat': 14.574181, 'lng': 120.99458}, {'lat': 14.574073, 'lng': 120.994489}, {'lat': 14.573472, 'lng': 120.994021}, {'lat': 14.573258, 'lng': 120.993844}, {'lat': 14.573094, 'lng': 120.993708}, {'lat': 14.572938, 'lng': 120.993629}, {'lat': 14.572783, 'lng': 120.993506}, {'lat': 14.572631, 'lng': 120.993386}, {'lat': 14.572592, 'lng': 120.993353}, {'lat': 14.572471, 'lng': 120.993249}, {'lat': 14.572317, 'lng': 120.99312}, {'lat': 14.571998, 'lng': 120.992863}, {'lat': 14.571708, 'lng': 120.992624}, {'lat': 14.571377, 'lng': 120.992348}, {'lat': 14.571236, 'lng': 120.992236}, {'lat': 14.571169, 'lng': 120.992183}, {'lat': 14.571099, 'lng': 120.992128}, {'lat': 14.571052, 'lng': 120.99209}]",1,1785072553516,,420,,1349.578
route-1785072590476-4016,uzgYfBW44KGZ6mkTxTpW,Regenerated Route,"[{'lat': 14.569971, 'lng': 120.995279}, {'lat': 14.569921, 'lng': 120.995294}, {'lat': 14.569724, 'lng': 120.995382}, {'lat': 14.569639, 'lng': 120.995423}, {'lat': 14.569506, 'lng': 120.995486}, {'lat': 14.569254, 'lng': 120.995613}, {'lat': 14.56912, 'lng': 120.995691}, {'lat': 14.568969, 'lng': 120.995779}, {'lat': 14.568931, 'lng': 120.995801}, {'lat': 14.568738, 'lng': 120.995916}, {'lat': 14.568708, 'lng': 120.99593}, {'lat': 14.568689, 'lng': 120.99594}, {'lat': 14.568405, 'lng': 120.996081}, {'lat': 14.56822, 'lng': 120.996154}, {'lat': 14.568152, 'lng': 120.99618}, {'lat': 14.568333, 'lng': 120.996588}, {'lat': 14.568343, 'lng': 120.996599}, {'lat': 14.568355, 'lng': 120.996608}, {'lat': 14.56837, 'lng': 120.99661}, {'lat': 14.569075, 'lng': 120.996464}, {'lat': 14.569686, 'lng': 120.996323}, {'lat': 14.570615, 'lng': 120.996111}, {'lat': 14.57097, 'lng': 120.99603}, {'lat': 14.571033, 'lng': 120.996015}, {'lat': 14.571906, 'lng': 120.995778}, {'lat': 14.574001, 'lng': 120.994941}, {'lat': 14.574227, 'lng': 120.994851}, {'lat': 14.574323, 'lng': 120.994813}, {'lat': 14.574411, 'lng': 120.994775}, {'lat': 14.574345, 'lng': 120.99472}, {'lat': 14.574181, 'lng': 120.99458}, {'lat': 14.574073, 'lng': 120.994489}, {'lat': 14.573472, 'lng': 120.994021}, {'lat': 14.573258, 'lng': 120.993844}, {'lat': 14.573094, 'lng': 120.993708}, {'lat': 14.572938, 'lng': 120.993629}, {'lat': 14.572783, 'lng': 120.993506}, {'lat': 14.572631, 'lng': 120.993386}, {'lat': 14.572592, 'lng': 120.993353}, {'lat': 14.572471, 'lng': 120.993249}, {'lat': 14.572317, 'lng': 120.99312}, {'lat': 14.571998, 'lng': 120.992863}, {'lat': 14.571708, 'lng': 120.992624}, {'lat': 14.571377, 'lng': 120.992348}, {'lat': 14.571236, 'lng': 120.992236}, {'lat': 14.571169, 'lng': 120.992183}, {'lat': 14.571099, 'lng': 120.992128}, {'lat': 14.571052, 'lng': 120.99209}]",2,1785072590476,420.0,480,1349.578,1454.291
route-1785072636117-1649,uzgYfBW44KGZ6mkTxTpW,Regenerated Route,"[{'lat': 14.57129, 'lng': 120.994931}, {'lat': 14.570889, 'lng': 120.995022}, {'lat': 14.570869, 'lng': 120.995027}, {'lat': 14.570666, 'lng': 120.99508}, {'lat': 14.570368, 'lng': 120.995159}, {'lat': 14.569744, 'lng': 120.993531}, {'lat': 14.569734, 'lng': 120.993511}, {'lat': 14.569717, 'lng': 120.993508}, {'lat': 14.569606, 'lng': 120.993547}, {'lat': 14.569583, 'lng': 120.993541}, {'lat': 14.56956, 'lng': 120.993511}, {'lat': 14.569372, 'lng': 120.993094}, {'lat': 14.569335, 'lng': 120.993012}, {'lat': 14.569759, 'lng': 120.99281}, {'lat': 14.569794, 'lng': 120.992793}, {'lat': 14.570459, 'lng': 120.992477}, {'lat': 14.570897, 'lng': 120.992239}, {'lat': 14.570976, 'lng': 120.992196}, {'lat': 14.571099, 'lng': 120.992128}, {'lat': 14.571052, 'lng': 120.99209}]",3,1785072636117,480.0,180,1454.291,602.652
route-1785072682138-1805,uzgYfBW44KGZ6mkTxTpW,Regenerated Route,"[{'lat': 14.570815, 'lng': 120.993418}, {'lat': 14.570713, 'lng': 120.993147}, {'lat': 14.570619, 'lng': 120.992901}, {'lat': 14.570459, 'lng': 120.992477}, {'lat': 14.570897, 'lng': 120.992239}, {'lat': 14.570976, 'lng': 120.992196}, {'lat': 14.571099, 'lng': 120.992128}, {'lat': 14.571052, 'lng': 120.99209}]",4,1785072682138,180.0,60,602.652,196.02
route-1785072794178-5677,AIZmgIucN0ef39BDcptn,Traffic Update,"[{'lat': 14.507521, 'lng': 120.994325}, {'lat': 14.506316, 'lng': 120.994048}, {'lat': 14.506287, 'lng': 120.99404}, {'lat': 14.505489, 'lng': 120.993854}, {'lat': 14.50516, 'lng': 120.993782}, {'lat': 14.504509, 'lng': 120.993637}, {'lat': 14.504429, 'lng': 120.993616}, {'lat': 14.503958, 'lng': 120.993482}, {'lat': 14.50365, 'lng': 120.993385}, {'lat': 14.503645, 'lng': 120.993383}, {'lat': 14.503403, 'lng': 120.993293}, {'lat': 14.503177, 'lng': 120.993201}, {'lat': 14.502848, 'lng': 120.993063}, {'lat': 14.502585, 'lng': 120.992963}, {'lat': 14.502456, 'lng': 120.992912}, {'lat': 14.501859, 'lng': 120.992677}, {'lat': 14.501779, 'lng': 120.992646}, {'lat': 14.50164, 'lng': 120.992586}, {'lat': 14.501571, 'lng': 120.992551}, {'lat': 14.501512, 'lng': 120.992514}, {'lat': 14.501447, 'lng': 120.992462}, {'lat': 14.501395, 'lng': 120.992399}, {'lat': 14.501319, 'lng': 120.992252}, {'lat': 14.501177, 'lng': 120.991979}, {'lat': 14.501113, 'lng': 120.991837}, {'lat': 14.501056, 'lng': 120.99171}, {'lat': 14.500977, 'lng': 120.991529}, {'lat': 14.500927, 'lng': 120.991431}, {'lat': 14.500883, 'lng': 120.99139}, {'lat': 14.500831, 'lng': 120.991355}, {'lat': 14.500763, 'lng': 120.991344}, {'lat': 14.500679, 'lng': 120.991353}, {'lat': 14.500597, 'lng': 120.991366}, {'lat': 14.500481, 'lng': 120.991397}, {'lat': 14.500391, 'lng': 120.991421}, {'lat': 14.500356, 'lng': 120.99143}, {'lat': 14.500272, 'lng': 120.991441}, {'lat': 14.5002, 'lng': 120.99145}, {'lat': 14.500127, 'lng': 120.99144}, {'lat': 14.500075, 'lng': 120.991429}, {'lat': 14.500024, 'lng': 120.991408}, {'lat': 14.499979, 'lng': 120.991389}, {'lat': 14.49996, 'lng': 120.991381}, {'lat': 14.499884, 'lng': 120.991343}, {'lat': 14.499765, 'lng': 120.991274}, {'lat': 14.499728, 'lng': 120.991252}, {'lat': 14.499467, 'lng': 120.991092}, {'lat': 14.499072, 'lng': 120.990852}, {'lat': 14.498818, 'lng': 120.990713}, {'lat': 14.49856, 'lng': 120.990561}, {'lat': 14.498299, 'lng': 120.990411}, {'lat': 14.498024, 'lng': 120.990252}, {'lat': 14.497835, 'lng': 120.990145}, {'lat': 14.497609, 'lng': 120.990016}, {'lat': 14.497351, 'lng': 120.989878}, {'lat': 14.497135, 'lng': 120.989774}, {'lat': 14.496945, 'lng': 120.98969}, {'lat': 14.496927, 'lng': 120.989683}, {'lat': 14.496682, 'lng': 120.989583}, {'lat': 14.496294, 'lng': 120.989425}, {'lat': 14.495942, 'lng': 120.989336}, {'lat': 14.495884, 'lng': 120.989321}, {'lat': 14.495878, 'lng': 120.98932}, {'lat': 14.495513, 'lng': 120.989234}, {'lat': 14.495232, 'lng': 120.989121}, {'lat': 14.495218, 'lng': 120.989114}, {'lat': 14.495044, 'lng': 120.989038}, {'lat': 14.494933, 'lng': 120.988986}, {'lat': 14.494346, 'lng': 120.988715}, {'lat': 14.494224, 'lng': 120.988659}, {'lat': 14.494053, 'lng': 120.988581}, {'lat': 14.493969, 'lng': 120.988542}, {'lat': 14.493855, 'lng': 120.988493}, {'lat': 14.493535, 'lng': 120.988348}, {'lat': 14.493378, 'lng': 120.988281}, {'lat': 14.493226, 'lng': 120.988216}, {'lat': 14.493028, 'lng': 120.988137}, {'lat': 14.492565, 'lng': 120.987958}, {'lat': 14.49236, 'lng': 120.98788}, {'lat': 14.492223, 'lng': 120.987827}, {'lat': 14.492149, 'lng': 120.987798}, {'lat': 14.492089, 'lng': 120.987777}, {'lat': 14.491879, 'lng': 120.987699}, {'lat': 14.491746, 'lng': 120.987649}, {'lat': 14.491513, 'lng': 120.987564}, {'lat': 14.4912, 'lng': 120.987448}, {'lat': 14.491104, 'lng': 120.987413}, {'lat': 14.490762, 'lng': 120.9873}, {'lat': 14.490593, 'lng': 120.98725}, {'lat': 14.490531, 'lng': 120.987231}, {'lat': 14.490351, 'lng': 120.987176}, {'lat': 14.490127, 'lng': 120.987103}, {'lat': 14.489932, 'lng': 120.987045}, {'lat': 14.489737, 'lng': 120.986985}, {'lat': 14.489341, 'lng': 120.986861}, {'lat': 14.489144, 'lng': 120.986779}, {'lat': 14.488834, 'lng': 120.986649}, {'lat': 14.488744, 'lng': 120.986613}, {'lat': 14.488559, 'lng': 120.986528}, {'lat': 14.488392, 'lng': 120.986452}, {'lat': 14.488137, 'lng': 120.986331}, {'lat': 14.488103, 'lng': 120.986315}, {'lat': 14.488048, 'lng': 120.986289}, {'lat': 14.487678, 'lng': 120.986108}, {'lat': 14.487439, 'lng': 120.985992}, {'lat': 14.487073, 'lng': 120.985813}, {'lat': 14.486776, 'lng': 120.985669}, {'lat': 14.486311, 'lng': 120.985445}, {'lat': 14.486073, 'lng': 120.985334}, {'lat': 14.48587, 'lng': 120.985238}, {'lat': 14.485757, 'lng': 120.985185}, {'lat': 14.485338, 'lng': 120.985018}, {'lat': 14.485271, 'lng': 120.984989}, {'lat': 14.484816, 'lng': 120.984758}, {'lat': 14.484631, 'lng': 120.984658}, {'lat': 14.484609, 'lng': 120.984643}, {'lat': 14.484548, 'lng': 120.984607}, {'lat': 14.484299, 'lng': 120.984998}, {'lat': 14.48403, 'lng': 120.985379}, {'lat': 14.483402, 'lng': 120.984864}, {'lat': 14.483187, 'lng': 120.984695}, {'lat': 14.48278, 'lng': 120.984354}, {'lat': 14.482593, 'lng': 120.9842}, {'lat': 14.481373, 'lng': 120.983124}, {'lat': 14.481363, 'lng': 120.983115}, {'lat': 14.480365, 'lng': 120.982253}, {'lat': 14.479594, 'lng': 120.981601}, {'lat': 14.478987, 'lng': 120.981178}, {'lat': 14.478593, 'lng': 120.980929}, {'lat': 14.47844, 'lng': 120.98084}, {'lat': 14.47831, 'lng': 120.980769}, {'lat': 14.478043, 'lng': 120.980648}, {'lat': 14.477666, 'lng': 120.980464}, {'lat': 14.47711, 'lng': 120.980189}, {'lat': 14.477005, 'lng': 120.980149}, {'lat': 14.476134, 'lng': 120.97975}, {'lat': 14.475313, 'lng': 120.979373}, {'lat': 14.474654, 'lng': 120.979078}, {'lat': 14.474554, 'lng': 120.979035}, {'lat': 14.474457, 'lng': 120.978992}, {'lat': 14.473871, 'lng': 120.978729}, {'lat': 14.473901, 'lng': 120.978633}, {'lat': 14.473955, 'lng': 120.9785}, {'lat': 14.473992, 'lng': 120.978413}, {'lat': 14.474078, 'lng': 120.97819}, {'lat': 14.474105, 'lng': 120.978122}, {'lat': 14.474142, 'lng': 120.978028}, {'lat': 14.474095, 'lng': 120.977953}, {'lat': 14.47404, 'lng': 120.977867}, {'lat': 14.473947, 'lng': 120.97772}, {'lat': 14.473928, 'lng': 120.977688}, {'lat': 14.473811, 'lng': 120.977485}, {'lat': 14.47378, 'lng': 120.977429}, {'lat': 14.473538, 'lng': 120.977005}, {'lat': 14.473421, 'lng': 120.976823}, {'lat': 14.473199, 'lng': 120.976526}, {'lat': 14.473182, 'lng': 120.976501}, {'lat': 14.473155, 'lng': 120.976468}, {'lat': 14.473104, 'lng': 120.976402}, {'lat': 14.473009, 'lng': 120.976283}, {'lat': 14.472951, 'lng': 120.976209}, {'lat': 14.472848, 'lng': 120.976076}, {'lat': 14.472628, 'lng': 120.97581}, {'lat': 14.472514, 'lng': 120.975669}, {'lat': 14.472432, 'lng': 120.975561}, {'lat': 14.472383, 'lng': 120.975496}, {'lat': 14.472274, 'lng': 120.975341}, {'lat': 14.472204, 'lng': 120.975238}, {'lat': 14.472163, 'lng': 120.975174}, {'lat': 14.472056, 'lng': 120.974995}, {'lat': 14.47199, 'lng': 120.974883}, {'lat': 14.471839, 'lng': 120.974625}, {'lat': 14.471791, 'lng': 120.974541}, {'lat': 14.471453, 'lng': 120.973865}, {'lat': 14.471141, 'lng': 120.973242}, {'lat': 14.470741, 'lng': 120.972495}, {'lat': 14.470643, 'lng': 120.972331}, {'lat': 14.470612, 'lng': 120.972281}, {'lat': 14.47018, 'lng': 120.971642}, {'lat': 14.470133, 'lng': 120.971572}, {'lat': 14.469998, 'lng': 120.971386}, {'lat': 14.469891, 'lng': 120.971252}, {'lat': 14.469861, 'lng': 120.971214}, {'lat': 14.469809, 'lng': 120.971152}, {'lat': 14.469767, 'lng': 120.971103}, {'lat': 14.469731, 'lng': 120.971062}, {'lat': 14.469538, 'lng': 120.970833}, {'lat': 14.469397, 'lng': 120.970671}, {'lat': 14.469134, 'lng': 120.970375}, {'lat': 14.468939, 'lng': 120.970215}, {'lat': 14.468765, 'lng': 120.970125}, {'lat': 14.468544, 'lng': 120.970035}, {'lat': 14.468421, 'lng': 120.969987}, {'lat': 14.468395, 'lng': 120.969976}, {'lat': 14.46824, 'lng': 120.96991}, {'lat': 14.467939, 'lng': 120.969734}, {'lat': 14.467571, 'lng': 120.969455}, {'lat': 14.467538, 'lng': 120.969429}, {'lat': 14.467365, 'lng': 120.969297}, {'lat': 14.467229, 'lng': 120.969189}, {'lat': 14.467012, 'lng': 120.969015}, {'lat': 14.466917, 'lng': 120.96894}, {'lat': 14.466743, 'lng': 120.968818}, {'lat': 14.466694, 'lng': 120.968774}, {'lat': 14.466623, 'lng': 120.968629}, {'lat': 14.466584, 'lng': 120.968566}, {'lat': 14.466547, 'lng': 120.968523}, {'lat': 14.466497, 'lng': 120.968472}, {'lat': 14.466419, 'lng': 120.968402}, {'lat': 14.466241, 'lng': 120.968253}, {'lat': 14.466037, 'lng': 120.968094}, {'lat': 14.465826, 'lng': 120.967934}, {'lat': 14.465693, 'lng': 120.967992}, {'lat': 14.465575, 'lng': 120.968047}, {'lat': 14.465473, 'lng': 120.968093}, {'lat': 14.465182, 'lng': 120.968218}, {'lat': 14.464569, 'lng': 120.968469}, {'lat': 14.463905, 'lng': 120.968741}, {'lat': 14.463784, 'lng': 120.96886}, {'lat': 14.463688, 'lng': 120.968897}, {'lat': 14.463616, 'lng': 120.968917}, {'lat': 14.463056, 'lng': 120.969068}, {'lat': 14.462712, 'lng': 120.969161}, {'lat': 14.462557, 'lng': 120.969199}, {'lat': 14.462471, 'lng': 120.969221}, {'lat': 14.462436, 'lng': 120.969228}, {'lat': 14.462372, 'lng': 120.969275}, {'lat': 14.46198, 'lng': 120.969379}, {'lat': 14.461902, 'lng': 120.9694}, {'lat': 14.46061, 'lng': 120.969738}, {'lat': 14.460159, 'lng': 120.969861}, {'lat': 14.460099, 'lng': 120.969875}, {'lat': 14.459216, 'lng': 120.970161}, {'lat': 14.459013, 'lng': 120.970227}, {'lat': 14.458678, 'lng': 120.970336}, {'lat': 14.458381, 'lng': 120.970434}, {'lat': 14.458142, 'lng': 120.970512}, {'lat': 14.457912, 'lng': 120.970589}, {'lat': 14.457842, 'lng': 120.970612}, {'lat': 14.457685, 'lng': 120.970666}, {'lat': 14.457271, 'lng': 120.97082}, {'lat': 14.457151, 'lng': 120.97087}, {'lat': 14.457043, 'lng': 120.970912}, {'lat': 14.456912, 'lng': 120.970973}, {'lat': 14.456821, 'lng': 120.97101}, {'lat': 14.456611, 'lng': 120.971097}, {'lat': 14.45647, 'lng': 120.971161}, {'lat': 14.456385, 'lng': 120.971212}, {'lat': 14.456279, 'lng': 120.971279}, {'lat': 14.456175, 'lng': 120.971369}, {'lat': 14.456069, 'lng': 120.971501}, {'lat': 14.455948, 'lng': 120.97169}, {'lat': 14.455725, 'lng': 120.972008}, {'lat': 14.455524, 'lng': 120.972293}, {'lat': 14.455482, 'lng': 120.972354}, {'lat': 14.455271, 'lng': 120.972666}, {'lat': 14.455198, 'lng': 120.972774}, {'lat': 14.455149, 'lng': 120.972846}, {'lat': 14.455115, 'lng': 120.9729}, {'lat': 14.455018, 'lng': 120.973035}, {'lat': 14.45497, 'lng': 120.973106}, {'lat': 14.454697, 'lng': 120.973503}, {'lat': 14.45464, 'lng': 120.973586}, {'lat': 14.454591, 'lng': 120.973658}, {'lat': 14.45454, 'lng': 120.973733}, {'lat': 14.454495, 'lng': 120.973799}, {'lat': 14.454404, 'lng': 120.973929}, {'lat': 14.454292, 'lng': 120.974086}, {'lat': 14.454252, 'lng': 120.974149}, {'lat': 14.453894, 'lng': 120.974669}, {'lat': 14.453654, 'lng': 120.975032}, {'lat': 14.453607, 'lng': 120.975093}, {'lat': 14.453443, 'lng': 120.975332}, {'lat': 14.453143, 'lng': 120.975769}, {'lat': 14.452896, 'lng': 120.976135}, {'lat': 14.452855, 'lng': 120.976195}, {'lat': 14.452635, 'lng': 120.976512}, {'lat': 14.452437, 'lng': 120.976799}, {'lat': 14.452427, 'lng': 120.976813}, {'lat': 14.452346, 'lng': 120.976933}, {'lat': 14.452263, 'lng': 120.977052}, {'lat': 14.452152, 'lng': 120.977219}, {'lat': 14.452049, 'lng': 120.977372}, {'lat': 14.451987, 'lng': 120.977474}, {'lat': 14.451928, 'lng': 120.977567}, {'lat': 14.451874, 'lng': 120.97765}, {'lat': 14.451749, 'lng': 120.977859}, {'lat': 14.451606, 'lng': 120.978092}, {'lat': 14.451405, 'lng': 120.978421}, {'lat': 14.451338, 'lng': 120.978534}, {'lat': 14.451264, 'lng': 120.978655}, {'lat': 14.451241, 'lng': 120.978695}, {'lat': 14.451171, 'lng': 120.978809}, {'lat': 14.451068, 'lng': 120.978973}, {'lat': 14.45103, 'lng': 120.979039}, {'lat': 14.450973, 'lng': 120.979028}, {'lat': 14.450856, 'lng': 120.979002}, {'lat': 14.450699, 'lng': 120.97897}, {'lat': 14.450466, 'lng': 120.978922}, {'lat': 14.448956, 'lng': 120.978617}, {'lat': 14.448887, 'lng': 120.978603}, {'lat': 14.44884, 'lng': 120.978593}, {'lat': 14.448838, 'lng': 120.978593}, {'lat': 14.448833, 'lng': 120.978592}, {'lat': 14.448826, 'lng': 120.97859}, {'lat': 14.447432, 'lng': 120.978298}, {'lat': 14.44736, 'lng': 120.978824}, {'lat': 14.447342, 'lng': 120.979323}, {'lat': 14.447313, 'lng': 120.979947}, {'lat': 14.447282, 'lng': 120.980241}, {'lat': 14.447127, 'lng': 120.98117}, {'lat': 14.446666, 'lng': 120.981222}, {'lat': 14.446424, 'lng': 120.981254}, {'lat': 14.446095, 'lng': 120.981298}, {'lat': 14.446104, 'lng': 120.979035}]",5,1785072794179,3420.0,2940,10436.302,9034.464
route-1785072796663-6674,AIZmgIucN0ef39BDcptn,Traffic Update,"[{'lat': 14.474558, 'lng': 120.978232}, {'lat': 14.474444, 'lng': 120.97822}, {'lat': 14.474369, 'lng': 120.97821}, {'lat': 14.474313, 'lng': 120.97819}, {'lat': 14.47427, 'lng': 120.978165}, {'lat': 14.474235, 'lng': 120.97814}, {'lat': 14.474194, 'lng': 120.978094}, {'lat': 14.474142, 'lng': 120.978028}, {'lat': 14.474095, 'lng': 120.977953}, {'lat': 14.47404, 'lng': 120.977867}, {'lat': 14.473947, 'lng': 120.97772}, {'lat': 14.473928, 'lng': 120.977688}, {'lat': 14.473811, 'lng': 120.977485}, {'lat': 14.47378, 'lng': 120.977429}, {'lat': 14.473538, 'lng': 120.977005}, {'lat': 14.473421, 'lng': 120.976823}, {'lat': 14.473199, 'lng': 120.976526}, {'lat': 14.473182, 'lng': 120.976501}, {'lat': 14.473155, 'lng': 120.976468}, {'lat': 14.473104, 'lng': 120.976402}, {'lat': 14.473009, 'lng': 120.976283}, {'lat': 14.472951, 'lng': 120.976209}, {'lat': 14.472848, 'lng': 120.976076}, {'lat': 14.472628, 'lng': 120.97581}, {'lat': 14.472514, 'lng': 120.975669}, {'lat': 14.472432, 'lng': 120.975561}, {'lat': 14.472383, 'lng': 120.975496}, {'lat': 14.472274, 'lng': 120.975341}, {'lat': 14.472204, 'lng': 120.975238}, {'lat': 14.472163, 'lng': 120.975174}, {'lat': 14.472056, 'lng': 120.974995}, {'lat': 14.47199, 'lng': 120.974883}, {'lat': 14.471839, 'lng': 120.974625}, {'lat': 14.471791, 'lng': 120.974541}, {'lat': 14.471453, 'lng': 120.973865}, {'lat': 14.471141, 'lng': 120.973242}, {'lat': 14.470741, 'lng': 120.972495}, {'lat': 14.470643, 'lng': 120.972331}, {'lat': 14.470612, 'lng': 120.972281}, {'lat': 14.47018, 'lng': 120.971642}, {'lat': 14.470133, 'lng': 120.971572}, {'lat': 14.469998, 'lng': 120.971386}, {'lat': 14.469891, 'lng': 120.971252}, {'lat': 14.469861, 'lng': 120.971214}, {'lat': 14.469809, 'lng': 120.971152}, {'lat': 14.469767, 'lng': 120.971103}, {'lat': 14.469731, 'lng': 120.971062}, {'lat': 14.469538, 'lng': 120.970833}, {'lat': 14.469397, 'lng': 120.970671}, {'lat': 14.469134, 'lng': 120.970375}, {'lat': 14.468939, 'lng': 120.970215}, {'lat': 14.468765, 'lng': 120.970125}, {'lat': 14.468544, 'lng': 120.970035}, {'lat': 14.468421, 'lng': 120.969987}, {'lat': 14.468395, 'lng': 120.969976}, {'lat': 14.46824, 'lng': 120.96991}, {'lat': 14.467939, 'lng': 120.969734}, {'lat': 14.467571, 'lng': 120.969455}, {'lat': 14.467538, 'lng': 120.969429}, {'lat': 14.467365, 'lng': 120.969297}, {'lat': 14.467229, 'lng': 120.969189}, {'lat': 14.467012, 'lng': 120.969015}, {'lat': 14.466917, 'lng': 120.96894}, {'lat': 14.466743, 'lng': 120.968818}, {'lat': 14.466694, 'lng': 120.968774}, {'lat': 14.466623, 'lng': 120.968629}, {'lat': 14.466584, 'lng': 120.968566}, {'lat': 14.466547, 'lng': 120.968523}, {'lat': 14.466497, 'lng': 120.968472}, {'lat': 14.466419, 'lng': 120.968402}, {'lat': 14.466241, 'lng': 120.968253}, {'lat': 14.466037, 'lng': 120.968094}, {'lat': 14.465826, 'lng': 120.967934}, {'lat': 14.465693, 'lng': 120.967992}, {'lat': 14.465575, 'lng': 120.968047}, {'lat': 14.465473, 'lng': 120.968093}, {'lat': 14.465182, 'lng': 120.968218}, {'lat': 14.464569, 'lng': 120.968469}, {'lat': 14.463905, 'lng': 120.968741}, {'lat': 14.463784, 'lng': 120.96886}, {'lat': 14.463688, 'lng': 120.968897}, {'lat': 14.463616, 'lng': 120.968917}, {'lat': 14.463056, 'lng': 120.969068}, {'lat': 14.462712, 'lng': 120.969161}, {'lat': 14.462557, 'lng': 120.969199}, {'lat': 14.462471, 'lng': 120.969221}, {'lat': 14.462436, 'lng': 120.969228}, {'lat': 14.462372, 'lng': 120.969275}, {'lat': 14.46198, 'lng': 120.969379}, {'lat': 14.461902, 'lng': 120.9694}, {'lat': 14.46061, 'lng': 120.969738}, {'lat': 14.460159, 'lng': 120.969861}, {'lat': 14.460099, 'lng': 120.969875}, {'lat': 14.459216, 'lng': 120.970161}, {'lat': 14.459013, 'lng': 120.970227}, {'lat': 14.458678, 'lng': 120.970336}, {'lat': 14.458381, 'lng': 120.970434}, {'lat': 14.458142, 'lng': 120.970512}, {'lat': 14.457912, 'lng': 120.970589}, {'lat': 14.457842, 'lng': 120.970612}, {'lat': 14.457685, 'lng': 120.970666}, {'lat': 14.457271, 'lng': 120.97082}, {'lat': 14.457151, 'lng': 120.97087}, {'lat': 14.457043, 'lng': 120.970912}, {'lat': 14.456912, 'lng': 120.970973}, {'lat': 14.456821, 'lng': 120.97101}, {'lat': 14.456611, 'lng': 120.971097}, {'lat': 14.45647, 'lng': 120.971161}, {'lat': 14.456385, 'lng': 120.971212}, {'lat': 14.456279, 'lng': 120.971279}, {'lat': 14.456175, 'lng': 120.971369}, {'lat': 14.456069, 'lng': 120.971501}, {'lat': 14.455948, 'lng': 120.97169}, {'lat': 14.455725, 'lng': 120.972008}, {'lat': 14.455524, 'lng': 120.972293}, {'lat': 14.455482, 'lng': 120.972354}, {'lat': 14.455271, 'lng': 120.972666}, {'lat': 14.455198, 'lng': 120.972774}, {'lat': 14.455149, 'lng': 120.972846}, {'lat': 14.455115, 'lng': 120.9729}, {'lat': 14.455018, 'lng': 120.973035}, {'lat': 14.45497, 'lng': 120.973106}, {'lat': 14.454697, 'lng': 120.973503}, {'lat': 14.45464, 'lng': 120.973586}, {'lat': 14.454591, 'lng': 120.973658}, {'lat': 14.45454, 'lng': 120.973733}, {'lat': 14.454495, 'lng': 120.973799}, {'lat': 14.454404, 'lng': 120.973929}, {'lat': 14.454292, 'lng': 120.974086}, {'lat': 14.454252, 'lng': 120.974149}, {'lat': 14.453894, 'lng': 120.974669}, {'lat': 14.453654, 'lng': 120.975032}, {'lat': 14.453607, 'lng': 120.975093}, {'lat': 14.453443, 'lng': 120.975332}, {'lat': 14.453143, 'lng': 120.975769}, {'lat': 14.452896, 'lng': 120.976135}, {'lat': 14.452427, 'lng': 120.976813}, {'lat': 14.452346, 'lng': 120.976933}, {'lat': 14.452263, 'lng': 120.977052}, {'lat': 14.452152, 'lng': 120.977219}, {'lat': 14.452049, 'lng': 120.977372}, {'lat': 14.451987, 'lng': 120.977474}, {'lat': 14.451928, 'lng': 120.977567}, {'lat': 14.451874, 'lng': 120.97765}, {'lat': 14.451749, 'lng': 120.977859}, {'lat': 14.451606, 'lng': 120.978092}, {'lat': 14.451405, 'lng': 120.978421}, {'lat': 14.451338, 'lng': 120.978534}, {'lat': 14.451264, 'lng': 120.978655}, {'lat': 14.451241, 'lng': 120.978695}, {'lat': 14.451171, 'lng': 120.978809}, {'lat': 14.451068, 'lng': 120.978973}, {'lat': 14.45103, 'lng': 120.979039}, {'lat': 14.450973, 'lng': 120.979028}, {'lat': 14.450856, 'lng': 120.979002}, {'lat': 14.450699, 'lng': 120.97897}, {'lat': 14.450466, 'lng': 120.978922}, {'lat': 14.448956, 'lng': 120.978617}, {'lat': 14.448887, 'lng': 120.978603}, {'lat': 14.44884, 'lng': 120.978593}, {'lat': 14.448838, 'lng': 120.978593}, {'lat': 14.448833, 'lng': 120.978592}, {'lat': 14.448826, 'lng': 120.97859}, {'lat': 14.447432, 'lng': 120.978298}, {'lat': 14.44736, 'lng': 120.978824}, {'lat': 14.447342, 'lng': 120.979323}, {'lat': 14.447313, 'lng': 120.979947}, {'lat': 14.447282, 'lng': 120.980241}, {'lat': 14.447127, 'lng': 120.98117}, {'lat': 14.446666, 'lng': 120.981222}, {'lat': 14.446424, 'lng': 120.981254}, {'lat': 14.446095, 'lng': 120.981298}, {'lat': 14.446104, 'lng': 120.979035}]",6,1785072796663,2940.0,1560,9034.464,4739.404
route-1785072878209-2569,PoKpYDabmoiYgDuOdS63,Initial Route,"[{'lat': 14.570964, 'lng': 120.99202}, {'lat': 14.570885, 'lng': 120.991959}, {'lat': 14.57069, 'lng': 120.991801}, {'lat': 14.570519, 'lng': 120.991668}, {'lat': 14.57049, 'lng': 120.991647}, {'lat': 14.570377, 'lng': 120.991556}, {'lat': 14.570296, 'lng': 120.991491}, {'lat': 14.570179, 'lng': 120.991555}, {'lat': 14.570103, 'lng': 120.991595}, {'lat': 14.569946, 'lng': 120.991681}, {'lat': 14.569841, 'lng': 120.99174}, {'lat': 14.569817, 'lng': 120.99175}, {'lat': 14.569358, 'lng': 120.991958}, {'lat': 14.569295, 'lng': 120.991987}, {'lat': 14.568794, 'lng': 120.992214}, {'lat': 14.568619, 'lng': 120.992293}, {'lat': 14.568474, 'lng': 120.992359}, {'lat': 14.567418, 'lng': 120.992841}, {'lat': 14.567088, 'lng': 120.992987}, {'lat': 14.566997, 'lng': 120.993028}, {'lat': 14.56672, 'lng': 120.993154}, {'lat': 14.566685, 'lng': 120.99317}, {'lat': 14.56639, 'lng': 120.992505}, {'lat': 14.566465, 'lng': 120.992471}, {'lat': 14.566527, 'lng': 120.992436}, {'lat': 14.566644, 'lng': 120.992389}, {'lat': 14.56677, 'lng': 120.992331}, {'lat': 14.566791, 'lng': 120.992382}, {'lat': 14.566799, 'lng': 120.992404}]",1,1785072878209,,240,,668.275
route-1785073058188-7549,PoKpYDabmoiYgDuOdS63,Traffic Update,"[{'lat': 14.567192, 'lng': 120.992941}, {'lat': 14.567088, 'lng': 120.992987}, {'lat': 14.566997, 'lng': 120.993028}, {'lat': 14.56672, 'lng': 120.993154}, {'lat': 14.566685, 'lng': 120.99317}, {'lat': 14.56639, 'lng': 120.992505}, {'lat': 14.566465, 'lng': 120.992471}, {'lat': 14.566527, 'lng': 120.992436}, {'lat': 14.566644, 'lng': 120.992389}, {'lat': 14.56677, 'lng': 120.992331}, {'lat': 14.566791, 'lng': 120.992382}, {'lat': 14.566799, 'lng': 120.992404}]",2,1785073058188,240.0,60,668.275,195.213
route-1785073206982-4720,TZ2PUjvNBOIwQhL080Pp,Initial Route,"[{'lat': 14.566799, 'lng': 120.992404}, {'lat': 14.566791, 'lng': 120.992382}, {'lat': 14.56677, 'lng': 120.992331}, {'lat': 14.567279, 'lng': 120.992108}, {'lat': 14.567285, 'lng': 120.992104}, {'lat': 14.567502, 'lng': 120.992001}, {'lat': 14.567601, 'lng': 120.991953}, {'lat': 14.568112, 'lng': 120.99172}, {'lat': 14.568437, 'lng': 120.991584}, {'lat': 14.56876, 'lng': 120.991451}, {'lat': 14.568905, 'lng': 120.991398}, {'lat': 14.569655, 'lng': 120.991126}, {'lat': 14.569834, 'lng': 120.991271}, {'lat': 14.56995, 'lng': 120.991363}, {'lat': 14.570016, 'lng': 120.991421}, {'lat': 14.570105, 'lng': 120.991494}, {'lat': 14.57013, 'lng': 120.991515}, {'lat': 14.570179, 'lng': 120.991555}, {'lat': 14.57026, 'lng': 120.991622}, {'lat': 14.570372, 'lng': 120.99171}, {'lat': 14.570445, 'lng': 120.991776}, {'lat': 14.570811, 'lng': 120.992065}, {'lat': 14.570922, 'lng': 120.992153}, {'lat': 14.570976, 'lng': 120.992196}, {'lat': 14.570897, 'lng': 120.992239}, {'lat': 14.570459, 'lng': 120.992477}, {'lat': 14.569794, 'lng': 120.992793}, {'lat': 14.569759, 'lng': 120.99281}, {'lat': 14.569335, 'lng': 120.993012}, {'lat': 14.569188, 'lng': 120.993082}, {'lat': 14.568921, 'lng': 120.993209}, {'lat': 14.568757, 'lng': 120.993286}, {'lat': 14.568579, 'lng': 120.993372}, {'lat': 14.568446, 'lng': 120.993435}, {'lat': 14.568269, 'lng': 120.993519}, {'lat': 14.567767, 'lng': 120.993758}, {'lat': 14.567254, 'lng': 120.993993}, {'lat': 14.566852, 'lng': 120.994184}, {'lat': 14.566645, 'lng': 120.994284}, {'lat': 14.566481, 'lng': 120.994363}, {'lat': 14.566291, 'lng': 120.994456}, {'lat': 14.566099, 'lng': 120.994544}, {'lat': 14.565801, 'lng': 120.994684}, {'lat': 14.565602, 'lng': 120.994776}, {'lat': 14.56541, 'lng': 120.994866}, {'lat': 14.565663, 'lng': 120.995424}, {'lat': 14.565799, 'lng': 120.995759}, {'lat': 14.565835, 'lng': 120.995846}]",1,1785073206982,,420,,1340.965
route-1785073275693-7243,TZ2PUjvNBOIwQhL080Pp,Regenerated Route,"[{'lat': 14.566461, 'lng': 120.993279}, {'lat': 14.565962, 'lng': 120.993522}, {'lat': 14.565816, 'lng': 120.99359}, {'lat': 14.565787, 'lng': 120.993604}, {'lat': 14.565483, 'lng': 120.993753}, {'lat': 14.565289, 'lng': 120.993844}, {'lat': 14.565363, 'lng': 120.993975}, {'lat': 14.565541, 'lng': 120.993899}, {'lat': 14.56577, 'lng': 120.993789}, {'lat': 14.565787, 'lng': 120.993827}, {'lat': 14.566099, 'lng': 120.994544}, {'lat': 14.565801, 'lng': 120.994684}, {'lat': 14.565602, 'lng': 120.994776}, {'lat': 14.56541, 'lng': 120.994866}, {'lat': 14.565663, 'lng': 120.995424}, {'lat': 14.565799, 'lng': 120.995759}, {'lat': 14.565835, 'lng': 120.995846}]",2,1785073275693,420.0,180,1340.965,498.949
route-1785073392215-9227,AIZmgIucN0ef39BDcptn,Regenerated Route,"[{'lat': 14.472332, 'lng': 120.976885}, {'lat': 14.471954, 'lng': 120.977007}, {'lat': 14.47174, 'lng': 120.977094}, {'lat': 14.471714, 'lng': 120.977108}, {'lat': 14.471704, 'lng': 120.977112}, {'lat': 14.47158, 'lng': 120.977181}, {'lat': 14.47147, 'lng': 120.977242}, {'lat': 14.471275, 'lng': 120.977366}, {'lat': 14.471149, 'lng': 120.977454}, {'lat': 14.470837, 'lng': 120.977306}, {'lat': 14.47039, 'lng': 120.977102}, {'lat': 14.469628, 'lng': 120.976741}, {'lat': 14.469197, 'lng': 120.976531}, {'lat': 14.468867, 'lng': 120.976331}, {'lat': 14.468552, 'lng': 120.976117}, {'lat': 14.468311, 'lng': 120.975944}, {'lat': 14.468179, 'lng': 120.975852}, {'lat': 14.467805, 'lng': 120.975534}, {'lat': 14.467412, 'lng': 120.97514}, {'lat': 14.46705, 'lng': 120.974719}, {'lat': 14.466864, 'lng': 120.9745}, {'lat': 14.466691, 'lng': 120.974264}, {'lat': 14.466512, 'lng': 120.974007}, {'lat': 14.46632, 'lng': 120.973681}, {'lat': 14.466162, 'lng': 120.973403}, {'lat': 14.466141, 'lng': 120.973367}, {'lat': 14.46591, 'lng': 120.972958}, {'lat': 14.465811, 'lng': 120.972771}, {'lat': 14.465648, 'lng': 120.972456}, {'lat': 14.465603, 'lng': 120.972371}, {'lat': 14.465526, 'lng': 120.972218}, {'lat': 14.465429, 'lng': 120.972025}, {'lat': 14.465253, 'lng': 120.971685}, {'lat': 14.465073, 'lng': 120.971364}, {'lat': 14.464975, 'lng': 120.97119}, {'lat': 14.464889, 'lng': 120.971038}, {'lat': 14.464813, 'lng': 120.970894}, {'lat': 14.464717, 'lng': 120.970713}, {'lat': 14.464411, 'lng': 120.970135}, {'lat': 14.464404, 'lng': 120.970122}, {'lat': 14.464361, 'lng': 120.970042}, {'lat': 14.464031, 'lng': 120.969434}, {'lat': 14.463805, 'lng': 120.969018}, {'lat': 14.463765, 'lng': 120.968941}, {'lat': 14.463817, 'lng': 120.968926}, {'lat': 14.463904, 'lng': 120.968941}, {'lat': 14.464006, 'lng': 120.968934}, {'lat': 14.464243, 'lng': 120.968858}, {'lat': 14.465077, 'lng': 120.968508}, {'lat': 14.465638, 'lng': 120.968256}, {'lat': 14.465697, 'lng': 120.968215}, {'lat': 14.465715, 'lng': 120.968174}, {'lat': 14.465713, 'lng': 120.968138}, {'lat': 14.4657, 'lng': 120.968116}, {'lat': 14.465678, 'lng': 120.968093}, {'lat': 14.465651, 'lng': 120.968078}, {'lat': 14.465575, 'lng': 120.968047}, {'lat': 14.465473, 'lng': 120.968093}, {'lat': 14.465182, 'lng': 120.968218}, {'lat': 14.464569, 'lng': 120.968469}, {'lat': 14.463905, 'lng': 120.968741}, {'lat': 14.463784, 'lng': 120.96886}, {'lat': 14.463688, 'lng': 120.968897}, {'lat': 14.463616, 'lng': 120.968917}, {'lat': 14.463056, 'lng': 120.969068}, {'lat': 14.462712, 'lng': 120.969161}, {'lat': 14.462557, 'lng': 120.969199}, {'lat': 14.462471, 'lng': 120.969221}, {'lat': 14.462436, 'lng': 120.969228}, {'lat': 14.462372, 'lng': 120.969275}, {'lat': 14.46198, 'lng': 120.969379}, {'lat': 14.461902, 'lng': 120.9694}, {'lat': 14.46061, 'lng': 120.969738}, {'lat': 14.460159, 'lng': 120.969861}, {'lat': 14.460099, 'lng': 120.969875}, {'lat': 14.459216, 'lng': 120.970161}, {'lat': 14.459013, 'lng': 120.970227}, {'lat': 14.458678, 'lng': 120.970336}, {'lat': 14.458381, 'lng': 120.970434}, {'lat': 14.458142, 'lng': 120.970512}, {'lat': 14.457912, 'lng': 120.970589}, {'lat': 14.457842, 'lng': 120.970612}, {'lat': 14.457685, 'lng': 120.970666}, {'lat': 14.457271, 'lng': 120.97082}, {'lat': 14.457151, 'lng': 120.97087}, {'lat': 14.457043, 'lng': 120.970912}, {'lat': 14.456912, 'lng': 120.970973}, {'lat': 14.456821, 'lng': 120.97101}, {'lat': 14.456611, 'lng': 120.971097}, {'lat': 14.45647, 'lng': 120.971161}, {'lat': 14.456385, 'lng': 120.971212}, {'lat': 14.456279, 'lng': 120.971279}, {'lat': 14.456175, 'lng': 120.971369}, {'lat': 14.456069, 'lng': 120.971501}, {'lat': 14.455948, 'lng': 120.97169}, {'lat': 14.455725, 'lng': 120.972008}, {'lat': 14.455524, 'lng': 120.972293}, {'lat': 14.455482, 'lng': 120.972354}, {'lat': 14.455271, 'lng': 120.972666}, {'lat': 14.455198, 'lng': 120.972774}, {'lat': 14.455149, 'lng': 120.972846}, {'lat': 14.455115, 'lng': 120.9729}, {'lat': 14.455018, 'lng': 120.973035}, {'lat': 14.45497, 'lng': 120.973106}, {'lat': 14.454697, 'lng': 120.973503}, {'lat': 14.45464, 'lng': 120.973586}, {'lat': 14.454591, 'lng': 120.973658}, {'lat': 14.45454, 'lng': 120.973733}, {'lat': 14.454495, 'lng': 120.973799}, {'lat': 14.454404, 'lng': 120.973929}, {'lat': 14.454292, 'lng': 120.974086}, {'lat': 14.454252, 'lng': 120.974149}, {'lat': 14.453894, 'lng': 120.974669}, {'lat': 14.453654, 'lng': 120.975032}, {'lat': 14.453607, 'lng': 120.975093}, {'lat': 14.453443, 'lng': 120.975332}, {'lat': 14.453143, 'lng': 120.975769}, {'lat': 14.452896, 'lng': 120.976135}, {'lat': 14.452427, 'lng': 120.976813}, {'lat': 14.452346, 'lng': 120.976933}, {'lat': 14.452263, 'lng': 120.977052}, {'lat': 14.452152, 'lng': 120.977219}, {'lat': 14.452049, 'lng': 120.977372}, {'lat': 14.451987, 'lng': 120.977474}, {'lat': 14.451928, 'lng': 120.977567}, {'lat': 14.451874, 'lng': 120.97765}, {'lat': 14.451749, 'lng': 120.977859}, {'lat': 14.451606, 'lng': 120.978092}, {'lat': 14.451405, 'lng': 120.978421}, {'lat': 14.451338, 'lng': 120.978534}, {'lat': 14.451264, 'lng': 120.978655}, {'lat': 14.451241, 'lng': 120.978695}, {'lat': 14.451171, 'lng': 120.978809}, {'lat': 14.451068, 'lng': 120.978973}, {'lat': 14.45103, 'lng': 120.979039}, {'lat': 14.450973, 'lng': 120.979028}, {'lat': 14.450856, 'lng': 120.979002}, {'lat': 14.450699, 'lng': 120.97897}, {'lat': 14.450466, 'lng': 120.978922}, {'lat': 14.448956, 'lng': 120.978617}, {'lat': 14.448887, 'lng': 120.978603}, {'lat': 14.44884, 'lng': 120.978593}, {'lat': 14.448838, 'lng': 120.978593}, {'lat': 14.448833, 'lng': 120.978592}, {'lat': 14.448826, 'lng': 120.97859}, {'lat': 14.447432, 'lng': 120.978298}, {'lat': 14.44736, 'lng': 120.978824}, {'lat': 14.447342, 'lng': 120.979323}, {'lat': 14.447313, 'lng': 120.979947}, {'lat': 14.447282, 'lng': 120.980241}, {'lat': 14.447127, 'lng': 120.98117}, {'lat': 14.446666, 'lng': 120.981222}, {'lat': 14.446424, 'lng': 120.981254}, {'lat': 14.446095, 'lng': 120.981298}, {'lat': 14.446104, 'lng': 120.979035}]",7,1785073392215,1560.0,1620,4739.404,4875.345
route-1785073431426-2898,PkUcjEkzhNhz024BOBeH,Initial Route,"[{'lat': 14.565911, 'lng': 120.99603}, {'lat': 14.566212, 'lng': 120.996755}, {'lat': 14.566163, 'lng': 120.996769}, {'lat': 14.565602, 'lng': 120.996934}, {'lat': 14.565538, 'lng': 120.996953}, {'lat': 14.56552, 'lng': 120.996913}, {'lat': 14.565271, 'lng': 120.996337}, {'lat': 14.565193, 'lng': 120.996158}, {'lat': 14.565005, 'lng': 120.995723}, {'lat': 14.564916, 'lng': 120.995529}, {'lat': 14.564765, 'lng': 120.995201}, {'lat': 14.564749, 'lng': 120.995165}, {'lat': 14.564733, 'lng': 120.99513}, {'lat': 14.564415, 'lng': 120.994463}, {'lat': 14.564398, 'lng': 120.99443}, {'lat': 14.564506, 'lng': 120.99438}, {'lat': 14.565142, 'lng': 120.994072}, {'lat': 14.565203, 'lng': 120.994046}, {'lat': 14.56533, 'lng': 120.993989}, {'lat': 14.565363, 'lng': 120.993975}, {'lat': 14.565541, 'lng': 120.993899}, {'lat': 14.56577, 'lng': 120.993789}, {'lat': 14.565852, 'lng': 120.993749}, {'lat': 14.566025, 'lng': 120.993666}, {'lat': 14.566308, 'lng': 120.993531}, {'lat': 14.566404, 'lng': 120.993484}, {'lat': 14.566753, 'lng': 120.993317}, {'lat': 14.566685, 'lng': 120.99317}, {'lat': 14.56598, 'lng': 120.993513}]",1,1785073431426,,300,,855.711
route-1785073483182-9015,PkUcjEkzhNhz024BOBeH,Regenerated Route,"[{'lat': 14.565566, 'lng': 120.994793}, {'lat': 14.565602, 'lng': 120.994776}, {'lat': 14.565801, 'lng': 120.994684}, {'lat': 14.566099, 'lng': 120.994544}, {'lat': 14.565787, 'lng': 120.993827}, {'lat': 14.56577, 'lng': 120.993789}, {'lat': 14.565852, 'lng': 120.993749}, {'lat': 14.566025, 'lng': 120.993666}, {'lat': 14.566308, 'lng': 120.993531}, {'lat': 14.566404, 'lng': 120.993484}, {'lat': 14.566753, 'lng': 120.993317}, {'lat': 14.566685, 'lng': 120.99317}, {'lat': 14.56598, 'lng': 120.993513}]",2,1785073483182,300.0,120,855.711,379.301
route-1785073490160-4340,21cyD42FbKfUXVltKqWX,Initial Route,"[{'lat': 14.591423, 'lng': 120.997948}, {'lat': 14.59123, 'lng': 120.997909}, {'lat': 14.591276, 'lng': 120.997645}, {'lat': 14.59169, 'lng': 120.997717}]",1,1785073490160,,60,,97.479
route-1785073696942-2944,AIZmgIucN0ef39BDcptn,Traffic Update,"[{'lat': 14.450924, 'lng': 120.978324}, {'lat': 14.450757, 'lng': 120.97829}, {'lat': 14.450592, 'lng': 120.978253}, {'lat': 14.450538, 'lng': 120.978514}, {'lat': 14.450511, 'lng': 120.978655}, {'lat': 14.450466, 'lng': 120.978922}, {'lat': 14.448956, 'lng': 120.978617}, {'lat': 14.448887, 'lng': 120.978603}, {'lat': 14.44884, 'lng': 120.978593}, {'lat': 14.448838, 'lng': 120.978593}, {'lat': 14.448833, 'lng': 120.978592}, {'lat': 14.448826, 'lng': 120.97859}, {'lat': 14.447432, 'lng': 120.978298}, {'lat': 14.44736, 'lng': 120.978824}, {'lat': 14.447342, 'lng': 120.979323}, {'lat': 14.447313, 'lng': 120.979947}, {'lat': 14.447282, 'lng': 120.980241}, {'lat': 14.447127, 'lng': 120.98117}, {'lat': 14.446666, 'lng': 120.981222}, {'lat': 14.446424, 'lng': 120.981254}, {'lat': 14.446095, 'lng': 120.981298}, {'lat': 14.446104, 'lng': 120.979035}]",8,1785073696942,1620.0,360,4875.345,1127.205
route-1785073699871-5158,AIZmgIucN0ef39BDcptn,Traffic Update,"[{'lat': 14.446106, 'lng': 120.978605}, {'lat': 14.446104, 'lng': 120.979035}]",9,1785073699871,360.0,0,1127.205,46.365
route-1785074267634-699,oH4wwFa6BEipVvZqJyLG,Initial Route,"[{'lat': 14.440361, 'lng': 121.000268}, {'lat': 14.440412, 'lng': 121.000291}, {'lat': 14.440298, 'lng': 121.000502}, {'lat': 14.440277, 'lng': 121.000536}, {'lat': 14.440232, 'lng': 121.000624}, {'lat': 14.440079, 'lng': 121.000899}, {'lat': 14.44004, 'lng': 121.000967}, {'lat': 14.440004, 'lng': 121.001036}, {'lat': 14.439962, 'lng': 121.00111}, {'lat': 14.439844, 'lng': 121.001333}, {'lat': 14.439669, 'lng': 121.001653}, {'lat': 14.439601, 'lng': 121.001783}, {'lat': 14.439548, 'lng': 121.001881}, {'lat': 14.439466, 'lng': 121.00204}, {'lat': 14.439355, 'lng': 121.002244}, {'lat': 14.439255, 'lng': 121.002426}, {'lat': 14.439222, 'lng': 121.002486}, {'lat': 14.439191, 'lng': 121.002539}, {'lat': 14.439127, 'lng': 121.002661}, {'lat': 14.439086, 'lng': 121.002741}, {'lat': 14.439055, 'lng': 121.002801}, {'lat': 14.438935, 'lng': 121.003024}, {'lat': 14.438866, 'lng': 121.003153}, {'lat': 14.438794, 'lng': 121.003288}, {'lat': 14.438724, 'lng': 121.003423}, {'lat': 14.438628, 'lng': 121.003597}, {'lat': 14.438481, 'lng': 121.003872}, {'lat': 14.438418, 'lng': 121.003985}, {'lat': 14.438314, 'lng': 121.004174}, {'lat': 14.438268, 'lng': 121.004255}, {'lat': 14.43823, 'lng': 121.004326}, {'lat': 14.43815, 'lng': 121.004477}, {'lat': 14.438072, 'lng': 121.004624}, {'lat': 14.438038, 'lng': 121.004689}, {'lat': 14.438018, 'lng': 121.004727}, {'lat': 14.43799, 'lng': 121.004781}, {'lat': 14.437811, 'lng': 121.005113}, {'lat': 14.43767, 'lng': 121.005379}, {'lat': 14.437645, 'lng': 121.005429}, {'lat': 14.437598, 'lng': 121.005513}, {'lat': 14.437545, 'lng': 121.005612}, {'lat': 14.437525, 'lng': 121.005651}, {'lat': 14.437504, 'lng': 121.005685}, {'lat': 14.437307, 'lng': 121.006054}, {'lat': 14.437269, 'lng': 121.006128}, {'lat': 14.437171, 'lng': 121.006315}, {'lat': 14.43709, 'lng': 121.006457}, {'lat': 14.436993, 'lng': 121.00664}, {'lat': 14.436887, 'lng': 121.006834}, {'lat': 14.436808, 'lng': 121.006786}, {'lat': 14.436751, 'lng': 121.006751}, {'lat': 14.436559, 'lng': 121.006643}, {'lat': 14.435971, 'lng': 121.00633}, {'lat': 14.435752, 'lng': 121.006209}, {'lat': 14.435663, 'lng': 121.006154}, {'lat': 14.435559, 'lng': 121.006098}, {'lat': 14.435516, 'lng': 121.006075}, {'lat': 14.435421, 'lng': 121.006024}, {'lat': 14.43539, 'lng': 121.006007}, {'lat': 14.435236, 'lng': 121.00593}, {'lat': 14.435105, 'lng': 121.005854}, {'lat': 14.434904, 'lng': 121.005755}, {'lat': 14.434709, 'lng': 121.005658}, {'lat': 14.434373, 'lng': 121.005493}, {'lat': 14.434334, 'lng': 121.005473}, {'lat': 14.43425, 'lng': 121.005437}, {'lat': 14.43408, 'lng': 121.005358}, {'lat': 14.433614, 'lng': 121.005143}, {'lat': 14.433517, 'lng': 121.005098}, {'lat': 14.433351, 'lng': 121.005021}, {'lat': 14.433253, 'lng': 121.004972}, {'lat': 14.433228, 'lng': 121.004959}, {'lat': 14.433118, 'lng': 121.004903}, {'lat': 14.432949, 'lng': 121.004816}, {'lat': 14.432728, 'lng': 121.004703}, {'lat': 14.432669, 'lng': 121.004672}, {'lat': 14.432648, 'lng': 121.004663}, {'lat': 14.432458, 'lng': 121.004574}, {'lat': 14.432375, 'lng': 121.004535}, {'lat': 14.432284, 'lng': 121.004492}, {'lat': 14.43192, 'lng': 121.004322}, {'lat': 14.431656, 'lng': 121.004191}, {'lat': 14.431625, 'lng': 121.004176}, {'lat': 14.43158, 'lng': 121.004153}, {'lat': 14.431541, 'lng': 121.004135}, {'lat': 14.431372, 'lng': 121.004054}, {'lat': 14.431309, 'lng': 121.004023}, {'lat': 14.431179, 'lng': 121.003958}, {'lat': 14.430975, 'lng': 121.003856}, {'lat': 14.430163, 'lng': 121.003464}, {'lat': 14.430084, 'lng': 121.003425}, {'lat': 14.429931, 'lng': 121.003345}, {'lat': 14.42989, 'lng': 121.003323}, {'lat': 14.429711, 'lng': 121.003233}, {'lat': 14.42963, 'lng': 121.003195}, {'lat': 14.429367, 'lng': 121.003064}, {'lat': 14.42894, 'lng': 121.002867}, {'lat': 14.428873, 'lng': 121.002836}, {'lat': 14.428741, 'lng': 121.002782}, {'lat': 14.428602, 'lng': 121.002729}, {'lat': 14.4285, 'lng': 121.002689}, {'lat': 14.428373, 'lng': 121.002644}, {'lat': 14.428258, 'lng': 121.002604}, {'lat': 14.428167, 'lng': 121.002577}, {'lat': 14.428059, 'lng': 121.002544}, {'lat': 14.427402, 'lng': 121.002352}, {'lat': 14.427365, 'lng': 121.002341}, {'lat': 14.42726, 'lng': 121.002311}, {'lat': 14.427229, 'lng': 121.002302}, {'lat': 14.427025, 'lng': 121.002248}, {'lat': 14.427003, 'lng': 121.00224}, {'lat': 14.426846, 'lng': 121.002188}, {'lat': 14.426398, 'lng': 121.002039}, {'lat': 14.426275, 'lng': 121.001983}, {'lat': 14.4261, 'lng': 121.001876}, {'lat': 14.425883, 'lng': 121.001694}, {'lat': 14.425855, 'lng': 121.001672}, {'lat': 14.425823, 'lng': 121.001645}, {'lat': 14.425782, 'lng': 121.00161}, {'lat': 14.425502, 'lng': 121.001362}, {'lat': 14.4253, 'lng': 121.001189}, {'lat': 14.425216, 'lng': 121.001104}, {'lat': 14.42508, 'lng': 121.000945}, {'lat': 14.42493, 'lng': 121.000714}, {'lat': 14.424777, 'lng': 121.000432}, {'lat': 14.424284, 'lng': 120.999442}, {'lat': 14.424266, 'lng': 120.99941}, {'lat': 14.424142, 'lng': 120.999189}, {'lat': 14.424016, 'lng': 120.998975}, {'lat': 14.423401, 'lng': 120.998286}, {'lat': 14.423093, 'lng': 120.997972}, {'lat': 14.422784, 'lng': 120.997625}, {'lat': 14.422375, 'lng': 120.997161}, {'lat': 14.421582, 'lng': 120.996259}, {'lat': 14.421128, 'lng': 120.995788}, {'lat': 14.420981, 'lng': 120.995637}, {'lat': 14.420658, 'lng': 120.995356}, {'lat': 14.420234, 'lng': 120.995861}, {'lat': 14.420063, 'lng': 120.996019}, {'lat': 14.42003, 'lng': 120.996053}, {'lat': 14.419242, 'lng': 120.996956}, {'lat': 14.419154, 'lng': 120.997051}, {'lat': 14.418987, 'lng': 120.997238}, {'lat': 14.418933, 'lng': 120.997285}, {'lat': 14.418882, 'lng': 120.99732}, {'lat': 14.418824, 'lng': 120.997345}, {'lat': 14.418767, 'lng': 120.997361}, {'lat': 14.419023, 'lng': 120.997693}, {'lat': 14.419517, 'lng': 120.998351}, {'lat': 14.42013, 'lng': 120.999381}, {'lat': 14.419576, 'lng': 120.999477}, {'lat': 14.418945, 'lng': 120.999614}, {'lat': 14.418452, 'lng': 120.99972}, {'lat': 14.418133, 'lng': 120.999794}, {'lat': 14.418061, 'lng': 120.99981}, {'lat': 14.418145, 'lng': 121.00025}, {'lat': 14.418235, 'lng': 121.000719}, {'lat': 14.418323, 'lng': 121.001142}, {'lat': 14.418643, 'lng': 121.002301}, {'lat': 14.418685, 'lng': 121.002452}, {'lat': 14.418955, 'lng': 121.00249}, {'lat': 14.419007, 'lng': 121.002503}, {'lat': 14.419047, 'lng': 121.002534}, {'lat': 14.419053, 'lng': 121.002577}, {'lat': 14.41904, 'lng': 121.002619}, {'lat': 14.418448, 'lng': 121.003603}]",1,1785074267634,,1440,,4340.959
route-1785075061254-6447,oH4wwFa6BEipVvZqJyLG,Traffic Update,"[{'lat': 14.433118, 'lng': 121.004903}, {'lat': 14.432949, 'lng': 121.004816}, {'lat': 14.432728, 'lng': 121.004703}, {'lat': 14.432669, 'lng': 121.004672}, {'lat': 14.432648, 'lng': 121.004663}, {'lat': 14.432458, 'lng': 121.004574}, {'lat': 14.432375, 'lng': 121.004535}, {'lat': 14.432284, 'lng': 121.004492}, {'lat': 14.43192, 'lng': 121.004322}, {'lat': 14.431656, 'lng': 121.004191}, {'lat': 14.431625, 'lng': 121.004176}, {'lat': 14.43158, 'lng': 121.004153}, {'lat': 14.431541, 'lng': 121.004135}, {'lat': 14.431372, 'lng': 121.004054}, {'lat': 14.431309, 'lng': 121.004023}, {'lat': 14.431179, 'lng': 121.003958}, {'lat': 14.430975, 'lng': 121.003856}, {'lat': 14.430163, 'lng': 121.003464}, {'lat': 14.430084, 'lng': 121.003425}, {'lat': 14.429931, 'lng': 121.003345}, {'lat': 14.42989, 'lng': 121.003323}, {'lat': 14.429711, 'lng': 121.003233}, {'lat': 14.42963, 'lng': 121.003195}, {'lat': 14.429367, 'lng': 121.003064}, {'lat': 14.42894, 'lng': 121.002867}, {'lat': 14.428873, 'lng': 121.002836}, {'lat': 14.428741, 'lng': 121.002782}, {'lat': 14.428602, 'lng': 121.002729}, {'lat': 14.4285, 'lng': 121.002689}, {'lat': 14.428373, 'lng': 121.002644}, {'lat': 14.428258, 'lng': 121.002604}, {'lat': 14.428167, 'lng': 121.002577}, {'lat': 14.428059, 'lng': 121.002544}, {'lat': 14.427402, 'lng': 121.002352}, {'lat': 14.427365, 'lng': 121.002341}, {'lat': 14.42726, 'lng': 121.002311}, {'lat': 14.427229, 'lng': 121.002302}, {'lat': 14.427025, 'lng': 121.002248}, {'lat': 14.427003, 'lng': 121.00224}, {'lat': 14.426846, 'lng': 121.002188}, {'lat': 14.426398, 'lng': 121.002039}, {'lat': 14.426275, 'lng': 121.001983}, {'lat': 14.4261, 'lng': 121.001876}, {'lat': 14.425883, 'lng': 121.001694}, {'lat': 14.425855, 'lng': 121.001672}, {'lat': 14.425823, 'lng': 121.001645}, {'lat': 14.425782, 'lng': 121.00161}, {'lat': 14.425502, 'lng': 121.001362}, {'lat': 14.4253, 'lng': 121.001189}, {'lat': 14.425216, 'lng': 121.001104}, {'lat': 14.42508, 'lng': 121.000945}, {'lat': 14.42493, 'lng': 121.000714}, {'lat': 14.424777, 'lng': 121.000432}, {'lat': 14.424284, 'lng': 120.999442}, {'lat': 14.424266, 'lng': 120.99941}, {'lat': 14.424142, 'lng': 120.999189}, {'lat': 14.424016, 'lng': 120.998975}, {'lat': 14.423401, 'lng': 120.998286}, {'lat': 14.423093, 'lng': 120.997972}, {'lat': 14.422784, 'lng': 120.997625}, {'lat': 14.422375, 'lng': 120.997161}, {'lat': 14.421582, 'lng': 120.996259}, {'lat': 14.421128, 'lng': 120.995788}, {'lat': 14.420981, 'lng': 120.995637}, {'lat': 14.420658, 'lng': 120.995356}, {'lat': 14.420234, 'lng': 120.995861}, {'lat': 14.420063, 'lng': 120.996019}, {'lat': 14.42003, 'lng': 120.996053}, {'lat': 14.419242, 'lng': 120.996956}, {'lat': 14.419154, 'lng': 120.997051}, {'lat': 14.418987, 'lng': 120.997238}, {'lat': 14.418933, 'lng': 120.997285}, {'lat': 14.418882, 'lng': 120.99732}, {'lat': 14.418824, 'lng': 120.997345}, {'lat': 14.418767, 'lng': 120.997361}, {'lat': 14.419023, 'lng': 120.997693}, {'lat': 14.419517, 'lng': 120.998351}, {'lat': 14.42013, 'lng': 120.999381}, {'lat': 14.419576, 'lng': 120.999477}, {'lat': 14.418945, 'lng': 120.999614}, {'lat': 14.418452, 'lng': 120.99972}, {'lat': 14.418133, 'lng': 120.999794}, {'lat': 14.418061, 'lng': 120.99981}, {'lat': 14.418145, 'lng': 121.00025}, {'lat': 14.418235, 'lng': 121.000719}, {'lat': 14.418323, 'lng': 121.001142}, {'lat': 14.418643, 'lng': 121.002301}, {'lat': 14.418685, 'lng': 121.002452}, {'lat': 14.418955, 'lng': 121.00249}, {'lat': 14.419007, 'lng': 121.002503}, {'lat': 14.419047, 'lng': 121.002534}, {'lat': 14.419053, 'lng': 121.002577}, {'lat': 14.41904, 'lng': 121.002619}, {'lat': 14.418448, 'lng': 121.003603}]",2,1785075061254,1440.0,720,4340.959,3058.927
route-1785075497277-3702,4e2zyVgMh5Jd1YfcwlrK,Initial Route,"[{'lat': 14.419053, 'lng': 120.997164}, {'lat': 14.419154, 'lng': 120.997051}, {'lat': 14.419242, 'lng': 120.996956}, {'lat': 14.42003, 'lng': 120.996053}, {'lat': 14.420063, 'lng': 120.996019}, {'lat': 14.420234, 'lng': 120.995861}, {'lat': 14.420658, 'lng': 120.995356}, {'lat': 14.420981, 'lng': 120.995637}, {'lat': 14.421128, 'lng': 120.995788}, {'lat': 14.421582, 'lng': 120.996259}, {'lat': 14.422375, 'lng': 120.997161}, {'lat': 14.422784, 'lng': 120.997625}, {'lat': 14.423093, 'lng': 120.997972}, {'lat': 14.423401, 'lng': 120.998286}, {'lat': 14.424016, 'lng': 120.998975}, {'lat': 14.424142, 'lng': 120.999189}, {'lat': 14.424266, 'lng': 120.99941}, {'lat': 14.424284, 'lng': 120.999442}, {'lat': 14.424777, 'lng': 121.000432}, {'lat': 14.42493, 'lng': 121.000714}, {'lat': 14.42508, 'lng': 121.000945}, {'lat': 14.425216, 'lng': 121.001104}, {'lat': 14.4253, 'lng': 121.001189}, {'lat': 14.425502, 'lng': 121.001362}, {'lat': 14.425782, 'lng': 121.00161}, {'lat': 14.425823, 'lng': 121.001645}, {'lat': 14.425855, 'lng': 121.001672}, {'lat': 14.425883, 'lng': 121.001694}, {'lat': 14.4261, 'lng': 121.001876}, {'lat': 14.426275, 'lng': 121.001983}, {'lat': 14.426398, 'lng': 121.002039}, {'lat': 14.426846, 'lng': 121.002188}, {'lat': 14.427003, 'lng': 121.00224}, {'lat': 14.427025, 'lng': 121.002248}, {'lat': 14.427229, 'lng': 121.002302}, {'lat': 14.42726, 'lng': 121.002311}, {'lat': 14.427365, 'lng': 121.002341}, {'lat': 14.427402, 'lng': 121.002352}, {'lat': 14.428059, 'lng': 121.002544}, {'lat': 14.428167, 'lng': 121.002577}, {'lat': 14.428258, 'lng': 121.002604}, {'lat': 14.428373, 'lng': 121.002644}, {'lat': 14.4285, 'lng': 121.002689}, {'lat': 14.428602, 'lng': 121.002729}, {'lat': 14.428741, 'lng': 121.002782}, {'lat': 14.428873, 'lng': 121.002836}, {'lat': 14.42894, 'lng': 121.002867}, {'lat': 14.429367, 'lng': 121.003064}, {'lat': 14.42963, 'lng': 121.003195}, {'lat': 14.429711, 'lng': 121.003233}, {'lat': 14.42989, 'lng': 121.003323}, {'lat': 14.429931, 'lng': 121.003345}, {'lat': 14.430084, 'lng': 121.003425}, {'lat': 14.430163, 'lng': 121.003464}, {'lat': 14.430975, 'lng': 121.003856}, {'lat': 14.431179, 'lng': 121.003958}, {'lat': 14.431309, 'lng': 121.004023}, {'lat': 14.431372, 'lng': 121.004054}, {'lat': 14.431541, 'lng': 121.004135}, {'lat': 14.43158, 'lng': 121.004153}, {'lat': 14.431625, 'lng': 121.004176}, {'lat': 14.431656, 'lng': 121.004191}, {'lat': 14.43192, 'lng': 121.004322}, {'lat': 14.432284, 'lng': 121.004492}, {'lat': 14.432375, 'lng': 121.004535}, {'lat': 14.432458, 'lng': 121.004574}, {'lat': 14.432648, 'lng': 121.004663}, {'lat': 14.432669, 'lng': 121.004672}, {'lat': 14.432728, 'lng': 121.004703}, {'lat': 14.432949, 'lng': 121.004816}, {'lat': 14.433118, 'lng': 121.004903}, {'lat': 14.433228, 'lng': 121.004959}, {'lat': 14.433253, 'lng': 121.004972}, {'lat': 14.433351, 'lng': 121.005021}, {'lat': 14.433517, 'lng': 121.005098}, {'lat': 14.433614, 'lng': 121.005143}, {'lat': 14.43408, 'lng': 121.005358}, {'lat': 14.43425, 'lng': 121.005437}, {'lat': 14.434334, 'lng': 121.005473}, {'lat': 14.434373, 'lng': 121.005493}, {'lat': 14.434709, 'lng': 121.005658}, {'lat': 14.434904, 'lng': 121.005755}, {'lat': 14.435105, 'lng': 121.005854}, {'lat': 14.435236, 'lng': 121.00593}, {'lat': 14.43539, 'lng': 121.006007}, {'lat': 14.435421, 'lng': 121.006024}, {'lat': 14.435516, 'lng': 121.006075}, {'lat': 14.435559, 'lng': 121.006098}, {'lat': 14.435663, 'lng': 121.006154}, {'lat': 14.435752, 'lng': 121.006209}, {'lat': 14.435971, 'lng': 121.00633}, {'lat': 14.436282, 'lng': 121.006496}, {'lat': 14.436346, 'lng': 121.00653}, {'lat': 14.436559, 'lng': 121.006643}, {'lat': 14.436751, 'lng': 121.006751}, {'lat': 14.436808, 'lng': 121.006786}, {'lat': 14.436887, 'lng': 121.006834}, {'lat': 14.436794, 'lng': 121.007002}, {'lat': 14.436708, 'lng': 121.007169}, {'lat': 14.436596, 'lng': 121.007382}, {'lat': 14.436557, 'lng': 121.007453}, {'lat': 14.436541, 'lng': 121.007483}, {'lat': 14.436516, 'lng': 121.007531}, {'lat': 14.436443, 'lng': 121.007664}, {'lat': 14.43632, 'lng': 121.007885}, {'lat': 14.436248, 'lng': 121.008029}, {'lat': 14.436216, 'lng': 121.008092}, {'lat': 14.436187, 'lng': 121.008144}, {'lat': 14.436126, 'lng': 121.008261}, {'lat': 14.436114, 'lng': 121.008281}, {'lat': 14.436043, 'lng': 121.008413}, {'lat': 14.435966, 'lng': 121.008559}, {'lat': 14.435883, 'lng': 121.008706}, {'lat': 14.435818, 'lng': 121.008821}, {'lat': 14.435766, 'lng': 121.008918}, {'lat': 14.435639, 'lng': 121.009161}, {'lat': 14.435615, 'lng': 121.009206}, {'lat': 14.435422, 'lng': 121.009572}, {'lat': 14.435318, 'lng': 121.009754}, {'lat': 14.435247, 'lng': 121.009889}, {'lat': 14.435169, 'lng': 121.010036}, {'lat': 14.435037, 'lng': 121.010275}, {'lat': 14.434959, 'lng': 121.010423}, {'lat': 14.434878, 'lng': 121.010572}, {'lat': 14.434701, 'lng': 121.01091}, {'lat': 14.434599, 'lng': 121.01099}, {'lat': 14.434489, 'lng': 121.011136}, {'lat': 14.434459, 'lng': 121.01119}, {'lat': 14.434182, 'lng': 121.011644}, {'lat': 14.434093, 'lng': 121.011788}, {'lat': 14.434064, 'lng': 121.011836}, {'lat': 14.433924, 'lng': 121.012063}, {'lat': 14.433797, 'lng': 121.012242}, {'lat': 14.43378, 'lng': 121.012266}, {'lat': 14.433637, 'lng': 121.012453}, {'lat': 14.433555, 'lng': 121.012551}, {'lat': 14.433479, 'lng': 121.012722}, {'lat': 14.433418, 'lng': 121.01279}, {'lat': 14.433393, 'lng': 121.012815}, {'lat': 14.433227, 'lng': 121.012984}, {'lat': 14.433181, 'lng': 121.013028}, {'lat': 14.432984, 'lng': 121.013214}, {'lat': 14.432705, 'lng': 121.013472}, {'lat': 14.432573, 'lng': 121.01359}, {'lat': 14.432499, 'lng': 121.01366}, {'lat': 14.432417, 'lng': 121.013737}, {'lat': 14.432304, 'lng': 121.013844}, {'lat': 14.432183, 'lng': 121.01396}, {'lat': 14.432092, 'lng': 121.014043}, {'lat': 14.431963, 'lng': 121.014165}, {'lat': 14.431894, 'lng': 121.014222}, {'lat': 14.431863, 'lng': 121.014186}, {'lat': 14.431832, 'lng': 121.014149}, {'lat': 14.431688, 'lng': 121.013995}, {'lat': 14.431614, 'lng': 121.013932}, {'lat': 14.431492, 'lng': 121.013861}, {'lat': 14.430543, 'lng': 121.013361}, {'lat': 14.430331, 'lng': 121.013255}]",1,1785075497277,,900,,3703.819
route-1785075912406-1992,4e2zyVgMh5Jd1YfcwlrK,Traffic Update,"[{'lat': 14.428744, 'lng': 121.002783}, {'lat': 14.428873, 'lng': 121.002836}, {'lat': 14.42894, 'lng': 121.002867}, {'lat': 14.429367, 'lng': 121.003064}, {'lat': 14.42963, 'lng': 121.003195}, {'lat': 14.429711, 'lng': 121.003233}, {'lat': 14.42989, 'lng': 121.003323}, {'lat': 14.429931, 'lng': 121.003345}, {'lat': 14.430084, 'lng': 121.003425}, {'lat': 14.430163, 'lng': 121.003464}, {'lat': 14.430975, 'lng': 121.003856}, {'lat': 14.431179, 'lng': 121.003958}, {'lat': 14.431309, 'lng': 121.004023}, {'lat': 14.431372, 'lng': 121.004054}, {'lat': 14.431541, 'lng': 121.004135}, {'lat': 14.43158, 'lng': 121.004153}, {'lat': 14.431625, 'lng': 121.004176}, {'lat': 14.431656, 'lng': 121.004191}, {'lat': 14.43192, 'lng': 121.004322}, {'lat': 14.432284, 'lng': 121.004492}, {'lat': 14.432375, 'lng': 121.004535}, {'lat': 14.432458, 'lng': 121.004574}, {'lat': 14.432648, 'lng': 121.004663}, {'lat': 14.432669, 'lng': 121.004672}, {'lat': 14.432728, 'lng': 121.004703}, {'lat': 14.432949, 'lng': 121.004816}, {'lat': 14.433118, 'lng': 121.004903}, {'lat': 14.433228, 'lng': 121.004959}, {'lat': 14.433253, 'lng': 121.004972}, {'lat': 14.433351, 'lng': 121.005021}, {'lat': 14.433517, 'lng': 121.005098}, {'lat': 14.433614, 'lng': 121.005143}, {'lat': 14.43408, 'lng': 121.005358}, {'lat': 14.43425, 'lng': 121.005437}, {'lat': 14.434334, 'lng': 121.005473}, {'lat': 14.434373, 'lng': 121.005493}, {'lat': 14.434709, 'lng': 121.005658}, {'lat': 14.434904, 'lng': 121.005755}, {'lat': 14.435105, 'lng': 121.005854}, {'lat': 14.435236, 'lng': 121.00593}, {'lat': 14.43539, 'lng': 121.006007}, {'lat': 14.435421, 'lng': 121.006024}, {'lat': 14.435516, 'lng': 121.006075}, {'lat': 14.435559, 'lng': 121.006098}, {'lat': 14.435663, 'lng': 121.006154}, {'lat': 14.435752, 'lng': 121.006209}, {'lat': 14.435971, 'lng': 121.00633}, {'lat': 14.436282, 'lng': 121.006496}, {'lat': 14.436346, 'lng': 121.00653}, {'lat': 14.436559, 'lng': 121.006643}, {'lat': 14.436751, 'lng': 121.006751}, {'lat': 14.436808, 'lng': 121.006786}, {'lat': 14.436887, 'lng': 121.006834}, {'lat': 14.436794, 'lng': 121.007002}, {'lat': 14.436708, 'lng': 121.007169}, {'lat': 14.436596, 'lng': 121.007382}, {'lat': 14.436557, 'lng': 121.007453}, {'lat': 14.436541, 'lng': 121.007483}, {'lat': 14.436516, 'lng': 121.007531}, {'lat': 14.436443, 'lng': 121.007664}, {'lat': 14.43632, 'lng': 121.007885}, {'lat': 14.436248, 'lng': 121.008029}, {'lat': 14.436216, 'lng': 121.008092}, {'lat': 14.436187, 'lng': 121.008144}, {'lat': 14.436126, 'lng': 121.008261}, {'lat': 14.436114, 'lng': 121.008281}, {'lat': 14.436043, 'lng': 121.008413}, {'lat': 14.435966, 'lng': 121.008559}, {'lat': 14.435883, 'lng': 121.008706}, {'lat': 14.435818, 'lng': 121.008821}, {'lat': 14.435766, 'lng': 121.008918}, {'lat': 14.435639, 'lng': 121.009161}, {'lat': 14.435615, 'lng': 121.009206}, {'lat': 14.435422, 'lng': 121.009572}, {'lat': 14.435318, 'lng': 121.009754}, {'lat': 14.435247, 'lng': 121.009889}, {'lat': 14.435169, 'lng': 121.010036}, {'lat': 14.435037, 'lng': 121.010275}, {'lat': 14.434959, 'lng': 121.010423}, {'lat': 14.434878, 'lng': 121.010572}, {'lat': 14.434701, 'lng': 121.01091}, {'lat': 14.434599, 'lng': 121.01099}, {'lat': 14.434489, 'lng': 121.011136}, {'lat': 14.434459, 'lng': 121.01119}, {'lat': 14.434182, 'lng': 121.011644}, {'lat': 14.434064, 'lng': 121.011836}, {'lat': 14.434006, 'lng': 121.011929}, {'lat': 14.433924, 'lng': 121.012063}, {'lat': 14.433802, 'lng': 121.012234}, {'lat': 14.43378, 'lng': 121.012266}, {'lat': 14.433637, 'lng': 121.012453}, {'lat': 14.433566, 'lng': 121.012538}, {'lat': 14.433555, 'lng': 121.012551}, {'lat': 14.433479, 'lng': 121.012722}, {'lat': 14.433418, 'lng': 121.01279}, {'lat': 14.433393, 'lng': 121.012815}, {'lat': 14.433227, 'lng': 121.012984}, {'lat': 14.433181, 'lng': 121.013028}, {'lat': 14.432984, 'lng': 121.013214}, {'lat': 14.432705, 'lng': 121.013472}, {'lat': 14.432573, 'lng': 121.01359}, {'lat': 14.432499, 'lng': 121.01366}, {'lat': 14.432417, 'lng': 121.013737}, {'lat': 14.432304, 'lng': 121.013844}, {'lat': 14.432183, 'lng': 121.01396}, {'lat': 14.432092, 'lng': 121.014043}, {'lat': 14.431963, 'lng': 121.014165}, {'lat': 14.431894, 'lng': 121.014222}, {'lat': 14.431863, 'lng': 121.014186}, {'lat': 14.431832, 'lng': 121.014149}, {'lat': 14.431688, 'lng': 121.013995}, {'lat': 14.431614, 'lng': 121.013932}, {'lat': 14.431492, 'lng': 121.013861}, {'lat': 14.430543, 'lng': 121.013361}, {'lat': 14.430331, 'lng': 121.013255}]",2,1785075912406,900.0,540,3703.819,2192.422
route-1785075913469-2812,4e2zyVgMh5Jd1YfcwlrK,Traffic Update,"[{'lat': 14.431646, 'lng': 121.013959}, {'lat': 14.431614, 'lng': 121.013932}, {'lat': 14.431492, 'lng': 121.013861}, {'lat': 14.430543, 'lng': 121.013361}, {'lat': 14.430331, 'lng': 121.013255}]",3,1785075913469,540.0,60,2192.422,165.08
route-1785076720800-2285,5mWNb17qt9d95ot1oHVZ,Initial Route,"[{'lat': 14.428274, 'lng': 121.012563}, {'lat': 14.428213, 'lng': 121.012739}, {'lat': 14.428139, 'lng': 121.012944}, {'lat': 14.428074, 'lng': 121.013122}, {'lat': 14.428173, 'lng': 121.013109}, {'lat': 14.428268, 'lng': 121.013082}, {'lat': 14.428359, 'lng': 121.013046}, {'lat': 14.428438, 'lng': 121.013026}, {'lat': 14.429007, 'lng': 121.012987}, {'lat': 14.429096, 'lng': 121.012983}, {'lat': 14.429659, 'lng': 121.01296}, {'lat': 14.429805, 'lng': 121.012993}, {'lat': 14.430086, 'lng': 121.013133}, {'lat': 14.430543, 'lng': 121.013361}, {'lat': 14.431492, 'lng': 121.013861}, {'lat': 14.431614, 'lng': 121.013932}, {'lat': 14.431688, 'lng': 121.013995}, {'lat': 14.431832, 'lng': 121.014149}, {'lat': 14.431863, 'lng': 121.014186}, {'lat': 14.431894, 'lng': 121.014222}, {'lat': 14.431963, 'lng': 121.014165}, {'lat': 14.432092, 'lng': 121.014043}, {'lat': 14.432183, 'lng': 121.01396}, {'lat': 14.432304, 'lng': 121.013844}, {'lat': 14.432417, 'lng': 121.013737}, {'lat': 14.432499, 'lng': 121.01366}, {'lat': 14.432573, 'lng': 121.01359}, {'lat': 14.432705, 'lng': 121.013472}, {'lat': 14.432984, 'lng': 121.013214}, {'lat': 14.433181, 'lng': 121.013028}, {'lat': 14.433227, 'lng': 121.012984}, {'lat': 14.433393, 'lng': 121.012815}, {'lat': 14.433418, 'lng': 121.01279}, {'lat': 14.433479, 'lng': 121.012722}, {'lat': 14.433636, 'lng': 121.012601}, {'lat': 14.433754, 'lng': 121.012469}, {'lat': 14.433804, 'lng': 121.012414}, {'lat': 14.433881, 'lng': 121.012317}, {'lat': 14.433954, 'lng': 121.012221}, {'lat': 14.434017, 'lng': 121.012132}, {'lat': 14.434064, 'lng': 121.01207}, {'lat': 14.434137, 'lng': 121.011959}, {'lat': 14.434175, 'lng': 121.011903}, {'lat': 14.434241, 'lng': 121.011803}, {'lat': 14.434357, 'lng': 121.011615}, {'lat': 14.434393, 'lng': 121.011549}, {'lat': 14.434604, 'lng': 121.011198}, {'lat': 14.434668, 'lng': 121.01103}, {'lat': 14.434701, 'lng': 121.01091}, {'lat': 14.434878, 'lng': 121.010572}, {'lat': 14.434959, 'lng': 121.010423}, {'lat': 14.435037, 'lng': 121.010275}, {'lat': 14.435169, 'lng': 121.010036}, {'lat': 14.435247, 'lng': 121.009889}, {'lat': 14.435318, 'lng': 121.009754}, {'lat': 14.435422, 'lng': 121.009572}, {'lat': 14.435615, 'lng': 121.009206}, {'lat': 14.435639, 'lng': 121.009161}, {'lat': 14.435766, 'lng': 121.008918}, {'lat': 14.435818, 'lng': 121.008821}, {'lat': 14.435883, 'lng': 121.008706}, {'lat': 14.435966, 'lng': 121.008559}, {'lat': 14.436043, 'lng': 121.008413}, {'lat': 14.436114, 'lng': 121.008281}, {'lat': 14.436126, 'lng': 121.008261}, {'lat': 14.436187, 'lng': 121.008144}, {'lat': 14.436216, 'lng': 121.008092}, {'lat': 14.436248, 'lng': 121.008029}, {'lat': 14.43632, 'lng': 121.007885}, {'lat': 14.436443, 'lng': 121.007664}, {'lat': 14.436516, 'lng': 121.007531}, {'lat': 14.436541, 'lng': 121.007483}, {'lat': 14.436557, 'lng': 121.007453}, {'lat': 14.436596, 'lng': 121.007382}, {'lat': 14.436708, 'lng': 121.007169}, {'lat': 14.436794, 'lng': 121.007002}, {'lat': 14.436887, 'lng': 121.006834}, {'lat': 14.436993, 'lng': 121.00664}, {'lat': 14.43709, 'lng': 121.006457}, {'lat': 14.437171, 'lng': 121.006315}, {'lat': 14.437269, 'lng': 121.006128}, {'lat': 14.437307, 'lng': 121.006054}, {'lat': 14.437504, 'lng': 121.005685}, {'lat': 14.437525, 'lng': 121.005651}, {'lat': 14.437545, 'lng': 121.005612}, {'lat': 14.437598, 'lng': 121.005513}, {'lat': 14.437645, 'lng': 121.005429}, {'lat': 14.43767, 'lng': 121.005379}, {'lat': 14.437811, 'lng': 121.005113}, {'lat': 14.43799, 'lng': 121.004781}, {'lat': 14.438018, 'lng': 121.004727}, {'lat': 14.438038, 'lng': 121.004689}, {'lat': 14.438072, 'lng': 121.004624}, {'lat': 14.43815, 'lng': 121.004477}, {'lat': 14.43823, 'lng': 121.004326}, {'lat': 14.438268, 'lng': 121.004255}, {'lat': 14.438314, 'lng': 121.004174}, {'lat': 14.438418, 'lng': 121.003985}, {'lat': 14.438481, 'lng': 121.003872}, {'lat': 14.438628, 'lng': 121.003597}, {'lat': 14.438724, 'lng': 121.003423}, {'lat': 14.438794, 'lng': 121.003288}, {'lat': 14.438866, 'lng': 121.003153}, {'lat': 14.438935, 'lng': 121.003024}, {'lat': 14.439055, 'lng': 121.002801}, {'lat': 14.439086, 'lng': 121.002741}, {'lat': 14.439127, 'lng': 121.002661}, {'lat': 14.439191, 'lng': 121.002539}, {'lat': 14.439222, 'lng': 121.002486}, {'lat': 14.439255, 'lng': 121.002426}, {'lat': 14.439355, 'lng': 121.002244}, {'lat': 14.439466, 'lng': 121.00204}, {'lat': 14.439548, 'lng': 121.001881}, {'lat': 14.439601, 'lng': 121.001783}, {'lat': 14.439669, 'lng': 121.001653}, {'lat': 14.439844, 'lng': 121.001333}, {'lat': 14.439962, 'lng': 121.00111}, {'lat': 14.440004, 'lng': 121.001036}, {'lat': 14.44004, 'lng': 121.000967}, {'lat': 14.440079, 'lng': 121.000899}, {'lat': 14.440232, 'lng': 121.000624}, {'lat': 14.440277, 'lng': 121.000536}, {'lat': 14.440298, 'lng': 121.000502}, {'lat': 14.440412, 'lng': 121.000291}, {'lat': 14.440541, 'lng': 121.000066}, {'lat': 14.440709, 'lng': 120.999765}, {'lat': 14.440903, 'lng': 120.999438}, {'lat': 14.441005, 'lng': 120.999258}, {'lat': 14.441147, 'lng': 120.999005}, {'lat': 14.441289, 'lng': 120.998754}, {'lat': 14.441326, 'lng': 120.998687}, {'lat': 14.441398, 'lng': 120.99856}, {'lat': 14.441442, 'lng': 120.998479}, {'lat': 14.441478, 'lng': 120.998419}, {'lat': 14.441506, 'lng': 120.998371}, {'lat': 14.441532, 'lng': 120.998326}, {'lat': 14.441628, 'lng': 120.998188}, {'lat': 14.441722, 'lng': 120.998063}, {'lat': 14.441925, 'lng': 120.9978}, {'lat': 14.442126, 'lng': 120.997548}, {'lat': 14.442172, 'lng': 120.997487}, {'lat': 14.442238, 'lng': 120.997406}, {'lat': 14.442295, 'lng': 120.997335}, {'lat': 14.442412, 'lng': 120.997189}, {'lat': 14.442566, 'lng': 120.996991}, {'lat': 14.442643, 'lng': 120.996899}, {'lat': 14.442728, 'lng': 120.996789}, {'lat': 14.442751, 'lng': 120.996752}, {'lat': 14.442876, 'lng': 120.996569}, {'lat': 14.442936, 'lng': 120.99648}, {'lat': 14.442991, 'lng': 120.99639}, {'lat': 14.443038, 'lng': 120.996316}, {'lat': 14.443094, 'lng': 120.99623}, {'lat': 14.443183, 'lng': 120.996101}, {'lat': 14.443355, 'lng': 120.995838}, {'lat': 14.443388, 'lng': 120.995788}, {'lat': 14.443497, 'lng': 120.995607}, {'lat': 14.443806, 'lng': 120.995122}, {'lat': 14.44418, 'lng': 120.994534}, {'lat': 14.444256, 'lng': 120.994416}, {'lat': 14.444347, 'lng': 120.994271}, {'lat': 14.444435, 'lng': 120.994127}, {'lat': 14.444539, 'lng': 120.993964}, {'lat': 14.444609, 'lng': 120.99386}, {'lat': 14.444675, 'lng': 120.993892}, {'lat': 14.444756, 'lng': 120.993915}, {'lat': 14.444979, 'lng': 120.993934}, {'lat': 14.445123, 'lng': 120.993945}, {'lat': 14.445396, 'lng': 120.993966}, {'lat': 14.445614, 'lng': 120.993982}, {'lat': 14.445707, 'lng': 120.993989}, {'lat': 14.446182, 'lng': 120.99402}, {'lat': 14.446359, 'lng': 120.994025}, {'lat': 14.446642, 'lng': 120.994044}, {'lat': 14.446756, 'lng': 120.994051}, {'lat': 14.447188, 'lng': 120.994073}, {'lat': 14.447527, 'lng': 120.99409}, {'lat': 14.447728, 'lng': 120.994099}, {'lat': 14.447825, 'lng': 120.994104}, {'lat': 14.447963, 'lng': 120.99411}, {'lat': 14.448074, 'lng': 120.994116}, {'lat': 14.448113, 'lng': 120.994119}, {'lat': 14.448149, 'lng': 120.994121}, {'lat': 14.448249, 'lng': 120.994128}, {'lat': 14.448271, 'lng': 120.994131}, {'lat': 14.449207, 'lng': 120.994176}, {'lat': 14.450099, 'lng': 120.994206}, {'lat': 14.450185, 'lng': 120.994204}, {'lat': 14.450611, 'lng': 120.994202}, {'lat': 14.450764, 'lng': 120.994188}, {'lat': 14.450885, 'lng': 120.994146}, {'lat': 14.450962, 'lng': 120.994114}, {'lat': 14.451174, 'lng': 120.993991}, {'lat': 14.451805, 'lng': 120.993608}, {'lat': 14.45182, 'lng': 120.993598}, {'lat': 14.45219, 'lng': 120.99336}, {'lat': 14.451971, 'lng': 120.993074}, {'lat': 14.451857, 'lng': 120.992968}, {'lat': 14.451754, 'lng': 120.992894}]",1,1785076720800,,960,,4095.96
route-1785077363172-3637,tFwslOEcuPRKb9nGtpNO,Initial Route,"[{'lat': 14.562831, 'lng': 120.995143}, {'lat': 14.563661, 'lng': 120.994781}, {'lat': 14.563801, 'lng': 120.99472}, {'lat': 14.564348, 'lng': 120.994453}, {'lat': 14.564398, 'lng': 120.99443}, {'lat': 14.564506, 'lng': 120.99438}, {'lat': 14.565142, 'lng': 120.994072}, {'lat': 14.565203, 'lng': 120.994046}, {'lat': 14.56533, 'lng': 120.993989}, {'lat': 14.565363, 'lng': 120.993975}, {'lat': 14.565289, 'lng': 120.993844}, {'lat': 14.565085, 'lng': 120.993943}, {'lat': 14.565045, 'lng': 120.993962}, {'lat': 14.564795, 'lng': 120.994081}, {'lat': 14.56445, 'lng': 120.994243}, {'lat': 14.56434, 'lng': 120.994293}, {'lat': 14.564291, 'lng': 120.994317}, {'lat': 14.56426, 'lng': 120.994332}, {'lat': 14.563954, 'lng': 120.994473}, {'lat': 14.563791, 'lng': 120.994553}, {'lat': 14.563742, 'lng': 120.994579}, {'lat': 14.563535, 'lng': 120.994682}, {'lat': 14.563497, 'lng': 120.994699}, {'lat': 14.563204, 'lng': 120.994836}, {'lat': 14.563167, 'lng': 120.994852}, {'lat': 14.562677, 'lng': 120.995082}, {'lat': 14.562602, 'lng': 120.995096}, {'lat': 14.562338, 'lng': 120.995183}, {'lat': 14.560987, 'lng': 120.995533}, {'lat': 14.560782, 'lng': 120.99558}, {'lat': 14.560181, 'lng': 120.995714}, {'lat': 14.559528, 'lng': 120.995867}, {'lat': 14.55876, 'lng': 120.996042}, {'lat': 14.558691, 'lng': 120.996056}, {'lat': 14.558505, 'lng': 120.996098}, {'lat': 14.558296, 'lng': 120.996145}, {'lat': 14.558233, 'lng': 120.996159}, {'lat': 14.558171, 'lng': 120.996175}, {'lat': 14.55794, 'lng': 120.996229}, {'lat': 14.557922, 'lng': 120.996234}, {'lat': 14.557469, 'lng': 120.99634}, {'lat': 14.557458, 'lng': 120.996343}, {'lat': 14.557413, 'lng': 120.996353}, {'lat': 14.557051, 'lng': 120.996438}, {'lat': 14.556987, 'lng': 120.996453}, {'lat': 14.556253, 'lng': 120.996614}, {'lat': 14.556179, 'lng': 120.996631}, {'lat': 14.55588, 'lng': 120.996695}, {'lat': 14.555749, 'lng': 120.996724}, {'lat': 14.555651, 'lng': 120.996297}, {'lat': 14.55557, 'lng': 120.99595}, {'lat': 14.555895, 'lng': 120.99576}, {'lat': 14.556192, 'lng': 120.995616}, {'lat': 14.556213, 'lng': 120.995607}, {'lat': 14.556492, 'lng': 120.995489}]",1,1785077363172,,420,,1636.403
route-1785077542215-5880,tFwslOEcuPRKb9nGtpNO,Traffic Update,"[{'lat': 14.556768, 'lng': 120.995373}, {'lat': 14.556837, 'lng': 120.995344}, {'lat': 14.557093, 'lng': 120.995214}, {'lat': 14.557355, 'lng': 120.995044}, {'lat': 14.557549, 'lng': 120.994946}, {'lat': 14.557669, 'lng': 120.994892}, {'lat': 14.557713, 'lng': 120.994873}, {'lat': 14.557901, 'lng': 120.994818}, {'lat': 14.558086, 'lng': 120.994783}, {'lat': 14.558128, 'lng': 120.994778}, {'lat': 14.558413, 'lng': 120.99474}, {'lat': 14.558538, 'lng': 120.99473}, {'lat': 14.558815, 'lng': 120.994708}, {'lat': 14.558936, 'lng': 120.994692}, {'lat': 14.559142, 'lng': 120.994662}, {'lat': 14.559469, 'lng': 120.994612}, {'lat': 14.559991, 'lng': 120.994534}, {'lat': 14.560001, 'lng': 120.99459}, {'lat': 14.560054, 'lng': 120.994894}, {'lat': 14.560101, 'lng': 120.9952}, {'lat': 14.560181, 'lng': 120.995714}, {'lat': 14.559528, 'lng': 120.995867}, {'lat': 14.55876, 'lng': 120.996042}, {'lat': 14.558691, 'lng': 120.996056}, {'lat': 14.558505, 'lng': 120.996098}, {'lat': 14.558296, 'lng': 120.996145}, {'lat': 14.558233, 'lng': 120.996159}, {'lat': 14.558171, 'lng': 120.996175}, {'lat': 14.55794, 'lng': 120.996229}, {'lat': 14.557922, 'lng': 120.996234}, {'lat': 14.557469, 'lng': 120.99634}, {'lat': 14.557458, 'lng': 120.996343}, {'lat': 14.557413, 'lng': 120.996353}, {'lat': 14.557051, 'lng': 120.996438}, {'lat': 14.556987, 'lng': 120.996453}, {'lat': 14.556253, 'lng': 120.996614}, {'lat': 14.556179, 'lng': 120.996631}, {'lat': 14.55588, 'lng': 120.996695}, {'lat': 14.555749, 'lng': 120.996724}, {'lat': 14.555651, 'lng': 120.996297}, {'lat': 14.55557, 'lng': 120.99595}, {'lat': 14.555895, 'lng': 120.99576}, {'lat': 14.556192, 'lng': 120.995616}, {'lat': 14.556213, 'lng': 120.995607}, {'lat': 14.556492, 'lng': 120.995489}]",2,1785077542215,420.0,300,1636.403,1208.976
route-1785079762399-9740,5mWNb17qt9d95ot1oHVZ,Traffic Update,"[{'lat': 14.436471, 'lng': 121.007614}, {'lat': 14.436516, 'lng': 121.007531}, {'lat': 14.436541, 'lng': 121.007483}, {'lat': 14.436557, 'lng': 121.007453}, {'lat': 14.436596, 'lng': 121.007382}, {'lat': 14.436708, 'lng': 121.007169}, {'lat': 14.436794, 'lng': 121.007002}, {'lat': 14.436887, 'lng': 121.006834}, {'lat': 14.436993, 'lng': 121.00664}, {'lat': 14.43709, 'lng': 121.006457}, {'lat': 14.437171, 'lng': 121.006315}, {'lat': 14.437269, 'lng': 121.006128}, {'lat': 14.437307, 'lng': 121.006054}, {'lat': 14.437504, 'lng': 121.005685}, {'lat': 14.437525, 'lng': 121.005651}, {'lat': 14.437545, 'lng': 121.005612}, {'lat': 14.437598, 'lng': 121.005513}, {'lat': 14.437645, 'lng': 121.005429}, {'lat': 14.43767, 'lng': 121.005379}, {'lat': 14.437811, 'lng': 121.005113}, {'lat': 14.43799, 'lng': 121.004781}, {'lat': 14.438018, 'lng': 121.004727}, {'lat': 14.438038, 'lng': 121.004689}, {'lat': 14.438072, 'lng': 121.004624}, {'lat': 14.43815, 'lng': 121.004477}, {'lat': 14.43823, 'lng': 121.004326}, {'lat': 14.438268, 'lng': 121.004255}, {'lat': 14.438314, 'lng': 121.004174}, {'lat': 14.438418, 'lng': 121.003985}, {'lat': 14.438481, 'lng': 121.003872}, {'lat': 14.438628, 'lng': 121.003597}, {'lat': 14.438724, 'lng': 121.003423}, {'lat': 14.438794, 'lng': 121.003288}, {'lat': 14.438866, 'lng': 121.003153}, {'lat': 14.438935, 'lng': 121.003024}, {'lat': 14.439055, 'lng': 121.002801}, {'lat': 14.439086, 'lng': 121.002741}, {'lat': 14.439127, 'lng': 121.002661}, {'lat': 14.439191, 'lng': 121.002539}, {'lat': 14.439222, 'lng': 121.002486}, {'lat': 14.439255, 'lng': 121.002426}, {'lat': 14.439355, 'lng': 121.002244}, {'lat': 14.439466, 'lng': 121.00204}, {'lat': 14.439548, 'lng': 121.001881}, {'lat': 14.439601, 'lng': 121.001783}, {'lat': 14.439669, 'lng': 121.001653}, {'lat': 14.439844, 'lng': 121.001333}, {'lat': 14.439962, 'lng': 121.00111}, {'lat': 14.440004, 'lng': 121.001036}, {'lat': 14.44004, 'lng': 121.000967}, {'lat': 14.440079, 'lng': 121.000899}, {'lat': 14.440232, 'lng': 121.000624}, {'lat': 14.440277, 'lng': 121.000536}, {'lat': 14.440298, 'lng': 121.000502}, {'lat': 14.440412, 'lng': 121.000291}, {'lat': 14.440541, 'lng': 121.000066}, {'lat': 14.440709, 'lng': 120.999765}, {'lat': 14.440903, 'lng': 120.999438}, {'lat': 14.441005, 'lng': 120.999258}, {'lat': 14.441147, 'lng': 120.999005}, {'lat': 14.441289, 'lng': 120.998754}, {'lat': 14.441326, 'lng': 120.998687}, {'lat': 14.441398, 'lng': 120.99856}, {'lat': 14.441442, 'lng': 120.998479}, {'lat': 14.441478, 'lng': 120.998419}, {'lat': 14.441506, 'lng': 120.998371}, {'lat': 14.441532, 'lng': 120.998326}, {'lat': 14.441628, 'lng': 120.998188}, {'lat': 14.441722, 'lng': 120.998063}, {'lat': 14.441925, 'lng': 120.9978}, {'lat': 14.442126, 'lng': 120.997548}, {'lat': 14.442172, 'lng': 120.997487}, {'lat': 14.442238, 'lng': 120.997406}, {'lat': 14.442295, 'lng': 120.997335}, {'lat': 14.442412, 'lng': 120.997189}, {'lat': 14.442566, 'lng': 120.996991}, {'lat': 14.442643, 'lng': 120.996899}, {'lat': 14.442728, 'lng': 120.996789}, {'lat': 14.442751, 'lng': 120.996752}, {'lat': 14.442876, 'lng': 120.996569}, {'lat': 14.442936, 'lng': 120.99648}, {'lat': 14.442991, 'lng': 120.99639}, {'lat': 14.443038, 'lng': 120.996316}, {'lat': 14.443094, 'lng': 120.99623}, {'lat': 14.443183, 'lng': 120.996101}, {'lat': 14.443355, 'lng': 120.995838}, {'lat': 14.443388, 'lng': 120.995788}, {'lat': 14.443497, 'lng': 120.995607}, {'lat': 14.443806, 'lng': 120.995122}, {'lat': 14.44418, 'lng': 120.994534}, {'lat': 14.444256, 'lng': 120.994416}, {'lat': 14.444347, 'lng': 120.994271}, {'lat': 14.444435, 'lng': 120.994127}, {'lat': 14.444539, 'lng': 120.993964}, {'lat': 14.444609, 'lng': 120.99386}, {'lat': 14.444675, 'lng': 120.993892}, {'lat': 14.444756, 'lng': 120.993915}, {'lat': 14.444979, 'lng': 120.993934}, {'lat': 14.445123, 'lng': 120.993945}, {'lat': 14.445396, 'lng': 120.993966}, {'lat': 14.445614, 'lng': 120.993982}, {'lat': 14.445707, 'lng': 120.993989}, {'lat': 14.446182, 'lng': 120.99402}, {'lat': 14.446359, 'lng': 120.994025}, {'lat': 14.446642, 'lng': 120.994044}, {'lat': 14.446756, 'lng': 120.994051}, {'lat': 14.447188, 'lng': 120.994073}, {'lat': 14.447527, 'lng': 120.99409}, {'lat': 14.447728, 'lng': 120.994099}, {'lat': 14.447825, 'lng': 120.994104}, {'lat': 14.447963, 'lng': 120.99411}, {'lat': 14.448074, 'lng': 120.994116}, {'lat': 14.448113, 'lng': 120.994119}, {'lat': 14.448149, 'lng': 120.994121}, {'lat': 14.448249, 'lng': 120.994128}, {'lat': 14.448271, 'lng': 120.994131}, {'lat': 14.449207, 'lng': 120.994176}, {'lat': 14.450099, 'lng': 120.994206}, {'lat': 14.450185, 'lng': 120.994204}, {'lat': 14.450611, 'lng': 120.994202}, {'lat': 14.450764, 'lng': 120.994188}, {'lat': 14.450885, 'lng': 120.994146}, {'lat': 14.450962, 'lng': 120.994114}, {'lat': 14.451174, 'lng': 120.993991}, {'lat': 14.451805, 'lng': 120.993608}, {'lat': 14.45182, 'lng': 120.993598}, {'lat': 14.45219, 'lng': 120.99336}, {'lat': 14.451971, 'lng': 120.993074}, {'lat': 14.451857, 'lng': 120.992968}, {'lat': 14.451754, 'lng': 120.992894}]",2,1785079762399,960.0,660,4095.96,2680.671
route-1785079767938-1227,5mWNb17qt9d95ot1oHVZ,Traffic Update,"[{'lat': 14.452319, 'lng': 120.992767}, {'lat': 14.452484, 'lng': 120.993085}, {'lat': 14.452531, 'lng': 120.993207}, {'lat': 14.452413, 'lng': 120.993234}, {'lat': 14.452268, 'lng': 120.993303}, {'lat': 14.45219, 'lng': 120.99336}, {'lat': 14.451971, 'lng': 120.993074}, {'lat': 14.451857, 'lng': 120.992968}, {'lat': 14.451754, 'lng': 120.992894}]",3,1785079767938,660.0,60,2680.671,165.241
route-1785080612673-3836,jmMRQmtIgBrUHyJYMGlP,Initial Route,"[{'lat': 14.557268, 'lng': 120.996387}, {'lat': 14.557051, 'lng': 120.996438}, {'lat': 14.556987, 'lng': 120.996453}, {'lat': 14.557005, 'lng': 120.996541}, {'lat': 14.55744, 'lng': 120.996439}, {'lat': 14.557477, 'lng': 120.996432}, {'lat': 14.557959, 'lng': 120.996318}, {'lat': 14.558267, 'lng': 120.996247}, {'lat': 14.558711, 'lng': 120.996143}, {'lat': 14.558776, 'lng': 120.996128}, {'lat': 14.55892, 'lng': 120.996095}, {'lat': 14.559544, 'lng': 120.995951}, {'lat': 14.5602, 'lng': 120.995799}, {'lat': 14.560246, 'lng': 120.995789}, {'lat': 14.560752, 'lng': 120.995674}, {'lat': 14.560831, 'lng': 120.995656}, {'lat': 14.561006, 'lng': 120.995611}, {'lat': 14.562348, 'lng': 120.995283}, {'lat': 14.56243, 'lng': 120.995259}, {'lat': 14.562544, 'lng': 120.995283}, {'lat': 14.56263, 'lng': 120.995318}, {'lat': 14.562722, 'lng': 120.995362}, {'lat': 14.562907, 'lng': 120.995803}, {'lat': 14.562954, 'lng': 120.995906}, {'lat': 14.56299, 'lng': 120.99599}, {'lat': 14.563132, 'lng': 120.996294}, {'lat': 14.563376, 'lng': 120.996849}, {'lat': 14.563484, 'lng': 120.997096}, {'lat': 14.563689, 'lng': 120.997545}, {'lat': 14.56371, 'lng': 120.997583}, {'lat': 14.563769, 'lng': 120.997712}, {'lat': 14.563874, 'lng': 120.997912}, {'lat': 14.563887, 'lng': 120.997937}, {'lat': 14.563944, 'lng': 120.998045}, {'lat': 14.564062, 'lng': 120.998273}, {'lat': 14.564576, 'lng': 120.998158}, {'lat': 14.564995, 'lng': 120.998079}, {'lat': 14.565413, 'lng': 120.998023}, {'lat': 14.565843, 'lng': 120.997955}, {'lat': 14.565942, 'lng': 120.997939}, {'lat': 14.566046, 'lng': 120.997925}, {'lat': 14.566601, 'lng': 120.997915}, {'lat': 14.56663, 'lng': 120.997914}, {'lat': 14.566737, 'lng': 120.997912}, {'lat': 14.566765, 'lng': 120.997914}, {'lat': 14.567594, 'lng': 120.997986}, {'lat': 14.567876, 'lng': 120.99801}, {'lat': 14.568105, 'lng': 120.998027}, {'lat': 14.568228, 'lng': 120.998036}, {'lat': 14.568958, 'lng': 120.998089}, {'lat': 14.569167, 'lng': 120.998117}, {'lat': 14.569407, 'lng': 120.998166}, {'lat': 14.569519, 'lng': 120.998188}, {'lat': 14.569775, 'lng': 120.998243}, {'lat': 14.569857, 'lng': 120.998416}, {'lat': 14.570004, 'lng': 120.998725}, {'lat': 14.570149, 'lng': 120.99903}, {'lat': 14.570298, 'lng': 120.999342}, {'lat': 14.569847, 'lng': 120.999563}]",1,1785080612673,,420,,1872.323
route-1785080791225-9974,jmMRQmtIgBrUHyJYMGlP,Regenerated Route,"[{'lat': 14.565123, 'lng': 120.999204}, {'lat': 14.564978, 'lng': 120.998929}, {'lat': 14.564959, 'lng': 120.998893}, {'lat': 14.565308, 'lng': 120.998718}, {'lat': 14.565669, 'lng': 120.998536}, {'lat': 14.56612, 'lng': 120.99831}, {'lat': 14.565979, 'lng': 120.998018}, {'lat': 14.565942, 'lng': 120.997939}, {'lat': 14.566046, 'lng': 120.997925}, {'lat': 14.566601, 'lng': 120.997915}, {'lat': 14.56663, 'lng': 120.997914}, {'lat': 14.566737, 'lng': 120.997912}, {'lat': 14.566765, 'lng': 120.997914}, {'lat': 14.567594, 'lng': 120.997986}, {'lat': 14.567876, 'lng': 120.99801}, {'lat': 14.568105, 'lng': 120.998027}, {'lat': 14.568228, 'lng': 120.998036}, {'lat': 14.568958, 'lng': 120.998089}, {'lat': 14.569167, 'lng': 120.998117}, {'lat': 14.569407, 'lng': 120.998166}, {'lat': 14.569519, 'lng': 120.998188}, {'lat': 14.569775, 'lng': 120.998243}, {'lat': 14.569857, 'lng': 120.998416}, {'lat': 14.570004, 'lng': 120.998725}, {'lat': 14.570149, 'lng': 120.99903}, {'lat': 14.570298, 'lng': 120.999342}, {'lat': 14.569847, 'lng': 120.999563}]",2,1785080791226,420.0,180,1872.323,843.025
route-1785080837132-9047,jmMRQmtIgBrUHyJYMGlP,Regenerated Route,"[{'lat': 14.566527, 'lng': 121.00042}, {'lat': 14.566999, 'lng': 121.000188}, {'lat': 14.567293, 'lng': 121.000818}, {'lat': 14.567438, 'lng': 121.001134}, {'lat': 14.567486, 'lng': 121.00111}, {'lat': 14.567496, 'lng': 121.001104}, {'lat': 14.568004, 'lng': 121.000851}, {'lat': 14.568852, 'lng': 121.000427}, {'lat': 14.570396, 'lng': 120.999682}, {'lat': 14.570451, 'lng': 120.999656}, {'lat': 14.570298, 'lng': 120.999342}, {'lat': 14.569847, 'lng': 120.999563}]",3,1785080837132,180.0,180,843.025,635.963
route-1785081024464-1895,jmMRQmtIgBrUHyJYMGlP,Traffic Update,"[{'lat': 14.569144, 'lng': 120.999907}, {'lat': 14.56871, 'lng': 121.00012}, {'lat': 14.568574, 'lng': 120.999814}, {'lat': 14.570149, 'lng': 120.99903}, {'lat': 14.570298, 'lng': 120.999342}, {'lat': 14.569847, 'lng': 120.999563}]",4,1785081024464,180.0,120,635.963,377.446
route-1785082039262-3967,ctuvwPHtY2EPSiJOstwg,Initial Route,"[{'lat': 14.563527, 'lng': 120.9945}, {'lat': 14.563469, 'lng': 120.99453}, {'lat': 14.563535, 'lng': 120.994682}, {'lat': 14.563497, 'lng': 120.994699}, {'lat': 14.563204, 'lng': 120.994836}, {'lat': 14.563167, 'lng': 120.994852}, {'lat': 14.562677, 'lng': 120.995082}, {'lat': 14.562602, 'lng': 120.995096}, {'lat': 14.562632, 'lng': 120.99514}, {'lat': 14.562669, 'lng': 120.995214}, {'lat': 14.562699, 'lng': 120.995294}, {'lat': 14.562722, 'lng': 120.995362}, {'lat': 14.562907, 'lng': 120.995803}, {'lat': 14.562954, 'lng': 120.995906}, {'lat': 14.56299, 'lng': 120.99599}, {'lat': 14.563132, 'lng': 120.996294}, {'lat': 14.563376, 'lng': 120.996849}, {'lat': 14.563484, 'lng': 120.997096}, {'lat': 14.563689, 'lng': 120.997545}, {'lat': 14.56371, 'lng': 120.997583}, {'lat': 14.563769, 'lng': 120.997712}, {'lat': 14.563874, 'lng': 120.997912}, {'lat': 14.563887, 'lng': 120.997937}, {'lat': 14.563944, 'lng': 120.998045}, {'lat': 14.564062, 'lng': 120.998273}, {'lat': 14.56336, 'lng': 120.998463}, {'lat': 14.563191, 'lng': 120.998512}, {'lat': 14.562799, 'lng': 120.998626}, {'lat': 14.562399, 'lng': 120.998786}, {'lat': 14.562075, 'lng': 120.998939}, {'lat': 14.562015, 'lng': 120.998986}, {'lat': 14.561955, 'lng': 120.99905}, {'lat': 14.561998, 'lng': 120.999092}, {'lat': 14.56231, 'lng': 120.999401}, {'lat': 14.56257, 'lng': 120.999659}, {'lat': 14.562835, 'lng': 120.999921}, {'lat': 14.563077, 'lng': 121.000208}, {'lat': 14.563345, 'lng': 121.000458}, {'lat': 14.563587, 'lng': 121.000713}, {'lat': 14.563616, 'lng': 121.000743}, {'lat': 14.563841, 'lng': 121.000967}, {'lat': 14.564118, 'lng': 121.001233}, {'lat': 14.564144, 'lng': 121.00126}, {'lat': 14.564373, 'lng': 121.001484}, {'lat': 14.56464, 'lng': 121.001747}, {'lat': 14.564708, 'lng': 121.001811}, {'lat': 14.564823, 'lng': 121.001928}, {'lat': 14.564896, 'lng': 121.001997}, {'lat': 14.565193, 'lng': 121.001839}, {'lat': 14.565758, 'lng': 121.00156}, {'lat': 14.565633, 'lng': 121.001316}]",1,1785082039262,,300,,1361.621
route-1785082196229-3253,ctuvwPHtY2EPSiJOstwg,Regenerated Route,"[{'lat': 14.564899, 'lng': 120.998923}, {'lat': 14.564959, 'lng': 120.998893}, {'lat': 14.564978, 'lng': 120.998929}, {'lat': 14.565268, 'lng': 120.99948}, {'lat': 14.565582, 'lng': 121.00011}, {'lat': 14.565899, 'lng': 120.999947}, {'lat': 14.566214, 'lng': 121.000574}, {'lat': 14.566509, 'lng': 121.001187}, {'lat': 14.566672, 'lng': 121.001516}, {'lat': 14.566007, 'lng': 121.001829}, {'lat': 14.565919, 'lng': 121.001872}, {'lat': 14.565758, 'lng': 121.00156}, {'lat': 14.565633, 'lng': 121.001316}]",2,1785082196229,300.0,120,1361.621,544.837
route-1785083215384-8432,1MHYmq699Zc3qJCt1nVr,Initial Route,"[{'lat': 14.563368, 'lng': 120.994346}, {'lat': 14.563469, 'lng': 120.99453}, {'lat': 14.563535, 'lng': 120.994682}, {'lat': 14.563497, 'lng': 120.994699}, {'lat': 14.563204, 'lng': 120.994836}, {'lat': 14.563167, 'lng': 120.994852}, {'lat': 14.562677, 'lng': 120.995082}, {'lat': 14.562602, 'lng': 120.995096}, {'lat': 14.56257, 'lng': 120.99502}, {'lat': 14.562454, 'lng': 120.99481}, {'lat': 14.561758, 'lng': 120.994354}, {'lat': 14.561529, 'lng': 120.994102}, {'lat': 14.561468, 'lng': 120.994034}, {'lat': 14.561401, 'lng': 120.993954}, {'lat': 14.561326, 'lng': 120.993842}, {'lat': 14.56127, 'lng': 120.993731}, {'lat': 14.561227, 'lng': 120.993475}, {'lat': 14.561182, 'lng': 120.99325}, {'lat': 14.561093, 'lng': 120.992859}, {'lat': 14.560998, 'lng': 120.99247}, {'lat': 14.560926, 'lng': 120.992391}, {'lat': 14.560908, 'lng': 120.992311}, {'lat': 14.560885, 'lng': 120.99222}, {'lat': 14.560711, 'lng': 120.991519}, {'lat': 14.560525, 'lng': 120.990773}, {'lat': 14.560429, 'lng': 120.990386}, {'lat': 14.5604, 'lng': 120.99027}, {'lat': 14.560213, 'lng': 120.989516}, {'lat': 14.560193, 'lng': 120.989436}, {'lat': 14.560168, 'lng': 120.98934}, {'lat': 14.560151, 'lng': 120.989294}, {'lat': 14.56013, 'lng': 120.98921}, {'lat': 14.560052, 'lng': 120.988894}, {'lat': 14.559945, 'lng': 120.988485}, {'lat': 14.559829, 'lng': 120.988041}]",1,1785083215384,,240,,1002.935
route-1785086121585-3536,SwCi6aOsakLnw3uuiS1e,Initial Route,"[{'lat': 14.563635, 'lng': 120.99807}, {'lat': 14.563688, 'lng': 120.998045}, {'lat': 14.563742, 'lng': 120.998015}, {'lat': 14.563816, 'lng': 120.997961}, {'lat': 14.563874, 'lng': 120.997912}, {'lat': 14.563887, 'lng': 120.997937}, {'lat': 14.563944, 'lng': 120.998045}, {'lat': 14.564062, 'lng': 120.998273}, {'lat': 14.564576, 'lng': 120.998158}, {'lat': 14.564995, 'lng': 120.998079}, {'lat': 14.565413, 'lng': 120.998023}, {'lat': 14.565843, 'lng': 120.997955}, {'lat': 14.565942, 'lng': 120.997939}, {'lat': 14.56588, 'lng': 120.997786}, {'lat': 14.565873, 'lng': 120.997767}, {'lat': 14.56581, 'lng': 120.997614}, {'lat': 14.565807, 'lng': 120.997607}, {'lat': 14.565777, 'lng': 120.997535}, {'lat': 14.565734, 'lng': 120.997429}, {'lat': 14.56572, 'lng': 120.997395}, {'lat': 14.565656, 'lng': 120.99724}, {'lat': 14.565567, 'lng': 120.997022}, {'lat': 14.565538, 'lng': 120.996953}, {'lat': 14.56552, 'lng': 120.996913}, {'lat': 14.565271, 'lng': 120.996337}, {'lat': 14.565193, 'lng': 120.996158}, {'lat': 14.565005, 'lng': 120.995723}, {'lat': 14.564916, 'lng': 120.995529}, {'lat': 14.564765, 'lng': 120.995201}, {'lat': 14.564749, 'lng': 120.995165}, {'lat': 14.564733, 'lng': 120.99513}, {'lat': 14.564415, 'lng': 120.994463}, {'lat': 14.564398, 'lng': 120.99443}, {'lat': 14.564506, 'lng': 120.99438}, {'lat': 14.565142, 'lng': 120.994072}, {'lat': 14.565203, 'lng': 120.994046}, {'lat': 14.56533, 'lng': 120.993989}, {'lat': 14.565363, 'lng': 120.993975}, {'lat': 14.565541, 'lng': 120.993899}, {'lat': 14.56577, 'lng': 120.993789}, {'lat': 14.565852, 'lng': 120.993749}, {'lat': 14.566025, 'lng': 120.993666}, {'lat': 14.566308, 'lng': 120.993531}, {'lat': 14.566404, 'lng': 120.993484}, {'lat': 14.566753, 'lng': 120.993317}, {'lat': 14.566685, 'lng': 120.99317}, {'lat': 14.56639, 'lng': 120.992505}, {'lat': 14.566465, 'lng': 120.992471}, {'lat': 14.566527, 'lng': 120.992436}, {'lat': 14.566644, 'lng': 120.992389}, {'lat': 14.56677, 'lng': 120.992331}, {'lat': 14.567279, 'lng': 120.992108}, {'lat': 14.567285, 'lng': 120.992104}, {'lat': 14.567247, 'lng': 120.992016}, {'lat': 14.567037, 'lng': 120.991529}, {'lat': 14.566968, 'lng': 120.991368}, {'lat': 14.566944, 'lng': 120.99138}, {'lat': 14.566684, 'lng': 120.991515}, {'lat': 14.56643, 'lng': 120.991645}]",1,1785086121586,,300,,1350.785
route-1785086238114-876,SwCi6aOsakLnw3uuiS1e,Regenerated Route,"[{'lat': 14.56569, 'lng': 120.994735}, {'lat': 14.565801, 'lng': 120.994684}, {'lat': 14.566099, 'lng': 120.994544}, {'lat': 14.565787, 'lng': 120.993827}, {'lat': 14.56577, 'lng': 120.993789}, {'lat': 14.565852, 'lng': 120.993749}, {'lat': 14.566025, 'lng': 120.993666}, {'lat': 14.566308, 'lng': 120.993531}, {'lat': 14.566404, 'lng': 120.993484}, {'lat': 14.566753, 'lng': 120.993317}, {'lat': 14.566685, 'lng': 120.99317}, {'lat': 14.56639, 'lng': 120.992505}, {'lat': 14.566465, 'lng': 120.992471}, {'lat': 14.566527, 'lng': 120.992436}, {'lat': 14.566644, 'lng': 120.992389}, {'lat': 14.56677, 'lng': 120.992331}, {'lat': 14.567279, 'lng': 120.992108}, {'lat': 14.567285, 'lng': 120.992104}, {'lat': 14.567247, 'lng': 120.992016}, {'lat': 14.567037, 'lng': 120.991529}, {'lat': 14.566968, 'lng': 120.991368}, {'lat': 14.566944, 'lng': 120.99138}, {'lat': 14.566684, 'lng': 120.991515}, {'lat': 14.56643, 'lng': 120.991645}]",2,1785086238114,300.0,120,1350.785,618.636
route-1785125175254-2376,8katGW3zX0OJQWgCU1Xg,Initial Route,"[{'lat': 14.563234, 'lng': 120.996527}, {'lat': 14.563376, 'lng': 120.996849}, {'lat': 14.563484, 'lng': 120.997096}, {'lat': 14.563689, 'lng': 120.997545}, {'lat': 14.56371, 'lng': 120.997583}, {'lat': 14.563769, 'lng': 120.997712}, {'lat': 14.563874, 'lng': 120.997912}, {'lat': 14.563887, 'lng': 120.997937}, {'lat': 14.563944, 'lng': 120.998045}, {'lat': 14.564062, 'lng': 120.998273}, {'lat': 14.56336, 'lng': 120.998463}, {'lat': 14.563191, 'lng': 120.998512}, {'lat': 14.562799, 'lng': 120.998626}, {'lat': 14.562399, 'lng': 120.998786}, {'lat': 14.562075, 'lng': 120.998939}, {'lat': 14.562015, 'lng': 120.998986}, {'lat': 14.561955, 'lng': 120.99905}, {'lat': 14.561875, 'lng': 120.999132}, {'lat': 14.561853, 'lng': 120.999156}, {'lat': 14.561559, 'lng': 120.99947}, {'lat': 14.561441, 'lng': 120.999621}, {'lat': 14.561375, 'lng': 120.999726}, {'lat': 14.56133, 'lng': 120.999803}, {'lat': 14.561274, 'lng': 120.999919}, {'lat': 14.561229, 'lng': 121.000042}, {'lat': 14.561213, 'lng': 121.000084}, {'lat': 14.561158, 'lng': 121.000278}, {'lat': 14.561122, 'lng': 121.00047}, {'lat': 14.56109, 'lng': 121.000704}, {'lat': 14.561079, 'lng': 121.000786}, {'lat': 14.560984, 'lng': 121.000817}, {'lat': 14.560504, 'lng': 121.000943}, {'lat': 14.559709, 'lng': 121.001155}, {'lat': 14.559153, 'lng': 121.001294}, {'lat': 14.55767, 'lng': 121.001676}, {'lat': 14.556173, 'lng': 121.002056}, {'lat': 14.555938, 'lng': 121.002116}, {'lat': 14.555822, 'lng': 121.002146}, {'lat': 14.555741, 'lng': 121.002166}, {'lat': 14.555608, 'lng': 121.0022}, {'lat': 14.5555, 'lng': 121.002228}, {'lat': 14.555429, 'lng': 121.002245}, {'lat': 14.555287, 'lng': 121.002279}, {'lat': 14.55526, 'lng': 121.002286}, {'lat': 14.554833, 'lng': 121.0024}, {'lat': 14.554924, 'lng': 121.00272}, {'lat': 14.554969, 'lng': 121.002863}, {'lat': 14.555104, 'lng': 121.003286}, {'lat': 14.555255, 'lng': 121.003714}, {'lat': 14.555428, 'lng': 121.004165}, {'lat': 14.555614, 'lng': 121.004597}, {'lat': 14.555744, 'lng': 121.004896}, {'lat': 14.555801, 'lng': 121.005028}, {'lat': 14.556001, 'lng': 121.00545}, {'lat': 14.556213, 'lng': 121.00587}, {'lat': 14.556664, 'lng': 121.006756}, {'lat': 14.556723, 'lng': 121.006881}, {'lat': 14.556892, 'lng': 121.007222}, {'lat': 14.557043, 'lng': 121.007531}, {'lat': 14.557053, 'lng': 121.007551}, {'lat': 14.557111, 'lng': 121.007663}, {'lat': 14.55703, 'lng': 121.007746}, {'lat': 14.556973, 'lng': 121.007848}, {'lat': 14.556946, 'lng': 121.007962}, {'lat': 14.556949, 'lng': 121.008079}, {'lat': 14.556951, 'lng': 121.008172}, {'lat': 14.556955, 'lng': 121.008244}, {'lat': 14.55696, 'lng': 121.008281}, {'lat': 14.556985, 'lng': 121.008356}, {'lat': 14.557018, 'lng': 121.008456}, {'lat': 14.557139, 'lng': 121.008829}, {'lat': 14.557155, 'lng': 121.008879}, {'lat': 14.557269, 'lng': 121.009218}, {'lat': 14.557282, 'lng': 121.009254}, {'lat': 14.557309, 'lng': 121.009332}, {'lat': 14.55739, 'lng': 121.009571}, {'lat': 14.557454, 'lng': 121.009762}, {'lat': 14.557542, 'lng': 121.010025}, {'lat': 14.557667, 'lng': 121.010384}, {'lat': 14.557731, 'lng': 121.010588}, {'lat': 14.557761, 'lng': 121.010574}, {'lat': 14.558253, 'lng': 121.01034}]",1,1785125175254,,600,,2416.799
route-1785125541550-4288,8katGW3zX0OJQWgCU1Xg,Regenerated Route,"[{'lat': 14.556723, 'lng': 121.006881}, {'lat': 14.556892, 'lng': 121.007222}, {'lat': 14.557043, 'lng': 121.007531}, {'lat': 14.557053, 'lng': 121.007551}, {'lat': 14.557111, 'lng': 121.007663}, {'lat': 14.55703, 'lng': 121.007746}, {'lat': 14.556973, 'lng': 121.007848}, {'lat': 14.556946, 'lng': 121.007962}, {'lat': 14.556949, 'lng': 121.008079}, {'lat': 14.556951, 'lng': 121.008172}, {'lat': 14.556955, 'lng': 121.008244}, {'lat': 14.55696, 'lng': 121.008281}, {'lat': 14.556985, 'lng': 121.008356}, {'lat': 14.557018, 'lng': 121.008456}, {'lat': 14.557139, 'lng': 121.008829}, {'lat': 14.557155, 'lng': 121.008879}, {'lat': 14.557269, 'lng': 121.009218}, {'lat': 14.557282, 'lng': 121.009254}, {'lat': 14.557309, 'lng': 121.009332}, {'lat': 14.55739, 'lng': 121.009571}, {'lat': 14.557454, 'lng': 121.009762}, {'lat': 14.557542, 'lng': 121.010025}, {'lat': 14.557667, 'lng': 121.010384}, {'lat': 14.557731, 'lng': 121.010588}, {'lat': 14.557761, 'lng': 121.010574}, {'lat': 14.558253, 'lng': 121.01034}]",2,1785125541552,600.0,120,2416.799,494.069
route-1785127793397-4543,whmYkMhuCYVUlGUGrqY7,Initial Route,"[{'lat': 14.564169, 'lng': 120.99454}, {'lat': 14.564348, 'lng': 120.994453}, {'lat': 14.564398, 'lng': 120.99443}, {'lat': 14.564506, 'lng': 120.99438}, {'lat': 14.565142, 'lng': 120.994072}, {'lat': 14.565203, 'lng': 120.994046}, {'lat': 14.56533, 'lng': 120.993989}, {'lat': 14.565363, 'lng': 120.993975}, {'lat': 14.565541, 'lng': 120.993899}, {'lat': 14.56577, 'lng': 120.993789}, {'lat': 14.565787, 'lng': 120.993827}, {'lat': 14.566099, 'lng': 120.994544}, {'lat': 14.565801, 'lng': 120.994684}, {'lat': 14.565602, 'lng': 120.994776}, {'lat': 14.56541, 'lng': 120.994866}, {'lat': 14.565257, 'lng': 120.994935}, {'lat': 14.564805, 'lng': 120.995139}, {'lat': 14.564749, 'lng': 120.995165}, {'lat': 14.564707, 'lng': 120.995184}, {'lat': 14.564346, 'lng': 120.995357}, {'lat': 14.563677, 'lng': 120.995679}, {'lat': 14.563085, 'lng': 120.995943}, {'lat': 14.56299, 'lng': 120.99599}, {'lat': 14.563132, 'lng': 120.996294}, {'lat': 14.563376, 'lng': 120.996849}, {'lat': 14.563484, 'lng': 120.997096}, {'lat': 14.563689, 'lng': 120.997545}, {'lat': 14.56371, 'lng': 120.997583}, {'lat': 14.563769, 'lng': 120.997712}, {'lat': 14.563874, 'lng': 120.997912}, {'lat': 14.563887, 'lng': 120.997937}, {'lat': 14.563944, 'lng': 120.998045}, {'lat': 14.564062, 'lng': 120.998273}, {'lat': 14.56336, 'lng': 120.998463}, {'lat': 14.563191, 'lng': 120.998512}, {'lat': 14.562799, 'lng': 120.998626}, {'lat': 14.562399, 'lng': 120.998786}, {'lat': 14.562075, 'lng': 120.998939}, {'lat': 14.562015, 'lng': 120.998986}, {'lat': 14.561955, 'lng': 120.99905}, {'lat': 14.561875, 'lng': 120.999132}, {'lat': 14.561853, 'lng': 120.999156}, {'lat': 14.561559, 'lng': 120.99947}, {'lat': 14.561441, 'lng': 120.999621}, {'lat': 14.561375, 'lng': 120.999726}, {'lat': 14.56133, 'lng': 120.999803}, {'lat': 14.561274, 'lng': 120.999919}, {'lat': 14.561229, 'lng': 121.000042}, {'lat': 14.561213, 'lng': 121.000084}, {'lat': 14.561158, 'lng': 121.000278}, {'lat': 14.561122, 'lng': 121.00047}, {'lat': 14.56109, 'lng': 121.000704}, {'lat': 14.561079, 'lng': 121.000786}, {'lat': 14.560984, 'lng': 121.000817}, {'lat': 14.560504, 'lng': 121.000943}, {'lat': 14.559709, 'lng': 121.001155}, {'lat': 14.559718, 'lng': 121.001241}, {'lat': 14.559786, 'lng': 121.001641}, {'lat': 14.559851, 'lng': 121.002067}, {'lat': 14.559929, 'lng': 121.002521}, {'lat': 14.559967, 'lng': 121.002759}, {'lat': 14.560005, 'lng': 121.002997}, {'lat': 14.560065, 'lng': 121.003461}, {'lat': 14.560124, 'lng': 121.003911}, {'lat': 14.560179, 'lng': 121.004356}, {'lat': 14.560221, 'lng': 121.004637}, {'lat': 14.560252, 'lng': 121.004841}, {'lat': 14.560001, 'lng': 121.004906}, {'lat': 14.559937, 'lng': 121.004923}, {'lat': 14.559801, 'lng': 121.004957}, {'lat': 14.559684, 'lng': 121.004986}, {'lat': 14.559627, 'lng': 121.004499}, {'lat': 14.559623, 'lng': 121.004469}, {'lat': 14.559571, 'lng': 121.004075}, {'lat': 14.559538, 'lng': 121.003771}]",1,1785127793400,,540,,2162.977
route-1785127973898-5647,whmYkMhuCYVUlGUGrqY7,Traffic Update,"[{'lat': 14.561888, 'lng': 120.999119}, {'lat': 14.561875, 'lng': 120.999132}, {'lat': 14.561853, 'lng': 120.999156}, {'lat': 14.561559, 'lng': 120.99947}, {'lat': 14.561441, 'lng': 120.999621}, {'lat': 14.561375, 'lng': 120.999726}, {'lat': 14.56133, 'lng': 120.999803}, {'lat': 14.561274, 'lng': 120.999919}, {'lat': 14.561229, 'lng': 121.000042}, {'lat': 14.561213, 'lng': 121.000084}, {'lat': 14.561158, 'lng': 121.000278}, {'lat': 14.561122, 'lng': 121.00047}, {'lat': 14.56109, 'lng': 121.000704}, {'lat': 14.561079, 'lng': 121.000786}, {'lat': 14.560984, 'lng': 121.000817}, {'lat': 14.560504, 'lng': 121.000943}, {'lat': 14.559709, 'lng': 121.001155}, {'lat': 14.559718, 'lng': 121.001241}, {'lat': 14.559786, 'lng': 121.001641}, {'lat': 14.559851, 'lng': 121.002067}, {'lat': 14.559929, 'lng': 121.002521}, {'lat': 14.559967, 'lng': 121.002759}, {'lat': 14.560005, 'lng': 121.002997}, {'lat': 14.560065, 'lng': 121.003461}, {'lat': 14.560124, 'lng': 121.003911}, {'lat': 14.560179, 'lng': 121.004356}, {'lat': 14.560221, 'lng': 121.004637}, {'lat': 14.560252, 'lng': 121.004841}, {'lat': 14.560001, 'lng': 121.004906}, {'lat': 14.559937, 'lng': 121.004923}, {'lat': 14.559801, 'lng': 121.004957}, {'lat': 14.559684, 'lng': 121.004986}, {'lat': 14.559627, 'lng': 121.004499}, {'lat': 14.559623, 'lng': 121.004469}, {'lat': 14.559571, 'lng': 121.004075}, {'lat': 14.559538, 'lng': 121.003771}]",2,1785127973898,540.0,240,2162.977,963.337
route-1785128476926-5371,whmYkMhuCYVUlGUGrqY7,Traffic Update,"[{'lat': 14.559515, 'lng': 121.003568}, {'lat': 14.559459, 'lng': 121.003138}, {'lat': 14.559708, 'lng': 121.003073}, {'lat': 14.559759, 'lng': 121.00306}, {'lat': 14.560005, 'lng': 121.002997}, {'lat': 14.560065, 'lng': 121.003461}, {'lat': 14.560124, 'lng': 121.003911}, {'lat': 14.560179, 'lng': 121.004356}, {'lat': 14.560221, 'lng': 121.004637}, {'lat': 14.560252, 'lng': 121.004841}, {'lat': 14.560001, 'lng': 121.004906}, {'lat': 14.559937, 'lng': 121.004923}, {'lat': 14.559801, 'lng': 121.004957}, {'lat': 14.559684, 'lng': 121.004986}, {'lat': 14.559627, 'lng': 121.004499}, {'lat': 14.559623, 'lng': 121.004469}, {'lat': 14.559571, 'lng': 121.004075}, {'lat': 14.559538, 'lng': 121.003771}]",3,1785128476926,240.0,120,963.337,506.997
route-1785138431420-1596,ulzOmkAiXPHGx4JA1Ilv,Initial Route,"[{'lat': 14.564138, 'lng': 120.994388}, {'lat': 14.563954, 'lng': 120.994473}, {'lat': 14.563791, 'lng': 120.994553}, {'lat': 14.563742, 'lng': 120.994579}, {'lat': 14.563535, 'lng': 120.994682}, {'lat': 14.563497, 'lng': 120.994699}, {'lat': 14.563204, 'lng': 120.994836}, {'lat': 14.563167, 'lng': 120.994852}, {'lat': 14.562677, 'lng': 120.995082}, {'lat': 14.562602, 'lng': 120.995096}, {'lat': 14.562632, 'lng': 120.99514}, {'lat': 14.562669, 'lng': 120.995214}, {'lat': 14.562699, 'lng': 120.995294}, {'lat': 14.562722, 'lng': 120.995362}, {'lat': 14.562907, 'lng': 120.995803}, {'lat': 14.562954, 'lng': 120.995906}, {'lat': 14.56299, 'lng': 120.99599}, {'lat': 14.563132, 'lng': 120.996294}, {'lat': 14.563376, 'lng': 120.996849}, {'lat': 14.563484, 'lng': 120.997096}, {'lat': 14.563689, 'lng': 120.997545}, {'lat': 14.56371, 'lng': 120.997583}, {'lat': 14.563769, 'lng': 120.997712}, {'lat': 14.563874, 'lng': 120.997912}, {'lat': 14.563887, 'lng': 120.997937}, {'lat': 14.563944, 'lng': 120.998045}, {'lat': 14.564062, 'lng': 120.998273}, {'lat': 14.564576, 'lng': 120.998158}, {'lat': 14.564995, 'lng': 120.998079}, {'lat': 14.565413, 'lng': 120.998023}, {'lat': 14.565843, 'lng': 120.997955}, {'lat': 14.565942, 'lng': 120.997939}, {'lat': 14.566046, 'lng': 120.997925}, {'lat': 14.566601, 'lng': 120.997915}, {'lat': 14.56663, 'lng': 120.997914}, {'lat': 14.566737, 'lng': 120.997912}, {'lat': 14.566765, 'lng': 120.997914}, {'lat': 14.567594, 'lng': 120.997986}, {'lat': 14.567876, 'lng': 120.99801}, {'lat': 14.568105, 'lng': 120.998027}, {'lat': 14.568228, 'lng': 120.998036}, {'lat': 14.568958, 'lng': 120.998089}, {'lat': 14.569167, 'lng': 120.998117}, {'lat': 14.569407, 'lng': 120.998166}, {'lat': 14.569519, 'lng': 120.998188}, {'lat': 14.569775, 'lng': 120.998243}, {'lat': 14.570008, 'lng': 120.998305}, {'lat': 14.57042, 'lng': 120.99846}, {'lat': 14.570899, 'lng': 120.99869}, {'lat': 14.571273, 'lng': 120.998878}, {'lat': 14.571459, 'lng': 120.998991}, {'lat': 14.571615, 'lng': 120.999085}, {'lat': 14.571951, 'lng': 120.999305}, {'lat': 14.572485, 'lng': 120.999064}, {'lat': 14.572521, 'lng': 120.999229}, {'lat': 14.572562, 'lng': 120.999382}, {'lat': 14.572601, 'lng': 120.999533}, {'lat': 14.572669, 'lng': 120.999741}, {'lat': 14.572678, 'lng': 120.99978}, {'lat': 14.572684, 'lng': 120.99981}, {'lat': 14.57269, 'lng': 120.999842}, {'lat': 14.572694, 'lng': 120.999886}, {'lat': 14.572698, 'lng': 120.99994}, {'lat': 14.572688, 'lng': 121.000025}, {'lat': 14.572667, 'lng': 121.000183}, {'lat': 14.572585, 'lng': 121.00068}, {'lat': 14.572484, 'lng': 121.001337}, {'lat': 14.572873, 'lng': 121.000942}, {'lat': 14.573281, 'lng': 121.000515}, {'lat': 14.573336, 'lng': 121.00045}, {'lat': 14.573985, 'lng': 120.99972}]",1,1785138431421,,540,,2033.612
route-1785138483204-752,ulzOmkAiXPHGx4JA1Ilv,Regenerated Route,"[{'lat': 14.565098, 'lng': 120.993937}, {'lat': 14.565085, 'lng': 120.993943}, {'lat': 14.565045, 'lng': 120.993962}, {'lat': 14.564795, 'lng': 120.994081}, {'lat': 14.56445, 'lng': 120.994243}, {'lat': 14.56434, 'lng': 120.994293}, {'lat': 14.564291, 'lng': 120.994317}, {'lat': 14.56426, 'lng': 120.994332}, {'lat': 14.563954, 'lng': 120.994473}, {'lat': 14.563791, 'lng': 120.994553}, {'lat': 14.563742, 'lng': 120.994579}, {'lat': 14.563535, 'lng': 120.994682}, {'lat': 14.563497, 'lng': 120.994699}, {'lat': 14.563204, 'lng': 120.994836}, {'lat': 14.563167, 'lng': 120.994852}, {'lat': 14.562677, 'lng': 120.995082}, {'lat': 14.562602, 'lng': 120.995096}, {'lat': 14.562632, 'lng': 120.99514}, {'lat': 14.562669, 'lng': 120.995214}, {'lat': 14.562699, 'lng': 120.995294}, {'lat': 14.562722, 'lng': 120.995362}, {'lat': 14.562907, 'lng': 120.995803}, {'lat': 14.562954, 'lng': 120.995906}, {'lat': 14.56299, 'lng': 120.99599}, {'lat': 14.563132, 'lng': 120.996294}, {'lat': 14.563376, 'lng': 120.996849}, {'lat': 14.563484, 'lng': 120.997096}, {'lat': 14.563689, 'lng': 120.997545}, {'lat': 14.56371, 'lng': 120.997583}, {'lat': 14.563769, 'lng': 120.997712}, {'lat': 14.563874, 'lng': 120.997912}, {'lat': 14.563887, 'lng': 120.997937}, {'lat': 14.563944, 'lng': 120.998045}, {'lat': 14.564062, 'lng': 120.998273}, {'lat': 14.564576, 'lng': 120.998158}, {'lat': 14.564995, 'lng': 120.998079}, {'lat': 14.565413, 'lng': 120.998023}, {'lat': 14.565843, 'lng': 120.997955}, {'lat': 14.565942, 'lng': 120.997939}, {'lat': 14.566046, 'lng': 120.997925}, {'lat': 14.566601, 'lng': 120.997915}, {'lat': 14.56663, 'lng': 120.997914}, {'lat': 14.566737, 'lng': 120.997912}, {'lat': 14.566765, 'lng': 120.997914}, {'lat': 14.567594, 'lng': 120.997986}, {'lat': 14.567876, 'lng': 120.99801}, {'lat': 14.568105, 'lng': 120.998027}, {'lat': 14.568228, 'lng': 120.998036}, {'lat': 14.568958, 'lng': 120.998089}, {'lat': 14.569167, 'lng': 120.998117}, {'lat': 14.569407, 'lng': 120.998166}, {'lat': 14.569519, 'lng': 120.998188}, {'lat': 14.569775, 'lng': 120.998243}, {'lat': 14.570008, 'lng': 120.998305}, {'lat': 14.57042, 'lng': 120.99846}, {'lat': 14.570899, 'lng': 120.99869}, {'lat': 14.571273, 'lng': 120.998878}, {'lat': 14.571459, 'lng': 120.998991}, {'lat': 14.571615, 'lng': 120.999085}, {'lat': 14.571951, 'lng': 120.999305}, {'lat': 14.572485, 'lng': 120.999064}, {'lat': 14.572521, 'lng': 120.999229}, {'lat': 14.572562, 'lng': 120.999382}, {'lat': 14.572601, 'lng': 120.999533}, {'lat': 14.572669, 'lng': 120.999741}, {'lat': 14.572678, 'lng': 120.99978}, {'lat': 14.572684, 'lng': 120.99981}, {'lat': 14.57269, 'lng': 120.999842}, {'lat': 14.572694, 'lng': 120.999886}, {'lat': 14.572698, 'lng': 120.99994}, {'lat': 14.572688, 'lng': 121.000025}, {'lat': 14.572667, 'lng': 121.000183}, {'lat': 14.572585, 'lng': 121.00068}, {'lat': 14.572484, 'lng': 121.001337}, {'lat': 14.572873, 'lng': 121.000942}, {'lat': 14.573281, 'lng': 121.000515}, {'lat': 14.573336, 'lng': 121.00045}, {'lat': 14.573985, 'lng': 120.99972}]",2,1785138483204,540.0,540,2033.612,2151.041
route-1785138536908-9140,ulzOmkAiXPHGx4JA1Ilv,Regenerated Route,"[{'lat': 14.567275, 'lng': 120.994044}, {'lat': 14.567254, 'lng': 120.993993}, {'lat': 14.567767, 'lng': 120.993758}, {'lat': 14.568269, 'lng': 120.993519}, {'lat': 14.568446, 'lng': 120.993435}, {'lat': 14.568579, 'lng': 120.993372}, {'lat': 14.568757, 'lng': 120.993286}, {'lat': 14.568921, 'lng': 120.993209}, {'lat': 14.569188, 'lng': 120.993082}, {'lat': 14.569335, 'lng': 120.993012}, {'lat': 14.569759, 'lng': 120.99281}, {'lat': 14.569794, 'lng': 120.992793}, {'lat': 14.570459, 'lng': 120.992477}, {'lat': 14.570619, 'lng': 120.992901}, {'lat': 14.570713, 'lng': 120.993147}, {'lat': 14.570849, 'lng': 120.993507}, {'lat': 14.570911, 'lng': 120.993671}, {'lat': 14.570981, 'lng': 120.993857}, {'lat': 14.571039, 'lng': 120.994011}, {'lat': 14.571116, 'lng': 120.994219}, {'lat': 14.571248, 'lng': 120.994573}, {'lat': 14.571374, 'lng': 120.994912}, {'lat': 14.571617, 'lng': 120.995289}, {'lat': 14.571664, 'lng': 120.995355}, {'lat': 14.57174, 'lng': 120.995477}, {'lat': 14.571838, 'lng': 120.995636}, {'lat': 14.571906, 'lng': 120.995778}, {'lat': 14.571992, 'lng': 120.995982}, {'lat': 14.572034, 'lng': 120.996097}, {'lat': 14.572097, 'lng': 120.99629}, {'lat': 14.572151, 'lng': 120.996471}, {'lat': 14.572224, 'lng': 120.996847}, {'lat': 14.57226, 'lng': 120.997148}, {'lat': 14.572295, 'lng': 120.997404}, {'lat': 14.572351, 'lng': 120.997823}, {'lat': 14.572364, 'lng': 120.997921}, {'lat': 14.57238, 'lng': 120.998036}, {'lat': 14.572422, 'lng': 120.99841}, {'lat': 14.572441, 'lng': 120.998576}, {'lat': 14.572453, 'lng': 120.998672}, {'lat': 14.572457, 'lng': 120.998707}, {'lat': 14.572433, 'lng': 120.998752}, {'lat': 14.572485, 'lng': 120.999064}, {'lat': 14.572521, 'lng': 120.999229}, {'lat': 14.572562, 'lng': 120.999382}, {'lat': 14.572601, 'lng': 120.999533}, {'lat': 14.572669, 'lng': 120.999741}, {'lat': 14.572678, 'lng': 120.99978}, {'lat': 14.572684, 'lng': 120.99981}, {'lat': 14.57269, 'lng': 120.999842}, {'lat': 14.572694, 'lng': 120.999886}, {'lat': 14.572698, 'lng': 120.99994}, {'lat': 14.572688, 'lng': 121.000025}, {'lat': 14.572667, 'lng': 121.000183}, {'lat': 14.572585, 'lng': 121.00068}, {'lat': 14.572484, 'lng': 121.001337}, {'lat': 14.572873, 'lng': 121.000942}, {'lat': 14.573281, 'lng': 121.000515}, {'lat': 14.573336, 'lng': 121.00045}, {'lat': 14.573985, 'lng': 120.99972}]",3,1785138536908,540.0,420,2151.041,1644.45
route-1785138717503-3097,ulzOmkAiXPHGx4JA1Ilv,Traffic Update,"[{'lat': 14.572396, 'lng': 120.998178}, {'lat': 14.572422, 'lng': 120.99841}, {'lat': 14.572441, 'lng': 120.998576}, {'lat': 14.572453, 'lng': 120.998672}, {'lat': 14.572457, 'lng': 120.998707}, {'lat': 14.572433, 'lng': 120.998752}, {'lat': 14.572485, 'lng': 120.999064}, {'lat': 14.572521, 'lng': 120.999229}, {'lat': 14.572562, 'lng': 120.999382}, {'lat': 14.572601, 'lng': 120.999533}, {'lat': 14.572669, 'lng': 120.999741}, {'lat': 14.572678, 'lng': 120.99978}, {'lat': 14.572684, 'lng': 120.99981}, {'lat': 14.57269, 'lng': 120.999842}, {'lat': 14.572694, 'lng': 120.999886}, {'lat': 14.572698, 'lng': 120.99994}, {'lat': 14.572688, 'lng': 121.000025}, {'lat': 14.572667, 'lng': 121.000183}, {'lat': 14.572585, 'lng': 121.00068}, {'lat': 14.572484, 'lng': 121.001337}, {'lat': 14.572873, 'lng': 121.000942}, {'lat': 14.573281, 'lng': 121.000515}, {'lat': 14.573336, 'lng': 121.00045}, {'lat': 14.573985, 'lng': 120.99972}]",4,1785138717504,420.0,180,1644.45,588.477
route-1785138899394-2902,ulzOmkAiXPHGx4JA1Ilv,Traffic Update,"[{'lat': 14.573985, 'lng': 120.99972}, {'lat': 14.573985, 'lng': 120.99972}]",5,1785138899394,180.0,0,588.477,0.0
route-1785139082462-7824,ulzOmkAiXPHGx4JA1Ilv,Regenerated Route,"[{'lat': 14.57488, 'lng': 120.999695}, {'lat': 14.57474, 'lng': 120.999705}, {'lat': 14.574477, 'lng': 120.99971}, {'lat': 14.57413, 'lng': 120.999717}, {'lat': 14.57405, 'lng': 120.999719}, {'lat': 14.573985, 'lng': 120.99972}]",6,1785139082462,0.0,0,0.0,99.684
route-1785139083259-6919,ulzOmkAiXPHGx4JA1Ilv,Regenerated Route,"[{'lat': 14.576411, 'lng': 120.998789}, {'lat': 14.576524, 'lng': 120.998772}, {'lat': 14.576714, 'lng': 120.998762}, {'lat': 14.576908, 'lng': 120.998774}, {'lat': 14.577079, 'lng': 120.99881}, {'lat': 14.577241, 'lng': 120.998869}, {'lat': 14.577332, 'lng': 120.998914}, {'lat': 14.577462, 'lng': 120.999025}, {'lat': 14.577616, 'lng': 120.999194}, {'lat': 14.577689, 'lng': 120.999353}, {'lat': 14.577717, 'lng': 120.999522}, {'lat': 14.577754, 'lng': 121.000185}, {'lat': 14.577461, 'lng': 121.000197}, {'lat': 14.577148, 'lng': 121.000209}, {'lat': 14.577142, 'lng': 121.00021}, {'lat': 14.576856, 'lng': 121.000226}, {'lat': 14.576564, 'lng': 121.000232}, {'lat': 14.576184, 'lng': 120.999275}, {'lat': 14.576104, 'lng': 120.999328}, {'lat': 14.575931, 'lng': 120.999443}, {'lat': 14.575617, 'lng': 120.999607}, {'lat': 14.575539, 'lng': 120.999629}, {'lat': 14.575434, 'lng': 120.999635}, {'lat': 14.575333, 'lng': 120.999635}, {'lat': 14.575175, 'lng': 120.999662}, {'lat': 14.575105, 'lng': 120.999672}, {'lat': 14.575, 'lng': 120.999683}, {'lat': 14.57488, 'lng': 120.999695}, {'lat': 14.57474, 'lng': 120.999705}, {'lat': 14.574477, 'lng': 120.99971}, {'lat': 14.57413, 'lng': 120.999717}, {'lat': 14.57405, 'lng': 120.999719}, {'lat': 14.573985, 'lng': 120.99972}]",7,1785139083259,0.0,180,99.684,757.271
route-1785146554451-889,I3JbnIwepaslgyQrf5pE,Initial Route,"[{'lat': 14.564135, 'lng': 120.994557}, {'lat': 14.564348, 'lng': 120.994453}, {'lat': 14.564398, 'lng': 120.99443}, {'lat': 14.564506, 'lng': 120.99438}, {'lat': 14.565142, 'lng': 120.994072}, {'lat': 14.565203, 'lng': 120.994046}, {'lat': 14.56533, 'lng': 120.993989}, {'lat': 14.565363, 'lng': 120.993975}, {'lat': 14.565541, 'lng': 120.993899}, {'lat': 14.56577, 'lng': 120.993789}, {'lat': 14.565787, 'lng': 120.993827}, {'lat': 14.566099, 'lng': 120.994544}, {'lat': 14.565801, 'lng': 120.994684}, {'lat': 14.565602, 'lng': 120.994776}, {'lat': 14.56541, 'lng': 120.994866}, {'lat': 14.565663, 'lng': 120.995424}, {'lat': 14.565799, 'lng': 120.995759}, {'lat': 14.565835, 'lng': 120.995846}, {'lat': 14.566212, 'lng': 120.996755}, {'lat': 14.566585, 'lng': 120.996638}, {'lat': 14.566883, 'lng': 120.996549}, {'lat': 14.566924, 'lng': 120.996536}, {'lat': 14.566938, 'lng': 120.996531}, {'lat': 14.567227, 'lng': 120.996434}, {'lat': 14.56752, 'lng': 120.996354}, {'lat': 14.567738, 'lng': 120.996294}, {'lat': 14.567782, 'lng': 120.996282}, {'lat': 14.567814, 'lng': 120.996273}, {'lat': 14.568064, 'lng': 120.996206}, {'lat': 14.568152, 'lng': 120.99618}, {'lat': 14.568333, 'lng': 120.996588}, {'lat': 14.568343, 'lng': 120.996599}, {'lat': 14.568355, 'lng': 120.996608}, {'lat': 14.56837, 'lng': 120.99661}, {'lat': 14.569075, 'lng': 120.996464}, {'lat': 14.569686, 'lng': 120.996323}, {'lat': 14.569727, 'lng': 120.996562}, {'lat': 14.569766, 'lng': 120.996797}, {'lat': 14.569795, 'lng': 120.996985}, {'lat': 14.569836, 'lng': 120.997149}, {'lat': 14.569871, 'lng': 120.997217}, {'lat': 14.570069, 'lng': 120.997213}, {'lat': 14.570246, 'lng': 120.997206}, {'lat': 14.57026, 'lng': 120.997215}, {'lat': 14.570396, 'lng': 120.998273}]",1,1785146554451,,420,,1280.839
route-1785146633856-788,I3JbnIwepaslgyQrf5pE,Regenerated Route,"[{'lat': 14.567019, 'lng': 120.994105}, {'lat': 14.566852, 'lng': 120.994184}, {'lat': 14.566645, 'lng': 120.994284}, {'lat': 14.566481, 'lng': 120.994363}, {'lat': 14.566291, 'lng': 120.994456}, {'lat': 14.566099, 'lng': 120.994544}, {'lat': 14.565801, 'lng': 120.994684}, {'lat': 14.565602, 'lng': 120.994776}, {'lat': 14.56541, 'lng': 120.994866}, {'lat': 14.565663, 'lng': 120.995424}, {'lat': 14.565799, 'lng': 120.995759}, {'lat': 14.565835, 'lng': 120.995846}, {'lat': 14.566212, 'lng': 120.996755}, {'lat': 14.566585, 'lng': 120.996638}, {'lat': 14.566883, 'lng': 120.996549}, {'lat': 14.566924, 'lng': 120.996536}, {'lat': 14.566938, 'lng': 120.996531}, {'lat': 14.567227, 'lng': 120.996434}, {'lat': 14.56752, 'lng': 120.996354}, {'lat': 14.567738, 'lng': 120.996294}, {'lat': 14.567782, 'lng': 120.996282}, {'lat': 14.567814, 'lng': 120.996273}, {'lat': 14.568064, 'lng': 120.996206}, {'lat': 14.568152, 'lng': 120.99618}, {'lat': 14.568333, 'lng': 120.996588}, {'lat': 14.568343, 'lng': 120.996599}, {'lat': 14.568355, 'lng': 120.996608}, {'lat': 14.56837, 'lng': 120.99661}, {'lat': 14.569075, 'lng': 120.996464}, {'lat': 14.569686, 'lng': 120.996323}, {'lat': 14.569727, 'lng': 120.996562}, {'lat': 14.569766, 'lng': 120.996797}, {'lat': 14.569795, 'lng': 120.996985}, {'lat': 14.569836, 'lng': 120.997149}, {'lat': 14.569871, 'lng': 120.997217}, {'lat': 14.570069, 'lng': 120.997213}, {'lat': 14.570246, 'lng': 120.997206}, {'lat': 14.57026, 'lng': 120.997215}, {'lat': 14.570396, 'lng': 120.998273}]",2,1785146633856,420.0,360,1280.839,1104.559
route-1785146678092-6871,I3JbnIwepaslgyQrf5pE,Regenerated Route,"[{'lat': 14.569845, 'lng': 120.992769}, {'lat': 14.569794, 'lng': 120.992793}, {'lat': 14.569759, 'lng': 120.99281}, {'lat': 14.569335, 'lng': 120.993012}, {'lat': 14.569372, 'lng': 120.993094}, {'lat': 14.56956, 'lng': 120.993511}, {'lat': 14.569583, 'lng': 120.993541}, {'lat': 14.569606, 'lng': 120.993547}, {'lat': 14.569717, 'lng': 120.993508}, {'lat': 14.569734, 'lng': 120.993511}, {'lat': 14.569744, 'lng': 120.993531}, {'lat': 14.570368, 'lng': 120.995159}, {'lat': 14.570152, 'lng': 120.995222}, {'lat': 14.569921, 'lng': 120.995294}, {'lat': 14.569724, 'lng': 120.995382}, {'lat': 14.569639, 'lng': 120.995423}, {'lat': 14.569506, 'lng': 120.995486}, {'lat': 14.569254, 'lng': 120.995613}, {'lat': 14.56912, 'lng': 120.995691}, {'lat': 14.568969, 'lng': 120.995779}, {'lat': 14.568931, 'lng': 120.995801}, {'lat': 14.568738, 'lng': 120.995916}, {'lat': 14.568708, 'lng': 120.99593}, {'lat': 14.568689, 'lng': 120.99594}, {'lat': 14.568405, 'lng': 120.996081}, {'lat': 14.56822, 'lng': 120.996154}, {'lat': 14.568152, 'lng': 120.99618}, {'lat': 14.568333, 'lng': 120.996588}, {'lat': 14.568343, 'lng': 120.996599}, {'lat': 14.568355, 'lng': 120.996608}, {'lat': 14.56837, 'lng': 120.99661}, {'lat': 14.569075, 'lng': 120.996464}, {'lat': 14.569686, 'lng': 120.996323}, {'lat': 14.569727, 'lng': 120.996562}, {'lat': 14.569766, 'lng': 120.996797}, {'lat': 14.569795, 'lng': 120.996985}, {'lat': 14.569836, 'lng': 120.997149}, {'lat': 14.569871, 'lng': 120.997217}, {'lat': 14.570069, 'lng': 120.997213}, {'lat': 14.570246, 'lng': 120.997206}, {'lat': 14.57026, 'lng': 120.997215}, {'lat': 14.570396, 'lng': 120.998273}]",3,1785146678092,360.0,360,1104.559,1066.203
route-1785146722359-7016,I3JbnIwepaslgyQrf5pE,Regenerated Route,"[{'lat': 14.571039, 'lng': 120.994011}, {'lat': 14.571116, 'lng': 120.994219}, {'lat': 14.571248, 'lng': 120.994573}, {'lat': 14.571374, 'lng': 120.994912}, {'lat': 14.570889, 'lng': 120.995022}, {'lat': 14.570869, 'lng': 120.995027}, {'lat': 14.570666, 'lng': 120.99508}, {'lat': 14.570368, 'lng': 120.995159}, {'lat': 14.570152, 'lng': 120.995222}, {'lat': 14.569921, 'lng': 120.995294}, {'lat': 14.569724, 'lng': 120.995382}, {'lat': 14.569639, 'lng': 120.995423}, {'lat': 14.569506, 'lng': 120.995486}, {'lat': 14.569254, 'lng': 120.995613}, {'lat': 14.56912, 'lng': 120.995691}, {'lat': 14.568969, 'lng': 120.995779}, {'lat': 14.568931, 'lng': 120.995801}, {'lat': 14.568738, 'lng': 120.995916}, {'lat': 14.568708, 'lng': 120.99593}, {'lat': 14.568689, 'lng': 120.99594}, {'lat': 14.568405, 'lng': 120.996081}, {'lat': 14.56822, 'lng': 120.996154}, {'lat': 14.568152, 'lng': 120.99618}, {'lat': 14.568333, 'lng': 120.996588}, {'lat': 14.568343, 'lng': 120.996599}, {'lat': 14.568355, 'lng': 120.996608}, {'lat': 14.56837, 'lng': 120.99661}, {'lat': 14.569075, 'lng': 120.996464}, {'lat': 14.569686, 'lng': 120.996323}, {'lat': 14.569727, 'lng': 120.996562}, {'lat': 14.569766, 'lng': 120.996797}, {'lat': 14.569795, 'lng': 120.996985}, {'lat': 14.569836, 'lng': 120.997149}, {'lat': 14.569871, 'lng': 120.997217}, {'lat': 14.570069, 'lng': 120.997213}, {'lat': 14.570246, 'lng': 120.997206}, {'lat': 14.57026, 'lng': 120.997215}, {'lat': 14.570396, 'lng': 120.998273}]",4,1785146722359,360.0,300,1066.203,950.627
route-1785146904211-6897,I3JbnIwepaslgyQrf5pE,Traffic Update,"[{'lat': 14.570193, 'lng': 120.997208}, {'lat': 14.57026, 'lng': 120.997215}, {'lat': 14.570396, 'lng': 120.998273}]",5,1785146904211,300.0,60,950.627,122.529
route-1785149695558-621,jiQWmvaS14llN37DCUox,Initial Route,"[{'lat': 14.564433, 'lng': 120.994502}, {'lat': 14.564415, 'lng': 120.994463}, {'lat': 14.564398, 'lng': 120.99443}, {'lat': 14.564363, 'lng': 120.994343}, {'lat': 14.56434, 'lng': 120.994293}, {'lat': 14.564291, 'lng': 120.994317}, {'lat': 14.56426, 'lng': 120.994332}, {'lat': 14.563954, 'lng': 120.994473}, {'lat': 14.563791, 'lng': 120.994553}, {'lat': 14.563742, 'lng': 120.994579}, {'lat': 14.563535, 'lng': 120.994682}, {'lat': 14.563497, 'lng': 120.994699}, {'lat': 14.563204, 'lng': 120.994836}, {'lat': 14.563167, 'lng': 120.994852}, {'lat': 14.562677, 'lng': 120.995082}, {'lat': 14.562602, 'lng': 120.995096}, {'lat': 14.562632, 'lng': 120.99514}, {'lat': 14.562669, 'lng': 120.995214}, {'lat': 14.562699, 'lng': 120.995294}, {'lat': 14.562722, 'lng': 120.995362}, {'lat': 14.562907, 'lng': 120.995803}, {'lat': 14.562954, 'lng': 120.995906}, {'lat': 14.56299, 'lng': 120.99599}, {'lat': 14.563132, 'lng': 120.996294}, {'lat': 14.563376, 'lng': 120.996849}, {'lat': 14.563484, 'lng': 120.997096}, {'lat': 14.563689, 'lng': 120.997545}, {'lat': 14.56371, 'lng': 120.997583}, {'lat': 14.563769, 'lng': 120.997712}, {'lat': 14.563874, 'lng': 120.997912}, {'lat': 14.563887, 'lng': 120.997937}, {'lat': 14.563944, 'lng': 120.998045}, {'lat': 14.564062, 'lng': 120.998273}, {'lat': 14.56388, 'lng': 120.998322}, {'lat': 14.563784, 'lng': 120.998348}, {'lat': 14.56336, 'lng': 120.998463}, {'lat': 14.563191, 'lng': 120.998512}, {'lat': 14.562799, 'lng': 120.998626}, {'lat': 14.562525, 'lng': 120.998735}, {'lat': 14.562399, 'lng': 120.998786}, {'lat': 14.562326, 'lng': 120.99882}, {'lat': 14.562075, 'lng': 120.998939}, {'lat': 14.562015, 'lng': 120.998986}, {'lat': 14.561955, 'lng': 120.99905}, {'lat': 14.561875, 'lng': 120.999132}, {'lat': 14.561853, 'lng': 120.999156}, {'lat': 14.561559, 'lng': 120.99947}, {'lat': 14.561441, 'lng': 120.999621}, {'lat': 14.561375, 'lng': 120.999726}, {'lat': 14.56133, 'lng': 120.999803}, {'lat': 14.561274, 'lng': 120.999919}, {'lat': 14.561229, 'lng': 121.000042}, {'lat': 14.561213, 'lng': 121.000084}, {'lat': 14.561158, 'lng': 121.000278}, {'lat': 14.561122, 'lng': 121.00047}, {'lat': 14.56109, 'lng': 121.000704}, {'lat': 14.561079, 'lng': 121.000786}, {'lat': 14.560984, 'lng': 121.000817}, {'lat': 14.560504, 'lng': 121.000943}, {'lat': 14.559709, 'lng': 121.001155}, {'lat': 14.559153, 'lng': 121.001294}, {'lat': 14.55767, 'lng': 121.001676}, {'lat': 14.557759, 'lng': 121.00214}]",1,1785149695558,,480,,1527.197
route-1785149725482-9058,jiQWmvaS14llN37DCUox,Regenerated Route,"[{'lat': 14.565253, 'lng': 120.994024}, {'lat': 14.56533, 'lng': 120.993989}, {'lat': 14.565363, 'lng': 120.993975}, {'lat': 14.565541, 'lng': 120.993899}, {'lat': 14.56577, 'lng': 120.993789}, {'lat': 14.565787, 'lng': 120.993827}, {'lat': 14.566099, 'lng': 120.994544}, {'lat': 14.565801, 'lng': 120.994684}, {'lat': 14.565602, 'lng': 120.994776}, {'lat': 14.56541, 'lng': 120.994866}, {'lat': 14.565257, 'lng': 120.994935}, {'lat': 14.564805, 'lng': 120.995139}, {'lat': 14.564749, 'lng': 120.995165}, {'lat': 14.564707, 'lng': 120.995184}, {'lat': 14.564346, 'lng': 120.995357}, {'lat': 14.563677, 'lng': 120.995679}, {'lat': 14.563085, 'lng': 120.995943}, {'lat': 14.56299, 'lng': 120.99599}, {'lat': 14.563132, 'lng': 120.996294}, {'lat': 14.563376, 'lng': 120.996849}, {'lat': 14.563484, 'lng': 120.997096}, {'lat': 14.563689, 'lng': 120.997545}, {'lat': 14.56371, 'lng': 120.997583}, {'lat': 14.563769, 'lng': 120.997712}, {'lat': 14.563874, 'lng': 120.997912}, {'lat': 14.563887, 'lng': 120.997937}, {'lat': 14.563944, 'lng': 120.998045}, {'lat': 14.564062, 'lng': 120.998273}, {'lat': 14.563801, 'lng': 120.998344}, {'lat': 14.563671, 'lng': 120.998379}, {'lat': 14.56336, 'lng': 120.998463}, {'lat': 14.563191, 'lng': 120.998512}, {'lat': 14.562799, 'lng': 120.998626}, {'lat': 14.562442, 'lng': 120.998769}, {'lat': 14.562416, 'lng': 120.998779}, {'lat': 14.562399, 'lng': 120.998786}, {'lat': 14.562075, 'lng': 120.998939}, {'lat': 14.562015, 'lng': 120.998986}, {'lat': 14.561966, 'lng': 120.999039}, {'lat': 14.561955, 'lng': 120.99905}, {'lat': 14.561875, 'lng': 120.999132}, {'lat': 14.561853, 'lng': 120.999156}, {'lat': 14.561559, 'lng': 120.99947}, {'lat': 14.561441, 'lng': 120.999621}, {'lat': 14.561375, 'lng': 120.999726}, {'lat': 14.56133, 'lng': 120.999803}, {'lat': 14.561274, 'lng': 120.999919}, {'lat': 14.561229, 'lng': 121.000042}, {'lat': 14.561213, 'lng': 121.000084}, {'lat': 14.561158, 'lng': 121.000278}, {'lat': 14.561122, 'lng': 121.00047}, {'lat': 14.56109, 'lng': 121.000704}, {'lat': 14.561079, 'lng': 121.000786}, {'lat': 14.560984, 'lng': 121.000817}, {'lat': 14.560504, 'lng': 121.000943}, {'lat': 14.559709, 'lng': 121.001155}, {'lat': 14.559153, 'lng': 121.001294}, {'lat': 14.55767, 'lng': 121.001676}, {'lat': 14.557759, 'lng': 121.00214}]",2,1785149725482,480.0,540,1527.197,1716.11
route-1785149907483-8337,jiQWmvaS14llN37DCUox,Traffic Update,"[{'lat': 14.561408, 'lng': 120.999674}, {'lat': 14.561375, 'lng': 120.999726}, {'lat': 14.56133, 'lng': 120.999803}, {'lat': 14.561274, 'lng': 120.999919}, {'lat': 14.561229, 'lng': 121.000042}, {'lat': 14.561213, 'lng': 121.000084}, {'lat': 14.561158, 'lng': 121.000278}, {'lat': 14.561122, 'lng': 121.00047}, {'lat': 14.56109, 'lng': 121.000704}, {'lat': 14.561079, 'lng': 121.000786}, {'lat': 14.560984, 'lng': 121.000817}, {'lat': 14.560837, 'lng': 121.000856}, {'lat': 14.560504, 'lng': 121.000943}, {'lat': 14.56041, 'lng': 121.000968}, {'lat': 14.559709, 'lng': 121.001155}, {'lat': 14.559153, 'lng': 121.001294}, {'lat': 14.558926, 'lng': 121.001352}, {'lat': 14.557994, 'lng': 121.001593}, {'lat': 14.55767, 'lng': 121.001676}, {'lat': 14.557759, 'lng': 121.00214}]",3,1785149907483,540.0,180,1716.11,569.055
route-1785150455528-1820,jiQWmvaS14llN37DCUox,Traffic Update,"[{'lat': 14.557806, 'lng': 121.002353}, {'lat': 14.557856, 'lng': 121.002576}, {'lat': 14.557958, 'lng': 121.003022}, {'lat': 14.556606, 'lng': 121.003381}, {'lat': 14.556445, 'lng': 121.00294}, {'lat': 14.55638, 'lng': 121.002746}, {'lat': 14.556311, 'lng': 121.002511}, {'lat': 14.556173, 'lng': 121.002056}, {'lat': 14.55767, 'lng': 121.001676}, {'lat': 14.557759, 'lng': 121.00214}]",4,1785150455528,180.0,180,569.055,602.773
route-1785150456950-2878,jiQWmvaS14llN37DCUox,Regenerated Route,"[{'lat': 14.564415, 'lng': 120.994463}, {'lat': 14.564398, 'lng': 120.99443}, {'lat': 14.564363, 'lng': 120.994343}, {'lat': 14.56434, 'lng': 120.994293}, {'lat': 14.564291, 'lng': 120.994317}, {'lat': 14.56426, 'lng': 120.994332}, {'lat': 14.563954, 'lng': 120.994473}, {'lat': 14.563791, 'lng': 120.994553}, {'lat': 14.563742, 'lng': 120.994579}, {'lat': 14.563535, 'lng': 120.994682}, {'lat': 14.563497, 'lng': 120.994699}, {'lat': 14.563204, 'lng': 120.994836}, {'lat': 14.563167, 'lng': 120.994852}, {'lat': 14.562677, 'lng': 120.995082}, {'lat': 14.562602, 'lng': 120.995096}, {'lat': 14.562632, 'lng': 120.99514}, {'lat': 14.562669, 'lng': 120.995214}, {'lat': 14.562699, 'lng': 120.995294}, {'lat': 14.562722, 'lng': 120.995362}, {'lat': 14.562907, 'lng': 120.995803}, {'lat': 14.562954, 'lng': 120.995906}, {'lat': 14.56299, 'lng': 120.99599}, {'lat': 14.563132, 'lng': 120.996294}, {'lat': 14.563376, 'lng': 120.996849}, {'lat': 14.563484, 'lng': 120.997096}, {'lat': 14.563689, 'lng': 120.997545}, {'lat': 14.56371, 'lng': 120.997583}, {'lat': 14.563769, 'lng': 120.997712}, {'lat': 14.563874, 'lng': 120.997912}, {'lat': 14.563887, 'lng': 120.997937}, {'lat': 14.563944, 'lng': 120.998045}, {'lat': 14.564062, 'lng': 120.998273}, {'lat': 14.56336, 'lng': 120.998463}, {'lat': 14.563191, 'lng': 120.998512}, {'lat': 14.562799, 'lng': 120.998626}, {'lat': 14.562399, 'lng': 120.998786}, {'lat': 14.562075, 'lng': 120.998939}, {'lat': 14.562015, 'lng': 120.998986}, {'lat': 14.561955, 'lng': 120.99905}, {'lat': 14.561875, 'lng': 120.999132}, {'lat': 14.561853, 'lng': 120.999156}, {'lat': 14.561559, 'lng': 120.99947}, {'lat': 14.561441, 'lng': 120.999621}, {'lat': 14.561375, 'lng': 120.999726}, {'lat': 14.56133, 'lng': 120.999803}, {'lat': 14.561274, 'lng': 120.999919}, {'lat': 14.561229, 'lng': 121.000042}, {'lat': 14.561213, 'lng': 121.000084}, {'lat': 14.561158, 'lng': 121.000278}, {'lat': 14.561122, 'lng': 121.00047}, {'lat': 14.56109, 'lng': 121.000704}, {'lat': 14.561079, 'lng': 121.000786}, {'lat': 14.560984, 'lng': 121.000817}, {'lat': 14.560504, 'lng': 121.000943}, {'lat': 14.559709, 'lng': 121.001155}, {'lat': 14.559153, 'lng': 121.001294}, {'lat': 14.55767, 'lng': 121.001676}, {'lat': 14.557759, 'lng': 121.00214}]",5,1785150456950,180.0,480,602.773,1522.548
route-1785152401560-7438,4IAl52dAeEI0aHeP6CUs,Initial Route,"[{'lat': 14.562784, 'lng': 120.995032}, {'lat': 14.562677, 'lng': 120.995082}, {'lat': 14.562602, 'lng': 120.995096}, {'lat': 14.56257, 'lng': 120.99502}, {'lat': 14.562454, 'lng': 120.99481}, {'lat': 14.561758, 'lng': 120.994354}, {'lat': 14.561529, 'lng': 120.994102}, {'lat': 14.561468, 'lng': 120.994034}, {'lat': 14.561401, 'lng': 120.993954}, {'lat': 14.561326, 'lng': 120.993842}, {'lat': 14.56127, 'lng': 120.993731}, {'lat': 14.561227, 'lng': 120.993475}, {'lat': 14.561182, 'lng': 120.99325}, {'lat': 14.561093, 'lng': 120.992859}, {'lat': 14.560998, 'lng': 120.99247}, {'lat': 14.560926, 'lng': 120.992391}, {'lat': 14.560908, 'lng': 120.992311}, {'lat': 14.560885, 'lng': 120.99222}, {'lat': 14.560711, 'lng': 120.991519}, {'lat': 14.560525, 'lng': 120.990773}, {'lat': 14.560429, 'lng': 120.990386}, {'lat': 14.5604, 'lng': 120.99027}, {'lat': 14.560213, 'lng': 120.989516}, {'lat': 14.560193, 'lng': 120.989436}, {'lat': 14.560168, 'lng': 120.98934}, {'lat': 14.560151, 'lng': 120.989294}, {'lat': 14.56013, 'lng': 120.98921}, {'lat': 14.560052, 'lng': 120.988894}, {'lat': 14.559945, 'lng': 120.988485}, {'lat': 14.559702, 'lng': 120.987554}, {'lat': 14.559686, 'lng': 120.987486}, {'lat': 14.559666, 'lng': 120.987401}, {'lat': 14.559554, 'lng': 120.98744}, {'lat': 14.558921, 'lng': 120.987662}, {'lat': 14.558266, 'lng': 120.987881}, {'lat': 14.55747, 'lng': 120.988131}, {'lat': 14.556929, 'lng': 120.988301}, {'lat': 14.556615, 'lng': 120.98841}, {'lat': 14.556319, 'lng': 120.988508}, {'lat': 14.555639, 'lng': 120.988728}, {'lat': 14.555491, 'lng': 120.988776}, {'lat': 14.555116, 'lng': 120.988897}, {'lat': 14.555183, 'lng': 120.989089}, {'lat': 14.555293, 'lng': 120.989048}, {'lat': 14.555398, 'lng': 120.989009}]",1,1785152401560,,480,,1520.677
route-1785152427303-3313,4IAl52dAeEI0aHeP6CUs,Regenerated Route,"[{'lat': 14.561589, 'lng': 120.995468}, {'lat': 14.562348, 'lng': 120.995283}, {'lat': 14.56243, 'lng': 120.995259}, {'lat': 14.562669, 'lng': 120.995214}, {'lat': 14.562731, 'lng': 120.995187}, {'lat': 14.563661, 'lng': 120.994781}, {'lat': 14.563728, 'lng': 120.994752}, {'lat': 14.563801, 'lng': 120.99472}, {'lat': 14.564038, 'lng': 120.994604}, {'lat': 14.564348, 'lng': 120.994453}, {'lat': 14.564398, 'lng': 120.99443}, {'lat': 14.564506, 'lng': 120.99438}, {'lat': 14.565142, 'lng': 120.994072}, {'lat': 14.565203, 'lng': 120.994046}, {'lat': 14.56533, 'lng': 120.993989}, {'lat': 14.565363, 'lng': 120.993975}, {'lat': 14.565289, 'lng': 120.993844}, {'lat': 14.565085, 'lng': 120.993943}, {'lat': 14.565045, 'lng': 120.993962}, {'lat': 14.564795, 'lng': 120.994081}, {'lat': 14.56445, 'lng': 120.994243}, {'lat': 14.56434, 'lng': 120.994293}, {'lat': 14.564291, 'lng': 120.994317}, {'lat': 14.56426, 'lng': 120.994332}, {'lat': 14.563954, 'lng': 120.994473}, {'lat': 14.563791, 'lng': 120.994553}, {'lat': 14.563742, 'lng': 120.994579}, {'lat': 14.563535, 'lng': 120.994682}, {'lat': 14.563497, 'lng': 120.994699}, {'lat': 14.563204, 'lng': 120.994836}, {'lat': 14.563167, 'lng': 120.994852}, {'lat': 14.562677, 'lng': 120.995082}, {'lat': 14.562602, 'lng': 120.995096}, {'lat': 14.56257, 'lng': 120.99502}, {'lat': 14.562454, 'lng': 120.99481}, {'lat': 14.561758, 'lng': 120.994354}, {'lat': 14.561529, 'lng': 120.994102}, {'lat': 14.561468, 'lng': 120.994034}, {'lat': 14.561401, 'lng': 120.993954}, {'lat': 14.561326, 'lng': 120.993842}, {'lat': 14.56127, 'lng': 120.993731}, {'lat': 14.561227, 'lng': 120.993475}, {'lat': 14.561182, 'lng': 120.99325}, {'lat': 14.561093, 'lng': 120.992859}, {'lat': 14.560998, 'lng': 120.99247}, {'lat': 14.560926, 'lng': 120.992391}, {'lat': 14.560908, 'lng': 120.992311}, {'lat': 14.560885, 'lng': 120.99222}, {'lat': 14.560711, 'lng': 120.991519}, {'lat': 14.560525, 'lng': 120.990773}, {'lat': 14.560429, 'lng': 120.990386}, {'lat': 14.5604, 'lng': 120.99027}, {'lat': 14.560213, 'lng': 120.989516}, {'lat': 14.560193, 'lng': 120.989436}, {'lat': 14.560168, 'lng': 120.98934}, {'lat': 14.560151, 'lng': 120.989294}, {'lat': 14.56013, 'lng': 120.98921}, {'lat': 14.560052, 'lng': 120.988894}, {'lat': 14.559945, 'lng': 120.988485}, {'lat': 14.559702, 'lng': 120.987554}, {'lat': 14.559686, 'lng': 120.987486}, {'lat': 14.559666, 'lng': 120.987401}, {'lat': 14.559554, 'lng': 120.98744}, {'lat': 14.558921, 'lng': 120.987662}, {'lat': 14.558266, 'lng': 120.987881}, {'lat': 14.55747, 'lng': 120.988131}, {'lat': 14.556929, 'lng': 120.988301}, {'lat': 14.556615, 'lng': 120.98841}, {'lat': 14.556319, 'lng': 120.988508}, {'lat': 14.555639, 'lng': 120.988728}, {'lat': 14.555491, 'lng': 120.988776}, {'lat': 14.555116, 'lng': 120.988897}, {'lat': 14.555183, 'lng': 120.989089}, {'lat': 14.555293, 'lng': 120.989048}, {'lat': 14.555398, 'lng': 120.989009}]",2,1785152427303,480.0,780,1520.677,2295.529
route-1785152473404-2012,4IAl52dAeEI0aHeP6CUs,Regenerated Route,"[{'lat': 14.559887, 'lng': 120.993912}, {'lat': 14.55973, 'lng': 120.992966}, {'lat': 14.559562, 'lng': 120.993027}, {'lat': 14.559267, 'lng': 120.993126}, {'lat': 14.559055, 'lng': 120.993189}, {'lat': 14.558703, 'lng': 120.993286}, {'lat': 14.558535, 'lng': 120.993323}, {'lat': 14.558248, 'lng': 120.993386}, {'lat': 14.558011, 'lng': 120.993438}, {'lat': 14.557973, 'lng': 120.993315}, {'lat': 14.557925, 'lng': 120.993161}, {'lat': 14.557823, 'lng': 120.99282}, {'lat': 14.557566, 'lng': 120.99198}, {'lat': 14.557171, 'lng': 120.990687}, {'lat': 14.557089, 'lng': 120.990716}, {'lat': 14.556883, 'lng': 120.990124}, {'lat': 14.556766, 'lng': 120.98979}, {'lat': 14.556754, 'lng': 120.989756}, {'lat': 14.556643, 'lng': 120.989437}, {'lat': 14.556532, 'lng': 120.989132}, {'lat': 14.556319, 'lng': 120.988508}, {'lat': 14.555639, 'lng': 120.988728}, {'lat': 14.555491, 'lng': 120.988776}, {'lat': 14.555116, 'lng': 120.988897}, {'lat': 14.555183, 'lng': 120.989089}, {'lat': 14.555293, 'lng': 120.989048}, {'lat': 14.555398, 'lng': 120.989009}]",3,1785152473405,780.0,360,2295.529,1062.732
route-1785152663246-992,4IAl52dAeEI0aHeP6CUs,Traffic Update,"[{'lat': 14.55598, 'lng': 120.988618}, {'lat': 14.555639, 'lng': 120.988728}, {'lat': 14.555491, 'lng': 120.988776}, {'lat': 14.555116, 'lng': 120.988897}, {'lat': 14.555183, 'lng': 120.989089}, {'lat': 14.555293, 'lng': 120.989048}, {'lat': 14.555398, 'lng': 120.989009}]",4,1785152663246,360.0,60,1062.732,148.246
route-1785208349080-5114,C0oYDSgOs81FSV4IU7kf,Initial Route,"[{'lat': 14.562252, 'lng': 120.994678}, {'lat': 14.562454, 'lng': 120.99481}, {'lat': 14.56257, 'lng': 120.99502}, {'lat': 14.562602, 'lng': 120.995096}, {'lat': 14.562632, 'lng': 120.99514}, {'lat': 14.562669, 'lng': 120.995214}, {'lat': 14.562699, 'lng': 120.995294}, {'lat': 14.562722, 'lng': 120.995362}, {'lat': 14.562907, 'lng': 120.995803}, {'lat': 14.562954, 'lng': 120.995906}, {'lat': 14.56299, 'lng': 120.99599}, {'lat': 14.563132, 'lng': 120.996294}, {'lat': 14.563376, 'lng': 120.996849}, {'lat': 14.563484, 'lng': 120.997096}, {'lat': 14.563689, 'lng': 120.997545}, {'lat': 14.56371, 'lng': 120.997583}, {'lat': 14.563769, 'lng': 120.997712}, {'lat': 14.563874, 'lng': 120.997912}, {'lat': 14.563887, 'lng': 120.997937}, {'lat': 14.563944, 'lng': 120.998045}, {'lat': 14.564062, 'lng': 120.998273}, {'lat': 14.56336, 'lng': 120.998463}, {'lat': 14.563191, 'lng': 120.998512}, {'lat': 14.562799, 'lng': 120.998626}, {'lat': 14.562399, 'lng': 120.998786}, {'lat': 14.562075, 'lng': 120.998939}, {'lat': 14.562015, 'lng': 120.998986}, {'lat': 14.561955, 'lng': 120.99905}, {'lat': 14.561998, 'lng': 120.999092}, {'lat': 14.56231, 'lng': 120.999401}, {'lat': 14.56257, 'lng': 120.999659}, {'lat': 14.562835, 'lng': 120.999921}, {'lat': 14.563077, 'lng': 121.000208}, {'lat': 14.563345, 'lng': 121.000458}, {'lat': 14.563587, 'lng': 121.000713}, {'lat': 14.563616, 'lng': 121.000743}, {'lat': 14.563841, 'lng': 121.000967}, {'lat': 14.564118, 'lng': 121.001233}, {'lat': 14.564144, 'lng': 121.00126}, {'lat': 14.564373, 'lng': 121.001484}, {'lat': 14.56464, 'lng': 121.001747}, {'lat': 14.564708, 'lng': 121.001811}, {'lat': 14.564823, 'lng': 121.001928}, {'lat': 14.564896, 'lng': 121.001997}, {'lat': 14.564811, 'lng': 121.002057}, {'lat': 14.564446, 'lng': 121.002328}, {'lat': 14.564075, 'lng': 121.002603}, {'lat': 14.563695, 'lng': 121.002886}, {'lat': 14.56333, 'lng': 121.003158}, {'lat': 14.562963, 'lng': 121.003433}, {'lat': 14.562598, 'lng': 121.003711}, {'lat': 14.562773, 'lng': 121.003889}]",1,1785208349080,,480,,1490.985
route-1785208500646-4637,C0oYDSgOs81FSV4IU7kf,Regenerated Route,"[{'lat': 14.563607, 'lng': 120.999383}, {'lat': 14.563678, 'lng': 120.999523}, {'lat': 14.563824, 'lng': 120.999812}, {'lat': 14.563986, 'lng': 121.000129}, {'lat': 14.564144, 'lng': 121.000441}, {'lat': 14.56429, 'lng': 121.000728}, {'lat': 14.563841, 'lng': 121.000967}, {'lat': 14.564118, 'lng': 121.001233}, {'lat': 14.564144, 'lng': 121.00126}, {'lat': 14.564373, 'lng': 121.001484}, {'lat': 14.56464, 'lng': 121.001747}, {'lat': 14.564708, 'lng': 121.001811}, {'lat': 14.564823, 'lng': 121.001928}, {'lat': 14.564896, 'lng': 121.001997}, {'lat': 14.564811, 'lng': 121.002057}, {'lat': 14.564446, 'lng': 121.002328}, {'lat': 14.564075, 'lng': 121.002603}, {'lat': 14.563695, 'lng': 121.002886}, {'lat': 14.56333, 'lng': 121.003158}, {'lat': 14.562963, 'lng': 121.003433}, {'lat': 14.562598, 'lng': 121.003711}, {'lat': 14.562773, 'lng': 121.003889}]",2,1785208500646,480.0,180,1490.985,724.314
route-1785208887550-5203,aOy5nRqwR4sQA5XKsSQj,Initial Route,"[{'lat': 14.562678, 'lng': 121.003792}, {'lat': 14.563008, 'lng': 121.004129}, {'lat': 14.562121, 'lng': 121.004722}, {'lat': 14.56194, 'lng': 121.004206}, {'lat': 14.561794, 'lng': 121.0037}, {'lat': 14.561692, 'lng': 121.003328}, {'lat': 14.561611, 'lng': 121.002931}, {'lat': 14.561573, 'lng': 121.002673}, {'lat': 14.561562, 'lng': 121.002611}, {'lat': 14.561542, 'lng': 121.002438}, {'lat': 14.561797, 'lng': 121.002275}, {'lat': 14.562192, 'lng': 121.002018}, {'lat': 14.562592, 'lng': 121.001764}, {'lat': 14.562992, 'lng': 121.001516}, {'lat': 14.563377, 'lng': 121.001257}, {'lat': 14.563612, 'lng': 121.001108}, {'lat': 14.563713, 'lng': 121.00104}, {'lat': 14.563841, 'lng': 121.000967}, {'lat': 14.56429, 'lng': 121.000728}, {'lat': 14.565123, 'lng': 121.000334}, {'lat': 14.565582, 'lng': 121.00011}, {'lat': 14.565899, 'lng': 120.999947}, {'lat': 14.566249, 'lng': 120.999785}, {'lat': 14.566709, 'lng': 120.999561}, {'lat': 14.566411, 'lng': 120.998929}, {'lat': 14.566267, 'lng': 120.998622}, {'lat': 14.56612, 'lng': 120.99831}, {'lat': 14.565979, 'lng': 120.998018}, {'lat': 14.565942, 'lng': 120.997939}, {'lat': 14.56588, 'lng': 120.997786}, {'lat': 14.565873, 'lng': 120.997767}, {'lat': 14.56581, 'lng': 120.997614}, {'lat': 14.565807, 'lng': 120.997607}, {'lat': 14.565777, 'lng': 120.997535}, {'lat': 14.565734, 'lng': 120.997429}, {'lat': 14.56572, 'lng': 120.997395}, {'lat': 14.565656, 'lng': 120.99724}, {'lat': 14.565567, 'lng': 120.997022}, {'lat': 14.565538, 'lng': 120.996953}, {'lat': 14.56552, 'lng': 120.996913}, {'lat': 14.565271, 'lng': 120.996337}, {'lat': 14.565323, 'lng': 120.996313}]",1,1785208887550,,360,,1467.808
route-1785208914560-1175,aOy5nRqwR4sQA5XKsSQj,Regenerated Route,"[{'lat': 14.563454, 'lng': 121.003065}, {'lat': 14.563695, 'lng': 121.002886}, {'lat': 14.564075, 'lng': 121.002603}, {'lat': 14.564446, 'lng': 121.002328}, {'lat': 14.564811, 'lng': 121.002057}, {'lat': 14.564896, 'lng': 121.001997}, {'lat': 14.565193, 'lng': 121.001839}, {'lat': 14.565758, 'lng': 121.00156}, {'lat': 14.565599, 'lng': 121.001249}, {'lat': 14.565446, 'lng': 121.000951}, {'lat': 14.565291, 'lng': 121.000648}, {'lat': 14.565123, 'lng': 121.000334}, {'lat': 14.564979, 'lng': 121.000042}, {'lat': 14.564806, 'lng': 120.999704}, {'lat': 14.564653, 'lng': 120.999403}, {'lat': 14.564556, 'lng': 120.999213}, {'lat': 14.564509, 'lng': 120.999119}, {'lat': 14.564959, 'lng': 120.998893}, {'lat': 14.565308, 'lng': 120.998718}, {'lat': 14.565669, 'lng': 120.998536}, {'lat': 14.56612, 'lng': 120.99831}, {'lat': 14.565979, 'lng': 120.998018}, {'lat': 14.565942, 'lng': 120.997939}, {'lat': 14.56588, 'lng': 120.997786}, {'lat': 14.565873, 'lng': 120.997767}, {'lat': 14.56581, 'lng': 120.997614}, {'lat': 14.565807, 'lng': 120.997607}, {'lat': 14.565777, 'lng': 120.997535}, {'lat': 14.565734, 'lng': 120.997429}, {'lat': 14.56572, 'lng': 120.997395}, {'lat': 14.565656, 'lng': 120.99724}, {'lat': 14.565567, 'lng': 120.997022}, {'lat': 14.565538, 'lng': 120.996953}, {'lat': 14.56552, 'lng': 120.996913}, {'lat': 14.565271, 'lng': 120.996337}, {'lat': 14.565323, 'lng': 120.996313}]",2,1785208914560,360.0,240,1467.808,1040.322
route-1785209004830-9706,aOy5nRqwR4sQA5XKsSQj,Regenerated Route,"[{'lat': 14.566672, 'lng': 121.001516}, {'lat': 14.566509, 'lng': 121.001187}, {'lat': 14.567293, 'lng': 121.000818}, {'lat': 14.566999, 'lng': 121.000188}, {'lat': 14.566709, 'lng': 120.999561}, {'lat': 14.566411, 'lng': 120.998929}, {'lat': 14.566267, 'lng': 120.998622}, {'lat': 14.56612, 'lng': 120.99831}, {'lat': 14.565979, 'lng': 120.998018}, {'lat': 14.565942, 'lng': 120.997939}, {'lat': 14.56588, 'lng': 120.997786}, {'lat': 14.565873, 'lng': 120.997767}, {'lat': 14.56581, 'lng': 120.997614}, {'lat': 14.565807, 'lng': 120.997607}, {'lat': 14.565777, 'lng': 120.997535}, {'lat': 14.565734, 'lng': 120.997429}, {'lat': 14.56572, 'lng': 120.997395}, {'lat': 14.565656, 'lng': 120.99724}, {'lat': 14.565567, 'lng': 120.997022}, {'lat': 14.565538, 'lng': 120.996953}, {'lat': 14.56552, 'lng': 120.996913}, {'lat': 14.565271, 'lng': 120.996337}, {'lat': 14.565323, 'lng': 120.996313}]",3,1785209004830,240.0,180,1040.322,674.88
route-1785209149851-648,aOy5nRqwR4sQA5XKsSQj,Regenerated Route,"[{'lat': 14.565246, 'lng': 120.996279}, {'lat': 14.565193, 'lng': 120.996158}, {'lat': 14.565005, 'lng': 120.995723}, {'lat': 14.565076, 'lng': 120.995691}, {'lat': 14.565663, 'lng': 120.995424}, {'lat': 14.565799, 'lng': 120.995759}, {'lat': 14.565835, 'lng': 120.995846}, {'lat': 14.566212, 'lng': 120.996755}, {'lat': 14.566163, 'lng': 120.996769}, {'lat': 14.565602, 'lng': 120.996934}, {'lat': 14.565538, 'lng': 120.996953}, {'lat': 14.56552, 'lng': 120.996913}, {'lat': 14.565271, 'lng': 120.996337}, {'lat': 14.565323, 'lng': 120.996313}]",4,1785209149851,180.0,120,674.88,458.609
route-1785486547463-5270,RJ2D1B4VIWZazrlbEDd8,Initial Route,"[{'lat': 14.562536, 'lng': 120.994958}, {'lat': 14.56257, 'lng': 120.99502}, {'lat': 14.562602, 'lng': 120.995096}, {'lat': 14.562632, 'lng': 120.99514}, {'lat': 14.562669, 'lng': 120.995214}, {'lat': 14.562699, 'lng': 120.995294}, {'lat': 14.562722, 'lng': 120.995362}, {'lat': 14.562907, 'lng': 120.995803}, {'lat': 14.562954, 'lng': 120.995906}, {'lat': 14.56299, 'lng': 120.99599}, {'lat': 14.563132, 'lng': 120.996294}, {'lat': 14.563376, 'lng': 120.996849}, {'lat': 14.563484, 'lng': 120.997096}, {'lat': 14.563689, 'lng': 120.997545}, {'lat': 14.56371, 'lng': 120.997583}, {'lat': 14.563769, 'lng': 120.997712}, {'lat': 14.563874, 'lng': 120.997912}, {'lat': 14.563887, 'lng': 120.997937}, {'lat': 14.563944, 'lng': 120.998045}, {'lat': 14.564062, 'lng': 120.998273}, {'lat': 14.56336, 'lng': 120.998463}, {'lat': 14.563191, 'lng': 120.998512}, {'lat': 14.562799, 'lng': 120.998626}, {'lat': 14.562399, 'lng': 120.998786}, {'lat': 14.562075, 'lng': 120.998939}, {'lat': 14.562015, 'lng': 120.998986}, {'lat': 14.561955, 'lng': 120.99905}, {'lat': 14.561998, 'lng': 120.999092}, {'lat': 14.56231, 'lng': 120.999401}, {'lat': 14.56257, 'lng': 120.999659}, {'lat': 14.562835, 'lng': 120.999921}, {'lat': 14.563077, 'lng': 121.000208}, {'lat': 14.563345, 'lng': 121.000458}, {'lat': 14.563587, 'lng': 121.000713}, {'lat': 14.563616, 'lng': 121.000743}, {'lat': 14.563529, 'lng': 121.000834}, {'lat': 14.563523, 'lng': 121.000846}, {'lat': 14.563525, 'lng': 121.000862}, {'lat': 14.563538, 'lng': 121.000877}, {'lat': 14.563603, 'lng': 121.000945}]",1,1785486547463,,300,,936.221
route-1785486764373-1407,RJ2D1B4VIWZazrlbEDd8,Traffic Update,"[{'lat': 14.563283, 'lng': 120.998724}, {'lat': 14.563347, 'lng': 120.998872}, {'lat': 14.563508, 'lng': 120.999188}, {'lat': 14.563678, 'lng': 120.999523}, {'lat': 14.563824, 'lng': 120.999812}, {'lat': 14.563986, 'lng': 121.000129}, {'lat': 14.564144, 'lng': 121.000441}, {'lat': 14.56429, 'lng': 121.000728}, {'lat': 14.563841, 'lng': 121.000967}, {'lat': 14.563713, 'lng': 121.00104}, {'lat': 14.56363, 'lng': 121.000969}, {'lat': 14.563603, 'lng': 121.000945}]",2,1785486764373,300.0,120,936.221,331.793
route-1785487084977-9807,bSxpMrYtTZbKj06HwuQr,Initial Route,"[{'lat': 14.563574, 'lng': 121.000914}, {'lat': 14.563603, 'lng': 121.000945}, {'lat': 14.56363, 'lng': 121.000969}, {'lat': 14.563713, 'lng': 121.00104}, {'lat': 14.563841, 'lng': 121.000967}, {'lat': 14.56429, 'lng': 121.000728}, {'lat': 14.565123, 'lng': 121.000334}, {'lat': 14.565582, 'lng': 121.00011}, {'lat': 14.565899, 'lng': 120.999947}, {'lat': 14.566249, 'lng': 120.999785}, {'lat': 14.566709, 'lng': 120.999561}, {'lat': 14.566411, 'lng': 120.998929}, {'lat': 14.566267, 'lng': 120.998622}, {'lat': 14.56612, 'lng': 120.99831}, {'lat': 14.565979, 'lng': 120.998018}, {'lat': 14.565942, 'lng': 120.997939}, {'lat': 14.56588, 'lng': 120.997786}, {'lat': 14.565873, 'lng': 120.997767}, {'lat': 14.56581, 'lng': 120.997614}, {'lat': 14.565807, 'lng': 120.997607}, {'lat': 14.565777, 'lng': 120.997535}, {'lat': 14.565734, 'lng': 120.997429}, {'lat': 14.56572, 'lng': 120.997395}, {'lat': 14.565656, 'lng': 120.99724}, {'lat': 14.565567, 'lng': 120.997022}, {'lat': 14.565538, 'lng': 120.996953}, {'lat': 14.56552, 'lng': 120.996913}, {'lat': 14.565271, 'lng': 120.996337}, {'lat': 14.565323, 'lng': 120.996313}]",1,1785487084977,,240,,779.251
route-1785487177719-1198,bSxpMrYtTZbKj06HwuQr,Regenerated Route,"[{'lat': 14.564869, 'lng': 120.999826}, {'lat': 14.564806, 'lng': 120.999704}, {'lat': 14.565268, 'lng': 120.99948}, {'lat': 14.565597, 'lng': 120.999319}, {'lat': 14.565946, 'lng': 120.999148}, {'lat': 14.566411, 'lng': 120.998929}, {'lat': 14.566267, 'lng': 120.998622}, {'lat': 14.56612, 'lng': 120.99831}, {'lat': 14.565979, 'lng': 120.998018}, {'lat': 14.565942, 'lng': 120.997939}, {'lat': 14.56588, 'lng': 120.997786}, {'lat': 14.565873, 'lng': 120.997767}, {'lat': 14.56581, 'lng': 120.997614}, {'lat': 14.565807, 'lng': 120.997607}, {'lat': 14.565777, 'lng': 120.997535}, {'lat': 14.565734, 'lng': 120.997429}, {'lat': 14.56572, 'lng': 120.997395}, {'lat': 14.565656, 'lng': 120.99724}, {'lat': 14.565567, 'lng': 120.997022}, {'lat': 14.565538, 'lng': 120.996953}, {'lat': 14.56552, 'lng': 120.996913}, {'lat': 14.565271, 'lng': 120.996337}, {'lat': 14.565323, 'lng': 120.996313}]",2,1785487177719,240.0,180,779.251,525.317
route-1785487224106-3161,bSxpMrYtTZbKj06HwuQr,Regenerated Route,"[{'lat': 14.564135, 'lng': 120.998418}, {'lat': 14.5641, 'lng': 120.998351}, {'lat': 14.564062, 'lng': 120.998273}, {'lat': 14.564576, 'lng': 120.998158}, {'lat': 14.564995, 'lng': 120.998079}, {'lat': 14.565413, 'lng': 120.998023}, {'lat': 14.565843, 'lng': 120.997955}, {'lat': 14.565942, 'lng': 120.997939}, {'lat': 14.56588, 'lng': 120.997786}, {'lat': 14.565873, 'lng': 120.997767}, {'lat': 14.56581, 'lng': 120.997614}, {'lat': 14.565807, 'lng': 120.997607}, {'lat': 14.565777, 'lng': 120.997535}, {'lat': 14.565734, 'lng': 120.997429}, {'lat': 14.56572, 'lng': 120.997395}, {'lat': 14.565656, 'lng': 120.99724}, {'lat': 14.565567, 'lng': 120.997022}, {'lat': 14.565538, 'lng': 120.996953}, {'lat': 14.56552, 'lng': 120.996913}, {'lat': 14.565271, 'lng': 120.996337}, {'lat': 14.565323, 'lng': 120.996313}]",3,1785487224106,180.0,180,525.317,424.483
route-1790381276625-2485,DkuHeOfO9ItKVVxR9lib,Initial Route,"[{'lat': 14.572224, 'lng': 120.992332}, {'lat': 14.573205, 'lng': 120.991777}, {'lat': 14.573365, 'lng': 120.9921}, {'lat': 14.57354, 'lng': 120.992427}, {'lat': 14.573724, 'lng': 120.992768}, {'lat': 14.573895, 'lng': 120.993083}, {'lat': 14.575077, 'lng': 120.992438}, {'lat': 14.575204, 'lng': 120.992365}, {'lat': 14.576189, 'lng': 120.991778}, {'lat': 14.57699, 'lng': 120.991335}, {'lat': 14.577323, 'lng': 120.99115}, {'lat': 14.578743, 'lng': 120.99036}, {'lat': 14.57839, 'lng': 120.989682}, {'lat': 14.578284, 'lng': 120.989484}, {'lat': 14.578283, 'lng': 120.989483}]",1,1790381276625,,300,,1006.642
route-1790381283834-385,DkuHeOfO9ItKVVxR9lib,Regenerated Route,"[{'lat': 14.574227, 'lng': 120.994851}, {'lat': 14.574323, 'lng': 120.994813}, {'lat': 14.574411, 'lng': 120.994775}, {'lat': 14.574921, 'lng': 120.994569}, {'lat': 14.575867, 'lng': 120.994188}, {'lat': 14.576236, 'lng': 120.994042}, {'lat': 14.576572, 'lng': 120.993909}, {'lat': 14.576745, 'lng': 120.993839}, {'lat': 14.576901, 'lng': 120.993776}, {'lat': 14.577465, 'lng': 120.993548}, {'lat': 14.577588, 'lng': 120.993499}, {'lat': 14.578204, 'lng': 120.993267}, {'lat': 14.578133, 'lng': 120.993096}, {'lat': 14.578175, 'lng': 120.993062}, {'lat': 14.578193, 'lng': 120.993038}, {'lat': 14.578211, 'lng': 120.993007}, {'lat': 14.578614, 'lng': 120.992239}, {'lat': 14.579202, 'lng': 120.991192}, {'lat': 14.578743, 'lng': 120.99036}, {'lat': 14.57839, 'lng': 120.989682}, {'lat': 14.578284, 'lng': 120.989484}, {'lat': 14.578283, 'lng': 120.989483}]",2,1790381283834,300.0,300,1006.642,942.86
route-1790381338127-5334,DkuHeOfO9ItKVVxR9lib,Regenerated Route,"[{'lat': 14.573753, 'lng': 120.993164}, {'lat': 14.573895, 'lng': 120.993083}, {'lat': 14.575077, 'lng': 120.992438}, {'lat': 14.575204, 'lng': 120.992365}, {'lat': 14.576189, 'lng': 120.991778}, {'lat': 14.57699, 'lng': 120.991335}, {'lat': 14.577323, 'lng': 120.99115}, {'lat': 14.578743, 'lng': 120.99036}, {'lat': 14.57839, 'lng': 120.989682}, {'lat': 14.578284, 'lng': 120.989484}, {'lat': 14.578283, 'lng': 120.989483}]",3,1790381338127,300.0,240,942.86,739.905
