rideId,pointIndex,latitude,longitude,timestamp,elevation
1MHYmq699Zc3qJCt1nVr,0,14.56344,120.9945034,1785083206848,51.59999847412109
1MHYmq699Zc3qJCt1nVr,1,14.5634402,120.9945185,1785083216848,51.59999847412109
1MHYmq699Zc3qJCt1nVr,2,14.563445,120.9945426,1785083218827,51.59999847412109
1MHYmq699Zc3qJCt1nVr,3,14.5634639,120.9945983,1785083220827,51.59999847412109
1MHYmq699Zc3qJCt1nVr,4,14.5634905,120.9946736,1785083222826,51.59999847412109
1MHYmq699Zc3qJCt1nVr,5,14.563459,120.9947186,1785083224825,51.59999847412109
1MHYmq699Zc3qJCt1nVr,6,14.5633841,120.9947495,1785083226838,51.59999847412109
1MHYmq699Zc3qJCt1nVr,7,14.5633307,120.9947627,1785083228832,51.59999847412109
1MHYmq699Zc3qJCt1nVr,8,14.5632842,120.9947804,1785083230831,51.59999847412109
1MHYmq699Zc3qJCt1nVr,9,14.5632072,120.9947977,1785083232820,51.59999847412109
1MHYmq699Zc3qJCt1nVr,10,14.5631008,120.9948168,1785083234820,51.59999847412109
1MHYmq699Zc3qJCt1nVr,11,14.562994,120.9947897,1785083236828,51.59999847412109
1MHYmq699Zc3qJCt1nVr,12,14.5629069,120.9948282,1785083238822,51.59999847412109
1MHYmq699Zc3qJCt1nVr,13,14.5628146,120.9948921,1785083240829,51.59999847412109
1MHYmq699Zc3qJCt1nVr,14,14.5627254,120.9949399,1785083242831,51.59999847412109
1MHYmq699Zc3qJCt1nVr,15,14.5626513,120.9949725,1785083244829,51.59999847412109
1MHYmq699Zc3qJCt1nVr,16,14.5625557,120.9949676,1785083246831,51.59999847412109
1MHYmq699Zc3qJCt1nVr,17,14.5624827,120.9948432,1785083248820,51.59999847412109
1MHYmq699Zc3qJCt1nVr,18,14.5623967,120.994727,1785083250824,51.59999847412109
1MHYmq699Zc3qJCt1nVr,19,14.562301,120.9946113,1785083252831,51.59999847412109
1MHYmq699Zc3qJCt1nVr,20,14.5622042,120.9945305,1785083254827,51.59999847412109
1MHYmq699Zc3qJCt1nVr,21,14.5621027,120.994491,1785083256822,51.59999847412109
1MHYmq699Zc3qJCt1nVr,22,14.5619881,120.9944984,1785083258829,51.59999847412109
1MHYmq699Zc3qJCt1nVr,23,14.5618745,120.994482,1785083260814,51.59999847412109
1MHYmq699Zc3qJCt1nVr,24,14.5617377,120.9944364,1785083262819,51.59999847412109
1MHYmq699Zc3qJCt1nVr,25,14.5616038,120.9943859,1785083264816,51.59999847412109
1MHYmq699Zc3qJCt1nVr,26,14.5614866,120.9943103,1785083266823,51.59999847412109
1MHYmq699Zc3qJCt1nVr,27,14.5613777,120.9942346,1785083268827,51.59999847412109
1MHYmq699Zc3qJCt1nVr,28,14.5612921,120.9941091,1785083270830,51.59999847412109
1MHYmq699Zc3qJCt1nVr,29,14.5612349,120.9939487,1785083272833,51.59999847412109
1MHYmq699Zc3qJCt1nVr,30,14.5612066,120.993755,1785083274846,51.59999847412109
1MHYmq699Zc3qJCt1nVr,31,14.5612172,120.993543,1785083276832,51.59999847412109
1MHYmq699Zc3qJCt1nVr,32,14.5612294,120.9933768,1785083278828,51.59999847412109
1MHYmq699Zc3qJCt1nVr,33,14.5611949,120.9932394,1785083280830,51.59999847412109
1MHYmq699Zc3qJCt1nVr,34,14.5611576,120.993118,1785083282826,51.59999847412109
1MHYmq699Zc3qJCt1nVr,35,14.5611282,120.9929844,1785083284832,51.59999847412109
1MHYmq699Zc3qJCt1nVr,36,14.561098,120.992881,1785083286829,51.59999847412109
1MHYmq699Zc3qJCt1nVr,37,14.5610545,120.992776,1785083288831,51.59999847412109
1MHYmq699Zc3qJCt1nVr,38,14.5610131,120.9926582,1785083290828,51.59999847412109
1MHYmq699Zc3qJCt1nVr,39,14.5609864,120.9925781,1785083292839,51.59999847412109
1MHYmq699Zc3qJCt1nVr,40,14.5609682,120.9925134,1785083294842,51.59999847412109
1MHYmq699Zc3qJCt1nVr,41,14.5609408,120.9924037,1785083296842,51.59999847412109
1MHYmq699Zc3qJCt1nVr,42,14.5609239,120.9922923,1785083298848,51.59999847412109
1MHYmq699Zc3qJCt1nVr,43,14.5608883,120.9921775,1785083300855,51.59999847412109
1MHYmq699Zc3qJCt1nVr,44,14.5608651,120.9920457,1785083302854,51.59999847412109
1MHYmq699Zc3qJCt1nVr,45,14.5608095,120.9919034,1785083304846,51.59999847412109
1MHYmq699Zc3qJCt1nVr,46,14.5607478,120.9917464,1785083306845,51.59999847412109
1MHYmq699Zc3qJCt1nVr,47,14.5607131,120.9916022,1785083308844,51.59999847412109
1MHYmq699Zc3qJCt1nVr,48,14.5606885,120.9914513,1785083310841,51.59999847412109
1MHYmq699Zc3qJCt1nVr,49,14.5606601,120.9913032,1785083312846,51.59999847412109
1MHYmq699Zc3qJCt1nVr,50,14.5606383,120.9911468,1785083314847,51.59999847412109
1MHYmq699Zc3qJCt1nVr,51,14.5605995,120.9909907,1785083316845,51.59999847412109
1MHYmq699Zc3qJCt1nVr,52,14.5605641,120.9908335,1785083318844,51.59999847412109
1MHYmq699Zc3qJCt1nVr,53,14.5605305,120.9906639,1785083320848,51.59999847412109
1MHYmq699Zc3qJCt1nVr,54,14.5604841,120.9904634,1785083322846,51.59999847412109
1MHYmq699Zc3qJCt1nVr,55,14.5604269,120.9902492,1785083324848,51.59999847412109
1MHYmq699Zc3qJCt1nVr,56,14.5603711,120.9900325,1785083326857,51.59999847412109
1MHYmq699Zc3qJCt1nVr,57,14.5602965,120.9897165,1785083329856,51.59999847412109
1MHYmq699Zc3qJCt1nVr,58,14.5602415,120.9895378,1785083331847,51.59999847412109
1MHYmq699Zc3qJCt1nVr,59,14.5601959,120.9893924,1785083333847,51.59999847412109
1MHYmq699Zc3qJCt1nVr,60,14.5601464,120.9892539,1785083335866,51.59999847412109
1MHYmq699Zc3qJCt1nVr,61,14.5601085,120.9891148,1785083337849,51.59999847412109
1MHYmq699Zc3qJCt1nVr,62,14.5600698,120.9889365,1785083339848,51.59999847412109
1MHYmq699Zc3qJCt1nVr,63,14.5600291,120.9887756,1785083341851,51.59999847412109
1MHYmq699Zc3qJCt1nVr,64,14.5599638,120.9885728,1785083344849,51.59999847412109
1MHYmq699Zc3qJCt1nVr,65,14.559919,120.9884385,1785083346835,51.59999847412109
1MHYmq699Zc3qJCt1nVr,66,14.5598693,120.9883108,1785083348834,51.59999847412109
1MHYmq699Zc3qJCt1nVr,67,14.5598264,120.9881704,1785083350836,51.59999847412109
1MHYmq699Zc3qJCt1nVr,68,14.5598059,120.9880526,1785083352825,51.59999847412109
1MHYmq699Zc3qJCt1nVr,69,14.5598,120.9879534,1785083354833,51.59999847412109
1MHYmq699Zc3qJCt1nVr,70,14.5597954,120.9878943,1785083356830,51.59999847412109
1MHYmq699Zc3qJCt1nVr,71,14.559793,120.9878713,1785083358832,51.59999847412109
1MHYmq699Zc3qJCt1nVr,72,14.5598329,120.9878942,1785083362824,51.59999847412109
1MHYmq699Zc3qJCt1nVr,73,14.5598567,120.9879575,1785083364820,51.59999847412109
1MHYmq699Zc3qJCt1nVr,74,14.5598745,120.9880103,1785083366840,51.59999847412109
1MHYmq699Zc3qJCt1nVr,75,14.5598819,120.9880549,1785083368823,51.59999847412109
1WE9P6BngtZWrgbnF34h,0,14.5584368,120.9842065,1784975567064,50.20000076293945
1WE9P6BngtZWrgbnF34h,1,14.5583021,120.9844422,1784975575073,50.20000076293945
1WE9P6BngtZWrgbnF34h,2,14.5583045,120.9844766,1784975577056,50.20000076293945
1WE9P6BngtZWrgbnF34h,3,14.5583206,120.9845091,1784975579057,50.20000076293945
1WE9P6BngtZWrgbnF34h,4,14.558316,120.9845416,1784975581060,50.20000076293945
1WE9P6BngtZWrgbnF34h,5,14.5583169,120.9846031,1784975583078,50.20000076293945
1WE9P6BngtZWrgbnF34h,6,14.5583196,120.9846708,1784975585082,50.20000076293945
1WE9P6BngtZWrgbnF34h,7,14.558338,120.9847639,1784975587077,50.20000076293945
1WE9P6BngtZWrgbnF34h,8,14.5583816,120.9848722,1784975589079,50.20000076293945
1WE9P6BngtZWrgbnF34h,9,14.558448,120.9849639,1784975591079,50.20000076293945
1WE9P6BngtZWrgbnF34h,10,14.5585292,120.9850443,1784975593073,50.20000076293945
1WE9P6BngtZWrgbnF34h,11,14.5586071,120.98512,1784975595070,50.20000076293945
1WE9P6BngtZWrgbnF34h,12,14.5586809,120.9852148,1784975597065,50.20000076293945
1WE9P6BngtZWrgbnF34h,13,14.5587298,120.9853256,1784975599066,50.20000076293945
1WE9P6BngtZWrgbnF34h,14,14.5587855,120.9854745,1784975602066,50.20000076293945
1WE9P6BngtZWrgbnF34h,15,14.5588291,120.9855597,1784975604067,50.20000076293945
1WE9P6BngtZWrgbnF34h,16,14.5588848,120.9856721,1784975606062,50.20000076293945
1WE9P6BngtZWrgbnF34h,17,14.5589508,120.9857829,1784975608062,50.20000076293945
1WE9P6BngtZWrgbnF34h,18,14.5590118,120.9858823,1784975610056,50.20000076293945
1WE9P6BngtZWrgbnF34h,19,14.5590587,120.9859607,1784975612064,50.20000076293945
1WE9P6BngtZWrgbnF34h,20,14.5590979,120.986032,1784975614060,50.20000076293945
1WE9P6BngtZWrgbnF34h,21,14.5591131,120.9860746,1784975616057,50.20000076293945
1WE9P6BngtZWrgbnF34h,22,14.5591305,120.9861165,1784975618059,50.20000076293945
1WE9P6BngtZWrgbnF34h,23,14.5591411,120.9861436,1784975620057,50.20000076293945
1WE9P6BngtZWrgbnF34h,24,14.5591608,120.9861942,1784975622064,50.20000076293945
1WE9P6BngtZWrgbnF34h,25,14.5591865,120.986247,1784975624064,50.20000076293945
1WE9P6BngtZWrgbnF34h,26,14.5592195,120.9863286,1784975626069,50.20000076293945
1WE9P6BngtZWrgbnF34h,27,14.5592311,120.986439,1784975628062,50.20000076293945
1WE9P6BngtZWrgbnF34h,28,14.559254,120.9865309,1784975630071,50.20000076293945
1WE9P6BngtZWrgbnF34h,29,14.5592802,120.9866017,1784975632065,50.20000076293945
1WE9P6BngtZWrgbnF34h,30,14.559299,120.9866545,1784975634077,50.20000076293945
1WE9P6BngtZWrgbnF34h,31,14.5593165,120.986705,1784975636074,50.20000076293945
1WE9P6BngtZWrgbnF34h,32,14.5593172,120.9867506,1784975638073,50.20000076293945
1WE9P6BngtZWrgbnF34h,33,14.5593276,120.9867754,1784975640074,50.20000076293945
1WE9P6BngtZWrgbnF34h,34,14.5593144,120.9867952,1784975648089,50.20000076293945
1WE9P6BngtZWrgbnF34h,35,14.5593147,120.9868232,1784975650079,50.20000076293945
1WE9P6BngtZWrgbnF34h,36,14.5593191,120.9868677,1784975652077,50.20000076293945
1WE9P6BngtZWrgbnF34h,37,14.5593445,120.9869152,1784975654079,50.20000076293945
1WE9P6BngtZWrgbnF34h,38,14.5593652,120.9869602,1784975656070,50.20000076293945
1WE9P6BngtZWrgbnF34h,39,14.5593708,120.9869804,1784975658062,50.20000076293945
1WE9P6BngtZWrgbnF34h,40,14.5593865,120.9869909,1784975664070,50.20000076293945
1WE9P6BngtZWrgbnF34h,41,14.5594021,120.9870036,1784975676069,50.20000076293945
1WE9P6BngtZWrgbnF34h,42,14.5594177,120.9870676,1784975678072,50.20000076293945
1WE9P6BngtZWrgbnF34h,43,14.5594449,120.9871643,1784975680068,50.20000076293945
1WE9P6BngtZWrgbnF34h,44,14.5594793,120.9872409,1784975682061,50.20000076293945
1WE9P6BngtZWrgbnF34h,45,14.5595111,120.9873087,1784975684064,50.20000076293945
1WE9P6BngtZWrgbnF34h,46,14.5595487,120.9873774,1784975686063,50.20000076293945
1WE9P6BngtZWrgbnF34h,47,14.5595068,120.9874119,1784975688061,50.20000076293945
1WE9P6BngtZWrgbnF34h,48,14.5593938,120.9874447,1784975690055,50.20000076293945
1WE9P6BngtZWrgbnF34h,49,14.5592678,120.9874935,1784975692058,50.20000076293945
1WE9P6BngtZWrgbnF34h,50,14.5591511,120.9875518,1784975694055,50.20000076293945
1WE9P6BngtZWrgbnF34h,51,14.5590613,120.9875943,1784975696055,50.20000076293945
1WE9P6BngtZWrgbnF34h,52,14.5589816,120.9876288,1784975698056,50.20000076293945
1WE9P6BngtZWrgbnF34h,53,14.5588771,120.9876668,1784975700060,50.20000076293945
1WE9P6BngtZWrgbnF34h,54,14.5587416,120.9877119,1784975702057,50.20000076293945
1WE9P6BngtZWrgbnF34h,55,14.5585893,120.9877654,1784975704058,50.20000076293945
1WE9P6BngtZWrgbnF34h,56,14.5584449,120.9878116,1784975706060,50.20000076293945
1WE9P6BngtZWrgbnF34h,57,14.5583048,120.9878831,1784975708053,50.20000076293945
1WE9P6BngtZWrgbnF34h,58,14.5581799,120.9879334,1784975710064,50.20000076293945
1WE9P6BngtZWrgbnF34h,59,14.5580621,120.9879925,1784975712050,50.20000076293945
1WE9P6BngtZWrgbnF34h,60,14.5579374,120.9880328,1784975714060,50.20000076293945
1WE9P6BngtZWrgbnF34h,61,14.5578058,120.988091,1784975716059,50.20000076293945
1WE9P6BngtZWrgbnF34h,62,14.5576869,120.9881322,1784975718054,50.20000076293945
1WE9P6BngtZWrgbnF34h,63,14.5575825,120.9881501,1784975720055,50.20000076293945
1WE9P6BngtZWrgbnF34h,64,14.5574777,120.9881509,1784975722062,50.20000076293945
1WE9P6BngtZWrgbnF34h,65,14.5573492,120.9881733,1784975724055,50.20000076293945
1WE9P6BngtZWrgbnF34h,66,14.55722,120.9882117,1784975726053,50.20000076293945
1WE9P6BngtZWrgbnF34h,67,14.5570847,120.9882683,1784975728063,50.20000076293945
1WE9P6BngtZWrgbnF34h,68,14.5569643,120.988312,1784975730056,50.20000076293945
1WE9P6BngtZWrgbnF34h,69,14.5568773,120.9883299,1784975732056,50.20000076293945
1WE9P6BngtZWrgbnF34h,70,14.5568401,120.9883387,1784975734060,50.20000076293945
1WE9P6BngtZWrgbnF34h,71,14.556778,120.9883549,1784975736055,50.20000076293945
1WE9P6BngtZWrgbnF34h,72,14.5567173,120.9883799,1784975738059,50.20000076293945
1WE9P6BngtZWrgbnF34h,73,14.5566244,120.9884184,1784975740066,50.20000076293945
1WE9P6BngtZWrgbnF34h,74,14.5565296,120.9884573,1784975742057,50.20000076293945
1WE9P6BngtZWrgbnF34h,75,14.5564131,120.9884929,1784975744068,50.20000076293945
1WE9P6BngtZWrgbnF34h,76,14.5563125,120.9885047,1784975746064,50.20000076293945
1WE9P6BngtZWrgbnF34h,77,14.556244,120.9885165,1784975748067,50.616
1WE9P6BngtZWrgbnF34h,78,14.5561742,120.9885449,1784975750064,46.875
1WE9P6BngtZWrgbnF34h,79,14.5560734,120.988586,1784975752068,46.735
1WE9P6BngtZWrgbnF34h,80,14.5559589,120.9886217,1784975754064,45.541
1WE9P6BngtZWrgbnF34h,81,14.5558249,120.9886771,1784975756069,47.491
1WE9P6BngtZWrgbnF34h,82,14.5556935,120.9887248,1784975758059,49.027
1WE9P6BngtZWrgbnF34h,83,14.5555602,120.9887794,1784975760069,51.548
1WE9P6BngtZWrgbnF34h,84,14.5554361,120.9888386,1784975762064,54.573
1WE9P6BngtZWrgbnF34h,85,14.5553187,120.9888931,1784975764059,56.13
1WE9P6BngtZWrgbnF34h,86,14.5552141,120.9889318,1784975766060,57.984
1WE9P6BngtZWrgbnF34h,87,14.5551032,120.9889725,1784975768056,61.801
1WE9P6BngtZWrgbnF34h,88,14.5550081,120.9889929,1784975770065,64.362
1WE9P6BngtZWrgbnF34h,89,14.5549297,120.9890184,1784975772073,64.996
1WE9P6BngtZWrgbnF34h,90,14.5548604,120.9890374,1784975774070,64.102
1WE9P6BngtZWrgbnF34h,91,14.5547857,120.9890599,1784975776061,63.981
1WE9P6BngtZWrgbnF34h,92,14.5546789,120.9890708,1784975778063,64.236
1WE9P6BngtZWrgbnF34h,93,14.5545751,120.9890835,1784975780058,66.015
1WE9P6BngtZWrgbnF34h,94,14.5544849,120.9891232,1784975782066,67.603
1WE9P6BngtZWrgbnF34h,95,14.5544217,120.9891447,1784975784068,68.378
1WE9P6BngtZWrgbnF34h,96,14.5543688,120.9891683,1784975786059,69.811
1WE9P6BngtZWrgbnF34h,97,14.5543466,120.9891714,1784975788063,70.931
1WE9P6BngtZWrgbnF34h,98,14.5543306,120.989189,1784975790059,69.941
1WE9P6BngtZWrgbnF34h,99,14.5543336,120.9892187,1784975792055,67.613
1WE9P6BngtZWrgbnF34h,100,14.554367,120.9892822,1784975794050,64.579
1WE9P6BngtZWrgbnF34h,101,14.5544223,120.9893852,1784975796044,60.557
1WE9P6BngtZWrgbnF34h,102,14.5544753,120.9895175,1784975798031,54.705
1WE9P6BngtZWrgbnF34h,103,14.5545026,120.9896607,1784975800031,41.726
1WE9P6BngtZWrgbnF34h,104,14.5545137,120.9898069,1784975802024,40.585
1WE9P6BngtZWrgbnF34h,105,14.5545277,120.9899537,1784975804025,41.186
1WE9P6BngtZWrgbnF34h,106,14.5545479,120.9901,1784975806026,43.448
1WE9P6BngtZWrgbnF34h,107,14.5545692,120.9902393,1784975808038,43.394
1WE9P6BngtZWrgbnF34h,108,14.5545876,120.9903671,1784975810041,43.003
1WE9P6BngtZWrgbnF34h,109,14.5546364,120.9904788,1784975812049,46.135
1WE9P6BngtZWrgbnF34h,110,14.5547161,120.9905857,1784975814051,49.854
1WE9P6BngtZWrgbnF34h,111,14.5548193,120.9907005,1784975816053,55.525
1WE9P6BngtZWrgbnF34h,112,14.5548852,120.9908278,1784975818051,58.397
1WE9P6BngtZWrgbnF34h,113,14.5549295,120.9909504,1784975820049,59.195
1WE9P6BngtZWrgbnF34h,114,14.5549591,120.9910671,1784975822052,58.724
1WE9P6BngtZWrgbnF34h,115,14.5549849,120.9911974,1784975824046,59.683
1WE9P6BngtZWrgbnF34h,116,14.5550117,120.9913049,1784975826056,60.565
1WE9P6BngtZWrgbnF34h,117,14.555024,120.9913772,1784975828059,61.138
1WE9P6BngtZWrgbnF34h,118,14.5549727,120.9914303,1784975830060,61.926
1WE9P6BngtZWrgbnF34h,119,14.5548726,120.9914615,1784975832058,65.892
1WE9P6BngtZWrgbnF34h,120,14.5547521,120.9915051,1784975834071,66.934
1WE9P6BngtZWrgbnF34h,121,14.5546128,120.991548,1784975836055,68.334
1WE9P6BngtZWrgbnF34h,122,14.5544913,120.9915914,1784975838062,70.216
1WE9P6BngtZWrgbnF34h,123,14.5543945,120.9916341,1784975840061,72.476
1WE9P6BngtZWrgbnF34h,124,14.554314,120.9916667,1784975842065,75.792
1WE9P6BngtZWrgbnF34h,125,14.5542479,120.9916905,1784975844058,77.877
1WE9P6BngtZWrgbnF34h,126,14.5541785,120.9917179,1784975846058,80.329
1WE9P6BngtZWrgbnF34h,127,14.554136,120.9917736,1784975848068,82.126
1WE9P6BngtZWrgbnF34h,128,14.5541334,120.9918441,1784975850063,82.822
1WE9P6BngtZWrgbnF34h,129,14.5541519,120.9919329,1784975852061,81.674
1WE9P6BngtZWrgbnF34h,130,14.5541603,120.9920451,1784975854052,75.659
1WE9P6BngtZWrgbnF34h,131,14.5541831,120.9921539,1784975856047,72.726
1WE9P6BngtZWrgbnF34h,132,14.5542254,120.992256,1784975858049,67.254
1WE9P6BngtZWrgbnF34h,133,14.5542803,120.9923676,1784975860051,64.466
1WE9P6BngtZWrgbnF34h,134,14.5543254,120.9924696,1784975862042,60.576
1WE9P6BngtZWrgbnF34h,135,14.5543678,120.9925866,1784975864036,58.682
1WE9P6BngtZWrgbnF34h,136,14.5544069,120.9927105,1784975866031,57.343
1WE9P6BngtZWrgbnF34h,137,14.5544535,120.9928212,1784975868044,50.441
1WE9P6BngtZWrgbnF34h,138,14.5544932,120.9929374,1784975870021,40.93
1WE9P6BngtZWrgbnF34h,139,14.5545159,120.9930529,1784975872018,34.698
1WE9P6BngtZWrgbnF34h,140,14.5545392,120.9931721,1784975874028,21.711
1WE9P6BngtZWrgbnF34h,141,14.5545256,120.9932467,1784975876039,11.62
1WE9P6BngtZWrgbnF34h,142,14.5545032,120.9933197,1784975878025,-9.746
1WE9P6BngtZWrgbnF34h,143,14.5545076,120.9933794,1784975880043,-10.94
1WE9P6BngtZWrgbnF34h,144,14.554524,120.9934682,1784975882034,-20.318
1WE9P6BngtZWrgbnF34h,145,14.5545538,120.9935796,1784975884036,-23.441
1WE9P6BngtZWrgbnF34h,146,14.5545863,120.9936905,1784975886027,-14.337
1WE9P6BngtZWrgbnF34h,147,14.5546197,120.9938108,1784975888038,-3.601
1WE9P6BngtZWrgbnF34h,148,14.5546635,120.9939061,1784975890047,6.236
1WE9P6BngtZWrgbnF34h,149,14.5547084,120.993976,1784975892038,14.612
1WE9P6BngtZWrgbnF34h,150,14.5547604,120.9940461,1784975894038,25.132
1WE9P6BngtZWrgbnF34h,151,14.5547625,120.994125,1784975896055,29.982
1WE9P6BngtZWrgbnF34h,152,14.5547874,120.9941995,1784975898044,35.234
1WE9P6BngtZWrgbnF34h,153,14.554805,120.9942388,1784975900050,38.413
1WE9P6BngtZWrgbnF34h,154,14.5548172,120.9942767,1784975908060,38.413
1WE9P6BngtZWrgbnF34h,155,14.5548323,120.9943036,1784975910045,42.421
1WE9P6BngtZWrgbnF34h,156,14.5548473,120.9943393,1784975912041,44.824
1WE9P6BngtZWrgbnF34h,157,14.5548484,120.9943878,1784975914034,51.062
1WE9P6BngtZWrgbnF34h,158,14.5548751,120.9944645,1784975916041,54.583
1WE9P6BngtZWrgbnF34h,159,14.5549305,120.9945544,1784975918050,54.828
1WE9P6BngtZWrgbnF34h,160,14.5549718,120.9946483,1784975920046,54.023
1WE9P6BngtZWrgbnF34h,161,14.5550001,120.9946822,1784975922037,50.422
1WE9P6BngtZWrgbnF34h,162,14.5550056,120.9947302,1784975926040,33.47
1WE9P6BngtZWrgbnF34h,163,14.5550082,120.9947992,1784975928028,20.499
1WE9P6BngtZWrgbnF34h,164,14.5550109,120.994854,1784975930032,23.32
1WE9P6BngtZWrgbnF34h,165,14.5550746,120.9949186,1784975932034,28.695
1WE9P6BngtZWrgbnF34h,166,14.5551778,120.9950599,1784975934039,46.729
1WE9P6BngtZWrgbnF34h,167,14.5552516,120.9952085,1784975936039,60.512
1WE9P6BngtZWrgbnF34h,168,14.5552744,120.9952612,1784975938038,62.364
1WE9P6BngtZWrgbnF34h,169,14.5552946,120.9953064,1784975940055,62.656
1WE9P6BngtZWrgbnF34h,170,14.5553132,120.9953538,1784975942053,65.033
1WE9P6BngtZWrgbnF34h,171,14.5553258,120.9953887,1784975944060,67.303
1WE9P6BngtZWrgbnF34h,172,14.5553409,120.9954214,1784975946058,70.181
1WE9P6BngtZWrgbnF34h,173,14.5553469,120.9954548,1784975948055,71.593
1WE9P6BngtZWrgbnF34h,174,14.5553666,120.9954919,1784975950064,72.327
1WE9P6BngtZWrgbnF34h,175,14.5553789,120.9955318,1784975952061,73.336
1WE9P6BngtZWrgbnF34h,176,14.5553901,120.9955613,1784975954068,74.077
1WE9P6BngtZWrgbnF34h,177,14.5553983,120.9955885,1784975956063,74.565
1WE9P6BngtZWrgbnF34h,178,14.55543,120.9956423,1784975958078,75.116
1WE9P6BngtZWrgbnF34h,179,14.555447,120.9956962,1784975960059,75.302
1WE9P6BngtZWrgbnF34h,180,14.5554581,120.9957323,1784975962057,71.988
1WE9P6BngtZWrgbnF34h,181,14.5554755,120.9957407,1784975964045,66.21
1WE9P6BngtZWrgbnF34h,182,14.5555035,120.995752,1784975966032,64.993
1WE9P6BngtZWrgbnF34h,183,14.5555148,120.9957696,1784975969037,70.983
1WE9P6BngtZWrgbnF34h,184,14.5555282,120.995796,1784975971060,71.373
1WE9P6BngtZWrgbnF34h,185,14.5555382,120.9958245,1784975973056,71.203
1WE9P6BngtZWrgbnF34h,186,14.5555388,120.9958669,1784975975048,73.305
1WE9P6BngtZWrgbnF34h,187,14.5555492,120.9958825,1784975979050,78.014
1WE9P6BngtZWrgbnF34h,188,14.5555855,120.9958817,1784975981047,79.273
1WE9P6BngtZWrgbnF34h,189,14.555641,120.9958576,1784975983061,80.891
1WE9P6BngtZWrgbnF34h,190,14.555694,120.9958374,1784975985047,85.621
1WE9P6BngtZWrgbnF34h,191,14.5557649,120.995801,1784975987043,89.722
1WE9P6BngtZWrgbnF34h,192,14.5558383,120.9957636,1784975989057,91.417
1WE9P6BngtZWrgbnF34h,193,14.5559311,120.9957243,1784975991052,95.007
1WE9P6BngtZWrgbnF34h,194,14.5560307,120.9956697,1784975993044,90.423
1WE9P6BngtZWrgbnF34h,195,14.5561244,120.9956355,1784975995040,83.745
1WE9P6BngtZWrgbnF34h,196,14.5562401,120.9956292,1784975997040,80.35
1WE9P6BngtZWrgbnF34h,197,14.5562973,120.9956188,1784975999041,74.72
1WE9P6BngtZWrgbnF34h,198,14.5563323,120.9956015,1784976001038,74.719
21cyD42FbKfUXVltKqWX,0,14.59141,120.9979215,1785073489639,49.59999847412109
21cyD42FbKfUXVltKqWX,1,14.591394,120.997911,1785073504646,49.29999923706055
21cyD42FbKfUXVltKqWX,2,14.5913642,120.9979085,1785073506634,49.29999923706055
21cyD42FbKfUXVltKqWX,3,14.5913313,120.9979064,1785073508637,49.29999923706055
21cyD42FbKfUXVltKqWX,4,14.5913016,120.9979057,1785073510639,49.20000076293945
21cyD42FbKfUXVltKqWX,5,14.5912671,120.9979035,1785073512642,49.20000076293945
21cyD42FbKfUXVltKqWX,6,14.5912477,120.9978943,1785073517634,49.20000076293945
21cyD42FbKfUXVltKqWX,7,14.5912382,120.9978769,1785073519646,49.09999847412109
21cyD42FbKfUXVltKqWX,8,14.5912358,120.9978534,1785073521637,49.09999847412109
21cyD42FbKfUXVltKqWX,9,14.5912273,120.997833,1785073523543,49.09999847412109
21cyD42FbKfUXVltKqWX,10,14.591221,120.9978046,1785073525636,49.09999847412109
21cyD42FbKfUXVltKqWX,11,14.5912218,120.9977734,1785073527656,49.0
21cyD42FbKfUXVltKqWX,12,14.5912132,120.9977469,1785073529653,49.0
21cyD42FbKfUXVltKqWX,13,14.5912066,120.9977203,1785073531637,49.0
21cyD42FbKfUXVltKqWX,14,14.5912118,120.997685,1785073533655,48.89999771118164
21cyD42FbKfUXVltKqWX,15,14.5912139,120.9976664,1785073535463,48.89999771118164
21cyD42FbKfUXVltKqWX,16,14.5912159,120.9976464,1785073537635,48.89999771118164
21cyD42FbKfUXVltKqWX,17,14.5912193,120.997627,1785073539652,48.89999771118164
21cyD42FbKfUXVltKqWX,18,14.5912322,120.9976051,1785073541654,48.89999771118164
21cyD42FbKfUXVltKqWX,19,14.5912337,120.9975801,1785073544639,48.89999771118164
21cyD42FbKfUXVltKqWX,20,14.5912298,120.997558,1785073546603,48.89999771118164
21cyD42FbKfUXVltKqWX,21,14.5912273,120.9975362,1785073548646,48.89999771118164
21cyD42FbKfUXVltKqWX,22,14.591231,120.9975049,1785073550652,48.79999923706055
21cyD42FbKfUXVltKqWX,23,14.5912296,120.99748,1785073552643,48.79999923706055
21cyD42FbKfUXVltKqWX,24,14.5912293,120.9974576,1785073554464,48.79999923706055
21cyD42FbKfUXVltKqWX,25,14.5912312,120.9974332,1785073556493,48.89999771118164
21cyD42FbKfUXVltKqWX,26,14.5912445,120.997396,1785073558443,48.89999771118164
21cyD42FbKfUXVltKqWX,27,14.5912472,120.9973714,1785073560504,48.89999771118164
21cyD42FbKfUXVltKqWX,28,14.5912477,120.9973511,1785073562323,48.89999771118164
21cyD42FbKfUXVltKqWX,29,14.5912492,120.997329,1785073564153,48.79999923706055
21cyD42FbKfUXVltKqWX,30,14.5912638,120.9972889,1785073566444,48.79999923706055
21cyD42FbKfUXVltKqWX,31,14.5912691,120.9972711,1785073568363,48.79999923706055
21cyD42FbKfUXVltKqWX,32,14.5912735,120.9972488,1785073570643,48.79999923706055
21cyD42FbKfUXVltKqWX,33,14.5912774,120.9972137,1785073572668,48.89999771118164
21cyD42FbKfUXVltKqWX,34,14.5912782,120.9971943,1785073574655,48.89999771118164
21cyD42FbKfUXVltKqWX,35,14.5912808,120.9971755,1785073576641,48.89999771118164
21cyD42FbKfUXVltKqWX,36,14.5912887,120.9971529,1785073579293,48.89999771118164
21cyD42FbKfUXVltKqWX,37,14.5913005,120.9971317,1785073581650,49.0
21cyD42FbKfUXVltKqWX,38,14.5913039,120.9971539,1785073593651,48.89999771118164
21cyD42FbKfUXVltKqWX,39,14.5912983,120.9971782,1785073595663,48.79999923706055
21cyD42FbKfUXVltKqWX,40,14.5913046,120.9971956,1785073604655,48.89999771118164
21cyD42FbKfUXVltKqWX,41,14.5912969,120.9972188,1785073607382,48.89999771118164
21cyD42FbKfUXVltKqWX,42,14.5912933,120.9972549,1785073609642,48.89999771118164
21cyD42FbKfUXVltKqWX,43,14.5912994,120.9972859,1785073611641,48.89999771118164
21cyD42FbKfUXVltKqWX,44,14.5913059,120.9973045,1785073613654,48.89999771118164
21cyD42FbKfUXVltKqWX,45,14.5913206,120.9973172,1785073615635,48.89999771118164
21cyD42FbKfUXVltKqWX,46,14.5913383,120.9973244,1785073617659,48.89999771118164
21cyD42FbKfUXVltKqWX,47,14.591356,120.9973296,1785073619543,48.79999923706055
21cyD42FbKfUXVltKqWX,48,14.5913736,120.9973351,1785073621483,48.79999923706055
21cyD42FbKfUXVltKqWX,49,14.5913913,120.9973394,1785073624637,48.79999923706055
21cyD42FbKfUXVltKqWX,50,14.5913739,120.9973452,1785073631182,48.89999771118164
21cyD42FbKfUXVltKqWX,51,14.5913494,120.9973546,1785073633362,48.89999771118164
21cyD42FbKfUXVltKqWX,52,14.59132,120.9973675,1785073635650,48.89999771118164
21cyD42FbKfUXVltKqWX,53,14.5913024,120.9973816,1785073637660,48.89999771118164
21cyD42FbKfUXVltKqWX,54,14.5912864,120.9973956,1785073639637,48.89999771118164
21cyD42FbKfUXVltKqWX,55,14.5912707,120.9974108,1785073641642,48.89999771118164
21cyD42FbKfUXVltKqWX,56,14.5912584,120.9974322,1785073643659,48.79999923706055
21cyD42FbKfUXVltKqWX,57,14.5912503,120.9974558,1785073645562,48.79999923706055
21cyD42FbKfUXVltKqWX,58,14.5912457,120.9974828,1785073647650,48.79999923706055
21cyD42FbKfUXVltKqWX,59,14.5912462,120.9975139,1785073649668,48.89999771118164
21cyD42FbKfUXVltKqWX,60,14.591242,120.9975377,1785073651654,48.89999771118164
21cyD42FbKfUXVltKqWX,61,14.5912426,120.997562,1785073653651,48.89999771118164
21cyD42FbKfUXVltKqWX,62,14.5912401,120.9975846,1785073655523,48.89999771118164
21cyD42FbKfUXVltKqWX,63,14.5912424,120.9976109,1785073657676,48.89999771118164
21cyD42FbKfUXVltKqWX,64,14.591248,120.9976286,1785073659562,48.89999771118164
21cyD42FbKfUXVltKqWX,65,14.5912733,120.9976421,1785073661652,48.89999771118164
21cyD42FbKfUXVltKqWX,66,14.5913002,120.9976488,1785073663653,48.89999771118164
21cyD42FbKfUXVltKqWX,67,14.5913301,120.9976497,1785073665668,48.79999923706055
21cyD42FbKfUXVltKqWX,68,14.5913512,120.9976511,1785073667582,48.79999923706055
21cyD42FbKfUXVltKqWX,69,14.591373,120.9976567,1785073669649,48.79999923706055
21cyD42FbKfUXVltKqWX,70,14.5913504,120.9976622,1785073673562,48.79999923706055
21cyD42FbKfUXVltKqWX,71,14.5913202,120.9976714,1785073675642,48.79999923706055
21cyD42FbKfUXVltKqWX,72,14.5912918,120.9976806,1785073677635,48.79999923706055
21cyD42FbKfUXVltKqWX,73,14.5912702,120.9976934,1785073679642,48.79999923706055
21cyD42FbKfUXVltKqWX,74,14.5912535,120.9977032,1785073681638,49.0
21cyD42FbKfUXVltKqWX,75,14.5912417,120.9977245,1785073683646,49.0
21cyD42FbKfUXVltKqWX,76,14.5912311,120.997747,1785073685642,49.0
21cyD42FbKfUXVltKqWX,77,14.5912194,120.9977712,1785073687636,49.0
21cyD42FbKfUXVltKqWX,78,14.5912167,120.9977987,1785073689582,49.0
21cyD42FbKfUXVltKqWX,79,14.5912051,120.9978189,1785073691644,49.0
21cyD42FbKfUXVltKqWX,80,14.5911928,120.9978391,1785073693602,49.0
21cyD42FbKfUXVltKqWX,81,14.5911851,120.9978562,1785073695552,49.09999847412109
21cyD42FbKfUXVltKqWX,82,14.5911852,120.9978926,1785073697637,49.09999847412109
21cyD42FbKfUXVltKqWX,83,14.5911907,120.997911,1785073699656,49.09999847412109
21cyD42FbKfUXVltKqWX,84,14.5912007,120.9979273,1785073701482,49.09999847412109
21cyD42FbKfUXVltKqWX,85,14.5912251,120.9979425,1785073703662,49.29999923706055
21cyD42FbKfUXVltKqWX,86,14.5912135,120.9979264,1785073708653,49.29999923706055
21cyD42FbKfUXVltKqWX,87,14.5912318,120.9979268,1785073713362,49.09999847412109
21cyD42FbKfUXVltKqWX,88,14.5912654,120.9979362,1785073715639,49.09999847412109
21cyD42FbKfUXVltKqWX,89,14.5913009,120.9979387,1785073717654,49.09999847412109
21cyD42FbKfUXVltKqWX,90,14.5913363,120.997937,1785073719542,49.70000076293945
21cyD42FbKfUXVltKqWX,91,14.5913662,120.9979465,1785073721656,49.70000076293945
21cyD42FbKfUXVltKqWX,92,14.5913892,120.9979512,1785073723650,49.70000076293945
21cyD42FbKfUXVltKqWX,93,14.5914086,120.9979494,1785073726541,49.59999847412109
21cyD42FbKfUXVltKqWX,94,14.5913822,120.9979484,1785073734281,49.59999847412109
21cyD42FbKfUXVltKqWX,95,14.5913444,120.9979474,1785073736421,49.89999771118164
21cyD42FbKfUXVltKqWX,96,14.5913119,120.9979503,1785073738521,49.89999771118164
21cyD42FbKfUXVltKqWX,97,14.5912799,120.9979445,1785073740655,49.89999771118164
21cyD42FbKfUXVltKqWX,98,14.5912555,120.9979259,1785073742665,49.5
21cyD42FbKfUXVltKqWX,99,14.5912317,120.997911,1785073744637,49.5
21cyD42FbKfUXVltKqWX,100,14.5912199,120.9978918,1785073746461,49.5
21cyD42FbKfUXVltKqWX,101,14.5912111,120.9978661,1785073748636,49.5
21cyD42FbKfUXVltKqWX,102,14.591211,120.9978357,1785073750649,49.09999847412109
21cyD42FbKfUXVltKqWX,103,14.5912118,120.9978128,1785073752601,49.09999847412109
21cyD42FbKfUXVltKqWX,104,14.5912139,120.9977822,1785073754658,49.09999847412109
21cyD42FbKfUXVltKqWX,105,14.5912154,120.9977553,1785073756645,49.09999847412109
21cyD42FbKfUXVltKqWX,106,14.5912223,120.9977232,1785073758561,48.89999771118164
21cyD42FbKfUXVltKqWX,107,14.591224,120.9977039,1785073760361,48.89999771118164
21cyD42FbKfUXVltKqWX,108,14.5912311,120.9976766,1785073762601,48.89999771118164
21cyD42FbKfUXVltKqWX,109,14.5912459,120.9976543,1785073764655,48.89999771118164
21cyD42FbKfUXVltKqWX,110,14.5912719,120.9976458,1785073766601,48.79999923706055
21cyD42FbKfUXVltKqWX,111,14.5912901,120.997645,1785073768655,48.79999923706055
21cyD42FbKfUXVltKqWX,112,14.5913112,120.9976441,1785073771647,48.79999923706055
21cyD42FbKfUXVltKqWX,113,14.5912965,120.9976287,1785073774653,48.79999923706055
21cyD42FbKfUXVltKqWX,114,14.591276,120.9976193,1785073776639,48.79999923706055
21cyD42FbKfUXVltKqWX,115,14.5912633,120.9976023,1785073778640,48.79999923706055
21cyD42FbKfUXVltKqWX,116,14.5912562,120.9975784,1785073780501,48.89999771118164
21cyD42FbKfUXVltKqWX,117,14.5912506,120.9975562,1785073783201,48.89999771118164
21cyD42FbKfUXVltKqWX,118,14.5912436,120.9975346,1785073785441,48.89999771118164
21cyD42FbKfUXVltKqWX,119,14.591231,120.9975115,1785073787653,48.89999771118164
21cyD42FbKfUXVltKqWX,120,14.5912305,120.9974803,1785073789648,48.89999771118164
21cyD42FbKfUXVltKqWX,121,14.5912316,120.9974579,1785073791647,48.89999771118164
21cyD42FbKfUXVltKqWX,122,14.5912325,120.9974385,1785073793461,48.89999771118164
21cyD42FbKfUXVltKqWX,123,14.5912347,120.9974107,1785073795651,48.89999771118164
21cyD42FbKfUXVltKqWX,124,14.5912548,120.9973793,1785073797639,48.89999771118164
21cyD42FbKfUXVltKqWX,125,14.5912586,120.9973565,1785073799654,48.89999771118164
21cyD42FbKfUXVltKqWX,126,14.5912619,120.9973329,1785073801634,48.89999771118164
21cyD42FbKfUXVltKqWX,127,14.5912687,120.9972947,1785073803561,48.89999771118164
21cyD42FbKfUXVltKqWX,128,14.5912703,120.9972741,1785073805941,48.89999771118164
21cyD42FbKfUXVltKqWX,129,14.5912739,120.9972492,1785073808221,48.89999771118164
21cyD42FbKfUXVltKqWX,130,14.5912816,120.9972255,1785073810461,48.89999771118164
21cyD42FbKfUXVltKqWX,131,14.5913002,120.9971851,1785073812645,49.0
21cyD42FbKfUXVltKqWX,132,14.5913084,120.9971684,1785073814561,49.0
21cyD42FbKfUXVltKqWX,133,14.5913127,120.9971485,1785073816656,49.0
21cyD42FbKfUXVltKqWX,134,14.5913192,120.9971275,1785073818653,48.79999923706055
21cyD42FbKfUXVltKqWX,135,14.5913201,120.9971086,1785073822654,48.79999923706055
21cyD42FbKfUXVltKqWX,136,14.5913112,120.9971287,1785073837647,48.89999771118164
21cyD42FbKfUXVltKqWX,137,14.5913058,120.9971528,1785073839663,48.89999771118164
21cyD42FbKfUXVltKqWX,138,14.5913118,120.9971817,1785073841636,48.79999923706055
21cyD42FbKfUXVltKqWX,139,14.5913056,120.9972073,1785073843642,48.79999923706055
21cyD42FbKfUXVltKqWX,140,14.5912949,120.9972266,1785073845600,48.79999923706055
21cyD42FbKfUXVltKqWX,141,14.5912879,120.9972456,1785073847400,48.79999923706055
21cyD42FbKfUXVltKqWX,142,14.5912853,120.9972746,1785073849620,48.79999923706055
21cyD42FbKfUXVltKqWX,143,14.5912777,120.9973022,1785073851653,48.79999923706055
21cyD42FbKfUXVltKqWX,144,14.5912719,120.9973314,1785073853638,48.79999923706055
21cyD42FbKfUXVltKqWX,145,14.5912722,120.9973572,1785073855601,48.79999923706055
21cyD42FbKfUXVltKqWX,146,14.5912807,120.9973821,1785073857642,48.89999771118164
21cyD42FbKfUXVltKqWX,147,14.5912793,120.9974041,1785073859580,48.89999771118164
2CtD7ukYj66kR0shiiDY,0,14.5647033,120.9942783,1785072025317,50.20000076293945
2CtD7ukYj66kR0shiiDY,1,14.56468,120.9942833,1785072027317,50.70000076293945
2CtD7ukYj66kR0shiiDY,2,14.564655,120.99428,1785072029317,50.70000076293945
2CtD7ukYj66kR0shiiDY,3,14.5646167,120.994285,1785072031317,50.70000076293945
2CtD7ukYj66kR0shiiDY,4,14.5645567,120.994295,1785072033317,51.79999923706055
2CtD7ukYj66kR0shiiDY,5,14.564515,120.9943117,1785072035317,51.79999923706055
2CtD7ukYj66kR0shiiDY,6,14.5644883,120.9943367,1785072037316,51.79999923706055
2CtD7ukYj66kR0shiiDY,7,14.564485,120.994375,1785072039317,51.79999923706055
2CtD7ukYj66kR0shiiDY,8,14.5644983,120.9944283,1785072041317,51.79999923706055
2CtD7ukYj66kR0shiiDY,9,14.5645133,120.9944817,1785072043317,51.79999923706055
2CtD7ukYj66kR0shiiDY,10,14.5645233,120.9945417,1785072045317,51.79999923706055
2CtD7ukYj66kR0shiiDY,11,14.56451,120.9945933,1785072047317,51.79999923706055
2CtD7ukYj66kR0shiiDY,12,14.5645133,120.994645,1785072049317,51.79999923706055
2CtD7ukYj66kR0shiiDY,13,14.5645367,120.9947083,1785072051316,51.79999923706055
2CtD7ukYj66kR0shiiDY,14,14.5645583,120.99477,1785072053317,51.79999923706055
2CtD7ukYj66kR0shiiDY,15,14.5645717,120.9948367,1785072055317,51.79999923706055
2CtD7ukYj66kR0shiiDY,16,14.5646167,120.9949083,1785072057317,51.79999923706055
2CtD7ukYj66kR0shiiDY,17,14.564655,120.9949567,1785072059316,51.79999923706055
2CtD7ukYj66kR0shiiDY,18,14.564685,120.99499,1785072061317,51.79999923706055
2CtD7ukYj66kR0shiiDY,19,14.56471,120.9950367,1785072063317,51.79999923706055
2CtD7ukYj66kR0shiiDY,20,14.5647317,120.9950783,1785072065317,51.79999923706055
2CtD7ukYj66kR0shiiDY,21,14.5647667,120.9951117,1785072067317,51.79999923706055
2CtD7ukYj66kR0shiiDY,22,14.5647833,120.9951567,1785072069317,51.79999923706055
2CtD7ukYj66kR0shiiDY,23,14.564805,120.9952017,1785072071317,51.79999923706055
2CtD7ukYj66kR0shiiDY,24,14.5648233,120.995255,1785072073317,51.79999923706055
2CtD7ukYj66kR0shiiDY,25,14.5648417,120.9953067,1785072075317,51.79999923706055
2CtD7ukYj66kR0shiiDY,26,14.5648667,120.9953717,1785072077317,51.79999923706055
2CtD7ukYj66kR0shiiDY,27,14.56488,120.99543,1785072079317,51.79999923706055
2CtD7ukYj66kR0shiiDY,28,14.5649167,120.995485,1785072081316,51.79999923706055
2CtD7ukYj66kR0shiiDY,29,14.5649467,120.9955467,1785072083316,51.79999923706055
2CtD7ukYj66kR0shiiDY,30,14.56497,120.9956083,1785072085316,51.79999923706055
2CtD7ukYj66kR0shiiDY,31,14.5649983,120.9956517,1785072087316,51.79999923706055
2CtD7ukYj66kR0shiiDY,32,14.56502,120.9957,1785072089316,51.79999923706055
2CtD7ukYj66kR0shiiDY,33,14.5650467,120.9957483,1785072091316,51.79999923706055
2CtD7ukYj66kR0shiiDY,34,14.5650767,120.9958083,1785072093316,51.79999923706055
2CtD7ukYj66kR0shiiDY,35,14.5651017,120.995865,1785072095315,51.79999923706055
2CtD7ukYj66kR0shiiDY,36,14.5651233,120.9959233,1785072097316,51.79999923706055
2CtD7ukYj66kR0shiiDY,37,14.5651383,120.9959833,1785072099315,51.79999923706055
2CtD7ukYj66kR0shiiDY,38,14.565145,120.99604,1785072101316,51.79999923706055
2CtD7ukYj66kR0shiiDY,39,14.5651467,120.9960917,1785072103316,51.79999923706055
2CtD7ukYj66kR0shiiDY,40,14.56515,120.9961317,1785072105316,51.79999923706055
2CtD7ukYj66kR0shiiDY,41,14.565165,120.9961683,1785072107316,51.79999923706055
2CtD7ukYj66kR0shiiDY,42,14.56518,120.9962,1785072109316,51.79999923706055
2CtD7ukYj66kR0shiiDY,43,14.5652,120.9962383,1785072111316,51.79999923706055
2CtD7ukYj66kR0shiiDY,44,14.565215,120.99628,1785072113316,51.79999923706055
2CtD7ukYj66kR0shiiDY,45,14.5652317,120.996335,1785072115316,51.79999923706055
2CtD7ukYj66kR0shiiDY,46,14.5652733,120.99639,1785072117316,51.79999923706055
2CtD7ukYj66kR0shiiDY,47,14.5653017,120.9964533,1785072119316,51.79999923706055
2CtD7ukYj66kR0shiiDY,48,14.5653333,120.9965217,1785072121316,46.4
2CtD7ukYj66kR0shiiDY,49,14.5653717,120.99657,1785072123316,47.1
2CtD7ukYj66kR0shiiDY,50,14.5653933,120.9966183,1785072125316,47.3
2CtD7ukYj66kR0shiiDY,51,14.56541,120.9966567,1785072127316,47.9
2CtD7ukYj66kR0shiiDY,52,14.565435,120.996705,1785072129316,48.6
2CtD7ukYj66kR0shiiDY,53,14.56548,120.996755,1785072131316,49.7
2CtD7ukYj66kR0shiiDY,54,14.56551,120.9968067,1785072133316,49.9
2CtD7ukYj66kR0shiiDY,55,14.5655417,120.9968517,1785072135316,49.7
2CtD7ukYj66kR0shiiDY,56,14.565575,120.996885,1785072137316,49.4
2CtD7ukYj66kR0shiiDY,57,14.5656083,120.996905,1785072139316,50.4
2CtD7ukYj66kR0shiiDY,58,14.5656367,120.99692,1785072141316,50.4
2CtD7ukYj66kR0shiiDY,59,14.5656667,120.99691,1785072143316,50.6
2CtD7ukYj66kR0shiiDY,60,14.5657133,120.99687,1785072145316,49.5
2CtD7ukYj66kR0shiiDY,61,14.5657633,120.9968483,1785072147315,48.4
2CtD7ukYj66kR0shiiDY,62,14.56582,120.996835,1785072149316,47.6
2CtD7ukYj66kR0shiiDY,63,14.5658783,120.9968167,1785072151316,46.6
2CtD7ukYj66kR0shiiDY,64,14.5659333,120.996805,1785072153316,46.0
2CtD7ukYj66kR0shiiDY,65,14.5659867,120.9967883,1785072155316,45.6
2CtD7ukYj66kR0shiiDY,66,14.5660383,120.99678,1785072157316,46.0
2CtD7ukYj66kR0shiiDY,67,14.5660883,120.99677,1785072159316,46.2
2CtD7ukYj66kR0shiiDY,68,14.566145,120.9967583,1785072161316,47.5
2CtD7ukYj66kR0shiiDY,69,14.5661883,120.996745,1785072163316,47.9
2CtD7ukYj66kR0shiiDY,70,14.5662417,120.9967333,1785072165316,48.0
2CtD7ukYj66kR0shiiDY,71,14.5663033,120.9967133,1785072167316,48.5
2CtD7ukYj66kR0shiiDY,72,14.5663633,120.9966983,1785072169316,49.2
2CtD7ukYj66kR0shiiDY,73,14.5664217,120.9966817,1785072171316,49.9
2CtD7ukYj66kR0shiiDY,74,14.56648,120.9966617,1785072173316,49.6
2CtD7ukYj66kR0shiiDY,75,14.5665417,120.996645,1785072175315,48.7
2CtD7ukYj66kR0shiiDY,76,14.566605,120.9966267,1785072177316,47.9
2CtD7ukYj66kR0shiiDY,77,14.5666617,120.9965967,1785072179316,47.2
2CtD7ukYj66kR0shiiDY,78,14.5667167,120.9965783,1785072181316,46.3
2CtD7ukYj66kR0shiiDY,79,14.566775,120.9965733,1785072183316,46.1
2CtD7ukYj66kR0shiiDY,80,14.56684,120.9965583,1785072185316,46.4
2CtD7ukYj66kR0shiiDY,81,14.5668983,120.9965383,1785072187316,46.0
2CtD7ukYj66kR0shiiDY,82,14.566955,120.9965267,1785072189316,46.6
2CtD7ukYj66kR0shiiDY,83,14.5670233,120.9965167,1785072191316,46.9
2CtD7ukYj66kR0shiiDY,84,14.5671083,120.9964933,1785072193316,46.9
2CtD7ukYj66kR0shiiDY,85,14.5671833,120.99646,1785072195316,46.4
2CtD7ukYj66kR0shiiDY,86,14.5672483,120.996435,1785072197316,45.7
2CtD7ukYj66kR0shiiDY,87,14.5673167,120.9964,1785072199316,46.0
2CtD7ukYj66kR0shiiDY,88,14.5673867,120.9963817,1785072201316,46.2
2CtD7ukYj66kR0shiiDY,89,14.5674533,120.9963633,1785072203316,47.0
2CtD7ukYj66kR0shiiDY,90,14.5675233,120.996355,1785072205316,47.6
2CtD7ukYj66kR0shiiDY,91,14.567595,120.9963383,1785072207316,47.5
2CtD7ukYj66kR0shiiDY,92,14.567665,120.9963183,1785072209316,47.7
2CtD7ukYj66kR0shiiDY,93,14.567735,120.9962967,1785072211316,47.8
2CtD7ukYj66kR0shiiDY,94,14.56781,120.99628,1785072213316,47.5
2CtD7ukYj66kR0shiiDY,95,14.5678783,120.9962583,1785072215316,47.6
2CtD7ukYj66kR0shiiDY,96,14.5679483,120.996245,1785072217316,46.0
2CtD7ukYj66kR0shiiDY,97,14.5680067,120.9962317,1785072219316,45.2
2CtD7ukYj66kR0shiiDY,98,14.5680733,120.9962067,1785072221316,45.5
2CtD7ukYj66kR0shiiDY,99,14.56814,120.9961917,1785072223316,45.4
2CtD7ukYj66kR0shiiDY,100,14.5682,120.99616,1785072225316,45.3
2CtD7ukYj66kR0shiiDY,101,14.5682617,120.996125,1785072227316,44.9
2CtD7ukYj66kR0shiiDY,102,14.5683167,120.996095,1785072229316,44.4
2CtD7ukYj66kR0shiiDY,103,14.5683717,120.99607,1785072231316,43.8
2CtD7ukYj66kR0shiiDY,104,14.568435,120.9960433,1785072233316,43.5
2CtD7ukYj66kR0shiiDY,105,14.5685067,120.996015,1785072235316,43.5
2CtD7ukYj66kR0shiiDY,106,14.568575,120.9959917,1785072237316,44.0
2CtD7ukYj66kR0shiiDY,107,14.5686383,120.9959617,1785072239316,45.1
2CtD7ukYj66kR0shiiDY,108,14.5687,120.9959283,1785072241316,47.0
2CtD7ukYj66kR0shiiDY,109,14.568755,120.9959,1785072243316,48.7
2CtD7ukYj66kR0shiiDY,110,14.5688067,120.99588,1785072245316,49.6
2CtD7ukYj66kR0shiiDY,111,14.5688583,120.995845,1785072247316,49.6
2CtD7ukYj66kR0shiiDY,112,14.5689,120.99581,1785072249316,49.9
2CtD7ukYj66kR0shiiDY,113,14.5689517,120.9957733,1785072251316,51.0
2CtD7ukYj66kR0shiiDY,114,14.569005,120.995755,1785072253316,51.3
2CtD7ukYj66kR0shiiDY,115,14.569055,120.9957367,1785072255316,51.0
2CtD7ukYj66kR0shiiDY,116,14.5691017,120.99571,1785072257316,51.3
2CtD7ukYj66kR0shiiDY,117,14.56914,120.9956933,1785072259316,51.5
2CtD7ukYj66kR0shiiDY,118,14.5691617,120.9956917,1785072261315,51.7
2CtD7ukYj66kR0shiiDY,119,14.5691733,120.9956767,1785072264316,50.5
2CtD7ukYj66kR0shiiDY,120,14.5691767,120.9956583,1785072269316,50.0
2CtD7ukYj66kR0shiiDY,121,14.5691883,120.995695,1785072287316,49.29999923706055
2CtD7ukYj66kR0shiiDY,122,14.5691983,120.9956683,1785072296316,49.29999923706055
2CtD7ukYj66kR0shiiDY,123,14.5692167,120.9956567,1785072298316,49.39999771118164
2CtD7ukYj66kR0shiiDY,124,14.569235,120.995655,1785072303316,49.39999771118164
2CtD7ukYj66kR0shiiDY,125,14.5692533,120.9956767,1785072306316,49.29999923706055
2CtD7ukYj66kR0shiiDY,126,14.56927,120.9957017,1785072308316,49.29999923706055
2CtD7ukYj66kR0shiiDY,127,14.569285,120.9957283,1785072310316,49.29999923706055
2CtD7ukYj66kR0shiiDY,128,14.5692967,120.9957583,1785072312316,49.39999771118164
2CtD7ukYj66kR0shiiDY,129,14.5693083,120.99578,1785072314316,49.39999771118164
2CtD7ukYj66kR0shiiDY,130,14.5693033,120.9958,1785072321316,49.39999771118164
2ViE0y3b4glK9BtcZtlq,0,14.5655763,120.993687,1785072231640,50.29999923706055
2ViE0y3b4glK9BtcZtlq,1,14.5655118,120.9937214,1785072283646,50.20000076293945
2ViE0y3b4glK9BtcZtlq,2,14.5654488,120.9937762,1785072285635,50.20000076293945
2ViE0y3b4glK9BtcZtlq,3,14.5653591,120.9938233,1785072287657,50.29999923706055
2ViE0y3b4glK9BtcZtlq,4,14.5652758,120.993873,1785072289646,50.29999923706055
2ViE0y3b4glK9BtcZtlq,5,14.5652355,120.9939012,1785072291651,50.29999923706055
2ViE0y3b4glK9BtcZtlq,6,14.5652263,120.9939329,1785072293636,50.29999923706055
2ViE0y3b4glK9BtcZtlq,7,14.565246,120.9939637,1785072295642,50.29999923706055
2ViE0y3b4glK9BtcZtlq,8,14.5653311,120.993949,1785072297649,50.29999923706055
2ViE0y3b4glK9BtcZtlq,9,14.5654626,120.9939006,1785072299651,50.29999923706055
2ViE0y3b4glK9BtcZtlq,10,14.5655808,120.9938529,1785072301636,50.29999923706055
2ViE0y3b4glK9BtcZtlq,11,14.5656922,120.9938028,1785072303642,50.29999923706055
2ViE0y3b4glK9BtcZtlq,12,14.5658089,120.9937448,1785072305649,50.29999923706055
2ViE0y3b4glK9BtcZtlq,13,14.5659193,120.9936883,1785072307638,50.29999923706055
2ViE0y3b4glK9BtcZtlq,14,14.5660429,120.9936372,1785072309640,50.29999923706055
2ViE0y3b4glK9BtcZtlq,15,14.5661493,120.9935998,1785072311652,50.29999923706055
2ViE0y3b4glK9BtcZtlq,16,14.5661934,120.9935838,1785072313638,50.29999923706055
2ViE0y3b4glK9BtcZtlq,17,14.566224,120.9935815,1785072316634,50.29999923706055
2ViE0y3b4glK9BtcZtlq,18,14.5662737,120.9935693,1785072318647,50.09999847412109
2ViE0y3b4glK9BtcZtlq,19,14.5663514,120.9935448,1785072320649,50.09999847412109
2ViE0y3b4glK9BtcZtlq,20,14.5664572,120.9934988,1785072322647,50.09999847412109
2ViE0y3b4glK9BtcZtlq,21,14.5665809,120.9934417,1785072324634,50.09999847412109
2ViE0y3b4glK9BtcZtlq,22,14.5667087,120.9933811,1785072326651,50.09999847412109
2ViE0y3b4glK9BtcZtlq,23,14.5668589,120.9933244,1785072328635,50.09999847412109
2ViE0y3b4glK9BtcZtlq,24,14.5670042,120.9932596,1785072330642,50.09999847412109
2ViE0y3b4glK9BtcZtlq,25,14.5671548,120.993182,1785072332658,50.09999847412109
2ViE0y3b4glK9BtcZtlq,26,14.5673147,120.9930932,1785072334657,50.09999847412109
2ViE0y3b4glK9BtcZtlq,27,14.5674675,120.99301,1785072336658,50.09999847412109
2ViE0y3b4glK9BtcZtlq,28,14.5676164,120.9929335,1785072338641,50.09999847412109
2ViE0y3b4glK9BtcZtlq,29,14.5677681,120.9928604,1785072340637,50.09999847412109
2ViE0y3b4glK9BtcZtlq,30,14.567918,120.9927883,1785072342654,50.09999847412109
2ViE0y3b4glK9BtcZtlq,31,14.568064,120.9927168,1785072344636,50.09999847412109
2ViE0y3b4glK9BtcZtlq,32,14.5682146,120.9926453,1785072346656,50.09999847412109
2ViE0y3b4glK9BtcZtlq,33,14.5683768,120.9925683,1785072348651,50.09999847412109
2ViE0y3b4glK9BtcZtlq,34,14.568552,120.9924883,1785072350640,50.09999847412109
2ViE0y3b4glK9BtcZtlq,35,14.5687414,120.9924082,1785072352636,50.09999847412109
2ViE0y3b4glK9BtcZtlq,36,14.5689221,120.9923241,1785072354635,50.09999847412109
2ViE0y3b4glK9BtcZtlq,37,14.5690859,120.9922437,1785072356637,50.09999847412109
2ViE0y3b4glK9BtcZtlq,38,14.5692174,120.9921848,1785072358640,50.09999847412109
2ViE0y3b4glK9BtcZtlq,39,14.5693133,120.992138,1785072360661,50.09999847412109
2ViE0y3b4glK9BtcZtlq,40,14.5693827,120.9921048,1785072362639,50.09999847412109
2ViE0y3b4glK9BtcZtlq,41,14.5694694,120.9920608,1785072364652,50.09999847412109
2ViE0y3b4glK9BtcZtlq,42,14.5695559,120.992022,1785072366643,50.09999847412109
2ViE0y3b4glK9BtcZtlq,43,14.5696106,120.9920025,1785072368652,50.09999847412109
2ViE0y3b4glK9BtcZtlq,44,14.5696321,120.9920029,1785072373641,48.89999771118164
2ViE0y3b4glK9BtcZtlq,45,14.5696753,120.9919901,1785072375650,48.89999771118164
2ViE0y3b4glK9BtcZtlq,46,14.5697396,120.9919637,1785072377654,48.89999771118164
2ViE0y3b4glK9BtcZtlq,47,14.5698156,120.99193,1785072379660,48.89999771118164
2ViE0y3b4glK9BtcZtlq,48,14.5699005,120.9918907,1785072381636,48.89999771118164
2ViE0y3b4glK9BtcZtlq,49,14.5699872,120.9918559,1785072383640,48.89999771118164
2ViE0y3b4glK9BtcZtlq,50,14.5700604,120.9918237,1785072385655,48.89999771118164
2ViE0y3b4glK9BtcZtlq,51,14.5701465,120.99179,1785072387636,48.89999771118164
2ViE0y3b4glK9BtcZtlq,52,14.5702403,120.9917488,1785072389643,48.89999771118164
2ViE0y3b4glK9BtcZtlq,53,14.5703563,120.991689,1785072391641,48.89999771118164
2ViE0y3b4glK9BtcZtlq,54,14.5704574,120.9916386,1785072393654,48.89999771118164
2ViE0y3b4glK9BtcZtlq,55,14.5705484,120.9915921,1785072395657,48.89999771118164
2ViE0y3b4glK9BtcZtlq,56,14.5706272,120.9915508,1785072397632,48.89999771118164
2ViE0y3b4glK9BtcZtlq,57,14.5707082,120.991498,1785072399653,50.20000076293945
2ViE0y3b4glK9BtcZtlq,58,14.5708401,120.9914001,1785072401656,50.20000076293945
2ViE0y3b4glK9BtcZtlq,59,14.5709636,120.9913173,1785072403651,50.20000076293945
2ViE0y3b4glK9BtcZtlq,60,14.5710911,120.9912395,1785072405641,50.20000076293945
2ViE0y3b4glK9BtcZtlq,61,14.5712342,120.991163,1785072407638,50.20000076293945
2ViE0y3b4glK9BtcZtlq,62,14.571388,120.9910872,1785072409653,50.20000076293945
2ViE0y3b4glK9BtcZtlq,63,14.5715407,120.991003,1785072411657,50.20000076293945
2ViE0y3b4glK9BtcZtlq,64,14.5716982,120.9909198,1785072413654,50.20000076293945
2ViE0y3b4glK9BtcZtlq,65,14.5718486,120.9908375,1785072415641,50.20000076293945
2ViE0y3b4glK9BtcZtlq,66,14.5719929,120.9907553,1785072417652,50.20000076293945
2ViE0y3b4glK9BtcZtlq,67,14.572117,120.9906791,1785072419653,50.20000076293945
2ViE0y3b4glK9BtcZtlq,68,14.5722236,120.9906109,1785072421655,50.20000076293945
2ViE0y3b4glK9BtcZtlq,69,14.5722875,120.9905709,1785072423656,50.20000076293945
2ViE0y3b4glK9BtcZtlq,70,14.5723175,120.9905604,1785072425645,50.20000076293945
2ViE0y3b4glK9BtcZtlq,71,14.572329,120.9905431,1785072427638,50.20000076293945
2ViE0y3b4glK9BtcZtlq,72,14.5723414,120.9905187,1785072479650,49.29999923706055
2ViE0y3b4glK9BtcZtlq,73,14.5723667,120.9905028,1785072482641,49.29999923706055
2ViE0y3b4glK9BtcZtlq,74,14.5724178,120.9904702,1785072484642,49.29999923706055
2ViE0y3b4glK9BtcZtlq,75,14.5725061,120.9904164,1785072486649,49.29999923706055
2ViE0y3b4glK9BtcZtlq,76,14.5726237,120.9903438,1785072488653,49.29999923706055
2ViE0y3b4glK9BtcZtlq,77,14.5727717,120.9902628,1785072490636,49.29999923706055
2ViE0y3b4glK9BtcZtlq,78,14.5729253,120.9901795,1785072492657,49.29999923706055
2ViE0y3b4glK9BtcZtlq,79,14.5730702,120.9901031,1785072494643,49.29999923706055
2ViE0y3b4glK9BtcZtlq,80,14.573203,120.9900312,1785072496638,49.29999923706055
2ViE0y3b4glK9BtcZtlq,81,14.5733201,120.9899631,1785072498658,49.29999923706055
2ViE0y3b4glK9BtcZtlq,82,14.5734382,120.9898987,1785072500649,49.29999923706055
2ViE0y3b4glK9BtcZtlq,83,14.573555,120.9898389,1785072502638,49.29999923706055
2ViE0y3b4glK9BtcZtlq,84,14.573666,120.9897805,1785072504650,49.29999923706055
2ViE0y3b4glK9BtcZtlq,85,14.573774,120.9897255,1785072506654,49.29999923706055
2ViE0y3b4glK9BtcZtlq,86,14.5738718,120.9896724,1785072508656,49.29999923706055
2ViE0y3b4glK9BtcZtlq,87,14.5739697,120.9896194,1785072510654,49.29999923706055
2ViE0y3b4glK9BtcZtlq,88,14.5740656,120.989566,1785072512639,49.29999923706055
2ViE0y3b4glK9BtcZtlq,89,14.574159,120.9895136,1785072514654,49.29999923706055
2ViE0y3b4glK9BtcZtlq,90,14.574257,120.9894616,1785072516649,49.29999923706055
2ViE0y3b4glK9BtcZtlq,91,14.5743542,120.9894078,1785072518634,49.29999923706055
2ViE0y3b4glK9BtcZtlq,92,14.5744534,120.9893545,1785072520658,49.29999923706055
2ViE0y3b4glK9BtcZtlq,93,14.574548,120.9893006,1785072522645,49.29999923706055
2ViE0y3b4glK9BtcZtlq,94,14.5746451,120.9892464,1785072524637,49.29999923706055
2ViE0y3b4glK9BtcZtlq,95,14.5747364,120.9891898,1785072526659,49.29999923706055
2ViE0y3b4glK9BtcZtlq,96,14.5748347,120.9891309,1785072528649,49.29999923706055
2ViE0y3b4glK9BtcZtlq,97,14.5749408,120.9890651,1785072530631,49.29999923706055
2ViE0y3b4glK9BtcZtlq,98,14.575046,120.9889991,1785072532654,49.29999923706055
2ViE0y3b4glK9BtcZtlq,99,14.5751455,120.9889426,1785072534647,49.29999923706055
2ViE0y3b4glK9BtcZtlq,100,14.5752348,120.9888871,1785072536653,49.29999923706055
2ViE0y3b4glK9BtcZtlq,101,14.5753231,120.9888339,1785072538654,49.29999923706055
2ViE0y3b4glK9BtcZtlq,102,14.5754073,120.9887817,1785072540655,49.29999923706055
2ViE0y3b4glK9BtcZtlq,103,14.5754792,120.9887386,1785072542645,49.29999923706055
2ViE0y3b4glK9BtcZtlq,104,14.5755439,120.9887028,1785072544649,49.29999923706055
2ViE0y3b4glK9BtcZtlq,105,14.5755958,120.9886715,1785072546641,49.29999923706055
2ViE0y3b4glK9BtcZtlq,106,14.575627,120.9886569,1785072548635,49.29999923706055
2ViE0y3b4glK9BtcZtlq,107,14.5756655,120.9886334,1785072550655,49.29999923706055
2ViE0y3b4glK9BtcZtlq,108,14.5757268,120.9885978,1785072552654,49.29999923706055
2ViE0y3b4glK9BtcZtlq,109,14.5758139,120.9885499,1785072554637,49.29999923706055
2ViE0y3b4glK9BtcZtlq,110,14.5759077,120.9884995,1785072556642,49.29999923706055
2ViE0y3b4glK9BtcZtlq,111,14.5759802,120.9884611,1785072558636,49.29999923706055
2ViE0y3b4glK9BtcZtlq,112,14.5760174,120.9884417,1785072560643,49.5
2ViE0y3b4glK9BtcZtlq,113,14.5760582,120.9884178,1785072562638,49.5
2ViE0y3b4glK9BtcZtlq,114,14.5760859,120.9884004,1785072564653,49.5
2ViE0y3b4glK9BtcZtlq,115,14.5761146,120.9883835,1785072566636,49.5
2ViE0y3b4glK9BtcZtlq,116,14.5761649,120.988353,1785072568652,49.5
2ViE0y3b4glK9BtcZtlq,117,14.5762406,120.9882987,1785072570649,49.5
2ViE0y3b4glK9BtcZtlq,118,14.5763461,120.9882457,1785072572641,49.5
2ViE0y3b4glK9BtcZtlq,119,14.5764549,120.9881899,1785072574652,49.5
2ViE0y3b4glK9BtcZtlq,120,14.5765794,120.9881246,1785072576640,49.5
2ViE0y3b4glK9BtcZtlq,121,14.5767217,120.9880395,1785072578641,49.5
2ViE0y3b4glK9BtcZtlq,122,14.5768692,120.987959,1785072580654,49.5
2ViE0y3b4glK9BtcZtlq,123,14.5769849,120.9878973,1785072582654,49.5
2ViE0y3b4glK9BtcZtlq,124,14.5770738,120.9878509,1785072584640,49.5
2ViE0y3b4glK9BtcZtlq,125,14.5771442,120.9878124,1785072586636,49.5
2ViE0y3b4glK9BtcZtlq,126,14.5771784,120.9877936,1785072588658,49.5
2ViE0y3b4glK9BtcZtlq,127,14.5772056,120.9877748,1785072606639,49.5
2ViE0y3b4glK9BtcZtlq,128,14.5772219,120.9877637,1785072608644,49.5
2ViE0y3b4glK9BtcZtlq,129,14.5772483,120.9877485,1785072615642,49.5
2ViE0y3b4glK9BtcZtlq,130,14.5772973,120.9877229,1785072617638,49.5
2ViE0y3b4glK9BtcZtlq,131,14.5773511,120.987692,1785072619638,49.5
2ViE0y3b4glK9BtcZtlq,132,14.5774241,120.98765,1785072621638,49.5
2ViE0y3b4glK9BtcZtlq,133,14.5775034,120.9876035,1785072623654,49.5
2ViE0y3b4glK9BtcZtlq,134,14.5775866,120.9875545,1785072625637,49.5
2ViE0y3b4glK9BtcZtlq,135,14.5776728,120.9875042,1785072627656,49.5
2ViE0y3b4glK9BtcZtlq,136,14.577773,120.9874458,1785072629640,49.5
2ViE0y3b4glK9BtcZtlq,137,14.5778899,120.9873772,1785072631648,49.5
2ViE0y3b4glK9BtcZtlq,138,14.5780191,120.9873031,1785072633635,49.5
2ViE0y3b4glK9BtcZtlq,139,14.5781497,120.9872307,1785072635640,49.5
2ViE0y3b4glK9BtcZtlq,140,14.5782619,120.9871721,1785072637639,49.5
2ViE0y3b4glK9BtcZtlq,141,14.5783544,120.9871192,1785072639646,49.5
2ViE0y3b4glK9BtcZtlq,142,14.5784435,120.9870681,1785072641647,49.5
2ViE0y3b4glK9BtcZtlq,143,14.5785458,120.9870135,1785072643650,49.5
2ViE0y3b4glK9BtcZtlq,144,14.5786483,120.9869647,1785072645661,49.5
2ViE0y3b4glK9BtcZtlq,145,14.5787534,120.986909,1785072647641,49.5
2ViE0y3b4glK9BtcZtlq,146,14.5788603,120.9868476,1785072649652,49.5
2ViE0y3b4glK9BtcZtlq,147,14.5789816,120.9867849,1785072651642,49.5
2ViE0y3b4glK9BtcZtlq,148,14.5791115,120.9867163,1785072653635,49.5
2ViE0y3b4glK9BtcZtlq,149,14.5792397,120.9866479,1785072655652,49.5
2ViE0y3b4glK9BtcZtlq,150,14.5793642,120.9865749,1785072657658,49.5
2ViE0y3b4glK9BtcZtlq,151,14.5794719,120.9865044,1785072659660,49.5
2ViE0y3b4glK9BtcZtlq,152,14.5795723,120.9864423,1785072661657,49.5
2ViE0y3b4glK9BtcZtlq,153,14.579669,120.9863836,1785072663645,49.5
2ViE0y3b4glK9BtcZtlq,154,14.5797559,120.9863348,1785072665656,49.5
2ViE0y3b4glK9BtcZtlq,155,14.579851,120.9862809,1785072667635,49.5
2ViE0y3b4glK9BtcZtlq,156,14.5799378,120.9862301,1785072669654,49.5
2ViE0y3b4glK9BtcZtlq,157,14.5800427,120.9861682,1785072671658,49.5
2ViE0y3b4glK9BtcZtlq,158,14.5801799,120.986087,1785072673653,49.5
2ViE0y3b4glK9BtcZtlq,159,14.5803458,120.9859924,1785072675640,49.5
2ViE0y3b4glK9BtcZtlq,160,14.5805184,120.9858972,1785072677658,49.5
2ViE0y3b4glK9BtcZtlq,161,14.5806955,120.9858072,1785072679653,49.5
2ViE0y3b4glK9BtcZtlq,162,14.5808749,120.9857244,1785072681653,49.5
2ViE0y3b4glK9BtcZtlq,163,14.5810631,120.9856154,1785072683633,49.5
2ViE0y3b4glK9BtcZtlq,164,14.581239,120.9855147,1785072685656,49.5
2ViE0y3b4glK9BtcZtlq,165,14.5814073,120.9854184,1785072687653,49.5
2ViE0y3b4glK9BtcZtlq,166,14.5815735,120.9853317,1785072689630,49.5
2ViE0y3b4glK9BtcZtlq,167,14.5817438,120.9852436,1785072691652,49.5
2ViE0y3b4glK9BtcZtlq,168,14.5819176,120.9851534,1785072693638,49.5
2ViE0y3b4glK9BtcZtlq,169,14.5820768,120.9850625,1785072695636,49.5
2ViE0y3b4glK9BtcZtlq,170,14.5822055,120.9849917,1785072697649,49.5
2ViE0y3b4glK9BtcZtlq,171,14.5822827,120.9849514,1785072699655,49.5
2ViE0y3b4glK9BtcZtlq,172,14.5823369,120.984935,1785072701651,55.09423414771569
2ViE0y3b4glK9BtcZtlq,173,14.5823928,120.9849583,1785072703636,56.12724528440438
2ViE0y3b4glK9BtcZtlq,174,14.5824582,120.9849983,1785072705650,56.54855722575584
2ViE0y3b4glK9BtcZtlq,175,14.5824976,120.9850387,1785072707640,57.03982938043544
2ViE0y3b4glK9BtcZtlq,176,14.5825204,120.9850877,1785072709635,57.42217047536967
2ViE0y3b4glK9BtcZtlq,177,14.582557,120.9851823,1785072711647,57.47800470390328
2ViE0y3b4glK9BtcZtlq,178,14.5825988,120.985321,1785072713636,57.22784602353948
2ViE0y3b4glK9BtcZtlq,179,14.5826588,120.9854874,1785072715657,57.279551913498366
2ViE0y3b4glK9BtcZtlq,180,14.5827185,120.9856658,1785072717640,57.3044446706983
2ViE0y3b4glK9BtcZtlq,181,14.5827788,120.9858516,1785072719659,57.30891089788746
2ViE0y3b4glK9BtcZtlq,182,14.5828366,120.9860285,1785072721657,57.151717723669854
2ViE0y3b4glK9BtcZtlq,183,14.5828968,120.9862107,1785072723636,57.58419234975045
2ViE0y3b4glK9BtcZtlq,184,14.5829523,120.9863932,1785072725656,57.55704937150665
2ViE0y3b4glK9BtcZtlq,185,14.5830118,120.9865616,1785072727634,57.59366263561212
2ViE0y3b4glK9BtcZtlq,186,14.5830579,120.9866947,1785072729656,57.52219311737812
2ViE0y3b4glK9BtcZtlq,187,14.5830869,120.986776,1785072731642,57.61998890966432
2ViE0y3b4glK9BtcZtlq,188,14.5831067,120.986832,1785072733659,57.71778136293306
2ViE0y3b4glK9BtcZtlq,189,14.5831129,120.9868522,1785072735644,57.40464099881248
2ViE0y3b4glK9BtcZtlq,190,14.5831553,120.9868712,1785072753635,50.20000076293945
2ViE0y3b4glK9BtcZtlq,191,14.5831622,120.9868986,1785072755638,50.20000076293945
2ViE0y3b4glK9BtcZtlq,192,14.5831818,120.9869608,1785072757657,50.20000076293945
2ViE0y3b4glK9BtcZtlq,193,14.583207,120.9870514,1785072759640,50.20000076293945
2ViE0y3b4glK9BtcZtlq,194,14.5832433,120.9871642,1785072761651,50.20000076293945
2ViE0y3b4glK9BtcZtlq,195,14.583287,120.9872903,1785072763644,50.20000076293945
2ViE0y3b4glK9BtcZtlq,196,14.5833344,120.9874218,1785072765661,50.20000076293945
2ViE0y3b4glK9BtcZtlq,197,14.5833779,120.9875519,1785072767659,50.20000076293945
2ViE0y3b4glK9BtcZtlq,198,14.5834235,120.9876962,1785072769640,50.20000076293945
2ViE0y3b4glK9BtcZtlq,199,14.5834693,120.9878401,1785072771641,50.20000076293945
2ViE0y3b4glK9BtcZtlq,200,14.5835152,120.9879768,1785072773654,50.20000076293945
2ViE0y3b4glK9BtcZtlq,201,14.5835588,120.9881012,1785072775634,50.20000076293945
2ViE0y3b4glK9BtcZtlq,202,14.5835966,120.988226,1785072777653,50.20000076293945
2ViE0y3b4glK9BtcZtlq,203,14.5836366,120.9883622,1785072779650,50.20000076293945
2ViE0y3b4glK9BtcZtlq,204,14.5836879,120.9885296,1785072781663,50.20000076293945
2ViE0y3b4glK9BtcZtlq,205,14.5837469,120.9887164,1785072783656,50.20000076293945
2ViE0y3b4glK9BtcZtlq,206,14.5838085,120.9889092,1785072785653,50.20000076293945
2ViE0y3b4glK9BtcZtlq,207,14.5838744,120.9891137,1785072787655,50.20000076293945
2ViE0y3b4glK9BtcZtlq,208,14.5839414,120.9893202,1785072789641,50.20000076293945
2ViE0y3b4glK9BtcZtlq,209,14.5840063,120.9895176,1785072791658,50.20000076293945
2ViE0y3b4glK9BtcZtlq,210,14.584067,120.9897032,1785072793661,50.20000076293945
2ViE0y3b4glK9BtcZtlq,211,14.584126,120.9898817,1785072795640,50.20000076293945
2ViE0y3b4glK9BtcZtlq,212,14.584186,120.9900528,1785072797636,50.20000076293945
2ViE0y3b4glK9BtcZtlq,213,14.5842441,120.9902284,1785072799642,50.20000076293945
2ViE0y3b4glK9BtcZtlq,214,14.5843052,120.9904081,1785072801639,50.20000076293945
2ViE0y3b4glK9BtcZtlq,215,14.584367,120.9905909,1785072803659,50.20000076293945
2ViE0y3b4glK9BtcZtlq,216,14.5844251,120.99077,1785072805655,50.20000076293945
2ViE0y3b4glK9BtcZtlq,217,14.5844815,120.9909408,1785072807659,50.20000076293945
2ViE0y3b4glK9BtcZtlq,218,14.5845352,120.991102,1785072809657,50.20000076293945
2ViE0y3b4glK9BtcZtlq,219,14.5845881,120.9912639,1785072811662,50.20000076293945
2ViE0y3b4glK9BtcZtlq,220,14.5846465,120.9914423,1785072813661,50.20000076293945
2ViE0y3b4glK9BtcZtlq,221,14.5847063,120.9916161,1785072815636,50.20000076293945
2ViE0y3b4glK9BtcZtlq,222,14.5847713,120.9918029,1785072817641,50.20000076293945
2ViE0y3b4glK9BtcZtlq,223,14.5848357,120.9919941,1785072819640,50.20000076293945
2ViE0y3b4glK9BtcZtlq,224,14.5848959,120.9921764,1785072821652,50.20000076293945
2ViE0y3b4glK9BtcZtlq,225,14.5849486,120.9923422,1785072823661,50.20000076293945
2ViE0y3b4glK9BtcZtlq,226,14.5850018,120.9925078,1785072825658,50.20000076293945
2ViE0y3b4glK9BtcZtlq,227,14.5850557,120.9926757,1785072827658,50.20000076293945
2ViE0y3b4glK9BtcZtlq,228,14.5851131,120.9928504,1785072829656,50.20000076293945
2ViE0y3b4glK9BtcZtlq,229,14.5851656,120.9930096,1785072831653,50.20000076293945
2ViE0y3b4glK9BtcZtlq,230,14.5852067,120.9931425,1785072833651,50.20000076293945
2ViE0y3b4glK9BtcZtlq,231,14.5852342,120.9932297,1785072835649,50.20000076293945
2ViE0y3b4glK9BtcZtlq,232,14.5852528,120.9932815,1785072837632,50.20000076293945
2ViE0y3b4glK9BtcZtlq,233,14.5852617,120.9932989,1785072839654,50.20000076293945
2ViE0y3b4glK9BtcZtlq,234,14.5852739,120.9933335,1785072841657,55.47598420040811
2ViE0y3b4glK9BtcZtlq,235,14.5852969,120.9934053,1785072843659,55.45382621062841
2ViE0y3b4glK9BtcZtlq,236,14.5853204,120.9934997,1785072845635,55.54477943461555
2ViE0y3b4glK9BtcZtlq,237,14.5853503,120.9936404,1785072847650,55.62846968854608
2ViE0y3b4glK9BtcZtlq,238,14.5854047,120.9937864,1785072849634,55.6261349739161
2ViE0y3b4glK9BtcZtlq,239,14.5854871,120.9939072,1785072851654,55.380583678436125
2ViE0y3b4glK9BtcZtlq,240,14.5855963,120.9940166,1785072853642,55.261034588941534
2ViE0y3b4glK9BtcZtlq,241,14.5857146,120.9941243,1785072855658,55.26185611823747
2ViE0y3b4glK9BtcZtlq,242,14.5858327,120.9942331,1785072857644,55.33095035968459
2ViE0y3b4glK9BtcZtlq,243,14.5859384,120.9943266,1785072859654,55.536115717219154
2ViE0y3b4glK9BtcZtlq,244,14.586044,120.994405,1785072861642,55.45548688551599
2ViE0y3b4glK9BtcZtlq,245,14.5861504,120.9944809,1785072863635,55.53520786932327
2ViE0y3b4glK9BtcZtlq,246,14.586244,120.9945517,1785072865639,55.76820531800197
2ViE0y3b4glK9BtcZtlq,247,14.5863279,120.9946239,1785072867656,56.20927768705434
2ViE0y3b4glK9BtcZtlq,248,14.5864144,120.9947013,1785072869657,56.91655801990272
2ViE0y3b4glK9BtcZtlq,249,14.5865119,120.9947868,1785072871644,57.9667761276201
2ViE0y3b4glK9BtcZtlq,250,14.5866032,120.9948682,1785072873659,59.01363386429859
2ViE0y3b4glK9BtcZtlq,251,14.5866966,120.9949487,1785072875657,59.0666844719047
2ViE0y3b4glK9BtcZtlq,252,14.5867861,120.9950256,1785072877656,58.89924409015139
2ViE0y3b4glK9BtcZtlq,253,14.5868862,120.9951071,1785072879666,58.42215133539029
2ViE0y3b4glK9BtcZtlq,254,14.5869838,120.9951865,1785072881654,57.74888878987029
2ViE0y3b4glK9BtcZtlq,255,14.5870593,120.9952481,1785072883661,57.07074878630316
2ViE0y3b4glK9BtcZtlq,256,14.5871248,120.995308,1785072885639,56.75354635163018
2ViE0y3b4glK9BtcZtlq,257,14.5871926,120.9953662,1785072887640,56.68901054941569
2ViE0y3b4glK9BtcZtlq,258,14.5872565,120.995422,1785072889651,56.66093978091906
2ViE0y3b4glK9BtcZtlq,259,14.587316,120.9954744,1785072891638,56.67225943719776
2ViE0y3b4glK9BtcZtlq,260,14.5873702,120.9955213,1785072893641,56.76660031195698
2ViE0y3b4glK9BtcZtlq,261,14.5874222,120.9955585,1785072895639,56.79787512038601
2ViE0y3b4glK9BtcZtlq,262,14.5874802,120.995608,1785072897642,56.77370339862291
2ViE0y3b4glK9BtcZtlq,263,14.5875616,120.9956783,1785072899656,56.76988018838227
2ViE0y3b4glK9BtcZtlq,264,14.5876484,120.9957549,1785072901642,56.73443989409582
2ViE0y3b4glK9BtcZtlq,265,14.5877626,120.9958552,1785072903634,56.63800616002117
2ViE0y3b4glK9BtcZtlq,266,14.5878735,120.9959588,1785072905640,56.6256781794326
2ViE0y3b4glK9BtcZtlq,267,14.587984,120.9960583,1785072907659,56.59008111563882
2ViE0y3b4glK9BtcZtlq,268,14.5880856,120.9961514,1785072909638,56.46967943787914
2ViE0y3b4glK9BtcZtlq,269,14.5881887,120.9962425,1785072911656,56.510337830622106
2ViE0y3b4glK9BtcZtlq,270,14.5882924,120.9963334,1785072913636,56.69153815104319
2ViE0y3b4glK9BtcZtlq,271,14.5884129,120.9964331,1785072915633,56.913692032714685
2ViE0y3b4glK9BtcZtlq,272,14.5885422,120.9965483,1785072917641,56.9108311075038
2ViE0y3b4glK9BtcZtlq,273,14.5886855,120.996673,1785072919641,56.71409115630797
2ViE0y3b4glK9BtcZtlq,274,14.5888335,120.9968004,1785072921655,56.594544545512086
2ViE0y3b4glK9BtcZtlq,275,14.5889814,120.996934,1785072923637,56.63311178643675
2ViE0y3b4glK9BtcZtlq,276,14.5891334,120.9970688,1785072925663,56.67005727178875
2ViE0y3b4glK9BtcZtlq,277,14.5892824,120.9972036,1785072927637,56.70581210287343
2ViE0y3b4glK9BtcZtlq,278,14.5894268,120.9973291,1785072929640,56.69774329207168
2ViE0y3b4glK9BtcZtlq,279,14.5895678,120.9974517,1785072931660,56.701872614793686
2ViE0y3b4glK9BtcZtlq,280,14.5897035,120.9975713,1785072933640,56.78984866864745
2ViE0y3b4glK9BtcZtlq,281,14.5898318,120.9976861,1785072935641,56.71677935490317
2ViE0y3b4glK9BtcZtlq,282,14.5899624,120.9978002,1785072937648,56.66129621878502
2ViE0y3b4glK9BtcZtlq,283,14.5900976,120.9979164,1785072939658,56.745801097498095
2ViE0y3b4glK9BtcZtlq,284,14.5902377,120.9980371,1785072941659,56.69040011763749
2ViE0y3b4glK9BtcZtlq,285,14.5903755,120.9981586,1785072943651,56.66038186029519
2ViE0y3b4glK9BtcZtlq,286,14.590511,120.9982747,1785072945640,56.46510580395252
2ViE0y3b4glK9BtcZtlq,287,14.5906365,120.9983812,1785072947654,56.57123687684363
2ViE0y3b4glK9BtcZtlq,288,14.5907319,120.9984632,1785072949654,56.54732660978837
2ViE0y3b4glK9BtcZtlq,289,14.5907988,120.9985238,1785072951659,56.366749419253445
2ViE0y3b4glK9BtcZtlq,290,14.5908528,120.9985701,1785072953633,56.28384266275619
2ViE0y3b4glK9BtcZtlq,291,14.5908823,120.9985978,1785072955650,56.19128484331423
2ViE0y3b4glK9BtcZtlq,292,14.5908995,120.9986138,1785072957657,56.33306201756606
2ViE0y3b4glK9BtcZtlq,293,14.5909287,120.9986296,1785072959660,56.18805848484708
2ViE0y3b4glK9BtcZtlq,294,14.5909659,120.9986039,1785072961657,54.90462411348773
2ViE0y3b4glK9BtcZtlq,295,14.5909937,120.9985619,1785072963650,54.87044028587343
2ViE0y3b4glK9BtcZtlq,296,14.5910143,120.9985206,1785072965656,54.63275240521978
2ViE0y3b4glK9BtcZtlq,297,14.5910395,120.9984535,1785072967636,54.80953288896277
2ViE0y3b4glK9BtcZtlq,298,14.591069,120.9983736,1785072969656,54.96572604741492
2ViE0y3b4glK9BtcZtlq,299,14.5910946,120.9982987,1785072971649,55.10209482421686
2ViE0y3b4glK9BtcZtlq,300,14.5911151,120.9982336,1785072973654,55.03203089884208
2ViE0y3b4glK9BtcZtlq,301,14.5911373,120.9981722,1785072975647,55.20808611813939
2ViE0y3b4glK9BtcZtlq,302,14.5911616,120.9981222,1785072977656,55.37571010712818
2ViE0y3b4glK9BtcZtlq,303,14.5911834,120.9980912,1785072979652,55.20802137173524
2ViE0y3b4glK9BtcZtlq,304,14.5911981,120.9980663,1785072981649,55.01068889218254
2ViE0y3b4glK9BtcZtlq,305,14.5912088,120.9980485,1785072983659,55.06670015361384
2ViE0y3b4glK9BtcZtlq,306,14.5912127,120.9980215,1785072985644,49.59999847412109
2ViE0y3b4glK9BtcZtlq,307,14.5912158,120.9979933,1785072987640,49.59999847412109
2ViE0y3b4glK9BtcZtlq,308,14.5912192,120.9979632,1785072989651,49.59999847412109
2ViE0y3b4glK9BtcZtlq,309,14.5912333,120.9979451,1785072992646,49.59999847412109
2ViE0y3b4glK9BtcZtlq,310,14.5912533,120.9979398,1785072995662,49.20000076293945
2ViE0y3b4glK9BtcZtlq,311,14.5912731,120.9979356,1785072999656,49.20000076293945
2ViE0y3b4glK9BtcZtlq,312,14.5912983,120.9979358,1785073003641,49.20000076293945
2ViE0y3b4glK9BtcZtlq,313,14.5913205,120.9979367,1785073005654,49.20000076293945
2ViE0y3b4glK9BtcZtlq,314,14.5913436,120.9979414,1785073008663,49.5
2ViE0y3b4glK9BtcZtlq,315,14.591362,120.9979404,1785073013659,49.5
2ViE0y3b4glK9BtcZtlq,316,14.5913809,120.9979435,1785073018633,49.59999847412109
2ViE0y3b4glK9BtcZtlq,317,14.5914034,120.9979461,1785073022658,49.59999847412109
2ViE0y3b4glK9BtcZtlq,318,14.5914232,120.9979462,1785073025654,49.70000076293945
3JLVbzdWcL1bOtqewCB4,0,14.5626779,120.9915551,1784872673028,49.79999923706055
3JLVbzdWcL1bOtqewCB4,1,14.5617849,120.9917906,1784872681549,50.781008703372166
3JLVbzdWcL1bOtqewCB4,2,14.5616141,120.9918829,1784872685156,48.89999771118164
3JLVbzdWcL1bOtqewCB4,3,14.5615289,120.9919293,1784872687155,49.79999923706055
3JLVbzdWcL1bOtqewCB4,4,14.5614486,120.9919646,1784872689156,49.79999923706055
3JLVbzdWcL1bOtqewCB4,5,14.5613699,120.9920051,1784872691154,49.79999923706055
3JLVbzdWcL1bOtqewCB4,6,14.5612848,120.9920479,1784872693155,49.79999923706055
3JLVbzdWcL1bOtqewCB4,7,14.5611958,120.9920998,1784872695154,51.48948354481583
3JLVbzdWcL1bOtqewCB4,8,14.5611041,120.9921547,1784872697155,51.5757593754105
3JLVbzdWcL1bOtqewCB4,9,14.5610137,120.9921855,1784872699156,51.64425777244488
3JLVbzdWcL1bOtqewCB4,10,14.5609537,120.9921272,1784872701154,51.75563419344381
3JLVbzdWcL1bOtqewCB4,11,14.5609294,120.9920235,1784872703155,51.78700809354585
3JLVbzdWcL1bOtqewCB4,12,14.5609029,120.9919164,1784872705154,51.83370465524388
3JLVbzdWcL1bOtqewCB4,13,14.5608703,120.9918015,1784872707156,51.923644503194936
3JLVbzdWcL1bOtqewCB4,14,14.560833,120.9916821,1784872709154,52.09934366385794
3JLVbzdWcL1bOtqewCB4,15,14.5608022,120.991583,1784872711155,52.257278932917714
3JLVbzdWcL1bOtqewCB4,16,14.5607824,120.991459,1784872713155,52.36814114519565
3JLVbzdWcL1bOtqewCB4,17,14.5607591,120.99133,1784872715155,52.38522568558628
3JLVbzdWcL1bOtqewCB4,18,14.5607147,120.9911981,1784872717155,52.33293227826391
3JLVbzdWcL1bOtqewCB4,19,14.5606933,120.9910762,1784872719155,52.24298836147321
3JLVbzdWcL1bOtqewCB4,20,14.5606646,120.9909532,1784872721155,52.06728667953631
3JLVbzdWcL1bOtqewCB4,21,14.560637,120.9908281,1784872723154,52.03382009948935
3JLVbzdWcL1bOtqewCB4,22,14.5606047,120.9906992,1784872725154,52.06728667953631
3JLVbzdWcL1bOtqewCB4,23,14.5605628,120.990571,1784872727155,52.11121176349224
3JLVbzdWcL1bOtqewCB4,24,14.5605346,120.9904624,1784872729156,52.11748679379875
3JLVbzdWcL1bOtqewCB4,25,14.5605088,120.9903373,1784872731154,52.23112039004258
3JLVbzdWcL1bOtqewCB4,26,14.5604666,120.9902054,1784872733156,52.35662391131776
3JLVbzdWcL1bOtqewCB4,27,14.5604387,120.9900821,1784872735155,52.4653951112786
3JLVbzdWcL1bOtqewCB4,28,14.5604066,120.9899566,1784872737154,52.52084049440414
3JLVbzdWcL1bOtqewCB4,29,14.5603659,120.9898217,1784872739155,52.575227218794026
3JLVbzdWcL1bOtqewCB4,30,14.5603381,120.989703,1784872741156,52.550125610951696
3JLVbzdWcL1bOtqewCB4,31,14.5603114,120.9895679,1784872743154,52.59231070142792
3JLVbzdWcL1bOtqewCB4,32,14.5602976,120.9894262,1784872745154,52.51491470789621
3JLVbzdWcL1bOtqewCB4,33,14.5602622,120.9893075,1784872747154,52.56720922180206
3JLVbzdWcL1bOtqewCB4,34,14.5602149,120.9891616,1784872749154,52.51700648234758
3JLVbzdWcL1bOtqewCB4,35,14.5601773,120.9890144,1784872751155,52.55465850946433
3JLVbzdWcL1bOtqewCB4,36,14.5601325,120.988879,1784872753155,52.66970739149404
3JLVbzdWcL1bOtqewCB4,37,14.5600903,120.9887105,1784872755155,52.79312517604032
3JLVbzdWcL1bOtqewCB4,38,14.5600569,120.9885646,1784872757154,52.82031916330041
3JLVbzdWcL1bOtqewCB4,39,14.5600146,120.9884301,1784872759154,52.8753912306115
3JLVbzdWcL1bOtqewCB4,40,14.5599765,120.9882868,1784872761155,52.948606880227686
3JLVbzdWcL1bOtqewCB4,41,14.5599432,120.9881589,1784872763155,53.01554744820608
3JLVbzdWcL1bOtqewCB4,42,14.559909,120.9880538,1784872765154,53.11595927715449
3JLVbzdWcL1bOtqewCB4,43,14.5598825,120.9879552,1784872767154,52.90783043968106
3JLVbzdWcL1bOtqewCB4,44,14.5598575,120.9878671,1784872769155,52.7927775558524
3JLVbzdWcL1bOtqewCB4,45,14.559841,120.9877911,1784872771155,52.80114498641315
3JLVbzdWcL1bOtqewCB4,46,14.5598169,120.9877273,1784872773154,52.84332952737775
3JLVbzdWcL1bOtqewCB4,47,14.5598085,120.9876602,1784872775155,52.80985992725526
3JLVbzdWcL1bOtqewCB4,48,14.559799,120.9875981,1784872777154,52.72200284666879
3JLVbzdWcL1bOtqewCB4,49,14.5597845,120.9875465,1784872779154,52.40614313754854
3JLVbzdWcL1bOtqewCB4,50,14.5597803,120.9875077,1784872781155,52.16141213415678
3JLVbzdWcL1bOtqewCB4,51,14.5597641,120.987477,1784872869154,49.39999771118164
3JLVbzdWcL1bOtqewCB4,52,14.559759,120.9874255,1784872871155,49.39999771118164
3JLVbzdWcL1bOtqewCB4,53,14.559744,120.9873407,1784872873156,49.09999847412109
3JLVbzdWcL1bOtqewCB4,54,14.5597175,120.9872456,1784872875155,49.09999847412109
3JLVbzdWcL1bOtqewCB4,55,14.5597186,120.9871275,1784872877156,49.09999847412109
3JLVbzdWcL1bOtqewCB4,56,14.5596791,120.9870126,1784872879155,49.09999847412109
3JLVbzdWcL1bOtqewCB4,57,14.5596476,120.9868997,1784872881155,49.09999847412109
3JLVbzdWcL1bOtqewCB4,58,14.559622,120.9867705,1784872883156,49.09999847412109
3JLVbzdWcL1bOtqewCB4,59,14.5595758,120.9866345,1784872885156,49.09999847412109
3JLVbzdWcL1bOtqewCB4,60,14.5595311,120.9864963,1784872887154,49.09999847412109
3JLVbzdWcL1bOtqewCB4,61,14.559483,120.9863633,1784872889155,49.09999847412109
3JLVbzdWcL1bOtqewCB4,62,14.559429,120.9862346,1784872891155,49.09999847412109
3JLVbzdWcL1bOtqewCB4,63,14.5593683,120.9861061,1784872893154,49.39999771118164
3JLVbzdWcL1bOtqewCB4,64,14.559295,120.9859738,1784872895155,49.39999771118164
3JLVbzdWcL1bOtqewCB4,65,14.5592264,120.9858553,1784872897155,49.39999771118164
3JLVbzdWcL1bOtqewCB4,66,14.5591654,120.9857612,1784872899155,49.09999847412109
3JLVbzdWcL1bOtqewCB4,67,14.5591109,120.9856451,1784872901156,49.09999847412109
3JLVbzdWcL1bOtqewCB4,68,14.5590323,120.9855222,1784872903155,49.09999847412109
3JLVbzdWcL1bOtqewCB4,69,14.558956,120.985413,1784872905155,49.09999847412109
3JLVbzdWcL1bOtqewCB4,70,14.5589016,120.9852874,1784872907156,49.09999847412109
3JLVbzdWcL1bOtqewCB4,71,14.5588157,120.9851729,1784872909156,49.09999847412109
3JLVbzdWcL1bOtqewCB4,72,14.5587381,120.9850565,1784872911155,49.09999847412109
3JLVbzdWcL1bOtqewCB4,73,14.5586551,120.9849654,1784872913153,49.09999847412109
3JLVbzdWcL1bOtqewCB4,74,14.5585664,120.9848772,1784872915153,49.09999847412109
3JLVbzdWcL1bOtqewCB4,75,14.5584815,120.9848005,1784872917155,49.09999847412109
3JLVbzdWcL1bOtqewCB4,76,14.5583799,120.9847446,1784872919154,49.09999847412109
3JLVbzdWcL1bOtqewCB4,77,14.5583183,120.9847127,1784872921154,49.09999847412109
3JLVbzdWcL1bOtqewCB4,78,14.5582648,120.9847464,1784872923153,49.09999847412109
3JLVbzdWcL1bOtqewCB4,79,14.5582879,120.9847987,1784872925153,49.09999847412109
3JLVbzdWcL1bOtqewCB4,80,14.5583285,120.9848622,1784872927154,49.09999847412109
3JLVbzdWcL1bOtqewCB4,81,14.5583842,120.9849272,1784872929155,49.09999847412109
3JLVbzdWcL1bOtqewCB4,82,14.5584534,120.9850057,1784872931154,49.09999847412109
3JLVbzdWcL1bOtqewCB4,83,14.5585144,120.9850841,1784872933153,49.09999847412109
3JLVbzdWcL1bOtqewCB4,84,14.5585777,120.9851699,1784872935154,49.09999847412109
3JLVbzdWcL1bOtqewCB4,85,14.558632,120.9852559,1784872937153,49.09999847412109
3JLVbzdWcL1bOtqewCB4,86,14.5586824,120.9853496,1784872939154,49.09999847412109
3JLVbzdWcL1bOtqewCB4,87,14.5587383,120.9854368,1784872941154,49.09999847412109
3JLVbzdWcL1bOtqewCB4,88,14.5587945,120.9855393,1784872943155,49.09999847412109
3JLVbzdWcL1bOtqewCB4,89,14.5588492,120.9856332,1784872945153,49.09999847412109
3JLVbzdWcL1bOtqewCB4,90,14.5588986,120.9857362,1784872947153,49.09999847412109
3JLVbzdWcL1bOtqewCB4,91,14.5589587,120.9858447,1784872949155,49.09999847412109
3JLVbzdWcL1bOtqewCB4,92,14.5590212,120.9859546,1784872951154,49.09999847412109
3JLVbzdWcL1bOtqewCB4,93,14.559097,120.9860644,1784872953153,49.09999847412109
3JLVbzdWcL1bOtqewCB4,94,14.5591587,120.9861715,1784872955154,49.09999847412109
3JLVbzdWcL1bOtqewCB4,95,14.5592065,120.9862794,1784872957153,49.09999847412109
3JLVbzdWcL1bOtqewCB4,96,14.5592316,120.9863878,1784872959154,49.09999847412109
3JLVbzdWcL1bOtqewCB4,97,14.5592688,120.9864855,1784872961153,49.09999847412109
3JLVbzdWcL1bOtqewCB4,98,14.5593228,120.9865737,1784872963154,49.09999847412109
3JLVbzdWcL1bOtqewCB4,99,14.5593539,120.9866563,1784872965153,49.09999847412109
3JLVbzdWcL1bOtqewCB4,100,14.5593792,120.9867338,1784872967154,49.09999847412109
3JLVbzdWcL1bOtqewCB4,101,14.5593955,120.9868002,1784872969154,49.09999847412109
3JLVbzdWcL1bOtqewCB4,102,14.559411,120.9868563,1784872971153,49.09999847412109
3JLVbzdWcL1bOtqewCB4,103,14.5594191,120.9869024,1784872973154,49.09999847412109
3JLVbzdWcL1bOtqewCB4,104,14.559417,120.9869325,1784872975153,49.09999847412109
3JLVbzdWcL1bOtqewCB4,105,14.5594191,120.9869546,1784872977153,49.09999847412109
3JLVbzdWcL1bOtqewCB4,106,14.5594202,120.9869752,1784872979155,49.09999847412109
3JLVbzdWcL1bOtqewCB4,107,14.5594007,120.9869983,1784872981155,49.09999847412109
3JLVbzdWcL1bOtqewCB4,108,14.5593428,120.9870309,1784872983154,49.09999847412109
3JLVbzdWcL1bOtqewCB4,109,14.5592685,120.9870591,1784872985155,49.09999847412109
3JLVbzdWcL1bOtqewCB4,110,14.5591798,120.9871138,1784872987154,49.09999847412109
3JLVbzdWcL1bOtqewCB4,111,14.5590868,120.987157,1784872989156,49.09999847412109
3JLVbzdWcL1bOtqewCB4,112,14.558992,120.9872095,1784872991155,49.09999847412109
3JLVbzdWcL1bOtqewCB4,113,14.5588948,120.9872697,1784872993155,49.09999847412109
3JLVbzdWcL1bOtqewCB4,114,14.5587904,120.9873051,1784872995154,49.09999847412109
3JLVbzdWcL1bOtqewCB4,115,14.558679,120.9873464,1784872997156,49.09999847412109
3JLVbzdWcL1bOtqewCB4,116,14.5585636,120.9873862,1784872999156,49.09999847412109
3JLVbzdWcL1bOtqewCB4,117,14.5584457,120.9873737,1784873001155,49.09999847412109
3JLVbzdWcL1bOtqewCB4,118,14.5583421,120.9873149,1784873003155,49.09999847412109
3JLVbzdWcL1bOtqewCB4,119,14.5582751,120.9872304,1784873005156,49.09999847412109
3JLVbzdWcL1bOtqewCB4,120,14.5582085,120.987147,1784873007154,49.09999847412109
3JLVbzdWcL1bOtqewCB4,121,14.5581539,120.9870565,1784873009155,49.09999847412109
3JLVbzdWcL1bOtqewCB4,122,14.5580981,120.9869625,1784873011154,49.09999847412109
3JLVbzdWcL1bOtqewCB4,123,14.5580433,120.9868694,1784873013156,49.09999847412109
3JLVbzdWcL1bOtqewCB4,124,14.5579916,120.9867745,1784873015155,49.09999847412109
3JLVbzdWcL1bOtqewCB4,125,14.5579412,120.9866732,1784873017155,49.09999847412109
3JLVbzdWcL1bOtqewCB4,126,14.5578918,120.9865676,1784873019154,49.09999847412109
3JLVbzdWcL1bOtqewCB4,127,14.5578474,120.9864667,1784873021154,49.09999847412109
3JLVbzdWcL1bOtqewCB4,128,14.5578018,120.986366,1784873023154,49.09999847412109
3JLVbzdWcL1bOtqewCB4,129,14.5577573,120.9862664,1784873025155,49.09999847412109
3JLVbzdWcL1bOtqewCB4,130,14.5577129,120.9861689,1784873027155,49.09999847412109
3JLVbzdWcL1bOtqewCB4,131,14.5576677,120.9860715,1784873029154,49.09999847412109
3JLVbzdWcL1bOtqewCB4,132,14.5576198,120.9859778,1784873031154,49.09999847412109
3JLVbzdWcL1bOtqewCB4,133,14.5575702,120.9858936,1784873033156,49.09999847412109
3JLVbzdWcL1bOtqewCB4,134,14.5575046,120.9858195,1784873035156,49.09999847412109
3JLVbzdWcL1bOtqewCB4,135,14.5574583,120.9857495,1784873037155,49.09999847412109
3JLVbzdWcL1bOtqewCB4,136,14.5574027,120.9857023,1784873039156,49.09999847412109
3JLVbzdWcL1bOtqewCB4,137,14.5573434,120.9857489,1784873041155,49.09999847412109
3JLVbzdWcL1bOtqewCB4,138,14.5573515,120.9858131,1784873043156,49.09999847412109
3JLVbzdWcL1bOtqewCB4,139,14.5573968,120.9858694,1784873045155,49.09999847412109
3JLVbzdWcL1bOtqewCB4,140,14.5574255,120.9859359,1784873047155,49.09999847412109
3fbSxwzOxepchACHthvs,0,14.5623991,120.9947076,1784871757338,50.89999771118164
3fbSxwzOxepchACHthvs,1,14.562451,120.9947125,1784871768154,50.89999771118164
3fbSxwzOxepchACHthvs,2,14.5624647,120.994699,1784871771154,50.59999847412109
3fbSxwzOxepchACHthvs,3,14.5624448,120.9946967,1784871773154,50.59999847412109
3fbSxwzOxepchACHthvs,4,14.5624129,120.9946828,1784871775156,50.59999847412109
3fbSxwzOxepchACHthvs,5,14.5623738,120.9946647,1784871777155,50.59999847412109
3fbSxwzOxepchACHthvs,6,14.5623197,120.9946356,1784871779155,50.59999847412109
3fbSxwzOxepchACHthvs,7,14.5622551,120.9946046,1784871781154,50.59999847412109
3fbSxwzOxepchACHthvs,8,14.5621542,120.9945947,1784871783155,50.59999847412109
3fbSxwzOxepchACHthvs,9,14.5620688,120.9945532,1784871785156,50.59999847412109
3fbSxwzOxepchACHthvs,10,14.561994,120.9945073,1784871787155,50.59999847412109
3fbSxwzOxepchACHthvs,11,14.561913,120.9944666,1784871789155,48.86047738693512
3fbSxwzOxepchACHthvs,12,14.5618311,120.9944288,1784871791155,48.64568164164665
3fbSxwzOxepchACHthvs,13,14.5617439,120.9943849,1784871793155,48.62895811042955
3fbSxwzOxepchACHthvs,14,14.5616701,120.9943153,1784871795154,48.72720932203748
3fbSxwzOxepchACHthvs,15,14.5616064,120.9942366,1784871797155,50.59999847412109
3fbSxwzOxepchACHthvs,16,14.5615418,120.9941723,1784871799155,50.59999847412109
3fbSxwzOxepchACHthvs,17,14.5614802,120.9940983,1784871801154,50.59999847412109
3fbSxwzOxepchACHthvs,18,14.5614105,120.9940234,1784871803155,50.59999847412109
3fbSxwzOxepchACHthvs,19,14.5613705,120.9939551,1784871805154,50.59999847412109
3fbSxwzOxepchACHthvs,20,14.5613254,120.9938634,1784871807155,50.59999847412109
3fbSxwzOxepchACHthvs,21,14.5612985,120.9938042,1784871809154,50.59999847412109
3fbSxwzOxepchACHthvs,22,14.5612522,120.9937841,1784871811155,50.59999847412109
3fbSxwzOxepchACHthvs,23,14.5612228,120.9938016,1784871813155,50.59999847412109
3fbSxwzOxepchACHthvs,24,14.5612155,120.9938607,1784871815155,50.59999847412109
3fbSxwzOxepchACHthvs,25,14.5612054,120.9939225,1784871817156,50.59999847412109
3fbSxwzOxepchACHthvs,26,14.5611711,120.9939671,1784871819155,50.59999847412109
3fbSxwzOxepchACHthvs,27,14.5611245,120.9939982,1784871821155,50.59999847412109
3fbSxwzOxepchACHthvs,28,14.561075,120.9940341,1784871823155,50.59999847412109
3fbSxwzOxepchACHthvs,29,14.5610213,120.9940638,1784871825154,50.59999847412109
3fbSxwzOxepchACHthvs,30,14.5609673,120.9940809,1784871827155,50.59999847412109
3fbSxwzOxepchACHthvs,31,14.5609042,120.994097,1784871829155,50.59999847412109
3fbSxwzOxepchACHthvs,32,14.5608339,120.994125,1784871831155,50.59999847412109
3fbSxwzOxepchACHthvs,33,14.5607601,120.9941549,1784871833155,50.59999847412109
3fbSxwzOxepchACHthvs,34,14.5606885,120.9941843,1784871835154,50.59999847412109
3fbSxwzOxepchACHthvs,35,14.5606209,120.99422,1784871837154,50.59999847412109
3fbSxwzOxepchACHthvs,36,14.5605483,120.9942617,1784871839154,50.59999847412109
3fbSxwzOxepchACHthvs,37,14.560471,120.9943015,1784871841154,50.59999847412109
3fbSxwzOxepchACHthvs,38,14.5603962,120.9943369,1784871843156,50.59999847412109
3fbSxwzOxepchACHthvs,39,14.5603176,120.9943705,1784871845156,50.59999847412109
3fbSxwzOxepchACHthvs,40,14.5602356,120.9944019,1784871847155,50.59999847412109
3fbSxwzOxepchACHthvs,41,14.5601538,120.9944271,1784871849154,50.59999847412109
3fbSxwzOxepchACHthvs,42,14.5601118,120.9944598,1784871851156,50.59999847412109
3fbSxwzOxepchACHthvs,43,14.5600634,120.9944811,1784871853155,50.59999847412109
3fbSxwzOxepchACHthvs,44,14.5600276,120.9945132,1784871855155,50.59999847412109
3fbSxwzOxepchACHthvs,45,14.5600068,120.9945714,1784871857156,50.59999847412109
3fbSxwzOxepchACHthvs,46,14.5600178,120.9946516,1784871859155,50.59999847412109
3fbSxwzOxepchACHthvs,47,14.5600349,120.9947393,1784871861155,50.59999847412109
3fbSxwzOxepchACHthvs,48,14.5600489,120.9948285,1784871863155,50.59999847412109
3fbSxwzOxepchACHthvs,49,14.5600686,120.9949162,1784871865156,50.59999847412109
3fbSxwzOxepchACHthvs,50,14.5600855,120.9950038,1784871867155,50.59999847412109
3fbSxwzOxepchACHthvs,51,14.5600898,120.9950913,1784871869154,50.59999847412109
3fbSxwzOxepchACHthvs,52,14.5600987,120.9951778,1784871871154,50.59999847412109
3fbSxwzOxepchACHthvs,53,14.5601122,120.9952599,1784871873157,50.59999847412109
3fbSxwzOxepchACHthvs,54,14.5601292,120.9953375,1784871875155,50.59999847412109
3fbSxwzOxepchACHthvs,55,14.5601441,120.9954142,1784871877154,50.59999847412109
3fbSxwzOxepchACHthvs,56,14.5601568,120.995488,1784871879154,50.59999847412109
3fbSxwzOxepchACHthvs,57,14.5601673,120.9955405,1784871881155,50.59999847412109
3fbSxwzOxepchACHthvs,58,14.5601757,120.9955897,1784871883156,50.59999847412109
3fbSxwzOxepchACHthvs,59,14.5601843,120.9956322,1784871885155,50.59999847412109
3fbSxwzOxepchACHthvs,60,14.5601998,120.9956437,1784871893155,50.59999847412109
4IAl52dAeEI0aHeP6CUs,0,14.5626845,120.9952646,1785152402821,50.70000076293945
4IAl52dAeEI0aHeP6CUs,1,14.5626629,120.9952533,1785152410824,50.70000076293945
4IAl52dAeEI0aHeP6CUs,2,14.562599,120.9952603,1785152412810,50.70000076293945
4IAl52dAeEI0aHeP6CUs,3,14.5625018,120.9952987,1785152414816,50.70000076293945
4IAl52dAeEI0aHeP6CUs,4,14.5623847,120.9953566,1785152416821,50.70000076293945
4IAl52dAeEI0aHeP6CUs,5,14.5622432,120.9953595,1785152418819,50.70000076293945
4IAl52dAeEI0aHeP6CUs,6,14.5620855,120.9953467,1785152420801,50.70000076293945
4IAl52dAeEI0aHeP6CUs,7,14.5619064,120.9953658,1785152422805,50.70000076293945
4IAl52dAeEI0aHeP6CUs,8,14.561753,120.9954455,1785152424816,50.70000076293945
4IAl52dAeEI0aHeP6CUs,9,14.5615937,120.995487,1785152426826,50.70000076293945
4IAl52dAeEI0aHeP6CUs,10,14.5614318,120.9954979,1785152428820,50.70000076293945
4IAl52dAeEI0aHeP6CUs,11,14.5612471,120.9955251,1785152430817,50.70000076293945
4IAl52dAeEI0aHeP6CUs,12,14.561099,120.9955267,1785152432833,50.70000076293945
4IAl52dAeEI0aHeP6CUs,13,14.5609139,120.9955326,1785152434819,50.70000076293945
4IAl52dAeEI0aHeP6CUs,14,14.5607561,120.9955563,1785152436834,50.70000076293945
4IAl52dAeEI0aHeP6CUs,15,14.5606122,120.9955725,1785152438843,50.70000076293945
4IAl52dAeEI0aHeP6CUs,16,14.5604675,120.9955936,1785152440836,50.70000076293945
4IAl52dAeEI0aHeP6CUs,17,14.5603517,120.9956329,1785152442840,50.70000076293945
4IAl52dAeEI0aHeP6CUs,18,14.5602455,120.9956622,1785152444833,50.70000076293945
4IAl52dAeEI0aHeP6CUs,19,14.5601519,120.9956708,1785152446836,50.70000076293945
4IAl52dAeEI0aHeP6CUs,20,14.5601159,120.9956124,1785152448839,50.70000076293945
4IAl52dAeEI0aHeP6CUs,21,14.5600994,120.9954767,1785152450843,50.70000076293945
4IAl52dAeEI0aHeP6CUs,22,14.560089,120.995329,1785152452834,50.70000076293945
4IAl52dAeEI0aHeP6CUs,23,14.5600606,120.9951845,1785152454825,50.70000076293945
4IAl52dAeEI0aHeP6CUs,24,14.5600473,120.9950342,1785152456829,50.70000076293945
4IAl52dAeEI0aHeP6CUs,25,14.5600204,120.9949001,1785152458821,50.70000076293945
4IAl52dAeEI0aHeP6CUs,26,14.559997,120.994767,1785152460830,50.70000076293945
4IAl52dAeEI0aHeP6CUs,27,14.5599826,120.994634,1785152462831,50.70000076293945
4IAl52dAeEI0aHeP6CUs,28,14.5599726,120.9944948,1785152464829,50.70000076293945
4IAl52dAeEI0aHeP6CUs,29,14.5599441,120.9943591,1785152466831,50.70000076293945
4IAl52dAeEI0aHeP6CUs,30,14.5599134,120.9942076,1785152468832,50.70000076293945
4IAl52dAeEI0aHeP6CUs,31,14.5598918,120.9940617,1785152470828,50.70000076293945
4IAl52dAeEI0aHeP6CUs,32,14.5598679,120.9939155,1785152472832,50.70000076293945
4IAl52dAeEI0aHeP6CUs,33,14.5598355,120.9937805,1785152474825,50.70000076293945
4IAl52dAeEI0aHeP6CUs,34,14.5598202,120.9936418,1785152476825,50.70000076293945
4IAl52dAeEI0aHeP6CUs,35,14.5598047,120.9935016,1785152478825,50.70000076293945
4IAl52dAeEI0aHeP6CUs,36,14.5597829,120.9933583,1785152480825,50.70000076293945
4IAl52dAeEI0aHeP6CUs,37,14.5597676,120.9932323,1785152482821,50.70000076293945
4IAl52dAeEI0aHeP6CUs,38,14.5597572,120.9931316,1785152484825,50.70000076293945
4IAl52dAeEI0aHeP6CUs,39,14.5597545,120.9930518,1785152486828,50.70000076293945
4IAl52dAeEI0aHeP6CUs,40,14.5596933,120.9929799,1785152488823,50.70000076293945
4IAl52dAeEI0aHeP6CUs,41,14.5596217,120.9929876,1785152490824,50.70000076293945
4IAl52dAeEI0aHeP6CUs,42,14.5595794,120.9930024,1785152492821,50.70000076293945
4IAl52dAeEI0aHeP6CUs,43,14.5594827,120.9930685,1785152494836,50.70000076293945
4IAl52dAeEI0aHeP6CUs,44,14.5593638,120.9931617,1785152496820,50.70000076293945
4IAl52dAeEI0aHeP6CUs,45,14.559225,120.9932445,1785152498827,50.70000076293945
4IAl52dAeEI0aHeP6CUs,46,14.55908,120.9932929,1785152500839,50.70000076293945
4IAl52dAeEI0aHeP6CUs,47,14.5589634,120.9933359,1785152502837,50.70000076293945
4IAl52dAeEI0aHeP6CUs,48,14.5588578,120.9933785,1785152504837,50.70000076293945
4IAl52dAeEI0aHeP6CUs,49,14.5587502,120.9934077,1785152506825,50.70000076293945
4IAl52dAeEI0aHeP6CUs,50,14.5586349,120.9934217,1785152508833,50.70000076293945
4IAl52dAeEI0aHeP6CUs,51,14.5585101,120.993444,1785152510827,50.70000076293945
4IAl52dAeEI0aHeP6CUs,52,14.5583708,120.9934623,1785152512830,50.70000076293945
4IAl52dAeEI0aHeP6CUs,53,14.5582412,120.9934855,1785152514836,50.70000076293945
4IAl52dAeEI0aHeP6CUs,54,14.558127,120.9935163,1785152516838,50.70000076293945
4IAl52dAeEI0aHeP6CUs,55,14.5580365,120.9935226,1785152518826,50.70000076293945
4IAl52dAeEI0aHeP6CUs,56,14.5579608,120.9934733,1785152520823,50.70000076293945
4IAl52dAeEI0aHeP6CUs,57,14.5579206,120.9933975,1785152522823,50.70000076293945
4IAl52dAeEI0aHeP6CUs,58,14.5578923,120.9933236,1785152524817,50.70000076293945
4IAl52dAeEI0aHeP6CUs,59,14.5578652,120.9932648,1785152526813,50.70000076293945
4IAl52dAeEI0aHeP6CUs,60,14.5578332,120.9931567,1785152528814,50.70000076293945
4IAl52dAeEI0aHeP6CUs,61,14.5578049,120.9930789,1785152530816,50.70000076293945
4IAl52dAeEI0aHeP6CUs,62,14.5578428,120.9929938,1785152532812,50.70000076293945
4IAl52dAeEI0aHeP6CUs,63,14.5578581,120.9928919,1785152534817,50.70000076293945
4IAl52dAeEI0aHeP6CUs,64,14.5578268,120.9927501,1785152536819,50.70000076293945
4IAl52dAeEI0aHeP6CUs,65,14.5577579,120.9926049,1785152538824,50.70000076293945
4IAl52dAeEI0aHeP6CUs,66,14.5577167,120.9924843,1785152540817,50.70000076293945
4IAl52dAeEI0aHeP6CUs,67,14.557673,120.9923674,1785152542817,50.70000076293945
4IAl52dAeEI0aHeP6CUs,68,14.5576274,120.9922349,1785152544818,50.70000076293945
4IAl52dAeEI0aHeP6CUs,69,14.5575803,120.9921181,1785152546824,50.70000076293945
4IAl52dAeEI0aHeP6CUs,70,14.5575476,120.9919925,1785152548830,50.70000076293945
4IAl52dAeEI0aHeP6CUs,71,14.557524,120.9918611,1785152550827,50.70000076293945
4IAl52dAeEI0aHeP6CUs,72,14.5574817,120.9917469,1785152552825,60.039
4IAl52dAeEI0aHeP6CUs,73,14.5574379,120.9916321,1785152554824,64.38
4IAl52dAeEI0aHeP6CUs,74,14.5573785,120.9915018,1785152556833,66.091
4IAl52dAeEI0aHeP6CUs,75,14.5573241,120.9913664,1785152558821,68.081
4IAl52dAeEI0aHeP6CUs,76,14.5572799,120.9912142,1785152560822,70.139
4IAl52dAeEI0aHeP6CUs,77,14.5572595,120.9910951,1785152562812,71.435
4IAl52dAeEI0aHeP6CUs,78,14.5572338,120.9909794,1785152564810,71.144
4IAl52dAeEI0aHeP6CUs,79,14.5571902,120.9908668,1785152566817,72.339
4IAl52dAeEI0aHeP6CUs,80,14.5571565,120.9907737,1785152568817,75.001
4IAl52dAeEI0aHeP6CUs,81,14.557132,120.9907226,1785152570822,73.123
4IAl52dAeEI0aHeP6CUs,82,14.5570866,120.9907006,1785152572825,66.033
4IAl52dAeEI0aHeP6CUs,83,14.5570314,120.9906851,1785152574829,58.696
4IAl52dAeEI0aHeP6CUs,84,14.5570349,120.9906518,1785152579830,57.965
4IAl52dAeEI0aHeP6CUs,85,14.5570219,120.9906273,1785152581832,59.423
4IAl52dAeEI0aHeP6CUs,86,14.5570129,120.9905977,1785152583827,61.072
4IAl52dAeEI0aHeP6CUs,87,14.5570015,120.9905393,1785152585828,64.675
4IAl52dAeEI0aHeP6CUs,88,14.5569874,120.990503,1785152587844,67.684
4IAl52dAeEI0aHeP6CUs,89,14.5569633,120.9904394,1785152589832,68.031
4IAl52dAeEI0aHeP6CUs,90,14.5569267,120.9903432,1785152591829,69.693
4IAl52dAeEI0aHeP6CUs,91,14.5568865,120.9902472,1785152593830,73.196
4IAl52dAeEI0aHeP6CUs,92,14.5568702,120.9901926,1785152595828,76.357
4IAl52dAeEI0aHeP6CUs,93,14.5568552,120.9901501,1785152597835,76.415
4IAl52dAeEI0aHeP6CUs,94,14.5568565,120.9901228,1785152599837,73.661
4IAl52dAeEI0aHeP6CUs,95,14.5568345,120.9900724,1785152601836,68.853
4IAl52dAeEI0aHeP6CUs,96,14.5568129,120.9900255,1785152603833,65.843
4IAl52dAeEI0aHeP6CUs,97,14.5567875,120.9899523,1785152605831,64.961
4IAl52dAeEI0aHeP6CUs,98,14.5567721,120.9898596,1785152607825,66.317
4IAl52dAeEI0aHeP6CUs,99,14.5567494,120.9898102,1785152609825,68.348
4IAl52dAeEI0aHeP6CUs,100,14.5567327,120.989781,1785152611832,68.363
4IAl52dAeEI0aHeP6CUs,101,14.5567096,120.9897258,1785152613828,66.669
4IAl52dAeEI0aHeP6CUs,102,14.5566789,120.9896247,1785152615823,63.262
4IAl52dAeEI0aHeP6CUs,103,14.556666,120.989535,1785152617833,58.806
4IAl52dAeEI0aHeP6CUs,104,14.5566366,120.9894787,1785152619817,57.171
4IAl52dAeEI0aHeP6CUs,105,14.5566244,120.9894423,1785152621821,57.17
4IAl52dAeEI0aHeP6CUs,106,14.5566082,120.9893911,1785152623818,57.403
4IAl52dAeEI0aHeP6CUs,107,14.556578,120.9893121,1785152625821,57.105
4IAl52dAeEI0aHeP6CUs,108,14.5565424,120.9892225,1785152627813,58.999
4IAl52dAeEI0aHeP6CUs,109,14.5565381,120.9891855,1785152629808,59.021
4IAl52dAeEI0aHeP6CUs,110,14.5565189,120.9891184,1785152633807,59.021
4IAl52dAeEI0aHeP6CUs,111,14.5564963,120.9890457,1785152635805,63.472
4IAl52dAeEI0aHeP6CUs,112,14.5564861,120.9889731,1785152637816,56.251
4IAl52dAeEI0aHeP6CUs,113,14.556443,120.9888144,1785152639789,54.468
4IAl52dAeEI0aHeP6CUs,114,14.556508,120.9886796,1785152641788,60.472
4IAl52dAeEI0aHeP6CUs,115,14.5565195,120.9886289,1785152643794,54.194
4IAl52dAeEI0aHeP6CUs,116,14.5564295,120.9886019,1785152645822,47.321
4IAl52dAeEI0aHeP6CUs,117,14.5563238,120.9885921,1785152647833,40.598
4IAl52dAeEI0aHeP6CUs,118,14.5562333,120.9885826,1785152649837,39.304
4IAl52dAeEI0aHeP6CUs,119,14.5561106,120.9886197,1785152651826,41.791
4IAl52dAeEI0aHeP6CUs,120,14.5559912,120.9886534,1785152653822,42.773
4IAl52dAeEI0aHeP6CUs,121,14.5558748,120.9886903,1785152655835,43.224
4IAl52dAeEI0aHeP6CUs,122,14.5557514,120.9887293,1785152657834,42.32
4IAl52dAeEI0aHeP6CUs,123,14.5556177,120.9887582,1785152659838,41.199
4IAl52dAeEI0aHeP6CUs,124,14.555444,120.9887982,1785152662842,39.233
4IAl52dAeEI0aHeP6CUs,125,14.5553422,120.9888197,1785152664833,38.626
4IAl52dAeEI0aHeP6CUs,126,14.5552859,120.9888447,1785152666835,38.641
4IAl52dAeEI0aHeP6CUs,127,14.555241,120.9888759,1785152668846,40.675
4IAl52dAeEI0aHeP6CUs,128,14.5552127,120.9888928,1785152670844,41.134
4IAl52dAeEI0aHeP6CUs,129,14.5551799,120.9889071,1785152672844,41.134
4IAl52dAeEI0aHeP6CUs,130,14.5551599,120.9889257,1785152674832,42.956
4IAl52dAeEI0aHeP6CUs,131,14.5551374,120.9889393,1785152676832,43.963
4IAl52dAeEI0aHeP6CUs,132,14.555136,120.9889591,1785152682836,43.951
4IAl52dAeEI0aHeP6CUs,133,14.555118,120.9889718,1785152694827,44.589
4IAl52dAeEI0aHeP6CUs,134,14.5550961,120.9889858,1785152706825,44.592
4IAl52dAeEI0aHeP6CUs,135,14.5550818,120.9890064,1785152712814,44.86
4IAl52dAeEI0aHeP6CUs,136,14.5550453,120.9890223,1785152716815,44.86
4IAl52dAeEI0aHeP6CUs,137,14.5550231,120.989032,1785152720814,44.86
4IAl52dAeEI0aHeP6CUs,138,14.5550683,120.9890455,1785152726805,46.17
4IAl52dAeEI0aHeP6CUs,139,14.5550901,120.9890405,1785152728811,46.11
4IAl52dAeEI0aHeP6CUs,140,14.5551216,120.9889869,1785152730807,48.905
4IAl52dAeEI0aHeP6CUs,141,14.5551573,120.9889826,1785152732801,46.408
4IAl52dAeEI0aHeP6CUs,142,14.5552066,120.988947,1785152734804,34.372
4IAl52dAeEI0aHeP6CUs,143,14.5552762,120.9889225,1785152736818,29.796
4IAl52dAeEI0aHeP6CUs,144,14.5552623,120.9888861,1785152738816,24.737
4IAl52dAeEI0aHeP6CUs,145,14.5552678,120.9888477,1785152740815,26.17
4IAl52dAeEI0aHeP6CUs,146,14.5552702,120.9888061,1785152742833,27.834
4IAl52dAeEI0aHeP6CUs,147,14.5552768,120.9887742,1785152744816,29.01
4IAl52dAeEI0aHeP6CUs,148,14.555293,120.9887595,1785152746817,29.882
4IAl52dAeEI0aHeP6CUs,149,14.5552783,120.9887468,1785152752818,30.132
4IAl52dAeEI0aHeP6CUs,150,14.5552564,120.9887441,1785152754813,27.323
4IAl52dAeEI0aHeP6CUs,151,14.5552672,120.9887708,1785152758821,20.764
4IAl52dAeEI0aHeP6CUs,152,14.5552705,120.9887891,1785152760818,16.715
4IAl52dAeEI0aHeP6CUs,153,14.5552553,120.9888196,1785152762823,9.186
4IAl52dAeEI0aHeP6CUs,154,14.5552317,120.9888233,1785152764810,7.856
4IAl52dAeEI0aHeP6CUs,155,14.5551861,120.9888199,1785152766813,9.196
4IAl52dAeEI0aHeP6CUs,156,14.5551561,120.9888088,1785152768813,10.028
4IAl52dAeEI0aHeP6CUs,157,14.5551428,120.9887872,1785152770810,11.993
4IAl52dAeEI0aHeP6CUs,158,14.5551317,120.9887493,1785152772803,19.642
4IAl52dAeEI0aHeP6CUs,159,14.5551068,120.9887451,1785152774800,21.495
4IAl52dAeEI0aHeP6CUs,160,14.5550872,120.9887563,1785152776804,24.595
4IAl52dAeEI0aHeP6CUs,161,14.5550464,120.9887665,1785152778804,28.96
4IAl52dAeEI0aHeP6CUs,162,14.5550344,120.9887459,1785152790764,30.399
4S6zKD9cMZeiTmfqmbdj,0,14.5063998,120.9797813,1784975326336,49.59999847412109
4S6zKD9cMZeiTmfqmbdj,1,14.5063951,120.9797572,1784975489363,49.70000076293945
4S6zKD9cMZeiTmfqmbdj,2,14.5063809,120.979771,1784975491358,49.70000076293945
4S6zKD9cMZeiTmfqmbdj,3,14.5063515,120.9797859,1784975493360,49.70000076293945
4S6zKD9cMZeiTmfqmbdj,4,14.5063332,120.9797876,1784975498370,49.29999923706055
4S6zKD9cMZeiTmfqmbdj,5,14.5063175,120.9797753,1784975522366,49.70000076293945
4S6zKD9cMZeiTmfqmbdj,6,14.5062993,120.9797566,1784975524365,49.70000076293945
4S6zKD9cMZeiTmfqmbdj,7,14.5062882,120.9797379,1784975526361,49.70000076293945
4S6zKD9cMZeiTmfqmbdj,8,14.5062698,120.97974,1784975541355,49.39999771118164
4S6zKD9cMZeiTmfqmbdj,9,14.5062631,120.9797209,1784975545361,49.39999771118164
4S6zKD9cMZeiTmfqmbdj,10,14.5062761,120.979704,1784975552359,49.29999923706055
4S6zKD9cMZeiTmfqmbdj,11,14.5062498,120.9796911,1784975555347,49.5
4S6zKD9cMZeiTmfqmbdj,12,14.5062196,120.9797077,1784975557359,49.5
4S6zKD9cMZeiTmfqmbdj,13,14.5062061,120.9797332,1784975559368,49.5
4S6zKD9cMZeiTmfqmbdj,14,14.5062198,120.9797569,1784975561360,49.5
4S6zKD9cMZeiTmfqmbdj,15,14.5062305,120.9797916,1784975563356,49.5
4S6zKD9cMZeiTmfqmbdj,16,14.5062169,120.9798719,1784975565355,49.5
4S6zKD9cMZeiTmfqmbdj,17,14.5062044,120.9799746,1784975567367,49.70000076293945
4S6zKD9cMZeiTmfqmbdj,18,14.5061846,120.9800819,1784975569357,49.70000076293945
4S6zKD9cMZeiTmfqmbdj,19,14.506152,120.9801957,1784975571353,49.70000076293945
4S6zKD9cMZeiTmfqmbdj,20,14.5061134,120.9802688,1784975573356,49.70000076293945
4S6zKD9cMZeiTmfqmbdj,21,14.5060489,120.9803099,1784975575348,53.70000076293945
4S6zKD9cMZeiTmfqmbdj,22,14.5059841,120.9803191,1784975577432,53.70000076293945
4S6zKD9cMZeiTmfqmbdj,23,14.5059405,120.9803359,1784975579345,53.70000076293945
4S6zKD9cMZeiTmfqmbdj,24,14.5058984,120.9803674,1784975581490,53.70000076293945
4S6zKD9cMZeiTmfqmbdj,25,14.5058646,120.9803642,1784975583476,53.79999923706055
4S6zKD9cMZeiTmfqmbdj,26,14.505843,120.9803157,1784975585470,53.79999923706055
4S6zKD9cMZeiTmfqmbdj,27,14.5058257,120.9802676,1784975587495,53.79999923706055
4S6zKD9cMZeiTmfqmbdj,28,14.5058154,120.9802854,1784975593336,53.89999771118164
4S6zKD9cMZeiTmfqmbdj,29,14.5057969,120.9803153,1784975596345,53.89999771118164
4S6zKD9cMZeiTmfqmbdj,30,14.5058392,120.9803231,1784975607346,53.89999771118164
4S6zKD9cMZeiTmfqmbdj,31,14.5057776,120.980315,1784975609353,53.89999771118164
4S6zKD9cMZeiTmfqmbdj,32,14.5057956,120.9803223,1784975614344,53.89999771118164
4S6zKD9cMZeiTmfqmbdj,33,14.5058913,120.9804783,1784975616338,53.89999771118164
4S6zKD9cMZeiTmfqmbdj,34,14.505883,120.9804591,1784975620336,53.79999923706055
4S6zKD9cMZeiTmfqmbdj,35,14.5058715,120.980429,1784975622339,53.79999923706055
4S6zKD9cMZeiTmfqmbdj,36,14.5058675,120.980403,1784975624336,53.79999923706055
4S6zKD9cMZeiTmfqmbdj,37,14.5059345,120.980454,1784975626339,53.79999923706055
4S6zKD9cMZeiTmfqmbdj,38,14.5059516,120.9804299,1784975628340,53.79999923706055
4S6zKD9cMZeiTmfqmbdj,39,14.5059679,120.9804098,1784975630344,53.79999923706055
4S6zKD9cMZeiTmfqmbdj,40,14.5059833,120.9803809,1784975632340,53.79999923706055
4S6zKD9cMZeiTmfqmbdj,41,14.5060074,120.980383,1784975634341,53.79999923706055
4S6zKD9cMZeiTmfqmbdj,42,14.5059771,120.9804146,1784975641344,53.79999923706055
4S6zKD9cMZeiTmfqmbdj,43,14.5059919,120.9803988,1784975646344,53.79999923706055
4S6zKD9cMZeiTmfqmbdj,44,14.5059539,120.9804659,1784975649333,53.79999923706055
4S6zKD9cMZeiTmfqmbdj,45,14.5059685,120.9804483,1784975656338,53.79999923706055
4S6zKD9cMZeiTmfqmbdj,46,14.5059414,120.9804834,1784975658339,53.79999923706055
4S6zKD9cMZeiTmfqmbdj,47,14.5059548,120.9804617,1784975663331,53.79999923706055
4S6zKD9cMZeiTmfqmbdj,48,14.5059618,120.9805072,1784975665336,53.79999923706055
4S6zKD9cMZeiTmfqmbdj,49,14.5059725,120.980492,1784975669343,53.79999923706055
4S6zKD9cMZeiTmfqmbdj,50,14.5059654,120.9805376,1784975672330,53.79999923706055
4S6zKD9cMZeiTmfqmbdj,51,14.5059861,120.9805224,1784975679336,53.79999923706055
4S6zKD9cMZeiTmfqmbdj,52,14.5059449,120.9805115,1784975681336,53.89999771118164
4S6zKD9cMZeiTmfqmbdj,53,14.5059627,120.9804963,1784975686333,53.89999771118164
4S6zKD9cMZeiTmfqmbdj,54,14.505983,120.9804953,1784975692334,53.79999923706055
4S6zKD9cMZeiTmfqmbdj,55,14.5059971,120.9804766,1784975694333,53.79999923706055
4S6zKD9cMZeiTmfqmbdj,56,14.5059893,120.9805286,1784975696336,53.89999771118164
4S6zKD9cMZeiTmfqmbdj,57,14.5060136,120.9805084,1784975699347,53.89999771118164
4S6zKD9cMZeiTmfqmbdj,58,14.5060236,120.9804786,1784975701336,53.89999771118164
4S6zKD9cMZeiTmfqmbdj,59,14.5059351,120.9804687,1784975703345,53.79999923706055
4S6zKD9cMZeiTmfqmbdj,60,14.5059027,120.9804851,1784975705342,53.79999923706055
4S6zKD9cMZeiTmfqmbdj,61,14.5058789,120.9804672,1784975707344,53.79999923706055
4S6zKD9cMZeiTmfqmbdj,62,14.5058755,120.9803374,1784975709346,53.79999923706055
4S6zKD9cMZeiTmfqmbdj,63,14.5059702,120.9802024,1784975711349,53.79999923706055
4S6zKD9cMZeiTmfqmbdj,64,14.5059669,120.9801025,1784975713348,53.79999923706055
4S6zKD9cMZeiTmfqmbdj,65,14.5059714,120.9800003,1784975715349,53.79999923706055
4S6zKD9cMZeiTmfqmbdj,66,14.5060277,120.9798978,1784975717354,53.79999923706055
4S6zKD9cMZeiTmfqmbdj,67,14.5060743,120.9798072,1784975719356,53.79999923706055
4S6zKD9cMZeiTmfqmbdj,68,14.5061087,120.9797386,1784975721353,53.79999923706055
4S6zKD9cMZeiTmfqmbdj,69,14.5061408,120.9797146,1784975723346,53.79999923706055
4S6zKD9cMZeiTmfqmbdj,70,14.5061636,120.9797101,1784975725357,53.79999923706055
4S6zKD9cMZeiTmfqmbdj,71,14.5061971,120.9797412,1784975727355,53.79999923706055
4S6zKD9cMZeiTmfqmbdj,72,14.5061861,120.979871,1784975729356,53.79999923706055
4S6zKD9cMZeiTmfqmbdj,73,14.5061394,120.9800616,1784975731365,53.79999923706055
4S6zKD9cMZeiTmfqmbdj,74,14.506081,120.9802737,1784975733361,53.79999923706055
4S6zKD9cMZeiTmfqmbdj,75,14.5060233,120.9804846,1784975735360,53.79999923706055
4S6zKD9cMZeiTmfqmbdj,76,14.5059592,120.980688,1784975737363,53.79999923706055
4S6zKD9cMZeiTmfqmbdj,77,14.5058931,120.9808911,1784975739365,53.79999923706055
4S6zKD9cMZeiTmfqmbdj,78,14.5058429,120.981085,1784975741372,53.79999923706055
4S6zKD9cMZeiTmfqmbdj,79,14.505793,120.9812073,1784975743370,53.79999923706055
4S6zKD9cMZeiTmfqmbdj,80,14.5057784,120.9812623,1784975745379,53.79999923706055
4S6zKD9cMZeiTmfqmbdj,81,14.5057552,120.9813362,1784975747373,53.79999923706055
4S6zKD9cMZeiTmfqmbdj,82,14.5057153,120.9814409,1784975749372,53.79999923706055
4S6zKD9cMZeiTmfqmbdj,83,14.5056845,120.9815419,1784975751371,53.79999923706055
4S6zKD9cMZeiTmfqmbdj,84,14.5057275,120.9816316,1784975753364,53.79999923706055
4S6zKD9cMZeiTmfqmbdj,85,14.5058268,120.9817045,1784975755370,53.79999923706055
4S6zKD9cMZeiTmfqmbdj,86,14.5059592,120.9817565,1784975757365,53.79999923706055
4S6zKD9cMZeiTmfqmbdj,87,14.5061211,120.9818562,1784975759372,53.79999923706055
4S6zKD9cMZeiTmfqmbdj,88,14.5063216,120.9819774,1784975761365,53.79999923706055
4S6zKD9cMZeiTmfqmbdj,89,14.5065333,120.9820914,1784975763362,53.79999923706055
4S6zKD9cMZeiTmfqmbdj,90,14.5067411,120.9822001,1784975765365,53.79999923706055
4S6zKD9cMZeiTmfqmbdj,91,14.5069305,120.9823059,1784975767375,53.79999923706055
4S6zKD9cMZeiTmfqmbdj,92,14.5071204,120.9824197,1784975769370,53.79999923706055
4S6zKD9cMZeiTmfqmbdj,93,14.5073159,120.9825187,1784975771371,53.79999923706055
4S6zKD9cMZeiTmfqmbdj,94,14.5074946,120.9826075,1784975773372,53.79999923706055
4S6zKD9cMZeiTmfqmbdj,95,14.5076571,120.9826841,1784975775371,53.79999923706055
4S6zKD9cMZeiTmfqmbdj,96,14.5078072,120.9827567,1784975777374,53.79999923706055
4S6zKD9cMZeiTmfqmbdj,97,14.5079089,120.9828315,1784975779369,53.79999923706055
4S6zKD9cMZeiTmfqmbdj,98,14.5079373,120.9829283,1784975781371,53.79999923706055
4S6zKD9cMZeiTmfqmbdj,99,14.5078929,120.9830953,1784975783373,53.79999923706055
4S6zKD9cMZeiTmfqmbdj,100,14.5078063,120.9832823,1784975785379,53.79999923706055
4S6zKD9cMZeiTmfqmbdj,101,14.5077084,120.9834848,1784975787379,53.79999923706055
4S6zKD9cMZeiTmfqmbdj,102,14.5076089,120.9836991,1784975789390,53.79999923706055
4S6zKD9cMZeiTmfqmbdj,103,14.5075022,120.9839188,1784975791380,53.79999923706055
4S6zKD9cMZeiTmfqmbdj,104,14.5074041,120.9841478,1784975793379,53.79999923706055
4S6zKD9cMZeiTmfqmbdj,105,14.5072941,120.984374,1784975795380,53.79999923706055
4S6zKD9cMZeiTmfqmbdj,106,14.5071807,120.9845975,1784975797379,36.832
4S6zKD9cMZeiTmfqmbdj,107,14.507078,120.98482,1784975799382,36.974
4S6zKD9cMZeiTmfqmbdj,108,14.5069634,120.9850504,1784975801378,37.927
4S6zKD9cMZeiTmfqmbdj,109,14.5068448,120.9852796,1784975803373,38.329
4S6zKD9cMZeiTmfqmbdj,110,14.5067329,120.9855162,1784975805371,38.194
4S6zKD9cMZeiTmfqmbdj,111,14.5066322,120.9857413,1784975807374,37.856
4S6zKD9cMZeiTmfqmbdj,112,14.5065478,120.985943,1784975809371,38.468
4S6zKD9cMZeiTmfqmbdj,113,14.5064715,120.9861195,1784975811373,38.49
4S6zKD9cMZeiTmfqmbdj,114,14.5064153,120.9862514,1784975813371,38.615
4S6zKD9cMZeiTmfqmbdj,115,14.5064012,120.9862949,1784975815372,39.165
4S6zKD9cMZeiTmfqmbdj,116,14.5063847,120.9863311,1784975817392,39.165
4S6zKD9cMZeiTmfqmbdj,117,14.5063402,120.9864201,1784975819397,39.163
4S6zKD9cMZeiTmfqmbdj,118,14.5062707,120.9865774,1784975821363,39.988
4S6zKD9cMZeiTmfqmbdj,119,14.5062412,120.9866617,1784975823372,39.066
4S6zKD9cMZeiTmfqmbdj,120,14.5061998,120.9867493,1784975825370,39.695
4S6zKD9cMZeiTmfqmbdj,121,14.5061217,120.9868896,1784975827369,40.066
4S6zKD9cMZeiTmfqmbdj,122,14.5060459,120.9870553,1784975829362,40.056
4S6zKD9cMZeiTmfqmbdj,123,14.5059636,120.9872381,1784975831368,39.807
4S6zKD9cMZeiTmfqmbdj,124,14.5059004,120.9873867,1784975833371,40.645
4S6zKD9cMZeiTmfqmbdj,125,14.5058695,120.9874853,1784975835372,41.462
4S6zKD9cMZeiTmfqmbdj,126,14.50586,120.9875673,1784975837381,41.647
4S6zKD9cMZeiTmfqmbdj,127,14.5058647,120.9875975,1784975839379,50.79999923706055
4S6zKD9cMZeiTmfqmbdj,128,14.5058583,120.9876387,1784975845374,50.59999847412109
4S6zKD9cMZeiTmfqmbdj,129,14.5058523,120.987677,1784975847380,50.59999847412109
4S6zKD9cMZeiTmfqmbdj,130,14.5058708,120.9877308,1784975849380,50.59999847412109
4S6zKD9cMZeiTmfqmbdj,131,14.5059674,120.9877948,1784975851371,50.59999847412109
4S6zKD9cMZeiTmfqmbdj,132,14.5061031,120.9878574,1784975853360,50.59999847412109
4S6zKD9cMZeiTmfqmbdj,133,14.5062778,120.9879206,1784975855365,50.59999847412109
4S6zKD9cMZeiTmfqmbdj,134,14.5064854,120.9879877,1784975857371,50.59999847412109
4S6zKD9cMZeiTmfqmbdj,135,14.5067104,120.988062,1784975859360,50.59999847412109
4S6zKD9cMZeiTmfqmbdj,136,14.5069407,120.9881517,1784975861357,50.59999847412109
4S6zKD9cMZeiTmfqmbdj,137,14.50718,120.9882497,1784975863356,50.59999847412109
4S6zKD9cMZeiTmfqmbdj,138,14.5074023,120.9883436,1784975865357,50.59999847412109
4S6zKD9cMZeiTmfqmbdj,139,14.5076154,120.9884401,1784975867364,50.59999847412109
4S6zKD9cMZeiTmfqmbdj,140,14.5077989,120.9885203,1784975869364,50.59999847412109
4S6zKD9cMZeiTmfqmbdj,141,14.5079669,120.9885817,1784975871362,50.59999847412109
4S6zKD9cMZeiTmfqmbdj,142,14.5081128,120.9886437,1784975873367,50.59999847412109
4S6zKD9cMZeiTmfqmbdj,143,14.5082739,120.9887181,1784975875362,50.59999847412109
4S6zKD9cMZeiTmfqmbdj,144,14.5084736,120.9888071,1784975877359,50.59999847412109
4S6zKD9cMZeiTmfqmbdj,145,14.5086828,120.9888883,1784975879357,50.59999847412109
4S6zKD9cMZeiTmfqmbdj,146,14.5088967,120.9889804,1784975881350,50.59999847412109
4S6zKD9cMZeiTmfqmbdj,147,14.5090813,120.9890631,1784975883352,50.59999847412109
4S6zKD9cMZeiTmfqmbdj,148,14.5092704,120.9891359,1784975885345,50.59999847412109
4S6zKD9cMZeiTmfqmbdj,149,14.5094352,120.9891969,1784975887345,50.59999847412109
4S6zKD9cMZeiTmfqmbdj,150,14.5095793,120.9892506,1784975889342,50.59999847412109
4S6zKD9cMZeiTmfqmbdj,151,14.5097212,120.989309,1784975891345,50.59999847412109
4S6zKD9cMZeiTmfqmbdj,152,14.5098711,120.9893669,1784975893345,50.59999847412109
4S6zKD9cMZeiTmfqmbdj,153,14.5100459,120.9894212,1784975895354,50.59999847412109
4S6zKD9cMZeiTmfqmbdj,154,14.5102207,120.9894714,1784975897356,50.59999847412109
4S6zKD9cMZeiTmfqmbdj,155,14.5104161,120.9895082,1784975899358,50.59999847412109
4S6zKD9cMZeiTmfqmbdj,156,14.5106013,120.9895493,1784975901356,50.59999847412109
4S6zKD9cMZeiTmfqmbdj,157,14.5107795,120.9896037,1784975903355,50.59999847412109
4S6zKD9cMZeiTmfqmbdj,158,14.5109378,120.9896638,1784975905348,50.59999847412109
4S6zKD9cMZeiTmfqmbdj,159,14.5110784,120.9896803,1784975907352,50.59999847412109
4S6zKD9cMZeiTmfqmbdj,160,14.5112045,120.989715,1784975909353,50.59999847412109
4S6zKD9cMZeiTmfqmbdj,161,14.5113587,120.9897676,1784975911334,50.59999847412109
4S6zKD9cMZeiTmfqmbdj,162,14.5114959,120.989829,1784975913347,50.59999847412109
4S6zKD9cMZeiTmfqmbdj,163,14.5116552,120.9898922,1784975915349,50.59999847412109
4e2zyVgMh5Jd1YfcwlrK,0,14.4190736,120.9971834,1785075497294,74.0999984741211
4e2zyVgMh5Jd1YfcwlrK,1,14.4190916,120.9971528,1785075503313,74.0999984741211
4e2zyVgMh5Jd1YfcwlrK,2,14.4191953,120.9970543,1785075505308,74.0999984741211
4e2zyVgMh5Jd1YfcwlrK,3,14.4193015,120.9969325,1785075507316,74.0999984741211
4e2zyVgMh5Jd1YfcwlrK,4,14.4194094,120.996798,1785075509318,74.0999984741211
4e2zyVgMh5Jd1YfcwlrK,5,14.4195159,120.9966536,1785075511323,74.0999984741211
4e2zyVgMh5Jd1YfcwlrK,6,14.4196248,120.9965148,1785075513311,74.0999984741211
4e2zyVgMh5Jd1YfcwlrK,7,14.4197227,120.9963849,1785075515325,74.0999984741211
4e2zyVgMh5Jd1YfcwlrK,8,14.419819,120.9962829,1785075517325,74.0999984741211
4e2zyVgMh5Jd1YfcwlrK,9,14.4199193,120.9961763,1785075519311,74.0999984741211
4e2zyVgMh5Jd1YfcwlrK,10,14.4200301,120.9960714,1785075521297,74.0999984741211
4e2zyVgMh5Jd1YfcwlrK,11,14.4201436,120.9959579,1785075523320,74.0999984741211
4e2zyVgMh5Jd1YfcwlrK,12,14.4202651,120.9958412,1785075525307,74.0999984741211
4e2zyVgMh5Jd1YfcwlrK,13,14.4203725,120.9957155,1785075527319,74.0999984741211
4e2zyVgMh5Jd1YfcwlrK,14,14.4204568,120.9956089,1785075529307,74.0999984741211
4e2zyVgMh5Jd1YfcwlrK,15,14.4205277,120.9955207,1785075531328,74.0999984741211
4e2zyVgMh5Jd1YfcwlrK,16,14.4205899,120.9954556,1785075533312,74.0999984741211
4e2zyVgMh5Jd1YfcwlrK,17,14.4206394,120.9953992,1785075535302,74.0999984741211
4e2zyVgMh5Jd1YfcwlrK,18,14.4207061,120.9953688,1785075537295,73.80000305175781
4e2zyVgMh5Jd1YfcwlrK,19,14.4207783,120.9954171,1785075539327,73.80000305175781
4e2zyVgMh5Jd1YfcwlrK,20,14.4208602,120.9955369,1785075541344,73.80000305175781
4e2zyVgMh5Jd1YfcwlrK,21,14.4209652,120.995666,1785075543320,73.80000305175781
4e2zyVgMh5Jd1YfcwlrK,22,14.4210705,120.9957747,1785075545313,73.80000305175781
4e2zyVgMh5Jd1YfcwlrK,23,14.4211763,120.9958818,1785075547298,73.80000305175781
4e2zyVgMh5Jd1YfcwlrK,24,14.4212861,120.9960189,1785075549323,73.80000305175781
4e2zyVgMh5Jd1YfcwlrK,25,14.4214098,120.9961586,1785075551303,73.80000305175781
4e2zyVgMh5Jd1YfcwlrK,26,14.4215383,120.9962941,1785075553309,73.80000305175781
4e2zyVgMh5Jd1YfcwlrK,27,14.4216679,120.9964476,1785075555310,73.80000305175781
4e2zyVgMh5Jd1YfcwlrK,28,14.4218022,120.996593,1785075557304,73.80000305175781
4e2zyVgMh5Jd1YfcwlrK,29,14.4219268,120.9967333,1785075559316,73.80000305175781
4e2zyVgMh5Jd1YfcwlrK,30,14.4220467,120.9968637,1785075561298,73.80000305175781
4e2zyVgMh5Jd1YfcwlrK,31,14.4221539,120.9969882,1785075563329,73.80000305175781
4e2zyVgMh5Jd1YfcwlrK,32,14.4222722,120.9971242,1785075565298,73.80000305175781
4e2zyVgMh5Jd1YfcwlrK,33,14.4224061,120.9972647,1785075567320,73.80000305175781
4e2zyVgMh5Jd1YfcwlrK,34,14.4225263,120.997406,1785075569317,73.80000305175781
4e2zyVgMh5Jd1YfcwlrK,35,14.4226405,120.9975382,1785075571309,73.80000305175781
4e2zyVgMh5Jd1YfcwlrK,36,14.4227525,120.9976581,1785075573314,73.80000305175781
4e2zyVgMh5Jd1YfcwlrK,37,14.4228795,120.9977939,1785075575285,73.80000305175781
4e2zyVgMh5Jd1YfcwlrK,38,14.423032,120.997953,1785075577318,73.80000305175781
4e2zyVgMh5Jd1YfcwlrK,39,14.4231625,120.9981071,1785075579320,73.80000305175781
4e2zyVgMh5Jd1YfcwlrK,40,14.4232805,120.9982433,1785075581282,73.80000305175781
4e2zyVgMh5Jd1YfcwlrK,41,14.4233846,120.9983541,1785075583306,73.80000305175781
4e2zyVgMh5Jd1YfcwlrK,42,14.4234899,120.9984661,1785075585318,73.80000305175781
4e2zyVgMh5Jd1YfcwlrK,43,14.4236013,120.9985817,1785075587298,73.80000305175781
4e2zyVgMh5Jd1YfcwlrK,44,14.4237096,120.9987015,1785075589293,73.80000305175781
4e2zyVgMh5Jd1YfcwlrK,45,14.4237957,120.9988086,1785075591277,73.80000305175781
4e2zyVgMh5Jd1YfcwlrK,46,14.4238724,120.9989004,1785075593276,73.80000305175781
4e2zyVgMh5Jd1YfcwlrK,47,14.4239417,120.9989968,1785075595283,73.80000305175781
4e2zyVgMh5Jd1YfcwlrK,48,14.4240186,120.9991207,1785075597307,73.80000305175781
4e2zyVgMh5Jd1YfcwlrK,49,14.4240933,120.9992665,1785075599298,73.80000305175781
4e2zyVgMh5Jd1YfcwlrK,50,14.4241724,120.9993973,1785075601284,73.80000305175781
4e2zyVgMh5Jd1YfcwlrK,51,14.4242308,120.999515,1785075603276,73.80000305175781
4e2zyVgMh5Jd1YfcwlrK,52,14.4243012,120.9996413,1785075605289,73.80000305175781
4e2zyVgMh5Jd1YfcwlrK,53,14.4243936,120.9998177,1785075607310,73.80000305175781
4e2zyVgMh5Jd1YfcwlrK,54,14.4244948,121.000005,1785075609310,73.80000305175781
4e2zyVgMh5Jd1YfcwlrK,55,14.4245838,121.0001805,1785075611277,73.80000305175781
4e2zyVgMh5Jd1YfcwlrK,56,14.4246852,121.0003639,1785075613295,73.80000305175781
4e2zyVgMh5Jd1YfcwlrK,57,14.4247707,121.000554,1785075615307,73.80000305175781
4e2zyVgMh5Jd1YfcwlrK,58,14.4248493,121.0007146,1785075617310,73.80000305175781
4e2zyVgMh5Jd1YfcwlrK,59,14.4249144,121.0008346,1785075619293,73.80000305175781
4e2zyVgMh5Jd1YfcwlrK,60,14.4249785,121.0009423,1785075621312,73.80000305175781
4e2zyVgMh5Jd1YfcwlrK,61,14.4250618,121.0010368,1785075623300,73.80000305175781
4e2zyVgMh5Jd1YfcwlrK,62,14.4251515,121.0011187,1785075625316,79.0
4e2zyVgMh5Jd1YfcwlrK,63,14.4252569,121.0012142,1785075627299,79.0
4e2zyVgMh5Jd1YfcwlrK,64,14.4253698,121.0013178,1785075629311,79.0
4e2zyVgMh5Jd1YfcwlrK,65,14.4255021,121.0014355,1785075631378,81.0
4e2zyVgMh5Jd1YfcwlrK,66,14.4256013,121.0015365,1785075633363,81.0
4e2zyVgMh5Jd1YfcwlrK,67,14.4256959,121.0016325,1785075635357,81.0
4e2zyVgMh5Jd1YfcwlrK,68,14.4258007,121.0017255,1785075637377,80.0
4e2zyVgMh5Jd1YfcwlrK,69,14.4259166,121.0018462,1785075639384,79.0
4e2zyVgMh5Jd1YfcwlrK,70,14.42604,121.0019437,1785075641375,78.0
4e2zyVgMh5Jd1YfcwlrK,71,14.4261675,121.0020092,1785075643358,78.0
4e2zyVgMh5Jd1YfcwlrK,72,14.4263079,121.0020692,1785075645371,78.0
4e2zyVgMh5Jd1YfcwlrK,73,14.4264815,121.0021272,1785075647385,78.0
4e2zyVgMh5Jd1YfcwlrK,74,14.4266493,121.0021768,1785075649368,79.0
4e2zyVgMh5Jd1YfcwlrK,75,14.4268245,121.002229,1785075651372,79.0
4e2zyVgMh5Jd1YfcwlrK,76,14.4269966,121.0022734,1785075653372,79.0
4e2zyVgMh5Jd1YfcwlrK,77,14.4271517,121.0023238,1785075655370,79.0
4e2zyVgMh5Jd1YfcwlrK,78,14.4272674,121.0023602,1785075657348,79.0
4e2zyVgMh5Jd1YfcwlrK,79,14.427411,121.0023989,1785075659353,80.0
4e2zyVgMh5Jd1YfcwlrK,80,14.427569,121.0024529,1785075661375,80.0
4e2zyVgMh5Jd1YfcwlrK,81,14.4277397,121.0025147,1785075663375,80.0
4e2zyVgMh5Jd1YfcwlrK,82,14.4279167,121.002574,1785075665381,80.0
4e2zyVgMh5Jd1YfcwlrK,83,14.428067,121.0026169,1785075667386,81.0
4e2zyVgMh5Jd1YfcwlrK,84,14.4281954,121.0026453,1785075669373,82.0
4e2zyVgMh5Jd1YfcwlrK,85,14.428322,121.0026847,1785075671364,82.0
4e2zyVgMh5Jd1YfcwlrK,86,14.4284474,121.0027324,1785075673366,82.0
4e2zyVgMh5Jd1YfcwlrK,87,14.4285737,121.0027822,1785075675359,80.0
4e2zyVgMh5Jd1YfcwlrK,88,14.4287201,121.0028447,1785075677381,79.0
4e2zyVgMh5Jd1YfcwlrK,89,14.4288682,121.0029054,1785075679366,78.0
4e2zyVgMh5Jd1YfcwlrK,90,14.4290127,121.0029745,1785075681353,78.0
4e2zyVgMh5Jd1YfcwlrK,91,14.4291604,121.0030526,1785075683409,77.0
4e2zyVgMh5Jd1YfcwlrK,92,14.4293013,121.0031243,1785075685343,77.0
4e2zyVgMh5Jd1YfcwlrK,93,14.4294325,121.0031907,1785075687342,77.0
4e2zyVgMh5Jd1YfcwlrK,94,14.429531,121.003231,1785075689357,76.0
4e2zyVgMh5Jd1YfcwlrK,95,14.4296107,121.0032652,1785075691356,76.0
4e2zyVgMh5Jd1YfcwlrK,96,14.4296857,121.0033038,1785075693354,76.0
4e2zyVgMh5Jd1YfcwlrK,97,14.4297674,121.0033348,1785075695355,76.80000305175781
4e2zyVgMh5Jd1YfcwlrK,98,14.4298711,121.0033865,1785075697347,76.80000305175781
4e2zyVgMh5Jd1YfcwlrK,99,14.429998,121.0034412,1785075699348,76.80000305175781
4e2zyVgMh5Jd1YfcwlrK,100,14.4301495,121.0035125,1785075701375,76.80000305175781
4e2zyVgMh5Jd1YfcwlrK,101,14.4303118,121.0035922,1785075703346,76.80000305175781
4e2zyVgMh5Jd1YfcwlrK,102,14.4304623,121.0036628,1785075705351,76.80000305175781
4e2zyVgMh5Jd1YfcwlrK,103,14.4306054,121.0037348,1785075707383,76.80000305175781
4e2zyVgMh5Jd1YfcwlrK,104,14.4307452,121.0038084,1785075709363,76.80000305175781
4e2zyVgMh5Jd1YfcwlrK,105,14.4308829,121.0038787,1785075711361,76.80000305175781
4e2zyVgMh5Jd1YfcwlrK,106,14.4310089,121.0039386,1785075713380,76.80000305175781
4e2zyVgMh5Jd1YfcwlrK,107,14.4311211,121.0039982,1785075715384,76.80000305175781
4e2zyVgMh5Jd1YfcwlrK,108,14.4312319,121.004054,1785075717372,76.80000305175781
4e2zyVgMh5Jd1YfcwlrK,109,14.4313289,121.0041011,1785075719361,76.80000305175781
4e2zyVgMh5Jd1YfcwlrK,110,14.4314237,121.004153,1785075721358,76.80000305175781
4e2zyVgMh5Jd1YfcwlrK,111,14.4315238,121.0042019,1785075723366,76.80000305175781
4e2zyVgMh5Jd1YfcwlrK,112,14.4316485,121.0042639,1785075725362,76.80000305175781
4e2zyVgMh5Jd1YfcwlrK,113,14.431796,121.0043338,1785075727355,76.80000305175781
4e2zyVgMh5Jd1YfcwlrK,114,14.4319316,121.0043963,1785075729339,76.80000305175781
4e2zyVgMh5Jd1YfcwlrK,115,14.4320728,121.0044683,1785075731344,76.80000305175781
4e2zyVgMh5Jd1YfcwlrK,116,14.4321974,121.0045283,1785075733342,76.80000305175781
4e2zyVgMh5Jd1YfcwlrK,117,14.4323176,121.0045837,1785075735361,76.80000305175781
4e2zyVgMh5Jd1YfcwlrK,118,14.4324542,121.0046452,1785075737349,76.80000305175781
4e2zyVgMh5Jd1YfcwlrK,119,14.4325763,121.0046943,1785075739392,76.80000305175781
4e2zyVgMh5Jd1YfcwlrK,120,14.4327041,121.0047538,1785075741361,76.80000305175781
4e2zyVgMh5Jd1YfcwlrK,121,14.4328597,121.0048335,1785075743359,76.80000305175781
4e2zyVgMh5Jd1YfcwlrK,122,14.4330212,121.0049129,1785075745366,76.80000305175781
4e2zyVgMh5Jd1YfcwlrK,123,14.4331541,121.0049791,1785075747394,76.80000305175781
4e2zyVgMh5Jd1YfcwlrK,124,14.4333196,121.0050527,1785075749354,76.80000305175781
4e2zyVgMh5Jd1YfcwlrK,125,14.433468,121.0051189,1785075751347,76.80000305175781
4e2zyVgMh5Jd1YfcwlrK,126,14.4335998,121.0051774,1785075753360,76.80000305175781
4e2zyVgMh5Jd1YfcwlrK,127,14.4337159,121.0052328,1785075755372,76.80000305175781
4e2zyVgMh5Jd1YfcwlrK,128,14.4338182,121.005265,1785075757365,76.80000305175781
4e2zyVgMh5Jd1YfcwlrK,129,14.4339455,121.0053273,1785075759378,76.80000305175781
4e2zyVgMh5Jd1YfcwlrK,130,14.4341019,121.0054025,1785075761373,76.80000305175781
4e2zyVgMh5Jd1YfcwlrK,131,14.4342704,121.0054972,1785075763392,76.80000305175781
4e2zyVgMh5Jd1YfcwlrK,132,14.4344826,121.0055863,1785075765402,76.80000305175781
4e2zyVgMh5Jd1YfcwlrK,133,14.4346833,121.0056909,1785075767348,76.80000305175781
4e2zyVgMh5Jd1YfcwlrK,134,14.4348441,121.0057939,1785075769342,76.80000305175781
4e2zyVgMh5Jd1YfcwlrK,135,14.4349704,121.0058593,1785075771352,76.80000305175781
4e2zyVgMh5Jd1YfcwlrK,136,14.4350949,121.005938,1785075773347,76.80000305175781
4e2zyVgMh5Jd1YfcwlrK,137,14.4352228,121.0060292,1785075775395,76.80000305175781
4e2zyVgMh5Jd1YfcwlrK,138,14.4353661,121.0061395,1785075777397,76.80000305175781
4e2zyVgMh5Jd1YfcwlrK,139,14.4354942,121.0062217,1785075779372,76.80000305175781
4e2zyVgMh5Jd1YfcwlrK,140,14.4356145,121.0062886,1785075781341,76.80000305175781
4e2zyVgMh5Jd1YfcwlrK,141,14.435746,121.006359,1785075783356,76.80000305175781
4e2zyVgMh5Jd1YfcwlrK,142,14.4358436,121.0064369,1785075785391,46.0
4e2zyVgMh5Jd1YfcwlrK,143,14.4359519,121.0065302,1785075787379,41.0
4e2zyVgMh5Jd1YfcwlrK,144,14.4360823,121.0066389,1785075789337,34.0
4e2zyVgMh5Jd1YfcwlrK,145,14.4361712,121.0067253,1785075791342,25.0
4e2zyVgMh5Jd1YfcwlrK,146,14.4362385,121.0067856,1785075793358,17.0
4e2zyVgMh5Jd1YfcwlrK,147,14.436349,121.0068377,1785075795384,14.0
4e2zyVgMh5Jd1YfcwlrK,148,14.4364288,121.0069025,1785075797333,8.0
4e2zyVgMh5Jd1YfcwlrK,149,14.4364674,121.0069368,1785075799241,5.0
4e2zyVgMh5Jd1YfcwlrK,150,14.4364409,121.0069859,1785075801120,-1.0
4e2zyVgMh5Jd1YfcwlrK,151,14.4363934,121.007069,1785075803352,-8.0
4e2zyVgMh5Jd1YfcwlrK,152,14.4363085,121.0072096,1785075805364,69.69999694824219
4e2zyVgMh5Jd1YfcwlrK,153,14.4362069,121.0073708,1785075807342,69.69999694824219
4e2zyVgMh5Jd1YfcwlrK,154,14.4361036,121.0075447,1785075809374,69.69999694824219
4e2zyVgMh5Jd1YfcwlrK,155,14.4359769,121.0077295,1785075811377,69.69999694824219
4e2zyVgMh5Jd1YfcwlrK,156,14.4358542,121.0079259,1785075813376,69.69999694824219
4e2zyVgMh5Jd1YfcwlrK,157,14.4357105,121.0081563,1785075815356,69.69999694824219
4e2zyVgMh5Jd1YfcwlrK,158,14.435568,121.0084186,1785075817369,69.69999694824219
4e2zyVgMh5Jd1YfcwlrK,159,14.435435,121.0086596,1785075819388,69.69999694824219
4e2zyVgMh5Jd1YfcwlrK,160,14.4353269,121.0088715,1785075821366,69.69999694824219
4e2zyVgMh5Jd1YfcwlrK,161,14.4352185,121.0090721,1785075823354,69.69999694824219
4e2zyVgMh5Jd1YfcwlrK,162,14.4351164,121.0092596,1785075825361,69.69999694824219
4e2zyVgMh5Jd1YfcwlrK,163,14.4350235,121.0094265,1785075827338,69.69999694824219
4e2zyVgMh5Jd1YfcwlrK,164,14.4349184,121.009599,1785075829381,69.69999694824219
4e2zyVgMh5Jd1YfcwlrK,165,14.4348215,121.0097595,1785075831350,69.69999694824219
4e2zyVgMh5Jd1YfcwlrK,166,14.4346817,121.0099464,1785075833376,69.69999694824219
4e2zyVgMh5Jd1YfcwlrK,167,14.4345723,121.0101466,1785075835354,69.69999694824219
4e2zyVgMh5Jd1YfcwlrK,168,14.4344742,121.0103575,1785075837366,69.69999694824219
4e2zyVgMh5Jd1YfcwlrK,169,14.4343793,121.0105492,1785075839368,69.69999694824219
4e2zyVgMh5Jd1YfcwlrK,170,14.4342815,121.0107418,1785075841351,69.69999694824219
4e2zyVgMh5Jd1YfcwlrK,171,14.4341904,121.0109304,1785075843376,69.69999694824219
4e2zyVgMh5Jd1YfcwlrK,172,14.4340989,121.0111017,1785075845380,69.69999694824219
4e2zyVgMh5Jd1YfcwlrK,173,14.433982,121.0112883,1785075847338,69.69999694824219
4e2zyVgMh5Jd1YfcwlrK,174,14.4338572,121.0114854,1785075849384,69.69999694824219
4e2zyVgMh5Jd1YfcwlrK,175,14.4337209,121.0116875,1785075851350,69.69999694824219
4e2zyVgMh5Jd1YfcwlrK,176,14.4335784,121.0118864,1785075853361,69.69999694824219
4e2zyVgMh5Jd1YfcwlrK,177,14.4334466,121.0120756,1785075855360,69.69999694824219
4e2zyVgMh5Jd1YfcwlrK,178,14.4333261,121.0122437,1785075857351,69.69999694824219
4e2zyVgMh5Jd1YfcwlrK,179,14.4332193,121.0123898,1785075859375,69.69999694824219
4e2zyVgMh5Jd1YfcwlrK,180,14.4331269,121.0125043,1785075861362,69.69999694824219
4e2zyVgMh5Jd1YfcwlrK,181,14.4330589,121.0125877,1785075863374,69.69999694824219
4e2zyVgMh5Jd1YfcwlrK,182,14.4330069,121.0126534,1785075865342,69.69999694824219
4e2zyVgMh5Jd1YfcwlrK,183,14.4329706,121.0127049,1785075867382,69.69999694824219
4e2zyVgMh5Jd1YfcwlrK,184,14.4329548,121.0127542,1785075869363,69.69999694824219
4e2zyVgMh5Jd1YfcwlrK,185,14.4329495,121.0127907,1785075871359,69.69999694824219
4e2zyVgMh5Jd1YfcwlrK,186,14.4329392,121.0128343,1785075873381,69.69999694824219
4e2zyVgMh5Jd1YfcwlrK,187,14.4332139,121.0129339,1785075875322,69.69999694824219
4e2zyVgMh5Jd1YfcwlrK,188,14.4331238,121.0130081,1785075877301,69.69999694824219
4e2zyVgMh5Jd1YfcwlrK,189,14.4330453,121.0130844,1785075879306,69.69999694824219
4e2zyVgMh5Jd1YfcwlrK,190,14.4329236,121.0131832,1785075881314,69.69999694824219
4e2zyVgMh5Jd1YfcwlrK,191,14.4327906,121.0133097,1785075883315,69.69999694824219
4e2zyVgMh5Jd1YfcwlrK,192,14.4326771,121.0134148,1785075885276,69.69999694824219
4e2zyVgMh5Jd1YfcwlrK,193,14.4325849,121.0135071,1785075887298,69.69999694824219
4e2zyVgMh5Jd1YfcwlrK,194,14.4325165,121.0135821,1785075889296,69.69999694824219
4e2zyVgMh5Jd1YfcwlrK,195,14.4324527,121.0136478,1785075891298,69.69999694824219
4e2zyVgMh5Jd1YfcwlrK,196,14.4323423,121.0137314,1785075893303,79.0
4e2zyVgMh5Jd1YfcwlrK,197,14.4322277,121.013831,1785075895309,78.0
4e2zyVgMh5Jd1YfcwlrK,198,14.4321044,121.0139428,1785075897300,77.0
4e2zyVgMh5Jd1YfcwlrK,199,14.4319847,121.0140444,1785075899275,78.0
4e2zyVgMh5Jd1YfcwlrK,200,14.4319064,121.0141211,1785075901299,78.0
4e2zyVgMh5Jd1YfcwlrK,201,14.4318599,121.0141642,1785075903300,79.0
4e2zyVgMh5Jd1YfcwlrK,202,14.4318203,121.0141743,1785075905306,79.0
4e2zyVgMh5Jd1YfcwlrK,203,14.4317855,121.0141406,1785075907299,75.0
4e2zyVgMh5Jd1YfcwlrK,204,14.4317381,121.0140927,1785075909301,75.0
4e2zyVgMh5Jd1YfcwlrK,205,14.4316862,121.0140339,1785075911285,75.0
4e2zyVgMh5Jd1YfcwlrK,206,14.4316375,121.0139702,1785075913248,75.0
4e2zyVgMh5Jd1YfcwlrK,207,14.4315843,121.0139155,1785075915309,75.0
4e2zyVgMh5Jd1YfcwlrK,208,14.4315431,121.0138817,1785075917289,75.0
4e2zyVgMh5Jd1YfcwlrK,209,14.4314799,121.0138428,1785075919300,75.0
4e2zyVgMh5Jd1YfcwlrK,210,14.4314091,121.0138165,1785075921231,75.0
4e2zyVgMh5Jd1YfcwlrK,211,14.4313409,121.013798,1785075923251,75.0
4e2zyVgMh5Jd1YfcwlrK,212,14.431225,121.0137295,1785075925310,75.0
4e2zyVgMh5Jd1YfcwlrK,213,14.4310948,121.0136509,1785075927287,75.0
4e2zyVgMh5Jd1YfcwlrK,214,14.4309888,121.0135833,1785075929311,75.0
4e2zyVgMh5Jd1YfcwlrK,215,14.4308924,121.0135387,1785075931300,75.0
4e2zyVgMh5Jd1YfcwlrK,216,14.4308041,121.0135005,1785075933305,75.0
4e2zyVgMh5Jd1YfcwlrK,217,14.4307252,121.0134548,1785075935282,75.0
4e2zyVgMh5Jd1YfcwlrK,218,14.4306572,121.0134275,1785075937312,75.0
4e2zyVgMh5Jd1YfcwlrK,219,14.4305875,121.0133865,1785075939300,75.0
4e2zyVgMh5Jd1YfcwlrK,220,14.4305154,121.013338,1785075941299,75.0
4e2zyVgMh5Jd1YfcwlrK,221,14.4304638,121.0133084,1785075943283,75.0
4e2zyVgMh5Jd1YfcwlrK,222,14.4303952,121.0132696,1785075945273,75.0
4e2zyVgMh5Jd1YfcwlrK,223,14.4303449,121.013239,1785075947315,75.0
4e2zyVgMh5Jd1YfcwlrK,224,14.4303222,121.0132194,1785075949315,75.0
5mWNb17qt9d95ot1oHVZ,0,14.4282772,121.0125932,1785076720286,78.69999694824219
5mWNb17qt9d95ot1oHVZ,1,14.4282601,121.0125862,1785076731287,78.30000305175781
5mWNb17qt9d95ot1oHVZ,2,14.4282347,121.0126127,1785076733295,78.30000305175781
5mWNb17qt9d95ot1oHVZ,3,14.428214,121.0126821,1785076735296,78.30000305175781
5mWNb17qt9d95ot1oHVZ,4,14.4281644,121.0128163,1785076737283,78.30000305175781
5mWNb17qt9d95ot1oHVZ,5,14.4281229,121.0129425,1785076739274,78.30000305175781
5mWNb17qt9d95ot1oHVZ,6,14.4280883,121.0130306,1785076741314,78.30000305175781
5mWNb17qt9d95ot1oHVZ,7,14.4280782,121.0131109,1785076743303,78.30000305175781
5mWNb17qt9d95ot1oHVZ,8,14.4280727,121.0131422,1785076745302,78.30000305175781
5mWNb17qt9d95ot1oHVZ,9,14.4280917,121.0131552,1785076747304,79.5999984741211
5mWNb17qt9d95ot1oHVZ,10,14.4281348,121.0131525,1785076749299,79.5999984741211
5mWNb17qt9d95ot1oHVZ,11,14.4282259,121.0131216,1785076751279,79.5999984741211
5mWNb17qt9d95ot1oHVZ,12,14.4283469,121.0130827,1785076753305,79.5999984741211
5mWNb17qt9d95ot1oHVZ,13,14.4284745,121.0130547,1785076755337,79.5999984741211
5mWNb17qt9d95ot1oHVZ,14,14.4286296,121.0130459,1785076757281,79.5999984741211
5mWNb17qt9d95ot1oHVZ,15,14.4288033,121.0130466,1785076759273,79.5999984741211
5mWNb17qt9d95ot1oHVZ,16,14.4289928,121.0130263,1785076761311,79.5999984741211
5mWNb17qt9d95ot1oHVZ,17,14.4291748,121.0130208,1785076763311,79.5999984741211
5mWNb17qt9d95ot1oHVZ,18,14.4293628,121.0129971,1785076765341,79.5999984741211
5mWNb17qt9d95ot1oHVZ,19,14.4295321,121.0129832,1785076767319,79.5999984741211
5mWNb17qt9d95ot1oHVZ,20,14.4296712,121.0129781,1785076769344,79.5999984741211
5mWNb17qt9d95ot1oHVZ,21,14.4298054,121.0130194,1785076771346,79.5999984741211
5mWNb17qt9d95ot1oHVZ,22,14.4299406,121.0130891,1785076773275,79.5999984741211
5mWNb17qt9d95ot1oHVZ,23,14.4300848,121.0131553,1785076775268,79.5999984741211
5mWNb17qt9d95ot1oHVZ,24,14.4302431,121.0132295,1785076777326,79.5999984741211
5mWNb17qt9d95ot1oHVZ,25,14.4304357,121.0133084,1785076779285,79.5999984741211
5mWNb17qt9d95ot1oHVZ,26,14.4306381,121.013415,1785076781349,79.5999984741211
5mWNb17qt9d95ot1oHVZ,27,14.4308305,121.0135181,1785076783318,79.5999984741211
5mWNb17qt9d95ot1oHVZ,28,14.4310046,121.0136159,1785076785306,79.5999984741211
5mWNb17qt9d95ot1oHVZ,29,14.4311515,121.0137056,1785076787350,79.5999984741211
5mWNb17qt9d95ot1oHVZ,30,14.4312405,121.0137548,1785076789345,79.5999984741211
5mWNb17qt9d95ot1oHVZ,31,14.4313257,121.0138003,1785076791294,79.5999984741211
5mWNb17qt9d95ot1oHVZ,32,14.4314375,121.0138607,1785076793328,79.5999984741211
5mWNb17qt9d95ot1oHVZ,33,14.4315596,121.0139394,1785076795358,79.5999984741211
5mWNb17qt9d95ot1oHVZ,34,14.4316584,121.0140149,1785076797313,79.5999984741211
5mWNb17qt9d95ot1oHVZ,35,14.4317325,121.0140915,1785076799334,79.5999984741211
5mWNb17qt9d95ot1oHVZ,36,14.4317879,121.0141496,1785076801320,79.5999984741211
5mWNb17qt9d95ot1oHVZ,37,14.4318128,121.0141901,1785076803321,79.5999984741211
5mWNb17qt9d95ot1oHVZ,38,14.431838,121.0142204,1785076805323,79.5999984741211
5mWNb17qt9d95ot1oHVZ,39,14.4318708,121.0142215,1785076807295,79.5999984741211
5mWNb17qt9d95ot1oHVZ,40,14.4319103,121.0141977,1785076809328,79.5999984741211
5mWNb17qt9d95ot1oHVZ,41,14.4319678,121.0141419,1785076811327,79.5999984741211
5mWNb17qt9d95ot1oHVZ,42,14.4320628,121.0140434,1785076813328,79.5999984741211
5mWNb17qt9d95ot1oHVZ,43,14.4321929,121.0139327,1785076815304,79.5999984741211
5mWNb17qt9d95ot1oHVZ,44,14.4323255,121.013809,1785076817343,79.5999984741211
5mWNb17qt9d95ot1oHVZ,45,14.4324489,121.0136991,1785076819325,79.5999984741211
5mWNb17qt9d95ot1oHVZ,46,14.4325735,121.0135884,1785076821334,79.5999984741211
5mWNb17qt9d95ot1oHVZ,47,14.4327025,121.0134812,1785076823335,79.5999984741211
5mWNb17qt9d95ot1oHVZ,48,14.4328363,121.0133501,1785076825294,79.5999984741211
5mWNb17qt9d95ot1oHVZ,49,14.4329671,121.0132281,1785076827289,79.5999984741211
5mWNb17qt9d95ot1oHVZ,50,14.4330726,121.013116,1785076829323,79.5999984741211
5mWNb17qt9d95ot1oHVZ,51,14.4331954,121.0130026,1785076831316,79.5999984741211
5mWNb17qt9d95ot1oHVZ,52,14.4333292,121.0128762,1785076833324,79.5999984741211
5mWNb17qt9d95ot1oHVZ,53,14.4334395,121.0127579,1785076835336,78.0
5mWNb17qt9d95ot1oHVZ,54,14.433551,121.0126345,1785076837336,79.0
5mWNb17qt9d95ot1oHVZ,55,14.433677,121.0124905,1785076839342,80.0
5mWNb17qt9d95ot1oHVZ,56,14.4338024,121.0123176,1785076841318,79.0
5mWNb17qt9d95ot1oHVZ,57,14.4339055,121.0121505,1785076843332,79.0
5mWNb17qt9d95ot1oHVZ,58,14.4340133,121.0119947,1785076845315,79.0
5mWNb17qt9d95ot1oHVZ,59,14.4341212,121.0118272,1785076847338,79.0
5mWNb17qt9d95ot1oHVZ,60,14.434239,121.0116481,1785076849336,77.0
5mWNb17qt9d95ot1oHVZ,61,14.4343718,121.0114509,1785076851320,78.0
5mWNb17qt9d95ot1oHVZ,62,14.4344832,121.0112647,1785076853321,78.0
5mWNb17qt9d95ot1oHVZ,63,14.4345933,121.011084,1785076855353,77.0
5mWNb17qt9d95ot1oHVZ,64,14.4346823,121.0109084,1785076857315,78.0
5mWNb17qt9d95ot1oHVZ,65,14.4347792,121.0107287,1785076859343,77.0
5mWNb17qt9d95ot1oHVZ,66,14.4348869,121.0105427,1785076861322,77.0
5mWNb17qt9d95ot1oHVZ,67,14.4349708,121.0103736,1785076863310,78.0
5mWNb17qt9d95ot1oHVZ,68,14.4350655,121.0101742,1785076865297,77.0
5mWNb17qt9d95ot1oHVZ,69,14.4352065,121.0099395,1785076867313,77.0
5mWNb17qt9d95ot1oHVZ,70,14.4353424,121.0096916,1785076869326,76.0
5mWNb17qt9d95ot1oHVZ,71,14.4354672,121.0094757,1785076871331,76.0
5mWNb17qt9d95ot1oHVZ,72,14.4355825,121.0092658,1785076873334,75.0
5mWNb17qt9d95ot1oHVZ,73,14.4356937,121.0090598,1785076875336,74.0
5mWNb17qt9d95ot1oHVZ,74,14.4357962,121.0088665,1785076877333,75.0
5mWNb17qt9d95ot1oHVZ,75,14.4358966,121.0086849,1785076879285,74.0
5mWNb17qt9d95ot1oHVZ,76,14.4359896,121.0085069,1785076881332,74.0
5mWNb17qt9d95ot1oHVZ,77,14.436066,121.0083589,1785076883324,74.0
5mWNb17qt9d95ot1oHVZ,78,14.4361364,121.0082255,1785076885348,74.0
5mWNb17qt9d95ot1oHVZ,79,14.4361922,121.0081175,1785076887335,73.0
5mWNb17qt9d95ot1oHVZ,80,14.4362466,121.0080059,1785076889355,73.0
5mWNb17qt9d95ot1oHVZ,81,14.4362983,121.0079132,1785076891329,73.0
5mWNb17qt9d95ot1oHVZ,82,14.4363402,121.0078469,1785076893319,73.0
5mWNb17qt9d95ot1oHVZ,83,14.4363713,121.0077862,1785076895336,73.0
5mWNb17qt9d95ot1oHVZ,84,14.4363944,121.0077399,1785076897312,74.0
5mWNb17qt9d95ot1oHVZ,85,14.4364209,121.0077012,1785076899296,74.0
5mWNb17qt9d95ot1oHVZ,86,14.4364565,121.0076055,1785076901301,75.0
5mWNb17qt9d95ot1oHVZ,87,14.4364906,121.00753,1785076903273,75.0
5mWNb17qt9d95ot1oHVZ,88,14.4364989,121.007485,1785076905309,74.0
5mWNb17qt9d95ot1oHVZ,89,14.4365012,121.0074543,1785076907352,74.0
5mWNb17qt9d95ot1oHVZ,90,14.4365044,121.0074276,1785076909273,70.0
5mWNb17qt9d95ot1oHVZ,91,14.4365134,121.0073962,1785076911270,70.0
5mWNb17qt9d95ot1oHVZ,92,14.4365699,121.0073462,1785076913288,70.0
5mWNb17qt9d95ot1oHVZ,93,14.4366299,121.0072651,1785076915326,70.0
5mWNb17qt9d95ot1oHVZ,94,14.4366757,121.0071962,1785076917306,70.0
5mWNb17qt9d95ot1oHVZ,95,14.4367256,121.0070943,1785076919343,70.0
5mWNb17qt9d95ot1oHVZ,96,14.436783,121.0069842,1785076921318,69.9000015258789
5mWNb17qt9d95ot1oHVZ,97,14.436854,121.0068572,1785076923283,69.9000015258789
5mWNb17qt9d95ot1oHVZ,98,14.4369235,121.0067264,1785076925283,69.9000015258789
5mWNb17qt9d95ot1oHVZ,99,14.437007,121.006574,1785076927284,69.9000015258789
5mWNb17qt9d95ot1oHVZ,100,14.4370804,121.0064392,1785076929303,69.9000015258789
5mWNb17qt9d95ot1oHVZ,101,14.4371324,121.0063202,1785076931300,69.9000015258789
5mWNb17qt9d95ot1oHVZ,102,14.4371847,121.0062297,1785076933272,69.9000015258789
5mWNb17qt9d95ot1oHVZ,103,14.4372297,121.0061579,1785076935306,69.9000015258789
5mWNb17qt9d95ot1oHVZ,104,14.4372327,121.0061009,1785076937339,69.9000015258789
5mWNb17qt9d95ot1oHVZ,105,14.4372388,121.0060807,1785076939312,69.9000015258789
5mWNb17qt9d95ot1oHVZ,106,14.4372539,121.0060572,1785076941328,69.9000015258789
5mWNb17qt9d95ot1oHVZ,107,14.4372369,121.0060464,1785076943625,69.9000015258789
5mWNb17qt9d95ot1oHVZ,108,14.4372175,121.0060497,1785076945920,69.5
5mWNb17qt9d95ot1oHVZ,109,14.4371944,121.0060624,1785076948223,69.5
5mWNb17qt9d95ot1oHVZ,110,14.4371715,121.0060777,1785076950280,69.5
5mWNb17qt9d95ot1oHVZ,111,14.4371535,121.0060906,1785076953330,69.5
5mWNb17qt9d95ot1oHVZ,112,14.4371325,121.0060859,1785076956320,69.5
5mWNb17qt9d95ot1oHVZ,113,14.4371432,121.0061019,1785076964330,69.5
5mWNb17qt9d95ot1oHVZ,114,14.4371634,121.0061082,1785076967303,69.5
5mWNb17qt9d95ot1oHVZ,115,14.4371795,121.0060961,1785076972359,69.19999694824219
5mWNb17qt9d95ot1oHVZ,116,14.4371981,121.0060877,1785076979286,69.19999694824219
5mWNb17qt9d95ot1oHVZ,117,14.4371983,121.0060675,1785076985306,68.80000305175781
5mWNb17qt9d95ot1oHVZ,118,14.4371728,121.0060588,1785076988314,68.80000305175781
5mWNb17qt9d95ot1oHVZ,119,14.4371588,121.0060579,1785076989277,68.80000305175781
5mWNb17qt9d95ot1oHVZ,120,14.4370772,121.0060604,1785076997855,69.30000305175781
5mWNb17qt9d95ot1oHVZ,121,14.4370789,121.0060538,1785077006775,69.30000305175781
5mWNb17qt9d95ot1oHVZ,122,14.437075,121.0061032,1785077012671,69.30000305175781
5mWNb17qt9d95ot1oHVZ,123,14.4370646,121.0060955,1785077021460,69.30000305175781
5mWNb17qt9d95ot1oHVZ,124,14.4370765,121.006104,1785077025392,69.30000305175781
5mWNb17qt9d95ot1oHVZ,125,14.4370759,121.0060989,1785077035259,69.30000305175781
5mWNb17qt9d95ot1oHVZ,126,14.4370788,121.0061061,1785077042410,69.30000305175781
5mWNb17qt9d95ot1oHVZ,127,14.4370661,121.0060913,1785077051261,69.30000305175781
5mWNb17qt9d95ot1oHVZ,128,14.4370896,121.0060903,1785077060120,69.30000305175781
5mWNb17qt9d95ot1oHVZ,129,14.4370716,121.0060973,1785077068900,69.30000305175781
5mWNb17qt9d95ot1oHVZ,130,14.4370724,121.0060892,1785077077692,69.30000305175781
5mWNb17qt9d95ot1oHVZ,131,14.437068,121.0060978,1785077082497,69.30000305175781
5mWNb17qt9d95ot1oHVZ,132,14.4370734,121.0060998,1785077091618,69.30000305175781
5mWNb17qt9d95ot1oHVZ,133,14.4370753,121.0061042,1785077100458,69.30000305175781
5mWNb17qt9d95ot1oHVZ,134,14.4370769,121.0060962,1785077109337,69.30000305175781
5mWNb17qt9d95ot1oHVZ,135,14.4370821,121.0060807,1785077118161,69.30000305175781
5mWNb17qt9d95ot1oHVZ,136,14.4370958,121.0060813,1785077126973,69.30000305175781
5mWNb17qt9d95ot1oHVZ,137,14.4370738,121.0060962,1785077135704,69.30000305175781
5mWNb17qt9d95ot1oHVZ,138,14.4370737,121.006085,1785077144496,69.30000305175781
5mWNb17qt9d95ot1oHVZ,139,14.4370699,121.0060916,1785077153309,69.30000305175781
5mWNb17qt9d95ot1oHVZ,140,14.4370807,121.0060949,1785077162179,69.30000305175781
5mWNb17qt9d95ot1oHVZ,141,14.4370707,121.0060962,1785077165938,69.30000305175781
5mWNb17qt9d95ot1oHVZ,142,14.4370752,121.0061004,1785077176027,69.30000305175781
5mWNb17qt9d95ot1oHVZ,143,14.4370803,121.0061005,1785077184782,69.30000305175781
5mWNb17qt9d95ot1oHVZ,144,14.4370751,121.0060948,1785077193566,69.30000305175781
5mWNb17qt9d95ot1oHVZ,145,14.4370765,121.0061004,1785077202337,69.30000305175781
5mWNb17qt9d95ot1oHVZ,146,14.4370717,121.0060978,1785077211137,69.30000305175781
5mWNb17qt9d95ot1oHVZ,147,14.4371076,121.0060645,1785077215569,69.30000305175781
5mWNb17qt9d95ot1oHVZ,148,14.4370763,121.0061012,1785077224980,69.30000305175781
5mWNb17qt9d95ot1oHVZ,149,14.4370767,121.006105,1785077233893,69.30000305175781
5mWNb17qt9d95ot1oHVZ,150,14.4370757,121.0061048,1785077242800,69.30000305175781
5mWNb17qt9d95ot1oHVZ,151,14.4370778,121.0060993,1785077251542,69.30000305175781
5mWNb17qt9d95ot1oHVZ,152,14.4370808,121.0061056,1785077260347,69.30000305175781
5mWNb17qt9d95ot1oHVZ,153,14.4370773,121.0061045,1785077269132,69.30000305175781
5mWNb17qt9d95ot1oHVZ,154,14.4370796,121.0061038,1785077277907,69.30000305175781
5mWNb17qt9d95ot1oHVZ,155,14.4370693,121.0061019,1785077286711,69.30000305175781
5mWNb17qt9d95ot1oHVZ,156,14.4370796,121.006108,1785077295497,69.30000305175781
5mWNb17qt9d95ot1oHVZ,157,14.4370847,121.0060939,1785077304282,69.30000305175781
5mWNb17qt9d95ot1oHVZ,158,14.4370785,121.0061019,1785077313046,69.30000305175781
5mWNb17qt9d95ot1oHVZ,159,14.4370804,121.0060965,1785077321838,69.30000305175781
5mWNb17qt9d95ot1oHVZ,160,14.4370781,121.0061037,1785077325635,69.30000305175781
5mWNb17qt9d95ot1oHVZ,161,14.4370831,121.0061052,1785077335623,69.30000305175781
5mWNb17qt9d95ot1oHVZ,162,14.4370862,121.0060971,1785077344402,69.30000305175781
5mWNb17qt9d95ot1oHVZ,163,14.437078,121.0060975,1785077353315,69.30000305175781
5mWNb17qt9d95ot1oHVZ,164,14.4370765,121.0061099,1785077362044,69.30000305175781
5mWNb17qt9d95ot1oHVZ,165,14.4370755,121.0061078,1785077370778,69.30000305175781
5mWNb17qt9d95ot1oHVZ,166,14.4370776,121.0061,1785077379519,69.30000305175781
5mWNb17qt9d95ot1oHVZ,167,14.4370783,121.0061037,1785077390520,69.30000305175781
5mWNb17qt9d95ot1oHVZ,168,14.4370775,121.0061024,1785077397056,69.30000305175781
5mWNb17qt9d95ot1oHVZ,169,14.4370909,121.0061014,1785077416441,69.30000305175781
5mWNb17qt9d95ot1oHVZ,170,14.4370897,121.0061016,1785077422061,69.30000305175781
5mWNb17qt9d95ot1oHVZ,171,14.4370914,121.0061021,1785077423490,69.30000305175781
5mWNb17qt9d95ot1oHVZ,172,14.4370906,121.0061044,1785077432280,69.30000305175781
5mWNb17qt9d95ot1oHVZ,173,14.4370894,121.0061025,1785077441011,69.30000305175781
5mWNb17qt9d95ot1oHVZ,174,14.4370898,121.0061014,1785077449853,69.30000305175781
5mWNb17qt9d95ot1oHVZ,175,14.4370887,121.0060908,1785077458503,69.30000305175781
5mWNb17qt9d95ot1oHVZ,176,14.4370901,121.0060881,1785077467228,69.30000305175781
5mWNb17qt9d95ot1oHVZ,177,14.4370908,121.0060881,1785077476040,69.30000305175781
5mWNb17qt9d95ot1oHVZ,178,14.4370892,121.006088,1785077484906,69.30000305175781
5mWNb17qt9d95ot1oHVZ,179,14.4370893,121.0060883,1785077493725,69.30000305175781
5mWNb17qt9d95ot1oHVZ,180,14.4370884,121.0060896,1785077502221,69.30000305175781
5mWNb17qt9d95ot1oHVZ,181,14.4370879,121.0060907,1785077510564,69.30000305175781
5mWNb17qt9d95ot1oHVZ,182,14.4370871,121.0060918,1785077516010,69.30000305175781
5mWNb17qt9d95ot1oHVZ,183,14.4370853,121.0060923,1785077524536,69.30000305175781
5mWNb17qt9d95ot1oHVZ,184,14.4370856,121.0060922,1785077531805,69.30000305175781
5mWNb17qt9d95ot1oHVZ,185,14.4370731,121.0060637,1785077542169,69.30000305175781
5mWNb17qt9d95ot1oHVZ,186,14.4372519,121.0061789,1785077544275,69.30000305175781
5mWNb17qt9d95ot1oHVZ,187,14.4372304,121.0061549,1785077546288,69.30000305175781
5mWNb17qt9d95ot1oHVZ,188,14.4372114,121.0061593,1785077552286,69.30000305175781
5mWNb17qt9d95ot1oHVZ,189,14.437192,121.0061523,1785077558281,69.30000305175781
5mWNb17qt9d95ot1oHVZ,190,14.4371723,121.0061455,1785077562292,69.30000305175781
5mWNb17qt9d95ot1oHVZ,191,14.4371817,121.006129,1785077572318,69.30000305175781
5mWNb17qt9d95ot1oHVZ,192,14.4371808,121.0061099,1785077584308,69.30000305175781
5mWNb17qt9d95ot1oHVZ,193,14.4371729,121.0060918,1785077615268,69.30000305175781
5mWNb17qt9d95ot1oHVZ,194,14.4371629,121.0060744,1785077626319,69.19999694824219
5mWNb17qt9d95ot1oHVZ,195,14.4371491,121.0060873,1785077649326,69.30000305175781
5mWNb17qt9d95ot1oHVZ,196,14.4371613,121.0061011,1785077656394,69.30000305175781
5mWNb17qt9d95ot1oHVZ,197,14.4371781,121.0061224,1785077663330,69.30000305175781
5mWNb17qt9d95ot1oHVZ,198,14.4371904,121.006104,1785077673345,69.0999984741211
5mWNb17qt9d95ot1oHVZ,199,14.437222,121.0061033,1785077675351,69.0999984741211
5mWNb17qt9d95ot1oHVZ,200,14.4372581,121.0060832,1785077677329,69.0999984741211
5mWNb17qt9d95ot1oHVZ,201,14.437311,121.006007,1785077679307,69.0
5mWNb17qt9d95ot1oHVZ,202,14.4373811,121.0059014,1785077681337,69.0
5mWNb17qt9d95ot1oHVZ,203,14.4374523,121.0057619,1785077683296,69.0
5mWNb17qt9d95ot1oHVZ,204,14.4375224,121.0056222,1785077685338,69.0
5mWNb17qt9d95ot1oHVZ,205,14.4376025,121.0054692,1785077687330,69.0
5mWNb17qt9d95ot1oHVZ,206,14.4376898,121.005303,1785077689310,69.0
5mWNb17qt9d95ot1oHVZ,207,14.4378146,121.0051265,1785077691360,69.0
5mWNb17qt9d95ot1oHVZ,208,14.4379142,121.0049355,1785077693327,69.0
5mWNb17qt9d95ot1oHVZ,209,14.4379926,121.0047939,1785077695346,69.0
5mWNb17qt9d95ot1oHVZ,210,14.4380612,121.0046739,1785077697292,69.0
5mWNb17qt9d95ot1oHVZ,211,14.4381339,121.0045271,1785077699350,69.0
5mWNb17qt9d95ot1oHVZ,212,14.4382062,121.0043976,1785077701315,69.0
5mWNb17qt9d95ot1oHVZ,213,14.4382729,121.0042929,1785077703341,69.0
5mWNb17qt9d95ot1oHVZ,214,14.4383256,121.0042092,1785077705351,69.0
5mWNb17qt9d95ot1oHVZ,215,14.4383609,121.0041485,1785077707358,69.0
5mWNb17qt9d95ot1oHVZ,216,14.4383955,121.0040732,1785077709311,69.0
5mWNb17qt9d95ot1oHVZ,217,14.4384391,121.0039903,1785077711288,69.0
5mWNb17qt9d95ot1oHVZ,218,14.4384722,121.0039082,1785077713320,69.0
5mWNb17qt9d95ot1oHVZ,219,14.4385133,121.0038321,1785077715354,69.0
5mWNb17qt9d95ot1oHVZ,220,14.4385521,121.0037375,1785077717359,69.0
5mWNb17qt9d95ot1oHVZ,221,14.4386094,121.0036335,1785077719352,69.0
5mWNb17qt9d95ot1oHVZ,222,14.438665,121.0035392,1785077721329,69.0
5mWNb17qt9d95ot1oHVZ,223,14.4387177,121.0034476,1785077723319,69.0
5mWNb17qt9d95ot1oHVZ,224,14.4387759,121.0033367,1785077725351,69.0
5mWNb17qt9d95ot1oHVZ,225,14.4388435,121.0032249,1785077727331,69.0
5mWNb17qt9d95ot1oHVZ,226,14.4388861,121.0031166,1785077729336,69.0
5mWNb17qt9d95ot1oHVZ,227,14.4389526,121.0030055,1785077731299,69.0
5mWNb17qt9d95ot1oHVZ,228,14.4390364,121.0028542,1785077733356,69.0
5mWNb17qt9d95ot1oHVZ,229,14.4391105,121.002727,1785077735347,69.0
5mWNb17qt9d95ot1oHVZ,230,14.4391784,121.002584,1785077737318,69.0
5mWNb17qt9d95ot1oHVZ,231,14.4392601,121.0024339,1785077739289,69.0
5mWNb17qt9d95ot1oHVZ,232,14.4393413,121.0022923,1785077741272,69.0
5mWNb17qt9d95ot1oHVZ,233,14.4394418,121.0021309,1785077743278,69.0
5mWNb17qt9d95ot1oHVZ,234,14.4395223,121.0019706,1785077745332,69.0
5mWNb17qt9d95ot1oHVZ,235,14.4395995,121.001815,1785077747339,69.0
5mWNb17qt9d95ot1oHVZ,236,14.4396678,121.0016886,1785077749271,69.0
5mWNb17qt9d95ot1oHVZ,237,14.4397383,121.0015562,1785077751332,69.0
5mWNb17qt9d95ot1oHVZ,238,14.439818,121.001392,1785077753325,69.0
5mWNb17qt9d95ot1oHVZ,239,14.4398987,121.001241,1785077755340,69.0
5mWNb17qt9d95ot1oHVZ,240,14.4399868,121.0010847,1785077757358,69.0
5mWNb17qt9d95ot1oHVZ,241,14.440064,121.0009304,1785077759355,69.0
5mWNb17qt9d95ot1oHVZ,242,14.440129,121.0008063,1785077761354,69.0
5mWNb17qt9d95ot1oHVZ,243,14.4401913,121.0006967,1785077763307,69.0
5mWNb17qt9d95ot1oHVZ,244,14.4402502,121.0005981,1785077765341,69.0
5mWNb17qt9d95ot1oHVZ,245,14.4403042,121.0004897,1785077767340,69.0
5mWNb17qt9d95ot1oHVZ,246,14.4403794,121.0003472,1785077769284,69.0
5mWNb17qt9d95ot1oHVZ,247,14.4404847,121.0001575,1785077771343,68.0
5mWNb17qt9d95ot1oHVZ,248,14.4405991,120.9999483,1785077773337,67.0
5mWNb17qt9d95ot1oHVZ,249,14.4407104,120.9997557,1785077775338,68.0
5mWNb17qt9d95ot1oHVZ,250,14.4408182,120.9995686,1785077777348,67.0
5mWNb17qt9d95ot1oHVZ,251,14.4409237,120.9993685,1785077779334,67.0
5mWNb17qt9d95ot1oHVZ,252,14.4410417,120.9991448,1785077781348,66.0
5mWNb17qt9d95ot1oHVZ,253,14.4411716,120.9989146,1785077783302,65.0
5mWNb17qt9d95ot1oHVZ,254,14.4412873,120.9987102,1785077785339,65.0
5mWNb17qt9d95ot1oHVZ,255,14.4413886,120.9985361,1785077787345,65.0
5mWNb17qt9d95ot1oHVZ,256,14.4414863,120.9983591,1785077789360,65.0
5mWNb17qt9d95ot1oHVZ,257,14.4416166,120.9981795,1785077791345,66.0
5mWNb17qt9d95ot1oHVZ,258,14.4417657,120.9980087,1785077793340,66.0
5mWNb17qt9d95ot1oHVZ,259,14.4419321,120.9978376,1785077795330,66.0
5mWNb17qt9d95ot1oHVZ,260,14.4420802,120.9976461,1785077797304,67.0
5mWNb17qt9d95ot1oHVZ,261,14.4422077,120.9974761,1785077799349,67.0
5mWNb17qt9d95ot1oHVZ,262,14.4423178,120.997329,1785077801354,67.0
5mWNb17qt9d95ot1oHVZ,263,14.4424222,120.9972137,1785077803293,68.0
5mWNb17qt9d95ot1oHVZ,264,14.4425235,120.9970791,1785077805315,68.0
5mWNb17qt9d95ot1oHVZ,265,14.4426077,120.9969717,1785077807344,69.0
5mWNb17qt9d95ot1oHVZ,266,14.4426816,120.9968776,1785077809368,69.0
5mWNb17qt9d95ot1oHVZ,267,14.4427482,120.9967839,1785077811341,68.0
5mWNb17qt9d95ot1oHVZ,268,14.4428083,120.996683,1785077813298,69.0
5mWNb17qt9d95ot1oHVZ,269,14.4428737,120.9965819,1785077815345,68.0
5mWNb17qt9d95ot1oHVZ,270,14.4429523,120.9964732,1785077817365,69.0
5mWNb17qt9d95ot1oHVZ,271,14.4430342,120.9963617,1785077819328,69.0
5mWNb17qt9d95ot1oHVZ,272,14.4431183,120.9962459,1785077821358,68.0
5mWNb17qt9d95ot1oHVZ,273,14.44319,120.9961485,1785077823339,68.0
5mWNb17qt9d95ot1oHVZ,274,14.4432443,120.9960549,1785077825331,68.0
5mWNb17qt9d95ot1oHVZ,275,14.4432911,120.9959863,1785077827315,68.0
5mWNb17qt9d95ot1oHVZ,276,14.4433289,120.9959346,1785077829345,68.0
5mWNb17qt9d95ot1oHVZ,277,14.4433487,120.9959048,1785077831333,68.0
5mWNb17qt9d95ot1oHVZ,278,14.4433601,120.9958817,1785077833319,68.0
5mWNb17qt9d95ot1oHVZ,279,14.4433684,120.995865,1785077835343,68.0
5mWNb17qt9d95ot1oHVZ,280,14.443389,120.9958376,1785077837335,67.0
5mWNb17qt9d95ot1oHVZ,281,14.4433967,120.995819,1785077847318,67.0
5mWNb17qt9d95ot1oHVZ,282,14.4434075,120.9957794,1785077849330,67.0
5mWNb17qt9d95ot1oHVZ,283,14.4434724,120.9956957,1785077851319,66.0
5mWNb17qt9d95ot1oHVZ,284,14.4435567,120.9955938,1785077853296,66.0
5mWNb17qt9d95ot1oHVZ,285,14.4436168,120.9954717,1785077855341,66.0
5mWNb17qt9d95ot1oHVZ,286,14.4436711,120.9953719,1785077857352,67.0
5mWNb17qt9d95ot1oHVZ,287,14.4437377,120.995301,1785077859335,68.0
5mWNb17qt9d95ot1oHVZ,288,14.4437803,120.9952221,1785077861352,68.0
5mWNb17qt9d95ot1oHVZ,289,14.4438302,120.9951457,1785077863280,68.0
5mWNb17qt9d95ot1oHVZ,290,14.4438797,120.9950677,1785077865324,64.0999984741211
5mWNb17qt9d95ot1oHVZ,291,14.4439537,120.9949689,1785077867281,64.0999984741211
5mWNb17qt9d95ot1oHVZ,292,14.4440107,120.9948819,1785077869324,64.0999984741211
5mWNb17qt9d95ot1oHVZ,293,14.444059,120.9948045,1785077871351,64.0999984741211
5mWNb17qt9d95ot1oHVZ,294,14.444117,120.9947195,1785077873331,64.0999984741211
5mWNb17qt9d95ot1oHVZ,295,14.4441636,120.9946365,1785077875345,64.0999984741211
5mWNb17qt9d95ot1oHVZ,296,14.4442047,120.9945684,1785077877363,64.0999984741211
5mWNb17qt9d95ot1oHVZ,297,14.4442451,120.9945022,1785077879298,64.0999984741211
5mWNb17qt9d95ot1oHVZ,298,14.4442776,120.9944425,1785077881295,63.89999771118164
5mWNb17qt9d95ot1oHVZ,299,14.4443062,120.9943944,1785077883325,63.89999771118164
5mWNb17qt9d95ot1oHVZ,300,14.4443373,120.9943489,1785077885336,63.89999771118164
5mWNb17qt9d95ot1oHVZ,301,14.4443708,120.9943091,1785077887332,63.89999771118164
5mWNb17qt9d95ot1oHVZ,302,14.4443952,120.9942716,1785077889321,63.89999771118164
5mWNb17qt9d95ot1oHVZ,303,14.4444156,120.9942346,1785077891347,63.89999771118164
5mWNb17qt9d95ot1oHVZ,304,14.4444324,120.9942213,1785077893343,63.89999771118164
5mWNb17qt9d95ot1oHVZ,305,14.4444455,120.9941877,1785077895348,63.89999771118164
5mWNb17qt9d95ot1oHVZ,306,14.4444754,120.9941092,1785077897300,63.89999771118164
5mWNb17qt9d95ot1oHVZ,307,14.4445307,120.9940462,1785077899332,63.89999771118164
5mWNb17qt9d95ot1oHVZ,308,14.4445627,120.993976,1785077901331,63.89999771118164
5mWNb17qt9d95ot1oHVZ,309,14.444631,120.9939547,1785077903316,63.89999771118164
5mWNb17qt9d95ot1oHVZ,310,14.4447501,120.9939763,1785077905324,63.89999771118164
5mWNb17qt9d95ot1oHVZ,311,14.4449078,120.9939986,1785077907341,63.89999771118164
5mWNb17qt9d95ot1oHVZ,312,14.445074,120.9940041,1785077909337,63.89999771118164
5mWNb17qt9d95ot1oHVZ,313,14.4452034,120.9940142,1785077911352,63.89999771118164
5mWNb17qt9d95ot1oHVZ,314,14.4453245,120.9940296,1785077913345,63.89999771118164
5mWNb17qt9d95ot1oHVZ,315,14.4453946,120.9940418,1785077915314,63.89999771118164
5mWNb17qt9d95ot1oHVZ,316,14.44542,120.9940685,1785077917354,63.20000076293945
5mWNb17qt9d95ot1oHVZ,317,14.4454192,120.9940993,1785077919331,63.20000076293945
5mWNb17qt9d95ot1oHVZ,318,14.4454195,120.9941219,1785077936340,63.20000076293945
5mWNb17qt9d95ot1oHVZ,319,14.4454187,120.9941431,1785078011341,63.09999847412109
5mWNb17qt9d95ot1oHVZ,320,14.4454149,120.99417,1785078193317,63.09999847412109
5mWNb17qt9d95ot1oHVZ,321,14.4454296,120.994181,1785078196335,63.09999847412109
5mWNb17qt9d95ot1oHVZ,322,14.4454451,120.9941913,1785078272300,63.20000076293945
5mWNb17qt9d95ot1oHVZ,323,14.4454634,120.9941981,1785078327315,63.20000076293945
5mWNb17qt9d95ot1oHVZ,324,14.4454809,120.9941928,1785078380753,63.20000076293945
5mWNb17qt9d95ot1oHVZ,325,14.4455015,120.9941968,1785078421286,63.20000076293945
5mWNb17qt9d95ot1oHVZ,326,14.4455262,120.9941866,1785078448283,63.20000076293945
5mWNb17qt9d95ot1oHVZ,327,14.4455438,120.9941539,1785078451301,63.20000076293945
5mWNb17qt9d95ot1oHVZ,328,14.4455637,120.9941068,1785078453295,63.20000076293945
5mWNb17qt9d95ot1oHVZ,329,14.4455934,120.9940668,1785078455334,63.20000076293945
5mWNb17qt9d95ot1oHVZ,330,14.4456309,120.9940435,1785078457154,63.20000076293945
5mWNb17qt9d95ot1oHVZ,331,14.4456874,120.9940299,1785078459253,63.20000076293945
5mWNb17qt9d95ot1oHVZ,332,14.4459033,120.9940314,1785078461286,63.20000076293945
5mWNb17qt9d95ot1oHVZ,333,14.4460649,120.9940389,1785078463308,63.20000076293945
5mWNb17qt9d95ot1oHVZ,334,14.4462104,120.99405,1785078465329,63.20000076293945
5mWNb17qt9d95ot1oHVZ,335,14.4463596,120.9940458,1785078467333,63.20000076293945
5mWNb17qt9d95ot1oHVZ,336,14.4465462,120.9940667,1785078469337,63.20000076293945
5mWNb17qt9d95ot1oHVZ,337,14.4467583,120.9940759,1785078471339,63.20000076293945
5mWNb17qt9d95ot1oHVZ,338,14.4470057,120.9940828,1785078473313,63.20000076293945
5mWNb17qt9d95ot1oHVZ,339,14.4472665,120.9941012,1785078475291,63.20000076293945
5mWNb17qt9d95ot1oHVZ,340,14.4475246,120.9941212,1785078477292,63.20000076293945
5mWNb17qt9d95ot1oHVZ,341,14.4477876,120.9941324,1785078479275,63.20000076293945
5mWNb17qt9d95ot1oHVZ,342,14.448068,120.9941471,1785078481319,63.20000076293945
5mWNb17qt9d95ot1oHVZ,343,14.4483581,120.9941601,1785078483322,63.20000076293945
5mWNb17qt9d95ot1oHVZ,344,14.4486588,120.9941714,1785078485341,63.20000076293945
5mWNb17qt9d95ot1oHVZ,345,14.4489611,120.9941769,1785078487350,63.20000076293945
5mWNb17qt9d95ot1oHVZ,346,14.4492639,120.9941845,1785078489347,63.20000076293945
5mWNb17qt9d95ot1oHVZ,347,14.4495716,120.9942104,1785078491331,63.20000076293945
5mWNb17qt9d95ot1oHVZ,348,14.44988,120.994219,1785078493282,63.20000076293945
5mWNb17qt9d95ot1oHVZ,349,14.4502026,120.9942216,1785078495283,63.20000076293945
5mWNb17qt9d95ot1oHVZ,350,14.4504941,120.9942279,1785078497270,63.20000076293945
5mWNb17qt9d95ot1oHVZ,351,14.4507343,120.9942051,1785078499276,63.20000076293945
5mWNb17qt9d95ot1oHVZ,352,14.4509318,120.9941416,1785078501274,63.20000076293945
5mWNb17qt9d95ot1oHVZ,353,14.4511148,120.9940326,1785078503270,63.20000076293945
5mWNb17qt9d95ot1oHVZ,354,14.4513019,120.9939095,1785078505291,63.20000076293945
5mWNb17qt9d95ot1oHVZ,355,14.4514931,120.9937813,1785078507282,63.20000076293945
5mWNb17qt9d95ot1oHVZ,356,14.4516601,120.9936835,1785078509278,63.20000076293945
5mWNb17qt9d95ot1oHVZ,357,14.4518037,120.9935905,1785078511296,63.20000076293945
5mWNb17qt9d95ot1oHVZ,358,14.4519144,120.9935042,1785078513279,63.20000076293945
5mWNb17qt9d95ot1oHVZ,359,14.4520063,120.9934283,1785078515281,63.20000076293945
5mWNb17qt9d95ot1oHVZ,360,14.4520522,120.9933504,1785078517271,63.20000076293945
5mWNb17qt9d95ot1oHVZ,361,14.4520734,120.9933104,1785078519288,63.20000076293945
5mWNb17qt9d95ot1oHVZ,362,14.4520761,120.9932882,1785078521603,58.20000076293945
5mWNb17qt9d95ot1oHVZ,363,14.4519863,120.9931569,1785078524306,58.20000076293945
5mWNb17qt9d95ot1oHVZ,364,14.4519257,120.9930871,1785078526275,58.20000076293945
5mWNb17qt9d95ot1oHVZ,365,14.4518847,120.9930441,1785078528292,58.20000076293945
5mWNb17qt9d95ot1oHVZ,366,14.4518656,120.993018,1785078530121,56.79999923706055
5mWNb17qt9d95ot1oHVZ,367,14.4518843,120.9930089,1785078532314,56.79999923706055
5mWNb17qt9d95ot1oHVZ,368,14.4518777,120.9929914,1785078540326,56.79999923706055
5mWNb17qt9d95ot1oHVZ,369,14.451881,120.992973,1785078581302,56.79999923706055
5mWNb17qt9d95ot1oHVZ,370,14.4518881,120.9929556,1785078613286,56.79999923706055
5mWNb17qt9d95ot1oHVZ,371,14.4518706,120.9929493,1785078615326,56.79999923706055
5mWNb17qt9d95ot1oHVZ,372,14.4518607,120.9929335,1785078618000,56.79999923706055
5mWNb17qt9d95ot1oHVZ,373,14.4519385,120.9929327,1785078620019,56.79999923706055
5mWNb17qt9d95ot1oHVZ,374,14.4519672,120.99293,1785078621916,56.79999923706055
5mWNb17qt9d95ot1oHVZ,375,14.4519922,120.9929255,1785078623723,56.79999923706055
5mWNb17qt9d95ot1oHVZ,376,14.4520213,120.9929174,1785078626016,56.79999923706055
5mWNb17qt9d95ot1oHVZ,377,14.4520469,120.9929045,1785078628324,56.79999923706055
5mWNb17qt9d95ot1oHVZ,378,14.4520657,120.9929056,1785078631312,56.79999923706055
5mWNb17qt9d95ot1oHVZ,379,14.4520743,120.9928873,1785078643313,56.79999923706055
5mWNb17qt9d95ot1oHVZ,380,14.452092,120.9928828,1785078660303,56.79999923706055
5mWNb17qt9d95ot1oHVZ,381,14.4521101,120.992888,1785078677282,56.79999923706055
5mWNb17qt9d95ot1oHVZ,382,14.4521116,120.99289,1785078681133,56.79999923706055
5mWNb17qt9d95ot1oHVZ,383,14.4521117,120.9928907,1785078689458,56.79999923706055
5mWNb17qt9d95ot1oHVZ,384,14.4520926,120.9928999,1785078695255,56.79999923706055
5mWNb17qt9d95ot1oHVZ,385,14.4520498,120.9928972,1785078697254,56.79999923706055
5mWNb17qt9d95ot1oHVZ,386,14.4520242,120.9928838,1785078699254,56.79999923706055
5mWNb17qt9d95ot1oHVZ,387,14.4520415,120.9928989,1785078702312,56.79999923706055
5mWNb17qt9d95ot1oHVZ,388,14.4520451,120.9929296,1785078704297,56.79999923706055
5mWNb17qt9d95ot1oHVZ,389,14.4520428,120.9929593,1785078706301,56.79999923706055
5mWNb17qt9d95ot1oHVZ,390,14.4520781,120.9929673,1785078708137,56.79999923706055
5mWNb17qt9d95ot1oHVZ,391,14.4520999,120.9929679,1785078710003,56.79999923706055
5mWNb17qt9d95ot1oHVZ,392,14.452095,120.9929838,1785078732319,56.79999923706055
5mWNb17qt9d95ot1oHVZ,393,14.4520966,120.9929757,1785078737458,56.79999923706055
5mWNb17qt9d95ot1oHVZ,394,14.452101,120.992932,1785078748410,56.79999923706055
5mWNb17qt9d95ot1oHVZ,395,14.4521106,120.9928768,1785078756105,56.79999923706055
5mWNb17qt9d95ot1oHVZ,396,14.4521341,120.9928545,1785078760313,56.79999923706055
5mWNb17qt9d95ot1oHVZ,397,14.4521358,120.9928744,1785078762303,56.79999923706055
5mWNb17qt9d95ot1oHVZ,398,14.4521387,120.9928959,1785078764326,56.79999923706055
5mWNb17qt9d95ot1oHVZ,399,14.4521206,120.9929245,1785078766297,56.79999923706055
5mWNb17qt9d95ot1oHVZ,400,14.4521102,120.9929525,1785078768301,56.79999923706055
5mWNb17qt9d95ot1oHVZ,401,14.4521015,120.9929691,1785078771300,56.79999923706055
5mWNb17qt9d95ot1oHVZ,402,14.452099,120.9929478,1785078776284,56.79999923706055
5mWNb17qt9d95ot1oHVZ,403,14.4520922,120.9929658,1785078785324,56.79999923706055
5mWNb17qt9d95ot1oHVZ,404,14.4520812,120.9929808,1785078802306,56.79999923706055
5mWNb17qt9d95ot1oHVZ,405,14.4520674,120.992966,1785078818312,56.79999923706055
5mWNb17qt9d95ot1oHVZ,406,14.4520635,120.9929472,1785078827327,56.79999923706055
5mWNb17qt9d95ot1oHVZ,407,14.4520651,120.9929283,1785078839330,56.79999923706055
5mWNb17qt9d95ot1oHVZ,408,14.4520615,120.9929095,1785078848317,56.79999923706055
5mWNb17qt9d95ot1oHVZ,409,14.4520635,120.992888,1785078853316,56.79999923706055
5mWNb17qt9d95ot1oHVZ,410,14.4520484,120.9928762,1785078862314,56.79999923706055
5mWNb17qt9d95ot1oHVZ,411,14.4520288,120.9928737,1785078871332,56.79999923706055
5mWNb17qt9d95ot1oHVZ,412,14.4520479,120.9928713,1785078915639,56.79999923706055
5mWNb17qt9d95ot1oHVZ,413,14.4520653,120.9928778,1785078951632,56.79999923706055
5mWNb17qt9d95ot1oHVZ,414,14.4520677,120.9928777,1785078955677,56.79999923706055
5mWNb17qt9d95ot1oHVZ,415,14.4520701,120.9928773,1785078963274,56.79999923706055
5mWNb17qt9d95ot1oHVZ,416,14.4520894,120.992865,1785078971066,56.79999923706055
5mWNb17qt9d95ot1oHVZ,417,14.4520971,120.9928677,1785078978819,56.79999923706055
5mWNb17qt9d95ot1oHVZ,418,14.4521012,120.9928498,1785078986679,56.79999923706055
5mWNb17qt9d95ot1oHVZ,419,14.4521017,120.9928545,1785078994899,56.79999923706055
5mWNb17qt9d95ot1oHVZ,420,14.4520788,120.9929769,1785078997269,56.79999923706055
5mWNb17qt9d95ot1oHVZ,421,14.4519823,120.9929704,1785078999250,56.79999923706055
5mWNb17qt9d95ot1oHVZ,422,14.4519448,120.9929306,1785079001279,56.79999923706055
5mWNb17qt9d95ot1oHVZ,423,14.4519562,120.9929522,1785079003314,56.79999923706055
5mWNb17qt9d95ot1oHVZ,424,14.4519398,120.9929432,1785079006259,56.79999923706055
5mWNb17qt9d95ot1oHVZ,425,14.4519498,120.9928974,1785079008271,56.79999923706055
5mWNb17qt9d95ot1oHVZ,426,14.4519198,120.9929111,1785079011264,56.79999923706055
5mWNb17qt9d95ot1oHVZ,427,14.4518897,120.9929153,1785079013257,56.79999923706055
5mWNb17qt9d95ot1oHVZ,428,14.4518718,120.9929046,1785079019257,56.79999923706055
5mWNb17qt9d95ot1oHVZ,429,14.4518558,120.9928937,1785079023943,56.79999923706055
5mWNb17qt9d95ot1oHVZ,430,14.451867,120.992911,1785079030308,56.79999923706055
5mWNb17qt9d95ot1oHVZ,431,14.4518866,120.9929043,1785079036251,56.79999923706055
5mWNb17qt9d95ot1oHVZ,432,14.451904,120.9929128,1785079052278,56.79999923706055
5mWNb17qt9d95ot1oHVZ,433,14.4519154,120.992928,1785079065506,56.79999923706055
5mWNb17qt9d95ot1oHVZ,434,14.4519291,120.9929463,1785079074253,56.79999923706055
5mWNb17qt9d95ot1oHVZ,435,14.4519492,120.9929645,1785079076285,56.79999923706055
5mWNb17qt9d95ot1oHVZ,436,14.4519666,120.9929866,1785079078254,56.79999923706055
5mWNb17qt9d95ot1oHVZ,437,14.4519887,120.9929635,1785079080259,56.79999923706055
5mWNb17qt9d95ot1oHVZ,438,14.4519941,120.9929439,1785079082250,56.79999923706055
5mWNb17qt9d95ot1oHVZ,439,14.4519908,120.9929092,1785079084251,56.79999923706055
5mWNb17qt9d95ot1oHVZ,440,14.4519779,120.9928462,1785079086252,56.79999923706055
5mWNb17qt9d95ot1oHVZ,441,14.4519832,120.9927746,1785079088305,56.79999923706055
5mWNb17qt9d95ot1oHVZ,442,14.4519655,120.9927583,1785079090270,56.79999923706055
5mWNb17qt9d95ot1oHVZ,443,14.4519521,120.9927285,1785079092253,56.79999923706055
5mWNb17qt9d95ot1oHVZ,444,14.4519468,120.9927093,1785079094587,56.79999923706055
5mWNb17qt9d95ot1oHVZ,445,14.4519543,120.9927272,1785079106288,56.79999923706055
5mWNb17qt9d95ot1oHVZ,446,14.4519671,120.9927413,1785079108316,56.79999923706055
5mWNb17qt9d95ot1oHVZ,447,14.4519746,120.9927585,1785079121291,56.79999923706055
5mWNb17qt9d95ot1oHVZ,448,14.4519917,120.992751,1785079201321,56.79999923706055
5mWNb17qt9d95ot1oHVZ,449,14.4520013,120.9927341,1785079247298,56.79999923706055
5mWNb17qt9d95ot1oHVZ,450,14.4519826,120.9927153,1785079251195,56.79999923706055
5mWNb17qt9d95ot1oHVZ,451,14.4519648,120.9927323,1785079253301,56.89999771118164
5mWNb17qt9d95ot1oHVZ,452,14.4519621,120.9927542,1785079260281,56.79999923706055
5mWNb17qt9d95ot1oHVZ,453,14.4519729,120.9927698,1785079262270,56.79999923706055
5mWNb17qt9d95ot1oHVZ,454,14.4519905,120.9927897,1785079265283,56.79999923706055
5mWNb17qt9d95ot1oHVZ,455,14.452007,120.9928024,1785079267287,56.79999923706055
5mWNb17qt9d95ot1oHVZ,456,14.4520247,120.9928125,1785079271282,56.79999923706055
5mWNb17qt9d95ot1oHVZ,457,14.4520432,120.9928238,1785079276056,56.79999923706055
5mWNb17qt9d95ot1oHVZ,458,14.4520641,120.9928211,1785079281276,56.79999923706055
5mWNb17qt9d95ot1oHVZ,459,14.4520552,120.9927908,1785079284291,56.79999923706055
5mWNb17qt9d95ot1oHVZ,460,14.4520452,120.9927668,1785079288278,56.79999923706055
5mWNb17qt9d95ot1oHVZ,461,14.4520404,120.9927463,1785079290264,56.79999923706055
5mWNb17qt9d95ot1oHVZ,462,14.4520261,120.9927264,1785079293752,56.79999923706055
5mWNb17qt9d95ot1oHVZ,463,14.4520178,120.9927089,1785079299273,56.79999923706055
5mWNb17qt9d95ot1oHVZ,464,14.4520063,120.9926917,1785079301284,56.79999923706055
5mWNb17qt9d95ot1oHVZ,465,14.45199,120.9927002,1785079305285,56.79999923706055
5mWNb17qt9d95ot1oHVZ,466,14.4519663,120.992702,1785079318265,56.79999923706055
5mWNb17qt9d95ot1oHVZ,467,14.4519707,120.9927207,1785079322260,56.79999923706055
5mWNb17qt9d95ot1oHVZ,468,14.4519527,120.992712,1785079326282,56.79999923706055
5mWNb17qt9d95ot1oHVZ,469,14.4519335,120.9927095,1785079328674,56.79999923706055
5mWNb17qt9d95ot1oHVZ,470,14.4519456,120.9927333,1785079331264,56.79999923706055
5mWNb17qt9d95ot1oHVZ,471,14.4519424,120.9927516,1785079338269,56.79999923706055
5mWNb17qt9d95ot1oHVZ,472,14.4519799,120.9927728,1785079340261,56.79999923706055
5mWNb17qt9d95ot1oHVZ,473,14.4519959,120.9927639,1785079346260,56.79999923706055
5mWNb17qt9d95ot1oHVZ,474,14.4520165,120.992769,1785079349295,56.79999923706055
5mWNb17qt9d95ot1oHVZ,475,14.4520503,120.9927776,1785079352289,56.79999923706055
5mWNb17qt9d95ot1oHVZ,476,14.4520766,120.9927779,1785079354372,56.79999923706055
5mWNb17qt9d95ot1oHVZ,477,14.4520971,120.9927662,1785079356258,56.79999923706055
5mWNb17qt9d95ot1oHVZ,478,14.452115,120.9927563,1785079358263,56.79999923706055
5mWNb17qt9d95ot1oHVZ,479,14.4521294,120.9927399,1785079360245,56.70000076293945
5mWNb17qt9d95ot1oHVZ,480,14.4521315,120.992718,1785079363333,56.70000076293945
5mWNb17qt9d95ot1oHVZ,481,14.4521561,120.9927143,1785079366278,56.70000076293945
5mWNb17qt9d95ot1oHVZ,482,14.4521762,120.9927508,1785079368256,56.70000076293945
5mWNb17qt9d95ot1oHVZ,483,14.452175,120.9928014,1785079370240,56.79999923706055
5mWNb17qt9d95ot1oHVZ,484,14.4521905,120.992826,1785079372298,56.79999923706055
5mWNb17qt9d95ot1oHVZ,485,14.452205,120.9928492,1785079374258,56.79999923706055
5mWNb17qt9d95ot1oHVZ,486,14.4522152,120.9928694,1785079376255,56.79999923706055
5mWNb17qt9d95ot1oHVZ,487,14.452186,120.9928812,1785079378266,56.79999923706055
5mWNb17qt9d95ot1oHVZ,488,14.4521933,120.9929007,1785079383248,56.79999923706055
5mWNb17qt9d95ot1oHVZ,489,14.4521983,120.9929189,1785079386251,56.79999923706055
5mWNb17qt9d95ot1oHVZ,490,14.4521799,120.9929311,1785079388250,56.79999923706055
5mWNb17qt9d95ot1oHVZ,491,14.4521537,120.9929517,1785079390249,56.79999923706055
5mWNb17qt9d95ot1oHVZ,492,14.452111,120.9929798,1785079392262,56.79999923706055
5mWNb17qt9d95ot1oHVZ,493,14.4520568,120.9930119,1785079394285,56.79999923706055
5mWNb17qt9d95ot1oHVZ,494,14.4520237,120.9930255,1785079396301,56.79999923706055
5mWNb17qt9d95ot1oHVZ,495,14.4520029,120.9930362,1785079398288,56.79999923706055
5mWNb17qt9d95ot1oHVZ,496,14.4520163,120.9930543,1785079422309,56.79999923706055
5mWNb17qt9d95ot1oHVZ,497,14.4519981,120.9930361,1785079442315,56.79999923706055
5mWNb17qt9d95ot1oHVZ,498,14.4519744,120.9930161,1785079444303,56.79999923706055
5mWNb17qt9d95ot1oHVZ,499,14.451959,120.993002,1785079446282,56.79999923706055
5mWNb17qt9d95ot1oHVZ,500,14.4519344,120.9929825,1785079448330,56.79999923706055
5mWNb17qt9d95ot1oHVZ,501,14.4519059,120.9929605,1785079450305,56.79999923706055
5mWNb17qt9d95ot1oHVZ,502,14.45189,120.9929484,1785079452326,56.79999923706055
5mWNb17qt9d95ot1oHVZ,503,14.4518752,120.9929336,1785079510034,56.79999923706055
5mWNb17qt9d95ot1oHVZ,504,14.4518637,120.9929184,1785079518274,56.79999923706055
5mWNb17qt9d95ot1oHVZ,505,14.4518527,120.9928992,1785079520271,56.79999923706055
5mWNb17qt9d95ot1oHVZ,506,14.4518494,120.9928804,1785079526279,56.70000076293945
5mWNb17qt9d95ot1oHVZ,507,14.4518368,120.9928629,1785079529270,56.70000076293945
5mWNb17qt9d95ot1oHVZ,508,14.451854,120.9928708,1785079537258,56.70000076293945
5mWNb17qt9d95ot1oHVZ,509,14.4518732,120.9928836,1785079539255,56.70000076293945
5mWNb17qt9d95ot1oHVZ,510,14.4519093,120.9929152,1785079541287,56.70000076293945
5mWNb17qt9d95ot1oHVZ,511,14.4519642,120.9929636,1785079543276,56.70000076293945
5mWNb17qt9d95ot1oHVZ,512,14.4520189,120.9930162,1785079545293,56.70000076293945
5mWNb17qt9d95ot1oHVZ,513,14.4520414,120.9930322,1785079547271,56.70000076293945
5mWNb17qt9d95ot1oHVZ,514,14.4520625,120.9930059,1785079549299,56.79999923706055
5mWNb17qt9d95ot1oHVZ,515,14.4520812,120.9929628,1785079551289,56.79999923706055
5mWNb17qt9d95ot1oHVZ,516,14.4520855,120.9929354,1785079553272,56.79999923706055
5mWNb17qt9d95ot1oHVZ,517,14.4520854,120.9929131,1785079556289,56.79999923706055
5mWNb17qt9d95ot1oHVZ,518,14.4520969,120.9928952,1785079567258,56.79999923706055
5mWNb17qt9d95ot1oHVZ,519,14.4520951,120.9928672,1785079574245,56.70000076293945
5mWNb17qt9d95ot1oHVZ,520,14.452101,120.992847,1785079576274,56.70000076293945
5mWNb17qt9d95ot1oHVZ,521,14.4521187,120.9928652,1785079578256,56.70000076293945
5mWNb17qt9d95ot1oHVZ,522,14.4521336,120.992885,1785079580272,56.70000076293945
5mWNb17qt9d95ot1oHVZ,523,14.4521393,120.9929079,1785079582248,56.70000076293945
5mWNb17qt9d95ot1oHVZ,524,14.4521363,120.9929297,1785079587268,56.79999923706055
5mWNb17qt9d95ot1oHVZ,525,14.4521307,120.9929475,1785079589254,56.79999923706055
5mWNb17qt9d95ot1oHVZ,526,14.4521192,120.9929715,1785079591834,56.70000076293945
5mWNb17qt9d95ot1oHVZ,527,14.4520753,120.9929824,1785079594278,56.70000076293945
5mWNb17qt9d95ot1oHVZ,528,14.4520576,120.9929938,1785079596251,56.70000076293945
5mWNb17qt9d95ot1oHVZ,529,14.4520402,120.9930078,1785079600274,56.70000076293945
5mWNb17qt9d95ot1oHVZ,530,14.452021,120.9930195,1785079613261,56.79999923706055
5mWNb17qt9d95ot1oHVZ,531,14.4520412,120.9930295,1785079641281,56.79999923706055
5mWNb17qt9d95ot1oHVZ,532,14.4520591,120.9930081,1785079643270,56.79999923706055
5mWNb17qt9d95ot1oHVZ,533,14.4520744,120.9929982,1785079649281,56.79999923706055
5mWNb17qt9d95ot1oHVZ,534,14.4520924,120.9929618,1785079651273,56.79999923706055
5mWNb17qt9d95ot1oHVZ,535,14.4520984,120.9929418,1785079654283,56.79999923706055
5mWNb17qt9d95ot1oHVZ,536,14.4521058,120.9929214,1785079657277,56.79999923706055
5mWNb17qt9d95ot1oHVZ,537,14.4521166,120.9928998,1785079667278,56.79999923706055
5mWNb17qt9d95ot1oHVZ,538,14.4521053,120.9928851,1785079751271,56.79999923706055
5mWNb17qt9d95ot1oHVZ,539,14.4521226,120.9928759,1785079767281,56.79999923706055
6wha8XEmrhYk7bMuxxcm,0,14.5417111,120.9818576,1784904851155,50.72395901433536
6wha8XEmrhYk7bMuxxcm,1,14.5417023,120.9818402,1784904885776,49.5
6wha8XEmrhYk7bMuxxcm,2,14.5416696,120.981803,1784904891154,49.09999847412109
6wha8XEmrhYk7bMuxxcm,3,14.5416607,120.9817658,1784904893153,49.09999847412109
6wha8XEmrhYk7bMuxxcm,4,14.5416527,120.9817239,1784904895153,50.39999771118164
6wha8XEmrhYk7bMuxxcm,5,14.5416092,120.9815537,1784904897155,50.39999771118164
6wha8XEmrhYk7bMuxxcm,6,14.5415745,120.9814362,1784904899153,50.39999771118164
6wha8XEmrhYk7bMuxxcm,7,14.5415355,120.9813033,1784904901154,50.39999771118164
6wha8XEmrhYk7bMuxxcm,8,14.5414978,120.9811681,1784904903153,50.39999771118164
6wha8XEmrhYk7bMuxxcm,9,14.5414614,120.9810261,1784904905153,50.39999771118164
6wha8XEmrhYk7bMuxxcm,10,14.5414339,120.9808744,1784904907154,50.39999771118164
6wha8XEmrhYk7bMuxxcm,11,14.5414007,120.9807221,1784904909153,50.39999771118164
6wha8XEmrhYk7bMuxxcm,12,14.5413683,120.9805677,1784904911155,50.39999771118164
6wha8XEmrhYk7bMuxxcm,13,14.5413354,120.9804144,1784904913154,50.39999771118164
6wha8XEmrhYk7bMuxxcm,14,14.5412999,120.9802586,1784904915153,50.39999771118164
6wha8XEmrhYk7bMuxxcm,15,14.5412632,120.980107,1784904917155,50.39999771118164
6wha8XEmrhYk7bMuxxcm,16,14.5412005,120.9799575,1784904919154,50.39999771118164
6wha8XEmrhYk7bMuxxcm,17,14.5411172,120.9798177,1784904921153,52.12493759398807
6wha8XEmrhYk7bMuxxcm,18,14.5410067,120.9796981,1784904923154,50.39999771118164
6wha8XEmrhYk7bMuxxcm,19,14.5408819,120.9796034,1784904925154,50.39999771118164
6wha8XEmrhYk7bMuxxcm,20,14.5407399,120.9795225,1784904927154,50.39999771118164
6wha8XEmrhYk7bMuxxcm,21,14.5405914,120.9794638,1784904929153,50.39999771118164
6wha8XEmrhYk7bMuxxcm,22,14.5404315,120.9794447,1784904931153,50.39999771118164
6wha8XEmrhYk7bMuxxcm,23,14.5402718,120.9794603,1784904933154,50.39999771118164
6wha8XEmrhYk7bMuxxcm,24,14.5401155,120.9794731,1784904935153,50.39999771118164
6wha8XEmrhYk7bMuxxcm,25,14.5399598,120.9794787,1784904937154,50.39999771118164
6wha8XEmrhYk7bMuxxcm,26,14.5398028,120.9794872,1784904939153,50.39999771118164
6wha8XEmrhYk7bMuxxcm,27,14.5396432,120.9794934,1784904941153,50.39999771118164
6wha8XEmrhYk7bMuxxcm,28,14.5394824,120.9794885,1784904943153,50.39999771118164
6wha8XEmrhYk7bMuxxcm,29,14.5393228,120.9794769,1784904945154,50.39999771118164
6wha8XEmrhYk7bMuxxcm,30,14.539163,120.9794746,1784904947154,52.26078432309662
6wha8XEmrhYk7bMuxxcm,31,14.5390049,120.9794913,1784904949155,50.39999771118164
6wha8XEmrhYk7bMuxxcm,32,14.5388441,120.9795017,1784904951155,50.39999771118164
6wha8XEmrhYk7bMuxxcm,33,14.5386874,120.979495,1784904953153,50.39999771118164
6wha8XEmrhYk7bMuxxcm,34,14.5385297,120.9794951,1784904955154,52.62869486021078
6wha8XEmrhYk7bMuxxcm,35,14.5383736,120.9795019,1784904957154,50.39999771118164
6wha8XEmrhYk7bMuxxcm,36,14.5382122,120.9795039,1784904959155,52.06394232512045
6wha8XEmrhYk7bMuxxcm,37,14.5380547,120.9795243,1784904961155,50.39999771118164
6wha8XEmrhYk7bMuxxcm,38,14.5379104,120.9795292,1784904963154,50.39999771118164
6wha8XEmrhYk7bMuxxcm,39,14.537753,120.9795351,1784904965153,50.39999771118164
6wha8XEmrhYk7bMuxxcm,40,14.5376032,120.9795508,1784904967156,50.39999771118164
6wha8XEmrhYk7bMuxxcm,41,14.5374532,120.9795605,1784904969156,50.39999771118164
6wha8XEmrhYk7bMuxxcm,42,14.5373376,120.9795452,1784904971154,50.39999771118164
6wha8XEmrhYk7bMuxxcm,43,14.5372603,120.9795336,1784904973154,50.39999771118164
6wha8XEmrhYk7bMuxxcm,44,14.5372053,120.9795239,1784904975153,50.39999771118164
6wha8XEmrhYk7bMuxxcm,45,14.5371549,120.9795168,1784904977156,50.39999771118164
6wha8XEmrhYk7bMuxxcm,46,14.5370856,120.9795222,1784904979154,50.39999771118164
6wha8XEmrhYk7bMuxxcm,47,14.5369918,120.9795287,1784904981155,50.39999771118164
6wha8XEmrhYk7bMuxxcm,48,14.5368846,120.9795339,1784904983154,50.39999771118164
6wha8XEmrhYk7bMuxxcm,49,14.5367683,120.9795394,1784904985153,50.39999771118164
6wha8XEmrhYk7bMuxxcm,50,14.5366457,120.9795446,1784904987154,50.39999771118164
6wha8XEmrhYk7bMuxxcm,51,14.5365137,120.9795547,1784904989154,50.39999771118164
6wha8XEmrhYk7bMuxxcm,52,14.5363811,120.9795715,1784904991156,50.39999771118164
6wha8XEmrhYk7bMuxxcm,53,14.5362487,120.9795799,1784904993153,50.39999771118164
6wha8XEmrhYk7bMuxxcm,54,14.5361129,120.9795815,1784904995154,50.39999771118164
6wha8XEmrhYk7bMuxxcm,55,14.5359813,120.979579,1784904997156,50.39999771118164
6wha8XEmrhYk7bMuxxcm,56,14.5358475,120.9795721,1784904999154,50.39999771118164
6wha8XEmrhYk7bMuxxcm,57,14.535698,120.9795789,1784905001153,50.39999771118164
6wha8XEmrhYk7bMuxxcm,58,14.5355608,120.9795811,1784905003155,50.39999771118164
6wha8XEmrhYk7bMuxxcm,59,14.535427,120.9795755,1784905005155,50.39999771118164
6wha8XEmrhYk7bMuxxcm,60,14.5352856,120.9795785,1784905007156,50.39999771118164
6wha8XEmrhYk7bMuxxcm,61,14.5351424,120.9795937,1784905009156,50.39999771118164
6wha8XEmrhYk7bMuxxcm,62,14.5350027,120.9796015,1784905011154,50.39999771118164
6wha8XEmrhYk7bMuxxcm,63,14.5348653,120.9796015,1784905013154,50.39999771118164
6wha8XEmrhYk7bMuxxcm,64,14.5347271,120.9796196,1784905015155,50.39999771118164
6wha8XEmrhYk7bMuxxcm,65,14.5345849,120.9796257,1784905017153,50.39999771118164
6wha8XEmrhYk7bMuxxcm,66,14.5344565,120.9796172,1784905019155,50.39999771118164
6wha8XEmrhYk7bMuxxcm,67,14.5343185,120.97963,1784905021154,50.39999771118164
6wha8XEmrhYk7bMuxxcm,68,14.534178,120.9796295,1784905023154,50.39999771118164
6wha8XEmrhYk7bMuxxcm,69,14.5340339,120.9796448,1784905025154,50.39999771118164
6wha8XEmrhYk7bMuxxcm,70,14.5338964,120.9796502,1784905027154,50.39999771118164
6wha8XEmrhYk7bMuxxcm,71,14.5337749,120.9796587,1784905029156,50.39999771118164
6wha8XEmrhYk7bMuxxcm,72,14.5336362,120.9796717,1784905031155,50.39999771118164
6wha8XEmrhYk7bMuxxcm,73,14.5334958,120.9796833,1784905033154,50.39999771118164
6wha8XEmrhYk7bMuxxcm,74,14.5333529,120.9796889,1784905035154,50.39999771118164
6wha8XEmrhYk7bMuxxcm,75,14.5332214,120.9796962,1784905037155,50.39999771118164
6wha8XEmrhYk7bMuxxcm,76,14.5330897,120.9796905,1784905039154,50.39999771118164
6wha8XEmrhYk7bMuxxcm,77,14.5329551,120.9797084,1784905041154,50.39999771118164
6wha8XEmrhYk7bMuxxcm,78,14.5328089,120.9797192,1784905043154,50.39999771118164
6wha8XEmrhYk7bMuxxcm,79,14.5326686,120.979719,1784905045154,50.39999771118164
6wha8XEmrhYk7bMuxxcm,80,14.5325368,120.9797086,1784905047154,50.39999771118164
6wha8XEmrhYk7bMuxxcm,81,14.5324064,120.9797064,1784905049155,50.39999771118164
6wha8XEmrhYk7bMuxxcm,82,14.532274,120.9797013,1784905051153,50.39999771118164
6wha8XEmrhYk7bMuxxcm,83,14.5321346,120.9797094,1784905053154,50.39999771118164
6wha8XEmrhYk7bMuxxcm,84,14.5319941,120.9797152,1784905055154,50.39999771118164
6wha8XEmrhYk7bMuxxcm,85,14.531849,120.9797266,1784905057154,50.39999771118164
6wha8XEmrhYk7bMuxxcm,86,14.5317095,120.9797389,1784905059154,50.39999771118164
6wha8XEmrhYk7bMuxxcm,87,14.53156,120.9797375,1784905061154,50.39999771118164
6wha8XEmrhYk7bMuxxcm,88,14.531425,120.9797531,1784905063153,50.39999771118164
6wha8XEmrhYk7bMuxxcm,89,14.5312899,120.9797627,1784905065155,50.39999771118164
6wha8XEmrhYk7bMuxxcm,90,14.5311649,120.9797729,1784905067154,50.39999771118164
6wha8XEmrhYk7bMuxxcm,91,14.531028,120.9797792,1784905069155,52.043212890625
6wha8XEmrhYk7bMuxxcm,92,14.5309039,120.9798324,1784905071153,50.39999771118164
6wha8XEmrhYk7bMuxxcm,93,14.5308237,120.9799402,1784905073154,50.39999771118164
6wha8XEmrhYk7bMuxxcm,94,14.5308046,120.9800844,1784905075155,50.39999771118164
6wha8XEmrhYk7bMuxxcm,95,14.5308124,120.9802291,1784905077155,50.39999771118164
6wha8XEmrhYk7bMuxxcm,96,14.5308294,120.9803708,1784905079155,50.39999771118164
6wha8XEmrhYk7bMuxxcm,97,14.5308398,120.9805261,1784905081153,50.39999771118164
6wha8XEmrhYk7bMuxxcm,98,14.5308424,120.9806754,1784905083154,50.39999771118164
6wha8XEmrhYk7bMuxxcm,99,14.5308567,120.9807939,1784905085154,50.39999771118164
6wha8XEmrhYk7bMuxxcm,100,14.5308779,120.9809347,1784905087154,50.39999771118164
6wha8XEmrhYk7bMuxxcm,101,14.5308982,120.9810728,1784905089154,50.39999771118164
6wha8XEmrhYk7bMuxxcm,102,14.5309208,120.9811861,1784905091153,50.39999771118164
6wha8XEmrhYk7bMuxxcm,103,14.5309325,120.9813187,1784905093153,50.39999771118164
6wha8XEmrhYk7bMuxxcm,104,14.5309532,120.9814732,1784905095154,50.39999771118164
6wha8XEmrhYk7bMuxxcm,105,14.5309548,120.9816142,1784905097153,50.39999771118164
6wha8XEmrhYk7bMuxxcm,106,14.5309552,120.981766,1784905099154,50.39999771118164
6wha8XEmrhYk7bMuxxcm,107,14.530966,120.9819133,1784905101153,50.352746607014005
6wha8XEmrhYk7bMuxxcm,108,14.5309812,120.9820601,1784905103154,51.30592116521194
6wha8XEmrhYk7bMuxxcm,109,14.5309971,120.9822174,1784905105155,50.98706900796223
6wha8XEmrhYk7bMuxxcm,110,14.53101,120.9823718,1784905107154,51.4228364831608
6wha8XEmrhYk7bMuxxcm,111,14.5310337,120.9825207,1784905109153,51.78489256133467
6wha8XEmrhYk7bMuxxcm,112,14.531065,120.9826746,1784905111154,50.86942862092758
6wha8XEmrhYk7bMuxxcm,113,14.5310823,120.982827,1784905113155,50.74582695554288
6wha8XEmrhYk7bMuxxcm,114,14.5310867,120.9829782,1784905115153,51.47820499616181
6wha8XEmrhYk7bMuxxcm,115,14.5311031,120.9831314,1784905117153,50.56718033928136
6wha8XEmrhYk7bMuxxcm,116,14.5310985,120.9832797,1784905119155,50.54282859728113
6wha8XEmrhYk7bMuxxcm,117,14.5311261,120.9834338,1784905121153,50.80403256871953
6wha8XEmrhYk7bMuxxcm,118,14.5311499,120.9835921,1784905123154,50.758304764324336
6wha8XEmrhYk7bMuxxcm,119,14.5311646,120.9837336,1784905125153,50.65580144082947
6wha8XEmrhYk7bMuxxcm,120,14.531175,120.9838705,1784905127154,50.6177206486646
6wha8XEmrhYk7bMuxxcm,121,14.5311671,120.9840008,1784905129153,49.74105224744413
6wha8XEmrhYk7bMuxxcm,122,14.5311618,120.9841396,1784905131154,49.93634647242967
6wha8XEmrhYk7bMuxxcm,123,14.5311296,120.9842835,1784905133154,50.3837433754915
6wha8XEmrhYk7bMuxxcm,124,14.5310509,120.9843914,1784905135153,50.554580383218216
6wha8XEmrhYk7bMuxxcm,125,14.5309257,120.9844532,1784905137154,50.63957588007682
6wha8XEmrhYk7bMuxxcm,126,14.530787,120.9844664,1784905139155,51.57559479189853
6wha8XEmrhYk7bMuxxcm,127,14.5306625,120.984494,1784905141153,51.37023602134904
6wha8XEmrhYk7bMuxxcm,128,14.530545,120.9845071,1784905143154,51.59748425607286
6wha8XEmrhYk7bMuxxcm,129,14.5304207,120.984528,1784905145153,50.88398765554708
6wha8XEmrhYk7bMuxxcm,130,14.5302941,120.9845421,1784905147154,51.08080692756764
6wha8XEmrhYk7bMuxxcm,131,14.5301681,120.9845525,1784905149154,51.50944095586597
6wha8XEmrhYk7bMuxxcm,132,14.5300406,120.9845656,1784905151154,51.33356695925565
6wha8XEmrhYk7bMuxxcm,133,14.5299116,120.9845672,1784905153155,51.928714797371256
6wha8XEmrhYk7bMuxxcm,134,14.5297802,120.9845667,1784905155153,52.37261454609007
6wha8XEmrhYk7bMuxxcm,135,14.5296485,120.9845759,1784905157155,51.52508011858487
6wha8XEmrhYk7bMuxxcm,136,14.5295076,120.984591,1784905159153,51.41403066183762
6wha8XEmrhYk7bMuxxcm,137,14.5293706,120.9846044,1784905161154,50.69543810306957
6wha8XEmrhYk7bMuxxcm,138,14.5292281,120.9846153,1784905163153,50.36367727704588
6wha8XEmrhYk7bMuxxcm,139,14.5290843,120.9846255,1784905165154,50.708835277960766
6wha8XEmrhYk7bMuxxcm,140,14.5289413,120.9846416,1784905167154,50.44419376086033
6wha8XEmrhYk7bMuxxcm,141,14.5288034,120.9846548,1784905169154,50.36233723379865
6wha8XEmrhYk7bMuxxcm,142,14.5286625,120.984667,1784905171154,51.21984100944342
6wha8XEmrhYk7bMuxxcm,143,14.5285127,120.9846866,1784905173153,50.510255085653306
6wha8XEmrhYk7bMuxxcm,144,14.5283639,120.9847033,1784905175154,50.343132755541006
6wha8XEmrhYk7bMuxxcm,145,14.5282125,120.9847199,1784905177153,49.69103304137923
6wha8XEmrhYk7bMuxxcm,146,14.5280642,120.9847335,1784905179154,49.70623541947442
6wha8XEmrhYk7bMuxxcm,147,14.5279206,120.9847464,1784905181153,49.473058311172565
6wha8XEmrhYk7bMuxxcm,148,14.527777,120.9847597,1784905183153,50.43490323025255
6wha8XEmrhYk7bMuxxcm,149,14.5276257,120.9847786,1784905185154,50.80302867731099
6wha8XEmrhYk7bMuxxcm,150,14.5274803,120.9847904,1784905187156,51.20937423513863
6wha8XEmrhYk7bMuxxcm,151,14.5273273,120.9848059,1784905189155,51.3379580089631
6wha8XEmrhYk7bMuxxcm,152,14.5271785,120.9848258,1784905191154,51.12518127078256
6wha8XEmrhYk7bMuxxcm,153,14.5270294,120.9848409,1784905193154,51.16259623638619
6wha8XEmrhYk7bMuxxcm,154,14.5268744,120.9848539,1784905195156,51.02671118360077
6wha8XEmrhYk7bMuxxcm,155,14.5267243,120.9848676,1784905197156,51.18901394086238
6wha8XEmrhYk7bMuxxcm,156,14.5265771,120.9848905,1784905199155,50.975805281957726
6wha8XEmrhYk7bMuxxcm,157,14.5264319,120.984892,1784905201153,51.7617346324848
6wha8XEmrhYk7bMuxxcm,158,14.5262941,120.9849096,1784905203156,51.263708333547065
6wha8XEmrhYk7bMuxxcm,159,14.5261424,120.9849273,1784905205154,51.715311817808605
6wha8XEmrhYk7bMuxxcm,160,14.5260063,120.984947,1784905207154,51.38881668176952
6wha8XEmrhYk7bMuxxcm,161,14.5258567,120.9849628,1784905209155,51.04277086595331
6wha8XEmrhYk7bMuxxcm,162,14.5257108,120.9849796,1784905211153,50.68859341978728
6wha8XEmrhYk7bMuxxcm,163,14.5255678,120.9849944,1784905213154,50.19066205391484
6wha8XEmrhYk7bMuxxcm,164,14.5254249,120.9849981,1784905215156,50.8301038472209
6wha8XEmrhYk7bMuxxcm,165,14.5252815,120.9850164,1784905217156,51.071044921875
6wha8XEmrhYk7bMuxxcm,166,14.5251511,120.9850207,1784905219154,51.56373150488082
6wha8XEmrhYk7bMuxxcm,167,14.5250204,120.9850381,1784905221155,51.25331012088365
6wha8XEmrhYk7bMuxxcm,168,14.5249184,120.9850531,1784905223155,51.20198692304771
6wha8XEmrhYk7bMuxxcm,169,14.5248865,120.9850592,1784905225155,50.045956157994695
6wha8XEmrhYk7bMuxxcm,170,14.5248475,120.9850522,1784905227155,50.67650196894312
6wha8XEmrhYk7bMuxxcm,171,14.5248184,120.9850416,1784905229155,49.89921358457506
6wha8XEmrhYk7bMuxxcm,172,14.5247739,120.9850128,1784905231154,49.930138114045405
6wha8XEmrhYk7bMuxxcm,173,14.5247177,120.9850078,1784905233156,50.47777167668399
6wha8XEmrhYk7bMuxxcm,174,14.5246791,120.9850203,1784905235156,50.58953858931402
6wha8XEmrhYk7bMuxxcm,175,14.5246489,120.9850292,1784905237153,51.03447120021291
6wha8XEmrhYk7bMuxxcm,176,14.5245823,120.9850341,1784905239154,50.78072710474076
6wha8XEmrhYk7bMuxxcm,177,14.5245034,120.9850998,1784905241154,50.36550170103554
6wha8XEmrhYk7bMuxxcm,178,14.5244063,120.9851888,1784905243155,50.21374737952865
6wha8XEmrhYk7bMuxxcm,179,14.524284,120.9852199,1784905245155,50.534412831021136
6wha8XEmrhYk7bMuxxcm,180,14.5241552,120.9852324,1784905247154,50.49292578797741
6wha8XEmrhYk7bMuxxcm,181,14.5240204,120.9852494,1784905249153,51.16145928618593
6wha8XEmrhYk7bMuxxcm,182,14.5238693,120.9852735,1784905251154,51.62708012487733
6wha8XEmrhYk7bMuxxcm,183,14.5237248,120.9852831,1784905253155,51.651473281701925
6wha8XEmrhYk7bMuxxcm,184,14.5235826,120.9853059,1784905255154,51.50991388808166
6wha8XEmrhYk7bMuxxcm,185,14.5234405,120.9853243,1784905257154,51.12282737944992
6wha8XEmrhYk7bMuxxcm,186,14.5233014,120.9853495,1784905259155,50.62490037564767
6wha8XEmrhYk7bMuxxcm,187,14.5231669,120.985355,1784905261155,51.76653334770646
6wha8XEmrhYk7bMuxxcm,188,14.5230368,120.9853693,1784905263155,53.0518923002746
6wha8XEmrhYk7bMuxxcm,189,14.5229072,120.9853555,1784905265155,53.039548786615846
6wha8XEmrhYk7bMuxxcm,190,14.5227729,120.9853197,1784905267154,52.80847151008703
6wha8XEmrhYk7bMuxxcm,191,14.5226463,120.9852623,1784905269155,52.94204421075434
6wha8XEmrhYk7bMuxxcm,192,14.5225279,120.9852043,1784905271154,52.37383112327327
6wha8XEmrhYk7bMuxxcm,193,14.5223879,120.9851585,1784905273155,53.57869669784462
6wha8XEmrhYk7bMuxxcm,194,14.5222618,120.9851066,1784905275154,53.81031065475423
6wha8XEmrhYk7bMuxxcm,195,14.5221511,120.985011,1784905277156,53.65259414597904
6wha8XEmrhYk7bMuxxcm,196,14.5220644,120.9848968,1784905279154,53.97150329891903
6wha8XEmrhYk7bMuxxcm,197,14.522003,120.9847828,1784905281154,53.69936848277374
6wha8XEmrhYk7bMuxxcm,198,14.5219099,120.9846835,1784905283155,53.57932870415352
6wha8XEmrhYk7bMuxxcm,199,14.5218114,120.9845698,1784905285155,53.205856006642485
6wha8XEmrhYk7bMuxxcm,200,14.5217056,120.9844649,1784905287154,53.30734231310684
6wha8XEmrhYk7bMuxxcm,201,14.5216159,120.984371,1784905289153,53.5053567219688
6wha8XEmrhYk7bMuxxcm,202,14.5215284,120.9842866,1784905291155,53.20775795431924
6wha8XEmrhYk7bMuxxcm,203,14.5214421,120.9842017,1784905293155,53.20365480249992
6wha8XEmrhYk7bMuxxcm,204,14.5213698,120.9840979,1784905295154,53.46277288170823
6wha8XEmrhYk7bMuxxcm,205,14.5213024,120.983984,1784905297153,53.43698445792962
6wha8XEmrhYk7bMuxxcm,206,14.5212174,120.9838869,1784905299154,53.272879418892295
6wha8XEmrhYk7bMuxxcm,207,14.5211435,120.9837936,1784905301155,52.97744294153072
6wha8XEmrhYk7bMuxxcm,208,14.5210678,120.9836821,1784905303155,53.11412113742647
6wha8XEmrhYk7bMuxxcm,209,14.5209811,120.983583,1784905305156,53.28497381589767
6wha8XEmrhYk7bMuxxcm,210,14.5209075,120.9834887,1784905307154,53.08683550913379
6wha8XEmrhYk7bMuxxcm,211,14.520826,120.9834019,1784905309154,52.87282809722748
6wha8XEmrhYk7bMuxxcm,212,14.5207454,120.983319,1784905311153,52.929012461263824
6wha8XEmrhYk7bMuxxcm,213,14.5206637,120.9832289,1784905313154,52.984250965382
6wha8XEmrhYk7bMuxxcm,214,14.520561,120.98315,1784905315155,52.82185133077718
6wha8XEmrhYk7bMuxxcm,215,14.5204678,120.9830727,1784905317153,52.59800235112805
6wha8XEmrhYk7bMuxxcm,216,14.5203779,120.9830048,1784905319154,52.734682754657605
6wha8XEmrhYk7bMuxxcm,217,14.520288,120.9829245,1784905321153,52.72388974045997
6wha8XEmrhYk7bMuxxcm,218,14.5201904,120.9828524,1784905323156,52.92536511774572
6wha8XEmrhYk7bMuxxcm,219,14.5200873,120.9827888,1784905325154,52.74701084400666
6wha8XEmrhYk7bMuxxcm,220,14.5199927,120.9827108,1784905327155,52.7559750472094
6wha8XEmrhYk7bMuxxcm,221,14.5198995,120.9826378,1784905329154,52.83206161700733
6wha8XEmrhYk7bMuxxcm,222,14.5197741,120.9825993,1784905331154,52.6905098065054
6wha8XEmrhYk7bMuxxcm,223,14.5196681,120.9825352,1784905333157,52.39381166263215
6wha8XEmrhYk7bMuxxcm,224,14.5195692,120.9824883,1784905335153,52.62274033297589
6wha8XEmrhYk7bMuxxcm,225,14.5194648,120.9824442,1784905337162,52.79268813204818
6wha8XEmrhYk7bMuxxcm,226,14.5193568,120.9824082,1784905339154,52.674394804746456
6wha8XEmrhYk7bMuxxcm,227,14.5192388,120.9823751,1784905341154,52.91379427779223
6wha8XEmrhYk7bMuxxcm,228,14.5191633,120.9823197,1784905343153,52.77573155254008
6wha8XEmrhYk7bMuxxcm,229,14.5190992,120.9822849,1784905345154,51.56809203520368
6wha8XEmrhYk7bMuxxcm,230,14.5190192,120.9822455,1784905347153,51.70844552961712
6wha8XEmrhYk7bMuxxcm,231,14.518947,120.9822117,1784905349153,51.53516460497878
6wha8XEmrhYk7bMuxxcm,232,14.518872,120.9821775,1784905351154,51.50801318204931
6wha8XEmrhYk7bMuxxcm,233,14.5187853,120.982129,1784905353155,51.64820465093905
6wha8XEmrhYk7bMuxxcm,234,14.518691,120.982081,1784905355153,52.07108003465613
6wha8XEmrhYk7bMuxxcm,235,14.5185948,120.9820378,1784905357154,52.32450013522327
6wha8XEmrhYk7bMuxxcm,236,14.518504,120.9819851,1784905359154,52.08791773299187
6wha8XEmrhYk7bMuxxcm,237,14.5184095,120.9819305,1784905361155,51.90757880960256
6wha8XEmrhYk7bMuxxcm,238,14.5183398,120.9818665,1784905363154,51.54813162505398
7WuiKHeRHFDSsiJj4xQS,0,14.5655958,120.9874095,1785066425746,49.89999771118164
7WuiKHeRHFDSsiJj4xQS,1,14.5655988,120.9873672,1785066427578,49.89999771118164
7WuiKHeRHFDSsiJj4xQS,2,14.5656094,120.9869874,1785066429586,49.89999771118164
7WuiKHeRHFDSsiJj4xQS,3,14.5656092,120.9870062,1785066432828,49.89999771118164
7WuiKHeRHFDSsiJj4xQS,4,14.5656056,120.9870097,1785066446606,49.79999923706055
7WuiKHeRHFDSsiJj4xQS,5,14.5655905,120.9870073,1785066448589,49.89999771118164
7WuiKHeRHFDSsiJj4xQS,6,14.5655796,120.9870356,1785066451593,49.89999771118164
7WuiKHeRHFDSsiJj4xQS,7,14.5655642,120.9870481,1785066457602,49.79999923706055
7WuiKHeRHFDSsiJj4xQS,8,14.5654971,120.9870483,1785066459598,49.79999923706055
7WuiKHeRHFDSsiJj4xQS,9,14.5655115,120.9870781,1785066464592,49.79999923706055
7WuiKHeRHFDSsiJj4xQS,10,14.5655334,120.9871146,1785066466600,49.79999923706055
7WuiKHeRHFDSsiJj4xQS,11,14.5655342,120.9871163,1785066466693,49.89999771118164
7WuiKHeRHFDSsiJj4xQS,12,14.5655518,120.987157,1785066472614,49.89999771118164
7WuiKHeRHFDSsiJj4xQS,13,14.5655731,120.9871733,1785066478594,49.89999771118164
7WuiKHeRHFDSsiJj4xQS,14,14.5655956,120.9871845,1785066480601,49.89999771118164
7WuiKHeRHFDSsiJj4xQS,15,14.5657102,120.9871289,1785066483586,49.89999771118164
7WuiKHeRHFDSsiJj4xQS,16,14.565573,120.9870947,1785066485594,49.89999771118164
7WuiKHeRHFDSsiJj4xQS,17,14.5655496,120.9870861,1785066487596,49.79999923706055
7WuiKHeRHFDSsiJj4xQS,18,14.5655304,120.9870716,1785066500599,49.79999923706055
7WuiKHeRHFDSsiJj4xQS,19,14.5655251,120.9870483,1785066504583,49.79999923706055
7WuiKHeRHFDSsiJj4xQS,20,14.5655378,120.9870327,1785066506594,49.79999923706055
7WuiKHeRHFDSsiJj4xQS,21,14.5655802,120.9870461,1785066509593,49.79999923706055
7WuiKHeRHFDSsiJj4xQS,22,14.565599,120.9870644,1785066511594,49.79999923706055
7WuiKHeRHFDSsiJj4xQS,23,14.5656077,120.9871036,1785066514590,49.79999923706055
7WuiKHeRHFDSsiJj4xQS,24,14.5655983,120.9871186,1785066518466,49.89999771118164
7WuiKHeRHFDSsiJj4xQS,25,14.5655934,120.9871388,1785066523588,49.89999771118164
7WuiKHeRHFDSsiJj4xQS,26,14.5653935,120.9872019,1785066525592,49.89999771118164
7WuiKHeRHFDSsiJj4xQS,27,14.5652439,120.9872058,1785066529582,49.89999771118164
7WuiKHeRHFDSsiJj4xQS,28,14.5652195,120.9870884,1785066531435,49.89999771118164
7WuiKHeRHFDSsiJj4xQS,29,14.5652334,120.9870538,1785066534589,49.89999771118164
7WuiKHeRHFDSsiJj4xQS,30,14.5652417,120.98703,1785066544577,49.79999923706055
7WuiKHeRHFDSsiJj4xQS,31,14.5652266,120.9870184,1785066546592,49.79999923706055
7WuiKHeRHFDSsiJj4xQS,32,14.5652145,120.9869942,1785066549588,49.79999923706055
7WuiKHeRHFDSsiJj4xQS,33,14.5651328,120.9870124,1785066551594,49.79999923706055
7WuiKHeRHFDSsiJj4xQS,34,14.5651326,120.9870313,1785066554595,49.79999923706055
7WuiKHeRHFDSsiJj4xQS,35,14.5651581,120.9870686,1785066556599,49.79999923706055
7WuiKHeRHFDSsiJj4xQS,36,14.5651795,120.9870973,1785066558599,49.79999923706055
7WuiKHeRHFDSsiJj4xQS,37,14.5651982,120.9870975,1785066562596,49.79999923706055
7WuiKHeRHFDSsiJj4xQS,38,14.5652475,120.9870942,1785066564596,49.79999923706055
7WuiKHeRHFDSsiJj4xQS,39,14.5652736,120.9870734,1785066566585,49.79999923706055
7WuiKHeRHFDSsiJj4xQS,40,14.5652913,120.9870621,1785066570600,50.09999847412109
7WuiKHeRHFDSsiJj4xQS,41,14.5653108,120.9870552,1785066574606,50.09999847412109
7WuiKHeRHFDSsiJj4xQS,42,14.5653512,120.9870364,1785066577608,50.09999847412109
7WuiKHeRHFDSsiJj4xQS,43,14.5653734,120.987026,1785066580593,50.09999847412109
7WuiKHeRHFDSsiJj4xQS,44,14.5654183,120.9869916,1785066583598,49.79999923706055
7WuiKHeRHFDSsiJj4xQS,45,14.5653955,120.9869947,1785066589601,49.79999923706055
7WuiKHeRHFDSsiJj4xQS,46,14.5654512,120.9869854,1785066591597,49.89999771118164
7WuiKHeRHFDSsiJj4xQS,47,14.5654647,120.9869682,1785066603605,49.79999923706055
7WuiKHeRHFDSsiJj4xQS,48,14.5654473,120.9869534,1785066613611,49.89999771118164
7WuiKHeRHFDSsiJj4xQS,49,14.5654219,120.9869525,1785066615591,49.89999771118164
7WuiKHeRHFDSsiJj4xQS,50,14.5654033,120.9869476,1785066618595,49.89999771118164
7fwEWRr0jZmgyS4HMVBd,0,14.5555289,120.9890806,1784972976825,50.59999847412109
7fwEWRr0jZmgyS4HMVBd,1,14.5572519,120.9891586,1784972998403,49.89999771118164
7fwEWRr0jZmgyS4HMVBd,2,14.5546392,120.9889866,1784973000771,49.89999771118164
7fwEWRr0jZmgyS4HMVBd,3,14.5543647,120.9893918,1784973002774,49.89999771118164
7fwEWRr0jZmgyS4HMVBd,4,14.554424,120.9891255,1784973004792,49.89999771118164
7fwEWRr0jZmgyS4HMVBd,5,14.554358,120.9891777,1784973006797,49.89999771118164
7fwEWRr0jZmgyS4HMVBd,6,14.5542463,120.9892513,1784973008798,49.89999771118164
7fwEWRr0jZmgyS4HMVBd,7,14.5541368,120.9893129,1784973010801,49.89999771118164
7fwEWRr0jZmgyS4HMVBd,8,14.554026,120.9893562,1784973012809,49.89999771118164
7fwEWRr0jZmgyS4HMVBd,9,14.5539591,120.9894175,1784973014815,49.89999771118164
7fwEWRr0jZmgyS4HMVBd,10,14.5538718,120.9894413,1784973016820,49.89999771118164
7fwEWRr0jZmgyS4HMVBd,11,14.5537791,120.9894628,1784973018812,49.89999771118164
7fwEWRr0jZmgyS4HMVBd,12,14.5536508,120.9894971,1784973020811,49.89999771118164
7fwEWRr0jZmgyS4HMVBd,13,14.553556,120.9895392,1784973022808,49.89999771118164
7fwEWRr0jZmgyS4HMVBd,14,14.5534641,120.9895883,1784973024812,49.89999771118164
7fwEWRr0jZmgyS4HMVBd,15,14.5533637,120.9896168,1784973026809,49.89999771118164
7fwEWRr0jZmgyS4HMVBd,16,14.5532566,120.9896257,1784973028823,49.89999771118164
7fwEWRr0jZmgyS4HMVBd,17,14.5531451,120.9896298,1784973030812,49.89999771118164
7fwEWRr0jZmgyS4HMVBd,18,14.5530217,120.9896428,1784973032811,49.89999771118164
7fwEWRr0jZmgyS4HMVBd,19,14.552915,120.9896724,1784973034812,49.89999771118164
7fwEWRr0jZmgyS4HMVBd,20,14.5528124,120.9896736,1784973036819,49.89999771118164
7fwEWRr0jZmgyS4HMVBd,21,14.5527209,120.9896609,1784973038804,49.89999771118164
7fwEWRr0jZmgyS4HMVBd,22,14.5526239,120.9896542,1784973040812,49.89999771118164
7fwEWRr0jZmgyS4HMVBd,23,14.5525423,120.989648,1784973042805,49.89999771118164
7fwEWRr0jZmgyS4HMVBd,24,14.5524775,120.9897016,1784973044807,49.89999771118164
7fwEWRr0jZmgyS4HMVBd,25,14.5524521,120.9897127,1784973046819,49.89999771118164
7fwEWRr0jZmgyS4HMVBd,26,14.5524432,120.9897337,1784973048816,49.89999771118164
7fwEWRr0jZmgyS4HMVBd,27,14.5523969,120.9896715,1784973050722,49.89999771118164
7fwEWRr0jZmgyS4HMVBd,28,14.5523506,120.9895825,1784973052720,49.89999771118164
7fwEWRr0jZmgyS4HMVBd,29,14.5522905,120.9894258,1784973054606,49.89999771118164
7fwEWRr0jZmgyS4HMVBd,30,14.5522049,120.98918,1784973057321,49.89999771118164
7fwEWRr0jZmgyS4HMVBd,31,14.5521379,120.9890235,1784973059339,49.89999771118164
7fwEWRr0jZmgyS4HMVBd,32,14.5520885,120.9888316,1784973061325,49.89999771118164
7fwEWRr0jZmgyS4HMVBd,33,14.5520512,120.988694,1784973063325,49.89999771118164
7fwEWRr0jZmgyS4HMVBd,34,14.5520035,120.9885495,1784973065325,49.89999771118164
7fwEWRr0jZmgyS4HMVBd,35,14.5520001,120.9884492,1784973067328,49.89999771118164
7fwEWRr0jZmgyS4HMVBd,36,14.5519941,120.9883887,1784973069326,49.89999771118164
7fwEWRr0jZmgyS4HMVBd,37,14.5519752,120.988301,1784973071325,49.89999771118164
7fwEWRr0jZmgyS4HMVBd,38,14.5519749,120.9882787,1784973073329,49.89999771118164
7fwEWRr0jZmgyS4HMVBd,39,14.5519249,120.9883231,1784973075332,49.89999771118164
7fwEWRr0jZmgyS4HMVBd,40,14.5518508,120.9884075,1784973077325,49.89999771118164
7fwEWRr0jZmgyS4HMVBd,41,14.5518146,120.9885296,1784973079327,49.89999771118164
7fwEWRr0jZmgyS4HMVBd,42,14.551835,120.988703,1784973081321,49.89999771118164
7fwEWRr0jZmgyS4HMVBd,43,14.5518426,120.988837,1784973083316,49.89999771118164
7fwEWRr0jZmgyS4HMVBd,44,14.5518404,120.9889718,1784973085315,49.89999771118164
7fwEWRr0jZmgyS4HMVBd,45,14.5518052,120.9890682,1784973087320,49.89999771118164
7fwEWRr0jZmgyS4HMVBd,46,14.5518172,120.9891946,1784973089331,54.513
7fwEWRr0jZmgyS4HMVBd,47,14.5519031,120.9893125,1784973091331,70.307
7fwEWRr0jZmgyS4HMVBd,48,14.5519808,120.9893827,1784973093337,73.853
7fwEWRr0jZmgyS4HMVBd,49,14.5519373,120.989447,1784973095344,70.14
7fwEWRr0jZmgyS4HMVBd,50,14.5518396,120.9894899,1784973097337,67.184
7fwEWRr0jZmgyS4HMVBd,51,14.5517024,120.9895385,1784973099333,69.131
7fwEWRr0jZmgyS4HMVBd,52,14.5515035,120.9895679,1784973101330,70.592
7fwEWRr0jZmgyS4HMVBd,53,14.5512777,120.9895956,1784973103331,66.911
7fwEWRr0jZmgyS4HMVBd,54,14.5510457,120.9896456,1784973105330,63.889
7fwEWRr0jZmgyS4HMVBd,55,14.5507908,120.9897206,1784973107335,62.128
7fwEWRr0jZmgyS4HMVBd,56,14.5505244,120.9898033,1784973109334,61.411
7fwEWRr0jZmgyS4HMVBd,57,14.550267,120.9898581,1784973111330,62.509
7fwEWRr0jZmgyS4HMVBd,58,14.5500106,120.9899291,1784973113324,63.188
7fwEWRr0jZmgyS4HMVBd,59,14.5497785,120.9899854,1784973115339,61.843
7fwEWRr0jZmgyS4HMVBd,60,14.5495793,120.990029,1784973117337,58.55
7fwEWRr0jZmgyS4HMVBd,61,14.5493701,120.9900536,1784973119353,55.761
7fwEWRr0jZmgyS4HMVBd,62,14.5491552,120.9901084,1784973121344,56.359
7fwEWRr0jZmgyS4HMVBd,63,14.5489303,120.9901641,1784973123339,57.1
7fwEWRr0jZmgyS4HMVBd,64,14.5487076,120.9902289,1784973125336,59.419
7fwEWRr0jZmgyS4HMVBd,65,14.5484842,120.9903045,1784973127337,61.511
7fwEWRr0jZmgyS4HMVBd,66,14.5482486,120.9903736,1784973129336,63.982
7fwEWRr0jZmgyS4HMVBd,67,14.548027,120.9904551,1784973131339,64.848
7fwEWRr0jZmgyS4HMVBd,68,14.5477899,120.9905195,1784973133344,65.014
7fwEWRr0jZmgyS4HMVBd,69,14.5475283,120.9905911,1784973135340,63.744
7fwEWRr0jZmgyS4HMVBd,70,14.547288,120.9906443,1784973137336,65.047
7fwEWRr0jZmgyS4HMVBd,71,14.5470465,120.9907178,1784973139337,65.466
7fwEWRr0jZmgyS4HMVBd,72,14.5468361,120.9907796,1784973141333,66.642
7fwEWRr0jZmgyS4HMVBd,73,14.546628,120.9908382,1784973143345,66.404
7fwEWRr0jZmgyS4HMVBd,74,14.5464194,120.9908925,1784973145340,65.922
7fwEWRr0jZmgyS4HMVBd,75,14.5462261,120.9909482,1784973147341,66.147
7fwEWRr0jZmgyS4HMVBd,76,14.5460434,120.990995,1784973149369,67.143
7fwEWRr0jZmgyS4HMVBd,77,14.5458617,120.9910409,1784973151336,67.99
7fwEWRr0jZmgyS4HMVBd,78,14.5456945,120.991087,1784973153339,68.901
7fwEWRr0jZmgyS4HMVBd,79,14.5455258,120.9911384,1784973155339,66.868
7fwEWRr0jZmgyS4HMVBd,80,14.5453381,120.9911838,1784973157340,65.327
7fwEWRr0jZmgyS4HMVBd,81,14.5451307,120.9912139,1784973159338,65.215
7fwEWRr0jZmgyS4HMVBd,82,14.5449196,120.9912612,1784973161335,63.89
7fwEWRr0jZmgyS4HMVBd,83,14.5447002,120.9913141,1784973163337,63.621
7fwEWRr0jZmgyS4HMVBd,84,14.5444558,120.9913464,1784973165350,63.446
7fwEWRr0jZmgyS4HMVBd,85,14.5441981,120.9913866,1784973167341,63.109
7fwEWRr0jZmgyS4HMVBd,86,14.543943,120.9914311,1784973169337,63.993
7fwEWRr0jZmgyS4HMVBd,87,14.5437012,120.9914588,1784973171340,64.465
7fwEWRr0jZmgyS4HMVBd,88,14.5434526,120.9914878,1784973173341,63.324
7fwEWRr0jZmgyS4HMVBd,89,14.5432107,120.9915246,1784973175339,63.261
7fwEWRr0jZmgyS4HMVBd,90,14.542953,120.9915661,1784973177341,64.705
7fwEWRr0jZmgyS4HMVBd,91,14.5426892,120.9916151,1784973179352,65.183
7fwEWRr0jZmgyS4HMVBd,92,14.5424094,120.9916699,1784973181342,69.09
7fwEWRr0jZmgyS4HMVBd,93,14.5421215,120.9917365,1784973183342,48.79999923706055
7fwEWRr0jZmgyS4HMVBd,94,14.54184,120.9917975,1784973185340,48.79999923706055
7fwEWRr0jZmgyS4HMVBd,95,14.54156,120.9918549,1784973187341,48.79999923706055
7fwEWRr0jZmgyS4HMVBd,96,14.5413041,120.9919023,1784973189337,48.79999923706055
7fwEWRr0jZmgyS4HMVBd,97,14.5410554,120.9919364,1784973191341,48.79999923706055
7fwEWRr0jZmgyS4HMVBd,98,14.5408464,120.9919699,1784973193339,48.79999923706055
7fwEWRr0jZmgyS4HMVBd,99,14.5406216,120.9920087,1784973195336,48.79999923706055
7fwEWRr0jZmgyS4HMVBd,100,14.540399,120.9920457,1784973197339,48.79999923706055
7fwEWRr0jZmgyS4HMVBd,101,14.5401729,120.9920835,1784973199341,48.79999923706055
7fwEWRr0jZmgyS4HMVBd,102,14.5399574,120.9921149,1784973201344,48.79999923706055
7fwEWRr0jZmgyS4HMVBd,103,14.5397528,120.9921313,1784973203336,48.79999923706055
7fwEWRr0jZmgyS4HMVBd,104,14.5395807,120.9921524,1784973205336,48.79999923706055
7fwEWRr0jZmgyS4HMVBd,105,14.539427,120.9921794,1784973207341,77.30000305175781
7fwEWRr0jZmgyS4HMVBd,106,14.5392645,120.9921951,1784973209345,77.30000305175781
7fwEWRr0jZmgyS4HMVBd,107,14.5391518,120.9922213,1784973211343,77.30000305175781
7fwEWRr0jZmgyS4HMVBd,108,14.5390552,120.9922335,1784973213343,77.30000305175781
7fwEWRr0jZmgyS4HMVBd,109,14.5389529,120.9922477,1784973215340,77.30000305175781
7fwEWRr0jZmgyS4HMVBd,110,14.5388616,120.9922766,1784973217333,77.30000305175781
7fwEWRr0jZmgyS4HMVBd,111,14.5387741,120.9923046,1784973219321,77.30000305175781
7fwEWRr0jZmgyS4HMVBd,112,14.5387014,120.9923362,1784973221482,77.30000305175781
7fwEWRr0jZmgyS4HMVBd,113,14.5386315,120.9923407,1784973223490,77.30000305175781
7fwEWRr0jZmgyS4HMVBd,114,14.5385552,120.9923545,1784973225504,77.30000305175781
7fwEWRr0jZmgyS4HMVBd,115,14.5384824,120.9923496,1784973227506,77.30000305175781
7fwEWRr0jZmgyS4HMVBd,116,14.5383902,120.9923428,1784973229512,77.30000305175781
7fwEWRr0jZmgyS4HMVBd,117,14.5383054,120.9923392,1784973231503,77.30000305175781
7fwEWRr0jZmgyS4HMVBd,118,14.5382217,120.9922951,1784973233675,77.30000305175781
7fwEWRr0jZmgyS4HMVBd,119,14.5381257,120.9923001,1784973235666,77.30000305175781
7fwEWRr0jZmgyS4HMVBd,120,14.5380454,120.9923182,1784973237499,77.30000305175781
7fwEWRr0jZmgyS4HMVBd,121,14.5379579,120.9923417,1784973239675,77.30000305175781
7fwEWRr0jZmgyS4HMVBd,122,14.5378136,120.9923838,1784973242631,77.30000305175781
7fwEWRr0jZmgyS4HMVBd,123,14.5377205,120.9923962,1784973244649,77.30000305175781
7fwEWRr0jZmgyS4HMVBd,124,14.537616,120.9924122,1784973246492,77.30000305175781
7fwEWRr0jZmgyS4HMVBd,125,14.5375371,120.99242,1784973248641,77.30000305175781
7fwEWRr0jZmgyS4HMVBd,126,14.5374811,120.9924199,1784973250669,77.30000305175781
7fwEWRr0jZmgyS4HMVBd,127,14.537392,120.9924338,1784973252668,77.30000305175781
7fwEWRr0jZmgyS4HMVBd,128,14.5372902,120.9924567,1784973254485,48.5
7fwEWRr0jZmgyS4HMVBd,129,14.5371829,120.992493,1784973256490,48.5
7fwEWRr0jZmgyS4HMVBd,130,14.5371017,120.9925105,1784973258648,48.5
7fwEWRr0jZmgyS4HMVBd,131,14.5370118,120.9925106,1784973261656,48.5
7fwEWRr0jZmgyS4HMVBd,132,14.5369442,120.9925156,1784973263509,48.5
7fwEWRr0jZmgyS4HMVBd,133,14.5368412,120.9925295,1784973265663,48.5
7fwEWRr0jZmgyS4HMVBd,134,14.5367591,120.99253,1784973267672,48.5
7fwEWRr0jZmgyS4HMVBd,135,14.5366893,120.992539,1784973269675,48.29999923706055
7fwEWRr0jZmgyS4HMVBd,136,14.5366243,120.9925553,1784973271670,48.29999923706055
7fwEWRr0jZmgyS4HMVBd,137,14.5365578,120.9925543,1784973273512,48.29999923706055
7fwEWRr0jZmgyS4HMVBd,138,14.5364996,120.9925615,1784973275519,48.29999923706055
7fwEWRr0jZmgyS4HMVBd,139,14.536441,120.9925662,1784973277514,48.29999923706055
7fwEWRr0jZmgyS4HMVBd,140,14.5363813,120.9925669,1784973279677,48.29999923706055
7fwEWRr0jZmgyS4HMVBd,141,14.5363284,120.9925814,1784973281677,48.29999923706055
7fwEWRr0jZmgyS4HMVBd,142,14.5362755,120.9925877,1784973283677,48.29999923706055
7fwEWRr0jZmgyS4HMVBd,143,14.5362172,120.9925955,1784973285625,48.29999923706055
7fwEWRr0jZmgyS4HMVBd,144,14.5361595,120.9926162,1784973287678,48.29999923706055
7fwEWRr0jZmgyS4HMVBd,145,14.5361096,120.9926171,1784973289510,48.29999923706055
7fwEWRr0jZmgyS4HMVBd,146,14.5360558,120.992622,1784973291666,48.29999923706055
7fwEWRr0jZmgyS4HMVBd,147,14.5360022,120.9926325,1784973293505,48.29999923706055
7fwEWRr0jZmgyS4HMVBd,148,14.5359606,120.9926373,1784973295673,48.29999923706055
7fwEWRr0jZmgyS4HMVBd,149,14.5359109,120.9926465,1784973297665,48.29999923706055
7fwEWRr0jZmgyS4HMVBd,150,14.5358704,120.9926568,1784973299677,48.29999923706055
7fwEWRr0jZmgyS4HMVBd,151,14.5358249,120.9926646,1784973301674,48.29999923706055
7fwEWRr0jZmgyS4HMVBd,152,14.5357714,120.9926774,1784973303670,48.29999923706055
7fwEWRr0jZmgyS4HMVBd,153,14.5357096,120.99268,1784973305669,48.29999923706055
7fwEWRr0jZmgyS4HMVBd,154,14.5356528,120.9926797,1784973307669,48.29999923706055
7fwEWRr0jZmgyS4HMVBd,155,14.5355992,120.992683,1784973309668,48.29999923706055
7fwEWRr0jZmgyS4HMVBd,156,14.5355385,120.9926838,1784973311658,48.29999923706055
7fwEWRr0jZmgyS4HMVBd,157,14.5354756,120.9926914,1784973313667,48.29999923706055
7fwEWRr0jZmgyS4HMVBd,158,14.5354176,120.9926979,1784973315673,48.29999923706055
7fwEWRr0jZmgyS4HMVBd,159,14.5353572,120.9927078,1784973317674,48.29999923706055
7fwEWRr0jZmgyS4HMVBd,160,14.5353043,120.9927132,1784973319672,48.29999923706055
7fwEWRr0jZmgyS4HMVBd,161,14.5352544,120.9927135,1784973321669,48.29999923706055
7fwEWRr0jZmgyS4HMVBd,162,14.5351972,120.9927178,1784973323667,48.29999923706055
7fwEWRr0jZmgyS4HMVBd,163,14.5351432,120.9927185,1784973325668,48.29999923706055
7fwEWRr0jZmgyS4HMVBd,164,14.5350781,120.9927043,1784973327668,48.29999923706055
7fwEWRr0jZmgyS4HMVBd,165,14.5349864,120.992681,1784973329686,48.29999923706055
7fwEWRr0jZmgyS4HMVBd,166,14.5348695,120.992687,1784973331656,48.29999923706055
7fwEWRr0jZmgyS4HMVBd,167,14.5347394,120.9926917,1784973333500,48.29999923706055
7fwEWRr0jZmgyS4HMVBd,168,14.5346344,120.9926979,1784973335501,48.29999923706055
7fwEWRr0jZmgyS4HMVBd,169,14.5345281,120.9927218,1784973337653,48.29999923706055
7fwEWRr0jZmgyS4HMVBd,170,14.5344276,120.99273,1784973339503,48.29999923706055
7fwEWRr0jZmgyS4HMVBd,171,14.5343262,120.9927321,1784973341656,48.29999923706055
7fwEWRr0jZmgyS4HMVBd,172,14.5341699,120.9927439,1784973344639,48.29999923706055
7fwEWRr0jZmgyS4HMVBd,173,14.5340552,120.9927364,1784973346648,48.29999923706055
7fwEWRr0jZmgyS4HMVBd,174,14.5339005,120.9927423,1784973348647,48.29999923706055
7fwEWRr0jZmgyS4HMVBd,175,14.533734,120.9927555,1784973350660,48.29999923706055
7fwEWRr0jZmgyS4HMVBd,176,14.5336008,120.9927724,1784973352655,48.29999923706055
7fwEWRr0jZmgyS4HMVBd,177,14.5334861,120.992792,1784973354665,48.29999923706055
7fwEWRr0jZmgyS4HMVBd,178,14.5333584,120.9928226,1784973356660,48.29999923706055
7fwEWRr0jZmgyS4HMVBd,179,14.5332272,120.9928387,1784973358665,55.057
7fwEWRr0jZmgyS4HMVBd,180,14.533126,120.9928514,1784973360659,55.621
7fwEWRr0jZmgyS4HMVBd,181,14.5329952,120.9928706,1784973362658,56.64
7fwEWRr0jZmgyS4HMVBd,182,14.5328547,120.9928954,1784973364657,56.918
7fwEWRr0jZmgyS4HMVBd,183,14.5327298,120.9929172,1784973366813,58.313
7fwEWRr0jZmgyS4HMVBd,184,14.5326317,120.9929347,1784973368818,57.094
7fwEWRr0jZmgyS4HMVBd,185,14.5325511,120.9929447,1784973370664,56.666
7fwEWRr0jZmgyS4HMVBd,186,14.5324776,120.9929545,1784973372511,59.12
7fwEWRr0jZmgyS4HMVBd,187,14.5323991,120.9929865,1784973374514,60.711
7fwEWRr0jZmgyS4HMVBd,188,14.532311,120.9929948,1784973376669,60.372
7fwEWRr0jZmgyS4HMVBd,189,14.5322068,120.9929888,1784973378504,56.901
7fwEWRr0jZmgyS4HMVBd,190,14.5321027,120.9929888,1784973380803,54.95
7fwEWRr0jZmgyS4HMVBd,191,14.5320111,120.9929899,1784973382650,53.503
7fwEWRr0jZmgyS4HMVBd,192,14.5319424,120.9930019,1784973384646,53.477
7fwEWRr0jZmgyS4HMVBd,193,14.5318801,120.9930075,1784973386503,49.59999847412109
7fwEWRr0jZmgyS4HMVBd,194,14.5318263,120.9930108,1784973388506,49.59999847412109
7fwEWRr0jZmgyS4HMVBd,195,14.5317818,120.9930115,1784973390519,49.59999847412109
7fwEWRr0jZmgyS4HMVBd,196,14.5317479,120.9930151,1784973392504,49.59999847412109
7fwEWRr0jZmgyS4HMVBd,197,14.5317087,120.9930152,1784973394500,49.59999847412109
7fwEWRr0jZmgyS4HMVBd,198,14.5316655,120.9930071,1784973396661,49.59999847412109
7fwEWRr0jZmgyS4HMVBd,199,14.5316248,120.9929974,1784973398507,49.59999847412109
7fwEWRr0jZmgyS4HMVBd,200,14.5315879,120.9930015,1784973400500,49.59999847412109
7fwEWRr0jZmgyS4HMVBd,201,14.5315506,120.99302,1784973402343,49.59999847412109
7fwEWRr0jZmgyS4HMVBd,202,14.5314834,120.9930201,1784973404343,49.59999847412109
7fwEWRr0jZmgyS4HMVBd,203,14.5313977,120.99302,1784973406343,49.59999847412109
7fwEWRr0jZmgyS4HMVBd,204,14.5313014,120.9930598,1784973408669,49.59999847412109
7fwEWRr0jZmgyS4HMVBd,205,14.5312235,120.9930817,1784973410837,49.59999847412109
7fwEWRr0jZmgyS4HMVBd,206,14.5311326,120.9931024,1784973413645,49.59999847412109
7fwEWRr0jZmgyS4HMVBd,207,14.5310797,120.9930934,1784973415496,49.59999847412109
7fwEWRr0jZmgyS4HMVBd,208,14.531039,120.9931033,1784973417673,49.59999847412109
7fwEWRr0jZmgyS4HMVBd,209,14.5309982,120.9931174,1784973419671,49.59999847412109
7fwEWRr0jZmgyS4HMVBd,210,14.530948,120.993129,1784973422834,49.59999847412109
7fwEWRr0jZmgyS4HMVBd,211,14.5309101,120.9931397,1784973424668,49.59999847412109
7fwEWRr0jZmgyS4HMVBd,212,14.5308633,120.9931492,1784973426672,49.59999847412109
7fwEWRr0jZmgyS4HMVBd,213,14.530806,120.9931541,1784973428506,49.59999847412109
7fwEWRr0jZmgyS4HMVBd,214,14.530729,120.99317,1784973430672,54.39999771118164
7fwEWRr0jZmgyS4HMVBd,215,14.5306538,120.9931811,1784973432667,54.39999771118164
7fwEWRr0jZmgyS4HMVBd,216,14.5305819,120.993186,1784973434510,54.39999771118164
7fwEWRr0jZmgyS4HMVBd,217,14.5305062,120.9932037,1784973436508,54.39999771118164
7fwEWRr0jZmgyS4HMVBd,218,14.5304044,120.9932072,1784973438500,54.39999771118164
7fwEWRr0jZmgyS4HMVBd,219,14.5302857,120.993195,1784973440650,54.39999771118164
7fwEWRr0jZmgyS4HMVBd,220,14.5301985,120.9931894,1784973442826,54.39999771118164
7fwEWRr0jZmgyS4HMVBd,221,14.5300745,120.9932008,1784973445635,50.09999847412109
7fwEWRr0jZmgyS4HMVBd,222,14.5299899,120.9932089,1784973447813,50.09999847412109
7fwEWRr0jZmgyS4HMVBd,223,14.5299016,120.9932181,1784973449656,50.09999847412109
7fwEWRr0jZmgyS4HMVBd,224,14.529842,120.9932257,1784973451493,50.09999847412109
7fwEWRr0jZmgyS4HMVBd,225,14.5297976,120.9932296,1784973453655,50.09999847412109
7fwEWRr0jZmgyS4HMVBd,226,14.5297661,120.9932306,1784973456341,50.09999847412109
7fwEWRr0jZmgyS4HMVBd,227,14.5297118,120.9932122,1784973458659,50.09999847412109
7fwEWRr0jZmgyS4HMVBd,228,14.5296568,120.9931481,1784973460661,50.09999847412109
7fwEWRr0jZmgyS4HMVBd,229,14.5295956,120.9928669,1784973463485,50.09999847412109
7fwEWRr0jZmgyS4HMVBd,230,14.5295684,120.9926134,1784973465482,50.09999847412109
7fwEWRr0jZmgyS4HMVBd,231,14.529561,120.9923716,1784973467489,50.09999847412109
7fwEWRr0jZmgyS4HMVBd,232,14.5295263,120.9921374,1784973469483,50.09999847412109
7fwEWRr0jZmgyS4HMVBd,233,14.5294777,120.9919178,1784973471485,50.09999847412109
7fwEWRr0jZmgyS4HMVBd,234,14.5294411,120.9917341,1784973473479,50.09999847412109
7fwEWRr0jZmgyS4HMVBd,235,14.529435,120.991591,1784973475323,50.09999847412109
7fwEWRr0jZmgyS4HMVBd,236,14.5294551,120.9914581,1784973477322,50.09999847412109
7fwEWRr0jZmgyS4HMVBd,237,14.5294437,120.9913177,1784973479332,50.09999847412109
7fwEWRr0jZmgyS4HMVBd,238,14.5294313,120.9911894,1784973481338,50.09999847412109
7fwEWRr0jZmgyS4HMVBd,239,14.5294217,120.9910642,1784973483330,50.09999847412109
7fwEWRr0jZmgyS4HMVBd,240,14.5294167,120.9909305,1784973485337,50.09999847412109
7fwEWRr0jZmgyS4HMVBd,241,14.529377,120.9907664,1784973487323,50.09999847412109
7fwEWRr0jZmgyS4HMVBd,242,14.5293398,120.990611,1784973489330,50.09999847412109
7fwEWRr0jZmgyS4HMVBd,243,14.529315,120.9904627,1784973491331,50.09999847412109
7fwEWRr0jZmgyS4HMVBd,244,14.5292977,120.9903704,1784973493336,50.09999847412109
7fwEWRr0jZmgyS4HMVBd,245,14.5292747,120.9902947,1784973495331,50.09999847412109
7fwEWRr0jZmgyS4HMVBd,246,14.5292718,120.9901655,1784973497330,50.09999847412109
7fwEWRr0jZmgyS4HMVBd,247,14.5292357,120.9899323,1784973499331,50.09999847412109
7fwEWRr0jZmgyS4HMVBd,248,14.5292033,120.9897128,1784973501333,50.09999847412109
7fwEWRr0jZmgyS4HMVBd,249,14.5291717,120.9895029,1784973503333,50.09999847412109
7fwEWRr0jZmgyS4HMVBd,250,14.5291509,120.9892684,1784973505332,50.09999847412109
7fwEWRr0jZmgyS4HMVBd,251,14.5291243,120.9890287,1784973507324,50.09999847412109
7fwEWRr0jZmgyS4HMVBd,252,14.5291479,120.9888023,1784973509336,50.09999847412109
7fwEWRr0jZmgyS4HMVBd,253,14.5291288,120.9886399,1784973511339,50.09999847412109
7fwEWRr0jZmgyS4HMVBd,254,14.5290955,120.9885149,1784973513331,50.09999847412109
7fwEWRr0jZmgyS4HMVBd,255,14.5290783,120.9883962,1784973515319,50.09999847412109
7fwEWRr0jZmgyS4HMVBd,256,14.5290585,120.9882563,1784973517327,50.09999847412109
7fwEWRr0jZmgyS4HMVBd,257,14.5290306,120.9880892,1784973519321,50.09999847412109
7fwEWRr0jZmgyS4HMVBd,258,14.5290159,120.9878772,1784973521323,50.09999847412109
7fwEWRr0jZmgyS4HMVBd,259,14.529022,120.9876238,1784973523326,50.09999847412109
7fwEWRr0jZmgyS4HMVBd,260,14.5290049,120.9873713,1784973525331,50.09999847412109
7fwEWRr0jZmgyS4HMVBd,261,14.5289792,120.9871265,1784973527320,50.09999847412109
7fwEWRr0jZmgyS4HMVBd,262,14.5289686,120.9868719,1784973529333,50.09999847412109
7fwEWRr0jZmgyS4HMVBd,263,14.5289428,120.9866085,1784973531333,50.09999847412109
7fwEWRr0jZmgyS4HMVBd,264,14.5289123,120.9863687,1784973533332,53.709
7fwEWRr0jZmgyS4HMVBd,265,14.5288663,120.9861294,1784973535333,56.191
7fwEWRr0jZmgyS4HMVBd,266,14.528836,120.9859526,1784973537489,58.716
7fwEWRr0jZmgyS4HMVBd,267,14.5288071,120.985781,1784973539639,62.377
7fwEWRr0jZmgyS4HMVBd,268,14.5287784,120.9856513,1784973541484,65.429
7fwEWRr0jZmgyS4HMVBd,269,14.5287534,120.9855641,1784973543479,68.701
7fwEWRr0jZmgyS4HMVBd,270,14.5287395,120.9855148,1784973545315,70.146
7fwEWRr0jZmgyS4HMVBd,271,14.5287241,120.9854816,1784973548322,74.994
80XRAbrYqgT3HEC0Fxjd,0,14.5141001,120.9904005,1784975972362,44.317
80XRAbrYqgT3HEC0Fxjd,1,14.5142275,120.9904022,1784975974348,50.70000076293945
80XRAbrYqgT3HEC0Fxjd,2,14.5144106,120.9904399,1784975976357,50.70000076293945
80XRAbrYqgT3HEC0Fxjd,3,14.5146187,120.9904757,1784975978360,40.226
80XRAbrYqgT3HEC0Fxjd,4,14.5147851,120.9905054,1784975980351,42.103
80XRAbrYqgT3HEC0Fxjd,5,14.5149287,120.9905359,1784975982355,40.801
80XRAbrYqgT3HEC0Fxjd,6,14.5151745,120.9905457,1784975984351,39.747
80XRAbrYqgT3HEC0Fxjd,7,14.5154142,120.9905613,1784975986348,50.70000076293945
80XRAbrYqgT3HEC0Fxjd,8,14.5156595,120.9905944,1784975988345,44.857
80XRAbrYqgT3HEC0Fxjd,9,14.5159236,120.9906175,1784975990357,49.531
80XRAbrYqgT3HEC0Fxjd,10,14.5161936,120.9906395,1784975992344,52.18
80XRAbrYqgT3HEC0Fxjd,11,14.516484,120.9906687,1784975994362,56.791
80XRAbrYqgT3HEC0Fxjd,12,14.5166869,120.9906883,1784975996347,57.245
80XRAbrYqgT3HEC0Fxjd,13,14.5168746,120.9907226,1784975998361,58.88
80XRAbrYqgT3HEC0Fxjd,14,14.5170837,120.9907237,1784976000352,60.603
80XRAbrYqgT3HEC0Fxjd,15,14.5172819,120.9907591,1784976002352,59.508
80XRAbrYqgT3HEC0Fxjd,16,14.5174915,120.9908015,1784976004351,55.987
80XRAbrYqgT3HEC0Fxjd,17,14.5176895,120.9908462,1784976006346,50.70000076293945
80XRAbrYqgT3HEC0Fxjd,18,14.5178969,120.9908942,1784976008351,50.70000076293945
80XRAbrYqgT3HEC0Fxjd,19,14.5181273,120.9909637,1784976010353,50.70000076293945
80XRAbrYqgT3HEC0Fxjd,20,14.5183455,120.9909555,1784976012351,50.70000076293945
80XRAbrYqgT3HEC0Fxjd,21,14.5185838,120.9909529,1784976014362,47.078
80XRAbrYqgT3HEC0Fxjd,22,14.518818,120.9909511,1784976016365,45.259
80XRAbrYqgT3HEC0Fxjd,23,14.5190482,120.9909592,1784976018361,44.564
80XRAbrYqgT3HEC0Fxjd,24,14.5192373,120.9909636,1784976020359,45.432
80XRAbrYqgT3HEC0Fxjd,25,14.5193972,120.990988,1784976022361,46.911
80XRAbrYqgT3HEC0Fxjd,26,14.5195315,120.9909936,1784976024364,45.861
80XRAbrYqgT3HEC0Fxjd,27,14.5196498,120.9909795,1784976026375,46.626
80XRAbrYqgT3HEC0Fxjd,28,14.5197441,120.9909621,1784976028366,47.957
80XRAbrYqgT3HEC0Fxjd,29,14.5198377,120.9909512,1784976030370,49.905
80XRAbrYqgT3HEC0Fxjd,30,14.5199273,120.9909743,1784976032360,51.782
80XRAbrYqgT3HEC0Fxjd,31,14.5200159,120.9909892,1784976034362,53.428
80XRAbrYqgT3HEC0Fxjd,32,14.5200948,120.9910012,1784976036370,55.232
80XRAbrYqgT3HEC0Fxjd,33,14.5201687,120.991007,1784976038371,58.45
80XRAbrYqgT3HEC0Fxjd,34,14.5202616,120.9910192,1784976040351,59.194
80XRAbrYqgT3HEC0Fxjd,35,14.5203418,120.9910218,1784976042365,60.336
80XRAbrYqgT3HEC0Fxjd,36,14.5204375,120.9910291,1784976044356,58.963
80XRAbrYqgT3HEC0Fxjd,37,14.5205295,120.9910296,1784976046359,59.239
80XRAbrYqgT3HEC0Fxjd,38,14.5206161,120.991025,1784976048382,48.09999847412109
80XRAbrYqgT3HEC0Fxjd,39,14.5207338,120.9910141,1784976050356,48.09999847412109
80XRAbrYqgT3HEC0Fxjd,40,14.5208395,120.991009,1784976052358,48.09999847412109
80XRAbrYqgT3HEC0Fxjd,41,14.5209297,120.9910044,1784976054353,48.09999847412109
80XRAbrYqgT3HEC0Fxjd,42,14.5210205,120.991002,1784976056357,48.09999847412109
80XRAbrYqgT3HEC0Fxjd,43,14.5210865,120.990992,1784976058356,48.09999847412109
80XRAbrYqgT3HEC0Fxjd,44,14.5211503,120.9909983,1784976060359,48.09999847412109
80XRAbrYqgT3HEC0Fxjd,45,14.5212371,120.9909833,1784976062345,48.09999847412109
80XRAbrYqgT3HEC0Fxjd,46,14.5213376,120.9909548,1784976064351,48.09999847412109
80XRAbrYqgT3HEC0Fxjd,47,14.5214377,120.9909246,1784976066354,48.09999847412109
80XRAbrYqgT3HEC0Fxjd,48,14.5215495,120.9909096,1784976068345,48.09999847412109
80XRAbrYqgT3HEC0Fxjd,49,14.521666,120.990882,1784976070357,48.09999847412109
80XRAbrYqgT3HEC0Fxjd,50,14.5217637,120.9908604,1784976072360,48.09999847412109
80XRAbrYqgT3HEC0Fxjd,51,14.5218822,120.9908303,1784976074365,48.09999847412109
80XRAbrYqgT3HEC0Fxjd,52,14.5220004,120.9908016,1784976076363,48.09999847412109
80XRAbrYqgT3HEC0Fxjd,53,14.522131,120.9907813,1784976078360,48.09999847412109
80XRAbrYqgT3HEC0Fxjd,54,14.5222015,120.9907741,1784976080373,48.09999847412109
80XRAbrYqgT3HEC0Fxjd,55,14.522264,120.9907714,1784976082371,48.09999847412109
80XRAbrYqgT3HEC0Fxjd,56,14.5223123,120.99076,1784976084368,48.09999847412109
80XRAbrYqgT3HEC0Fxjd,57,14.522365,120.990742,1784976086369,48.09999847412109
80XRAbrYqgT3HEC0Fxjd,58,14.5224238,120.9907352,1784976088365,48.09999847412109
80XRAbrYqgT3HEC0Fxjd,59,14.5225198,120.9907057,1784976090371,48.09999847412109
80XRAbrYqgT3HEC0Fxjd,60,14.5226673,120.9906676,1784976092364,48.09999847412109
80XRAbrYqgT3HEC0Fxjd,61,14.5228744,120.9906232,1784976094369,48.09999847412109
80XRAbrYqgT3HEC0Fxjd,62,14.5230769,120.9906004,1784976096371,48.09999847412109
80XRAbrYqgT3HEC0Fxjd,63,14.5232888,120.9905804,1784976098354,48.09999847412109
80XRAbrYqgT3HEC0Fxjd,64,14.5234907,120.9905749,1784976100346,48.09999847412109
80XRAbrYqgT3HEC0Fxjd,65,14.5236998,120.9905536,1784976102350,48.09999847412109
80XRAbrYqgT3HEC0Fxjd,66,14.5239131,120.9904991,1784976104349,48.09999847412109
80XRAbrYqgT3HEC0Fxjd,67,14.5241127,120.9904555,1784976106351,48.09999847412109
80XRAbrYqgT3HEC0Fxjd,68,14.5242817,120.9904267,1784976108349,48.09999847412109
80XRAbrYqgT3HEC0Fxjd,69,14.5244321,120.9904101,1784976110352,48.09999847412109
80XRAbrYqgT3HEC0Fxjd,70,14.5245757,120.9903998,1784976112515,48.09999847412109
80XRAbrYqgT3HEC0Fxjd,71,14.5246683,120.9903801,1784976114365,48.09999847412109
80XRAbrYqgT3HEC0Fxjd,72,14.5247296,120.990363,1784976116381,48.09999847412109
80XRAbrYqgT3HEC0Fxjd,73,14.5247716,120.990336,1784976118375,48.09999847412109
80XRAbrYqgT3HEC0Fxjd,74,14.5247576,120.9903195,1784976127368,76.0999984741211
80XRAbrYqgT3HEC0Fxjd,75,14.5247669,120.990346,1784976180381,48.59999847412109
80XRAbrYqgT3HEC0Fxjd,76,14.5247772,120.9903637,1784976193370,29.518
80XRAbrYqgT3HEC0Fxjd,77,14.5247839,120.9903852,1784976200388,48.5
80XRAbrYqgT3HEC0Fxjd,78,14.5248242,120.9903864,1784976212377,82.5
80XRAbrYqgT3HEC0Fxjd,79,14.5249131,120.9903793,1784976214379,82.0
80XRAbrYqgT3HEC0Fxjd,80,14.5250806,120.9903622,1784976216380,82.0
80XRAbrYqgT3HEC0Fxjd,81,14.5252616,120.9903447,1784976218369,82.0
80XRAbrYqgT3HEC0Fxjd,82,14.525433,120.990336,1784976220369,82.0
80XRAbrYqgT3HEC0Fxjd,83,14.5256729,120.9903163,1784976222369,82.0
80XRAbrYqgT3HEC0Fxjd,84,14.5259411,120.9902706,1784976224366,82.0
80XRAbrYqgT3HEC0Fxjd,85,14.5261949,120.9902374,1784976226364,82.0
80XRAbrYqgT3HEC0Fxjd,86,14.5264443,120.9902191,1784976228366,82.0
80XRAbrYqgT3HEC0Fxjd,87,14.5266882,120.9902042,1784976230373,82.0
80XRAbrYqgT3HEC0Fxjd,88,14.5269486,120.99015,1784976232377,82.0
80XRAbrYqgT3HEC0Fxjd,89,14.5271847,120.99011,1784976234372,82.0
80XRAbrYqgT3HEC0Fxjd,90,14.5274285,120.9900976,1784976236365,82.0
80XRAbrYqgT3HEC0Fxjd,91,14.5276516,120.990058,1784976238383,82.0
80XRAbrYqgT3HEC0Fxjd,92,14.5278792,120.9900303,1784976240380,82.0
80XRAbrYqgT3HEC0Fxjd,93,14.5281363,120.9899948,1784976242375,82.0
80XRAbrYqgT3HEC0Fxjd,94,14.5284091,120.9899386,1784976244376,82.0
80XRAbrYqgT3HEC0Fxjd,95,14.5286766,120.9898732,1784976246385,82.0
80XRAbrYqgT3HEC0Fxjd,96,14.5289123,120.9898631,1784976248379,82.0
80XRAbrYqgT3HEC0Fxjd,97,14.5291387,120.9898442,1784976250381,82.0
80XRAbrYqgT3HEC0Fxjd,98,14.5293325,120.9898586,1784976252387,82.0
80XRAbrYqgT3HEC0Fxjd,99,14.529495,120.9898551,1784976254384,82.0
80XRAbrYqgT3HEC0Fxjd,100,14.5296256,120.9898643,1784976256382,82.0
80XRAbrYqgT3HEC0Fxjd,101,14.5297808,120.989859,1784976258380,82.0
80XRAbrYqgT3HEC0Fxjd,102,14.5299265,120.9898428,1784976260385,82.0
80XRAbrYqgT3HEC0Fxjd,103,14.5300364,120.9898473,1784976262381,82.0
80XRAbrYqgT3HEC0Fxjd,104,14.5300824,120.9898881,1784976264388,82.0
80XRAbrYqgT3HEC0Fxjd,105,14.5301495,120.9899663,1784976266386,82.0
80XRAbrYqgT3HEC0Fxjd,106,14.530166,120.9899745,1784976273385,82.0
80XRAbrYqgT3HEC0Fxjd,107,14.5301729,120.9900006,1784976287378,48.29999923706055
80XRAbrYqgT3HEC0Fxjd,108,14.5302026,120.9899971,1784976352370,48.29999923706055
80XRAbrYqgT3HEC0Fxjd,109,14.5302224,120.9899885,1784976355374,48.29999923706055
80XRAbrYqgT3HEC0Fxjd,110,14.5302404,120.9899756,1784976396385,48.29999923706055
80XRAbrYqgT3HEC0Fxjd,111,14.5302598,120.9899783,1784976398388,48.29999923706055
80XRAbrYqgT3HEC0Fxjd,112,14.5302779,120.9899949,1784976407381,48.29999923706055
80XRAbrYqgT3HEC0Fxjd,113,14.5302934,120.9900142,1784976412382,48.29999923706055
80XRAbrYqgT3HEC0Fxjd,114,14.5303013,120.9900316,1784976414369,48.29999923706055
80XRAbrYqgT3HEC0Fxjd,115,14.530321,120.9900637,1784976434381,48.20000076293945
80XRAbrYqgT3HEC0Fxjd,116,14.530334,120.9900798,1784976437379,48.20000076293945
80XRAbrYqgT3HEC0Fxjd,117,14.5303488,120.9900983,1784976443373,48.29999923706055
80XRAbrYqgT3HEC0Fxjd,118,14.5303659,120.9901195,1784976449382,48.20000076293945
80XRAbrYqgT3HEC0Fxjd,119,14.5303849,120.9901431,1784976451372,48.20000076293945
80XRAbrYqgT3HEC0Fxjd,120,14.5304108,120.9901754,1784976453393,48.20000076293945
80XRAbrYqgT3HEC0Fxjd,121,14.5304484,120.9902086,1784976455404,48.20000076293945
80XRAbrYqgT3HEC0Fxjd,122,14.5305341,120.9901578,1784976457388,48.20000076293945
80XRAbrYqgT3HEC0Fxjd,123,14.5306655,120.990066,1784976459388,48.20000076293945
80XRAbrYqgT3HEC0Fxjd,124,14.5308826,120.9899879,1784976461381,48.20000076293945
80XRAbrYqgT3HEC0Fxjd,125,14.5311137,120.9899285,1784976463386,48.20000076293945
80XRAbrYqgT3HEC0Fxjd,126,14.5313402,120.9898898,1784976465380,48.20000076293945
80XRAbrYqgT3HEC0Fxjd,127,14.531561,120.989854,1784976467382,48.20000076293945
80XRAbrYqgT3HEC0Fxjd,128,14.5317477,120.9898215,1784976469373,48.20000076293945
80XRAbrYqgT3HEC0Fxjd,129,14.5319362,120.9897936,1784976471390,48.20000076293945
80XRAbrYqgT3HEC0Fxjd,130,14.5321642,120.9897655,1784976473388,48.20000076293945
80XRAbrYqgT3HEC0Fxjd,131,14.5324192,120.989756,1784976475387,48.20000076293945
80XRAbrYqgT3HEC0Fxjd,132,14.5326972,120.989729,1784976477381,48.20000076293945
80XRAbrYqgT3HEC0Fxjd,133,14.5329767,120.9897005,1784976479383,48.20000076293945
80XRAbrYqgT3HEC0Fxjd,134,14.5332444,120.9896559,1784976481377,48.20000076293945
80XRAbrYqgT3HEC0Fxjd,135,14.5335091,120.9896049,1784976483373,48.20000076293945
80XRAbrYqgT3HEC0Fxjd,136,14.5337685,120.9895513,1784976485374,48.20000076293945
80XRAbrYqgT3HEC0Fxjd,137,14.5340187,120.989516,1784976487371,48.20000076293945
80XRAbrYqgT3HEC0Fxjd,138,14.5342264,120.9894807,1784976489377,48.20000076293945
80XRAbrYqgT3HEC0Fxjd,139,14.5344052,120.9894507,1784976491373,48.20000076293945
80XRAbrYqgT3HEC0Fxjd,140,14.5345447,120.9894299,1784976493371,48.20000076293945
80XRAbrYqgT3HEC0Fxjd,141,14.5346615,120.989411,1784976495355,48.20000076293945
80XRAbrYqgT3HEC0Fxjd,142,14.5347501,120.9894,1784976497353,48.20000076293945
80XRAbrYqgT3HEC0Fxjd,143,14.5347969,120.9894051,1784976499372,48.20000076293945
80XRAbrYqgT3HEC0Fxjd,144,14.5348297,120.9894058,1784976503361,48.20000076293945
80XRAbrYqgT3HEC0Fxjd,145,14.5349017,120.9894241,1784976505365,48.20000076293945
80XRAbrYqgT3HEC0Fxjd,146,14.5349521,120.9893959,1784976507366,48.20000076293945
80XRAbrYqgT3HEC0Fxjd,147,14.5350202,120.9893874,1784976509367,48.20000076293945
80XRAbrYqgT3HEC0Fxjd,148,14.5351171,120.9893775,1784976511358,48.20000076293945
8katGW3zX0OJQWgCU1Xg,0,14.563403,120.996982,1785125176025,50.09999847412109
8katGW3zX0OJQWgCU1Xg,1,14.5634323,120.997143,1785125178029,50.09999847412109
8katGW3zX0OJQWgCU1Xg,2,14.5634599,120.9972967,1785125180030,50.09999847412109
8katGW3zX0OJQWgCU1Xg,3,14.5635229,120.9974369,1785125182036,50.09999847412109
8katGW3zX0OJQWgCU1Xg,4,14.5636092,120.9975525,1785125184034,50.09999847412109
8katGW3zX0OJQWgCU1Xg,5,14.5636961,120.9976601,1785125186036,50.09999847412109
8katGW3zX0OJQWgCU1Xg,6,14.5637689,120.9977689,1785125188049,50.09999847412109
8katGW3zX0OJQWgCU1Xg,7,14.5638346,120.9978607,1785125190062,50.09999847412109
8katGW3zX0OJQWgCU1Xg,8,14.563864,120.9979433,1785125192049,50.09999847412109
8katGW3zX0OJQWgCU1Xg,9,14.5638955,120.9980226,1785125194049,50.09999847412109
8katGW3zX0OJQWgCU1Xg,10,14.5639403,120.99807,1785125196046,50.09999847412109
8katGW3zX0OJQWgCU1Xg,11,14.5639853,120.9981158,1785125198042,50.09999847412109
8katGW3zX0OJQWgCU1Xg,12,14.5640132,120.9981671,1785125200057,50.09999847412109
8katGW3zX0OJQWgCU1Xg,13,14.5640262,120.9982138,1785125202054,50.09999847412109
8katGW3zX0OJQWgCU1Xg,14,14.5639758,120.9982486,1785125204055,50.09999847412109
8katGW3zX0OJQWgCU1Xg,15,14.563867,120.9982921,1785125206049,50.09999847412109
8katGW3zX0OJQWgCU1Xg,16,14.563706,120.9983264,1785125208042,50.09999847412109
8katGW3zX0OJQWgCU1Xg,17,14.5635485,120.9983816,1785125210045,50.09999847412109
8katGW3zX0OJQWgCU1Xg,18,14.5633963,120.9984159,1785125212036,50.09999847412109
8katGW3zX0OJQWgCU1Xg,19,14.5632516,120.9984521,1785125214036,50.09999847412109
8katGW3zX0OJQWgCU1Xg,20,14.5631243,120.9985061,1785125216036,50.09999847412109
8katGW3zX0OJQWgCU1Xg,21,14.5629904,120.998558,1785125218043,50.09999847412109
8katGW3zX0OJQWgCU1Xg,22,14.562842,120.9986106,1785125220051,50.09999847412109
8katGW3zX0OJQWgCU1Xg,23,14.562677,120.9986681,1785125222046,50.09999847412109
8katGW3zX0OJQWgCU1Xg,24,14.5625251,120.9987263,1785125224051,50.09999847412109
8katGW3zX0OJQWgCU1Xg,25,14.5623792,120.9987669,1785125226051,50.09999847412109
8katGW3zX0OJQWgCU1Xg,26,14.5622431,120.9988015,1785125228051,50.09999847412109
8katGW3zX0OJQWgCU1Xg,27,14.5621246,120.9988658,1785125230046,50.09999847412109
8katGW3zX0OJQWgCU1Xg,28,14.5620377,120.9989067,1785125232052,50.09999847412109
8katGW3zX0OJQWgCU1Xg,29,14.5619681,120.9989645,1785125234055,50.09999847412109
8katGW3zX0OJQWgCU1Xg,30,14.5618995,120.9990457,1785125236066,50.09999847412109
8katGW3zX0OJQWgCU1Xg,31,14.5618323,120.9991622,1785125238051,50.09999847412109
8katGW3zX0OJQWgCU1Xg,32,14.5617557,120.9992956,1785125240047,50.09999847412109
8katGW3zX0OJQWgCU1Xg,33,14.5616652,120.9994145,1785125242064,50.09999847412109
8katGW3zX0OJQWgCU1Xg,34,14.5615625,120.9995037,1785125244043,50.09999847412109
8katGW3zX0OJQWgCU1Xg,35,14.5614694,120.9995768,1785125246056,50.09999847412109
8katGW3zX0OJQWgCU1Xg,36,14.561439,120.9996012,1785125248054,50.09999847412109
8katGW3zX0OJQWgCU1Xg,37,14.5613974,120.9996521,1785125250056,50.09999847412109
8katGW3zX0OJQWgCU1Xg,38,14.5613461,120.999775,1785125252073,50.09999847412109
8katGW3zX0OJQWgCU1Xg,39,14.561273,120.9999006,1785125254067,50.09999847412109
8katGW3zX0OJQWgCU1Xg,40,14.5612176,121.0000639,1785125256064,50.09999847412109
8katGW3zX0OJQWgCU1Xg,41,14.5611605,121.0002266,1785125258056,50.09999847412109
8katGW3zX0OJQWgCU1Xg,42,14.561123,121.0003658,1785125260059,50.09999847412109
8katGW3zX0OJQWgCU1Xg,43,14.5611198,121.0005078,1785125262059,50.09999847412109
8katGW3zX0OJQWgCU1Xg,44,14.5611234,121.0006198,1785125264069,50.09999847412109
8katGW3zX0OJQWgCU1Xg,45,14.5611011,121.0007072,1785125266064,50.09999847412109
8katGW3zX0OJQWgCU1Xg,46,14.5610515,121.0007855,1785125268062,50.09999847412109
8katGW3zX0OJQWgCU1Xg,47,14.5609286,121.0008305,1785125270059,50.09999847412109
8katGW3zX0OJQWgCU1Xg,48,14.560799,121.0008534,1785125272066,50.09999847412109
8katGW3zX0OJQWgCU1Xg,49,14.5606846,121.0008931,1785125274062,50.09999847412109
8katGW3zX0OJQWgCU1Xg,50,14.5605714,121.0009252,1785125276062,50.09999847412109
8katGW3zX0OJQWgCU1Xg,51,14.5604418,121.0009642,1785125278061,50.09999847412109
8katGW3zX0OJQWgCU1Xg,52,14.5603034,121.0009989,1785125280055,50.09999847412109
8katGW3zX0OJQWgCU1Xg,53,14.5601697,121.0010379,1785125282054,50.09999847412109
8katGW3zX0OJQWgCU1Xg,54,14.5600379,121.0010557,1785125284060,50.09999847412109
8katGW3zX0OJQWgCU1Xg,55,14.5599111,121.0010863,1785125286057,50.09999847412109
8katGW3zX0OJQWgCU1Xg,56,14.5598041,121.0011081,1785125288060,50.09999847412109
8katGW3zX0OJQWgCU1Xg,57,14.5597166,121.0011283,1785125290061,50.09999847412109
8katGW3zX0OJQWgCU1Xg,58,14.5596149,121.0011627,1785125292059,50.09999847412109
8katGW3zX0OJQWgCU1Xg,59,14.5594837,121.001208,1785125294065,50.09999847412109
8katGW3zX0OJQWgCU1Xg,60,14.5593592,121.0012398,1785125296060,50.09999847412109
8katGW3zX0OJQWgCU1Xg,61,14.5592592,121.0012762,1785125298057,50.09999847412109
8katGW3zX0OJQWgCU1Xg,62,14.559154,121.0012948,1785125300065,50.09999847412109
8katGW3zX0OJQWgCU1Xg,63,14.5590425,121.0013243,1785125302067,50.09999847412109
8katGW3zX0OJQWgCU1Xg,64,14.558905,121.0013529,1785125304062,50.09999847412109
8katGW3zX0OJQWgCU1Xg,65,14.5587831,121.0013974,1785125306062,50.09999847412109
8katGW3zX0OJQWgCU1Xg,66,14.558649,121.001459,1785125308053,50.09999847412109
8katGW3zX0OJQWgCU1Xg,67,14.5585112,121.0014884,1785125310056,50.09999847412109
8katGW3zX0OJQWgCU1Xg,68,14.5583564,121.001513,1785125312064,50.09999847412109
8katGW3zX0OJQWgCU1Xg,69,14.5581991,121.0015549,1785125314080,65.097
8katGW3zX0OJQWgCU1Xg,70,14.5580494,121.0015874,1785125316070,65.885
8katGW3zX0OJQWgCU1Xg,71,14.5579213,121.0016187,1785125318066,67.626
8katGW3zX0OJQWgCU1Xg,72,14.5577881,121.0016517,1785125320067,67.301
8katGW3zX0OJQWgCU1Xg,73,14.557653,121.0016846,1785125322067,65.821
8katGW3zX0OJQWgCU1Xg,74,14.5575048,121.0017333,1785125324069,65.626
8katGW3zX0OJQWgCU1Xg,75,14.5573437,121.0017665,1785125326057,65.417
8katGW3zX0OJQWgCU1Xg,76,14.5571741,121.0018006,1785125328063,63.908
8katGW3zX0OJQWgCU1Xg,77,14.5569974,121.0018314,1785125330061,62.221
8katGW3zX0OJQWgCU1Xg,78,14.5568282,121.0018784,1785125332066,61.416
8katGW3zX0OJQWgCU1Xg,79,14.5566656,121.0019223,1785125334062,62.204
8katGW3zX0OJQWgCU1Xg,80,14.5565177,121.0019515,1785125336058,60.309
8katGW3zX0OJQWgCU1Xg,81,14.5563848,121.0020032,1785125338064,60.923
8katGW3zX0OJQWgCU1Xg,82,14.5562657,121.0020227,1785125340063,61.704
8katGW3zX0OJQWgCU1Xg,83,14.556156,121.00205,1785125342065,60.933
8katGW3zX0OJQWgCU1Xg,84,14.5560553,121.0020696,1785125344064,55.774
8katGW3zX0OJQWgCU1Xg,85,14.5559283,121.0021044,1785125346059,53.213
8katGW3zX0OJQWgCU1Xg,86,14.5558401,121.0021108,1785125348062,52.615
8katGW3zX0OJQWgCU1Xg,87,14.5557702,121.002125,1785125350064,52.121
8katGW3zX0OJQWgCU1Xg,88,14.5556915,121.0021314,1785125352058,52.37
8katGW3zX0OJQWgCU1Xg,89,14.5556349,121.0021571,1785125354074,55.265
8katGW3zX0OJQWgCU1Xg,90,14.5556165,121.0021628,1785125368080,55.816
8katGW3zX0OJQWgCU1Xg,91,14.5555886,121.0021734,1785125377071,57.552
8katGW3zX0OJQWgCU1Xg,92,14.5555192,121.0021971,1785125399069,61.546
8katGW3zX0OJQWgCU1Xg,93,14.5554355,121.0022247,1785125401063,61.339
8katGW3zX0OJQWgCU1Xg,94,14.5553468,121.0022705,1785125403062,60.353
8katGW3zX0OJQWgCU1Xg,95,14.5552247,121.0023188,1785125405061,58.16
8katGW3zX0OJQWgCU1Xg,96,14.5550902,121.002347,1785125407060,58.477
8katGW3zX0OJQWgCU1Xg,97,14.5550014,121.0023677,1785125409057,56.837
8katGW3zX0OJQWgCU1Xg,98,14.554921,121.002386,1785125411052,55.55
8katGW3zX0OJQWgCU1Xg,99,14.5548523,121.0023915,1785125413052,55.479
8katGW3zX0OJQWgCU1Xg,100,14.554828,121.0024006,1785125415056,57.094
8katGW3zX0OJQWgCU1Xg,101,14.5547901,121.0024099,1785125419056,57.094
8katGW3zX0OJQWgCU1Xg,102,14.554808,121.0024659,1785125421043,57.004
8katGW3zX0OJQWgCU1Xg,103,14.5548764,121.0026045,1785125423051,57.563
8katGW3zX0OJQWgCU1Xg,104,14.5549531,121.0027962,1785125425056,60.447
8katGW3zX0OJQWgCU1Xg,105,14.5550362,121.0029881,1785125427054,63.973
8katGW3zX0OJQWgCU1Xg,106,14.5550956,121.0031651,1785125429051,64.92
8katGW3zX0OJQWgCU1Xg,107,14.5551554,121.0033173,1785125431055,62.959
8katGW3zX0OJQWgCU1Xg,108,14.5552046,121.0034782,1785125433053,62.414
8katGW3zX0OJQWgCU1Xg,109,14.5552603,121.0036446,1785125435047,62.134
8katGW3zX0OJQWgCU1Xg,110,14.5553,121.0038071,1785125437065,60.661
8katGW3zX0OJQWgCU1Xg,111,14.555333,121.0039536,1785125439038,60.772
8katGW3zX0OJQWgCU1Xg,112,14.5553728,121.0040697,1785125441049,59.465
8katGW3zX0OJQWgCU1Xg,113,14.5554131,121.0041485,1785125443050,58.273
8katGW3zX0OJQWgCU1Xg,114,14.5554457,121.0041872,1785125445060,56.34
8katGW3zX0OJQWgCU1Xg,115,14.5554996,121.0042658,1785125447057,53.567
8katGW3zX0OJQWgCU1Xg,116,14.555561,121.0044142,1785125449054,53.712
8katGW3zX0OJQWgCU1Xg,117,14.5556454,121.0045934,1785125451056,54.029
8katGW3zX0OJQWgCU1Xg,118,14.5557265,121.0047746,1785125453054,55.058
8katGW3zX0OJQWgCU1Xg,119,14.5558045,121.0049541,1785125455050,54.373
8katGW3zX0OJQWgCU1Xg,120,14.5558757,121.0051179,1785125457056,55.306
8katGW3zX0OJQWgCU1Xg,121,14.5559479,121.0052878,1785125459054,56.314
8katGW3zX0OJQWgCU1Xg,122,14.5560301,121.0054502,1785125461050,59.088
8katGW3zX0OJQWgCU1Xg,123,14.5561145,121.0056053,1785125463050,59.869
8katGW3zX0OJQWgCU1Xg,124,14.556192,121.0057488,1785125465047,61.902
8katGW3zX0OJQWgCU1Xg,125,14.5562317,121.0058299,1785125467046,61.457
8katGW3zX0OJQWgCU1Xg,126,14.5562591,121.0058807,1785125469043,60.503
8katGW3zX0OJQWgCU1Xg,127,14.5562785,121.005917,1785125471044,56.794
8katGW3zX0OJQWgCU1Xg,128,14.5563161,121.0060045,1785125473035,57.966
8katGW3zX0OJQWgCU1Xg,129,14.5563506,121.0061207,1785125475034,58.082
8katGW3zX0OJQWgCU1Xg,130,14.5564299,121.0062546,1785125477038,60.704
8katGW3zX0OJQWgCU1Xg,131,14.5564826,121.0063752,1785125479036,62.926
8katGW3zX0OJQWgCU1Xg,132,14.5565461,121.0064866,1785125481041,64.253
8katGW3zX0OJQWgCU1Xg,133,14.5566098,121.0066094,1785125483043,65.413
8katGW3zX0OJQWgCU1Xg,134,14.5566757,121.006722,1785125485043,66.741
8katGW3zX0OJQWgCU1Xg,135,14.5567356,121.0068282,1785125487049,67.42
8katGW3zX0OJQWgCU1Xg,136,14.5568293,121.0069884,1785125490046,66.56
8katGW3zX0OJQWgCU1Xg,137,14.556891,121.0070886,1785125492047,65.815
8katGW3zX0OJQWgCU1Xg,138,14.5569266,121.0071685,1785125494049,65.215
8katGW3zX0OJQWgCU1Xg,139,14.556959,121.0072336,1785125496048,62.998
8katGW3zX0OJQWgCU1Xg,140,14.5569804,121.0072918,1785125498044,61.462
8katGW3zX0OJQWgCU1Xg,141,14.5569863,121.0073565,1785125500045,61.16
8katGW3zX0OJQWgCU1Xg,142,14.5569957,121.0073781,1785125504046,61.682
8katGW3zX0OJQWgCU1Xg,143,14.5570193,121.0074209,1785125506037,62.083
8katGW3zX0OJQWgCU1Xg,144,14.5570351,121.0074478,1785125508033,62.199
8katGW3zX0OJQWgCU1Xg,145,14.5570586,121.0074684,1785125510032,62.114
8katGW3zX0OJQWgCU1Xg,146,14.5570947,121.0075223,1785125512034,62.471
8katGW3zX0OJQWgCU1Xg,147,14.5571259,121.0075508,1785125514041,62.378
8katGW3zX0OJQWgCU1Xg,148,14.5571252,121.0075706,1785125516044,61.613
8katGW3zX0OJQWgCU1Xg,149,14.5571076,121.0075807,1785125518047,59.691
8katGW3zX0OJQWgCU1Xg,150,14.5570887,121.0075875,1785125528037,58.751
8katGW3zX0OJQWgCU1Xg,151,14.5570675,121.0075938,1785125580043,57.223
8katGW3zX0OJQWgCU1Xg,152,14.5570619,121.0076302,1785125582043,58.386
8katGW3zX0OJQWgCU1Xg,153,14.5570411,121.007682,1785125584035,57.495
8katGW3zX0OJQWgCU1Xg,154,14.5570106,121.0077392,1785125586033,56.571
8katGW3zX0OJQWgCU1Xg,155,14.5570275,121.0078444,1785125588013,53.521
8katGW3zX0OJQWgCU1Xg,156,14.5570113,121.0079965,1785125590011,48.91
8katGW3zX0OJQWgCU1Xg,157,14.5569769,121.0081459,1785125592055,55.374
8katGW3zX0OJQWgCU1Xg,158,14.5569473,121.0082486,1785125594046,59.062
8katGW3zX0OJQWgCU1Xg,159,14.5569828,121.0083499,1785125596038,58.143
8katGW3zX0OJQWgCU1Xg,160,14.5570694,121.0084917,1785125598040,59.019
8katGW3zX0OJQWgCU1Xg,161,14.5571418,121.0086035,1785125600027,59.682
8katGW3zX0OJQWgCU1Xg,162,14.5572264,121.0087458,1785125602019,59.396
8katGW3zX0OJQWgCU1Xg,163,14.557299,121.0089204,1785125605021,57.213
8katGW3zX0OJQWgCU1Xg,164,14.5573221,121.0089933,1785125607014,57.125
8katGW3zX0OJQWgCU1Xg,165,14.5573806,121.0090987,1785125609026,61.461
8katGW3zX0OJQWgCU1Xg,166,14.5574427,121.0092529,1785125611021,66.544
8katGW3zX0OJQWgCU1Xg,167,14.5574787,121.009409,1785125613040,66.697
8katGW3zX0OJQWgCU1Xg,168,14.5575171,121.0095201,1785125615038,63.786
8katGW3zX0OJQWgCU1Xg,169,14.5575744,121.0096406,1785125617037,62.151
8katGW3zX0OJQWgCU1Xg,170,14.5576299,121.0097753,1785125619043,62.786
8katGW3zX0OJQWgCU1Xg,171,14.5576918,121.0099212,1785125621047,64.414
8katGW3zX0OJQWgCU1Xg,172,14.5577512,121.0100713,1785125623045,67.557
8katGW3zX0OJQWgCU1Xg,173,14.5578099,121.0102269,1785125625037,70.139
8katGW3zX0OJQWgCU1Xg,174,14.5578289,121.010362,1785125627043,71.664
8katGW3zX0OJQWgCU1Xg,175,14.5578591,121.0104854,1785125629029,73.636
8katGW3zX0OJQWgCU1Xg,176,14.5578988,121.0106194,1785125631030,76.204
8katGW3zX0OJQWgCU1Xg,177,14.5579291,121.0107291,1785125633029,77.021
8katGW3zX0OJQWgCU1Xg,178,14.5579307,121.0107841,1785125635036,76.777
8katGW3zX0OJQWgCU1Xg,179,14.5579484,121.0108218,1785125639037,76.777
8katGW3zX0OJQWgCU1Xg,180,14.5579381,121.0108394,1785125647025,75.844
8katGW3zX0OJQWgCU1Xg,181,14.5579473,121.0108591,1785125654019,75.844
8katGW3zX0OJQWgCU1Xg,182,14.5579604,121.0108871,1785125656005,75.844
8katGW3zX0OJQWgCU1Xg,183,14.5579386,121.0109141,1785125664037,80.615
8katGW3zX0OJQWgCU1Xg,184,14.5579487,121.0109357,1785125670047,80.615
AIZmgIucN0ef39BDcptn,0,14.571941,120.9941677,1785070939311,50.39999771118164
AIZmgIucN0ef39BDcptn,1,14.5719159,120.9941768,1785071006304,50.29999923706055
AIZmgIucN0ef39BDcptn,2,14.571878,120.9942057,1785071008295,50.29999923706055
AIZmgIucN0ef39BDcptn,3,14.5718229,120.9942415,1785071010336,50.29999923706055
AIZmgIucN0ef39BDcptn,4,14.5717697,120.9942734,1785071012327,50.29999923706055
AIZmgIucN0ef39BDcptn,5,14.5716995,120.9943068,1785071014317,50.29999923706055
AIZmgIucN0ef39BDcptn,6,14.5716011,120.9943456,1785071016337,50.29999923706055
AIZmgIucN0ef39BDcptn,7,14.5715079,120.9944024,1785071018318,50.29999923706055
AIZmgIucN0ef39BDcptn,8,14.5713946,120.9944659,1785071020320,50.29999923706055
AIZmgIucN0ef39BDcptn,9,14.571322,120.9945244,1785071022316,50.29999923706055
AIZmgIucN0ef39BDcptn,10,14.571273,120.9945582,1785071024336,50.29999923706055
AIZmgIucN0ef39BDcptn,11,14.5712531,120.9945824,1785071028336,50.29999923706055
AIZmgIucN0ef39BDcptn,12,14.5712591,120.9946448,1785071030329,50.29999923706055
AIZmgIucN0ef39BDcptn,13,14.5713124,120.99475,1785071032322,50.29999923706055
AIZmgIucN0ef39BDcptn,14,14.5713473,120.9948419,1785071034302,50.29999923706055
AIZmgIucN0ef39BDcptn,15,14.5713545,120.9949199,1785071036307,50.29999923706055
AIZmgIucN0ef39BDcptn,16,14.5713839,120.9949722,1785071038108,50.29999923706055
AIZmgIucN0ef39BDcptn,17,14.5715081,120.9951594,1785071040288,50.29999923706055
AIZmgIucN0ef39BDcptn,18,14.5715586,120.9952417,1785071042290,50.29999923706055
AIZmgIucN0ef39BDcptn,19,14.5716096,120.9953106,1785071044314,50.29999923706055
AIZmgIucN0ef39BDcptn,20,14.5716605,120.9954116,1785071046290,50.29999923706055
AIZmgIucN0ef39BDcptn,21,14.5717055,120.9955054,1785071048304,50.29999923706055
AIZmgIucN0ef39BDcptn,22,14.5717636,120.9956214,1785071050327,50.29999923706055
AIZmgIucN0ef39BDcptn,23,14.5718253,120.9956878,1785071052320,50.29999923706055
AIZmgIucN0ef39BDcptn,24,14.5718619,120.9957445,1785071054309,50.29999923706055
AIZmgIucN0ef39BDcptn,25,14.5718886,120.9957601,1785071056280,50.29999923706055
AIZmgIucN0ef39BDcptn,26,14.5719377,120.9957585,1785071058294,50.29999923706055
AIZmgIucN0ef39BDcptn,27,14.5720427,120.9957142,1785071060280,50.29999923706055
AIZmgIucN0ef39BDcptn,28,14.5722065,120.9956646,1785071062285,50.29999923706055
AIZmgIucN0ef39BDcptn,29,14.5723785,120.9956077,1785071064284,50.29999923706055
AIZmgIucN0ef39BDcptn,30,14.5725236,120.9955354,1785071066299,50.29999923706055
AIZmgIucN0ef39BDcptn,31,14.5726887,120.995462,1785071068295,50.29999923706055
AIZmgIucN0ef39BDcptn,32,14.572844,120.9953868,1785071070304,50.29999923706055
AIZmgIucN0ef39BDcptn,33,14.5730125,120.9953128,1785071072278,50.29999923706055
AIZmgIucN0ef39BDcptn,34,14.5731817,120.9952174,1785071074280,50.29999923706055
AIZmgIucN0ef39BDcptn,35,14.5733432,120.9951312,1785071076271,50.29999923706055
AIZmgIucN0ef39BDcptn,36,14.5735202,120.9950733,1785071078283,50.29999923706055
AIZmgIucN0ef39BDcptn,37,14.5736627,120.9950264,1785071080289,50.29999923706055
AIZmgIucN0ef39BDcptn,38,14.573797,120.9949662,1785071082309,50.29999923706055
AIZmgIucN0ef39BDcptn,39,14.573931,120.9949168,1785071084306,50.29999923706055
AIZmgIucN0ef39BDcptn,40,14.5740331,120.994881,1785071086318,50.29999923706055
AIZmgIucN0ef39BDcptn,41,14.5740936,120.9948588,1785071088319,50.29999923706055
AIZmgIucN0ef39BDcptn,42,14.5741294,120.9948359,1785071090320,50.29999923706055
AIZmgIucN0ef39BDcptn,43,14.5741359,120.9948185,1785071092315,50.29999923706055
AIZmgIucN0ef39BDcptn,44,14.5741446,120.9947978,1785071095324,50.29999923706055
AIZmgIucN0ef39BDcptn,45,14.574162,120.9947523,1785071097302,50.20000076293945
AIZmgIucN0ef39BDcptn,46,14.5741966,120.9946679,1785071099291,50.20000076293945
AIZmgIucN0ef39BDcptn,47,14.5741623,120.9945638,1785071101311,50.20000076293945
AIZmgIucN0ef39BDcptn,48,14.5740488,120.9944582,1785071103301,50.20000076293945
AIZmgIucN0ef39BDcptn,49,14.5739077,120.9943342,1785071105301,50.20000076293945
AIZmgIucN0ef39BDcptn,50,14.5737459,120.9942051,1785071107315,50.20000076293945
AIZmgIucN0ef39BDcptn,51,14.5736078,120.9940925,1785071109306,50.20000076293945
AIZmgIucN0ef39BDcptn,52,14.5734636,120.9939971,1785071111315,50.20000076293945
AIZmgIucN0ef39BDcptn,53,14.5733194,120.9938903,1785071113309,50.20000076293945
AIZmgIucN0ef39BDcptn,54,14.5731726,120.9937696,1785071115322,50.20000076293945
AIZmgIucN0ef39BDcptn,55,14.5730405,120.9936696,1785071117316,50.20000076293945
AIZmgIucN0ef39BDcptn,56,14.5728921,120.9935697,1785071119310,50.20000076293945
AIZmgIucN0ef39BDcptn,57,14.5727688,120.9934597,1785071121302,50.20000076293945
AIZmgIucN0ef39BDcptn,58,14.572634,120.9933437,1785071123289,50.20000076293945
AIZmgIucN0ef39BDcptn,59,14.5724791,120.9932269,1785071125339,50.20000076293945
AIZmgIucN0ef39BDcptn,60,14.572339,120.9931195,1785071127298,50.20000076293945
AIZmgIucN0ef39BDcptn,61,14.5722002,120.9930055,1785071129311,50.20000076293945
AIZmgIucN0ef39BDcptn,62,14.5720538,120.9928781,1785071131320,50.20000076293945
AIZmgIucN0ef39BDcptn,63,14.5719098,120.9927638,1785071133324,50.20000076293945
AIZmgIucN0ef39BDcptn,64,14.5717732,120.9926658,1785071135293,50.20000076293945
AIZmgIucN0ef39BDcptn,65,14.5716546,120.9925911,1785071137292,50.20000076293945
AIZmgIucN0ef39BDcptn,66,14.5715552,120.9925225,1785071139305,50.20000076293945
AIZmgIucN0ef39BDcptn,67,14.5715062,120.992468,1785071141342,50.20000076293945
AIZmgIucN0ef39BDcptn,68,14.5714542,120.9924227,1785071143317,50.20000076293945
AIZmgIucN0ef39BDcptn,69,14.5714075,120.9923857,1785071145291,50.20000076293945
AIZmgIucN0ef39BDcptn,70,14.5713455,120.9922968,1785071147318,50.20000076293945
AIZmgIucN0ef39BDcptn,71,14.571265,120.9922559,1785071149290,51.79999923706055
AIZmgIucN0ef39BDcptn,72,14.5712069,120.9922118,1785071151333,51.79999923706055
AIZmgIucN0ef39BDcptn,73,14.5711014,120.992184,1785071153337,51.79999923706055
AIZmgIucN0ef39BDcptn,74,14.571029,120.9921234,1785071155299,51.79999923706055
AIZmgIucN0ef39BDcptn,75,14.570949,120.9920577,1785071157331,51.79999923706055
AIZmgIucN0ef39BDcptn,76,14.5708744,120.9920088,1785071159326,51.79999923706055
AIZmgIucN0ef39BDcptn,77,14.5708243,120.9919599,1785071161335,51.79999923706055
AIZmgIucN0ef39BDcptn,78,14.570751,120.9919268,1785071163300,49.79999923706055
AIZmgIucN0ef39BDcptn,79,14.5706733,120.9918615,1785071165316,49.79999923706055
AIZmgIucN0ef39BDcptn,80,14.5706193,120.9917979,1785071167322,49.79999923706055
AIZmgIucN0ef39BDcptn,81,14.5705612,120.9917452,1785071169295,49.79999923706055
AIZmgIucN0ef39BDcptn,82,14.5705145,120.9917115,1785071171340,49.79999923706055
AIZmgIucN0ef39BDcptn,83,14.5705023,120.9916857,1785071173312,49.59999847412109
AIZmgIucN0ef39BDcptn,84,14.5704997,120.9916556,1785071175282,49.59999847412109
AIZmgIucN0ef39BDcptn,85,14.5705123,120.9916284,1785071179322,49.59999847412109
AIZmgIucN0ef39BDcptn,86,14.5705042,120.9916101,1785071194334,49.59999847412109
AIZmgIucN0ef39BDcptn,87,14.5704703,120.991582,1785071196357,49.59999847412109
AIZmgIucN0ef39BDcptn,88,14.570408,120.9915282,1785071198283,49.59999847412109
AIZmgIucN0ef39BDcptn,89,14.5703217,120.9914483,1785071200337,49.59999847412109
AIZmgIucN0ef39BDcptn,90,14.5702643,120.9913443,1785071202350,49.59999847412109
AIZmgIucN0ef39BDcptn,91,14.5701893,120.9913013,1785071204331,49.59999847412109
AIZmgIucN0ef39BDcptn,92,14.5701105,120.9912757,1785071206345,49.59999847412109
AIZmgIucN0ef39BDcptn,93,14.5699952,120.9912013,1785071208311,49.59999847412109
AIZmgIucN0ef39BDcptn,94,14.5698318,120.9910998,1785071210369,49.59999847412109
AIZmgIucN0ef39BDcptn,95,14.5696513,120.9909764,1785071212376,49.59999847412109
AIZmgIucN0ef39BDcptn,96,14.5694623,120.9908402,1785071214322,49.59999847412109
AIZmgIucN0ef39BDcptn,97,14.5692775,120.9906926,1785071216302,49.59999847412109
AIZmgIucN0ef39BDcptn,98,14.5690997,120.9905454,1785071218336,49.59999847412109
AIZmgIucN0ef39BDcptn,99,14.5689298,120.9904072,1785071220354,49.59999847412109
AIZmgIucN0ef39BDcptn,100,14.5687532,120.9902572,1785071222333,49.59999847412109
AIZmgIucN0ef39BDcptn,101,14.5685774,120.9901191,1785071224348,49.59999847412109
AIZmgIucN0ef39BDcptn,102,14.568403,120.9899719,1785071226311,49.59999847412109
AIZmgIucN0ef39BDcptn,103,14.56822,120.98981,1785071228333,49.59999847412109
AIZmgIucN0ef39BDcptn,104,14.5680404,120.989667,1785071230338,49.59999847412109
AIZmgIucN0ef39BDcptn,105,14.5678829,120.9895482,1785071232372,49.59999847412109
AIZmgIucN0ef39BDcptn,106,14.5677294,120.9894271,1785071234343,49.59999847412109
AIZmgIucN0ef39BDcptn,107,14.5675727,120.9892895,1785071236369,49.59999847412109
AIZmgIucN0ef39BDcptn,108,14.5674365,120.9891745,1785071238323,49.59999847412109
AIZmgIucN0ef39BDcptn,109,14.5672891,120.9890752,1785071240334,51.0
AIZmgIucN0ef39BDcptn,110,14.5671604,120.9889922,1785071242349,49.59999847412109
AIZmgIucN0ef39BDcptn,111,14.5670347,120.9889021,1785071244301,49.59999847412109
AIZmgIucN0ef39BDcptn,112,14.5669039,120.9888028,1785071246351,49.59999847412109
AIZmgIucN0ef39BDcptn,113,14.5667569,120.9886967,1785071248334,49.59999847412109
AIZmgIucN0ef39BDcptn,114,14.5666133,120.9885683,1785071250321,49.59999847412109
AIZmgIucN0ef39BDcptn,115,14.5664603,120.9884461,1785071252348,49.59999847412109
AIZmgIucN0ef39BDcptn,116,14.5663001,120.9882953,1785071254347,49.59999847412109
AIZmgIucN0ef39BDcptn,117,14.5661267,120.9881629,1785071256302,49.59999847412109
AIZmgIucN0ef39BDcptn,118,14.565962,120.9880208,1785071258344,49.59999847412109
AIZmgIucN0ef39BDcptn,119,14.5657822,120.9878855,1785071260330,49.59999847412109
AIZmgIucN0ef39BDcptn,120,14.5656344,120.9877582,1785071262364,49.59999847412109
AIZmgIucN0ef39BDcptn,121,14.5655132,120.9876394,1785071264361,49.59999847412109
AIZmgIucN0ef39BDcptn,122,14.5654183,120.9875224,1785071266337,49.59999847412109
AIZmgIucN0ef39BDcptn,123,14.5653354,120.9873834,1785071268361,49.59999847412109
AIZmgIucN0ef39BDcptn,124,14.5652802,120.9872717,1785071270311,49.59999847412109
AIZmgIucN0ef39BDcptn,125,14.5652409,120.9871803,1785071272358,49.59999847412109
AIZmgIucN0ef39BDcptn,126,14.5652173,120.9871254,1785071274327,49.59999847412109
AIZmgIucN0ef39BDcptn,127,14.5652359,120.9871102,1785071276375,49.59999847412109
AIZmgIucN0ef39BDcptn,128,14.5652241,120.9870895,1785071306328,49.79999923706055
AIZmgIucN0ef39BDcptn,129,14.5651845,120.9870422,1785071308323,49.79999923706055
AIZmgIucN0ef39BDcptn,130,14.5651308,120.9869636,1785071310324,49.79999923706055
AIZmgIucN0ef39BDcptn,131,14.5650652,120.9868654,1785071312304,49.79999923706055
AIZmgIucN0ef39BDcptn,132,14.5650044,120.9867198,1785071314332,49.79999923706055
AIZmgIucN0ef39BDcptn,133,14.5649533,120.9865783,1785071316348,49.79999923706055
AIZmgIucN0ef39BDcptn,134,14.5649043,120.9864519,1785071318334,49.79999923706055
AIZmgIucN0ef39BDcptn,135,14.5648489,120.986308,1785071320311,49.79999923706055
AIZmgIucN0ef39BDcptn,136,14.5648015,120.986153,1785071322317,49.79999923706055
AIZmgIucN0ef39BDcptn,137,14.5647506,120.9860136,1785071324342,49.79999923706055
AIZmgIucN0ef39BDcptn,138,14.5647037,120.9858698,1785071326341,49.79999923706055
AIZmgIucN0ef39BDcptn,139,14.5646474,120.9857425,1785071328310,49.79999923706055
AIZmgIucN0ef39BDcptn,140,14.5645847,120.9856437,1785071330349,49.79999923706055
AIZmgIucN0ef39BDcptn,141,14.5645408,120.9855524,1785071332329,49.79999923706055
AIZmgIucN0ef39BDcptn,142,14.5645193,120.9854957,1785071334313,49.79999923706055
AIZmgIucN0ef39BDcptn,143,14.5645011,120.9854998,1785071339302,49.79999923706055
AIZmgIucN0ef39BDcptn,144,14.5644829,120.985491,1785071341311,52.0
AIZmgIucN0ef39BDcptn,145,14.5644718,120.9854644,1785071343301,53.0
AIZmgIucN0ef39BDcptn,146,14.5644506,120.9854543,1785071347304,52.0
AIZmgIucN0ef39BDcptn,147,14.5644643,120.9854371,1785071355355,53.0
AIZmgIucN0ef39BDcptn,148,14.5644444,120.9854221,1785071367385,53.0
AIZmgIucN0ef39BDcptn,149,14.5643983,120.9853118,1785071369369,54.0
AIZmgIucN0ef39BDcptn,150,14.5643195,120.9851825,1785071371344,54.0
AIZmgIucN0ef39BDcptn,151,14.5642283,120.9850981,1785071373327,49.20000076293945
AIZmgIucN0ef39BDcptn,152,14.5641271,120.985059,1785071375323,49.20000076293945
AIZmgIucN0ef39BDcptn,153,14.5640136,120.9850886,1785071377339,49.20000076293945
AIZmgIucN0ef39BDcptn,154,14.5638475,120.9851513,1785071379360,49.20000076293945
AIZmgIucN0ef39BDcptn,155,14.5636516,120.9852265,1785071381349,49.20000076293945
AIZmgIucN0ef39BDcptn,156,14.5634179,120.985316,1785071383382,49.20000076293945
AIZmgIucN0ef39BDcptn,157,14.5631872,120.9854166,1785071385349,49.20000076293945
AIZmgIucN0ef39BDcptn,158,14.5629709,120.9855187,1785071387350,49.20000076293945
AIZmgIucN0ef39BDcptn,159,14.5627277,120.9856242,1785071389353,49.20000076293945
AIZmgIucN0ef39BDcptn,160,14.5624813,120.985743,1785071391341,49.20000076293945
AIZmgIucN0ef39BDcptn,161,14.5622249,120.9858534,1785071393312,49.20000076293945
AIZmgIucN0ef39BDcptn,162,14.5619737,120.9859613,1785071395353,49.20000076293945
AIZmgIucN0ef39BDcptn,163,14.5617267,120.986077,1785071397338,49.20000076293945
AIZmgIucN0ef39BDcptn,164,14.5614725,120.9861838,1785071399374,49.20000076293945
AIZmgIucN0ef39BDcptn,165,14.561228,120.986284,1785071401341,49.20000076293945
AIZmgIucN0ef39BDcptn,166,14.5609913,120.9863846,1785071403305,49.20000076293945
AIZmgIucN0ef39BDcptn,167,14.560786,120.9864772,1785071405328,49.20000076293945
AIZmgIucN0ef39BDcptn,168,14.5606027,120.9865634,1785071407320,49.20000076293945
AIZmgIucN0ef39BDcptn,169,14.5604205,120.986635,1785071409357,49.20000076293945
AIZmgIucN0ef39BDcptn,170,14.5602469,120.9867168,1785071411302,49.20000076293945
AIZmgIucN0ef39BDcptn,171,14.560101,120.9867854,1785071413301,49.20000076293945
AIZmgIucN0ef39BDcptn,172,14.5599815,120.9868422,1785071415301,49.20000076293945
AIZmgIucN0ef39BDcptn,173,14.5598927,120.9868806,1785071417303,49.20000076293945
AIZmgIucN0ef39BDcptn,174,14.5598454,120.986905,1785071419351,49.20000076293945
AIZmgIucN0ef39BDcptn,175,14.5598201,120.9869314,1785071421286,49.20000076293945
AIZmgIucN0ef39BDcptn,176,14.5597917,120.9869735,1785071423307,49.20000076293945
AIZmgIucN0ef39BDcptn,177,14.5597555,120.9869812,1785071425379,49.20000076293945
AIZmgIucN0ef39BDcptn,178,14.5597225,120.9869832,1785071427322,49.20000076293945
AIZmgIucN0ef39BDcptn,179,14.5597066,120.9869715,1785071434327,49.59999847412109
AIZmgIucN0ef39BDcptn,180,14.5596831,120.986992,1785071451314,49.39999771118164
AIZmgIucN0ef39BDcptn,181,14.5596599,120.987011,1785071482346,49.20000076293945
AIZmgIucN0ef39BDcptn,182,14.5595554,120.9870377,1785071484358,49.20000076293945
AIZmgIucN0ef39BDcptn,183,14.5594055,120.9870976,1785071486339,49.20000076293945
AIZmgIucN0ef39BDcptn,184,14.5592381,120.9871657,1785071488307,49.20000076293945
AIZmgIucN0ef39BDcptn,185,14.5590402,120.9872559,1785071490354,49.20000076293945
AIZmgIucN0ef39BDcptn,186,14.5588147,120.9873637,1785071492302,49.20000076293945
AIZmgIucN0ef39BDcptn,187,14.55858,120.9874587,1785071494330,49.20000076293945
AIZmgIucN0ef39BDcptn,188,14.5583379,120.987556,1785071496352,49.20000076293945
AIZmgIucN0ef39BDcptn,189,14.5580724,120.9876443,1785071498302,49.20000076293945
AIZmgIucN0ef39BDcptn,190,14.5578085,120.98774,1785071500347,49.20000076293945
AIZmgIucN0ef39BDcptn,191,14.557545,120.9878279,1785071502356,49.20000076293945
AIZmgIucN0ef39BDcptn,192,14.5572784,120.9879244,1785071504342,49.20000076293945
AIZmgIucN0ef39BDcptn,193,14.5569928,120.9880119,1785071506336,49.20000076293945
AIZmgIucN0ef39BDcptn,194,14.556707,120.9880886,1785071508318,49.20000076293945
AIZmgIucN0ef39BDcptn,195,14.5564103,120.988159,1785071510299,49.20000076293945
AIZmgIucN0ef39BDcptn,196,14.5561146,120.9882502,1785071512309,49.20000076293945
AIZmgIucN0ef39BDcptn,197,14.555811,120.9883397,1785071514326,49.20000076293945
AIZmgIucN0ef39BDcptn,198,14.5555041,120.9884463,1785071516307,49.20000076293945
AIZmgIucN0ef39BDcptn,199,14.5552024,120.9885487,1785071518324,49.20000076293945
AIZmgIucN0ef39BDcptn,200,14.5548817,120.9886557,1785071520361,49.20000076293945
AIZmgIucN0ef39BDcptn,201,14.5545645,120.9887629,1785071522333,49.20000076293945
AIZmgIucN0ef39BDcptn,202,14.5542499,120.9888694,1785071524357,49.20000076293945
AIZmgIucN0ef39BDcptn,203,14.5539334,120.9889646,1785071526355,49.20000076293945
AIZmgIucN0ef39BDcptn,204,14.5536452,120.9890484,1785071528313,49.20000076293945
AIZmgIucN0ef39BDcptn,205,14.5533751,120.9891199,1785071530293,49.20000076293945
AIZmgIucN0ef39BDcptn,206,14.5530964,120.9891909,1785071532328,49.20000076293945
AIZmgIucN0ef39BDcptn,207,14.5528286,120.9892832,1785071534300,49.20000076293945
AIZmgIucN0ef39BDcptn,208,14.55257,120.989358,1785071536296,49.20000076293945
AIZmgIucN0ef39BDcptn,209,14.5522886,120.9894411,1785071538336,49.20000076293945
AIZmgIucN0ef39BDcptn,210,14.5520018,120.9895261,1785071540361,49.20000076293945
AIZmgIucN0ef39BDcptn,211,14.5517294,120.9896117,1785071542338,49.20000076293945
AIZmgIucN0ef39BDcptn,212,14.5514537,120.9896825,1785071544350,49.20000076293945
AIZmgIucN0ef39BDcptn,213,14.5511797,120.9897557,1785071546364,49.20000076293945
AIZmgIucN0ef39BDcptn,214,14.5509124,120.9898272,1785071548287,49.20000076293945
AIZmgIucN0ef39BDcptn,215,14.550628,120.989894,1785071550340,49.20000076293945
AIZmgIucN0ef39BDcptn,216,14.5503541,120.9899643,1785071552361,49.20000076293945
AIZmgIucN0ef39BDcptn,217,14.5500715,120.9900223,1785071554362,49.20000076293945
AIZmgIucN0ef39BDcptn,218,14.5497813,120.9900909,1785071556366,49.20000076293945
AIZmgIucN0ef39BDcptn,219,14.5495009,120.9901657,1785071558346,49.20000076293945
AIZmgIucN0ef39BDcptn,220,14.5492214,120.9902386,1785071560350,49.20000076293945
AIZmgIucN0ef39BDcptn,221,14.5489376,120.990294,1785071562287,49.20000076293945
AIZmgIucN0ef39BDcptn,222,14.5486534,120.9903473,1785071564361,49.20000076293945
AIZmgIucN0ef39BDcptn,223,14.5483636,120.9904276,1785071566373,49.20000076293945
AIZmgIucN0ef39BDcptn,224,14.5480682,120.9905037,1785071568296,50.0
AIZmgIucN0ef39BDcptn,225,14.5477565,120.9905764,1785071570368,49.0
AIZmgIucN0ef39BDcptn,226,14.5474588,120.9906439,1785071572352,49.0
AIZmgIucN0ef39BDcptn,227,14.5471522,120.9907283,1785071574331,50.0
AIZmgIucN0ef39BDcptn,228,14.5468458,120.9908027,1785071576338,49.0
AIZmgIucN0ef39BDcptn,229,14.5465401,120.9908756,1785071578323,48.0
AIZmgIucN0ef39BDcptn,230,14.5462377,120.9909428,1785071580351,49.0
AIZmgIucN0ef39BDcptn,231,14.5459375,120.9910074,1785071582341,48.0
AIZmgIucN0ef39BDcptn,232,14.5456492,120.9910682,1785071584314,49.0
AIZmgIucN0ef39BDcptn,233,14.5453697,120.9911373,1785071586367,48.0
AIZmgIucN0ef39BDcptn,234,14.5450712,120.9912113,1785071588342,48.0
AIZmgIucN0ef39BDcptn,235,14.5447661,120.991268,1785071590353,49.0
AIZmgIucN0ef39BDcptn,236,14.5444674,120.9913204,1785071592307,49.0
AIZmgIucN0ef39BDcptn,237,14.5441731,120.9913754,1785071594319,48.0
AIZmgIucN0ef39BDcptn,238,14.5438667,120.9914261,1785071596363,48.0
AIZmgIucN0ef39BDcptn,239,14.5435356,120.9914734,1785071598314,48.0
AIZmgIucN0ef39BDcptn,240,14.5432183,120.9915306,1785071600299,48.0
AIZmgIucN0ef39BDcptn,241,14.542903,120.9915804,1785071602334,49.0
AIZmgIucN0ef39BDcptn,242,14.542575,120.9916499,1785071604333,49.0
AIZmgIucN0ef39BDcptn,243,14.5422377,120.9917114,1785071606355,47.0
AIZmgIucN0ef39BDcptn,244,14.541913,120.9917757,1785071608312,47.0
AIZmgIucN0ef39BDcptn,245,14.5416079,120.9918349,1785071610383,47.0
AIZmgIucN0ef39BDcptn,246,14.541305,120.9918933,1785071612362,47.0
AIZmgIucN0ef39BDcptn,247,14.5409996,120.9919415,1785071614347,47.0
AIZmgIucN0ef39BDcptn,248,14.5407019,120.9919915,1785071616339,47.0
AIZmgIucN0ef39BDcptn,249,14.540394,120.9920287,1785071618323,47.0
AIZmgIucN0ef39BDcptn,250,14.5400766,120.9920773,1785071620302,47.0
AIZmgIucN0ef39BDcptn,251,14.539764,120.9921219,1785071622328,47.0
AIZmgIucN0ef39BDcptn,252,14.5394727,120.9921623,1785071624346,47.0
AIZmgIucN0ef39BDcptn,253,14.5391979,120.9921992,1785071626358,48.0
AIZmgIucN0ef39BDcptn,254,14.5389459,120.9922329,1785071628353,47.0
AIZmgIucN0ef39BDcptn,255,14.5386889,120.9922539,1785071630355,47.0
AIZmgIucN0ef39BDcptn,256,14.5384235,120.9922855,1785071632363,49.0
AIZmgIucN0ef39BDcptn,257,14.5381648,120.9923148,1785071634351,51.0
AIZmgIucN0ef39BDcptn,258,14.537893,120.9923441,1785071636357,52.0
AIZmgIucN0ef39BDcptn,259,14.5376095,120.9923769,1785071638298,54.0
AIZmgIucN0ef39BDcptn,260,14.5373181,120.9924106,1785071640364,56.0
AIZmgIucN0ef39BDcptn,261,14.5370373,120.992438,1785071642392,56.0
AIZmgIucN0ef39BDcptn,262,14.536777,120.9924736,1785071644346,56.0
AIZmgIucN0ef39BDcptn,263,14.5365585,120.9924958,1785071646352,55.0
AIZmgIucN0ef39BDcptn,264,14.5363864,120.9925263,1785071648333,55.0
AIZmgIucN0ef39BDcptn,265,14.536218,120.9925534,1785071650364,54.0
AIZmgIucN0ef39BDcptn,266,14.5360479,120.9925619,1785071652302,54.0
AIZmgIucN0ef39BDcptn,267,14.5358388,120.992579,1785071654327,54.0
AIZmgIucN0ef39BDcptn,268,14.5355928,120.9926114,1785071656335,52.0
AIZmgIucN0ef39BDcptn,269,14.5353335,120.9926477,1785071658314,50.0
AIZmgIucN0ef39BDcptn,270,14.5350855,120.9926861,1785071660295,50.0
AIZmgIucN0ef39BDcptn,271,14.5348476,120.9927149,1785071662361,50.0
AIZmgIucN0ef39BDcptn,272,14.5346161,120.9927419,1785071664331,50.0
AIZmgIucN0ef39BDcptn,273,14.5343654,120.9927724,1785071666358,48.0
AIZmgIucN0ef39BDcptn,274,14.5341185,120.9928054,1785071668345,48.0
AIZmgIucN0ef39BDcptn,275,14.5338699,120.9928299,1785071670344,47.0
AIZmgIucN0ef39BDcptn,276,14.5336161,120.9928573,1785071672328,47.0
AIZmgIucN0ef39BDcptn,277,14.5333548,120.9928877,1785071674362,47.0
AIZmgIucN0ef39BDcptn,278,14.5331089,120.99292,1785071676348,48.0
AIZmgIucN0ef39BDcptn,279,14.5328427,120.9929522,1785071678341,47.0
AIZmgIucN0ef39BDcptn,280,14.5325788,120.992982,1785071680345,48.0
AIZmgIucN0ef39BDcptn,281,14.5323034,120.9930059,1785071682369,48.0
AIZmgIucN0ef39BDcptn,282,14.5320148,120.9930413,1785071684361,48.0
AIZmgIucN0ef39BDcptn,283,14.5317127,120.9930883,1785071686345,48.0
AIZmgIucN0ef39BDcptn,284,14.5314089,120.9931324,1785071688334,49.0
AIZmgIucN0ef39BDcptn,285,14.5310933,120.9931718,1785071690324,49.0
AIZmgIucN0ef39BDcptn,286,14.530786,120.9932084,1785071692360,51.0
AIZmgIucN0ef39BDcptn,287,14.5304878,120.9932422,1785071694325,50.0
AIZmgIucN0ef39BDcptn,288,14.5302271,120.9932821,1785071696348,49.0
AIZmgIucN0ef39BDcptn,289,14.5299818,120.9932989,1785071698330,49.0
AIZmgIucN0ef39BDcptn,290,14.5297476,120.9933209,1785071700360,50.0
AIZmgIucN0ef39BDcptn,291,14.5295499,120.993354,1785071702352,50.0
AIZmgIucN0ef39BDcptn,292,14.5293708,120.9933757,1785071704282,50.0
AIZmgIucN0ef39BDcptn,293,14.5292006,120.9933853,1785071706362,49.0
AIZmgIucN0ef39BDcptn,294,14.5290595,120.9933996,1785071708333,47.0
AIZmgIucN0ef39BDcptn,295,14.5289478,120.9934106,1785071710345,47.0
AIZmgIucN0ef39BDcptn,296,14.5288478,120.9934115,1785071712358,48.0
AIZmgIucN0ef39BDcptn,297,14.5287402,120.9934143,1785071714322,47.0
AIZmgIucN0ef39BDcptn,298,14.5286217,120.993414,1785071716337,47.0
AIZmgIucN0ef39BDcptn,299,14.5284849,120.9934196,1785071718340,47.0
AIZmgIucN0ef39BDcptn,300,14.5283158,120.9934572,1785071720333,47.0
AIZmgIucN0ef39BDcptn,301,14.5281332,120.9934627,1785071722280,47.0
AIZmgIucN0ef39BDcptn,302,14.5279411,120.9935242,1785071724319,45.0
AIZmgIucN0ef39BDcptn,303,14.5277411,120.9935121,1785071726348,44.0
AIZmgIucN0ef39BDcptn,304,14.5275697,120.9935291,1785071728339,46.0
AIZmgIucN0ef39BDcptn,305,14.5274124,120.9935458,1785071730341,46.0
AIZmgIucN0ef39BDcptn,306,14.5272501,120.9935535,1785071732288,49.0
AIZmgIucN0ef39BDcptn,307,14.5270959,120.9935474,1785071734342,49.0
AIZmgIucN0ef39BDcptn,308,14.5269111,120.9935432,1785071736347,49.0
AIZmgIucN0ef39BDcptn,309,14.5267532,120.9935421,1785071738337,50.0
AIZmgIucN0ef39BDcptn,310,14.526602,120.9935748,1785071740340,50.0
AIZmgIucN0ef39BDcptn,311,14.5264542,120.9935938,1785071742356,50.0
AIZmgIucN0ef39BDcptn,312,14.5262995,120.9936036,1785071744305,50.0
AIZmgIucN0ef39BDcptn,313,14.5261355,120.9936243,1785071746323,50.0
AIZmgIucN0ef39BDcptn,314,14.5259637,120.9936443,1785071748350,49.0
AIZmgIucN0ef39BDcptn,315,14.5258163,120.9936564,1785071750337,48.0
AIZmgIucN0ef39BDcptn,316,14.5256739,120.9936629,1785071752340,48.0
AIZmgIucN0ef39BDcptn,317,14.5255392,120.9936569,1785071754306,48.0
AIZmgIucN0ef39BDcptn,318,14.5254025,120.9936513,1785071756305,48.0
AIZmgIucN0ef39BDcptn,319,14.5252404,120.9936548,1785071758320,48.0
AIZmgIucN0ef39BDcptn,320,14.5250523,120.9936441,1785071760357,48.0
AIZmgIucN0ef39BDcptn,321,14.5248484,120.9936349,1785071762358,47.0
AIZmgIucN0ef39BDcptn,322,14.5246394,120.993652,1785071764352,48.0
AIZmgIucN0ef39BDcptn,323,14.5243893,120.9936637,1785071766361,49.0
AIZmgIucN0ef39BDcptn,324,14.5241466,120.9936627,1785071768315,48.0
AIZmgIucN0ef39BDcptn,325,14.5239064,120.993638,1785071770310,47.0
AIZmgIucN0ef39BDcptn,326,14.5236626,120.9936304,1785071772279,47.0
AIZmgIucN0ef39BDcptn,327,14.5234204,120.9936237,1785071774305,47.0
AIZmgIucN0ef39BDcptn,328,14.5231672,120.993614,1785071776364,48.0
AIZmgIucN0ef39BDcptn,329,14.5229201,120.9935932,1785071778343,48.0
AIZmgIucN0ef39BDcptn,330,14.5226747,120.9935824,1785071780348,48.0
AIZmgIucN0ef39BDcptn,331,14.5224283,120.99359,1785071782304,47.0
AIZmgIucN0ef39BDcptn,332,14.5221782,120.9935888,1785071784304,48.0
AIZmgIucN0ef39BDcptn,333,14.5219281,120.9935709,1785071786356,48.0
AIZmgIucN0ef39BDcptn,334,14.5216506,120.9935505,1785071788316,48.0
AIZmgIucN0ef39BDcptn,335,14.5213625,120.9935181,1785071790361,48.0
AIZmgIucN0ef39BDcptn,336,14.5210754,120.9934918,1785071792307,48.0
AIZmgIucN0ef39BDcptn,337,14.5207826,120.9934781,1785071794325,48.0
AIZmgIucN0ef39BDcptn,338,14.5205102,120.9934696,1785071796339,48.0
AIZmgIucN0ef39BDcptn,339,14.520263,120.9934491,1785071798335,48.0
AIZmgIucN0ef39BDcptn,340,14.5200069,120.993433,1785071800308,49.0
AIZmgIucN0ef39BDcptn,341,14.5197395,120.9934158,1785071802302,49.0
AIZmgIucN0ef39BDcptn,342,14.519495,120.9933978,1785071804321,49.0
AIZmgIucN0ef39BDcptn,343,14.5192502,120.993394,1785071806328,48.0
AIZmgIucN0ef39BDcptn,344,14.5190296,120.993388,1785071808330,48.0
AIZmgIucN0ef39BDcptn,345,14.518826,120.9933889,1785071810331,48.0
AIZmgIucN0ef39BDcptn,346,14.518626,120.9933761,1785071812349,48.0
AIZmgIucN0ef39BDcptn,347,14.5184296,120.9933473,1785071814332,47.0
AIZmgIucN0ef39BDcptn,348,14.518271,120.9933393,1785071816313,47.0
AIZmgIucN0ef39BDcptn,349,14.5181279,120.9933153,1785071818325,46.0
AIZmgIucN0ef39BDcptn,350,14.5180104,120.9932858,1785071820294,46.0
AIZmgIucN0ef39BDcptn,351,14.5179137,120.9932705,1785071822297,46.0
AIZmgIucN0ef39BDcptn,352,14.517843,120.9932654,1785071824299,46.0
AIZmgIucN0ef39BDcptn,353,14.5177904,120.9932563,1785071826324,47.0
AIZmgIucN0ef39BDcptn,354,14.5177493,120.9932592,1785071828340,47.0
AIZmgIucN0ef39BDcptn,355,14.5177184,120.9932549,1785071830328,48.0
AIZmgIucN0ef39BDcptn,356,14.5176943,120.9932371,1785071832352,48.0
AIZmgIucN0ef39BDcptn,357,14.5176969,120.9932181,1785071910309,50.29999923706055
AIZmgIucN0ef39BDcptn,358,14.5176773,120.993221,1785071929330,50.29999923706055
AIZmgIucN0ef39BDcptn,359,14.5176632,120.993233,1785071931323,50.29999923706055
AIZmgIucN0ef39BDcptn,360,14.5176456,120.9932476,1785071933296,50.29999923706055
AIZmgIucN0ef39BDcptn,361,14.5175846,120.9932624,1785071935290,50.29999923706055
AIZmgIucN0ef39BDcptn,362,14.5174766,120.9933013,1785071937330,50.29999923706055
AIZmgIucN0ef39BDcptn,363,14.5174027,120.993366,1785071939348,50.29999923706055
AIZmgIucN0ef39BDcptn,364,14.5173678,120.9934437,1785071941343,50.29999923706055
AIZmgIucN0ef39BDcptn,365,14.5173547,120.9935956,1785071943335,50.29999923706055
AIZmgIucN0ef39BDcptn,366,14.5173164,120.9937534,1785071945317,50.29999923706055
AIZmgIucN0ef39BDcptn,367,14.5172884,120.9939087,1785071947362,49.79999923706055
AIZmgIucN0ef39BDcptn,368,14.5172465,120.9941001,1785071949340,49.79999923706055
AIZmgIucN0ef39BDcptn,369,14.5172187,120.9942907,1785071951336,49.79999923706055
AIZmgIucN0ef39BDcptn,370,14.5172073,120.9944979,1785071953326,49.79999923706055
AIZmgIucN0ef39BDcptn,371,14.5172109,120.9946924,1785071955300,49.79999923706055
AIZmgIucN0ef39BDcptn,372,14.5172076,120.9948792,1785071957310,49.79999923706055
AIZmgIucN0ef39BDcptn,373,14.5171806,120.9950761,1785071959333,49.79999923706055
AIZmgIucN0ef39BDcptn,374,14.5171266,120.99529,1785071961312,49.79999923706055
AIZmgIucN0ef39BDcptn,375,14.5171033,120.995501,1785071963328,49.79999923706055
AIZmgIucN0ef39BDcptn,376,14.5170891,120.9957,1785071965335,49.79999923706055
AIZmgIucN0ef39BDcptn,377,14.5170758,120.9958635,1785071967339,49.79999923706055
AIZmgIucN0ef39BDcptn,378,14.5170463,120.9959914,1785071969348,49.79999923706055
AIZmgIucN0ef39BDcptn,379,14.5170181,120.9960696,1785071971330,49.79999923706055
AIZmgIucN0ef39BDcptn,380,14.5169776,120.9961113,1785071973335,49.79999923706055
AIZmgIucN0ef39BDcptn,381,14.5169425,120.9961496,1785071975334,49.79999923706055
AIZmgIucN0ef39BDcptn,382,14.5168587,120.9961861,1785071977289,49.79999923706055
AIZmgIucN0ef39BDcptn,383,14.5167425,120.9961892,1785071979358,49.79999923706055
AIZmgIucN0ef39BDcptn,384,14.5166255,120.9962089,1785071981370,49.79999923706055
AIZmgIucN0ef39BDcptn,385,14.5164996,120.9962116,1785071983336,49.79999923706055
AIZmgIucN0ef39BDcptn,386,14.5163281,120.996195,1785071985356,49.79999923706055
AIZmgIucN0ef39BDcptn,387,14.5161229,120.9961549,1785071987326,49.79999923706055
AIZmgIucN0ef39BDcptn,388,14.5159383,120.9961092,1785071989374,49.79999923706055
AIZmgIucN0ef39BDcptn,389,14.5157449,120.9960904,1785071991318,49.79999923706055
AIZmgIucN0ef39BDcptn,390,14.5155186,120.996062,1785071993360,49.79999923706055
AIZmgIucN0ef39BDcptn,391,14.5153085,120.9960222,1785071995355,49.79999923706055
AIZmgIucN0ef39BDcptn,392,14.5151143,120.9959812,1785071997321,49.79999923706055
AIZmgIucN0ef39BDcptn,393,14.5149197,120.9959574,1785071999346,49.79999923706055
AIZmgIucN0ef39BDcptn,394,14.5147369,120.9959031,1785072001349,49.79999923706055
AIZmgIucN0ef39BDcptn,395,14.5145521,120.9958767,1785072003339,49.79999923706055
AIZmgIucN0ef39BDcptn,396,14.5143755,120.9958505,1785072005335,49.79999923706055
AIZmgIucN0ef39BDcptn,397,14.5142174,120.9958106,1785072007365,49.79999923706055
AIZmgIucN0ef39BDcptn,398,14.5140604,120.9957808,1785072009277,49.79999923706055
AIZmgIucN0ef39BDcptn,399,14.513901,120.9957484,1785072011307,49.79999923706055
AIZmgIucN0ef39BDcptn,400,14.513738,120.9957121,1785072013343,49.79999923706055
AIZmgIucN0ef39BDcptn,401,14.5135701,120.9956669,1785072015357,49.79999923706055
AIZmgIucN0ef39BDcptn,402,14.5133897,120.9956381,1785072017356,49.79999923706055
AIZmgIucN0ef39BDcptn,403,14.5132061,120.9956223,1785072019327,49.79999923706055
AIZmgIucN0ef39BDcptn,404,14.5130218,120.995598,1785072021331,49.79999923706055
AIZmgIucN0ef39BDcptn,405,14.512845,120.9955577,1785072023342,49.79999923706055
AIZmgIucN0ef39BDcptn,406,14.5126641,120.9955203,1785072025368,49.79999923706055
AIZmgIucN0ef39BDcptn,407,14.5124913,120.9954863,1785072027390,49.79999923706055
AIZmgIucN0ef39BDcptn,408,14.5123159,120.9954465,1785072029354,49.79999923706055
AIZmgIucN0ef39BDcptn,409,14.5121418,120.9954134,1785072031299,49.79999923706055
AIZmgIucN0ef39BDcptn,410,14.5119749,120.9953863,1785072033359,49.79999923706055
AIZmgIucN0ef39BDcptn,411,14.5117751,120.9953324,1785072035383,49.0
AIZmgIucN0ef39BDcptn,412,14.5115707,120.9952765,1785072037357,50.0
AIZmgIucN0ef39BDcptn,413,14.5113728,120.9952303,1785072039373,49.0
AIZmgIucN0ef39BDcptn,414,14.5111732,120.9951785,1785072041365,50.0
AIZmgIucN0ef39BDcptn,415,14.5109528,120.9951247,1785072043340,50.0
AIZmgIucN0ef39BDcptn,416,14.5107405,120.9950817,1785072045362,50.0
AIZmgIucN0ef39BDcptn,417,14.5105355,120.9950192,1785072047336,49.0
AIZmgIucN0ef39BDcptn,418,14.5103462,120.9949856,1785072049334,47.0
AIZmgIucN0ef39BDcptn,419,14.5101618,120.9949415,1785072051359,48.0
AIZmgIucN0ef39BDcptn,420,14.5099843,120.9949128,1785072053343,48.0
AIZmgIucN0ef39BDcptn,421,14.5098076,120.9948838,1785072055377,49.0
AIZmgIucN0ef39BDcptn,422,14.5096507,120.994856,1785072057361,50.0
AIZmgIucN0ef39BDcptn,423,14.509503,120.9948285,1785072059365,50.0
AIZmgIucN0ef39BDcptn,424,14.5093573,120.9947787,1785072061337,51.0
AIZmgIucN0ef39BDcptn,425,14.5091999,120.9947393,1785072063343,50.0
AIZmgIucN0ef39BDcptn,426,14.5090626,120.9946953,1785072065367,50.0
AIZmgIucN0ef39BDcptn,427,14.5089459,120.9946597,1785072067388,51.0
AIZmgIucN0ef39BDcptn,428,14.5088384,120.9946304,1785072069358,50.0
AIZmgIucN0ef39BDcptn,429,14.5087286,120.9946071,1785072071355,50.0
AIZmgIucN0ef39BDcptn,430,14.5086247,120.9945928,1785072073338,50.0
AIZmgIucN0ef39BDcptn,431,14.5085186,120.9945735,1785072075310,50.0
AIZmgIucN0ef39BDcptn,432,14.5084161,120.9945541,1785072077327,50.0
AIZmgIucN0ef39BDcptn,433,14.5082984,120.9945235,1785072079367,50.0
AIZmgIucN0ef39BDcptn,434,14.5081832,120.9945095,1785072081357,50.0
AIZmgIucN0ef39BDcptn,435,14.508062,120.9944729,1785072083361,51.0
AIZmgIucN0ef39BDcptn,436,14.5079347,120.9944394,1785072085294,51.0
AIZmgIucN0ef39BDcptn,437,14.5078057,120.9944225,1785072087370,49.0
AIZmgIucN0ef39BDcptn,438,14.5076643,120.9943767,1785072089374,49.0
AIZmgIucN0ef39BDcptn,439,14.5075171,120.9943426,1785072091358,50.0
AIZmgIucN0ef39BDcptn,440,14.5073581,120.9943155,1785072093346,50.0
AIZmgIucN0ef39BDcptn,441,14.5072139,120.9942783,1785072095353,49.0
AIZmgIucN0ef39BDcptn,442,14.5070861,120.994245,1785072097380,50.0
AIZmgIucN0ef39BDcptn,443,14.5069903,120.9942137,1785072099381,49.0
AIZmgIucN0ef39BDcptn,444,14.5068712,120.9941945,1785072101314,50.0
AIZmgIucN0ef39BDcptn,445,14.5067591,120.9941704,1785072103284,48.0
AIZmgIucN0ef39BDcptn,446,14.5066465,120.9941383,1785072105381,48.0
AIZmgIucN0ef39BDcptn,447,14.5065717,120.9941118,1785072107342,49.0
AIZmgIucN0ef39BDcptn,448,14.5065288,120.9941012,1785072109328,50.0
AIZmgIucN0ef39BDcptn,449,14.5065055,120.9940887,1785072111368,50.0
AIZmgIucN0ef39BDcptn,450,14.5064269,120.9940713,1785072113304,50.0
AIZmgIucN0ef39BDcptn,451,14.5063543,120.9940447,1785072115318,50.0
AIZmgIucN0ef39BDcptn,452,14.5063129,120.9940255,1785072117393,50.0
AIZmgIucN0ef39BDcptn,453,14.5062825,120.9940245,1785072119339,50.0
AIZmgIucN0ef39BDcptn,454,14.5062514,120.9940323,1785072121314,51.0
AIZmgIucN0ef39BDcptn,455,14.5062058,120.9940325,1785072123341,49.0
AIZmgIucN0ef39BDcptn,456,14.5061077,120.9940141,1785072125371,48.0
AIZmgIucN0ef39BDcptn,457,14.506023,120.9939975,1785072127337,49.0
AIZmgIucN0ef39BDcptn,458,14.5059451,120.9939814,1785072129341,49.0
AIZmgIucN0ef39BDcptn,459,14.5058803,120.9939732,1785072131294,49.0
AIZmgIucN0ef39BDcptn,460,14.505815,120.9939577,1785072133316,48.0
AIZmgIucN0ef39BDcptn,461,14.5057212,120.9939363,1785072135382,49.20000076293945
AIZmgIucN0ef39BDcptn,462,14.5056237,120.9939061,1785072137366,49.20000076293945
AIZmgIucN0ef39BDcptn,463,14.5055339,120.9938986,1785072139379,49.20000076293945
AIZmgIucN0ef39BDcptn,464,14.505473,120.9938845,1785072141372,49.20000076293945
AIZmgIucN0ef39BDcptn,465,14.5054322,120.993867,1785072143343,49.20000076293945
AIZmgIucN0ef39BDcptn,466,14.5053831,120.993854,1785072145296,49.20000076293945
AIZmgIucN0ef39BDcptn,467,14.5053084,120.9938432,1785072147355,49.20000076293945
AIZmgIucN0ef39BDcptn,468,14.5052253,120.9938233,1785072149363,49.20000076293945
AIZmgIucN0ef39BDcptn,469,14.5051189,120.9937874,1785072151353,49.20000076293945
AIZmgIucN0ef39BDcptn,470,14.5050191,120.9937664,1785072153343,49.20000076293945
AIZmgIucN0ef39BDcptn,471,14.504901,120.9937177,1785072155350,49.20000076293945
AIZmgIucN0ef39BDcptn,472,14.5047791,120.9936818,1785072157334,49.20000076293945
AIZmgIucN0ef39BDcptn,473,14.5046632,120.993666,1785072159346,49.20000076293945
AIZmgIucN0ef39BDcptn,474,14.5045594,120.9936578,1785072161347,49.20000076293945
AIZmgIucN0ef39BDcptn,475,14.5044868,120.9936522,1785072163350,49.20000076293945
AIZmgIucN0ef39BDcptn,476,14.5044055,120.9936214,1785072165371,48.89999771118164
AIZmgIucN0ef39BDcptn,477,14.5043323,120.9936049,1785072167366,48.89999771118164
AIZmgIucN0ef39BDcptn,478,14.5042651,120.9935774,1785072169334,48.89999771118164
AIZmgIucN0ef39BDcptn,479,14.5042005,120.9935575,1785072171383,48.89999771118164
AIZmgIucN0ef39BDcptn,480,14.5041211,120.9935476,1785072173358,48.89999771118164
AIZmgIucN0ef39BDcptn,481,14.5040336,120.9935275,1785072175333,48.89999771118164
AIZmgIucN0ef39BDcptn,482,14.5039434,120.9935235,1785072177365,48.89999771118164
AIZmgIucN0ef39BDcptn,483,14.5038234,120.9934872,1785072179362,48.89999771118164
AIZmgIucN0ef39BDcptn,484,14.5037023,120.9934483,1785072181366,48.89999771118164
AIZmgIucN0ef39BDcptn,485,14.5036081,120.9933967,1785072183367,48.89999771118164
AIZmgIucN0ef39BDcptn,486,14.5035035,120.993354,1785072185378,48.89999771118164
AIZmgIucN0ef39BDcptn,487,14.5034018,120.9933066,1785072187295,48.89999771118164
AIZmgIucN0ef39BDcptn,488,14.5033156,120.9932663,1785072189353,48.89999771118164
AIZmgIucN0ef39BDcptn,489,14.5032258,120.99322,1785072191360,48.89999771118164
AIZmgIucN0ef39BDcptn,490,14.5031406,120.9931827,1785072193341,48.89999771118164
AIZmgIucN0ef39BDcptn,491,14.5030468,120.9931469,1785072195368,48.89999771118164
AIZmgIucN0ef39BDcptn,492,14.5029307,120.9931028,1785072197332,48.89999771118164
AIZmgIucN0ef39BDcptn,493,14.502807,120.9930556,1785072199378,48.89999771118164
AIZmgIucN0ef39BDcptn,494,14.5026824,120.9930099,1785072201355,48.89999771118164
AIZmgIucN0ef39BDcptn,495,14.5025709,120.9929714,1785072203344,48.89999771118164
AIZmgIucN0ef39BDcptn,496,14.5024453,120.9929028,1785072205372,48.89999771118164
AIZmgIucN0ef39BDcptn,497,14.5023194,120.9928342,1785072207327,48.89999771118164
AIZmgIucN0ef39BDcptn,498,14.5021965,120.9927904,1785072209357,48.89999771118164
AIZmgIucN0ef39BDcptn,499,14.5020698,120.9927284,1785072211298,48.89999771118164
AIZmgIucN0ef39BDcptn,500,14.5019308,120.9926936,1785072213374,48.89999771118164
AIZmgIucN0ef39BDcptn,501,14.5018112,120.992659,1785072215333,48.89999771118164
AIZmgIucN0ef39BDcptn,502,14.5017163,120.9926263,1785072217311,48.89999771118164
AIZmgIucN0ef39BDcptn,503,14.5016179,120.9925849,1785072219376,48.89999771118164
AIZmgIucN0ef39BDcptn,504,14.5015221,120.9925302,1785072221346,48.89999771118164
AIZmgIucN0ef39BDcptn,505,14.5014285,120.9924697,1785072223347,48.89999771118164
AIZmgIucN0ef39BDcptn,506,14.5013697,120.9924026,1785072225289,48.89999771118164
AIZmgIucN0ef39BDcptn,507,14.5013352,120.9923346,1785072227373,48.89999771118164
AIZmgIucN0ef39BDcptn,508,14.5012892,120.9922794,1785072229300,48.89999771118164
AIZmgIucN0ef39BDcptn,509,14.5012131,120.9921793,1785072231337,48.89999771118164
AIZmgIucN0ef39BDcptn,510,14.5011532,120.9920386,1785072233330,48.89999771118164
AIZmgIucN0ef39BDcptn,511,14.5010855,120.9919002,1785072235340,48.89999771118164
AIZmgIucN0ef39BDcptn,512,14.5010266,120.9917777,1785072237358,48.89999771118164
AIZmgIucN0ef39BDcptn,513,14.5009579,120.9916507,1785072239369,48.89999771118164
AIZmgIucN0ef39BDcptn,514,14.5008771,120.9915058,1785072241355,48.89999771118164
AIZmgIucN0ef39BDcptn,515,14.500794,120.9914147,1785072243363,48.89999771118164
AIZmgIucN0ef39BDcptn,516,14.5007028,120.991372,1785072245354,48.89999771118164
AIZmgIucN0ef39BDcptn,517,14.5006105,120.9913764,1785072247345,48.89999771118164
AIZmgIucN0ef39BDcptn,518,14.5005199,120.9913739,1785072249348,48.89999771118164
AIZmgIucN0ef39BDcptn,519,14.5004348,120.9913867,1785072251346,48.89999771118164
AIZmgIucN0ef39BDcptn,520,14.5003477,120.9914344,1785072253344,53.0
AIZmgIucN0ef39BDcptn,521,14.500276,120.9914469,1785072255328,53.0
AIZmgIucN0ef39BDcptn,522,14.5001994,120.9914429,1785072257305,53.0
AIZmgIucN0ef39BDcptn,523,14.5001243,120.9914399,1785072259318,53.0
AIZmgIucN0ef39BDcptn,524,14.500063,120.9914251,1785072261354,53.0
AIZmgIucN0ef39BDcptn,525,14.5000121,120.9914121,1785072263317,53.0
AIZmgIucN0ef39BDcptn,526,14.4999704,120.9913847,1785072265389,53.0
AIZmgIucN0ef39BDcptn,527,14.4999262,120.99137,1785072267338,53.0
AIZmgIucN0ef39BDcptn,528,14.4998667,120.9913538,1785072269345,54.0
AIZmgIucN0ef39BDcptn,529,14.4998059,120.9913255,1785072271301,54.0
AIZmgIucN0ef39BDcptn,530,14.4997514,120.9912957,1785072273337,55.0
AIZmgIucN0ef39BDcptn,531,14.4997006,120.991251,1785072275350,57.0
AIZmgIucN0ef39BDcptn,532,14.4996647,120.9912313,1785072277385,56.0
AIZmgIucN0ef39BDcptn,533,14.49963,120.9911883,1785072279337,53.0
AIZmgIucN0ef39BDcptn,534,14.4995863,120.9911547,1785072281336,51.0
AIZmgIucN0ef39BDcptn,535,14.4995464,120.9911312,1785072288359,50.39999771118164
AIZmgIucN0ef39BDcptn,536,14.4994449,120.9910791,1785072290348,50.39999771118164
AIZmgIucN0ef39BDcptn,537,14.4992868,120.9909701,1785072292396,50.5
AIZmgIucN0ef39BDcptn,538,14.4991159,120.9908866,1785072294377,50.5
AIZmgIucN0ef39BDcptn,539,14.4989724,120.9908065,1785072296315,50.5
AIZmgIucN0ef39BDcptn,540,14.4988311,120.9907328,1785072298372,50.5
AIZmgIucN0ef39BDcptn,541,14.4987048,120.990667,1785072300292,50.5
AIZmgIucN0ef39BDcptn,542,14.4985963,120.9906077,1785072302381,50.5
AIZmgIucN0ef39BDcptn,543,14.4984632,120.9905424,1785072304358,50.5
AIZmgIucN0ef39BDcptn,544,14.4983106,120.9904497,1785072306352,50.5
AIZmgIucN0ef39BDcptn,545,14.4981672,120.9903722,1785072308304,50.5
AIZmgIucN0ef39BDcptn,546,14.4980274,120.9902881,1785072310357,50.5
AIZmgIucN0ef39BDcptn,547,14.4978965,120.9902205,1785072312363,50.5
AIZmgIucN0ef39BDcptn,548,14.4977849,120.9901392,1785072314374,50.5
AIZmgIucN0ef39BDcptn,549,14.4976805,120.9900698,1785072316335,50.5
AIZmgIucN0ef39BDcptn,550,14.4975706,120.9900267,1785072318342,50.5
AIZmgIucN0ef39BDcptn,551,14.4974687,120.9899906,1785072320356,50.5
AIZmgIucN0ef39BDcptn,552,14.4973733,120.989938,1785072322362,50.5
AIZmgIucN0ef39BDcptn,553,14.4972738,120.9898752,1785072324352,50.5
AIZmgIucN0ef39BDcptn,554,14.4971497,120.9898104,1785072326330,50.5
AIZmgIucN0ef39BDcptn,555,14.4970555,120.989748,1785072328317,50.5
AIZmgIucN0ef39BDcptn,556,14.4969742,120.9897157,1785072330348,50.5
AIZmgIucN0ef39BDcptn,557,14.4969338,120.9897011,1785072332361,50.5
AIZmgIucN0ef39BDcptn,558,14.4969065,120.9896933,1785072334294,50.5
AIZmgIucN0ef39BDcptn,559,14.4968849,120.9896693,1785072336349,50.5
AIZmgIucN0ef39BDcptn,560,14.4968479,120.9896477,1785072338327,50.5
AIZmgIucN0ef39BDcptn,561,14.4967917,120.9896328,1785072340364,50.5
AIZmgIucN0ef39BDcptn,562,14.4967167,120.9896067,1785072342357,50.5
AIZmgIucN0ef39BDcptn,563,14.4966524,120.9895884,1785072344360,50.5
AIZmgIucN0ef39BDcptn,564,14.4965735,120.9895554,1785072346349,50.5
AIZmgIucN0ef39BDcptn,565,14.4964618,120.9895235,1785072348343,50.5
AIZmgIucN0ef39BDcptn,566,14.496337,120.989481,1785072350293,50.5
AIZmgIucN0ef39BDcptn,567,14.4961918,120.9894245,1785072352315,50.5
AIZmgIucN0ef39BDcptn,568,14.4960629,120.9893896,1785072354347,50.5
AIZmgIucN0ef39BDcptn,569,14.4959847,120.9893573,1785072356362,50.5
AIZmgIucN0ef39BDcptn,570,14.495907,120.98935,1785072358345,50.5
AIZmgIucN0ef39BDcptn,571,14.4958141,120.9893213,1785072360296,49.39999771118164
AIZmgIucN0ef39BDcptn,572,14.4956838,120.9892937,1785072362357,49.39999771118164
AIZmgIucN0ef39BDcptn,573,14.4955343,120.9892508,1785072364362,49.39999771118164
AIZmgIucN0ef39BDcptn,574,14.4953564,120.9892034,1785072366361,49.39999771118164
AIZmgIucN0ef39BDcptn,575,14.4952026,120.9891381,1785072368299,49.39999771118164
AIZmgIucN0ef39BDcptn,576,14.4950634,120.9890801,1785072370325,49.39999771118164
AIZmgIucN0ef39BDcptn,577,14.4949153,120.9890085,1785072372372,49.39999771118164
AIZmgIucN0ef39BDcptn,578,14.4948048,120.9889742,1785072374374,49.39999771118164
AIZmgIucN0ef39BDcptn,579,14.4947191,120.9888988,1785072376312,49.39999771118164
AIZmgIucN0ef39BDcptn,580,14.4946316,120.9888626,1785072378358,49.39999771118164
AIZmgIucN0ef39BDcptn,581,14.4945385,120.9888201,1785072380366,49.39999771118164
AIZmgIucN0ef39BDcptn,582,14.4944495,120.9887811,1785072382369,49.5
AIZmgIucN0ef39BDcptn,583,14.494349,120.9887322,1785072384383,49.5
AIZmgIucN0ef39BDcptn,584,14.4942406,120.988675,1785072386373,49.5
AIZmgIucN0ef39BDcptn,585,14.4941381,120.9886273,1785072388371,49.5
AIZmgIucN0ef39BDcptn,586,14.4940132,120.9885921,1785072390329,49.5
AIZmgIucN0ef39BDcptn,587,14.4938506,120.9885104,1785072392374,49.5
AIZmgIucN0ef39BDcptn,588,14.4936472,120.9884144,1785072394306,49.5
AIZmgIucN0ef39BDcptn,589,14.4934695,120.9883384,1785072396350,49.5
AIZmgIucN0ef39BDcptn,590,14.493291,120.9882698,1785072398388,49.5
AIZmgIucN0ef39BDcptn,591,14.4931284,120.9882015,1785072400370,49.5
AIZmgIucN0ef39BDcptn,592,14.4929762,120.988156,1785072402356,49.5
AIZmgIucN0ef39BDcptn,593,14.4928388,120.9881149,1785072404329,49.5
AIZmgIucN0ef39BDcptn,594,14.4927257,120.9880773,1785072406346,49.5
AIZmgIucN0ef39BDcptn,595,14.4926366,120.9880493,1785072408363,49.5
AIZmgIucN0ef39BDcptn,596,14.4925609,120.9880169,1785072410361,49.5
AIZmgIucN0ef39BDcptn,597,14.4925,120.987986,1785072412366,49.5
AIZmgIucN0ef39BDcptn,598,14.4924413,120.9879522,1785072414381,49.5
AIZmgIucN0ef39BDcptn,599,14.4924145,120.9879456,1785072416370,49.5
AIZmgIucN0ef39BDcptn,600,14.4923944,120.9879441,1785072423361,50.39999771118164
AIZmgIucN0ef39BDcptn,601,14.4923725,120.987941,1785072425358,50.39999771118164
AIZmgIucN0ef39BDcptn,602,14.4923492,120.9879432,1785072429311,50.39999771118164
AIZmgIucN0ef39BDcptn,603,14.4922964,120.9878977,1785072431288,50.39999771118164
AIZmgIucN0ef39BDcptn,604,14.4922271,120.9878662,1785072433352,50.39999771118164
AIZmgIucN0ef39BDcptn,605,14.4921468,120.9878184,1785072435371,50.39999771118164
AIZmgIucN0ef39BDcptn,606,14.492069,120.9877955,1785072437312,50.39999771118164
AIZmgIucN0ef39BDcptn,607,14.4919785,120.9877594,1785072439361,50.39999771118164
AIZmgIucN0ef39BDcptn,608,14.4919047,120.9877199,1785072441300,50.39999771118164
AIZmgIucN0ef39BDcptn,609,14.4918404,120.9876848,1785072443365,50.39999771118164
AIZmgIucN0ef39BDcptn,610,14.4917768,120.9876689,1785072445387,50.39999771118164
AIZmgIucN0ef39BDcptn,611,14.4917139,120.9876578,1785072447360,50.39999771118164
AIZmgIucN0ef39BDcptn,612,14.491628,120.9876198,1785072449324,50.39999771118164
AIZmgIucN0ef39BDcptn,613,14.4915068,120.9875621,1785072451360,50.39999771118164
AIZmgIucN0ef39BDcptn,614,14.4913754,120.9875233,1785072453376,50.39999771118164
AIZmgIucN0ef39BDcptn,615,14.4912452,120.9874795,1785072455334,50.39999771118164
AIZmgIucN0ef39BDcptn,616,14.4911153,120.9874469,1785072457343,50.39999771118164
AIZmgIucN0ef39BDcptn,617,14.4909738,120.9873867,1785072459321,50.39999771118164
AIZmgIucN0ef39BDcptn,618,14.4908354,120.9873336,1785072461369,50.39999771118164
AIZmgIucN0ef39BDcptn,619,14.4907061,120.9872835,1785072463350,50.39999771118164
AIZmgIucN0ef39BDcptn,620,14.490593,120.987253,1785072465360,50.39999771118164
AIZmgIucN0ef39BDcptn,621,14.4904887,120.9872184,1785072467377,50.39999771118164
AIZmgIucN0ef39BDcptn,622,14.4904065,120.9871906,1785072469383,50.39999771118164
AIZmgIucN0ef39BDcptn,623,14.4903237,120.9871544,1785072471358,50.39999771118164
AIZmgIucN0ef39BDcptn,624,14.4902154,120.9871241,1785072473304,50.39999771118164
AIZmgIucN0ef39BDcptn,625,14.4901015,120.9870981,1785072475379,50.39999771118164
AIZmgIucN0ef39BDcptn,626,14.4899668,120.9870786,1785072477339,50.39999771118164
AIZmgIucN0ef39BDcptn,627,14.4898103,120.987053,1785072479351,50.39999771118164
AIZmgIucN0ef39BDcptn,628,14.4896714,120.9869806,1785072481304,50.39999771118164
AIZmgIucN0ef39BDcptn,629,14.4895204,120.9869148,1785072483362,50.39999771118164
AIZmgIucN0ef39BDcptn,630,14.4893555,120.9868602,1785072485346,50.39999771118164
AIZmgIucN0ef39BDcptn,631,14.4892038,120.9868078,1785072487365,50.39999771118164
AIZmgIucN0ef39BDcptn,632,14.4890645,120.9867584,1785072489385,50.39999771118164
AIZmgIucN0ef39BDcptn,633,14.4889433,120.9867154,1785072491358,50.39999771118164
AIZmgIucN0ef39BDcptn,634,14.4888214,120.9866584,1785072493365,50.39999771118164
AIZmgIucN0ef39BDcptn,635,14.4886919,120.9865905,1785072495359,50.39999771118164
AIZmgIucN0ef39BDcptn,636,14.4885841,120.986541,1785072497372,50.39999771118164
AIZmgIucN0ef39BDcptn,637,14.4884925,120.9865008,1785072499318,50.39999771118164
AIZmgIucN0ef39BDcptn,638,14.4884301,120.9864828,1785072501358,50.39999771118164
AIZmgIucN0ef39BDcptn,639,14.4883528,120.9864606,1785072503342,50.39999771118164
AIZmgIucN0ef39BDcptn,640,14.488243,120.986418,1785072505350,50.39999771118164
AIZmgIucN0ef39BDcptn,641,14.4881005,120.9863432,1785072507360,50.39999771118164
AIZmgIucN0ef39BDcptn,642,14.4879871,120.9862967,1785072509366,50.39999771118164
AIZmgIucN0ef39BDcptn,643,14.4878972,120.9862574,1785072511374,50.39999771118164
AIZmgIucN0ef39BDcptn,644,14.4878244,120.986244,1785072513352,50.39999771118164
AIZmgIucN0ef39BDcptn,645,14.4877232,120.986191,1785072515350,50.39999771118164
AIZmgIucN0ef39BDcptn,646,14.4876109,120.9861291,1785072517327,50.39999771118164
AIZmgIucN0ef39BDcptn,647,14.4874855,120.9860564,1785072519374,50.39999771118164
AIZmgIucN0ef39BDcptn,648,14.4873471,120.9859663,1785072521352,50.39999771118164
AIZmgIucN0ef39BDcptn,649,14.4871823,120.985876,1785072523333,50.39999771118164
AIZmgIucN0ef39BDcptn,650,14.4870151,120.9857976,1785072525329,50.39999771118164
AIZmgIucN0ef39BDcptn,651,14.4868305,120.9857116,1785072527347,50.39999771118164
AIZmgIucN0ef39BDcptn,652,14.486663,120.9856168,1785072529372,50.39999771118164
AIZmgIucN0ef39BDcptn,653,14.4865137,120.9855447,1785072531356,46.0
AIZmgIucN0ef39BDcptn,654,14.4863706,120.9854775,1785072533354,47.0
AIZmgIucN0ef39BDcptn,655,14.4862245,120.9854074,1785072535368,47.0
AIZmgIucN0ef39BDcptn,656,14.4860795,120.9853297,1785072537302,48.0
AIZmgIucN0ef39BDcptn,657,14.4859184,120.9852652,1785072539384,49.0
AIZmgIucN0ef39BDcptn,658,14.4857547,120.9852025,1785072541312,50.0
AIZmgIucN0ef39BDcptn,659,14.485594,120.9851287,1785072543337,50.0
AIZmgIucN0ef39BDcptn,660,14.4854545,120.985067,1785072545352,50.0
AIZmgIucN0ef39BDcptn,661,14.4853314,120.9850143,1785072547359,49.0
AIZmgIucN0ef39BDcptn,662,14.4852113,120.9849676,1785072549357,49.0
AIZmgIucN0ef39BDcptn,663,14.4850804,120.9849065,1785072551339,50.0
AIZmgIucN0ef39BDcptn,664,14.484948,120.9848466,1785072553331,50.0
AIZmgIucN0ef39BDcptn,665,14.4848373,120.9847961,1785072555369,50.0
AIZmgIucN0ef39BDcptn,666,14.484744,120.9847546,1785072557329,49.0
AIZmgIucN0ef39BDcptn,667,14.4846527,120.9847045,1785072559332,50.0
AIZmgIucN0ef39BDcptn,668,14.4845678,120.9846283,1785072561373,50.0
AIZmgIucN0ef39BDcptn,669,14.4844386,120.9845513,1785072563363,50.0
AIZmgIucN0ef39BDcptn,670,14.484281,120.9844793,1785072565361,50.0
AIZmgIucN0ef39BDcptn,671,14.4841248,120.9843831,1785072567350,50.0
AIZmgIucN0ef39BDcptn,672,14.4839779,120.9842854,1785072569347,49.0
AIZmgIucN0ef39BDcptn,673,14.4838389,120.9841962,1785072571350,49.0
AIZmgIucN0ef39BDcptn,674,14.4837162,120.9841139,1785072573336,50.0
AIZmgIucN0ef39BDcptn,675,14.4835822,120.9839958,1785072575325,50.0
AIZmgIucN0ef39BDcptn,676,14.4834503,120.9838932,1785072577359,50.0
AIZmgIucN0ef39BDcptn,677,14.4833196,120.9837891,1785072579358,51.0
AIZmgIucN0ef39BDcptn,678,14.4831974,120.983684,1785072581363,51.0
AIZmgIucN0ef39BDcptn,679,14.4830774,120.9835886,1785072583317,50.0
AIZmgIucN0ef39BDcptn,680,14.4829488,120.9834712,1785072585364,51.0
AIZmgIucN0ef39BDcptn,681,14.4828077,120.9833573,1785072587381,51.0
AIZmgIucN0ef39BDcptn,682,14.4826893,120.9832512,1785072589366,50.0
AIZmgIucN0ef39BDcptn,683,14.4825609,120.9831424,1785072591373,50.0
AIZmgIucN0ef39BDcptn,684,14.4824463,120.9830383,1785072593369,51.0
AIZmgIucN0ef39BDcptn,685,14.482358,120.9829576,1785072595356,51.0
AIZmgIucN0ef39BDcptn,686,14.4822846,120.9828905,1785072597326,51.0
AIZmgIucN0ef39BDcptn,687,14.4821815,120.9828077,1785072599367,52.0
AIZmgIucN0ef39BDcptn,688,14.4820677,120.9827062,1785072601362,52.0
AIZmgIucN0ef39BDcptn,689,14.4819373,120.9826012,1785072603330,52.0
AIZmgIucN0ef39BDcptn,690,14.4818326,120.9825098,1785072605338,52.0
AIZmgIucN0ef39BDcptn,691,14.4817677,120.9824309,1785072607311,52.0
AIZmgIucN0ef39BDcptn,692,14.4816733,120.9823442,1785072609380,51.0
AIZmgIucN0ef39BDcptn,693,14.4815953,120.9822655,1785072611353,51.0
AIZmgIucN0ef39BDcptn,694,14.4815426,120.9822196,1785072613345,50.0
AIZmgIucN0ef39BDcptn,695,14.4814976,120.9821827,1785072615351,51.0
AIZmgIucN0ef39BDcptn,696,14.4814437,120.9821413,1785072617358,51.0
AIZmgIucN0ef39BDcptn,697,14.4813821,120.9820918,1785072619356,51.0
AIZmgIucN0ef39BDcptn,698,14.4813034,120.9820274,1785072621361,51.0
AIZmgIucN0ef39BDcptn,699,14.481224,120.98196,1785072623347,50.0
AIZmgIucN0ef39BDcptn,700,14.4811442,120.9818792,1785072625353,49.0
AIZmgIucN0ef39BDcptn,701,14.4810689,120.9818065,1785072627377,49.0
AIZmgIucN0ef39BDcptn,702,14.4810013,120.981735,1785072629366,49.0
AIZmgIucN0ef39BDcptn,703,14.4809197,120.9816646,1785072631357,49.0
AIZmgIucN0ef39BDcptn,704,14.4808448,120.9815791,1785072633337,49.0
AIZmgIucN0ef39BDcptn,705,14.4807687,120.9815025,1785072635360,50.0
AIZmgIucN0ef39BDcptn,706,14.4806886,120.9814238,1785072637352,49.0
AIZmgIucN0ef39BDcptn,707,14.4806115,120.9813406,1785072639367,48.0
AIZmgIucN0ef39BDcptn,708,14.4805426,120.9812721,1785072641326,48.0
AIZmgIucN0ef39BDcptn,709,14.4804943,120.9812031,1785072643345,49.0
AIZmgIucN0ef39BDcptn,710,14.4804305,120.9811465,1785072645351,49.0
AIZmgIucN0ef39BDcptn,711,14.48036,120.9810588,1785072647349,49.0
AIZmgIucN0ef39BDcptn,712,14.4802536,120.9809486,1785072649362,50.0
AIZmgIucN0ef39BDcptn,713,14.480185,120.9808584,1785072651304,50.0
AIZmgIucN0ef39BDcptn,714,14.4801391,120.9808071,1785072653318,51.0
AIZmgIucN0ef39BDcptn,715,14.4800893,120.9807627,1785072655352,52.0
AIZmgIucN0ef39BDcptn,716,14.4800479,120.9807215,1785072657354,49.39999771118164
AIZmgIucN0ef39BDcptn,717,14.4799926,120.9806757,1785072659358,49.39999771118164
AIZmgIucN0ef39BDcptn,718,14.4799386,120.9806169,1785072661323,49.39999771118164
AIZmgIucN0ef39BDcptn,719,14.4798676,120.9805605,1785072663345,49.39999771118164
AIZmgIucN0ef39BDcptn,720,14.4797962,120.9805005,1785072665368,49.39999771118164
AIZmgIucN0ef39BDcptn,721,14.4797099,120.9804112,1785072667376,49.39999771118164
AIZmgIucN0ef39BDcptn,722,14.4796302,120.9803355,1785072669349,49.39999771118164
AIZmgIucN0ef39BDcptn,723,14.4795549,120.9802621,1785072671337,49.39999771118164
AIZmgIucN0ef39BDcptn,724,14.479469,120.9801765,1785072673352,49.39999771118164
AIZmgIucN0ef39BDcptn,725,14.4793833,120.9800827,1785072675346,49.39999771118164
AIZmgIucN0ef39BDcptn,726,14.4793036,120.9799975,1785072677352,49.39999771118164
AIZmgIucN0ef39BDcptn,727,14.4792084,120.9799088,1785072679315,49.39999771118164
AIZmgIucN0ef39BDcptn,728,14.4790958,120.9797883,1785072681336,49.39999771118164
AIZmgIucN0ef39BDcptn,729,14.4789827,120.9796393,1785072683348,49.39999771118164
AIZmgIucN0ef39BDcptn,730,14.4788626,120.9794744,1785072685356,49.39999771118164
AIZmgIucN0ef39BDcptn,731,14.4787343,120.9793328,1785072687331,49.39999771118164
AIZmgIucN0ef39BDcptn,732,14.4786234,120.9792301,1785072689357,49.39999771118164
AIZmgIucN0ef39BDcptn,733,14.4785483,120.9791575,1785072691333,49.39999771118164
AIZmgIucN0ef39BDcptn,734,14.4784719,120.9790881,1785072693338,49.39999771118164
AIZmgIucN0ef39BDcptn,735,14.478403,120.9790007,1785072695344,49.39999771118164
AIZmgIucN0ef39BDcptn,736,14.4783216,120.9789118,1785072697368,49.39999771118164
AIZmgIucN0ef39BDcptn,737,14.4782488,120.9788084,1785072699362,49.39999771118164
AIZmgIucN0ef39BDcptn,738,14.4781715,120.9786968,1785072701349,49.39999771118164
AIZmgIucN0ef39BDcptn,739,14.4780794,120.9785781,1785072703349,49.39999771118164
AIZmgIucN0ef39BDcptn,740,14.4780104,120.9784839,1785072705352,49.39999771118164
AIZmgIucN0ef39BDcptn,741,14.4779522,120.9784289,1785072707330,49.39999771118164
AIZmgIucN0ef39BDcptn,742,14.4778887,120.9783516,1785072709352,49.39999771118164
AIZmgIucN0ef39BDcptn,743,14.4778006,120.9782297,1785072711305,49.39999771118164
AIZmgIucN0ef39BDcptn,744,14.4777433,120.9781392,1785072713347,49.39999771118164
AIZmgIucN0ef39BDcptn,745,14.4776651,120.978042,1785072715348,49.39999771118164
AIZmgIucN0ef39BDcptn,746,14.4775612,120.977887,1785072717382,49.39999771118164
AIZmgIucN0ef39BDcptn,747,14.4774385,120.9777379,1785072719370,49.39999771118164
AIZmgIucN0ef39BDcptn,748,14.4773419,120.9776079,1785072721318,49.39999771118164
AIZmgIucN0ef39BDcptn,749,14.4772556,120.9775072,1785072723371,49.39999771118164
AIZmgIucN0ef39BDcptn,750,14.4771399,120.9774595,1785072725353,49.39999771118164
AIZmgIucN0ef39BDcptn,751,14.4770074,120.9774679,1785072727373,49.39999771118164
AIZmgIucN0ef39BDcptn,752,14.4768611,120.9775148,1785072729315,49.39999771118164
AIZmgIucN0ef39BDcptn,753,14.4767375,120.977581,1785072731359,49.39999771118164
AIZmgIucN0ef39BDcptn,754,14.4766328,120.9776898,1785072733343,49.39999771118164
AIZmgIucN0ef39BDcptn,755,14.4765538,120.9777588,1785072735371,49.39999771118164
AIZmgIucN0ef39BDcptn,756,14.4765044,120.977784,1785072737344,49.39999771118164
AIZmgIucN0ef39BDcptn,757,14.476482,120.9778303,1785072739359,49.39999771118164
AIZmgIucN0ef39BDcptn,758,14.4764426,120.9778624,1785072741353,49.39999771118164
AIZmgIucN0ef39BDcptn,759,14.4763579,120.9778887,1785072743347,49.39999771118164
AIZmgIucN0ef39BDcptn,760,14.476219,120.9779621,1785072745343,48.0
AIZmgIucN0ef39BDcptn,761,14.4760714,120.9780397,1785072747339,48.0
AIZmgIucN0ef39BDcptn,762,14.4759139,120.9781232,1785072749360,50.0
AIZmgIucN0ef39BDcptn,763,14.4757401,120.9782122,1785072751360,49.0
AIZmgIucN0ef39BDcptn,764,14.4755337,120.9782589,1785072753350,50.0
AIZmgIucN0ef39BDcptn,765,14.4753714,120.9782953,1785072755357,51.0
AIZmgIucN0ef39BDcptn,766,14.4752382,120.9782862,1785072757293,51.0
AIZmgIucN0ef39BDcptn,767,14.4751286,120.9782809,1785072759360,51.0
AIZmgIucN0ef39BDcptn,768,14.4750492,120.9782643,1785072761353,51.0
AIZmgIucN0ef39BDcptn,769,14.474971,120.9782572,1785072763323,51.0
AIZmgIucN0ef39BDcptn,770,14.4748832,120.9782466,1785072765340,51.0
AIZmgIucN0ef39BDcptn,771,14.4748168,120.9782409,1785072767361,50.0
AIZmgIucN0ef39BDcptn,772,14.4747627,120.9782353,1785072769336,49.0
AIZmgIucN0ef39BDcptn,773,14.4747026,120.978232,1785072771345,49.0
AIZmgIucN0ef39BDcptn,774,14.4746511,120.9782297,1785072773335,49.0
AIZmgIucN0ef39BDcptn,775,14.4746071,120.9782213,1785072775347,49.0
AIZmgIucN0ef39BDcptn,776,14.4745715,120.9782222,1785072777341,49.0
AIZmgIucN0ef39BDcptn,777,14.4745474,120.9782225,1785072779347,50.0
AIZmgIucN0ef39BDcptn,778,14.4745307,120.9782132,1785072796311,56.39999771118164
AIZmgIucN0ef39BDcptn,779,14.4744992,120.9782067,1785072800317,49.5
AIZmgIucN0ef39BDcptn,780,14.4744393,120.9781931,1785072802296,49.5
AIZmgIucN0ef39BDcptn,781,14.4743662,120.9781796,1785072804299,49.5
AIZmgIucN0ef39BDcptn,782,14.4742917,120.9781511,1785072806346,49.5
AIZmgIucN0ef39BDcptn,783,14.4742397,120.978119,1785072808342,49.5
AIZmgIucN0ef39BDcptn,784,14.4742012,120.9780709,1785072810332,49.5
AIZmgIucN0ef39BDcptn,785,14.4741682,120.978005,1785072812356,49.5
AIZmgIucN0ef39BDcptn,786,14.4741253,120.9779503,1785072814343,49.5
AIZmgIucN0ef39BDcptn,787,14.4740614,120.977886,1785072816335,48.59999847412109
AIZmgIucN0ef39BDcptn,788,14.4740254,120.9778216,1785072818361,48.59999847412109
AIZmgIucN0ef39BDcptn,789,14.4740024,120.9777781,1785072820355,48.59999847412109
AIZmgIucN0ef39BDcptn,790,14.4739877,120.9777594,1785072822289,48.59999847412109
AIZmgIucN0ef39BDcptn,791,14.4739671,120.977741,1785072824339,48.59999847412109
AIZmgIucN0ef39BDcptn,792,14.4739538,120.9777219,1785072826365,48.59999847412109
AIZmgIucN0ef39BDcptn,793,14.4739352,120.9776958,1785072828342,49.29999923706055
AIZmgIucN0ef39BDcptn,794,14.4739268,120.9776792,1785072830348,49.29999923706055
AIZmgIucN0ef39BDcptn,795,14.4739095,120.9776607,1785072832343,49.29999923706055
AIZmgIucN0ef39BDcptn,796,14.4739041,120.9776382,1785072835354,49.29999923706055
AIZmgIucN0ef39BDcptn,797,14.4739034,120.9776147,1785072838304,48.89999771118164
AIZmgIucN0ef39BDcptn,798,14.4738807,120.9775928,1785072840337,48.89999771118164
AIZmgIucN0ef39BDcptn,799,14.473866,120.9775815,1785072842353,48.89999771118164
AIZmgIucN0ef39BDcptn,800,14.47385,120.9775622,1785072845328,48.89999771118164
AIZmgIucN0ef39BDcptn,801,14.4738364,120.9775439,1785072847333,48.89999771118164
AIZmgIucN0ef39BDcptn,802,14.4738258,120.9775198,1785072850370,48.89999771118164
AIZmgIucN0ef39BDcptn,803,14.4738105,120.9775063,1785072852354,48.89999771118164
AIZmgIucN0ef39BDcptn,804,14.4738034,120.9774806,1785072854328,48.89999771118164
AIZmgIucN0ef39BDcptn,805,14.47378,120.977452,1785072856336,48.89999771118164
AIZmgIucN0ef39BDcptn,806,14.4737617,120.9774264,1785072858343,48.89999771118164
AIZmgIucN0ef39BDcptn,807,14.4737367,120.9773926,1785072860354,48.89999771118164
AIZmgIucN0ef39BDcptn,808,14.473717,120.9773569,1785072862364,48.89999771118164
AIZmgIucN0ef39BDcptn,809,14.4736915,120.9773077,1785072864340,48.89999771118164
AIZmgIucN0ef39BDcptn,810,14.4736594,120.977243,1785072866363,48.89999771118164
AIZmgIucN0ef39BDcptn,811,14.4736029,120.9771544,1785072868360,48.89999771118164
AIZmgIucN0ef39BDcptn,812,14.473562,120.9770775,1785072870367,48.89999771118164
AIZmgIucN0ef39BDcptn,813,14.4735186,120.9770053,1785072872354,48.89999771118164
AIZmgIucN0ef39BDcptn,814,14.4734733,120.9769443,1785072874354,49.09999847412109
AIZmgIucN0ef39BDcptn,815,14.4734313,120.9768981,1785072876346,49.09999847412109
AIZmgIucN0ef39BDcptn,816,14.4733993,120.9768515,1785072878347,49.09999847412109
AIZmgIucN0ef39BDcptn,817,14.4733796,120.9767891,1785072880358,49.09999847412109
AIZmgIucN0ef39BDcptn,818,14.4733418,120.9767476,1785072882362,49.09999847412109
AIZmgIucN0ef39BDcptn,819,14.4733096,120.9767109,1785072884354,49.09999847412109
AIZmgIucN0ef39BDcptn,820,14.4732742,120.976662,1785072886349,49.09999847412109
AIZmgIucN0ef39BDcptn,821,14.4732466,120.9766245,1785072888333,49.09999847412109
AIZmgIucN0ef39BDcptn,822,14.4732249,120.9765971,1785072890355,48.79999923706055
AIZmgIucN0ef39BDcptn,823,14.4732076,120.9765799,1785072892345,48.79999923706055
AIZmgIucN0ef39BDcptn,824,14.4731779,120.9765567,1785072894349,48.79999923706055
AIZmgIucN0ef39BDcptn,825,14.4731451,120.9765494,1785072896369,48.79999923706055
AIZmgIucN0ef39BDcptn,826,14.473103,120.9765607,1785072898315,48.79999923706055
AIZmgIucN0ef39BDcptn,827,14.4730572,120.9765771,1785072900369,48.79999923706055
AIZmgIucN0ef39BDcptn,828,14.4730089,120.9766053,1785072902310,48.79999923706055
AIZmgIucN0ef39BDcptn,829,14.4729509,120.976627,1785072904351,48.79999923706055
AIZmgIucN0ef39BDcptn,830,14.4728828,120.9766705,1785072906361,48.79999923706055
AIZmgIucN0ef39BDcptn,831,14.4728281,120.9767086,1785072908340,48.79999923706055
AIZmgIucN0ef39BDcptn,832,14.472765,120.9767635,1785072910323,48.5
AIZmgIucN0ef39BDcptn,833,14.472684,120.9768103,1785072912352,48.5
AIZmgIucN0ef39BDcptn,834,14.4726188,120.976817,1785072914359,48.5
AIZmgIucN0ef39BDcptn,835,14.4725501,120.9768416,1785072916351,48.5
AIZmgIucN0ef39BDcptn,836,14.4724774,120.9768517,1785072918305,48.5
AIZmgIucN0ef39BDcptn,837,14.4724096,120.9768783,1785072920322,48.5
AIZmgIucN0ef39BDcptn,838,14.4723433,120.9769226,1785072922353,48.5
AIZmgIucN0ef39BDcptn,839,14.4722395,120.9769558,1785072924371,48.5
AIZmgIucN0ef39BDcptn,840,14.4721393,120.9769821,1785072926372,48.5
AIZmgIucN0ef39BDcptn,841,14.4720357,120.9769888,1785072928359,48.5
AIZmgIucN0ef39BDcptn,842,14.4719552,120.9770317,1785072930345,48.5
AIZmgIucN0ef39BDcptn,843,14.4718756,120.9770591,1785072932343,48.79999923706055
AIZmgIucN0ef39BDcptn,844,14.4717921,120.9770848,1785072934321,48.79999923706055
AIZmgIucN0ef39BDcptn,845,14.4717041,120.9771331,1785072936372,48.79999923706055
AIZmgIucN0ef39BDcptn,846,14.4715882,120.9771819,1785072938353,48.79999923706055
AIZmgIucN0ef39BDcptn,847,14.4715009,120.9772337,1785072940346,48.79999923706055
AIZmgIucN0ef39BDcptn,848,14.4714214,120.9772932,1785072942330,48.79999923706055
AIZmgIucN0ef39BDcptn,849,14.4713235,120.9773523,1785072944291,48.79999923706055
AIZmgIucN0ef39BDcptn,850,14.4712359,120.9773964,1785072946347,48.79999923706055
AIZmgIucN0ef39BDcptn,851,14.4711714,120.9774365,1785072948336,48.79999923706055
AIZmgIucN0ef39BDcptn,852,14.4711339,120.9774547,1785072950360,48.79999923706055
AIZmgIucN0ef39BDcptn,853,14.4710968,120.97747,1785072952355,49.29999923706055
AIZmgIucN0ef39BDcptn,854,14.4710612,120.9774919,1785072954342,49.29999923706055
AIZmgIucN0ef39BDcptn,855,14.4710131,120.9775695,1785072956357,49.29999923706055
AIZmgIucN0ef39BDcptn,856,14.4709402,120.9776601,1785072958347,49.29999923706055
AIZmgIucN0ef39BDcptn,857,14.470804,120.9778155,1785072960368,49.29999923706055
AIZmgIucN0ef39BDcptn,858,14.4706754,120.9780131,1785072962352,48.89999771118164
AIZmgIucN0ef39BDcptn,859,14.4705385,120.9781888,1785072964350,48.89999771118164
AIZmgIucN0ef39BDcptn,860,14.4704318,120.9783546,1785072966334,48.89999771118164
AIZmgIucN0ef39BDcptn,861,14.4703285,120.9785015,1785072968323,48.89999771118164
AIZmgIucN0ef39BDcptn,862,14.4702241,120.9786431,1785072970369,48.89999771118164
AIZmgIucN0ef39BDcptn,863,14.4701337,120.9787613,1785072972353,48.89999771118164
AIZmgIucN0ef39BDcptn,864,14.4700731,120.9788201,1785072974363,48.89999771118164
AIZmgIucN0ef39BDcptn,865,14.4700285,120.9788985,1785072976331,48.89999771118164
AIZmgIucN0ef39BDcptn,866,14.4699102,120.9789785,1785072978339,48.89999771118164
AIZmgIucN0ef39BDcptn,867,14.4698313,120.9790839,1785072980373,48.89999771118164
AIZmgIucN0ef39BDcptn,868,14.4697422,120.9791517,1785072982358,48.89999771118164
AIZmgIucN0ef39BDcptn,869,14.469661,120.9792337,1785072984351,48.89999771118164
AIZmgIucN0ef39BDcptn,870,14.4696071,120.9793192,1785072986337,48.89999771118164
AIZmgIucN0ef39BDcptn,871,14.469552,120.9793831,1785072988348,48.89999771118164
AIZmgIucN0ef39BDcptn,872,14.4694947,120.9794309,1785072990390,48.89999771118164
AIZmgIucN0ef39BDcptn,873,14.4694281,120.9794999,1785072992319,48.89999771118164
AIZmgIucN0ef39BDcptn,874,14.4693449,120.9795774,1785072994370,48.89999771118164
AIZmgIucN0ef39BDcptn,875,14.469274,120.9796833,1785072996343,48.89999771118164
AIZmgIucN0ef39BDcptn,876,14.469196,120.9797823,1785072998332,48.89999771118164
AIZmgIucN0ef39BDcptn,877,14.4690814,120.9799053,1785073000360,48.89999771118164
AIZmgIucN0ef39BDcptn,878,14.4689845,120.9800192,1785073002338,48.89999771118164
AIZmgIucN0ef39BDcptn,879,14.4688731,120.980144,1785073004335,48.89999771118164
AIZmgIucN0ef39BDcptn,880,14.4687444,120.9802547,1785073006332,48.89999771118164
AIZmgIucN0ef39BDcptn,881,14.4686247,120.9803544,1785073008326,48.89999771118164
AIZmgIucN0ef39BDcptn,882,14.4685095,120.9804686,1785073010312,48.89999771118164
AIZmgIucN0ef39BDcptn,883,14.4684063,120.980549,1785073012340,48.89999771118164
AIZmgIucN0ef39BDcptn,884,14.468327,120.980626,1785073014331,48.89999771118164
AIZmgIucN0ef39BDcptn,885,14.4682137,120.9807178,1785073016338,48.89999771118164
AIZmgIucN0ef39BDcptn,886,14.4681159,120.980812,1785073018313,48.89999771118164
AIZmgIucN0ef39BDcptn,887,14.468037,120.9809157,1785073020355,48.89999771118164
AIZmgIucN0ef39BDcptn,888,14.4679809,120.9810153,1785073022349,48.89999771118164
AIZmgIucN0ef39BDcptn,889,14.4679324,120.9810861,1785073024326,48.89999771118164
AIZmgIucN0ef39BDcptn,890,14.467852,120.9810506,1785073026311,48.89999771118164
AIZmgIucN0ef39BDcptn,891,14.4676899,120.9810039,1785073028331,48.89999771118164
AIZmgIucN0ef39BDcptn,892,14.4675198,120.9809818,1785073030302,49.5
AIZmgIucN0ef39BDcptn,893,14.4673374,120.9809591,1785073032334,49.5
AIZmgIucN0ef39BDcptn,894,14.467138,120.9809092,1785073034309,49.5
AIZmgIucN0ef39BDcptn,895,14.4669552,120.9808795,1785073036334,49.5
AIZmgIucN0ef39BDcptn,896,14.4667821,120.9808716,1785073038316,49.5
AIZmgIucN0ef39BDcptn,897,14.4666138,120.9808884,1785073040329,49.5
AIZmgIucN0ef39BDcptn,898,14.4664815,120.9809062,1785073042366,49.5
AIZmgIucN0ef39BDcptn,899,14.4663825,120.9809165,1785073044333,49.5
AIZmgIucN0ef39BDcptn,900,14.4662995,120.9809226,1785073046338,49.5
AIZmgIucN0ef39BDcptn,901,14.4662086,120.9809252,1785073048336,49.5
AIZmgIucN0ef39BDcptn,902,14.4661051,120.9809396,1785073050293,49.5
AIZmgIucN0ef39BDcptn,903,14.466006,120.9809596,1785073052333,49.5
AIZmgIucN0ef39BDcptn,904,14.4658813,120.9809585,1785073054303,50.0
AIZmgIucN0ef39BDcptn,905,14.4657482,120.9809514,1785073056352,50.0
AIZmgIucN0ef39BDcptn,906,14.4656493,120.9809357,1785073058354,50.0
AIZmgIucN0ef39BDcptn,907,14.4655526,120.9809173,1785073060354,50.0
AIZmgIucN0ef39BDcptn,908,14.4654544,120.980895,1785073062348,50.0
AIZmgIucN0ef39BDcptn,909,14.4653054,120.9808959,1785073064305,50.0
AIZmgIucN0ef39BDcptn,910,14.4651551,120.980894,1785073066369,50.0
AIZmgIucN0ef39BDcptn,911,14.4650384,120.9809024,1785073068351,50.0
AIZmgIucN0ef39BDcptn,912,14.4649198,120.9809281,1785073070353,50.0
AIZmgIucN0ef39BDcptn,913,14.4648051,120.9809405,1785073072358,50.0
AIZmgIucN0ef39BDcptn,914,14.4646819,120.9809785,1785073074364,50.0
AIZmgIucN0ef39BDcptn,915,14.4645691,120.9809854,1785073076352,50.0
AIZmgIucN0ef39BDcptn,916,14.4644576,120.9810043,1785073078346,50.0
AIZmgIucN0ef39BDcptn,917,14.4643351,120.981019,1785073080363,50.0
AIZmgIucN0ef39BDcptn,918,14.4642159,120.9810188,1785073082352,50.0
AIZmgIucN0ef39BDcptn,919,14.4640885,120.9810085,1785073084349,50.0
AIZmgIucN0ef39BDcptn,920,14.4639702,120.9810078,1785073086369,50.0
AIZmgIucN0ef39BDcptn,921,14.4638598,120.9809955,1785073088352,50.0
AIZmgIucN0ef39BDcptn,922,14.4637651,120.9809786,1785073090315,50.0
AIZmgIucN0ef39BDcptn,923,14.4636751,120.9809662,1785073092354,50.0
AIZmgIucN0ef39BDcptn,924,14.4635677,120.9809463,1785073094322,50.0
AIZmgIucN0ef39BDcptn,925,14.4634304,120.9809266,1785073096356,50.59999847412109
AIZmgIucN0ef39BDcptn,926,14.4632908,120.9809043,1785073098345,50.59999847412109
AIZmgIucN0ef39BDcptn,927,14.4631483,120.9808786,1785073100354,50.59999847412109
AIZmgIucN0ef39BDcptn,928,14.4630038,120.9808461,1785073102354,50.59999847412109
AIZmgIucN0ef39BDcptn,929,14.4628469,120.9808215,1785073104358,50.59999847412109
AIZmgIucN0ef39BDcptn,930,14.4626953,120.9807941,1785073106375,50.59999847412109
AIZmgIucN0ef39BDcptn,931,14.4625584,120.9807667,1785073108346,50.59999847412109
AIZmgIucN0ef39BDcptn,932,14.4624347,120.9807612,1785073110366,50.59999847412109
AIZmgIucN0ef39BDcptn,933,14.4623016,120.9807348,1785073112374,50.59999847412109
AIZmgIucN0ef39BDcptn,934,14.4621668,120.9807073,1785073114361,50.59999847412109
AIZmgIucN0ef39BDcptn,935,14.4620414,120.9806801,1785073116352,50.59999847412109
AIZmgIucN0ef39BDcptn,936,14.4619289,120.9806629,1785073118345,50.59999847412109
AIZmgIucN0ef39BDcptn,937,14.4618199,120.9806432,1785073120348,50.59999847412109
AIZmgIucN0ef39BDcptn,938,14.4617094,120.9806318,1785073122358,50.59999847412109
AIZmgIucN0ef39BDcptn,939,14.4616114,120.980586,1785073124360,50.59999847412109
AIZmgIucN0ef39BDcptn,940,14.4615097,120.9805376,1785073126381,50.59999847412109
AIZmgIucN0ef39BDcptn,941,14.4614249,120.9805162,1785073128349,50.59999847412109
AIZmgIucN0ef39BDcptn,942,14.4613638,120.9805093,1785073130330,50.59999847412109
AIZmgIucN0ef39BDcptn,943,14.4613001,120.9804905,1785073132360,50.59999847412109
AIZmgIucN0ef39BDcptn,944,14.4612033,120.9804675,1785073134358,50.59999847412109
AIZmgIucN0ef39BDcptn,945,14.4610872,120.9804379,1785073136369,50.59999847412109
AIZmgIucN0ef39BDcptn,946,14.4609305,120.9803993,1785073138362,50.59999847412109
AIZmgIucN0ef39BDcptn,947,14.4607581,120.9803583,1785073140330,50.59999847412109
AIZmgIucN0ef39BDcptn,948,14.4606364,120.9803257,1785073142364,50.59999847412109
AIZmgIucN0ef39BDcptn,949,14.4605751,120.9802795,1785073144319,50.59999847412109
AIZmgIucN0ef39BDcptn,950,14.4605476,120.980206,1785073146372,51.39999771118164
AIZmgIucN0ef39BDcptn,951,14.4605602,120.9800465,1785073148327,51.39999771118164
AIZmgIucN0ef39BDcptn,952,14.4605847,120.9798787,1785073150377,51.39999771118164
AIZmgIucN0ef39BDcptn,953,14.4606159,120.9797272,1785073152357,51.39999771118164
AIZmgIucN0ef39BDcptn,954,14.4606209,120.9795956,1785073154311,51.39999771118164
AIZmgIucN0ef39BDcptn,955,14.4606199,120.9794745,1785073156364,51.39999771118164
AIZmgIucN0ef39BDcptn,956,14.4606322,120.9794042,1785073158340,51.39999771118164
AIZmgIucN0ef39BDcptn,957,14.4605926,120.9793631,1785073160352,51.39999771118164
AIZmgIucN0ef39BDcptn,958,14.4604773,120.9793505,1785073162373,51.39999771118164
AIZmgIucN0ef39BDcptn,959,14.460317,120.9793424,1785073164347,51.39999771118164
AIZmgIucN0ef39BDcptn,960,14.4601347,120.979341,1785073166356,51.39999771118164
AIZmgIucN0ef39BDcptn,961,14.4599848,120.9793066,1785073168356,51.39999771118164
AIZmgIucN0ef39BDcptn,962,14.4598579,120.9792947,1785073170361,51.39999771118164
AIZmgIucN0ef39BDcptn,963,14.4597223,120.9792465,1785073172359,51.39999771118164
AIZmgIucN0ef39BDcptn,964,14.4595891,120.97916,1785073174349,51.39999771118164
AIZmgIucN0ef39BDcptn,965,14.4594693,120.9790724,1785073176325,51.39999771118164
AIZmgIucN0ef39BDcptn,966,14.459343,120.9789935,1785073178353,51.39999771118164
AIZmgIucN0ef39BDcptn,967,14.4592527,120.9789407,1785073180356,51.39999771118164
AIZmgIucN0ef39BDcptn,968,14.4591626,120.9788934,1785073182335,51.39999771118164
AIZmgIucN0ef39BDcptn,969,14.4590614,120.9788343,1785073184329,51.39999771118164
AIZmgIucN0ef39BDcptn,970,14.4589633,120.9787893,1785073186334,51.39999771118164
AIZmgIucN0ef39BDcptn,971,14.458852,120.9788322,1785073188372,51.39999771118164
AIZmgIucN0ef39BDcptn,972,14.4587113,120.9788969,1785073190339,51.39999771118164
AIZmgIucN0ef39BDcptn,973,14.4586025,120.9789445,1785073192354,51.39999771118164
AIZmgIucN0ef39BDcptn,974,14.4584993,120.9789921,1785073194366,51.39999771118164
AIZmgIucN0ef39BDcptn,975,14.4583922,120.9790692,1785073196358,51.39999771118164
AIZmgIucN0ef39BDcptn,976,14.4583353,120.979154,1785073198340,51.39999771118164
AIZmgIucN0ef39BDcptn,977,14.4582835,120.9792183,1785073200383,51.39999771118164
AIZmgIucN0ef39BDcptn,978,14.458185,120.9791915,1785073202353,51.39999771118164
AIZmgIucN0ef39BDcptn,979,14.4580903,120.9791292,1785073204345,51.39999771118164
AIZmgIucN0ef39BDcptn,980,14.4579907,120.9790729,1785073206368,51.39999771118164
AIZmgIucN0ef39BDcptn,981,14.4578879,120.9790043,1785073208336,51.39999771118164
AIZmgIucN0ef39BDcptn,982,14.4578108,120.9789344,1785073210355,51.39999771118164
AIZmgIucN0ef39BDcptn,983,14.4577086,120.9788811,1785073212370,51.39999771118164
AIZmgIucN0ef39BDcptn,984,14.457608,120.9788241,1785073214364,51.39999771118164
AIZmgIucN0ef39BDcptn,985,14.4575075,120.9787558,1785073216369,51.39999771118164
AIZmgIucN0ef39BDcptn,986,14.4573993,120.9786965,1785073218327,51.39999771118164
AIZmgIucN0ef39BDcptn,987,14.4572702,120.9786081,1785073220334,51.39999771118164
AIZmgIucN0ef39BDcptn,988,14.4571925,120.9785463,1785073222333,51.39999771118164
AIZmgIucN0ef39BDcptn,989,14.4571327,120.9785049,1785073224354,51.39999771118164
AIZmgIucN0ef39BDcptn,990,14.457053,120.9784469,1785073226325,51.39999771118164
AIZmgIucN0ef39BDcptn,991,14.4569956,120.9783729,1785073228336,51.39999771118164
AIZmgIucN0ef39BDcptn,992,14.45695,120.9782936,1785073230397,51.39999771118164
AIZmgIucN0ef39BDcptn,993,14.4569042,120.9782193,1785073232371,51.39999771118164
AIZmgIucN0ef39BDcptn,994,14.4568255,120.9781713,1785073234347,51.39999771118164
AIZmgIucN0ef39BDcptn,995,14.4567364,120.978119,1785073236331,51.39999771118164
AIZmgIucN0ef39BDcptn,996,14.4566433,120.9780698,1785073238348,51.39999771118164
AIZmgIucN0ef39BDcptn,997,14.4565365,120.978037,1785073240366,51.39999771118164
AIZmgIucN0ef39BDcptn,998,14.4564238,120.9779864,1785073242352,51.39999771118164
AIZmgIucN0ef39BDcptn,999,14.4563167,120.9779396,1785073244355,51.39999771118164
AIZmgIucN0ef39BDcptn,1000,14.456202,120.9778797,1785073246317,51.39999771118164
AIZmgIucN0ef39BDcptn,1001,14.4560965,120.977828,1785073248345,51.39999771118164
AIZmgIucN0ef39BDcptn,1002,14.4560033,120.9777864,1785073250336,60.0
AIZmgIucN0ef39BDcptn,1003,14.4559261,120.9777317,1785073252344,61.0
AIZmgIucN0ef39BDcptn,1004,14.4558417,120.977676,1785073254342,60.0
AIZmgIucN0ef39BDcptn,1005,14.4557623,120.9776243,1785073256303,60.0
AIZmgIucN0ef39BDcptn,1006,14.4556953,120.9775638,1785073258322,61.0
AIZmgIucN0ef39BDcptn,1007,14.4556484,120.9775073,1785073260344,61.0
AIZmgIucN0ef39BDcptn,1008,14.4556066,120.9774616,1785073262354,60.0
AIZmgIucN0ef39BDcptn,1009,14.4555671,120.9774217,1785073264347,54.0
AIZmgIucN0ef39BDcptn,1010,14.4554695,120.9773671,1785073266291,54.0
AIZmgIucN0ef39BDcptn,1011,14.4553283,120.9772616,1785073268367,54.0
AIZmgIucN0ef39BDcptn,1012,14.4551891,120.9771862,1785073270355,54.0
AIZmgIucN0ef39BDcptn,1013,14.4550588,120.9771337,1785073272330,54.0
AIZmgIucN0ef39BDcptn,1014,14.4549272,120.9770367,1785073274343,54.0
AIZmgIucN0ef39BDcptn,1015,14.4547742,120.9769426,1785073276317,54.0
AIZmgIucN0ef39BDcptn,1016,14.4546347,120.9768543,1785073278342,54.0
AIZmgIucN0ef39BDcptn,1017,14.4545427,120.9767927,1785073280348,54.0
AIZmgIucN0ef39BDcptn,1018,14.4544583,120.9767369,1785073282382,54.0
AIZmgIucN0ef39BDcptn,1019,14.4543401,120.9766566,1785073284376,54.0
AIZmgIucN0ef39BDcptn,1020,14.4542196,120.9765549,1785073286334,54.0
AIZmgIucN0ef39BDcptn,1021,14.4540908,120.976471,1785073288340,54.0
AIZmgIucN0ef39BDcptn,1022,14.4540101,120.9764185,1785073290347,54.0
AIZmgIucN0ef39BDcptn,1023,14.4539536,120.976378,1785073292368,54.0
AIZmgIucN0ef39BDcptn,1024,14.4539162,120.9763341,1785073294369,54.0
AIZmgIucN0ef39BDcptn,1025,14.4538853,120.9763026,1785073296304,54.0
AIZmgIucN0ef39BDcptn,1026,14.4538027,120.9762545,1785073298279,54.0
AIZmgIucN0ef39BDcptn,1027,14.453723,120.9762003,1785073300286,54.0
AIZmgIucN0ef39BDcptn,1028,14.4536202,120.9761236,1785073302282,54.0
AIZmgIucN0ef39BDcptn,1029,14.4535175,120.9760509,1785073304302,54.0
AIZmgIucN0ef39BDcptn,1030,14.4534072,120.9759497,1785073306281,54.0
AIZmgIucN0ef39BDcptn,1031,14.4533069,120.9758879,1785073308280,54.0
AIZmgIucN0ef39BDcptn,1032,14.4532194,120.975845,1785073310295,54.0
AIZmgIucN0ef39BDcptn,1033,14.4531711,120.9758129,1785073312292,54.0
AIZmgIucN0ef39BDcptn,1034,14.4531322,120.9757868,1785073314299,55.29999923706055
AIZmgIucN0ef39BDcptn,1035,14.4531015,120.9757849,1785073316323,55.29999923706055
AIZmgIucN0ef39BDcptn,1036,14.453068,120.9758191,1785073318303,55.29999923706055
AIZmgIucN0ef39BDcptn,1037,14.4530275,120.9758774,1785073320284,55.29999923706055
AIZmgIucN0ef39BDcptn,1038,14.4529785,120.9759687,1785073322310,55.29999923706055
AIZmgIucN0ef39BDcptn,1039,14.4528921,120.9760804,1785073324283,55.29999923706055
AIZmgIucN0ef39BDcptn,1040,14.4528055,120.9761896,1785073326316,55.20000076293945
AIZmgIucN0ef39BDcptn,1041,14.4527464,120.9762791,1785073328326,55.20000076293945
AIZmgIucN0ef39BDcptn,1042,14.4526991,120.976334,1785073330346,55.20000076293945
AIZmgIucN0ef39BDcptn,1043,14.4526557,120.9763969,1785073332337,55.20000076293945
AIZmgIucN0ef39BDcptn,1044,14.4525942,120.9764611,1785073334305,55.09999847412109
AIZmgIucN0ef39BDcptn,1045,14.4525177,120.9765938,1785073336301,55.09999847412109
AIZmgIucN0ef39BDcptn,1046,14.452427,120.9767495,1785073338340,55.09999847412109
AIZmgIucN0ef39BDcptn,1047,14.4523685,120.9768741,1785073340350,55.09999847412109
AIZmgIucN0ef39BDcptn,1048,14.4523344,120.976941,1785073342348,55.09999847412109
AIZmgIucN0ef39BDcptn,1049,14.4523064,120.9769946,1785073344366,55.09999847412109
AIZmgIucN0ef39BDcptn,1050,14.4522799,120.977038,1785073346295,55.09999847412109
AIZmgIucN0ef39BDcptn,1051,14.452236,120.9770813,1785073348352,55.09999847412109
AIZmgIucN0ef39BDcptn,1052,14.452179,120.9771806,1785073350343,55.09999847412109
AIZmgIucN0ef39BDcptn,1053,14.4521139,120.9773472,1785073352338,55.09999847412109
AIZmgIucN0ef39BDcptn,1054,14.4520049,120.9774833,1785073354339,55.09999847412109
AIZmgIucN0ef39BDcptn,1055,14.451893,120.9776183,1785073356286,55.09999847412109
AIZmgIucN0ef39BDcptn,1056,14.4518125,120.9777461,1785073358327,55.09999847412109
AIZmgIucN0ef39BDcptn,1057,14.4517554,120.9778316,1785073360349,55.09999847412109
AIZmgIucN0ef39BDcptn,1058,14.4517027,120.9779014,1785073362358,55.09999847412109
AIZmgIucN0ef39BDcptn,1059,14.4516331,120.9780064,1785073364367,59.89999771118164
AIZmgIucN0ef39BDcptn,1060,14.4515731,120.9781175,1785073366318,59.89999771118164
AIZmgIucN0ef39BDcptn,1061,14.4515052,120.9782123,1785073368343,59.89999771118164
AIZmgIucN0ef39BDcptn,1062,14.4514466,120.9783034,1785073370354,59.89999771118164
AIZmgIucN0ef39BDcptn,1063,14.451406,120.9783813,1785073372353,59.89999771118164
AIZmgIucN0ef39BDcptn,1064,14.4513314,120.9784079,1785073374338,59.89999771118164
AIZmgIucN0ef39BDcptn,1065,14.4512279,120.9783872,1785073376295,59.89999771118164
AIZmgIucN0ef39BDcptn,1066,14.4511132,120.9783929,1785073378349,56.89999771118164
AIZmgIucN0ef39BDcptn,1067,14.4510282,120.9783793,1785073380362,56.89999771118164
AIZmgIucN0ef39BDcptn,1068,14.4509508,120.9783638,1785073382342,56.89999771118164
AIZmgIucN0ef39BDcptn,1069,14.4509165,120.978361,1785073384297,56.89999771118164
AIZmgIucN0ef39BDcptn,1070,14.4509001,120.9783804,1785073386317,56.89999771118164
AIZmgIucN0ef39BDcptn,1071,14.4509155,120.9783672,1785073445299,55.39999771118164
AIZmgIucN0ef39BDcptn,1072,14.4508643,120.9783614,1785073469309,55.39999771118164
AIZmgIucN0ef39BDcptn,1073,14.4507611,120.978343,1785073471312,55.39999771118164
AIZmgIucN0ef39BDcptn,1074,14.4506415,120.9783068,1785073473309,55.39999771118164
AIZmgIucN0ef39BDcptn,1075,14.4504914,120.9782733,1785073475281,55.39999771118164
AIZmgIucN0ef39BDcptn,1076,14.4503507,120.9782276,1785073477314,55.39999771118164
AIZmgIucN0ef39BDcptn,1077,14.4502025,120.9782014,1785073479304,55.39999771118164
AIZmgIucN0ef39BDcptn,1078,14.4500437,120.9781631,1785073481317,55.39999771118164
AIZmgIucN0ef39BDcptn,1079,14.4498767,120.9781078,1785073483319,55.39999771118164
AIZmgIucN0ef39BDcptn,1080,14.4497079,120.9780648,1785073485317,55.39999771118164
AIZmgIucN0ef39BDcptn,1081,14.4495531,120.9780042,1785073487308,55.39999771118164
AIZmgIucN0ef39BDcptn,1082,14.4494237,120.9779646,1785073489306,55.39999771118164
AIZmgIucN0ef39BDcptn,1083,14.4492916,120.9779176,1785073491312,55.39999771118164
AIZmgIucN0ef39BDcptn,1084,14.4491841,120.977931,1785073493326,55.39999771118164
AIZmgIucN0ef39BDcptn,1085,14.4490935,120.9779569,1785073495326,55.39999771118164
AIZmgIucN0ef39BDcptn,1086,14.449036,120.9780235,1785073497312,55.39999771118164
AIZmgIucN0ef39BDcptn,1087,14.4490244,120.9781429,1785073499309,55.39999771118164
AIZmgIucN0ef39BDcptn,1088,14.4490055,120.9782872,1785073501322,55.39999771118164
AIZmgIucN0ef39BDcptn,1089,14.4489798,120.9783356,1785073503307,55.39999771118164
AIZmgIucN0ef39BDcptn,1090,14.4489234,120.9783867,1785073505235,55.39999771118164
AIZmgIucN0ef39BDcptn,1091,14.448928,120.9785758,1785073507311,55.39999771118164
AIZmgIucN0ef39BDcptn,1092,14.4489002,120.9786071,1785073509114,55.39999771118164
AIZmgIucN0ef39BDcptn,1093,14.4488853,120.9785955,1785073514319,55.20000076293945
AIZmgIucN0ef39BDcptn,1094,14.4488819,120.9785762,1785073517309,55.20000076293945
AIZmgIucN0ef39BDcptn,1095,14.4488913,120.97856,1785073527303,54.89999771118164
AIZmgIucN0ef39BDcptn,1096,14.4488796,120.9785434,1785073535740,54.89999771118164
AIZmgIucN0ef39BDcptn,1097,14.4488602,120.9785324,1785073537613,54.89999771118164
AIZmgIucN0ef39BDcptn,1098,14.4488101,120.9785274,1785073540314,54.89999771118164
AIZmgIucN0ef39BDcptn,1099,14.4487466,120.9785272,1785073542325,54.89999771118164
AIZmgIucN0ef39BDcptn,1100,14.4486747,120.9785121,1785073544162,54.89999771118164
AIZmgIucN0ef39BDcptn,1101,14.4484956,120.9785053,1785073546298,54.89999771118164
AIZmgIucN0ef39BDcptn,1102,14.4483668,120.9784893,1785073548314,54.89999771118164
AIZmgIucN0ef39BDcptn,1103,14.4482384,120.9784631,1785073550311,54.89999771118164
AIZmgIucN0ef39BDcptn,1104,14.4480827,120.9784268,1785073552320,54.89999771118164
AIZmgIucN0ef39BDcptn,1105,14.4479076,120.9783966,1785073554324,54.89999771118164
AIZmgIucN0ef39BDcptn,1106,14.4477494,120.9783607,1785073556317,54.89999771118164
AIZmgIucN0ef39BDcptn,1107,14.4476307,120.9783305,1785073558318,54.89999771118164
AIZmgIucN0ef39BDcptn,1108,14.4475469,120.9783144,1785073560313,54.89999771118164
AIZmgIucN0ef39BDcptn,1109,14.4474947,120.9783052,1785073562292,54.89999771118164
AIZmgIucN0ef39BDcptn,1110,14.4474485,120.9783072,1785073564285,54.89999771118164
AIZmgIucN0ef39BDcptn,1111,14.4474094,120.9783433,1785073566355,54.89999771118164
AIZmgIucN0ef39BDcptn,1112,14.4474024,120.9784115,1785073568294,54.89999771118164
AIZmgIucN0ef39BDcptn,1113,14.4474002,120.9784571,1785073570299,54.89999771118164
AIZmgIucN0ef39BDcptn,1114,14.4473877,120.978519,1785073572383,54.89999771118164
AIZmgIucN0ef39BDcptn,1115,14.4473486,120.97865,1785073574287,54.89999771118164
AIZmgIucN0ef39BDcptn,1116,14.4473364,120.9788395,1785073576282,54.89999771118164
AIZmgIucN0ef39BDcptn,1117,14.4473298,120.9790167,1785073578317,54.89999771118164
AIZmgIucN0ef39BDcptn,1118,14.4473194,120.979162,1785073580304,54.89999771118164
AIZmgIucN0ef39BDcptn,1119,14.4473124,120.9792812,1785073582280,54.89999771118164
AIZmgIucN0ef39BDcptn,1120,14.4473116,120.9793533,1785073584315,54.89999771118164
AIZmgIucN0ef39BDcptn,1121,14.4473104,120.979396,1785073586303,55.29999923706055
AIZmgIucN0ef39BDcptn,1122,14.4473058,120.9795135,1785073588308,55.29999923706055
AIZmgIucN0ef39BDcptn,1123,14.447303,120.9796498,1785073590325,55.29999923706055
AIZmgIucN0ef39BDcptn,1124,14.4472967,120.9797781,1785073592321,55.29999923706055
AIZmgIucN0ef39BDcptn,1125,14.4472888,120.9799114,1785073594312,55.29999923706055
AIZmgIucN0ef39BDcptn,1126,14.4472805,120.9800264,1785073596322,55.29999923706055
AIZmgIucN0ef39BDcptn,1127,14.4472678,120.9801532,1785073598301,55.29999923706055
AIZmgIucN0ef39BDcptn,1128,14.4472496,120.9802747,1785073600309,55.29999923706055
AIZmgIucN0ef39BDcptn,1129,14.4472397,120.980348,1785073602309,55.29999923706055
AIZmgIucN0ef39BDcptn,1130,14.4472351,120.9804069,1785073604303,55.29999923706055
AIZmgIucN0ef39BDcptn,1131,14.4472161,120.9805339,1785073606306,55.29999923706055
AIZmgIucN0ef39BDcptn,1132,14.4471887,120.9807253,1785073608316,55.29999923706055
AIZmgIucN0ef39BDcptn,1133,14.4471486,120.9809009,1785073610325,55.29999923706055
AIZmgIucN0ef39BDcptn,1134,14.44712,120.9810222,1785073612307,55.29999923706055
AIZmgIucN0ef39BDcptn,1135,14.447112,120.9810661,1785073614337,55.29999923706055
AIZmgIucN0ef39BDcptn,1136,14.4470889,120.9811247,1785073616319,55.29999923706055
AIZmgIucN0ef39BDcptn,1137,14.4470293,120.9811585,1785073618330,55.29999923706055
AIZmgIucN0ef39BDcptn,1138,14.4468951,120.9811802,1785073620282,55.29999923706055
AIZmgIucN0ef39BDcptn,1139,14.4467483,120.9811993,1785073622329,55.29999923706055
AIZmgIucN0ef39BDcptn,1140,14.4466107,120.9812277,1785073624295,55.29999923706055
AIZmgIucN0ef39BDcptn,1141,14.4464471,120.9812459,1785073626316,55.29999923706055
AIZmgIucN0ef39BDcptn,1142,14.4463013,120.9812504,1785073628314,55.29999923706055
AIZmgIucN0ef39BDcptn,1143,14.4461827,120.9812575,1785073630289,55.29999923706055
AIZmgIucN0ef39BDcptn,1144,14.4461023,120.9812378,1785073632312,55.29999923706055
AIZmgIucN0ef39BDcptn,1145,14.4460896,120.9811903,1785073634313,55.29999923706055
AIZmgIucN0ef39BDcptn,1146,14.4460876,120.9810925,1785073636330,55.29999923706055
AIZmgIucN0ef39BDcptn,1147,14.4460895,120.9809423,1785073638306,55.29999923706055
AIZmgIucN0ef39BDcptn,1148,14.4460857,120.9807867,1785073640310,55.29999923706055
AIZmgIucN0ef39BDcptn,1149,14.446087,120.9806041,1785073642304,55.29999923706055
AIZmgIucN0ef39BDcptn,1150,14.4460909,120.9804271,1785073644306,55.29999923706055
AIZmgIucN0ef39BDcptn,1151,14.4460884,120.9802618,1785073646299,55.29999923706055
AIZmgIucN0ef39BDcptn,1152,14.4460903,120.9801181,1785073648311,55.29999923706055
AIZmgIucN0ef39BDcptn,1153,14.4460928,120.9799675,1785073650320,55.29999923706055
AIZmgIucN0ef39BDcptn,1154,14.4461021,120.9798246,1785073652319,55.29999923706055
AIZmgIucN0ef39BDcptn,1155,14.4460947,120.979711,1785073654296,55.29999923706055
AIZmgIucN0ef39BDcptn,1156,14.4460952,120.9796498,1785073656319,55.29999923706055
AIZmgIucN0ef39BDcptn,1157,14.4460951,120.9796082,1785073658322,55.29999923706055
AIZmgIucN0ef39BDcptn,1158,14.4460931,120.9795397,1785073660324,55.29999923706055
AIZmgIucN0ef39BDcptn,1159,14.4460947,120.9794452,1785073662335,55.29999923706055
AIZmgIucN0ef39BDcptn,1160,14.4460919,120.9793306,1785073664322,56.39999771118164
AIZmgIucN0ef39BDcptn,1161,14.4460907,120.9792157,1785073666313,56.39999771118164
AIZmgIucN0ef39BDcptn,1162,14.4460905,120.9791083,1785073668319,56.39999771118164
AIZmgIucN0ef39BDcptn,1163,14.4460862,120.9790212,1785073670297,56.39999771118164
AIZmgIucN0ef39BDcptn,1164,14.4460927,120.9789731,1785073672315,56.39999771118164
AIZmgIucN0ef39BDcptn,1165,14.446093,120.9789506,1785073674326,56.0
AIZmgIucN0ef39BDcptn,1166,14.4460991,120.9788917,1785073676158,56.0
AIZmgIucN0ef39BDcptn,1167,14.4460999,120.978802,1785073678115,56.0
AIZmgIucN0ef39BDcptn,1168,14.4460983,120.9787099,1785073680212,56.0
AIZmgIucN0ef39BDcptn,1169,14.4461106,120.9786464,1785073682342,56.0
AIZmgIucN0ef39BDcptn,1170,14.4461293,120.9786102,1785073684348,56.0
AIZmgIucN0ef39BDcptn,1171,14.446136,120.978586,1785073686356,55.20000076293945
AIZmgIucN0ef39BDcptn,1172,14.4461335,120.9785557,1785073689876,55.20000076293945
AIZmgIucN0ef39BDcptn,1173,14.4460942,120.9785437,1785073692258,55.20000076293945
AIZmgIucN0ef39BDcptn,1174,14.4460825,120.9785846,1785073694328,55.20000076293945
AIZmgIucN0ef39BDcptn,1175,14.4460804,120.9786048,1785073699305,55.20000076293945
BcuBjrxFjoa1NpE1Z4dv,0,14.5634888,120.9947927,1784974627039,51.39999771118164
BcuBjrxFjoa1NpE1Z4dv,1,14.5635548,120.9947423,1784974633032,51.39999771118164
BcuBjrxFjoa1NpE1Z4dv,2,14.5636556,120.9947225,1784974635026,51.39999771118164
BcuBjrxFjoa1NpE1Z4dv,3,14.5637815,120.9947101,1784974637026,51.39999771118164
BcuBjrxFjoa1NpE1Z4dv,4,14.5638808,120.994742,1784974639029,51.39999771118164
BcuBjrxFjoa1NpE1Z4dv,5,14.5639739,120.9946975,1784974641036,51.39999771118164
BcuBjrxFjoa1NpE1Z4dv,6,14.5640628,120.9946592,1784974643036,51.39999771118164
BcuBjrxFjoa1NpE1Z4dv,7,14.5641672,120.9946306,1784974645041,51.39999771118164
BcuBjrxFjoa1NpE1Z4dv,8,14.5642399,120.9946182,1784974647044,51.39999771118164
BcuBjrxFjoa1NpE1Z4dv,9,14.564295,120.9945941,1784974651040,51.39999771118164
BcuBjrxFjoa1NpE1Z4dv,10,14.5643319,120.9945723,1784974653040,51.39999771118164
BcuBjrxFjoa1NpE1Z4dv,11,14.5642647,120.9945283,1784974655032,51.39999771118164
BcuBjrxFjoa1NpE1Z4dv,12,14.5641013,120.9944981,1784974657047,51.39999771118164
BcuBjrxFjoa1NpE1Z4dv,13,14.5639867,120.9945174,1784974659042,51.39999771118164
BcuBjrxFjoa1NpE1Z4dv,14,14.5638682,120.994497,1784974661035,51.39999771118164
BcuBjrxFjoa1NpE1Z4dv,15,14.5637747,120.9945136,1784974663041,51.39999771118164
BcuBjrxFjoa1NpE1Z4dv,16,14.5636967,120.9945314,1784974665045,51.39999771118164
BcuBjrxFjoa1NpE1Z4dv,17,14.5636338,120.9945199,1784974667041,51.39999771118164
BcuBjrxFjoa1NpE1Z4dv,18,14.5635714,120.994553,1784974669046,51.39999771118164
BcuBjrxFjoa1NpE1Z4dv,19,14.5634933,120.9946096,1784974671042,51.39999771118164
BcuBjrxFjoa1NpE1Z4dv,20,14.5634302,120.9946488,1784974673041,51.39999771118164
BcuBjrxFjoa1NpE1Z4dv,21,14.5634,120.9946625,1784974675052,51.39999771118164
BcuBjrxFjoa1NpE1Z4dv,22,14.5633359,120.9946802,1784974677049,51.39999771118164
BcuBjrxFjoa1NpE1Z4dv,23,14.5632725,120.9946945,1784974679039,51.39999771118164
BcuBjrxFjoa1NpE1Z4dv,24,14.5631965,120.9947125,1784974681042,51.39999771118164
BcuBjrxFjoa1NpE1Z4dv,25,14.5631175,120.9947451,1784974683044,51.39999771118164
BcuBjrxFjoa1NpE1Z4dv,26,14.563069,120.9947705,1784974685042,51.39999771118164
BcuBjrxFjoa1NpE1Z4dv,27,14.5629874,120.9948026,1784974687044,51.39999771118164
BcuBjrxFjoa1NpE1Z4dv,28,14.5628949,120.9948387,1784974689051,51.39999771118164
BcuBjrxFjoa1NpE1Z4dv,29,14.5628298,120.9948842,1784974691053,51.39999771118164
BcuBjrxFjoa1NpE1Z4dv,30,14.5627738,120.9949227,1784974693064,51.39999771118164
BcuBjrxFjoa1NpE1Z4dv,31,14.5627364,120.9949375,1784974695054,51.39999771118164
BcuBjrxFjoa1NpE1Z4dv,32,14.5627045,120.9949466,1784974697052,51.39999771118164
BcuBjrxFjoa1NpE1Z4dv,33,14.5626733,120.9949566,1784974699057,51.39999771118164
BcuBjrxFjoa1NpE1Z4dv,34,14.5626462,120.9949664,1784974701049,51.39999771118164
BcuBjrxFjoa1NpE1Z4dv,35,14.5626022,120.994947,1784974703057,51.39999771118164
BcuBjrxFjoa1NpE1Z4dv,36,14.5625516,120.9948716,1784974705055,51.39999771118164
BcuBjrxFjoa1NpE1Z4dv,37,14.5625071,120.9947696,1784974707047,51.39999771118164
BcuBjrxFjoa1NpE1Z4dv,38,14.5624539,120.9946643,1784974709037,51.39999771118164
BcuBjrxFjoa1NpE1Z4dv,39,14.5623372,120.9945586,1784974711031,51.39999771118164
BcuBjrxFjoa1NpE1Z4dv,40,14.5621745,120.994469,1784974713040,51.39999771118164
BcuBjrxFjoa1NpE1Z4dv,41,14.5619966,120.9944043,1784974715035,51.39999771118164
BcuBjrxFjoa1NpE1Z4dv,42,14.5618133,120.9943461,1784974717030,51.39999771118164
BcuBjrxFjoa1NpE1Z4dv,43,14.5616441,120.994283,1784974719036,51.39999771118164
BcuBjrxFjoa1NpE1Z4dv,44,14.5615001,120.9942106,1784974721034,51.39999771118164
BcuBjrxFjoa1NpE1Z4dv,45,14.5613945,120.9941108,1784974723040,51.39999771118164
BcuBjrxFjoa1NpE1Z4dv,46,14.561326,120.9939779,1784974725046,51.39999771118164
BcuBjrxFjoa1NpE1Z4dv,47,14.5612733,120.9938412,1784974727032,51.39999771118164
BcuBjrxFjoa1NpE1Z4dv,48,14.5612418,120.9936988,1784974729042,51.39999771118164
BcuBjrxFjoa1NpE1Z4dv,49,14.5611975,120.9935486,1784974731037,51.39999771118164
BcuBjrxFjoa1NpE1Z4dv,50,14.5611601,120.9934082,1784974733048,51.39999771118164
BcuBjrxFjoa1NpE1Z4dv,51,14.561132,120.9932733,1784974735052,51.39999771118164
BcuBjrxFjoa1NpE1Z4dv,52,14.5611005,120.9931287,1784974737046,51.39999771118164
BcuBjrxFjoa1NpE1Z4dv,53,14.5610859,120.9929954,1784974739046,51.39999771118164
BcuBjrxFjoa1NpE1Z4dv,54,14.5610736,120.9928804,1784974741050,51.39999771118164
BcuBjrxFjoa1NpE1Z4dv,55,14.5610637,120.9927881,1784974743044,51.39999771118164
BcuBjrxFjoa1NpE1Z4dv,56,14.5610387,120.9926999,1784974745050,51.39999771118164
BcuBjrxFjoa1NpE1Z4dv,57,14.5609955,120.9926271,1784974747055,51.39999771118164
BcuBjrxFjoa1NpE1Z4dv,58,14.5609615,120.9925704,1784974749054,51.39999771118164
BcuBjrxFjoa1NpE1Z4dv,59,14.5609448,120.9925255,1784974751051,51.39999771118164
BcuBjrxFjoa1NpE1Z4dv,60,14.5609356,120.9925035,1784974784060,51.39999771118164
BcuBjrxFjoa1NpE1Z4dv,61,14.56093,120.9924723,1784974788060,51.39999771118164
BcuBjrxFjoa1NpE1Z4dv,62,14.5609354,120.9924464,1784974791056,51.39999771118164
BcuBjrxFjoa1NpE1Z4dv,63,14.5609253,120.9924115,1784974805071,49.105
BcuBjrxFjoa1NpE1Z4dv,64,14.5608919,120.9923113,1784974807062,48.365
BcuBjrxFjoa1NpE1Z4dv,65,14.5608277,120.9921398,1784974809063,51.528
BcuBjrxFjoa1NpE1Z4dv,66,14.5607524,120.9919416,1784974811052,56.522
BcuBjrxFjoa1NpE1Z4dv,67,14.5606804,120.9917258,1784974813056,60.075
BcuBjrxFjoa1NpE1Z4dv,68,14.5606142,120.9915002,1784974815057,63.196
BcuBjrxFjoa1NpE1Z4dv,69,14.56057,120.9912861,1784974817052,64.631
BcuBjrxFjoa1NpE1Z4dv,70,14.5605251,120.9910861,1784974819063,58.782
BcuBjrxFjoa1NpE1Z4dv,71,14.5604799,120.99089,1784974821063,56.732
BcuBjrxFjoa1NpE1Z4dv,72,14.5604421,120.9906886,1784974823066,55.309
BcuBjrxFjoa1NpE1Z4dv,73,14.5604102,120.9905278,1784974825063,56.445
BcuBjrxFjoa1NpE1Z4dv,74,14.5603937,120.9904068,1784974827068,54.847
BcuBjrxFjoa1NpE1Z4dv,75,14.5603712,120.9902877,1784974829060,56.44
BcuBjrxFjoa1NpE1Z4dv,76,14.5603396,120.9901609,1784974831066,54.081
BcuBjrxFjoa1NpE1Z4dv,77,14.5603097,120.990031,1784974833066,54.028
BcuBjrxFjoa1NpE1Z4dv,78,14.5602736,120.9899041,1784974835075,53.066
BcuBjrxFjoa1NpE1Z4dv,79,14.5602235,120.9897917,1784974837067,52.249
BcuBjrxFjoa1NpE1Z4dv,80,14.5601825,120.9896981,1784974839073,53.191
BcuBjrxFjoa1NpE1Z4dv,81,14.5601679,120.9896074,1784974841074,56.778
BcuBjrxFjoa1NpE1Z4dv,82,14.5601455,120.9895424,1784974843078,59.773
BcuBjrxFjoa1NpE1Z4dv,83,14.5601285,120.9895002,1784974845064,61.194
BcuBjrxFjoa1NpE1Z4dv,84,14.5600963,120.9894236,1784974847061,61.731
BcuBjrxFjoa1NpE1Z4dv,85,14.5600512,120.9893003,1784974849061,61.503
BcuBjrxFjoa1NpE1Z4dv,86,14.5600113,120.989121,1784974851058,59.146
BcuBjrxFjoa1NpE1Z4dv,87,14.5599756,120.988931,1784974853061,60.032
BcuBjrxFjoa1NpE1Z4dv,88,14.5599423,120.9887343,1784974855054,62.179
BcuBjrxFjoa1NpE1Z4dv,89,14.5598987,120.9885485,1784974857061,63.786
BcuBjrxFjoa1NpE1Z4dv,90,14.5598607,120.9884052,1784974859068,64.675
BcuBjrxFjoa1NpE1Z4dv,91,14.5598212,120.988287,1784974861063,63.222
BcuBjrxFjoa1NpE1Z4dv,92,14.5597951,120.9881986,1784974863057,64.09
BcuBjrxFjoa1NpE1Z4dv,93,14.5597774,120.988129,1784974865058,64.346
BcuBjrxFjoa1NpE1Z4dv,94,14.5597738,120.9880832,1784974867061,63.259
BcuBjrxFjoa1NpE1Z4dv,95,14.5597626,120.9880363,1784974869048,62.773
BcuBjrxFjoa1NpE1Z4dv,96,14.5597182,120.9879716,1784974871040,59.42
BcuBjrxFjoa1NpE1Z4dv,97,14.5596997,120.9879503,1784974873037,59.422
BcuBjrxFjoa1NpE1Z4dv,98,14.5596764,120.9879282,1784974875040,59.042
BcuBjrxFjoa1NpE1Z4dv,99,14.5596526,120.987882,1784974877038,58.125
BcuBjrxFjoa1NpE1Z4dv,100,14.5596571,120.9877994,1784974879052,58.018
BcuBjrxFjoa1NpE1Z4dv,101,14.5596633,120.9877096,1784974881062,56.39
BcuBjrxFjoa1NpE1Z4dv,102,14.5596441,120.9876226,1784974883061,54.095
BcuBjrxFjoa1NpE1Z4dv,103,14.5596404,120.9875845,1784974885068,53.481
BcuBjrxFjoa1NpE1Z4dv,104,14.5596398,120.9875653,1784974901070,53.268
BcuBjrxFjoa1NpE1Z4dv,105,14.5596283,120.9875264,1784974917075,54.229
BcuBjrxFjoa1NpE1Z4dv,106,14.5596009,120.9874717,1784974919075,54.271
BcuBjrxFjoa1NpE1Z4dv,107,14.5595369,120.9874006,1784974921065,54.724
BcuBjrxFjoa1NpE1Z4dv,108,14.5594622,120.9874085,1784974923058,52.454
BcuBjrxFjoa1NpE1Z4dv,109,14.5593673,120.987455,1784974925056,48.897
BcuBjrxFjoa1NpE1Z4dv,110,14.5592568,120.9875084,1784974927058,48.026
BcuBjrxFjoa1NpE1Z4dv,111,14.559145,120.9875692,1784974929058,49.305
BcuBjrxFjoa1NpE1Z4dv,112,14.5590489,120.9876139,1784974931065,48.603
BcuBjrxFjoa1NpE1Z4dv,113,14.5589563,120.9876594,1784974933079,51.105
BcuBjrxFjoa1NpE1Z4dv,114,14.5588586,120.9877004,1784974935066,52.01
BcuBjrxFjoa1NpE1Z4dv,115,14.5587383,120.9877194,1784974937055,52.571
BcuBjrxFjoa1NpE1Z4dv,116,14.5586079,120.9877616,1784974939059,53.524
BcuBjrxFjoa1NpE1Z4dv,117,14.5584612,120.9877963,1784974941058,53.764
BcuBjrxFjoa1NpE1Z4dv,118,14.5583129,120.9878359,1784974943056,54.876
BcuBjrxFjoa1NpE1Z4dv,119,14.5581854,120.9878827,1784974945045,53.674
BcuBjrxFjoa1NpE1Z4dv,120,14.5580836,120.9879477,1784974947057,47.444
BcuBjrxFjoa1NpE1Z4dv,121,14.557929,120.9880266,1784974950062,47.77
BcuBjrxFjoa1NpE1Z4dv,122,14.5578546,120.9880581,1784974952054,45.916
BcuBjrxFjoa1NpE1Z4dv,123,14.5577939,120.9880747,1784974954060,41.573
BcuBjrxFjoa1NpE1Z4dv,124,14.5576906,120.9880997,1784974957033,38.231
BcuBjrxFjoa1NpE1Z4dv,125,14.5576124,120.9881135,1784974959036,37.156
BcuBjrxFjoa1NpE1Z4dv,126,14.557535,120.9881514,1784974961038,39.68
BcuBjrxFjoa1NpE1Z4dv,127,14.5575066,120.9881938,1784974963042,38.466
BcuBjrxFjoa1NpE1Z4dv,128,14.5574885,120.9882444,1784974965047,40.855
BcuBjrxFjoa1NpE1Z4dv,129,14.5575031,120.9883123,1784974967066,40.645
BcuBjrxFjoa1NpE1Z4dv,130,14.5575404,120.9883994,1784974969049,37.977
BcuBjrxFjoa1NpE1Z4dv,131,14.5575714,120.9884779,1784974971052,39.718
BcuBjrxFjoa1NpE1Z4dv,132,14.5575825,120.9885436,1784974973039,45.778
BcuBjrxFjoa1NpE1Z4dv,133,14.5575834,120.9885659,1784974975039,48.163
BcuBjrxFjoa1NpE1Z4dv,134,14.5576317,120.9885459,1784974979027,53.132
BcuBjrxFjoa1NpE1Z4dv,135,14.557668,120.9884933,1784974981026,59.61
BcuBjrxFjoa1NpE1Z4dv,136,14.5576962,120.9884667,1784974983031,59.61
BcuBjrxFjoa1NpE1Z4dv,137,14.5577317,120.9884753,1784974985029,61.887
BcuBjrxFjoa1NpE1Z4dv,138,14.5577119,120.9884556,1784974987028,61.888
BcuBjrxFjoa1NpE1Z4dv,139,14.5576823,120.9884283,1784974989032,63.03
BcuBjrxFjoa1NpE1Z4dv,140,14.5576895,120.9884095,1784974993035,63.225
C0oYDSgOs81FSV4IU7kf,0,14.5626148,120.995007,1785208201496,50.89999771118164
C0oYDSgOs81FSV4IU7kf,1,14.5625382,120.9949325,1785208349284,28.04916242519281
C0oYDSgOs81FSV4IU7kf,2,14.5625146,120.9949802,1785208351255,28.04916242519281
C0oYDSgOs81FSV4IU7kf,3,14.5624856,120.9950589,1785208353438,28.163536676551228
C0oYDSgOs81FSV4IU7kf,4,14.5625093,120.9950941,1785208355914,28.203048135066933
C0oYDSgOs81FSV4IU7kf,5,14.5625326,120.9951146,1785208357894,28.225923272969087
C0oYDSgOs81FSV4IU7kf,6,14.5625693,120.9951395,1785208359817,51.89999771118164
C0oYDSgOs81FSV4IU7kf,7,14.5626324,120.9952033,1785208362254,51.89999771118164
C0oYDSgOs81FSV4IU7kf,8,14.5626842,120.9952412,1785208364254,51.89999771118164
C0oYDSgOs81FSV4IU7kf,9,14.5627342,120.9953115,1785208366254,51.89999771118164
C0oYDSgOs81FSV4IU7kf,10,14.5627404,120.9953968,1785208368254,51.89999771118164
C0oYDSgOs81FSV4IU7kf,11,14.5627376,120.9954802,1785208370255,51.89999771118164
C0oYDSgOs81FSV4IU7kf,12,14.5628213,120.9956387,1785208372255,51.89999771118164
C0oYDSgOs81FSV4IU7kf,13,14.5628862,120.9957356,1785208374254,51.89999771118164
C0oYDSgOs81FSV4IU7kf,14,14.5629309,120.9958021,1785208376090,51.89999771118164
C0oYDSgOs81FSV4IU7kf,15,14.5629554,120.9958308,1785208378183,51.20000076293945
C0oYDSgOs81FSV4IU7kf,16,14.562989,120.9959015,1785208380255,51.20000076293945
C0oYDSgOs81FSV4IU7kf,17,14.5629985,120.9959485,1785208382232,51.20000076293945
C0oYDSgOs81FSV4IU7kf,18,14.5630172,120.9959939,1785208384254,51.20000076293945
C0oYDSgOs81FSV4IU7kf,19,14.5630211,120.9960369,1785208386255,51.20000076293945
C0oYDSgOs81FSV4IU7kf,20,14.5630355,120.9960624,1785208388230,51.20000076293945
C0oYDSgOs81FSV4IU7kf,21,14.5630483,120.996088,1785208390154,51.20000076293945
C0oYDSgOs81FSV4IU7kf,22,14.5630539,120.996113,1785208392255,51.20000076293945
C0oYDSgOs81FSV4IU7kf,23,14.5630674,120.9961307,1785208395077,51.20000076293945
C0oYDSgOs81FSV4IU7kf,24,14.5630728,120.996166,1785208397075,51.20000076293945
C0oYDSgOs81FSV4IU7kf,25,14.563086,120.9962084,1785208399770,50.09999847412109
C0oYDSgOs81FSV4IU7kf,26,14.563087,120.9962279,1785208402254,50.09999847412109
C0oYDSgOs81FSV4IU7kf,27,14.5631707,120.9964074,1785208406254,50.09999847412109
C0oYDSgOs81FSV4IU7kf,28,14.5632572,120.9965932,1785208408255,50.09999847412109
C0oYDSgOs81FSV4IU7kf,29,14.5633126,120.9967239,1785208410256,50.09999847412109
C0oYDSgOs81FSV4IU7kf,30,14.5633473,120.9968403,1785208412256,50.09999847412109
C0oYDSgOs81FSV4IU7kf,31,14.5633941,120.9969481,1785208414255,50.09999847412109
C0oYDSgOs81FSV4IU7kf,32,14.5634385,120.9970552,1785208416255,50.09999847412109
C0oYDSgOs81FSV4IU7kf,33,14.5634863,120.9971752,1785208418255,50.09999847412109
C0oYDSgOs81FSV4IU7kf,34,14.5635347,120.9972694,1785208420255,50.09999847412109
C0oYDSgOs81FSV4IU7kf,35,14.5636004,120.9973461,1785208422254,50.09999847412109
C0oYDSgOs81FSV4IU7kf,36,14.5636331,120.9974318,1785208424254,50.09999847412109
C0oYDSgOs81FSV4IU7kf,37,14.5636567,120.9975052,1785208426254,50.09999847412109
C0oYDSgOs81FSV4IU7kf,38,14.5637084,120.9975811,1785208428255,50.09999847412109
C0oYDSgOs81FSV4IU7kf,39,14.5637482,120.9976684,1785208430254,50.09999847412109
C0oYDSgOs81FSV4IU7kf,40,14.563816,120.9977607,1785208432255,50.09999847412109
C0oYDSgOs81FSV4IU7kf,41,14.5638392,120.9978094,1785208434254,50.09999847412109
C0oYDSgOs81FSV4IU7kf,42,14.5638592,120.9978342,1785208438256,50.09999847412109
C0oYDSgOs81FSV4IU7kf,43,14.563857,120.9978691,1785208440253,50.09999847412109
C0oYDSgOs81FSV4IU7kf,44,14.5638621,120.9979104,1785208442255,50.09999847412109
C0oYDSgOs81FSV4IU7kf,45,14.563887,120.9979311,1785208444253,50.09999847412109
C0oYDSgOs81FSV4IU7kf,46,14.5639691,120.998084,1785208446203,50.09999847412109
C0oYDSgOs81FSV4IU7kf,47,14.5640389,120.9982413,1785208448254,50.09999847412109
C0oYDSgOs81FSV4IU7kf,48,14.5640379,120.9982975,1785208450254,50.09999847412109
C0oYDSgOs81FSV4IU7kf,49,14.5639889,120.998302,1785208452256,50.09999847412109
C0oYDSgOs81FSV4IU7kf,50,14.5638174,120.9983547,1785208454255,50.09999847412109
C0oYDSgOs81FSV4IU7kf,51,14.563724,120.9983759,1785208456255,50.09999847412109
C0oYDSgOs81FSV4IU7kf,52,14.5636357,120.9984065,1785208458253,50.09999847412109
C0oYDSgOs81FSV4IU7kf,53,14.5635462,120.9984324,1785208460256,50.09999847412109
C0oYDSgOs81FSV4IU7kf,54,14.5634724,120.9984676,1785208462255,50.09999847412109
C0oYDSgOs81FSV4IU7kf,55,14.5633957,120.998471,1785208464255,49.70000076293945
C0oYDSgOs81FSV4IU7kf,56,14.563324,120.998491,1785208466256,49.70000076293945
C0oYDSgOs81FSV4IU7kf,57,14.5632758,120.9985067,1785208468255,49.70000076293945
C0oYDSgOs81FSV4IU7kf,58,14.5632321,120.9985287,1785208470255,49.70000076293945
C0oYDSgOs81FSV4IU7kf,59,14.5632036,120.9985544,1785208472255,49.70000076293945
C0oYDSgOs81FSV4IU7kf,60,14.5632214,120.9986029,1785208474255,49.70000076293945
C0oYDSgOs81FSV4IU7kf,61,14.5632659,120.9986605,1785208476255,49.70000076293945
C0oYDSgOs81FSV4IU7kf,62,14.5633072,120.9987165,1785208478256,49.70000076293945
C0oYDSgOs81FSV4IU7kf,63,14.5633489,120.9987782,1785208480255,49.70000076293945
C0oYDSgOs81FSV4IU7kf,64,14.5633789,120.9988441,1785208482254,49.70000076293945
C0oYDSgOs81FSV4IU7kf,65,14.5633998,120.9989111,1785208484254,49.70000076293945
C0oYDSgOs81FSV4IU7kf,66,14.5634174,120.9989631,1785208486256,49.70000076293945
C0oYDSgOs81FSV4IU7kf,67,14.5634556,120.9990331,1785208488253,49.70000076293945
C0oYDSgOs81FSV4IU7kf,68,14.5634956,120.9990979,1785208490254,49.70000076293945
C0oYDSgOs81FSV4IU7kf,69,14.5635241,120.9991532,1785208492256,49.70000076293945
C0oYDSgOs81FSV4IU7kf,70,14.5635376,120.9992105,1785208494254,49.70000076293945
C0oYDSgOs81FSV4IU7kf,71,14.5635619,120.9992608,1785208496255,49.70000076293945
C0oYDSgOs81FSV4IU7kf,72,14.5635803,120.9993206,1785208498254,49.70000076293945
C0oYDSgOs81FSV4IU7kf,73,14.5636129,120.9993795,1785208500255,49.70000076293945
C0oYDSgOs81FSV4IU7kf,74,14.563647,120.9994261,1785208502256,49.70000076293945
C0oYDSgOs81FSV4IU7kf,75,14.5636738,120.9994718,1785208504254,49.70000076293945
C0oYDSgOs81FSV4IU7kf,76,14.5636876,120.9995182,1785208506254,49.70000076293945
C0oYDSgOs81FSV4IU7kf,77,14.5637195,120.9995606,1785208508254,49.70000076293945
C0oYDSgOs81FSV4IU7kf,78,14.5637488,120.9995991,1785208510254,49.70000076293945
C0oYDSgOs81FSV4IU7kf,79,14.5637647,120.9996363,1785208512255,49.70000076293945
C0oYDSgOs81FSV4IU7kf,80,14.5637901,120.9996745,1785208514254,49.70000076293945
C0oYDSgOs81FSV4IU7kf,81,14.5638169,120.9997369,1785208516256,49.70000076293945
C0oYDSgOs81FSV4IU7kf,82,14.5638558,120.9998073,1785208518255,49.70000076293945
C0oYDSgOs81FSV4IU7kf,83,14.5638971,120.9998803,1785208520254,49.70000076293945
C0oYDSgOs81FSV4IU7kf,84,14.5639316,120.9999317,1785208522254,49.70000076293945
C0oYDSgOs81FSV4IU7kf,85,14.563954,120.9999832,1785208524254,49.70000076293945
C0oYDSgOs81FSV4IU7kf,86,14.5639625,121.0000068,1785208526255,49.70000076293945
C0oYDSgOs81FSV4IU7kf,87,14.563978,121.0000377,1785208528256,49.70000076293945
C0oYDSgOs81FSV4IU7kf,88,14.5639924,121.0000729,1785208530253,49.70000076293945
C0oYDSgOs81FSV4IU7kf,89,14.5640079,121.0001192,1785208532254,49.70000076293945
C0oYDSgOs81FSV4IU7kf,90,14.5639787,121.0001658,1785208534254,49.70000076293945
C0oYDSgOs81FSV4IU7kf,91,14.5638966,121.0001851,1785208536256,49.70000076293945
C0oYDSgOs81FSV4IU7kf,92,14.5638086,121.0002202,1785208538255,49.70000076293945
C0oYDSgOs81FSV4IU7kf,93,14.5637201,121.0002786,1785208540256,49.70000076293945
C0oYDSgOs81FSV4IU7kf,94,14.5636295,121.0003244,1785208542255,49.70000076293945
C0oYDSgOs81FSV4IU7kf,95,14.5635561,121.0003624,1785208544255,49.70000076293945
C0oYDSgOs81FSV4IU7kf,96,14.5634853,121.0003977,1785208546254,49.70000076293945
C0oYDSgOs81FSV4IU7kf,97,14.5634436,121.0004199,1785208548253,49.70000076293945
C0oYDSgOs81FSV4IU7kf,98,14.5634273,121.000434,1785208550253,49.70000076293945
C0oYDSgOs81FSV4IU7kf,99,14.5633982,121.0004253,1785208552255,49.70000076293945
C0oYDSgOs81FSV4IU7kf,100,14.5633546,121.0004157,1785208554254,49.70000076293945
C0oYDSgOs81FSV4IU7kf,101,14.5633285,121.000454,1785208556256,49.70000076293945
C0oYDSgOs81FSV4IU7kf,102,14.5633618,121.0005383,1785208558255,49.70000076293945
C0oYDSgOs81FSV4IU7kf,103,14.5634341,121.0005949,1785208560253,49.70000076293945
C0oYDSgOs81FSV4IU7kf,104,14.563509,121.0006583,1785208562255,49.70000076293945
C0oYDSgOs81FSV4IU7kf,105,14.5635929,121.0007422,1785208564255,49.70000076293945
C0oYDSgOs81FSV4IU7kf,106,14.5636675,121.000816,1785208566255,49.70000076293945
C0oYDSgOs81FSV4IU7kf,107,14.5637529,121.000884,1785208568255,49.70000076293945
C0oYDSgOs81FSV4IU7kf,108,14.5638253,121.0009564,1785208570254,49.70000076293945
C0oYDSgOs81FSV4IU7kf,109,14.5639036,121.00104,1785208572254,49.70000076293945
C0oYDSgOs81FSV4IU7kf,110,14.5640076,121.0011421,1785208574254,49.70000076293945
C0oYDSgOs81FSV4IU7kf,111,14.5641167,121.001251,1785208576255,49.70000076293945
C0oYDSgOs81FSV4IU7kf,112,14.5642119,121.0013439,1785208578255,49.70000076293945
C0oYDSgOs81FSV4IU7kf,113,14.5643101,121.0014397,1785208580256,49.70000076293945
C0oYDSgOs81FSV4IU7kf,114,14.5643989,121.0015461,1785208582256,49.70000076293945
C0oYDSgOs81FSV4IU7kf,115,14.5644845,121.0016475,1785208584254,49.70000076293945
C0oYDSgOs81FSV4IU7kf,116,14.5645887,121.001732,1785208586254,49.70000076293945
C0oYDSgOs81FSV4IU7kf,117,14.5646805,121.0018105,1785208588254,49.70000076293945
C0oYDSgOs81FSV4IU7kf,118,14.5647471,121.0018803,1785208590253,49.70000076293945
C0oYDSgOs81FSV4IU7kf,119,14.5648099,121.0019507,1785208592254,49.70000076293945
C0oYDSgOs81FSV4IU7kf,120,14.5648502,121.0020137,1785208594254,49.70000076293945
C0oYDSgOs81FSV4IU7kf,121,14.5648029,121.0020747,1785208596255,49.70000076293945
C0oYDSgOs81FSV4IU7kf,122,14.5647291,121.0021423,1785208598255,49.70000076293945
C0oYDSgOs81FSV4IU7kf,123,14.5646357,121.0022036,1785208600254,49.70000076293945
C0oYDSgOs81FSV4IU7kf,124,14.5645413,121.0022696,1785208602254,49.70000076293945
C0oYDSgOs81FSV4IU7kf,125,14.5644549,121.0023204,1785208604254,49.70000076293945
C0oYDSgOs81FSV4IU7kf,126,14.5643721,121.0023927,1785208606254,49.70000076293945
C0oYDSgOs81FSV4IU7kf,127,14.5642768,121.0024614,1785208608255,49.70000076293945
C0oYDSgOs81FSV4IU7kf,128,14.5642037,121.0025331,1785208610253,49.70000076293945
C0oYDSgOs81FSV4IU7kf,129,14.5641238,121.0025871,1785208612254,49.70000076293945
C0oYDSgOs81FSV4IU7kf,130,14.5640384,121.0026426,1785208614255,49.70000076293945
C0oYDSgOs81FSV4IU7kf,131,14.5639582,121.0027225,1785208616254,49.70000076293945
C0oYDSgOs81FSV4IU7kf,132,14.563886,121.0027875,1785208618255,49.70000076293945
C0oYDSgOs81FSV4IU7kf,133,14.5637964,121.0028458,1785208620254,49.70000076293945
C0oYDSgOs81FSV4IU7kf,134,14.5636975,121.0028954,1785208622254,49.70000076293945
C0oYDSgOs81FSV4IU7kf,135,14.563612,121.0029569,1785208624255,49.70000076293945
C0oYDSgOs81FSV4IU7kf,136,14.5635176,121.0030252,1785208626254,49.70000076293945
C0oYDSgOs81FSV4IU7kf,137,14.5634225,121.0030936,1785208628255,49.70000076293945
C0oYDSgOs81FSV4IU7kf,138,14.5633371,121.0031666,1785208630254,49.70000076293945
C0oYDSgOs81FSV4IU7kf,139,14.5632562,121.0032023,1785208632255,49.70000076293945
C0oYDSgOs81FSV4IU7kf,140,14.5631667,121.003257,1785208634255,49.70000076293945
C0oYDSgOs81FSV4IU7kf,141,14.5630714,121.0033401,1785208636255,49.70000076293945
C0oYDSgOs81FSV4IU7kf,142,14.5629892,121.0034065,1785208638254,49.70000076293945
C0oYDSgOs81FSV4IU7kf,143,14.5629118,121.0034659,1785208640255,49.70000076293945
C0oYDSgOs81FSV4IU7kf,144,14.5628155,121.0035198,1785208642255,49.70000076293945
C0oYDSgOs81FSV4IU7kf,145,14.5627413,121.0035859,1785208644253,49.70000076293945
C0oYDSgOs81FSV4IU7kf,146,14.5626791,121.0036416,1785208646254,49.70000076293945
C0oYDSgOs81FSV4IU7kf,147,14.5626348,121.0037093,1785208648254,49.70000076293945
C0oYDSgOs81FSV4IU7kf,148,14.5626284,121.0037618,1785208650254,49.70000076293945
C0oYDSgOs81FSV4IU7kf,149,14.5626527,121.003794,1785208652254,49.70000076293945
C0oYDSgOs81FSV4IU7kf,150,14.5626739,121.0038002,1785208656254,50.83824156139799
DHn5YVp8ffLdybGrPaIu,0,14.5649741,120.994073,1784956166185,50.20000076293945
DHn5YVp8ffLdybGrPaIu,1,14.5649677,120.9940691,1784956176184,50.20000076293945
DHn5YVp8ffLdybGrPaIu,2,14.5649814,120.9940818,1784956178175,50.20000076293945
DHn5YVp8ffLdybGrPaIu,3,14.5650039,120.9941038,1784956180184,50.20000076293945
DHn5YVp8ffLdybGrPaIu,4,14.5650356,120.9941218,1784956182182,50.20000076293945
DHn5YVp8ffLdybGrPaIu,5,14.5650707,120.994131,1784956184186,50.20000076293945
DHn5YVp8ffLdybGrPaIu,6,14.5650991,120.9941288,1784956186188,50.20000076293945
DHn5YVp8ffLdybGrPaIu,7,14.5651271,120.9941341,1784956188197,50.20000076293945
DHn5YVp8ffLdybGrPaIu,8,14.5651542,120.994134,1784956217191,50.20000076293945
DHn5YVp8ffLdybGrPaIu,9,14.5651925,120.9940982,1784956219197,50.20000076293945
DHn5YVp8ffLdybGrPaIu,10,14.5653007,120.9940394,1784956221196,50.20000076293945
DHn5YVp8ffLdybGrPaIu,11,14.5654426,120.9939428,1784956223196,50.20000076293945
DHn5YVp8ffLdybGrPaIu,12,14.5655959,120.9938418,1784956225188,50.20000076293945
DHn5YVp8ffLdybGrPaIu,13,14.5657434,120.9937688,1784956227188,50.20000076293945
DHn5YVp8ffLdybGrPaIu,14,14.5658904,120.9937072,1784956229200,50.20000076293945
DHn5YVp8ffLdybGrPaIu,15,14.5660716,120.9936503,1784956231193,50.20000076293945
DHn5YVp8ffLdybGrPaIu,16,14.5662453,120.9935606,1784956233189,50.20000076293945
DHn5YVp8ffLdybGrPaIu,17,14.566406,120.9934961,1784956235206,50.20000076293945
DHn5YVp8ffLdybGrPaIu,18,14.5665631,120.9934149,1784956237195,50.20000076293945
DHn5YVp8ffLdybGrPaIu,19,14.5667177,120.9933311,1784956239201,50.20000076293945
DHn5YVp8ffLdybGrPaIu,20,14.5668938,120.9932668,1784956241204,50.20000076293945
DHn5YVp8ffLdybGrPaIu,21,14.5670741,120.9932083,1784956243211,50.20000076293945
DHn5YVp8ffLdybGrPaIu,22,14.56726,120.9931282,1784956245197,50.20000076293945
DHn5YVp8ffLdybGrPaIu,23,14.5674173,120.9930471,1784956247200,50.20000076293945
DHn5YVp8ffLdybGrPaIu,24,14.5675747,120.9929601,1784956249195,50.20000076293945
DHn5YVp8ffLdybGrPaIu,25,14.5677307,120.9928562,1784956251190,50.20000076293945
DHn5YVp8ffLdybGrPaIu,26,14.5678952,120.9927676,1784956253191,50.20000076293945
DHn5YVp8ffLdybGrPaIu,27,14.5680449,120.9926643,1784956255188,50.20000076293945
DHn5YVp8ffLdybGrPaIu,28,14.5682066,120.9925479,1784956257194,50.20000076293945
DHn5YVp8ffLdybGrPaIu,29,14.5683608,120.9924696,1784956259203,50.20000076293945
DHn5YVp8ffLdybGrPaIu,30,14.5685238,120.992426,1784956261212,50.20000076293945
DHn5YVp8ffLdybGrPaIu,31,14.5686724,120.9923758,1784956263203,50.20000076293945
DHn5YVp8ffLdybGrPaIu,32,14.5688289,120.9923281,1784956265218,50.20000076293945
DHn5YVp8ffLdybGrPaIu,33,14.5689835,120.9922622,1784956267206,50.20000076293945
DHn5YVp8ffLdybGrPaIu,34,14.569146,120.9921953,1784956269208,50.20000076293945
DHn5YVp8ffLdybGrPaIu,35,14.5692962,120.9921212,1784956271200,50.20000076293945
DHn5YVp8ffLdybGrPaIu,36,14.5694462,120.9920584,1784956273195,50.20000076293945
DHn5YVp8ffLdybGrPaIu,37,14.5696006,120.9920085,1784956275194,50.20000076293945
DHn5YVp8ffLdybGrPaIu,38,14.5697369,120.9919426,1784956277204,50.20000076293945
DHn5YVp8ffLdybGrPaIu,39,14.5698729,120.9918847,1784956279212,50.20000076293945
DHn5YVp8ffLdybGrPaIu,40,14.5699734,120.991843,1784956281201,50.20000076293945
DHn5YVp8ffLdybGrPaIu,41,14.5700513,120.9918074,1784956283199,50.20000076293945
DHn5YVp8ffLdybGrPaIu,42,14.5701025,120.9917852,1784956285202,50.20000076293945
DHn5YVp8ffLdybGrPaIu,43,14.5701331,120.9917673,1784956287199,50.20000076293945
DHn5YVp8ffLdybGrPaIu,44,14.5701867,120.9917497,1784956289198,50.20000076293945
DHn5YVp8ffLdybGrPaIu,45,14.5702239,120.9917449,1784956293204,50.20000076293945
DHn5YVp8ffLdybGrPaIu,46,14.5702438,120.991744,1784956295232,50.20000076293945
DHn5YVp8ffLdybGrPaIu,47,14.5702488,120.9917636,1784956331214,50.20000076293945
DHn5YVp8ffLdybGrPaIu,48,14.5703011,120.9917559,1784956351216,57.966
DHn5YVp8ffLdybGrPaIu,49,14.5703702,120.9917359,1784956353217,55.041
DHn5YVp8ffLdybGrPaIu,50,14.5704327,120.9917369,1784956355212,51.881
DHn5YVp8ffLdybGrPaIu,51,14.5704249,120.9918196,1784956357199,52.02
DHn5YVp8ffLdybGrPaIu,52,14.5703926,120.9919373,1784956359205,54.226
DHn5YVp8ffLdybGrPaIu,53,14.5703771,120.9920309,1784956361198,50.296
DHn5YVp8ffLdybGrPaIu,54,14.5703713,120.992083,1784956363193,46.149
DHn5YVp8ffLdybGrPaIu,55,14.5703701,120.9921213,1784956365193,43.436
DHn5YVp8ffLdybGrPaIu,56,14.5703758,120.9921397,1784956367187,42.232
DHn5YVp8ffLdybGrPaIu,57,14.5703719,120.9921591,1784956371183,42.131
DHn5YVp8ffLdybGrPaIu,58,14.5703606,120.9921745,1784956374171,41.328
DHn5YVp8ffLdybGrPaIu,59,14.5703645,120.9921979,1784956376179,37.756
DHn5YVp8ffLdybGrPaIu,60,14.5703852,120.9922403,1784956378178,31.153
DHn5YVp8ffLdybGrPaIu,61,14.5704253,120.9922945,1784956380183,21.927
DHn5YVp8ffLdybGrPaIu,62,14.5704756,120.992411,1784956382189,24.434
DHn5YVp8ffLdybGrPaIu,63,14.5705143,120.9925853,1784956384212,24.537
DHn5YVp8ffLdybGrPaIu,64,14.5705509,120.9927065,1784956386204,27.373
DHn5YVp8ffLdybGrPaIu,65,14.5705949,120.9928101,1784956388202,28.999
DHn5YVp8ffLdybGrPaIu,66,14.5706365,120.9929125,1784956390194,33.172
DHn5YVp8ffLdybGrPaIu,67,14.5706792,120.9930129,1784956392192,41.973
DHn5YVp8ffLdybGrPaIu,68,14.5706926,120.9930804,1784956394197,44.225
DHn5YVp8ffLdybGrPaIu,69,14.5706966,120.9931514,1784956396195,46.047
DHn5YVp8ffLdybGrPaIu,70,14.5707191,120.9932122,1784956398193,49.082
DHn5YVp8ffLdybGrPaIu,71,14.5707301,120.9932645,1784956400197,48.225
DHn5YVp8ffLdybGrPaIu,72,14.5707369,120.9932929,1784956402207,47.06
DHn5YVp8ffLdybGrPaIu,73,14.5707566,120.9932945,1784956438210,53.737
DHn5YVp8ffLdybGrPaIu,74,14.5707736,120.9932797,1784956451187,52.28
DHn5YVp8ffLdybGrPaIu,75,14.5707844,120.9932635,1784956454185,50.254
DkuHeOfO9ItKVVxR9lib,0,14.5741466,120.9947253,1790381277076,47.65777587890625
DkuHeOfO9ItKVVxR9lib,1,14.5741006,120.9948235,1790381279786,61.51654052734375
DkuHeOfO9ItKVVxR9lib,2,14.5742425,120.9948186,1790381283560,36.99786376953125
DkuHeOfO9ItKVVxR9lib,3,14.5742156,120.9947597,1790381285561,47.9442138671875
DkuHeOfO9ItKVVxR9lib,4,14.5742412,120.9946902,1790381287562,50.09999847412109
DkuHeOfO9ItKVVxR9lib,5,14.5742535,120.9946338,1790381289561,50.09999847412109
DkuHeOfO9ItKVVxR9lib,6,14.5742475,120.9945753,1790381291560,50.09999847412109
DkuHeOfO9ItKVVxR9lib,7,14.5741824,120.9945132,1790381293560,50.09999847412109
DkuHeOfO9ItKVVxR9lib,8,14.5740956,120.9944421,1790381295560,50.09999847412109
DkuHeOfO9ItKVVxR9lib,9,14.5739897,120.9943545,1790381297560,50.09999847412109
DkuHeOfO9ItKVVxR9lib,10,14.5738719,120.9942601,1790381299561,50.09999847412109
DkuHeOfO9ItKVVxR9lib,11,14.5737505,120.9941624,1790381301560,50.09999847412109
DkuHeOfO9ItKVVxR9lib,12,14.5736504,120.9940757,1790381303560,50.09999847412109
DkuHeOfO9ItKVVxR9lib,13,14.5735622,120.9939997,1790381305560,50.09999847412109
DkuHeOfO9ItKVVxR9lib,14,14.5734646,120.9939256,1790381307561,50.09999847412109
DkuHeOfO9ItKVVxR9lib,15,14.5733748,120.9938498,1790381309561,50.09999847412109
DkuHeOfO9ItKVVxR9lib,16,14.5733053,120.9937857,1790381311561,50.09999847412109
DkuHeOfO9ItKVVxR9lib,17,14.573231,120.9937317,1790381313560,50.09999847412109
DkuHeOfO9ItKVVxR9lib,18,14.5731346,120.9936643,1790381315560,50.09999847412109
DkuHeOfO9ItKVVxR9lib,19,14.5730919,120.9935682,1790381318560,50.09999847412109
DkuHeOfO9ItKVVxR9lib,20,14.5731433,120.9935062,1790381320560,50.09999847412109
DkuHeOfO9ItKVVxR9lib,21,14.5732553,120.9934445,1790381322560,50.0
DkuHeOfO9ItKVVxR9lib,22,14.5733907,120.9933764,1790381324560,50.0
DkuHeOfO9ItKVVxR9lib,23,14.5735248,120.9933051,1790381326560,50.0
DkuHeOfO9ItKVVxR9lib,24,14.5736506,120.9932348,1790381328561,50.0
DkuHeOfO9ItKVVxR9lib,25,14.5737556,120.9931694,1790381330560,50.0
DkuHeOfO9ItKVVxR9lib,26,14.5738437,120.9931167,1790381332561,50.0
DkuHeOfO9ItKVVxR9lib,27,14.5739741,120.9930459,1790381335561,50.0
DkuHeOfO9ItKVVxR9lib,28,14.5740818,120.9929832,1790381337560,50.0
DkuHeOfO9ItKVVxR9lib,29,14.5742037,120.9929038,1790381339560,50.0
DkuHeOfO9ItKVVxR9lib,30,14.5743337,120.992822,1790381341560,50.0
DkuHeOfO9ItKVVxR9lib,31,14.5744616,120.9927462,1790381343560,50.0
DkuHeOfO9ItKVVxR9lib,32,14.5745682,120.9926874,1790381345560,50.0
DkuHeOfO9ItKVVxR9lib,33,14.5746675,120.9926331,1790381347560,50.0
DkuHeOfO9ItKVVxR9lib,34,14.5747691,120.9925774,1790381349561,50.0
DkuHeOfO9ItKVVxR9lib,35,14.5748737,120.9925208,1790381351561,50.0
DkuHeOfO9ItKVVxR9lib,36,14.5749783,120.9924601,1790381353560,50.0
DkuHeOfO9ItKVVxR9lib,37,14.5750677,120.9924053,1790381355560,50.0
DkuHeOfO9ItKVVxR9lib,38,14.5751336,120.9923565,1790381357560,50.0
DkuHeOfO9ItKVVxR9lib,39,14.5751902,120.9923267,1790381359561,50.0
DkuHeOfO9ItKVVxR9lib,40,14.5752799,120.9922816,1790381361560,50.0
DkuHeOfO9ItKVVxR9lib,41,14.5753958,120.9922274,1790381363561,50.0
DkuHeOfO9ItKVVxR9lib,42,14.575516,120.9921676,1790381365561,50.0
DkuHeOfO9ItKVVxR9lib,43,14.5756338,120.992096,1790381367560,50.0
DkuHeOfO9ItKVVxR9lib,44,14.5757604,120.9920214,1790381369561,50.0
DkuHeOfO9ItKVVxR9lib,45,14.5758881,120.9919493,1790381371560,50.0
DkuHeOfO9ItKVVxR9lib,46,14.5759947,120.9918862,1790381373560,50.0
DkuHeOfO9ItKVVxR9lib,47,14.5760888,120.9918251,1790381375560,50.0
DkuHeOfO9ItKVVxR9lib,48,14.5761801,120.9917769,1790381377561,50.0
DkuHeOfO9ItKVVxR9lib,49,14.5762686,120.9917263,1790381379560,50.0
DkuHeOfO9ItKVVxR9lib,50,14.5763626,120.9916708,1790381381560,50.0
DkuHeOfO9ItKVVxR9lib,51,14.5764708,120.9916077,1790381383560,50.0
DkuHeOfO9ItKVVxR9lib,52,14.576583,120.9915372,1790381385560,50.0
DkuHeOfO9ItKVVxR9lib,53,14.5766891,120.9914589,1790381387560,50.0
DkuHeOfO9ItKVVxR9lib,54,14.576815,120.9913899,1790381389560,50.0
DkuHeOfO9ItKVVxR9lib,55,14.5769351,120.9913232,1790381391560,50.0
DkuHeOfO9ItKVVxR9lib,56,14.5770481,120.9912599,1790381393561,50.0
DkuHeOfO9ItKVVxR9lib,57,14.5771513,120.9912048,1790381395560,50.0
DkuHeOfO9ItKVVxR9lib,58,14.577231,120.9911649,1790381397560,50.0
DkuHeOfO9ItKVVxR9lib,59,14.5772697,120.9911381,1790381399561,50.0
DkuHeOfO9ItKVVxR9lib,60,14.5772863,120.9911304,1790381401562,50.0
DkuHeOfO9ItKVVxR9lib,61,14.5773056,120.9911243,1790381403561,50.0
DkuHeOfO9ItKVVxR9lib,62,14.577324,120.9911249,1790381405560,50.0
DkuHeOfO9ItKVVxR9lib,63,14.5773574,120.9911307,1790381407560,50.20000076293945
DkuHeOfO9ItKVVxR9lib,64,14.5774107,120.9910953,1790381409560,50.20000076293945
DkuHeOfO9ItKVVxR9lib,65,14.5774812,120.991039,1790381411561,50.20000076293945
DkuHeOfO9ItKVVxR9lib,66,14.5775806,120.9909799,1790381413560,50.20000076293945
DkuHeOfO9ItKVVxR9lib,67,14.577697,120.9909203,1790381415560,50.20000076293945
DkuHeOfO9ItKVVxR9lib,68,14.5778261,120.9908537,1790381417560,50.20000076293945
DkuHeOfO9ItKVVxR9lib,69,14.5779604,120.9907787,1790381419560,50.20000076293945
DkuHeOfO9ItKVVxR9lib,70,14.5780982,120.9907076,1790381421561,50.20000076293945
DkuHeOfO9ItKVVxR9lib,71,14.5782288,120.9906328,1790381423560,50.20000076293945
DkuHeOfO9ItKVVxR9lib,72,14.5783571,120.9905619,1790381425561,50.20000076293945
DkuHeOfO9ItKVVxR9lib,73,14.57847,120.9904945,1790381427561,50.20000076293945
DkuHeOfO9ItKVVxR9lib,74,14.5785619,120.9904396,1790381429560,50.20000076293945
DkuHeOfO9ItKVVxR9lib,75,14.5786421,120.990402,1790381431560,50.20000076293945
DkuHeOfO9ItKVVxR9lib,76,14.5786952,120.9903722,1790381433560,50.20000076293945
DkuHeOfO9ItKVVxR9lib,77,14.5787184,120.9903224,1790381435560,50.20000076293945
DkuHeOfO9ItKVVxR9lib,78,14.57871,120.9902713,1790381437560,50.20000076293945
DkuHeOfO9ItKVVxR9lib,79,14.5786625,120.9901915,1790381439561,50.0
DkuHeOfO9ItKVVxR9lib,80,14.5786329,120.9901266,1790381441560,50.0
DkuHeOfO9ItKVVxR9lib,81,14.5786049,120.9900685,1790381443560,50.0
DkuHeOfO9ItKVVxR9lib,82,14.5785872,120.9900437,1790381445560,50.0
DkuHeOfO9ItKVVxR9lib,83,14.5786018,120.9900243,1790381449561,50.0
DkuHeOfO9ItKVVxR9lib,84,14.5785984,120.9900019,1790381457560,50.0
EnIyBdLJqSlgyALD2oSX,0,14.5172919,120.9814051,1784905760155,51.0
EnIyBdLJqSlgyALD2oSX,1,14.5172825,120.9813966,1784905778995,51.0
EnIyBdLJqSlgyALD2oSX,2,14.517303,120.9813975,1784905781154,50.89999771118164
EnIyBdLJqSlgyALD2oSX,3,14.517315,120.9814171,1784905795156,51.09999847412109
EnIyBdLJqSlgyALD2oSX,4,14.5173433,120.981436,1784905797155,51.09999847412109
EnIyBdLJqSlgyALD2oSX,5,14.5175151,120.9816206,1784905799156,51.09999847412109
EnIyBdLJqSlgyALD2oSX,6,14.5175983,120.9816985,1784905801154,51.09999847412109
EnIyBdLJqSlgyALD2oSX,7,14.5176898,120.981779,1784905803154,51.09999847412109
EnIyBdLJqSlgyALD2oSX,8,14.517783,120.9818599,1784905805155,51.09999847412109
EnIyBdLJqSlgyALD2oSX,9,14.5178862,120.9819445,1784905807154,51.09999847412109
EnIyBdLJqSlgyALD2oSX,10,14.518002,120.9820334,1784905809155,51.09999847412109
EnIyBdLJqSlgyALD2oSX,11,14.5181105,120.9821087,1784905811154,51.09999847412109
EnIyBdLJqSlgyALD2oSX,12,14.5182184,120.9821899,1784905813155,51.09999847412109
EnIyBdLJqSlgyALD2oSX,13,14.5183348,120.9822653,1784905815154,51.09999847412109
EnIyBdLJqSlgyALD2oSX,14,14.5184592,120.9823354,1784905817155,51.09999847412109
EnIyBdLJqSlgyALD2oSX,15,14.5185818,120.9824024,1784905819155,51.09999847412109
EnIyBdLJqSlgyALD2oSX,16,14.5186983,120.9824696,1784905821154,51.09999847412109
EnIyBdLJqSlgyALD2oSX,17,14.5188168,120.982537,1784905823155,52.84715862112428
EnIyBdLJqSlgyALD2oSX,18,14.5189428,120.982601,1784905825155,51.09999847412109
EnIyBdLJqSlgyALD2oSX,19,14.5190677,120.982664,1784905827156,51.09999847412109
EnIyBdLJqSlgyALD2oSX,20,14.519195,120.9827234,1784905829154,51.09999847412109
EnIyBdLJqSlgyALD2oSX,21,14.5193298,120.9827897,1784905831154,52.86923862210452
EnIyBdLJqSlgyALD2oSX,22,14.519464,120.9828573,1784905833155,52.84482792968178
EnIyBdLJqSlgyALD2oSX,23,14.5195864,120.9829333,1784905835155,51.09999847412109
EnIyBdLJqSlgyALD2oSX,24,14.5197258,120.9830121,1784905837155,51.09999847412109
EnIyBdLJqSlgyALD2oSX,25,14.5198538,120.9831129,1784905839155,51.09999847412109
EnIyBdLJqSlgyALD2oSX,26,14.5199749,120.9832145,1784905841154,51.09999847412109
EnIyBdLJqSlgyALD2oSX,27,14.5200972,120.9833037,1784905843156,51.09999847412109
EnIyBdLJqSlgyALD2oSX,28,14.5201808,120.9833862,1784905845153,51.09999847412109
EnIyBdLJqSlgyALD2oSX,29,14.5203124,120.9834824,1784905847155,51.09999847412109
EnIyBdLJqSlgyALD2oSX,30,14.5204363,120.983591,1784905849155,51.09999847412109
EnIyBdLJqSlgyALD2oSX,31,14.5205475,120.9836969,1784905851154,51.09999847412109
EnIyBdLJqSlgyALD2oSX,32,14.5206424,120.9838162,1784905853156,51.09999847412109
EnIyBdLJqSlgyALD2oSX,33,14.5207343,120.9839328,1784905855154,51.09999847412109
EnIyBdLJqSlgyALD2oSX,34,14.5208305,120.9840486,1784905857155,51.09999847412109
EnIyBdLJqSlgyALD2oSX,35,14.5209263,120.9841688,1784905859154,51.09999847412109
EnIyBdLJqSlgyALD2oSX,36,14.5210249,120.9842824,1784905861154,51.09999847412109
EnIyBdLJqSlgyALD2oSX,37,14.5211248,120.9844003,1784905863155,51.09999847412109
EnIyBdLJqSlgyALD2oSX,38,14.5212207,120.9845163,1784905865155,51.09999847412109
EnIyBdLJqSlgyALD2oSX,39,14.5213212,120.9846366,1784905867154,51.09999847412109
EnIyBdLJqSlgyALD2oSX,40,14.5214232,120.9847486,1784905869156,51.09999847412109
EnIyBdLJqSlgyALD2oSX,41,14.5215235,120.9848654,1784905871155,51.09999847412109
EnIyBdLJqSlgyALD2oSX,42,14.5216274,120.9849805,1784905873154,51.09999847412109
EnIyBdLJqSlgyALD2oSX,43,14.5217241,120.9850929,1784905875154,51.09999847412109
EnIyBdLJqSlgyALD2oSX,44,14.5218241,120.9852063,1784905877155,51.09999847412109
EnIyBdLJqSlgyALD2oSX,45,14.5219154,120.9853314,1784905879155,51.09999847412109
EnIyBdLJqSlgyALD2oSX,46,14.5219805,120.9854684,1784905881154,51.09999847412109
EnIyBdLJqSlgyALD2oSX,47,14.5220539,120.9855997,1784905883155,51.09999847412109
EnIyBdLJqSlgyALD2oSX,48,14.5221488,120.985709,1784905885154,51.09999847412109
EnIyBdLJqSlgyALD2oSX,49,14.5222839,120.9857764,1784905887155,51.09999847412109
EnIyBdLJqSlgyALD2oSX,50,14.5224456,120.9857884,1784905889156,51.09999847412109
EnIyBdLJqSlgyALD2oSX,51,14.522602,120.9857582,1784905891154,51.09999847412109
EnIyBdLJqSlgyALD2oSX,52,14.5227568,120.9857157,1784905893156,51.09999847412109
EnIyBdLJqSlgyALD2oSX,53,14.5229219,120.9856755,1784905895154,51.09999847412109
EnIyBdLJqSlgyALD2oSX,54,14.5230793,120.9856502,1784905897155,51.09999847412109
EnIyBdLJqSlgyALD2oSX,55,14.5232473,120.9856285,1784905899155,51.09999847412109
EnIyBdLJqSlgyALD2oSX,56,14.5234168,120.9856128,1784905901153,51.09999847412109
EnIyBdLJqSlgyALD2oSX,57,14.523582,120.9855885,1784905903154,51.09999847412109
EnIyBdLJqSlgyALD2oSX,58,14.5237548,120.9855692,1784905905156,51.09999847412109
EnIyBdLJqSlgyALD2oSX,59,14.5239384,120.9855482,1784905907156,51.09999847412109
EnIyBdLJqSlgyALD2oSX,60,14.5241201,120.9855273,1784905909156,51.09999847412109
EnIyBdLJqSlgyALD2oSX,61,14.5243021,120.9855022,1784905911154,51.09999847412109
EnIyBdLJqSlgyALD2oSX,62,14.524474,120.985474,1784905913153,51.09999847412109
EnIyBdLJqSlgyALD2oSX,63,14.5246373,120.9854431,1784905915155,51.09999847412109
EnIyBdLJqSlgyALD2oSX,64,14.5247936,120.9854082,1784905917155,51.09999847412109
EnIyBdLJqSlgyALD2oSX,65,14.5249551,120.9853945,1784905919154,51.09999847412109
EnIyBdLJqSlgyALD2oSX,66,14.525118,120.9853765,1784905921154,51.09999847412109
EnIyBdLJqSlgyALD2oSX,67,14.5252753,120.985366,1784905923155,51.09999847412109
EnIyBdLJqSlgyALD2oSX,68,14.5254434,120.985347,1784905925155,51.09999847412109
EnIyBdLJqSlgyALD2oSX,69,14.5256004,120.9853343,1784905927154,51.09999847412109
EnIyBdLJqSlgyALD2oSX,70,14.5257629,120.9853086,1784905929153,51.09999847412109
EnIyBdLJqSlgyALD2oSX,71,14.5259144,120.9852921,1784905931153,51.09999847412109
EnIyBdLJqSlgyALD2oSX,72,14.5260712,120.9852769,1784905933155,51.09999847412109
EnIyBdLJqSlgyALD2oSX,73,14.5262209,120.985259,1784905935155,51.09999847412109
EnIyBdLJqSlgyALD2oSX,74,14.5263771,120.985244,1784905937154,51.09999847412109
EnIyBdLJqSlgyALD2oSX,75,14.5265233,120.9852314,1784905939153,51.09999847412109
EnIyBdLJqSlgyALD2oSX,76,14.5266773,120.98521,1784905941154,51.09999847412109
EnIyBdLJqSlgyALD2oSX,77,14.5268315,120.985189,1784905943154,51.09999847412109
EnIyBdLJqSlgyALD2oSX,78,14.5269783,120.9851825,1784905945153,51.09999847412109
EnIyBdLJqSlgyALD2oSX,79,14.5271188,120.985173,1784905947155,51.09999847412109
EnIyBdLJqSlgyALD2oSX,80,14.5272677,120.9851523,1784905949155,51.09999847412109
EnIyBdLJqSlgyALD2oSX,81,14.5274203,120.9851243,1784905951154,51.09999847412109
EnIyBdLJqSlgyALD2oSX,82,14.5275752,120.9851053,1784905953154,51.09999847412109
EnIyBdLJqSlgyALD2oSX,83,14.5277288,120.9850862,1784905955153,51.09999847412109
EnIyBdLJqSlgyALD2oSX,84,14.5278783,120.9850662,1784905957153,51.09999847412109
EnIyBdLJqSlgyALD2oSX,85,14.5280401,120.9850361,1784905959156,51.09999847412109
EnIyBdLJqSlgyALD2oSX,86,14.5282047,120.9850127,1784905961155,51.09999847412109
EnIyBdLJqSlgyALD2oSX,87,14.5283619,120.9849954,1784905963154,51.09999847412109
EnIyBdLJqSlgyALD2oSX,88,14.5285073,120.9849863,1784905965155,51.09999847412109
EnIyBdLJqSlgyALD2oSX,89,14.5286651,120.9849591,1784905967154,50.537318628451786
EnIyBdLJqSlgyALD2oSX,90,14.5288106,120.9849463,1784905969154,50.59667677629045
EnIyBdLJqSlgyALD2oSX,91,14.528957,120.9849458,1784905971154,51.09999847412109
EnIyBdLJqSlgyALD2oSX,92,14.5291014,120.9849365,1784905973156,51.09999847412109
EnIyBdLJqSlgyALD2oSX,93,14.5292421,120.9849323,1784905975155,51.09999847412109
EnIyBdLJqSlgyALD2oSX,94,14.5293834,120.9849231,1784905977154,48.5
EnIyBdLJqSlgyALD2oSX,95,14.5296029,120.9849241,1784905980154,48.5
EnIyBdLJqSlgyALD2oSX,96,14.5297461,120.9849204,1784905982156,48.5
EnIyBdLJqSlgyALD2oSX,97,14.5298922,120.9849105,1784905984153,51.09999847412109
EnIyBdLJqSlgyALD2oSX,98,14.5300389,120.9849118,1784905986155,51.09999847412109
EnIyBdLJqSlgyALD2oSX,99,14.5301853,120.9848966,1784905988155,51.09999847412109
EnIyBdLJqSlgyALD2oSX,100,14.5303289,120.984886,1784905990155,51.09999847412109
EnIyBdLJqSlgyALD2oSX,101,14.5304585,120.9848764,1784905992154,51.09999847412109
EnIyBdLJqSlgyALD2oSX,102,14.5305993,120.9848639,1784905994153,50.97670956842348
EnIyBdLJqSlgyALD2oSX,103,14.5307446,120.9848406,1784905996154,50.69217449456512
EnIyBdLJqSlgyALD2oSX,104,14.5308845,120.9848284,1784905998154,51.20382265452891
EnIyBdLJqSlgyALD2oSX,105,14.5310272,120.9848109,1784906000155,50.56028001272156
EnIyBdLJqSlgyALD2oSX,106,14.5311745,120.9847935,1784906002157,51.09999847412109
EnIyBdLJqSlgyALD2oSX,107,14.5313321,120.9847845,1784906004155,51.09999847412109
EnIyBdLJqSlgyALD2oSX,108,14.5314878,120.9847654,1784906006154,48.5
EnIyBdLJqSlgyALD2oSX,109,14.5316437,120.9847465,1784906008155,51.09999847412109
EnIyBdLJqSlgyALD2oSX,110,14.5317929,120.9847297,1784906010154,51.09999847412109
EnIyBdLJqSlgyALD2oSX,111,14.5319481,120.9847207,1784906012154,50.68004953521228
EnIyBdLJqSlgyALD2oSX,112,14.5320937,120.9847042,1784906014155,50.68004953521228
EnIyBdLJqSlgyALD2oSX,113,14.5322348,120.9846918,1784906016154,50.54601321305227
EnIyBdLJqSlgyALD2oSX,114,14.5323922,120.984681,1784906018154,51.09999847412109
EnIyBdLJqSlgyALD2oSX,115,14.5325291,120.9846719,1784906020154,51.09999847412109
EnIyBdLJqSlgyALD2oSX,116,14.5326771,120.9846619,1784906022155,51.09999847412109
EnIyBdLJqSlgyALD2oSX,117,14.5328339,120.9846497,1784906024155,51.09999847412109
EnIyBdLJqSlgyALD2oSX,118,14.5329852,120.984634,1784906026154,51.09999847412109
EnIyBdLJqSlgyALD2oSX,119,14.5331358,120.9846167,1784906028153,48.5
EnIyBdLJqSlgyALD2oSX,120,14.5332853,120.9846103,1784906030154,50.39130242045412
EnIyBdLJqSlgyALD2oSX,121,14.5334261,120.9846029,1784906032154,50.3517739711772
EnIyBdLJqSlgyALD2oSX,122,14.5335785,120.9845888,1784906034154,50.30487848493578
EnIyBdLJqSlgyALD2oSX,123,14.5337344,120.9845814,1784906036155,51.09999847412109
EnIyBdLJqSlgyALD2oSX,124,14.5338803,120.9845776,1784906038154,51.09999847412109
EnIyBdLJqSlgyALD2oSX,125,14.5340283,120.984567,1784906040154,48.5
EnIyBdLJqSlgyALD2oSX,126,14.5341786,120.9845618,1784906042155,48.5
EnIyBdLJqSlgyALD2oSX,127,14.5343267,120.9845575,1784906044154,48.5
EnIyBdLJqSlgyALD2oSX,128,14.534472,120.9845512,1784906046155,48.5
EnIyBdLJqSlgyALD2oSX,129,14.5345955,120.9845537,1784906048154,48.5
EnIyBdLJqSlgyALD2oSX,130,14.534698,120.9846492,1784906050155,48.5
EnIyBdLJqSlgyALD2oSX,131,14.5347944,120.9847402,1784906052154,48.5
EnIyBdLJqSlgyALD2oSX,132,14.5349371,120.9848016,1784906054155,50.195837104716894
EnIyBdLJqSlgyALD2oSX,133,14.5350699,120.9848387,1784906056154,51.09999847412109
EnIyBdLJqSlgyALD2oSX,134,14.5352116,120.9848702,1784906058154,51.09999847412109
EnIyBdLJqSlgyALD2oSX,135,14.5353568,120.9848576,1784906060154,51.09999847412109
EnIyBdLJqSlgyALD2oSX,136,14.5354889,120.9848046,1784906062154,51.09999847412109
EnIyBdLJqSlgyALD2oSX,137,14.5356139,120.9847244,1784906064155,51.09999847412109
EnIyBdLJqSlgyALD2oSX,138,14.5357304,120.9846195,1784906066154,51.09999847412109
EnIyBdLJqSlgyALD2oSX,139,14.5358248,120.9844881,1784906068155,50.57431536307783
EnIyBdLJqSlgyALD2oSX,140,14.5359305,120.9843844,1784906070155,48.5
EnIyBdLJqSlgyALD2oSX,141,14.5360657,120.9843489,1784906072154,48.5
EnIyBdLJqSlgyALD2oSX,142,14.5362214,120.984337,1784906074155,48.5
EnIyBdLJqSlgyALD2oSX,143,14.5363718,120.9843256,1784906076155,48.5
EnIyBdLJqSlgyALD2oSX,144,14.5365338,120.9843131,1784906078156,48.5
EnIyBdLJqSlgyALD2oSX,145,14.5366885,120.9842991,1784906080154,48.5
EnIyBdLJqSlgyALD2oSX,146,14.5368403,120.9842825,1784906082154,48.5
EnIyBdLJqSlgyALD2oSX,147,14.5369999,120.9842761,1784906084154,48.5
EnIyBdLJqSlgyALD2oSX,148,14.537148,120.9842679,1784906086153,48.5
EnIyBdLJqSlgyALD2oSX,149,14.5372954,120.9842558,1784906088153,48.5
EnIyBdLJqSlgyALD2oSX,150,14.5374496,120.9842519,1784906090154,48.5
EnIyBdLJqSlgyALD2oSX,151,14.5376025,120.984238,1784906092155,48.5
EnIyBdLJqSlgyALD2oSX,152,14.5377606,120.9842278,1784906094154,48.5
EnIyBdLJqSlgyALD2oSX,153,14.5379108,120.9842041,1784906096154,48.5
EnIyBdLJqSlgyALD2oSX,154,14.5380636,120.984188,1784906098154,48.5
EnIyBdLJqSlgyALD2oSX,155,14.538212,120.9841689,1784906100154,48.5
EnIyBdLJqSlgyALD2oSX,156,14.5383748,120.9841511,1784906102154,48.5
EnIyBdLJqSlgyALD2oSX,157,14.5385267,120.9841298,1784906104155,48.5
EnIyBdLJqSlgyALD2oSX,158,14.5386713,120.9841115,1784906106154,48.5
EnIyBdLJqSlgyALD2oSX,159,14.5388175,120.9840771,1784906108154,48.5
EnIyBdLJqSlgyALD2oSX,160,14.5389687,120.9840476,1784906110154,48.5
EnIyBdLJqSlgyALD2oSX,161,14.5391044,120.9840156,1784906112155,48.5
EnIyBdLJqSlgyALD2oSX,162,14.5392508,120.9839714,1784906114154,48.5
EnIyBdLJqSlgyALD2oSX,163,14.5393938,120.983936,1784906116154,48.5
EnIyBdLJqSlgyALD2oSX,164,14.5395402,120.9839106,1784906118155,48.5
EnIyBdLJqSlgyALD2oSX,165,14.5396757,120.9838789,1784906120153,48.5
EnIyBdLJqSlgyALD2oSX,166,14.5398115,120.9838455,1784906122154,48.5
EnIyBdLJqSlgyALD2oSX,167,14.5399508,120.9838158,1784906124154,48.5
EnIyBdLJqSlgyALD2oSX,168,14.5400847,120.9837665,1784906126153,48.5
EnIyBdLJqSlgyALD2oSX,169,14.5402104,120.9837106,1784906128153,48.5
EnIyBdLJqSlgyALD2oSX,170,14.5403474,120.9836962,1784906130153,48.5
EnIyBdLJqSlgyALD2oSX,171,14.5404874,120.9836606,1784906132154,48.5
EnIyBdLJqSlgyALD2oSX,172,14.5406018,120.9836085,1784906134156,48.5
EnIyBdLJqSlgyALD2oSX,173,14.5407572,120.9835879,1784906136155,48.5
EnIyBdLJqSlgyALD2oSX,174,14.5409127,120.9835645,1784906138153,48.5
EnIyBdLJqSlgyALD2oSX,175,14.5410596,120.9835479,1784906140154,48.5
EnIyBdLJqSlgyALD2oSX,176,14.5411957,120.9835149,1784906142153,48.5
EnIyBdLJqSlgyALD2oSX,177,14.5413621,120.983509,1784906144154,48.5
EnIyBdLJqSlgyALD2oSX,178,14.5414818,120.9834798,1784906146154,48.5
EnIyBdLJqSlgyALD2oSX,179,14.541583,120.9834469,1784906148153,48.5
EnIyBdLJqSlgyALD2oSX,180,14.5416528,120.9834305,1784906150154,48.5
EnIyBdLJqSlgyALD2oSX,181,14.5417128,120.9834151,1784906152155,48.5
EnIyBdLJqSlgyALD2oSX,182,14.5417381,120.983413,1784906154154,48.5
EnIyBdLJqSlgyALD2oSX,183,14.5417543,120.9834003,1784906158153,48.5
EnIyBdLJqSlgyALD2oSX,184,14.5418186,120.9834036,1784906176154,48.59999847412109
EnIyBdLJqSlgyALD2oSX,185,14.5418852,120.9834139,1784906178153,48.59999847412109
EnIyBdLJqSlgyALD2oSX,186,14.5419567,120.9833943,1784906180153,48.59999847412109
EnIyBdLJqSlgyALD2oSX,187,14.5420413,120.9833621,1784906182155,48.59999847412109
EnIyBdLJqSlgyALD2oSX,188,14.5421403,120.9833386,1784906184153,48.59999847412109
EnIyBdLJqSlgyALD2oSX,189,14.5422522,120.9833023,1784906186153,48.59999847412109
EnIyBdLJqSlgyALD2oSX,190,14.5423615,120.983274,1784906188154,48.59999847412109
EnIyBdLJqSlgyALD2oSX,191,14.5424763,120.9832469,1784906190154,48.59999847412109
EnIyBdLJqSlgyALD2oSX,192,14.5425879,120.9832168,1784906192154,48.59999847412109
EnIyBdLJqSlgyALD2oSX,193,14.5427125,120.9831826,1784906194154,48.59999847412109
EnIyBdLJqSlgyALD2oSX,194,14.5428512,120.9831532,1784906196153,48.59999847412109
EnIyBdLJqSlgyALD2oSX,195,14.54298,120.983107,1784906198154,48.59999847412109
EnIyBdLJqSlgyALD2oSX,196,14.5431216,120.9830525,1784906200156,50.88732659588172
EnIyBdLJqSlgyALD2oSX,197,14.5432601,120.9830015,1784906202154,51.0019677514186
EnIyBdLJqSlgyALD2oSX,198,14.5434008,120.9829704,1784906204156,50.49637194570502
EnIyBdLJqSlgyALD2oSX,199,14.5435467,120.9829321,1784906206154,50.53180728556331
EnIyBdLJqSlgyALD2oSX,200,14.5436992,120.9828962,1784906208155,50.55147362882605
EnIyBdLJqSlgyALD2oSX,201,14.5438582,120.9828487,1784906210155,50.65083859931341
EnIyBdLJqSlgyALD2oSX,202,14.5440224,120.9827854,1784906212155,51.11208868738968
EnIyBdLJqSlgyALD2oSX,203,14.5441882,120.9827126,1784906214155,50.53830191200375
EnIyBdLJqSlgyALD2oSX,204,14.5443558,120.9826385,1784906216155,50.429912124011736
EnIyBdLJqSlgyALD2oSX,205,14.5445305,120.9825563,1784906218154,50.31735494391446
EnIyBdLJqSlgyALD2oSX,206,14.5446992,120.98249,1784906220155,48.59999847412109
EnIyBdLJqSlgyALD2oSX,207,14.5448712,120.9824331,1784906222154,48.59999847412109
EnIyBdLJqSlgyALD2oSX,208,14.5450483,120.9823827,1784906224156,48.59999847412109
EnIyBdLJqSlgyALD2oSX,209,14.5452241,120.9823608,1784906226154,48.59999847412109
EnIyBdLJqSlgyALD2oSX,210,14.5454062,120.9823406,1784906228154,48.59999847412109
EnIyBdLJqSlgyALD2oSX,211,14.5455759,120.9823133,1784906230155,48.59999847412109
EnIyBdLJqSlgyALD2oSX,212,14.5457493,120.9822947,1784906232155,48.59999847412109
EnIyBdLJqSlgyALD2oSX,213,14.5459417,120.982269,1784906234154,48.59999847412109
EnIyBdLJqSlgyALD2oSX,214,14.5461109,120.9822367,1784906236153,48.59999847412109
EnIyBdLJqSlgyALD2oSX,215,14.5462841,120.9822203,1784906238154,48.59999847412109
EnIyBdLJqSlgyALD2oSX,216,14.5464497,120.9821851,1784906240154,48.59999847412109
EnIyBdLJqSlgyALD2oSX,217,14.5466096,120.9821643,1784906242156,48.59999847412109
EnIyBdLJqSlgyALD2oSX,218,14.5467848,120.9821558,1784906244154,48.59999847412109
EnIyBdLJqSlgyALD2oSX,219,14.5469508,120.9821339,1784906246154,48.59999847412109
EnIyBdLJqSlgyALD2oSX,220,14.5471069,120.982141,1784906248155,48.59999847412109
EnIyBdLJqSlgyALD2oSX,221,14.5472706,120.9821506,1784906250153,48.59999847412109
EnIyBdLJqSlgyALD2oSX,222,14.5474398,120.9821799,1784906252154,48.59999847412109
EnIyBdLJqSlgyALD2oSX,223,14.5476018,120.982195,1784906254156,48.59999847412109
EnIyBdLJqSlgyALD2oSX,224,14.5477693,120.9822329,1784906256154,48.59999847412109
EnIyBdLJqSlgyALD2oSX,225,14.5479444,120.9822684,1784906258155,48.59999847412109
EnIyBdLJqSlgyALD2oSX,226,14.5481105,120.9823,1784906260156,48.59999847412109
EnIyBdLJqSlgyALD2oSX,227,14.5482664,120.9823495,1784906262155,48.59999847412109
EnIyBdLJqSlgyALD2oSX,228,14.5484292,120.9824041,1784906264154,48.59999847412109
EnIyBdLJqSlgyALD2oSX,229,14.5485885,120.9824684,1784906266153,48.59999847412109
EnIyBdLJqSlgyALD2oSX,230,14.5487378,120.9825355,1784906268155,48.59999847412109
EnIyBdLJqSlgyALD2oSX,231,14.548888,120.982605,1784906270155,48.59999847412109
EnIyBdLJqSlgyALD2oSX,232,14.5490315,120.9826805,1784906272154,48.59999847412109
EnIyBdLJqSlgyALD2oSX,233,14.5491726,120.9827548,1784906274155,48.59999847412109
EnIyBdLJqSlgyALD2oSX,234,14.549304,120.9828338,1784906276156,48.59999847412109
EnIyBdLJqSlgyALD2oSX,235,14.5494487,120.9829105,1784906278153,48.59999847412109
EnIyBdLJqSlgyALD2oSX,236,14.5495706,120.9829948,1784906280153,48.59999847412109
EnIyBdLJqSlgyALD2oSX,237,14.5497045,120.9830692,1784906282154,48.59999847412109
EnIyBdLJqSlgyALD2oSX,238,14.5498446,120.9831457,1784906284154,48.59999847412109
EnIyBdLJqSlgyALD2oSX,239,14.5499909,120.9832173,1784906286155,48.59999847412109
EnIyBdLJqSlgyALD2oSX,240,14.5501213,120.9832843,1784906288155,48.59999847412109
EnIyBdLJqSlgyALD2oSX,241,14.5502497,120.9833394,1784906290156,48.59999847412109
EnIyBdLJqSlgyALD2oSX,242,14.5503594,120.9833789,1784906292155,48.59999847412109
EnIyBdLJqSlgyALD2oSX,243,14.5504623,120.9834014,1784906294155,48.59999847412109
EnIyBdLJqSlgyALD2oSX,244,14.5505626,120.9833839,1784906296154,48.59999847412109
EnIyBdLJqSlgyALD2oSX,245,14.5506609,120.9833278,1784906298154,48.59999847412109
EnIyBdLJqSlgyALD2oSX,246,14.5507571,120.9832665,1784906300154,48.59999847412109
EnIyBdLJqSlgyALD2oSX,247,14.5508546,120.9832494,1784906302153,48.59999847412109
EnIyBdLJqSlgyALD2oSX,248,14.5509557,120.9833193,1784906304154,48.59999847412109
EnIyBdLJqSlgyALD2oSX,249,14.5510788,120.9833783,1784906306154,48.59999847412109
EnIyBdLJqSlgyALD2oSX,250,14.5512245,120.9833844,1784906308155,48.59999847412109
EnIyBdLJqSlgyALD2oSX,251,14.5513633,120.9833207,1784906310153,48.59999847412109
EnIyBdLJqSlgyALD2oSX,252,14.5514799,120.9832065,1784906312153,48.59999847412109
EnIyBdLJqSlgyALD2oSX,253,14.5515421,120.9830574,1784906314153,48.59999847412109
EnIyBdLJqSlgyALD2oSX,254,14.5515584,120.9829096,1784906316154,48.59999847412109
EnIyBdLJqSlgyALD2oSX,255,14.5515882,120.9827948,1784906318153,48.59999847412109
EnIyBdLJqSlgyALD2oSX,256,14.551684,120.9827006,1784906320154,48.59999847412109
EnIyBdLJqSlgyALD2oSX,257,14.5517968,120.9826069,1784906322153,48.59999847412109
EnIyBdLJqSlgyALD2oSX,258,14.5519218,120.9824959,1784906324153,48.59999847412109
EnIyBdLJqSlgyALD2oSX,259,14.5520509,120.9823903,1784906326155,48.59999847412109
EnIyBdLJqSlgyALD2oSX,260,14.5521939,120.9822855,1784906328155,48.59999847412109
EnIyBdLJqSlgyALD2oSX,261,14.5523256,120.9821845,1784906330156,48.59999847412109
EnIyBdLJqSlgyALD2oSX,262,14.552438,120.9820862,1784906332155,48.59999847412109
EnIyBdLJqSlgyALD2oSX,263,14.5525802,120.9819898,1784906334154,48.59999847412109
EnIyBdLJqSlgyALD2oSX,264,14.5527145,120.9818986,1784906336155,48.59999847412109
EnIyBdLJqSlgyALD2oSX,265,14.5528463,120.9818107,1784906338153,48.59999847412109
EnIyBdLJqSlgyALD2oSX,266,14.5529862,120.9817374,1784906340153,46.71065138736434
EnIyBdLJqSlgyALD2oSX,267,14.5531213,120.9816653,1784906342154,46.457714433048345
EnIyBdLJqSlgyALD2oSX,268,14.5532539,120.9815892,1784906344153,46.38063245703691
EnIyBdLJqSlgyALD2oSX,269,14.5533775,120.9815157,1784906346153,46.46586644879615
EnIyBdLJqSlgyALD2oSX,270,14.5534915,120.9814506,1784906348155,46.38249553051384
EnIyBdLJqSlgyALD2oSX,271,14.5536212,120.9813801,1784906350154,46.6025140160063
EnIyBdLJqSlgyALD2oSX,272,14.5537424,120.9813003,1784906352154,48.59999847412109
EnIyBdLJqSlgyALD2oSX,273,14.5538617,120.9812415,1784906354155,48.59999847412109
EnIyBdLJqSlgyALD2oSX,274,14.5539961,120.9811791,1784906356154,48.59999847412109
EnIyBdLJqSlgyALD2oSX,275,14.5541332,120.9811056,1784906358155,48.59999847412109
EnIyBdLJqSlgyALD2oSX,276,14.5542755,120.9810311,1784906360154,48.59999847412109
EnIyBdLJqSlgyALD2oSX,277,14.5544064,120.9809598,1784906362155,48.59999847412109
EnIyBdLJqSlgyALD2oSX,278,14.5545185,120.9808951,1784906364154,48.59999847412109
EnIyBdLJqSlgyALD2oSX,279,14.5546192,120.9808775,1784906366155,48.59999847412109
EnIyBdLJqSlgyALD2oSX,280,14.5546917,120.9809381,1784906368155,48.59999847412109
EnIyBdLJqSlgyALD2oSX,281,14.5547378,120.9810136,1784906370154,48.59999847412109
EnIyBdLJqSlgyALD2oSX,282,14.5547966,120.9810953,1784906372154,48.59999847412109
EnIyBdLJqSlgyALD2oSX,283,14.5548931,120.9811222,1784906374155,48.59999847412109
EnIyBdLJqSlgyALD2oSX,284,14.5550177,120.981105,1784906376154,48.59999847412109
EnIyBdLJqSlgyALD2oSX,285,14.5551373,120.9810656,1784906378155,48.59999847412109
EnIyBdLJqSlgyALD2oSX,286,14.5552589,120.9810029,1784906380154,48.59999847412109
EnIyBdLJqSlgyALD2oSX,287,14.5553846,120.9809358,1784906382154,48.59999847412109
EnIyBdLJqSlgyALD2oSX,288,14.555488,120.9808765,1784906384154,48.59999847412109
EnIyBdLJqSlgyALD2oSX,289,14.5556149,120.9808144,1784906386155,48.59999847412109
EnIyBdLJqSlgyALD2oSX,290,14.5557303,120.9807477,1784906388153,48.59999847412109
EnIyBdLJqSlgyALD2oSX,291,14.5558549,120.9807168,1784906390154,48.59999847412109
EnIyBdLJqSlgyALD2oSX,292,14.5559613,120.980766,1784906392155,48.59999847412109
EnIyBdLJqSlgyALD2oSX,293,14.5560323,120.980877,1784906394154,48.59999847412109
EnIyBdLJqSlgyALD2oSX,294,14.55609,120.9809876,1784906396153,48.59999847412109
EnIyBdLJqSlgyALD2oSX,295,14.5561583,120.9811093,1784906398154,48.59999847412109
EnIyBdLJqSlgyALD2oSX,296,14.5562199,120.981227,1784906400153,48.59999847412109
EnIyBdLJqSlgyALD2oSX,297,14.5562847,120.9813436,1784906402155,48.59999847412109
EnIyBdLJqSlgyALD2oSX,298,14.5563613,120.9814543,1784906404154,49.619191469501295
EnIyBdLJqSlgyALD2oSX,299,14.5564187,120.9815673,1784906406153,49.64941056627977
EnIyBdLJqSlgyALD2oSX,300,14.5564886,120.9816753,1784906408154,49.62056643223111
EnIyBdLJqSlgyALD2oSX,301,14.5565345,120.9817783,1784906410154,49.469182394406864
EnIyBdLJqSlgyALD2oSX,302,14.5565938,120.9818598,1784906412155,49.33322695089057
EnIyBdLJqSlgyALD2oSX,303,14.5566693,120.981926,1784906414154,49.37695253668455
EnIyBdLJqSlgyALD2oSX,304,14.5567495,120.9819923,1784906416156,48.63646789327442
EnIyBdLJqSlgyALD2oSX,305,14.5567883,120.9820674,1784906418155,48.82961755424386
EnIyBdLJqSlgyALD2oSX,306,14.5568286,120.9821608,1784906420154,48.35096857412733
EnIyBdLJqSlgyALD2oSX,307,14.556876,120.9822635,1784906422154,48.35096857412733
EnIyBdLJqSlgyALD2oSX,308,14.5569266,120.9823648,1784906424155,48.998492560393466
EnIyBdLJqSlgyALD2oSX,309,14.5569818,120.9824817,1784906426155,49.0575524112015
EnIyBdLJqSlgyALD2oSX,310,14.5570381,120.9826034,1784906428155,49.09506333881878
EnIyBdLJqSlgyALD2oSX,311,14.5570862,120.9827147,1784906430155,49.08519225212458
EnIyBdLJqSlgyALD2oSX,312,14.5571477,120.9828385,1784906432154,49.09905840407235
EnIyBdLJqSlgyALD2oSX,313,14.5571966,120.9829731,1784906434154,48.89822677025996
EnIyBdLJqSlgyALD2oSX,314,14.5572374,120.9831014,1784906436155,49.07060449771804
EnIyBdLJqSlgyALD2oSX,315,14.5572963,120.9832255,1784906438155,48.628132012404166
EnIyBdLJqSlgyALD2oSX,316,14.5573537,120.9833488,1784906440155,48.5802008542045
EnIyBdLJqSlgyALD2oSX,317,14.5574117,120.983461,1784906442156,48.49267508070817
EnIyBdLJqSlgyALD2oSX,318,14.5574694,120.9835747,1784906444156,48.46350002082888
EnIyBdLJqSlgyALD2oSX,319,14.5575322,120.9836885,1784906446154,48.99920240455464
EnIyBdLJqSlgyALD2oSX,320,14.5575852,120.9838,1784906448155,48.95127233811676
EnIyBdLJqSlgyALD2oSX,321,14.5576443,120.983911,1784906450155,49.00115264847072
EnIyBdLJqSlgyALD2oSX,322,14.5576966,120.9840151,1784906452154,48.846068730886245
EnIyBdLJqSlgyALD2oSX,323,14.5577482,120.9841161,1784906454154,48.72053569806828
EnIyBdLJqSlgyALD2oSX,324,14.5577996,120.9842211,1784906456154,48.816364751779055
EnIyBdLJqSlgyALD2oSX,325,14.5578465,120.9843076,1784906458156,48.80594525038685
EnIyBdLJqSlgyALD2oSX,326,14.557887,120.9843949,1784906460153,48.71633805953608
EnIyBdLJqSlgyALD2oSX,327,14.557936,120.9844609,1784906462155,48.12591009807336
EnIyBdLJqSlgyALD2oSX,328,14.5579529,120.9844936,1784906464155,48.01338306864151
EnIyBdLJqSlgyALD2oSX,329,14.5579765,120.9844982,1784906470153,48.39488633313144
F4nyzbVQQ8TNQ0xn4cu5,0,14.5627237,120.9951696,1784946867266,51.70000076293945
F4nyzbVQQ8TNQ0xn4cu5,1,14.5627245,120.9951316,1784946881253,51.70000076293945
F4nyzbVQQ8TNQ0xn4cu5,2,14.562691,120.9951513,1784946887254,51.70000076293945
F4nyzbVQQ8TNQ0xn4cu5,3,14.5626447,120.9951703,1784946889269,51.70000076293945
F4nyzbVQQ8TNQ0xn4cu5,4,14.5626006,120.9951784,1784946891266,51.70000076293945
F4nyzbVQQ8TNQ0xn4cu5,5,14.5625528,120.9951461,1784946893256,51.70000076293945
F4nyzbVQQ8TNQ0xn4cu5,6,14.5625179,120.995126,1784946895262,51.70000076293945
F4nyzbVQQ8TNQ0xn4cu5,7,14.5624808,120.9951363,1784946897266,51.70000076293945
F4nyzbVQQ8TNQ0xn4cu5,8,14.5624448,120.9951747,1784946899263,51.70000076293945
F4nyzbVQQ8TNQ0xn4cu5,9,14.5624039,120.9952237,1784946901259,51.70000076293945
F4nyzbVQQ8TNQ0xn4cu5,10,14.5623714,120.995269,1784946903254,51.70000076293945
F4nyzbVQQ8TNQ0xn4cu5,11,14.5623478,120.9952764,1784946905259,51.70000076293945
F4nyzbVQQ8TNQ0xn4cu5,12,14.5623261,120.995276,1784946909252,51.70000076293945
F4nyzbVQQ8TNQ0xn4cu5,13,14.562309,120.9952847,1784946911250,51.70000076293945
F4nyzbVQQ8TNQ0xn4cu5,14,14.5622877,120.9952547,1784946913261,51.70000076293945
F4nyzbVQQ8TNQ0xn4cu5,15,14.5622728,120.9952352,1784946917263,51.70000076293945
F4nyzbVQQ8TNQ0xn4cu5,16,14.5622389,120.9952459,1784946919252,51.70000076293945
F4nyzbVQQ8TNQ0xn4cu5,17,14.5621956,120.9952586,1784946921254,51.70000076293945
F4nyzbVQQ8TNQ0xn4cu5,18,14.5621403,120.9952933,1784946923234,51.70000076293945
F4nyzbVQQ8TNQ0xn4cu5,19,14.5620698,120.9953697,1784946925233,51.70000076293945
F4nyzbVQQ8TNQ0xn4cu5,20,14.5618986,120.9954656,1784946927234,51.70000076293945
F4nyzbVQQ8TNQ0xn4cu5,21,14.5616191,120.9955092,1784946929246,51.70000076293945
F4nyzbVQQ8TNQ0xn4cu5,22,14.5613574,120.995494,1784946931240,51.70000076293945
F4nyzbVQQ8TNQ0xn4cu5,23,14.5611754,120.995508,1784946933245,51.70000076293945
F4nyzbVQQ8TNQ0xn4cu5,24,14.5610262,120.9955135,1784946935243,51.70000076293945
F4nyzbVQQ8TNQ0xn4cu5,25,14.5609246,120.9955078,1784946937251,51.70000076293945
F4nyzbVQQ8TNQ0xn4cu5,26,14.5608123,120.9955334,1784946939257,51.70000076293945
F4nyzbVQQ8TNQ0xn4cu5,27,14.5606919,120.9955542,1784946941264,51.70000076293945
F4nyzbVQQ8TNQ0xn4cu5,28,14.5605526,120.9955815,1784946943267,51.70000076293945
F4nyzbVQQ8TNQ0xn4cu5,29,14.5604319,120.9956062,1784946945272,51.70000076293945
F4nyzbVQQ8TNQ0xn4cu5,30,14.5603333,120.9956114,1784946947253,51.70000076293945
F4nyzbVQQ8TNQ0xn4cu5,31,14.5602041,120.9956409,1784946949257,51.70000076293945
F4nyzbVQQ8TNQ0xn4cu5,32,14.5600991,120.9956745,1784946951257,51.70000076293945
F4nyzbVQQ8TNQ0xn4cu5,33,14.5600537,120.9957174,1784946953267,51.70000076293945
F4nyzbVQQ8TNQ0xn4cu5,34,14.5600281,120.9956568,1784946955260,51.70000076293945
F4nyzbVQQ8TNQ0xn4cu5,35,14.5600188,120.995505,1784946957276,51.70000076293945
F4nyzbVQQ8TNQ0xn4cu5,36,14.5600227,120.9953237,1784946959282,51.70000076293945
F4nyzbVQQ8TNQ0xn4cu5,37,14.5600084,120.9951662,1784946961280,51.70000076293945
F4nyzbVQQ8TNQ0xn4cu5,38,14.5599862,120.9950403,1784946963278,51.70000076293945
F4nyzbVQQ8TNQ0xn4cu5,39,14.559977,120.9949126,1784946965277,51.70000076293945
F4nyzbVQQ8TNQ0xn4cu5,40,14.5599738,120.994783,1784946967278,51.70000076293945
F4nyzbVQQ8TNQ0xn4cu5,41,14.5599636,120.9946819,1784946969280,51.70000076293945
F4nyzbVQQ8TNQ0xn4cu5,42,14.5599482,120.9946018,1784946971274,51.70000076293945
F4nyzbVQQ8TNQ0xn4cu5,43,14.5599392,120.9945209,1784946973279,51.70000076293945
F4nyzbVQQ8TNQ0xn4cu5,44,14.5599185,120.994438,1784946975280,51.70000076293945
F4nyzbVQQ8TNQ0xn4cu5,45,14.5599037,120.9943452,1784946977277,51.70000076293945
F4nyzbVQQ8TNQ0xn4cu5,46,14.5598878,120.9942271,1784946979276,51.70000076293945
F4nyzbVQQ8TNQ0xn4cu5,47,14.5598605,120.9940862,1784946981275,51.70000076293945
F4nyzbVQQ8TNQ0xn4cu5,48,14.559842,120.99395,1784946983274,51.70000076293945
F4nyzbVQQ8TNQ0xn4cu5,49,14.5598079,120.9938229,1784946985263,51.70000076293945
F4nyzbVQQ8TNQ0xn4cu5,50,14.5597753,120.9936958,1784946987268,51.70000076293945
F4nyzbVQQ8TNQ0xn4cu5,51,14.559784,120.9935667,1784946989261,51.70000076293945
F4nyzbVQQ8TNQ0xn4cu5,52,14.5597611,120.9934285,1784946991269,51.70000076293945
F4nyzbVQQ8TNQ0xn4cu5,53,14.559745,120.9933154,1784946993266,51.70000076293945
F4nyzbVQQ8TNQ0xn4cu5,54,14.5597384,120.9932251,1784946995263,51.70000076293945
F4nyzbVQQ8TNQ0xn4cu5,55,14.5597324,120.9931478,1784946997260,51.70000076293945
F4nyzbVQQ8TNQ0xn4cu5,56,14.5597215,120.9930874,1784946999269,51.70000076293945
F4nyzbVQQ8TNQ0xn4cu5,57,14.5597309,120.9930463,1784947003261,51.70000076293945
F4nyzbVQQ8TNQ0xn4cu5,58,14.5597171,120.9930338,1784947005262,51.70000076293945
F4nyzbVQQ8TNQ0xn4cu5,59,14.5596788,120.9930302,1784947007251,51.70000076293945
F4nyzbVQQ8TNQ0xn4cu5,60,14.5595339,120.9930534,1784947009263,51.70000076293945
F4nyzbVQQ8TNQ0xn4cu5,61,14.5594298,120.9930788,1784947011281,51.70000076293945
F4nyzbVQQ8TNQ0xn4cu5,62,14.559326,120.9931206,1784947013264,51.70000076293945
F4nyzbVQQ8TNQ0xn4cu5,63,14.5592241,120.9931519,1784947015277,51.70000076293945
F4nyzbVQQ8TNQ0xn4cu5,64,14.5591332,120.9931968,1784947017275,51.70000076293945
F4nyzbVQQ8TNQ0xn4cu5,65,14.5590366,120.9932423,1784947019277,51.70000076293945
F4nyzbVQQ8TNQ0xn4cu5,66,14.5589378,120.9932776,1784947021285,51.70000076293945
F4nyzbVQQ8TNQ0xn4cu5,67,14.5588558,120.9933056,1784947023285,51.70000076293945
F4nyzbVQQ8TNQ0xn4cu5,68,14.5587761,120.9933445,1784947025285,51.70000076293945
F4nyzbVQQ8TNQ0xn4cu5,69,14.5586987,120.9933748,1784947027279,51.70000076293945
F4nyzbVQQ8TNQ0xn4cu5,70,14.5586284,120.9933936,1784947029290,51.70000076293945
F4nyzbVQQ8TNQ0xn4cu5,71,14.5585629,120.9933968,1784947031277,51.70000076293945
F4nyzbVQQ8TNQ0xn4cu5,72,14.5585144,120.9933967,1784947033278,51.70000076293945
F4nyzbVQQ8TNQ0xn4cu5,73,14.5584666,120.9934029,1784947035285,51.70000076293945
F4nyzbVQQ8TNQ0xn4cu5,74,14.5583988,120.9934047,1784947037288,51.70000076293945
F4nyzbVQQ8TNQ0xn4cu5,75,14.5583076,120.9934306,1784947039283,51.70000076293945
F4nyzbVQQ8TNQ0xn4cu5,76,14.5582178,120.9934574,1784947041275,51.70000076293945
F4nyzbVQQ8TNQ0xn4cu5,77,14.5581224,120.9934754,1784947043291,66.466
F4nyzbVQQ8TNQ0xn4cu5,78,14.5580374,120.9934321,1784947045282,63.196
F4nyzbVQQ8TNQ0xn4cu5,79,14.557979,120.9933488,1784947047277,61.91
F4nyzbVQQ8TNQ0xn4cu5,80,14.5579609,120.9932677,1784947049269,62.0
F4nyzbVQQ8TNQ0xn4cu5,81,14.5579615,120.9932069,1784947051262,63.723
F4nyzbVQQ8TNQ0xn4cu5,82,14.5579447,120.9931386,1784947053255,62.385
F4nyzbVQQ8TNQ0xn4cu5,83,14.5579092,120.9930456,1784947055260,61.237
F4nyzbVQQ8TNQ0xn4cu5,84,14.5578604,120.9929727,1784947057262,60.018
F4nyzbVQQ8TNQ0xn4cu5,85,14.5578457,120.9929269,1784947059254,60.018
F4nyzbVQQ8TNQ0xn4cu5,86,14.5578153,120.9928624,1784947061256,58.697
F4nyzbVQQ8TNQ0xn4cu5,87,14.55778,120.9927577,1784947063262,58.34
F4nyzbVQQ8TNQ0xn4cu5,88,14.5577306,120.9926252,1784947065281,57.193
F4nyzbVQQ8TNQ0xn4cu5,89,14.5576842,120.9925057,1784947067262,54.301
F4nyzbVQQ8TNQ0xn4cu5,90,14.5576636,120.9924072,1784947069262,52.369
F4nyzbVQQ8TNQ0xn4cu5,91,14.5576333,120.9923142,1784947071264,48.882
F4nyzbVQQ8TNQ0xn4cu5,92,14.5576129,120.9922301,1784947073258,43.309
F4nyzbVQQ8TNQ0xn4cu5,93,14.5575787,120.9921488,1784947075251,39.283
F4nyzbVQQ8TNQ0xn4cu5,94,14.5575419,120.9920856,1784947077258,40.755
F4nyzbVQQ8TNQ0xn4cu5,95,14.5575279,120.9920625,1784947079257,41.584
F4nyzbVQQ8TNQ0xn4cu5,96,14.5575226,120.9920305,1784947081249,41.584
F4nyzbVQQ8TNQ0xn4cu5,97,14.5575156,120.9919903,1784947083267,41.584
F4nyzbVQQ8TNQ0xn4cu5,98,14.5575112,120.991965,1784947086261,41.584
F4nyzbVQQ8TNQ0xn4cu5,99,14.5575038,120.9919217,1784947088273,41.584
F4nyzbVQQ8TNQ0xn4cu5,100,14.5575183,120.9918821,1784947090267,42.876
F4nyzbVQQ8TNQ0xn4cu5,101,14.5575916,120.9918709,1784947092291,44.512
F4nyzbVQQ8TNQ0xn4cu5,102,14.5576731,120.9918606,1784947094282,46.411
F4nyzbVQQ8TNQ0xn4cu5,103,14.5577424,120.991829,1784947096268,47.652
F4nyzbVQQ8TNQ0xn4cu5,104,14.5577858,120.9918004,1784947098274,43.543
F4nyzbVQQ8TNQ0xn4cu5,105,14.557833,120.9917749,1784947100272,43.107
F4nyzbVQQ8TNQ0xn4cu5,106,14.5578734,120.9917503,1784947102280,41.636
F4nyzbVQQ8TNQ0xn4cu5,107,14.5579065,120.9917327,1784947104289,41.028
F4nyzbVQQ8TNQ0xn4cu5,108,14.5579506,120.991724,1784947106284,41.168
F4nyzbVQQ8TNQ0xn4cu5,109,14.5579844,120.9917104,1784947108291,42.244
F4nyzbVQQ8TNQ0xn4cu5,110,14.5580032,120.9917051,1784947143279,42.243
HPlut9DmFm7I4qbQr8b2,0,14.5622016,120.9946422,1784907744108,50.39999771118164
HPlut9DmFm7I4qbQr8b2,1,14.5621623,120.9946757,1784907766153,50.29999923706055
HPlut9DmFm7I4qbQr8b2,2,14.5621564,120.9946554,1784907771154,50.39999771118164
HPlut9DmFm7I4qbQr8b2,3,14.5621994,120.9946884,1784907777153,50.29999923706055
HPlut9DmFm7I4qbQr8b2,4,14.5622482,120.9947332,1784907779154,50.29999923706055
HPlut9DmFm7I4qbQr8b2,5,14.562316,120.9947845,1784907781154,50.29999923706055
HPlut9DmFm7I4qbQr8b2,6,14.5623774,120.9948418,1784907783153,50.29999923706055
HPlut9DmFm7I4qbQr8b2,7,14.5624167,120.9949069,1784907785153,50.29999923706055
HPlut9DmFm7I4qbQr8b2,8,14.5624414,120.9949568,1784907787154,50.29999923706055
HPlut9DmFm7I4qbQr8b2,9,14.5624517,120.9949968,1784907789153,50.29999923706055
HPlut9DmFm7I4qbQr8b2,10,14.5624647,120.9950289,1784907791153,50.29999923706055
HPlut9DmFm7I4qbQr8b2,11,14.5624703,120.9950485,1784907793154,50.29999923706055
HPlut9DmFm7I4qbQr8b2,12,14.5624904,120.9950625,1784907795155,50.29999923706055
HPlut9DmFm7I4qbQr8b2,13,14.5625261,120.995122,1784907797153,50.29999923706055
HPlut9DmFm7I4qbQr8b2,14,14.5625312,120.9951666,1784907799153,50.29999923706055
HPlut9DmFm7I4qbQr8b2,15,14.5625968,120.9952664,1784907801155,50.29999923706055
HPlut9DmFm7I4qbQr8b2,16,14.562654,120.9953587,1784907803155,50.29999923706055
HPlut9DmFm7I4qbQr8b2,17,14.5627039,120.9954719,1784907805153,50.29999923706055
HPlut9DmFm7I4qbQr8b2,18,14.5627541,120.9955792,1784907807153,50.29999923706055
HPlut9DmFm7I4qbQr8b2,19,14.5627998,120.995684,1784907809154,50.29999923706055
HPlut9DmFm7I4qbQr8b2,20,14.562862,120.9957892,1784907811153,50.29999923706055
HPlut9DmFm7I4qbQr8b2,21,14.5629135,120.9958922,1784907813154,50.29999923706055
HPlut9DmFm7I4qbQr8b2,22,14.5629672,120.9960019,1784907815153,50.29999923706055
HPlut9DmFm7I4qbQr8b2,23,14.5630013,120.9961173,1784907817155,50.29999923706055
HPlut9DmFm7I4qbQr8b2,24,14.5630551,120.9962272,1784907819153,50.29999923706055
HPlut9DmFm7I4qbQr8b2,25,14.5631013,120.9963325,1784907821155,50.29999923706055
HPlut9DmFm7I4qbQr8b2,26,14.5631584,120.9964352,1784907823154,50.29999923706055
HPlut9DmFm7I4qbQr8b2,27,14.5632078,120.9965486,1784907825153,50.29999923706055
HPlut9DmFm7I4qbQr8b2,28,14.5632485,120.996682,1784907827153,50.29999923706055
HPlut9DmFm7I4qbQr8b2,29,14.5633049,120.9968116,1784907829153,50.29999923706055
HPlut9DmFm7I4qbQr8b2,30,14.5633482,120.9969419,1784907831154,50.29999923706055
HPlut9DmFm7I4qbQr8b2,31,14.563385,120.9970836,1784907833153,50.29999923706055
HPlut9DmFm7I4qbQr8b2,32,14.5634526,120.9972138,1784907835155,50.29999923706055
HPlut9DmFm7I4qbQr8b2,33,14.5635096,120.997338,1784907837155,50.29999923706055
HPlut9DmFm7I4qbQr8b2,34,14.5635654,120.9974344,1784907839154,50.29999923706055
HPlut9DmFm7I4qbQr8b2,35,14.5636221,120.9975053,1784907841154,50.29999923706055
HPlut9DmFm7I4qbQr8b2,36,14.5636525,120.997613,1784907843153,50.29999923706055
HPlut9DmFm7I4qbQr8b2,37,14.5637088,120.9977181,1784907845155,50.29999923706055
HPlut9DmFm7I4qbQr8b2,38,14.5637706,120.9978298,1784907847155,50.29999923706055
HPlut9DmFm7I4qbQr8b2,39,14.5638252,120.9979462,1784907849154,50.29999923706055
HPlut9DmFm7I4qbQr8b2,40,14.5638846,120.9980595,1784907851154,50.29999923706055
HPlut9DmFm7I4qbQr8b2,41,14.563934,120.9981779,1784907853154,50.29999923706055
HPlut9DmFm7I4qbQr8b2,42,14.5639006,120.998292,1784907855154,50.29999923706055
HPlut9DmFm7I4qbQr8b2,43,14.5637799,120.9983461,1784907857155,50.29999923706055
HPlut9DmFm7I4qbQr8b2,44,14.5636419,120.9983859,1784907859154,50.29999923706055
HPlut9DmFm7I4qbQr8b2,45,14.5635044,120.998418,1784907861153,50.29999923706055
HPlut9DmFm7I4qbQr8b2,46,14.5633775,120.9984531,1784907863154,50.29999923706055
HPlut9DmFm7I4qbQr8b2,47,14.5632309,120.9984735,1784907865155,50.29999923706055
HPlut9DmFm7I4qbQr8b2,48,14.5630924,120.9984999,1784907867153,50.29999923706055
HPlut9DmFm7I4qbQr8b2,49,14.562966,120.9985285,1784907869155,50.29999923706055
HPlut9DmFm7I4qbQr8b2,50,14.5628454,120.998591,1784907871155,50.29999923706055
HPlut9DmFm7I4qbQr8b2,51,14.5627185,120.9986396,1784907873154,50.29999923706055
HPlut9DmFm7I4qbQr8b2,52,14.5625961,120.9987009,1784907875155,50.29999923706055
HPlut9DmFm7I4qbQr8b2,53,14.562475,120.9987585,1784907877154,50.29999923706055
HPlut9DmFm7I4qbQr8b2,54,14.5623553,120.998813,1784907879154,50.29999923706055
HPlut9DmFm7I4qbQr8b2,55,14.562238,120.9988634,1784907881154,50.29999923706055
HPlut9DmFm7I4qbQr8b2,56,14.5621325,120.9989108,1784907883155,50.29999923706055
HPlut9DmFm7I4qbQr8b2,57,14.5620479,120.998949,1784907885155,50.29999923706055
HPlut9DmFm7I4qbQr8b2,58,14.561996,120.9989766,1784907887155,50.29999923706055
HPlut9DmFm7I4qbQr8b2,59,14.5619806,120.9990328,1784907889154,50.29999923706055
HPlut9DmFm7I4qbQr8b2,60,14.5620048,120.9990981,1784907891153,50.29999923706055
HPlut9DmFm7I4qbQr8b2,61,14.5620594,120.9991878,1784907893154,50.29999923706055
HPlut9DmFm7I4qbQr8b2,62,14.5621136,120.9992797,1784907895154,50.29999923706055
HPlut9DmFm7I4qbQr8b2,63,14.5621888,120.9993584,1784907897153,50.29999923706055
HPlut9DmFm7I4qbQr8b2,64,14.5622741,120.9994418,1784907899155,50.29999923706055
HPlut9DmFm7I4qbQr8b2,65,14.56235,120.9995395,1784907901155,50.29999923706055
HPlut9DmFm7I4qbQr8b2,66,14.5624375,120.9996362,1784907903153,50.29999923706055
HPlut9DmFm7I4qbQr8b2,67,14.5625127,120.9997062,1784907905154,50.29999923706055
HPlut9DmFm7I4qbQr8b2,68,14.5626125,120.9998147,1784907907153,50.29999923706055
HPlut9DmFm7I4qbQr8b2,69,14.5626955,120.9999165,1784907909154,50.29999923706055
HPlut9DmFm7I4qbQr8b2,70,14.5627749,120.9999688,1784907911153,50.29999923706055
HPlut9DmFm7I4qbQr8b2,71,14.5628644,121.0000391,1784907913154,50.29999923706055
HPlut9DmFm7I4qbQr8b2,72,14.5629344,121.0001254,1784907915155,50.29999923706055
HPlut9DmFm7I4qbQr8b2,73,14.5629456,121.0001547,1784907917154,50.29999923706055
HPlut9DmFm7I4qbQr8b2,74,14.5631045,121.0002627,1784907919153,50.29999923706055
HPlut9DmFm7I4qbQr8b2,75,14.5632109,121.0003879,1784907921154,50.29999923706055
HPlut9DmFm7I4qbQr8b2,76,14.5633145,121.0004855,1784907923153,50.29999923706055
HPlut9DmFm7I4qbQr8b2,77,14.5634028,121.0005816,1784907925154,50.29999923706055
HPlut9DmFm7I4qbQr8b2,78,14.5634876,121.0006595,1784907927153,50.29999923706055
HPlut9DmFm7I4qbQr8b2,79,14.56357,121.0007602,1784907929154,50.29999923706055
HPlut9DmFm7I4qbQr8b2,80,14.563664,121.0008328,1784907931153,50.29999923706055
HPlut9DmFm7I4qbQr8b2,81,14.5636965,121.0009024,1784907933155,50.29999923706055
HPlut9DmFm7I4qbQr8b2,82,14.5636939,121.0009649,1784907935154,50.29999923706055
HPlut9DmFm7I4qbQr8b2,83,14.5636491,121.0009955,1784907937154,50.29999923706055
HPlut9DmFm7I4qbQr8b2,84,14.5636132,121.0010284,1784907939154,50.29999923706055
HPlut9DmFm7I4qbQr8b2,85,14.5635847,121.0010453,1784907941153,50.29999923706055
HPlut9DmFm7I4qbQr8b2,86,14.5635511,121.001081,1784907943154,50.29999923706055
HPlut9DmFm7I4qbQr8b2,87,14.5635371,121.0011194,1784907945154,50.29999923706055
HPlut9DmFm7I4qbQr8b2,88,14.5635414,121.0011403,1784907947155,50.29999923706055
HPlut9DmFm7I4qbQr8b2,89,14.5635487,121.0011675,1784907951155,50.29999923706055
I3JbnIwepaslgyQrf5pE,0,14.5642912,120.9945437,1785146552348,52.0
I3JbnIwepaslgyQrf5pE,1,14.5642329,120.9940824,1785146558815,50.59999847412109
I3JbnIwepaslgyQrf5pE,2,14.5648724,120.9942309,1785146565266,50.39999771118164
I3JbnIwepaslgyQrf5pE,3,14.5656652,120.9935795,1785146571728,50.29999923706055
I3JbnIwepaslgyQrf5pE,4,14.5655342,120.9939201,1785146578183,50.20000076293945
I3JbnIwepaslgyQrf5pE,5,14.5658828,120.9938517,1785146584519,50.09999847412109
I3JbnIwepaslgyQrf5pE,6,14.5659081,120.9940909,1785146590954,50.20000076293945
I3JbnIwepaslgyQrf5pE,7,14.5662001,120.9944337,1785146597358,49.79999923706055
I3JbnIwepaslgyQrf5pE,8,14.5660562,120.9944886,1785146603715,49.89999771118164
I3JbnIwepaslgyQrf5pE,9,14.5660886,120.9945289,1785146609846,49.89999771118164
I3JbnIwepaslgyQrf5pE,10,14.566123,120.9945553,1785146611839,49.89999771118164
I3JbnIwepaslgyQrf5pE,11,14.5661813,120.9945892,1785146613844,49.89999771118164
I3JbnIwepaslgyQrf5pE,12,14.5662662,120.9945133,1785146615854,49.89999771118164
I3JbnIwepaslgyQrf5pE,13,14.5663545,120.9944681,1785146617858,49.89999771118164
I3JbnIwepaslgyQrf5pE,14,14.5664614,120.9943932,1785146619865,49.89999771118164
I3JbnIwepaslgyQrf5pE,15,14.5665764,120.9943182,1785146621860,49.89999771118164
I3JbnIwepaslgyQrf5pE,16,14.5666531,120.9942478,1785146623864,49.89999771118164
I3JbnIwepaslgyQrf5pE,17,14.5667577,120.9942141,1785146625872,49.89999771118164
I3JbnIwepaslgyQrf5pE,18,14.5668622,120.994128,1785146627879,49.89999771118164
I3JbnIwepaslgyQrf5pE,19,14.5670019,120.9940659,1785146629875,49.89999771118164
I3JbnIwepaslgyQrf5pE,20,14.5671344,120.993999,1785146631873,49.89999771118164
I3JbnIwepaslgyQrf5pE,21,14.567284,120.9939179,1785146633874,49.89999771118164
I3JbnIwepaslgyQrf5pE,22,14.5674164,120.9938351,1785146635873,49.89999771118164
I3JbnIwepaslgyQrf5pE,23,14.5675189,120.9937733,1785146637864,49.89999771118164
I3JbnIwepaslgyQrf5pE,24,14.567589,120.9936979,1785146639861,49.89999771118164
I3JbnIwepaslgyQrf5pE,25,14.5676846,120.9936329,1785146641862,49.89999771118164
I3JbnIwepaslgyQrf5pE,26,14.5677749,120.9935801,1785146643868,49.89999771118164
I3JbnIwepaslgyQrf5pE,27,14.5678867,120.9935434,1785146645868,49.89999771118164
I3JbnIwepaslgyQrf5pE,28,14.5679801,120.993507,1785146647866,49.89999771118164
I3JbnIwepaslgyQrf5pE,29,14.568064,120.9934649,1785146649868,49.89999771118164
I3JbnIwepaslgyQrf5pE,30,14.5681847,120.9934084,1785146651867,49.89999771118164
I3JbnIwepaslgyQrf5pE,31,14.5683317,120.9933322,1785146653862,49.89999771118164
I3JbnIwepaslgyQrf5pE,32,14.5685003,120.9932397,1785146655860,49.89999771118164
I3JbnIwepaslgyQrf5pE,33,14.5686715,120.9931483,1785146657866,49.89999771118164
I3JbnIwepaslgyQrf5pE,34,14.568844,120.9930853,1785146659875,49.89999771118164
I3JbnIwepaslgyQrf5pE,35,14.568998,120.9930179,1785146661857,49.89999771118164
I3JbnIwepaslgyQrf5pE,36,14.5691166,120.9929917,1785146663862,49.89999771118164
I3JbnIwepaslgyQrf5pE,37,14.5692167,120.9929708,1785146665868,49.89999771118164
I3JbnIwepaslgyQrf5pE,38,14.5693165,120.9929357,1785146667872,49.89999771118164
I3JbnIwepaslgyQrf5pE,39,14.5694294,120.9928899,1785146669873,49.89999771118164
I3JbnIwepaslgyQrf5pE,40,14.5695647,120.9928297,1785146671871,49.89999771118164
I3JbnIwepaslgyQrf5pE,41,14.5697128,120.9927768,1785146673870,49.89999771118164
I3JbnIwepaslgyQrf5pE,42,14.5698327,120.9927404,1785146675871,49.89999771118164
I3JbnIwepaslgyQrf5pE,43,14.5699811,120.9926988,1785146677871,49.89999771118164
I3JbnIwepaslgyQrf5pE,44,14.5701061,120.9926309,1785146679868,49.89999771118164
I3JbnIwepaslgyQrf5pE,45,14.5702075,120.9925784,1785146681862,49.89999771118164
I3JbnIwepaslgyQrf5pE,46,14.5702828,120.9925361,1785146683860,49.89999771118164
I3JbnIwepaslgyQrf5pE,47,14.5703455,120.9925088,1785146685869,49.89999771118164
I3JbnIwepaslgyQrf5pE,48,14.5704088,120.9925133,1785146687871,49.89999771118164
I3JbnIwepaslgyQrf5pE,49,14.5704546,120.992491,1785146689880,49.89999771118164
I3JbnIwepaslgyQrf5pE,50,14.5704862,120.9925165,1785146691871,49.89999771118164
I3JbnIwepaslgyQrf5pE,51,14.5704944,120.9925949,1785146693860,49.89999771118164
I3JbnIwepaslgyQrf5pE,52,14.5705094,120.9927072,1785146695857,49.89999771118164
I3JbnIwepaslgyQrf5pE,53,14.5705251,120.9928003,1785146697861,49.89999771118164
I3JbnIwepaslgyQrf5pE,54,14.5705688,120.9928701,1785146699865,49.89999771118164
I3JbnIwepaslgyQrf5pE,55,14.5705966,120.9929272,1785146701870,49.89999771118164
I3JbnIwepaslgyQrf5pE,56,14.5706133,120.992941,1785146703871,49.89999771118164
I3JbnIwepaslgyQrf5pE,57,14.5706321,120.9929553,1785146705872,49.89999771118164
I3JbnIwepaslgyQrf5pE,58,14.5706661,120.9929917,1785146707872,49.89999771118164
I3JbnIwepaslgyQrf5pE,59,14.5707132,120.9930953,1785146709859,49.89999771118164
I3JbnIwepaslgyQrf5pE,60,14.5707637,120.9932377,1785146711862,49.89999771118164
I3JbnIwepaslgyQrf5pE,61,14.5708545,120.9934051,1785146713874,49.89999771118164
I3JbnIwepaslgyQrf5pE,62,14.5709372,120.9935792,1785146715871,49.89999771118164
I3JbnIwepaslgyQrf5pE,63,14.5710005,120.9937659,1785146717877,49.89999771118164
I3JbnIwepaslgyQrf5pE,64,14.571043,120.9939019,1785146719878,49.89999771118164
I3JbnIwepaslgyQrf5pE,65,14.5710788,120.9940111,1785146721882,49.89999771118164
I3JbnIwepaslgyQrf5pE,66,14.5711202,120.9940882,1785146723879,49.89999771118164
I3JbnIwepaslgyQrf5pE,67,14.5711534,120.9941672,1785146725878,49.89999771118164
I3JbnIwepaslgyQrf5pE,68,14.571146,120.9942181,1785146727882,49.89999771118164
I3JbnIwepaslgyQrf5pE,69,14.5711601,120.9942575,1785146729877,49.89999771118164
I3JbnIwepaslgyQrf5pE,70,14.5711621,120.9942865,1785146733884,49.89999771118164
I3JbnIwepaslgyQrf5pE,71,14.5711691,120.9943046,1785146735890,49.89999771118164
I3JbnIwepaslgyQrf5pE,72,14.5711895,120.9943655,1785146737886,49.89999771118164
I3JbnIwepaslgyQrf5pE,73,14.5712143,120.9944303,1785146739881,49.89999771118164
I3JbnIwepaslgyQrf5pE,74,14.571233,120.9944924,1785146741881,49.89999771118164
I3JbnIwepaslgyQrf5pE,75,14.5712628,120.9945545,1785146743886,49.89999771118164
I3JbnIwepaslgyQrf5pE,76,14.5712746,120.9946023,1785146745893,49.89999771118164
I3JbnIwepaslgyQrf5pE,77,14.5712852,120.9946189,1785146747892,49.89999771118164
I3JbnIwepaslgyQrf5pE,78,14.5712942,120.9946563,1785146751893,49.89999771118164
I3JbnIwepaslgyQrf5pE,79,14.5713222,120.9946856,1785146755888,49.89999771118164
I3JbnIwepaslgyQrf5pE,80,14.571326,120.9947101,1785146757901,49.89999771118164
I3JbnIwepaslgyQrf5pE,81,14.5713378,120.9947347,1785146759888,49.89999771118164
I3JbnIwepaslgyQrf5pE,82,14.5713529,120.9947773,1785146761890,49.89999771118164
I3JbnIwepaslgyQrf5pE,83,14.5713614,120.99481,1785146763890,49.89999771118164
I3JbnIwepaslgyQrf5pE,84,14.5713586,120.9948479,1785146765892,49.89999771118164
I3JbnIwepaslgyQrf5pE,85,14.5713465,120.9948824,1785146771881,49.89999771118164
I3JbnIwepaslgyQrf5pE,86,14.5713263,120.9949133,1785146775878,49.89999771118164
I3JbnIwepaslgyQrf5pE,87,14.571288,120.9949312,1785146777882,49.89999771118164
I3JbnIwepaslgyQrf5pE,88,14.5712275,120.9949379,1785146779887,49.89999771118164
I3JbnIwepaslgyQrf5pE,89,14.5710784,120.9949623,1785146781868,49.89999771118164
I3JbnIwepaslgyQrf5pE,90,14.5708772,120.9950201,1785146783868,47.469
I3JbnIwepaslgyQrf5pE,91,14.5706612,120.9950719,1785146785870,51.54
I3JbnIwepaslgyQrf5pE,92,14.5704513,120.9951365,1785146787880,53.258
I3JbnIwepaslgyQrf5pE,93,14.5702477,120.9951981,1785146789881,54.763
I3JbnIwepaslgyQrf5pE,94,14.570051,120.9952562,1785146791885,56.286
I3JbnIwepaslgyQrf5pE,95,14.5698616,120.9953178,1785146793886,56.631
I3JbnIwepaslgyQrf5pE,96,14.5696763,120.9953969,1785146795877,57.696
I3JbnIwepaslgyQrf5pE,97,14.5694956,120.9954696,1785146797882,59.124
I3JbnIwepaslgyQrf5pE,98,14.5693461,120.9955664,1785146799894,59.373
I3JbnIwepaslgyQrf5pE,99,14.5692077,120.9956572,1785146801882,61.418
I3JbnIwepaslgyQrf5pE,100,14.5690596,120.9957294,1785146803881,62.574
I3JbnIwepaslgyQrf5pE,101,14.5689404,120.9957977,1785146805877,64.942
I3JbnIwepaslgyQrf5pE,102,14.5688211,120.9958773,1785146807874,66.7
I3JbnIwepaslgyQrf5pE,103,14.5687116,120.9959388,1785146809878,67.3
I3JbnIwepaslgyQrf5pE,104,14.5685952,120.9960182,1785146811881,66.73
I3JbnIwepaslgyQrf5pE,105,14.5684788,120.9960895,1785146813881,66.746
I3JbnIwepaslgyQrf5pE,106,14.5683717,120.9961412,1785146815879,65.558
I3JbnIwepaslgyQrf5pE,107,14.5682657,120.9961873,1785146817884,67.464
I3JbnIwepaslgyQrf5pE,108,14.5681648,120.9962151,1785146819872,64.736
I3JbnIwepaslgyQrf5pE,109,14.5681592,120.9962885,1785146821876,58.542
I3JbnIwepaslgyQrf5pE,110,14.5682198,120.9964301,1785146823874,57.649
I3JbnIwepaslgyQrf5pE,111,14.5683108,120.9965802,1785146825875,56.842
I3JbnIwepaslgyQrf5pE,112,14.568401,120.9966359,1785146827864,51.032
I3JbnIwepaslgyQrf5pE,113,14.5685312,120.9966184,1785146829868,48.416
I3JbnIwepaslgyQrf5pE,114,14.5686418,120.9965799,1785146831870,47.681
I3JbnIwepaslgyQrf5pE,115,14.568744,120.9965435,1785146833871,48.453
I3JbnIwepaslgyQrf5pE,116,14.5688277,120.9965324,1785146835869,47.767
I3JbnIwepaslgyQrf5pE,117,14.5689139,120.9965154,1785146837870,47.802
I3JbnIwepaslgyQrf5pE,118,14.5690202,120.9964811,1785146839864,49.628
I3JbnIwepaslgyQrf5pE,119,14.5691679,120.9964602,1785146841864,50.414
I3JbnIwepaslgyQrf5pE,120,14.5693156,120.9964161,1785146843872,50.763
I3JbnIwepaslgyQrf5pE,121,14.5694437,120.9963904,1785146845869,50.803
I3JbnIwepaslgyQrf5pE,122,14.5695589,120.996357,1785146847872,48.82
I3JbnIwepaslgyQrf5pE,123,14.5696438,120.9963397,1785146849876,48.287
I3JbnIwepaslgyQrf5pE,124,14.5696777,120.9963532,1785146851876,46.653
I3JbnIwepaslgyQrf5pE,125,14.5696688,120.9963906,1785146853880,49.968
I3JbnIwepaslgyQrf5pE,126,14.5696799,120.9964569,1785146855886,51.932
I3JbnIwepaslgyQrf5pE,127,14.5696867,120.9965184,1785146857871,52.363
I3JbnIwepaslgyQrf5pE,128,14.5697037,120.996566,1785146859883,52.047
I3JbnIwepaslgyQrf5pE,129,14.5697199,120.9966079,1785146861875,52.364
I3JbnIwepaslgyQrf5pE,130,14.5697311,120.9966716,1785146863869,52.209
I3JbnIwepaslgyQrf5pE,131,14.569759,120.9967488,1785146865865,55.473
I3JbnIwepaslgyQrf5pE,132,14.5697611,120.9968035,1785146867872,55.238
I3JbnIwepaslgyQrf5pE,133,14.5697699,120.996825,1785146869875,54.596
I3JbnIwepaslgyQrf5pE,134,14.5697669,120.9968462,1785146871879,54.766
I3JbnIwepaslgyQrf5pE,135,14.5697547,120.996893,1785146873876,55.69
I3JbnIwepaslgyQrf5pE,136,14.5697496,120.9969303,1785146875877,56.999
I3JbnIwepaslgyQrf5pE,137,14.5697574,120.9969679,1785146877879,57.881
I3JbnIwepaslgyQrf5pE,138,14.5697547,120.9969954,1785146879875,57.853
I3JbnIwepaslgyQrf5pE,139,14.5697457,120.9970396,1785146881876,57.314
I3JbnIwepaslgyQrf5pE,140,14.5697538,120.9970971,1785146883867,57.923
I3JbnIwepaslgyQrf5pE,141,14.5697527,120.9971335,1785146885869,59.808
I3JbnIwepaslgyQrf5pE,142,14.5698004,120.9971545,1785146887867,58.456
I3JbnIwepaslgyQrf5pE,143,14.5698296,120.9971765,1785146889873,59.21
I3JbnIwepaslgyQrf5pE,144,14.5698698,120.9971836,1785146891872,60.094
I3JbnIwepaslgyQrf5pE,145,14.5699268,120.9971799,1785146893865,58.091
I3JbnIwepaslgyQrf5pE,146,14.5699735,120.9971693,1785146895868,54.91
I3JbnIwepaslgyQrf5pE,147,14.5700139,120.9971692,1785146897862,54.464
I3JbnIwepaslgyQrf5pE,148,14.5700669,120.9971781,1785146899865,57.669
I3JbnIwepaslgyQrf5pE,149,14.5701343,120.9971866,1785146901861,57.707
I3JbnIwepaslgyQrf5pE,150,14.5701918,120.9971865,1785146903864,56.723
I3JbnIwepaslgyQrf5pE,151,14.5702214,120.9972138,1785146905872,57.347
I3JbnIwepaslgyQrf5pE,152,14.5702349,120.9972632,1785146907880,61.498
I3JbnIwepaslgyQrf5pE,153,14.5702343,120.9973084,1785146909879,62.14
I3JbnIwepaslgyQrf5pE,154,14.5702316,120.9973785,1785146911877,59.997
I3JbnIwepaslgyQrf5pE,155,14.5702269,120.9974571,1785146913884,60.603
I3JbnIwepaslgyQrf5pE,156,14.5702363,120.9975488,1785146915864,60.18
I3JbnIwepaslgyQrf5pE,157,14.5702742,120.9976361,1785146918862,61.57
I3JbnIwepaslgyQrf5pE,158,14.5702869,120.9976762,1785146920853,60.056
I3JbnIwepaslgyQrf5pE,159,14.5703111,120.9977585,1785146922843,59.916
I3JbnIwepaslgyQrf5pE,160,14.5703414,120.9978736,1785146924841,54.755
I3JbnIwepaslgyQrf5pE,161,14.5703478,120.9979354,1785146926846,54.755
I3JbnIwepaslgyQrf5pE,162,14.5703718,120.9979745,1785146929865,59.865
I3JbnIwepaslgyQrf5pE,163,14.5703771,120.9980262,1785146931869,59.865
I3JbnIwepaslgyQrf5pE,164,14.570383,120.9980797,1785146933872,57.33
I3JbnIwepaslgyQrf5pE,165,14.5703876,120.9981339,1785146935871,55.992
I3JbnIwepaslgyQrf5pE,166,14.5703891,120.9981627,1785146939879,55.927
I3JbnIwepaslgyQrf5pE,167,14.5703939,120.9982063,1785146953868,52.899
I3JbnIwepaslgyQrf5pE,168,14.5703917,120.9982476,1785146955887,51.747
I3JbnIwepaslgyQrf5pE,169,14.5703995,120.9982647,1785146957874,49.378
I3JbnIwepaslgyQrf5pE,170,14.5703937,120.9982889,1785146959881,47.137
I3JbnIwepaslgyQrf5pE,171,14.5703865,120.998313,1785146977874,50.159
INI7QviMV449G9zOeoq3,0,14.5914361,120.997949,1785070989738,49.79999923706055
INI7QviMV449G9zOeoq3,1,14.5914218,120.9979347,1785071009598,49.5
INI7QviMV449G9zOeoq3,2,14.591407,120.9979233,1785071018659,49.70000076293945
INI7QviMV449G9zOeoq3,3,14.5914273,120.9979234,1785071028639,49.5
INI7QviMV449G9zOeoq3,4,14.591445,120.9979189,1785071034651,49.39999771118164
INI7QviMV449G9zOeoq3,5,14.5914246,120.9979132,1785071044645,49.29999923706055
INI7QviMV449G9zOeoq3,6,14.591397,120.9979067,1785071054650,49.29999923706055
INI7QviMV449G9zOeoq3,7,14.5913797,120.9979137,1785071075598,49.59999847412109
INI7QviMV449G9zOeoq3,8,14.591362,120.9979177,1785071141584,49.70000076293945
INI7QviMV449G9zOeoq3,9,14.5913438,120.9979171,1785071150599,49.79999923706055
INI7QviMV449G9zOeoq3,10,14.5913255,120.9979104,1785071161601,49.70000076293945
INI7QviMV449G9zOeoq3,11,14.5913054,120.9979098,1785071170587,49.20000076293945
INI7QviMV449G9zOeoq3,12,14.5912877,120.9979139,1785071177584,49.20000076293945
INI7QviMV449G9zOeoq3,13,14.5912691,120.9979212,1785071186601,49.09999847412109
INI7QviMV449G9zOeoq3,14,14.5912507,120.9979255,1785071199601,49.09999847412109
INI7QviMV449G9zOeoq3,15,14.591231,120.997941,1785071207586,49.20000076293945
INI7QviMV449G9zOeoq3,16,14.5912135,120.9979464,1785071216616,49.5
INI7QviMV449G9zOeoq3,17,14.5911984,120.9979598,1785071238601,49.29999923706055
INI7QviMV449G9zOeoq3,18,14.5911885,120.9979806,1785071241602,49.29999923706055
INI7QviMV449G9zOeoq3,19,14.591189,120.9980044,1785071244633,49.29999923706055
INI7QviMV449G9zOeoq3,20,14.5911914,120.9980272,1785071246647,49.29999923706055
INI7QviMV449G9zOeoq3,21,14.5911767,120.9980612,1785071248650,49.29999923706055
INI7QviMV449G9zOeoq3,22,14.591138,120.9981269,1785071250655,49.29999923706055
INI7QviMV449G9zOeoq3,23,14.5910861,120.9982318,1785071252648,49.29999923706055
INI7QviMV449G9zOeoq3,24,14.5910495,120.9983501,1785071254649,49.29999923706055
INI7QviMV449G9zOeoq3,25,14.5910234,120.9984483,1785071256647,49.29999923706055
INI7QviMV449G9zOeoq3,26,14.5910122,120.9984989,1785071258639,49.29999923706055
INI7QviMV449G9zOeoq3,27,14.5910056,120.9985205,1785071260648,49.29999923706055
INI7QviMV449G9zOeoq3,28,14.5909932,120.9985374,1785071264650,49.20000076293945
INI7QviMV449G9zOeoq3,29,14.5909607,120.9985474,1785071267654,49.20000076293945
INI7QviMV449G9zOeoq3,30,14.590878,120.9984855,1785071269650,49.20000076293945
INI7QviMV449G9zOeoq3,31,14.5907657,120.9983783,1785071271651,49.20000076293945
INI7QviMV449G9zOeoq3,32,14.5906332,120.9982586,1785071273648,49.20000076293945
INI7QviMV449G9zOeoq3,33,14.5904899,120.9981261,1785071275639,49.20000076293945
INI7QviMV449G9zOeoq3,34,14.590338,120.997998,1785071277640,49.20000076293945
INI7QviMV449G9zOeoq3,35,14.5901818,120.9978661,1785071279634,49.20000076293945
INI7QviMV449G9zOeoq3,36,14.590027,120.9977356,1785071281656,49.20000076293945
INI7QviMV449G9zOeoq3,37,14.5898761,120.9976031,1785071283663,49.20000076293945
INI7QviMV449G9zOeoq3,38,14.5897267,120.99747,1785071285636,49.20000076293945
INI7QviMV449G9zOeoq3,39,14.5895745,120.9973365,1785071287649,49.20000076293945
INI7QviMV449G9zOeoq3,40,14.5894245,120.9972023,1785071289643,49.20000076293945
INI7QviMV449G9zOeoq3,41,14.5892644,120.9970623,1785071291653,49.20000076293945
INI7QviMV449G9zOeoq3,42,14.5891047,120.996923,1785071293661,49.20000076293945
INI7QviMV449G9zOeoq3,43,14.5889414,120.9967809,1785071295644,49.20000076293945
INI7QviMV449G9zOeoq3,44,14.5887778,120.9966385,1785071297661,49.20000076293945
INI7QviMV449G9zOeoq3,45,14.5886351,120.9965177,1785071299652,49.20000076293945
INI7QviMV449G9zOeoq3,46,14.5885314,120.9964287,1785071301631,49.20000076293945
INI7QviMV449G9zOeoq3,47,14.5884467,120.9963565,1785071303641,49.20000076293945
INI7QviMV449G9zOeoq3,48,14.588371,120.9962915,1785071305653,49.20000076293945
INI7QviMV449G9zOeoq3,49,14.5882932,120.9962238,1785071307641,49.20000076293945
INI7QviMV449G9zOeoq3,50,14.5882182,120.9961582,1785071309656,49.20000076293945
INI7QviMV449G9zOeoq3,51,14.5881459,120.9960939,1785071311638,49.20000076293945
INI7QviMV449G9zOeoq3,52,14.5880654,120.9960238,1785071313650,49.20000076293945
INI7QviMV449G9zOeoq3,53,14.5879916,120.9959596,1785071315640,49.20000076293945
INI7QviMV449G9zOeoq3,54,14.5879259,120.995902,1785071317653,49.20000076293945
INI7QviMV449G9zOeoq3,55,14.5878585,120.9958393,1785071319650,49.20000076293945
INI7QviMV449G9zOeoq3,56,14.5877708,120.9957621,1785071321643,49.20000076293945
INI7QviMV449G9zOeoq3,57,14.5876753,120.9956703,1785071323645,49.20000076293945
INI7QviMV449G9zOeoq3,58,14.58758,120.9955717,1785071325662,49.20000076293945
INI7QviMV449G9zOeoq3,59,14.5874878,120.9954824,1785071327640,49.20000076293945
INI7QviMV449G9zOeoq3,60,14.5873943,120.9953985,1785071329656,49.20000076293945
INI7QviMV449G9zOeoq3,61,14.5873069,120.9953201,1785071331655,49.20000076293945
INI7QviMV449G9zOeoq3,62,14.5872347,120.9952543,1785071333659,49.20000076293945
INI7QviMV449G9zOeoq3,63,14.5872093,120.9952334,1785071335642,49.20000076293945
INI7QviMV449G9zOeoq3,64,14.5871922,120.9952208,1785071338633,49.20000076293945
INI7QviMV449G9zOeoq3,65,14.5871563,120.9952075,1785071340646,50.09999847412109
INI7QviMV449G9zOeoq3,66,14.5870806,120.9951534,1785071342654,50.09999847412109
INI7QviMV449G9zOeoq3,67,14.5869563,120.9950357,1785071344642,50.09999847412109
INI7QviMV449G9zOeoq3,68,14.5868234,120.994914,1785071346656,50.09999847412109
INI7QviMV449G9zOeoq3,69,14.5866798,120.9947895,1785071348640,50.09999847412109
INI7QviMV449G9zOeoq3,70,14.5865328,120.9946625,1785071350659,50.09999847412109
INI7QviMV449G9zOeoq3,71,14.586376,120.9945285,1785071352635,50.09999847412109
INI7QviMV449G9zOeoq3,72,14.5862226,120.9943928,1785071354633,50.09999847412109
INI7QviMV449G9zOeoq3,73,14.5860696,120.9942562,1785071356649,50.09999847412109
INI7QviMV449G9zOeoq3,74,14.5859151,120.9941185,1785071358656,50.09999847412109
INI7QviMV449G9zOeoq3,75,14.585763,120.9939842,1785071360639,50.09999847412109
INI7QviMV449G9zOeoq3,76,14.5856283,120.9938609,1785071362655,50.09999847412109
INI7QviMV449G9zOeoq3,77,14.5855173,120.9937332,1785071364657,50.09999847412109
INI7QviMV449G9zOeoq3,78,14.5854316,120.9935854,1785071366656,50.09999847412109
INI7QviMV449G9zOeoq3,79,14.5853542,120.9934235,1785071368645,50.09999847412109
INI7QviMV449G9zOeoq3,80,14.5852866,120.9932449,1785071370635,50.09999847412109
INI7QviMV449G9zOeoq3,81,14.5852315,120.9930821,1785071372660,50.09999847412109
INI7QviMV449G9zOeoq3,82,14.5851872,120.9929507,1785071374636,50.09999847412109
INI7QviMV449G9zOeoq3,83,14.5851497,120.9928439,1785071376657,50.09999847412109
INI7QviMV449G9zOeoq3,84,14.5851024,120.9927113,1785071378651,50.09999847412109
INI7QviMV449G9zOeoq3,85,14.5850491,120.9925527,1785071380656,50.09999847412109
INI7QviMV449G9zOeoq3,86,14.5849966,120.9923763,1785071382649,50.09999847412109
INI7QviMV449G9zOeoq3,87,14.5849405,120.992191,1785071384657,50.09999847412109
INI7QviMV449G9zOeoq3,88,14.5848801,120.9919966,1785071386657,50.09999847412109
INI7QviMV449G9zOeoq3,89,14.584815,120.9917986,1785071388656,50.09999847412109
INI7QviMV449G9zOeoq3,90,14.5847549,120.9916146,1785071390640,50.09999847412109
INI7QviMV449G9zOeoq3,91,14.5846977,120.9914406,1785071392662,50.09999847412109
INI7QviMV449G9zOeoq3,92,14.5846366,120.9912566,1785071394654,50.09999847412109
INI7QviMV449G9zOeoq3,93,14.5845744,120.9910706,1785071396641,50.09999847412109
INI7QviMV449G9zOeoq3,94,14.5845124,120.9908872,1785071398635,50.09999847412109
INI7QviMV449G9zOeoq3,95,14.5844489,120.9907033,1785071400648,50.09999847412109
INI7QviMV449G9zOeoq3,96,14.5843956,120.9905419,1785071402654,50.09999847412109
INI7QviMV449G9zOeoq3,97,14.5843556,120.9904188,1785071404633,50.09999847412109
INI7QviMV449G9zOeoq3,98,14.5843107,120.9902806,1785071406647,50.09999847412109
INI7QviMV449G9zOeoq3,99,14.5842628,120.9901302,1785071408648,50.09999847412109
INI7QviMV449G9zOeoq3,100,14.5842114,120.9899751,1785071410647,50.09999847412109
INI7QviMV449G9zOeoq3,101,14.5841555,120.9898133,1785071412643,50.09999847412109
INI7QviMV449G9zOeoq3,102,14.5841052,120.989658,1785071414632,50.09999847412109
INI7QviMV449G9zOeoq3,103,14.5840604,120.9895146,1785071416635,50.09999847412109
INI7QviMV449G9zOeoq3,104,14.5840168,120.9893797,1785071418638,50.09999847412109
INI7QviMV449G9zOeoq3,105,14.5839758,120.9892529,1785071420642,50.09999847412109
INI7QviMV449G9zOeoq3,106,14.5839315,120.9891167,1785071422648,50.09999847412109
INI7QviMV449G9zOeoq3,107,14.583885,120.9889763,1785071424654,50.09999847412109
INI7QviMV449G9zOeoq3,108,14.5838335,120.9888155,1785071426653,50.09999847412109
INI7QviMV449G9zOeoq3,109,14.5837812,120.9886496,1785071428651,54.42089834358224
INI7QviMV449G9zOeoq3,110,14.5837291,120.9884883,1785071430642,54.48332422532159
INI7QviMV449G9zOeoq3,111,14.583677,120.9883285,1785071432640,54.48114024851775
INI7QviMV449G9zOeoq3,112,14.583626,120.9881725,1785071434643,54.37377618669312
INI7QviMV449G9zOeoq3,113,14.583578,120.9880303,1785071436656,54.283886804294426
INI7QviMV449G9zOeoq3,114,14.5835324,120.9878958,1785071438652,54.55471513695044
INI7QviMV449G9zOeoq3,115,14.5834891,120.9877683,1785071440654,54.494760109406975
INI7QviMV449G9zOeoq3,116,14.5834503,120.9876495,1785071442639,54.45355352940623
INI7QviMV449G9zOeoq3,117,14.5834131,120.9875396,1785071444637,54.618989591835366
INI7QviMV449G9zOeoq3,118,14.5833841,120.9874481,1785071446640,54.71355796755816
INI7QviMV449G9zOeoq3,119,14.5833687,120.9873997,1785071448631,54.92196534218223
INI7QviMV449G9zOeoq3,120,14.5833605,120.9873729,1785071450651,55.20033998451645
INI7QviMV449G9zOeoq3,121,14.5833544,120.9873484,1785071452654,55.03797135903078
INI7QviMV449G9zOeoq3,122,14.5833512,120.9873283,1785071454661,53.09999847412109
INI7QviMV449G9zOeoq3,123,14.5833472,120.9872977,1785071476650,52.39999771118164
INI7QviMV449G9zOeoq3,124,14.5833368,120.9872668,1785071478634,53.09999847412109
INI7QviMV449G9zOeoq3,125,14.5833192,120.9872181,1785071480648,53.09999847412109
INI7QviMV449G9zOeoq3,126,14.5832949,120.9871563,1785071482636,53.09999847412109
INI7QviMV449G9zOeoq3,127,14.5832656,120.9870997,1785071484647,53.09999847412109
INI7QviMV449G9zOeoq3,128,14.5832285,120.9870688,1785071486640,53.09999847412109
INI7QviMV449G9zOeoq3,129,14.5831726,120.9870675,1785071488647,53.09999847412109
INI7QviMV449G9zOeoq3,130,14.5830863,120.987103,1785071490657,53.09999847412109
INI7QviMV449G9zOeoq3,131,14.5829797,120.9871488,1785071492652,53.09999847412109
INI7QviMV449G9zOeoq3,132,14.5828446,120.9871981,1785071494656,53.09999847412109
INI7QviMV449G9zOeoq3,133,14.5826999,120.9872447,1785071496641,53.09999847412109
INI7QviMV449G9zOeoq3,134,14.5825542,120.9873059,1785071498655,53.09999847412109
INI7QviMV449G9zOeoq3,135,14.5824031,120.9873772,1785071500658,53.09999847412109
INI7QviMV449G9zOeoq3,136,14.5822682,120.9874396,1785071502639,53.09999847412109
INI7QviMV449G9zOeoq3,137,14.5821324,120.9875025,1785071504636,53.09999847412109
INI7QviMV449G9zOeoq3,138,14.5819925,120.9875703,1785071506640,53.09999847412109
INI7QviMV449G9zOeoq3,139,14.5818478,120.9876346,1785071508639,53.09999847412109
INI7QviMV449G9zOeoq3,140,14.5817099,120.9876979,1785071510636,53.09999847412109
INI7QviMV449G9zOeoq3,141,14.5815919,120.987754,1785071512657,53.09999847412109
INI7QviMV449G9zOeoq3,142,14.5814816,120.9878026,1785071514665,53.09999847412109
INI7QviMV449G9zOeoq3,143,14.5813833,120.9878414,1785071516641,53.09999847412109
INI7QviMV449G9zOeoq3,144,14.5812919,120.9878839,1785071518655,53.09999847412109
INI7QviMV449G9zOeoq3,145,14.5811883,120.9879302,1785071520655,53.09999847412109
INI7QviMV449G9zOeoq3,146,14.5810768,120.9879899,1785071522656,53.09999847412109
INI7QviMV449G9zOeoq3,147,14.580986,120.9880263,1785071524648,53.09999847412109
INI7QviMV449G9zOeoq3,148,14.5809131,120.9880533,1785071526656,53.09999847412109
INI7QviMV449G9zOeoq3,149,14.580873,120.9880495,1785071528659,53.09999847412109
INI7QviMV449G9zOeoq3,150,14.5808499,120.9880388,1785071530652,53.09999847412109
INI7QviMV449G9zOeoq3,151,14.5808223,120.9880193,1785071532659,53.09999847412109
INI7QviMV449G9zOeoq3,152,14.5807678,120.9879505,1785071534656,53.09999847412109
INI7QviMV449G9zOeoq3,153,14.5807087,120.9878242,1785071536659,53.09999847412109
INI7QviMV449G9zOeoq3,154,14.5806453,120.9876714,1785071538660,53.09999847412109
INI7QviMV449G9zOeoq3,155,14.5805689,120.9875058,1785071540662,53.09999847412109
INI7QviMV449G9zOeoq3,156,14.5804944,120.9873339,1785071542659,53.09999847412109
INI7QviMV449G9zOeoq3,157,14.5804196,120.987167,1785071544656,53.09999847412109
INI7QviMV449G9zOeoq3,158,14.5803472,120.9870122,1785071546659,53.09999847412109
INI7QviMV449G9zOeoq3,159,14.5802794,120.9868787,1785071548652,53.09999847412109
INI7QviMV449G9zOeoq3,160,14.5802121,120.9867547,1785071550631,53.09999847412109
INI7QviMV449G9zOeoq3,161,14.5801502,120.986638,1785071552659,53.09999847412109
INI7QviMV449G9zOeoq3,162,14.5800933,120.9865258,1785071554635,53.09999847412109
INI7QviMV449G9zOeoq3,163,14.5800525,120.9864372,1785071556644,53.09999847412109
INI7QviMV449G9zOeoq3,164,14.580026,120.9863866,1785071558637,53.09999847412109
INI7QviMV449G9zOeoq3,165,14.580013,120.9863648,1785071560657,53.09999847412109
INI7QviMV449G9zOeoq3,166,14.5799931,120.9863396,1785071563642,50.79999923706055
INI7QviMV449G9zOeoq3,167,14.5799756,120.9863157,1785071565657,50.79999923706055
INI7QviMV449G9zOeoq3,168,14.579946,120.9862646,1785071567642,50.79999923706055
INI7QviMV449G9zOeoq3,169,14.5799124,120.9862017,1785071569638,50.79999923706055
INI7QviMV449G9zOeoq3,170,14.5798834,120.9861456,1785071571640,50.79999923706055
INI7QviMV449G9zOeoq3,171,14.5798405,120.9861037,1785071573647,50.79999923706055
INI7QviMV449G9zOeoq3,172,14.5797404,120.9861072,1785071575656,50.79999923706055
INI7QviMV449G9zOeoq3,173,14.5796169,120.986178,1785071577654,50.79999923706055
INI7QviMV449G9zOeoq3,174,14.5794849,120.9862534,1785071579658,50.79999923706055
INI7QviMV449G9zOeoq3,175,14.5793447,120.9863351,1785071581661,50.79999923706055
INI7QviMV449G9zOeoq3,176,14.5791959,120.9864206,1785071583660,50.79999923706055
INI7QviMV449G9zOeoq3,177,14.5790436,120.986506,1785071585663,50.79999923706055
INI7QviMV449G9zOeoq3,178,14.5788994,120.9865857,1785071587654,50.79999923706055
INI7QviMV449G9zOeoq3,179,14.5787606,120.9866673,1785071589639,50.79999923706055
INI7QviMV449G9zOeoq3,180,14.5786304,120.9867414,1785071591639,50.79999923706055
INI7QviMV449G9zOeoq3,181,14.5785257,120.9868004,1785071593656,50.79999923706055
INI7QviMV449G9zOeoq3,182,14.5784344,120.9868523,1785071595648,50.79999923706055
INI7QviMV449G9zOeoq3,183,14.5783583,120.9868956,1785071597642,50.79999923706055
INI7QviMV449G9zOeoq3,184,14.5782846,120.9869349,1785071599649,50.79999923706055
INI7QviMV449G9zOeoq3,185,14.5782329,120.9869634,1785071601634,50.79999923706055
INI7QviMV449G9zOeoq3,186,14.5782096,120.9869785,1785071603656,50.79999923706055
INI7QviMV449G9zOeoq3,187,14.5781906,120.9869962,1785071620636,49.89999771118164
INI7QviMV449G9zOeoq3,188,14.5781649,120.9869916,1785071648646,49.89999771118164
INI7QviMV449G9zOeoq3,189,14.5781325,120.9870096,1785071651639,49.89999771118164
INI7QviMV449G9zOeoq3,190,14.578086,120.987035,1785071653649,50.09999847412109
INI7QviMV449G9zOeoq3,191,14.5780257,120.9870699,1785071655657,50.09999847412109
INI7QviMV449G9zOeoq3,192,14.5779782,120.9870968,1785071657637,50.09999847412109
INI7QviMV449G9zOeoq3,193,14.5779482,120.9871097,1785071659650,50.09999847412109
INI7QviMV449G9zOeoq3,194,14.5779098,120.9871293,1785071661639,50.09999847412109
INI7QviMV449G9zOeoq3,195,14.5778588,120.987157,1785071663654,50.09999847412109
INI7QviMV449G9zOeoq3,196,14.5778012,120.9871868,1785071665656,50.09999847412109
INI7QviMV449G9zOeoq3,197,14.5777457,120.9872177,1785071667665,50.09999847412109
INI7QviMV449G9zOeoq3,198,14.5776734,120.9872642,1785071669642,50.09999847412109
INI7QviMV449G9zOeoq3,199,14.5776013,120.9873066,1785071671649,50.09999847412109
INI7QviMV449G9zOeoq3,200,14.5775482,120.987336,1785071673663,50.09999847412109
INI7QviMV449G9zOeoq3,201,14.5774546,120.9873949,1785071675637,50.09999847412109
INI7QviMV449G9zOeoq3,202,14.5773071,120.9874777,1785071677653,50.09999847412109
INI7QviMV449G9zOeoq3,203,14.5771408,120.9875782,1785071679639,50.09999847412109
INI7QviMV449G9zOeoq3,204,14.5769777,120.9876732,1785071681655,50.09999847412109
INI7QviMV449G9zOeoq3,205,14.5768241,120.9877601,1785071683651,50.09999847412109
INI7QviMV449G9zOeoq3,206,14.5766829,120.9878383,1785071685644,50.09999847412109
INI7QviMV449G9zOeoq3,207,14.5765474,120.9879148,1785071687635,50.09999847412109
INI7QviMV449G9zOeoq3,208,14.5764221,120.9879875,1785071689641,50.09999847412109
INI7QviMV449G9zOeoq3,209,14.5763235,120.9880364,1785071691642,50.09999847412109
INI7QviMV449G9zOeoq3,210,14.576251,120.9880768,1785071693631,50.09999847412109
INI7QviMV449G9zOeoq3,211,14.5761899,120.9881121,1785071695646,50.09999847412109
INI7QviMV449G9zOeoq3,212,14.5761036,120.9881614,1785071697661,50.09999847412109
INI7QviMV449G9zOeoq3,213,14.575987,120.9882262,1785071699653,50.09999847412109
INI7QviMV449G9zOeoq3,214,14.5758504,120.9883007,1785071701659,50.09999847412109
INI7QviMV449G9zOeoq3,215,14.5756902,120.9883659,1785071703652,50.09999847412109
INI7QviMV449G9zOeoq3,216,14.5755261,120.9884546,1785071705653,50.09999847412109
INI7QviMV449G9zOeoq3,217,14.5753934,120.9885253,1785071707645,50.09999847412109
INI7QviMV449G9zOeoq3,218,14.5752782,120.988588,1785071709630,50.09999847412109
INI7QviMV449G9zOeoq3,219,14.5751408,120.9886593,1785071711651,50.09999847412109
INI7QviMV449G9zOeoq3,220,14.5750011,120.9887323,1785071713647,50.09999847412109
INI7QviMV449G9zOeoq3,221,14.5748568,120.9888105,1785071715652,50.09999847412109
INI7QviMV449G9zOeoq3,222,14.5747274,120.9888764,1785071717655,50.09999847412109
INI7QviMV449G9zOeoq3,223,14.5746079,120.9889386,1785071719635,50.09999847412109
INI7QviMV449G9zOeoq3,224,14.5744815,120.9890069,1785071721653,50.09999847412109
INI7QviMV449G9zOeoq3,225,14.5743582,120.9890756,1785071723636,50.09999847412109
INI7QviMV449G9zOeoq3,226,14.5742619,120.9891286,1785071725638,50.09999847412109
INI7QviMV449G9zOeoq3,227,14.5741625,120.989184,1785071727651,50.09999847412109
INI7QviMV449G9zOeoq3,228,14.5740607,120.989235,1785071729642,50.09999847412109
INI7QviMV449G9zOeoq3,229,14.5739709,120.989284,1785071731652,50.09999847412109
INI7QviMV449G9zOeoq3,230,14.5739024,120.9893261,1785071733649,50.09999847412109
INI7QviMV449G9zOeoq3,231,14.5738567,120.9893542,1785071735649,50.09999847412109
INI7QviMV449G9zOeoq3,232,14.5738345,120.9893695,1785071737642,50.09999847412109
INI7QviMV449G9zOeoq3,233,14.5738186,120.9893862,1785071785657,49.39999771118164
INI7QviMV449G9zOeoq3,234,14.5737552,120.9894217,1785071787644,49.5
INI7QviMV449G9zOeoq3,235,14.5736742,120.9894682,1785071789649,49.5
INI7QviMV449G9zOeoq3,236,14.5735696,120.9895302,1785071791647,49.5
INI7QviMV449G9zOeoq3,237,14.5734492,120.9895966,1785071793639,49.5
INI7QviMV449G9zOeoq3,238,14.5733213,120.9896707,1785071795638,49.5
INI7QviMV449G9zOeoq3,239,14.5731759,120.9897565,1785071797637,49.5
INI7QviMV449G9zOeoq3,240,14.573027,120.9898421,1785071799650,49.5
INI7QviMV449G9zOeoq3,241,14.5728697,120.9899348,1785071801659,49.5
INI7QviMV449G9zOeoq3,242,14.5727073,120.9900248,1785071803658,49.5
INI7QviMV449G9zOeoq3,243,14.5725491,120.9901161,1785071805656,49.5
INI7QviMV449G9zOeoq3,244,14.5723893,120.9902108,1785071807654,49.5
INI7QviMV449G9zOeoq3,245,14.5722305,120.9903055,1785071809657,49.5
INI7QviMV449G9zOeoq3,246,14.5720764,120.9903929,1785071811640,49.5
INI7QviMV449G9zOeoq3,247,14.5719246,120.9904778,1785071813652,49.5
INI7QviMV449G9zOeoq3,248,14.5717803,120.99056,1785071815652,49.5
INI7QviMV449G9zOeoq3,249,14.5716334,120.9906397,1785071817637,49.5
INI7QviMV449G9zOeoq3,250,14.571486,120.990724,1785071819641,49.5
INI7QviMV449G9zOeoq3,251,14.5713414,120.9908096,1785071821640,49.5
INI7QviMV449G9zOeoq3,252,14.5711968,120.9908947,1785071823639,49.5
INI7QviMV449G9zOeoq3,253,14.5710517,120.9909799,1785071825637,49.5
INI7QviMV449G9zOeoq3,254,14.5709067,120.9910598,1785071827655,49.5
INI7QviMV449G9zOeoq3,255,14.5707679,120.991141,1785071829654,49.5
INI7QviMV449G9zOeoq3,256,14.570645,120.991207,1785071831661,49.5
INI7QviMV449G9zOeoq3,257,14.5705405,120.9912639,1785071833641,49.5
INI7QviMV449G9zOeoq3,258,14.5703979,120.9913452,1785071835642,49.5
INI7QviMV449G9zOeoq3,259,14.5702437,120.9914297,1785071837635,49.5
INI7QviMV449G9zOeoq3,260,14.5700976,120.9915077,1785071839653,49.5
INI7QviMV449G9zOeoq3,261,14.5699536,120.9915804,1785071841639,49.5
INI7QviMV449G9zOeoq3,262,14.5697981,120.9916582,1785071843651,49.5
INI7QviMV449G9zOeoq3,263,14.5696314,120.9917378,1785071845657,49.5
INI7QviMV449G9zOeoq3,264,14.5694669,120.9918183,1785071847649,49.5
INI7QviMV449G9zOeoq3,265,14.5692959,120.9919089,1785071849654,49.5
INI7QviMV449G9zOeoq3,266,14.569117,120.9919964,1785071851650,49.5
INI7QviMV449G9zOeoq3,267,14.5689329,120.9920846,1785071853655,49.5
INI7QviMV449G9zOeoq3,268,14.568747,120.9921712,1785071855649,49.5
INI7QviMV449G9zOeoq3,269,14.568568,120.9922557,1785071857650,49.5
INI7QviMV449G9zOeoq3,270,14.5683949,120.9923377,1785071859640,49.5
INI7QviMV449G9zOeoq3,271,14.5682208,120.9924207,1785071861656,49.5
INI7QviMV449G9zOeoq3,272,14.5680523,120.9924992,1785071863645,49.5
INI7QviMV449G9zOeoq3,273,14.5678996,120.9925759,1785071865635,49.5
INI7QviMV449G9zOeoq3,274,14.5677672,120.9926411,1785071867645,49.5
INI7QviMV449G9zOeoq3,275,14.567657,120.9926917,1785071869635,49.5
INI7QviMV449G9zOeoq3,276,14.567568,120.9927228,1785071871632,49.5
INI7QviMV449G9zOeoq3,277,14.5674993,120.9927467,1785071873648,53.92101945493966
INI7QviMV449G9zOeoq3,278,14.5674372,120.9927695,1785071875653,53.98900768219134
INI7QviMV449G9zOeoq3,279,14.5673557,120.9928038,1785071877651,53.98322709159425
INI7QviMV449G9zOeoq3,280,14.5672404,120.9928576,1785071879658,54.21343687273274
INI7QviMV449G9zOeoq3,281,14.5671131,120.992918,1785071881653,54.01052820982285
INI7QviMV449G9zOeoq3,282,14.5669829,120.9929747,1785071883648,53.82503159139347
INI7QviMV449G9zOeoq3,283,14.5668603,120.9930292,1785071885658,54.02909955810527
INI7QviMV449G9zOeoq3,284,14.5667355,120.9930861,1785071887637,53.83012365812473
INI7QviMV449G9zOeoq3,285,14.5665971,120.9931487,1785071889656,54.41615669091928
INI7QviMV449G9zOeoq3,286,14.5664481,120.993216,1785071891655,53.60040961335626
INI7QviMV449G9zOeoq3,287,14.5663046,120.9932844,1785071893642,52.78150810367119
INI7QviMV449G9zOeoq3,288,14.5661581,120.993347,1785071895657,51.93084220856344
INI7QviMV449G9zOeoq3,289,14.5660132,120.9934127,1785071897636,51.71306840016612
INI7QviMV449G9zOeoq3,290,14.5658798,120.9934756,1785071899652,52.5662457213595
INI7QviMV449G9zOeoq3,291,14.5657908,120.9935184,1785071901650,52.2060310095116
INI7QviMV449G9zOeoq3,292,14.5657235,120.9935488,1785071903654,52.33760018059779
INI7QviMV449G9zOeoq3,293,14.5656788,120.993566,1785071905652,52.85716063064237
INI7QviMV449G9zOeoq3,294,14.5656479,120.9935778,1785071907652,54.90288451790626
INI7QviMV449G9zOeoq3,295,14.5656255,120.9935863,1785071909652,56.29691087270848
INI7QviMV449G9zOeoq3,296,14.565599,120.9935984,1785071911652,50.20000076293945
INI7QviMV449G9zOeoq3,297,14.5655775,120.9936038,1785071913653,50.20000076293945
LqFv2iLqyiab44y6V6Qd,0,14.5660789,120.9943339,1784954037215,50.0
LqFv2iLqyiab44y6V6Qd,1,14.5660467,120.9942975,1784954053223,50.0
LqFv2iLqyiab44y6V6Qd,2,14.5659859,120.994205,1784954055216,50.0
LqFv2iLqyiab44y6V6Qd,3,14.5659262,120.9941024,1784954057228,50.0
LqFv2iLqyiab44y6V6Qd,4,14.5659087,120.9940172,1784954059224,50.0
LqFv2iLqyiab44y6V6Qd,5,14.5659286,120.9939596,1784954061217,50.0
LqFv2iLqyiab44y6V6Qd,6,14.5660054,120.9938743,1784954063206,50.0
LqFv2iLqyiab44y6V6Qd,7,14.5661212,120.9937841,1784954065200,50.0
LqFv2iLqyiab44y6V6Qd,8,14.5662399,120.9936814,1784954067190,50.0
LqFv2iLqyiab44y6V6Qd,9,14.5663592,120.9935813,1784954069199,50.0
LqFv2iLqyiab44y6V6Qd,10,14.5664767,120.9934802,1784954071186,50.0
LqFv2iLqyiab44y6V6Qd,11,14.5666168,120.9933975,1784954073180,50.0
LqFv2iLqyiab44y6V6Qd,12,14.5667728,120.9933319,1784954075183,50.0
LqFv2iLqyiab44y6V6Qd,13,14.5669113,120.9932681,1784954077184,50.0
LqFv2iLqyiab44y6V6Qd,14,14.5670467,120.9931934,1784954079198,50.0
LqFv2iLqyiab44y6V6Qd,15,14.5671837,120.9931582,1784954081200,50.0
LqFv2iLqyiab44y6V6Qd,16,14.5673209,120.9931079,1784954083208,50.0
LqFv2iLqyiab44y6V6Qd,17,14.567462,120.9930462,1784954085206,50.0
LqFv2iLqyiab44y6V6Qd,18,14.5676082,120.9929624,1784954087203,50.0
LqFv2iLqyiab44y6V6Qd,19,14.5677652,120.9928884,1784954089206,50.0
LqFv2iLqyiab44y6V6Qd,20,14.5679166,120.9927959,1784954091209,50.0
LqFv2iLqyiab44y6V6Qd,21,14.5680781,120.9927081,1784954093215,50.0
LqFv2iLqyiab44y6V6Qd,22,14.5682164,120.9926258,1784954095213,50.0
LqFv2iLqyiab44y6V6Qd,23,14.5683395,120.9925592,1784954097221,50.0
LqFv2iLqyiab44y6V6Qd,24,14.5684598,120.9925003,1784954099204,50.0
LqFv2iLqyiab44y6V6Qd,25,14.5685855,120.9924478,1784954101202,50.0
LqFv2iLqyiab44y6V6Qd,26,14.5687207,120.9923951,1784954103206,50.0
LqFv2iLqyiab44y6V6Qd,27,14.568857,120.992335,1784954105207,50.0
LqFv2iLqyiab44y6V6Qd,28,14.5689932,120.9922744,1784954107207,50.0
LqFv2iLqyiab44y6V6Qd,29,14.5691207,120.9922274,1784954109205,50.0
LqFv2iLqyiab44y6V6Qd,30,14.569243,120.9921797,1784954111213,50.0
LqFv2iLqyiab44y6V6Qd,31,14.5693467,120.992124,1784954113210,50.0
LqFv2iLqyiab44y6V6Qd,32,14.5694594,120.9920812,1784954115211,50.0
LqFv2iLqyiab44y6V6Qd,33,14.5696068,120.9920585,1784954117209,50.0
LqFv2iLqyiab44y6V6Qd,34,14.5697111,120.9920337,1784954119224,50.0
LqFv2iLqyiab44y6V6Qd,35,14.5697775,120.9920031,1784954121213,50.0
LqFv2iLqyiab44y6V6Qd,36,14.5698185,120.9919879,1784954123214,50.0
LqFv2iLqyiab44y6V6Qd,37,14.5698637,120.9919878,1784954125215,50.0
LqFv2iLqyiab44y6V6Qd,38,14.5699106,120.9920066,1784954127215,50.0
LqFv2iLqyiab44y6V6Qd,39,14.569973,120.9919963,1784954129217,50.0
LqFv2iLqyiab44y6V6Qd,40,14.5700507,120.9919702,1784954131214,50.0
LqFv2iLqyiab44y6V6Qd,41,14.5701419,120.9919203,1784954133209,50.0
LqFv2iLqyiab44y6V6Qd,42,14.5702382,120.9918557,1784954135206,50.0
LqFv2iLqyiab44y6V6Qd,43,14.5703313,120.9917926,1784954137213,50.0
LqFv2iLqyiab44y6V6Qd,44,14.5704401,120.9917183,1784954139201,50.0
LqFv2iLqyiab44y6V6Qd,45,14.570563,120.9916806,1784954141202,50.0
LqFv2iLqyiab44y6V6Qd,46,14.5706722,120.9916683,1784954143196,50.0
LqFv2iLqyiab44y6V6Qd,47,14.5707919,120.9915928,1784954146184,50.0
LqFv2iLqyiab44y6V6Qd,48,14.5709116,120.9914847,1784954148205,50.0
LqFv2iLqyiab44y6V6Qd,49,14.5709866,120.9913719,1784954150209,50.0
LqFv2iLqyiab44y6V6Qd,50,14.5710451,120.9913153,1784954152204,50.0
LqFv2iLqyiab44y6V6Qd,51,14.5710818,120.9912739,1784954154204,50.0
LqFv2iLqyiab44y6V6Qd,52,14.5711175,120.9912396,1784954156204,50.0
LqFv2iLqyiab44y6V6Qd,53,14.5711574,120.9912116,1784954158204,50.0
LqFv2iLqyiab44y6V6Qd,54,14.5711947,120.9911866,1784954160205,50.0
LqFv2iLqyiab44y6V6Qd,55,14.5712232,120.9911687,1784954162200,50.0
LqFv2iLqyiab44y6V6Qd,56,14.5712384,120.9911577,1784954165204,50.0
LqFv2iLqyiab44y6V6Qd,57,14.5712544,120.991147,1784954170196,50.0
LqFv2iLqyiab44y6V6Qd,58,14.571261,120.9911236,1784954178207,50.0
LqFv2iLqyiab44y6V6Qd,59,14.5712775,120.9911108,1784954180209,50.0
LqFv2iLqyiab44y6V6Qd,60,14.5713137,120.9910853,1784954182205,56.684
LqFv2iLqyiab44y6V6Qd,61,14.5713574,120.9910656,1784954184203,53.741
LqFv2iLqyiab44y6V6Qd,62,14.5713898,120.9910527,1784954186199,53.686
LqFv2iLqyiab44y6V6Qd,63,14.571417,120.9910517,1784954188248,52.799
LqFv2iLqyiab44y6V6Qd,64,14.571419,120.9910842,1784954195191,47.78
LqFv2iLqyiab44y6V6Qd,65,14.5714053,120.9911321,1784954197194,46.42
LqFv2iLqyiab44y6V6Qd,66,14.5713984,120.9911681,1784954199218,45.335
LqFv2iLqyiab44y6V6Qd,67,14.571398,120.9911477,1784954207196,47.403
P13AY12PfE7ky2UBFaVM,0,14.5707231,120.9931785,1784956537871,50.0
P13AY12PfE7ky2UBFaVM,1,14.5707561,120.9932552,1784956547202,50.0
P13AY12PfE7ky2UBFaVM,2,14.5706196,120.9931619,1784956550708,50.0
P13AY12PfE7ky2UBFaVM,3,14.5706414,120.9931289,1784956552712,50.0
P13AY12PfE7ky2UBFaVM,4,14.5706237,120.993073,1784956554716,50.0
P13AY12PfE7ky2UBFaVM,5,14.5705923,120.9930041,1784956556727,50.0
P13AY12PfE7ky2UBFaVM,6,14.5705633,120.9929332,1784956558717,50.0
P13AY12PfE7ky2UBFaVM,7,14.5705333,120.9928564,1784956560732,50.0
P13AY12PfE7ky2UBFaVM,8,14.5704959,120.9927463,1784956562726,50.0
P13AY12PfE7ky2UBFaVM,9,14.5704585,120.9926324,1784956564718,50.0
P13AY12PfE7ky2UBFaVM,10,14.5704357,120.9925416,1784956566723,50.0
P13AY12PfE7ky2UBFaVM,11,14.5704782,120.9924611,1784956568724,50.0
P13AY12PfE7ky2UBFaVM,12,14.5705742,120.9924193,1784956570726,50.0
P13AY12PfE7ky2UBFaVM,13,14.570658,120.9923855,1784956572728,50.0
P13AY12PfE7ky2UBFaVM,14,14.5707236,120.9923603,1784956574630,50.0
P13AY12PfE7ky2UBFaVM,15,14.5707528,120.992335,1784956576450,50.0
P13AY12PfE7ky2UBFaVM,16,14.5707898,120.992299,1784956578276,50.0
P13AY12PfE7ky2UBFaVM,17,14.5708666,120.9922512,1784956580227,50.0
P13AY12PfE7ky2UBFaVM,18,14.5709604,120.9921979,1784956582223,50.0
P13AY12PfE7ky2UBFaVM,19,14.5710049,120.9921177,1784956584230,50.0
P13AY12PfE7ky2UBFaVM,20,14.5709473,120.9920221,1784956586230,50.0
P13AY12PfE7ky2UBFaVM,21,14.5708252,120.9919464,1784956588234,50.0
P13AY12PfE7ky2UBFaVM,22,14.5707216,120.9918963,1784956590233,50.0
P13AY12PfE7ky2UBFaVM,23,14.5706327,120.9918446,1784956592226,50.0
P13AY12PfE7ky2UBFaVM,24,14.570557,120.9917876,1784956594213,50.0
P13AY12PfE7ky2UBFaVM,25,14.5704889,120.9917318,1784956596212,50.0
P13AY12PfE7ky2UBFaVM,26,14.5704338,120.9916759,1784956598214,50.0
P13AY12PfE7ky2UBFaVM,27,14.5704143,120.9916555,1784956600213,50.0
P13AY12PfE7ky2UBFaVM,28,14.5703692,120.9916262,1784956686209,50.0
P13AY12PfE7ky2UBFaVM,29,14.5702834,120.9915976,1784956688204,50.0
P13AY12PfE7ky2UBFaVM,30,14.5701923,120.9915564,1784956690192,50.0
P13AY12PfE7ky2UBFaVM,31,14.5701343,120.9915277,1784956692159,50.0
P13AY12PfE7ky2UBFaVM,32,14.5701143,120.9915225,1784956694157,50.0
P13AY12PfE7ky2UBFaVM,33,14.5701023,120.9915428,1784956696150,50.0
P13AY12PfE7ky2UBFaVM,34,14.5700856,120.991593,1784956698146,50.0
P13AY12PfE7ky2UBFaVM,35,14.5700553,120.9916838,1784956700155,50.0
P13AY12PfE7ky2UBFaVM,36,14.5700063,120.9917842,1784956702167,50.0
P13AY12PfE7ky2UBFaVM,37,14.5698992,120.9918769,1784956704163,50.0
P13AY12PfE7ky2UBFaVM,38,14.5698115,120.9919667,1784956706162,50.0
P13AY12PfE7ky2UBFaVM,39,14.5697227,120.9920586,1784956708151,50.0
P13AY12PfE7ky2UBFaVM,40,14.5695708,120.9921581,1784956710168,50.0
P13AY12PfE7ky2UBFaVM,41,14.5693512,120.9922693,1784956712180,50.0
P13AY12PfE7ky2UBFaVM,42,14.5690783,120.9924392,1784956714182,50.0
P13AY12PfE7ky2UBFaVM,43,14.568849,120.9925664,1784956716174,50.0
P13AY12PfE7ky2UBFaVM,44,14.5686588,120.992656,1784956718181,50.0
P13AY12PfE7ky2UBFaVM,45,14.5684663,120.9927353,1784956720186,50.0
P13AY12PfE7ky2UBFaVM,46,14.5682393,120.9927608,1784956722195,50.0
P13AY12PfE7ky2UBFaVM,47,14.5680522,120.9927654,1784956724186,50.0
P13AY12PfE7ky2UBFaVM,48,14.5678877,120.9927887,1784956726189,86.101
P13AY12PfE7ky2UBFaVM,49,14.5677484,120.9928126,1784956728186,84.113
P13AY12PfE7ky2UBFaVM,50,14.567573,120.99283,1784956730193,71.069
P13AY12PfE7ky2UBFaVM,51,14.5673111,120.9928514,1784956732190,48.407
P13AY12PfE7ky2UBFaVM,52,14.5670647,120.9929081,1784956734192,42.69
P13AY12PfE7ky2UBFaVM,53,14.5669046,120.9929788,1784956736179,44.783
P13AY12PfE7ky2UBFaVM,54,14.5667995,120.9930467,1784956738182,47.324
P13AY12PfE7ky2UBFaVM,55,14.5667334,120.9931118,1784956740187,50.503
P13AY12PfE7ky2UBFaVM,56,14.5666776,120.9931459,1784956742185,50.085
P13AY12PfE7ky2UBFaVM,57,14.5666519,120.9931379,1784956744179,52.585
P13AY12PfE7ky2UBFaVM,58,14.5666072,120.993075,1784956746176,54.79
P13AY12PfE7ky2UBFaVM,59,14.5665517,120.9930002,1784956748172,54.414
P13AY12PfE7ky2UBFaVM,60,14.5664519,120.9929018,1784956750173,48.99
P13AY12PfE7ky2UBFaVM,61,14.5663387,120.9928091,1784956752175,50.847
P13AY12PfE7ky2UBFaVM,62,14.5662449,120.9927381,1784956754177,59.85
P13AY12PfE7ky2UBFaVM,63,14.5661859,120.9926849,1784956756178,67.024
P13AY12PfE7ky2UBFaVM,64,14.5661613,120.9926324,1784956758190,76.015
P13AY12PfE7ky2UBFaVM,65,14.5661665,120.9925826,1784956760183,81.393
P13AY12PfE7ky2UBFaVM,66,14.5662511,120.9925221,1784956762183,88.043
P13AY12PfE7ky2UBFaVM,67,14.5663742,120.9924742,1784956764203,89.559
P13AY12PfE7ky2UBFaVM,68,14.566474,120.9924344,1784956766174,86.226
P13AY12PfE7ky2UBFaVM,69,14.5665609,120.9923765,1784956768177,86.549
P13AY12PfE7ky2UBFaVM,70,14.5666639,120.9923445,1784956770171,83.469
P13AY12PfE7ky2UBFaVM,71,14.566795,120.9923304,1784956772177,81.941
P13AY12PfE7ky2UBFaVM,72,14.5669228,120.992318,1784956774177,79.592
P13AY12PfE7ky2UBFaVM,73,14.5670362,120.9922998,1784956776177,75.531
P13AY12PfE7ky2UBFaVM,74,14.5671213,120.9922827,1784956778190,72.923
P13AY12PfE7ky2UBFaVM,75,14.5671637,120.9922824,1784956780193,71.95
P13AY12PfE7ky2UBFaVM,76,14.5672189,120.9922592,1784956782195,71.951
P13AY12PfE7ky2UBFaVM,77,14.5672743,120.9922343,1784956784186,70.987
P13AY12PfE7ky2UBFaVM,78,14.5672928,120.9921887,1784956786171,70.276
P13AY12PfE7ky2UBFaVM,79,14.5672925,120.9920969,1784956788166,77.707
P13AY12PfE7ky2UBFaVM,80,14.5672911,120.9919272,1784956790174,88.026
P13AY12PfE7ky2UBFaVM,81,14.5672601,120.9917445,1784956792179,90.404
P13AY12PfE7ky2UBFaVM,82,14.5671609,120.9916708,1784956794194,78.369
P13AY12PfE7ky2UBFaVM,83,14.5671042,120.9915976,1784956796198,74.564
P13AY12PfE7ky2UBFaVM,84,14.5670708,120.9915516,1784956798205,70.82
P13AY12PfE7ky2UBFaVM,85,14.5670475,120.9915233,1784956800198,68.06
P13AY12PfE7ky2UBFaVM,86,14.5670327,120.9914879,1784956802195,66.485
P13AY12PfE7ky2UBFaVM,87,14.567032,120.991466,1784956804199,65.109
P13AY12PfE7ky2UBFaVM,88,14.5670531,120.9914565,1784956806201,66.686
P13AY12PfE7ky2UBFaVM,89,14.5670948,120.9914463,1784956808199,66.748
P13AY12PfE7ky2UBFaVM,90,14.567129,120.9914475,1784956810200,67.122
P13AY12PfE7ky2UBFaVM,91,14.5671555,120.9914536,1784956812203,67.005
P13AY12PfE7ky2UBFaVM,92,14.5671795,120.9914591,1784956814211,67.867
P13AY12PfE7ky2UBFaVM,93,14.5672047,120.9914513,1784956820217,68.096
P13AY12PfE7ky2UBFaVM,94,14.5672199,120.9914376,1784956822212,68.923
P13AY12PfE7ky2UBFaVM,95,14.5672326,120.9914236,1784956824210,70.948
P13AY12PfE7ky2UBFaVM,96,14.5672529,120.9914089,1784956826227,73.943
P13AY12PfE7ky2UBFaVM,97,14.5672787,120.991398,1784956828208,76.099
P13AY12PfE7ky2UBFaVM,98,14.5673032,120.9913805,1784956830209,76.26
P13AY12PfE7ky2UBFaVM,99,14.5673259,120.9913469,1784956832209,74.194
P13AY12PfE7ky2UBFaVM,100,14.5673453,120.9913066,1784956834205,73.303
P13AY12PfE7ky2UBFaVM,101,14.5673685,120.9912621,1784956836203,71.241
P13AY12PfE7ky2UBFaVM,102,14.567384,120.9912192,1784956838203,68.762
P13AY12PfE7ky2UBFaVM,103,14.5673901,120.9911936,1784956840217,67.097
P13AY12PfE7ky2UBFaVM,104,14.5673846,120.9911641,1784956846210,63.595
P13AY12PfE7ky2UBFaVM,105,14.567396,120.9911442,1784956848219,62.092
P13AY12PfE7ky2UBFaVM,106,14.5674218,120.9911233,1784956850212,59.563
P13AY12PfE7ky2UBFaVM,107,14.567454,120.9910956,1784956852204,59.141
P13AY12PfE7ky2UBFaVM,108,14.5675231,120.9910647,1784956854204,64.361
P13AY12PfE7ky2UBFaVM,109,14.5675806,120.9910429,1784956856211,70.236
P13AY12PfE7ky2UBFaVM,110,14.5676042,120.9910283,1784956858218,71.311
P13AY12PfE7ky2UBFaVM,111,14.5676232,120.9910232,1784956860219,71.608
P13AY12PfE7ky2UBFaVM,112,14.5676446,120.9910313,1784956862219,70.719
P13AY12PfE7ky2UBFaVM,113,14.5676815,120.9910241,1784956864210,69.221
PkUcjEkzhNhz024BOBeH,0,14.5658767,120.996045,1785073432313,50.20000076293945
PkUcjEkzhNhz024BOBeH,1,14.5658667,120.996025,1785073435313,50.20000076293945
PkUcjEkzhNhz024BOBeH,2,14.5658667,120.9959883,1785073437313,50.20000076293945
PkUcjEkzhNhz024BOBeH,3,14.5658483,120.9959617,1785073439313,50.29999923706055
PkUcjEkzhNhz024BOBeH,4,14.56583,120.9959283,1785073441313,50.29999923706055
PkUcjEkzhNhz024BOBeH,5,14.56581,120.9958933,1785073443313,50.29999923706055
PkUcjEkzhNhz024BOBeH,6,14.5657983,120.9958533,1785073445313,50.29999923706055
PkUcjEkzhNhz024BOBeH,7,14.5657783,120.9958217,1785073447313,50.29999923706055
PkUcjEkzhNhz024BOBeH,8,14.5657667,120.99578,1785073449313,50.29999923706055
PkUcjEkzhNhz024BOBeH,9,14.5657467,120.9957317,1785073451313,50.59999847412109
PkUcjEkzhNhz024BOBeH,10,14.5657117,120.9956833,1785073453312,50.59999847412109
PkUcjEkzhNhz024BOBeH,11,14.5656683,120.99562,1785073455312,50.59999847412109
PkUcjEkzhNhz024BOBeH,12,14.5656433,120.995565,1785073457313,50.59999847412109
PkUcjEkzhNhz024BOBeH,13,14.5656183,120.9955233,1785073459313,50.59999847412109
PkUcjEkzhNhz024BOBeH,14,14.565595,120.9954683,1785073461313,50.59999847412109
PkUcjEkzhNhz024BOBeH,15,14.5655733,120.9954017,1785073463313,50.59999847412109
PkUcjEkzhNhz024BOBeH,16,14.5655517,120.99534,1785073465313,50.59999847412109
PkUcjEkzhNhz024BOBeH,17,14.5655417,120.9952683,1785073467313,50.59999847412109
PkUcjEkzhNhz024BOBeH,18,14.565505,120.9952,1785073469313,50.59999847412109
PkUcjEkzhNhz024BOBeH,19,14.5654583,120.9951417,1785073471313,50.59999847412109
PkUcjEkzhNhz024BOBeH,20,14.5654283,120.9950683,1785073473313,50.29999923706055
PkUcjEkzhNhz024BOBeH,21,14.5654267,120.9949833,1785073475313,50.29999923706055
PkUcjEkzhNhz024BOBeH,22,14.5654533,120.99492,1785073477313,50.29999923706055
PkUcjEkzhNhz024BOBeH,23,14.565505,120.9948617,1785073479313,50.29999923706055
PkUcjEkzhNhz024BOBeH,24,14.5655767,120.9948167,1785073481313,50.29999923706055
PkUcjEkzhNhz024BOBeH,25,14.5656433,120.99476,1785073483313,50.29999923706055
PkUcjEkzhNhz024BOBeH,26,14.56571,120.9947083,1785073485313,50.29999923706055
PkUcjEkzhNhz024BOBeH,27,14.565765,120.9946617,1785073487313,50.29999923706055
PkUcjEkzhNhz024BOBeH,28,14.5658083,120.994635,1785073489313,50.29999923706055
PkUcjEkzhNhz024BOBeH,29,14.565865,120.99461,1785073491313,50.29999923706055
PkUcjEkzhNhz024BOBeH,30,14.565915,120.9945767,1785073493313,50.29999923706055
PkUcjEkzhNhz024BOBeH,31,14.565955,120.9945483,1785073495313,50.29999923706055
PkUcjEkzhNhz024BOBeH,32,14.5659683,120.9945233,1785073497313,50.29999923706055
PkUcjEkzhNhz024BOBeH,33,14.5659783,120.9944817,1785073499313,50.29999923706055
PkUcjEkzhNhz024BOBeH,34,14.5659567,120.99443,1785073501313,50.29999923706055
PkUcjEkzhNhz024BOBeH,35,14.5659333,120.9943717,1785073503313,50.29999923706055
PkUcjEkzhNhz024BOBeH,36,14.5659033,120.9942967,1785073505313,50.29999923706055
PkUcjEkzhNhz024BOBeH,37,14.565885,120.9942267,1785073507313,50.29999923706055
PkUcjEkzhNhz024BOBeH,38,14.5658633,120.9941567,1785073509312,50.29999923706055
PkUcjEkzhNhz024BOBeH,39,14.5658483,120.9941067,1785073511312,50.29999923706055
PkUcjEkzhNhz024BOBeH,40,14.5658283,120.9940583,1785073513312,50.20000076293945
PkUcjEkzhNhz024BOBeH,41,14.56581,120.99401,1785073515312,50.20000076293945
PkUcjEkzhNhz024BOBeH,42,14.565785,120.9939667,1785073517312,50.20000076293945
PkUcjEkzhNhz024BOBeH,43,14.565765,120.9939283,1785073519312,50.20000076293945
PkUcjEkzhNhz024BOBeH,44,14.56575,120.9938933,1785073521312,50.20000076293945
PkUcjEkzhNhz024BOBeH,45,14.5657367,120.9938517,1785073523312,50.20000076293945
PkUcjEkzhNhz024BOBeH,46,14.565735,120.9938067,1785073525312,50.20000076293945
PkUcjEkzhNhz024BOBeH,47,14.5657367,120.9937767,1785073527312,50.20000076293945
PkUcjEkzhNhz024BOBeH,48,14.5657383,120.993745,1785073529312,50.20000076293945
PkUcjEkzhNhz024BOBeH,49,14.5657517,120.99373,1785073531312,50.20000076293945
PkUcjEkzhNhz024BOBeH,50,14.5657733,120.99371,1785073533312,50.09999847412109
PkUcjEkzhNhz024BOBeH,51,14.56581,120.9936733,1785073535312,50.09999847412109
PkUcjEkzhNhz024BOBeH,52,14.5658283,120.99362,1785073537312,50.09999847412109
PkUcjEkzhNhz024BOBeH,53,14.5658467,120.993575,1785073539312,50.09999847412109
PkUcjEkzhNhz024BOBeH,54,14.565875,120.9935517,1785073541312,50.20000076293945
PkUcjEkzhNhz024BOBeH,55,14.5658967,120.9935333,1785073543312,50.20000076293945
PkUcjEkzhNhz024BOBeH,56,14.56591,120.99352,1785073545312,50.20000076293945
PoKpYDabmoiYgDuOdS63,0,14.5709833,120.9919933,1785072878314,50.5
PoKpYDabmoiYgDuOdS63,1,14.5709617,120.99199,1785072886314,50.20000076293945
PoKpYDabmoiYgDuOdS63,2,14.57092,120.991995,1785072888314,50.20000076293945
PoKpYDabmoiYgDuOdS63,3,14.570875,120.9919983,1785072890314,50.09999847412109
PoKpYDabmoiYgDuOdS63,4,14.57082,120.9919867,1785072892314,50.09999847412109
PoKpYDabmoiYgDuOdS63,5,14.570765,120.9919617,1785072894314,50.09999847412109
PoKpYDabmoiYgDuOdS63,6,14.5707083,120.9919217,1785072896314,50.09999847412109
PoKpYDabmoiYgDuOdS63,7,14.5706567,120.9918833,1785072898314,50.09999847412109
PoKpYDabmoiYgDuOdS63,8,14.5706083,120.9918483,1785072900314,50.09999847412109
PoKpYDabmoiYgDuOdS63,9,14.57056,120.9918117,1785072902314,49.59999847412109
PoKpYDabmoiYgDuOdS63,10,14.570515,120.9917733,1785072904314,49.59999847412109
PoKpYDabmoiYgDuOdS63,11,14.570485,120.9917417,1785072906314,49.59999847412109
PoKpYDabmoiYgDuOdS63,12,14.570455,120.9917133,1785072908314,49.59999847412109
PoKpYDabmoiYgDuOdS63,13,14.57044,120.9916967,1785072910313,49.59999847412109
PoKpYDabmoiYgDuOdS63,14,14.5704217,120.99169,1785072955314,49.5
PoKpYDabmoiYgDuOdS63,15,14.5703983,120.99168,1785072959314,49.5
PoKpYDabmoiYgDuOdS63,16,14.5703717,120.9916817,1785072962314,49.59999847412109
PoKpYDabmoiYgDuOdS63,17,14.5703517,120.9916933,1785072967314,49.59999847412109
PoKpYDabmoiYgDuOdS63,18,14.5703233,120.9916983,1785072969313,49.59999847412109
PoKpYDabmoiYgDuOdS63,19,14.5702883,120.9916967,1785072971314,49.59999847412109
PoKpYDabmoiYgDuOdS63,20,14.5702467,120.9916933,1785072973314,49.59999847412109
PoKpYDabmoiYgDuOdS63,21,14.5702117,120.991705,1785072975314,49.59999847412109
PoKpYDabmoiYgDuOdS63,22,14.5701717,120.9916533,1785072977314,48.79999923706055
PoKpYDabmoiYgDuOdS63,23,14.5701383,120.991665,1785072979314,48.79999923706055
PoKpYDabmoiYgDuOdS63,24,14.5700717,120.9916983,1785072981314,48.79999923706055
PoKpYDabmoiYgDuOdS63,25,14.5699683,120.9917533,1785072983314,48.79999923706055
PoKpYDabmoiYgDuOdS63,26,14.5698917,120.9917883,1785072985314,48.79999923706055
PoKpYDabmoiYgDuOdS63,27,14.56979,120.991825,1785072987314,48.79999923706055
PoKpYDabmoiYgDuOdS63,28,14.5696983,120.9918567,1785072989314,48.79999923706055
PoKpYDabmoiYgDuOdS63,29,14.569585,120.9918917,1785072991314,48.79999923706055
PoKpYDabmoiYgDuOdS63,30,14.569485,120.9919233,1785072993314,48.79999923706055
PoKpYDabmoiYgDuOdS63,31,14.5693983,120.9919583,1785072995314,48.79999923706055
PoKpYDabmoiYgDuOdS63,32,14.5693133,120.9919967,1785072997313,48.79999923706055
PoKpYDabmoiYgDuOdS63,33,14.56923,120.9920367,1785072999314,48.79999923706055
PoKpYDabmoiYgDuOdS63,34,14.5691433,120.99209,1785073001314,48.79999923706055
PoKpYDabmoiYgDuOdS63,35,14.5690567,120.9921483,1785073003314,48.79999923706055
PoKpYDabmoiYgDuOdS63,36,14.568975,120.992195,1785073005314,48.79999923706055
PoKpYDabmoiYgDuOdS63,37,14.568905,120.99224,1785073007314,48.79999923706055
PoKpYDabmoiYgDuOdS63,38,14.5688267,120.992275,1785073009314,48.79999923706055
PoKpYDabmoiYgDuOdS63,39,14.56875,120.9923133,1785073011314,48.79999923706055
PoKpYDabmoiYgDuOdS63,40,14.5686733,120.99235,1785073013314,48.79999923706055
PoKpYDabmoiYgDuOdS63,41,14.5686117,120.99238,1785073015314,48.79999923706055
PoKpYDabmoiYgDuOdS63,42,14.5685367,120.992405,1785073017314,48.79999923706055
PoKpYDabmoiYgDuOdS63,43,14.5684733,120.99243,1785073019314,48.79999923706055
PoKpYDabmoiYgDuOdS63,44,14.5684017,120.99245,1785073021314,48.79999923706055
PoKpYDabmoiYgDuOdS63,45,14.5683217,120.992455,1785073023314,48.79999923706055
PoKpYDabmoiYgDuOdS63,46,14.568245,120.99247,1785073025314,48.79999923706055
PoKpYDabmoiYgDuOdS63,47,14.5681767,120.9925017,1785073027314,48.79999923706055
PoKpYDabmoiYgDuOdS63,48,14.5681017,120.9925233,1785073029314,48.79999923706055
PoKpYDabmoiYgDuOdS63,49,14.5680233,120.992555,1785073031314,48.79999923706055
PoKpYDabmoiYgDuOdS63,50,14.5679567,120.9925867,1785073033314,48.79999923706055
PoKpYDabmoiYgDuOdS63,51,14.5678917,120.9926233,1785073035314,48.79999923706055
PoKpYDabmoiYgDuOdS63,52,14.5678183,120.9926567,1785073037314,48.79999923706055
PoKpYDabmoiYgDuOdS63,53,14.5677467,120.992685,1785073039314,48.79999923706055
PoKpYDabmoiYgDuOdS63,54,14.5676717,120.9927117,1785073041314,48.79999923706055
PoKpYDabmoiYgDuOdS63,55,14.5675933,120.9927367,1785073043314,48.79999923706055
PoKpYDabmoiYgDuOdS63,56,14.5675233,120.9927567,1785073045314,48.79999923706055
PoKpYDabmoiYgDuOdS63,57,14.567455,120.9927733,1785073047314,48.79999923706055
PoKpYDabmoiYgDuOdS63,58,14.56739,120.9927683,1785073049314,48.79999923706055
PoKpYDabmoiYgDuOdS63,59,14.5673333,120.9927817,1785073051314,48.79999923706055
PoKpYDabmoiYgDuOdS63,60,14.567275,120.9928067,1785073053314,48.79999923706055
PoKpYDabmoiYgDuOdS63,61,14.56721,120.9928217,1785073055314,48.79999923706055
PoKpYDabmoiYgDuOdS63,62,14.56715,120.99284,1785073057313,48.79999923706055
PoKpYDabmoiYgDuOdS63,63,14.5670883,120.99288,1785073059314,48.79999923706055
PoKpYDabmoiYgDuOdS63,64,14.5670183,120.9929033,1785073061314,48.79999923706055
PoKpYDabmoiYgDuOdS63,65,14.56695,120.99293,1785073063314,60.8
PoKpYDabmoiYgDuOdS63,66,14.5668883,120.9929667,1785073065314,60.7
PoKpYDabmoiYgDuOdS63,67,14.5668267,120.9930033,1785073067314,61.0
PoKpYDabmoiYgDuOdS63,68,14.56677,120.9930383,1785073069314,61.1
PoKpYDabmoiYgDuOdS63,69,14.5667183,120.9930633,1785073071314,61.1
PoKpYDabmoiYgDuOdS63,70,14.566675,120.993075,1785073073314,59.7
PoKpYDabmoiYgDuOdS63,71,14.5666517,120.993055,1785073077314,57.2
PoKpYDabmoiYgDuOdS63,72,14.5666167,120.9929967,1785073079314,54.2
PoKpYDabmoiYgDuOdS63,73,14.5666,120.9929333,1785073081314,52.4
PoKpYDabmoiYgDuOdS63,74,14.5665667,120.9928717,1785073083314,51.7
PoKpYDabmoiYgDuOdS63,75,14.5665417,120.9927983,1785073085314,51.5
PoKpYDabmoiYgDuOdS63,76,14.5665267,120.9927383,1785073087314,52.1
PoKpYDabmoiYgDuOdS63,77,14.5665267,120.992715,1785073089314,52.5
PoKpYDabmoiYgDuOdS63,78,14.5665,120.9927033,1785073091314,52.0
PoKpYDabmoiYgDuOdS63,79,14.56648,120.992665,1785073093314,52.1
PoKpYDabmoiYgDuOdS63,80,14.5664983,120.9926267,1785073095314,51.6
PoKpYDabmoiYgDuOdS63,81,14.5665,120.992605,1785073097314,50.5
PoKpYDabmoiYgDuOdS63,82,14.5665267,120.99259,1785073099314,50.6
PoKpYDabmoiYgDuOdS63,83,14.56656,120.9925667,1785073101314,50.59999847412109
PoKpYDabmoiYgDuOdS63,84,14.5665833,120.992555,1785073103314,50.59999847412109
PoKpYDabmoiYgDuOdS63,85,14.5666067,120.992545,1785073105314,50.59999847412109
PoKpYDabmoiYgDuOdS63,86,14.56662,120.992525,1785073108314,50.59999847412109
PoKpYDabmoiYgDuOdS63,87,14.5666517,120.992515,1785073110314,50.39999771118164
PoKpYDabmoiYgDuOdS63,88,14.566675,120.9924933,1785073112313,50.39999771118164
PoKpYDabmoiYgDuOdS63,89,14.56671,120.9924817,1785073114313,50.39999771118164
PoKpYDabmoiYgDuOdS63,90,14.5667417,120.9924633,1785073116313,50.39999771118164
PoKpYDabmoiYgDuOdS63,91,14.5667683,120.992425,1785073118313,50.39999771118164
PoKpYDabmoiYgDuOdS63,92,14.5668,120.9923983,1785073120313,50.39999771118164
PoKpYDabmoiYgDuOdS63,93,14.56683,120.9923867,1785073122313,50.39999771118164
PoKpYDabmoiYgDuOdS63,94,14.56684,120.9923633,1785073124313,50.39999771118164
Q8qOuhio9ifm5Rx1mEqG,0,14.5635597,121.001181,1784908041122,52.0
Q8qOuhio9ifm5Rx1mEqG,1,14.5635521,121.0011675,1784908063154,52.0
Q8qOuhio9ifm5Rx1mEqG,2,14.5636097,121.0011313,1784908074154,52.0
Q8qOuhio9ifm5Rx1mEqG,3,14.5636615,121.001098,1784908076153,52.0
Q8qOuhio9ifm5Rx1mEqG,4,14.5637118,121.0010659,1784908078154,52.0
Q8qOuhio9ifm5Rx1mEqG,5,14.5637478,121.0010427,1784908080154,52.0
Q8qOuhio9ifm5Rx1mEqG,6,14.563774,121.0010231,1784908082155,52.0
Q8qOuhio9ifm5Rx1mEqG,7,14.5638052,121.0010001,1784908084153,52.0
Q8qOuhio9ifm5Rx1mEqG,8,14.5638597,121.0009844,1784908086153,52.0
Q8qOuhio9ifm5Rx1mEqG,9,14.5639002,121.0009531,1784908088154,52.0
Q8qOuhio9ifm5Rx1mEqG,10,14.5639966,121.0008945,1784908090154,52.0
Q8qOuhio9ifm5Rx1mEqG,11,14.5641111,121.0008773,1784908092154,52.0
Q8qOuhio9ifm5Rx1mEqG,12,14.564229,121.0008305,1784908094154,52.0
Q8qOuhio9ifm5Rx1mEqG,13,14.564337,121.0007807,1784908096153,52.0
Q8qOuhio9ifm5Rx1mEqG,14,14.5644569,121.0007296,1784908098154,52.0
Q8qOuhio9ifm5Rx1mEqG,15,14.5645712,121.0006726,1784908100154,52.0
Q8qOuhio9ifm5Rx1mEqG,16,14.5646839,121.0006023,1784908102154,52.0
Q8qOuhio9ifm5Rx1mEqG,17,14.5648055,121.0005361,1784908104153,52.0
Q8qOuhio9ifm5Rx1mEqG,18,14.5649138,121.000477,1784908106153,52.0
Q8qOuhio9ifm5Rx1mEqG,19,14.5650175,121.0004365,1784908108153,52.0
Q8qOuhio9ifm5Rx1mEqG,20,14.5650775,121.0004086,1784908110154,52.0
Q8qOuhio9ifm5Rx1mEqG,21,14.5651403,121.0003768,1784908112154,52.0
Q8qOuhio9ifm5Rx1mEqG,22,14.5652349,121.0003253,1784908114154,52.0
Q8qOuhio9ifm5Rx1mEqG,23,14.5653377,121.0002618,1784908116153,52.0
Q8qOuhio9ifm5Rx1mEqG,24,14.5654355,121.0002011,1784908118154,52.0
Q8qOuhio9ifm5Rx1mEqG,25,14.5655262,121.0001537,1784908120154,52.0
Q8qOuhio9ifm5Rx1mEqG,26,14.5656336,121.0000952,1784908122154,52.0
Q8qOuhio9ifm5Rx1mEqG,27,14.5657441,121.0000532,1784908124154,52.0
Q8qOuhio9ifm5Rx1mEqG,28,14.5658337,121.000005,1784908126153,52.0
Q8qOuhio9ifm5Rx1mEqG,29,14.5659042,120.9999723,1784908128154,52.0
Q8qOuhio9ifm5Rx1mEqG,30,14.5659992,120.9999232,1784908130153,52.0
Q8qOuhio9ifm5Rx1mEqG,31,14.5660969,120.9998856,1784908132154,52.0
Q8qOuhio9ifm5Rx1mEqG,32,14.5662016,120.9998312,1784908134153,52.0
Q8qOuhio9ifm5Rx1mEqG,33,14.5662975,120.9997841,1784908136154,50.79999923706055
Q8qOuhio9ifm5Rx1mEqG,34,14.5663839,120.9997404,1784908138154,50.79999923706055
Q8qOuhio9ifm5Rx1mEqG,35,14.5664667,120.9996971,1784908140153,50.79999923706055
Q8qOuhio9ifm5Rx1mEqG,36,14.5665434,120.9996506,1784908142154,50.79999923706055
Q8qOuhio9ifm5Rx1mEqG,37,14.5666134,120.9996221,1784908144154,50.79999923706055
Q8qOuhio9ifm5Rx1mEqG,38,14.5666439,120.9995497,1784908146155,50.79999923706055
Q8qOuhio9ifm5Rx1mEqG,39,14.5666294,120.9994519,1784908148153,50.79999923706055
Q8qOuhio9ifm5Rx1mEqG,40,14.5665899,120.999351,1784908150154,50.79999923706055
Q8qOuhio9ifm5Rx1mEqG,41,14.5665459,120.9992526,1784908152154,50.79999923706055
Q8qOuhio9ifm5Rx1mEqG,42,14.5665063,120.9991573,1784908154153,50.79999923706055
Q8qOuhio9ifm5Rx1mEqG,43,14.5664641,120.9990553,1784908156154,50.79999923706055
Q8qOuhio9ifm5Rx1mEqG,44,14.5664138,120.9989464,1784908158154,50.79999923706055
Q8qOuhio9ifm5Rx1mEqG,45,14.5663685,120.9988387,1784908160154,50.79999923706055
Q8qOuhio9ifm5Rx1mEqG,46,14.5663264,120.9987297,1784908162154,50.79999923706055
Q8qOuhio9ifm5Rx1mEqG,47,14.5662733,120.9986292,1784908164154,50.79999923706055
Q8qOuhio9ifm5Rx1mEqG,48,14.5662181,120.9985253,1784908166154,50.79999923706055
Q8qOuhio9ifm5Rx1mEqG,49,14.5661637,120.9984237,1784908168155,50.79999923706055
Q8qOuhio9ifm5Rx1mEqG,50,14.5661142,120.9983137,1784908170153,50.79999923706055
Q8qOuhio9ifm5Rx1mEqG,51,14.5660645,120.9982015,1784908172155,50.79999923706055
Q8qOuhio9ifm5Rx1mEqG,52,14.5660206,120.9981075,1784908174154,50.79999923706055
Q8qOuhio9ifm5Rx1mEqG,53,14.565986,120.9980329,1784908176154,50.79999923706055
Q8qOuhio9ifm5Rx1mEqG,54,14.5659521,120.9979585,1784908178153,50.79999923706055
Q8qOuhio9ifm5Rx1mEqG,55,14.5659132,120.9978668,1784908180154,50.79999923706055
Q8qOuhio9ifm5Rx1mEqG,56,14.565881,120.9977689,1784908182154,50.79999923706055
Q8qOuhio9ifm5Rx1mEqG,57,14.5658361,120.9976594,1784908184155,50.79999923706055
Q8qOuhio9ifm5Rx1mEqG,58,14.5657929,120.9975496,1784908186155,50.79999923706055
Q8qOuhio9ifm5Rx1mEqG,59,14.5657438,120.997435,1784908188155,50.79999923706055
Q8qOuhio9ifm5Rx1mEqG,60,14.565698,120.997325,1784908190153,50.79999923706055
Q8qOuhio9ifm5Rx1mEqG,61,14.5656523,120.9972206,1784908192154,50.79999923706055
Q8qOuhio9ifm5Rx1mEqG,62,14.565616,120.9971365,1784908194155,50.79999923706055
Q8qOuhio9ifm5Rx1mEqG,63,14.5655963,120.9970879,1784908196153,50.79999923706055
Q8qOuhio9ifm5Rx1mEqG,64,14.565586,120.997057,1784908198153,50.79999923706055
Q8qOuhio9ifm5Rx1mEqG,65,14.5655803,120.997032,1784908200153,50.79999923706055
Q8qOuhio9ifm5Rx1mEqG,66,14.5655727,120.9970118,1784908202155,50.79999923706055
Q8qOuhio9ifm5Rx1mEqG,67,14.5655571,120.9969598,1784908204155,50.79999923706055
Q8qOuhio9ifm5Rx1mEqG,68,14.5655142,120.996876,1784908206153,50.79999923706055
Q8qOuhio9ifm5Rx1mEqG,69,14.5654597,120.9967852,1784908208153,50.79999923706055
Q8qOuhio9ifm5Rx1mEqG,70,14.5654249,120.9966776,1784908210153,50.79999923706055
Q8qOuhio9ifm5Rx1mEqG,71,14.5653909,120.996573,1784908212154,50.79999923706055
Q8qOuhio9ifm5Rx1mEqG,72,14.5653389,120.996466,1784908214153,50.79999923706055
Q8qOuhio9ifm5Rx1mEqG,73,14.5652838,120.996367,1784908216154,50.79999923706055
Q8qOuhio9ifm5Rx1mEqG,74,14.5652416,120.9962559,1784908218153,50.79999923706055
Q8qOuhio9ifm5Rx1mEqG,75,14.565201,120.9961443,1784908220153,50.79999923706055
Q8qOuhio9ifm5Rx1mEqG,76,14.5651538,120.9960282,1784908222153,50.79999923706055
Q8qOuhio9ifm5Rx1mEqG,77,14.5651034,120.9959256,1784908224155,50.79999923706055
Q8qOuhio9ifm5Rx1mEqG,78,14.5650551,120.9958174,1784908226154,50.79999923706055
Q8qOuhio9ifm5Rx1mEqG,79,14.564998,120.9957009,1784908228154,50.79999923706055
Q8qOuhio9ifm5Rx1mEqG,80,14.5649477,120.9955963,1784908230153,50.79999923706055
Q8qOuhio9ifm5Rx1mEqG,81,14.5648911,120.9954915,1784908232154,50.79999923706055
Q8qOuhio9ifm5Rx1mEqG,82,14.5648537,120.9953913,1784908234152,50.79999923706055
Q8qOuhio9ifm5Rx1mEqG,83,14.5648291,120.9953084,1784908236152,50.79999923706055
Q8qOuhio9ifm5Rx1mEqG,84,14.564799,120.9952422,1784908238153,50.79999923706055
Q8qOuhio9ifm5Rx1mEqG,85,14.5647659,120.9951617,1784908240153,50.79999923706055
Q8qOuhio9ifm5Rx1mEqG,86,14.5647212,120.9950664,1784908242152,50.79999923706055
Q8qOuhio9ifm5Rx1mEqG,87,14.5646774,120.9949713,1784908244154,50.79999923706055
Q8qOuhio9ifm5Rx1mEqG,88,14.5646371,120.9948841,1784908246154,50.79999923706055
Q8qOuhio9ifm5Rx1mEqG,89,14.5646065,120.9947885,1784908248153,50.79999923706055
Q8qOuhio9ifm5Rx1mEqG,90,14.5645765,120.9947174,1784908250153,50.79999923706055
Q8qOuhio9ifm5Rx1mEqG,91,14.5645541,120.9946567,1784908252153,50.79999923706055
Q8qOuhio9ifm5Rx1mEqG,92,14.5645409,120.9946124,1784908254152,50.79999923706055
Q8qOuhio9ifm5Rx1mEqG,93,14.5645313,120.9945835,1784908256153,50.79999923706055
Q8qOuhio9ifm5Rx1mEqG,94,14.5645194,120.9945641,1784908258153,50.79999923706055
Q8qOuhio9ifm5Rx1mEqG,95,14.5645026,120.9945455,1784908262153,51.29999923706055
Q8qOuhio9ifm5Rx1mEqG,96,14.5644908,120.9945255,1784908264152,51.29999923706055
Q8qOuhio9ifm5Rx1mEqG,97,14.5644846,120.9945074,1784908266152,51.29999923706055
Q8qOuhio9ifm5Rx1mEqG,98,14.5644756,120.9944887,1784908270153,52.20000076293945
Q8qOuhio9ifm5Rx1mEqG,99,14.5644445,120.9944519,1784908290152,52.20000076293945
Q8qOuhio9ifm5Rx1mEqG,100,14.5644017,120.9944015,1784908292152,52.20000076293945
Q8qOuhio9ifm5Rx1mEqG,101,14.5643466,120.9943543,1784908294153,52.20000076293945
Q8qOuhio9ifm5Rx1mEqG,102,14.5642562,120.9943408,1784908296153,52.20000076293945
Q8qOuhio9ifm5Rx1mEqG,103,14.5641479,120.9943458,1784908298152,52.20000076293945
Q8qOuhio9ifm5Rx1mEqG,104,14.5640562,120.994379,1784908300152,52.20000076293945
Q8qOuhio9ifm5Rx1mEqG,105,14.5639687,120.9944198,1784908302153,52.20000076293945
Q8qOuhio9ifm5Rx1mEqG,106,14.5638762,120.9944606,1784908304152,52.20000076293945
Q8qOuhio9ifm5Rx1mEqG,107,14.5638012,120.9944921,1784908306153,52.20000076293945
Q8qOuhio9ifm5Rx1mEqG,108,14.5637424,120.9945227,1784908308154,52.20000076293945
Q8qOuhio9ifm5Rx1mEqG,109,14.5636862,120.9945551,1784908310153,51.20000076293945
Q8qOuhio9ifm5Rx1mEqG,110,14.5636243,120.9945772,1784908312152,51.20000076293945
Q8qOuhio9ifm5Rx1mEqG,111,14.5635727,120.9945891,1784908314153,51.20000076293945
Q8qOuhio9ifm5Rx1mEqG,112,14.563517,120.9946108,1784908316153,51.20000076293945
Q8qOuhio9ifm5Rx1mEqG,113,14.5634619,120.9946416,1784908318152,51.20000076293945
Q8qOuhio9ifm5Rx1mEqG,114,14.5634063,120.9946641,1784908320153,51.20000076293945
Q8qOuhio9ifm5Rx1mEqG,115,14.5633501,120.9946862,1784908322152,51.20000076293945
Q8qOuhio9ifm5Rx1mEqG,116,14.5633106,120.9947068,1784908324153,51.20000076293945
RJ2D1B4VIWZazrlbEDd8,0,14.562563,120.9949423,1785486423689,50.79999923706055
RJ2D1B4VIWZazrlbEDd8,1,14.5627631,120.9955025,1785486547667,51.09999847412109
RJ2D1B4VIWZazrlbEDd8,2,14.5627353,120.9954934,1785486550319,51.09999847412109
RJ2D1B4VIWZazrlbEDd8,3,14.5627195,120.9955235,1785486553320,51.09999847412109
RJ2D1B4VIWZazrlbEDd8,4,14.5627512,120.9955484,1785486555325,51.09999847412109
RJ2D1B4VIWZazrlbEDd8,5,14.5627776,120.9955371,1785486557328,51.09999847412109
RJ2D1B4VIWZazrlbEDd8,6,14.562792,120.9955522,1785486559323,51.09999847412109
RJ2D1B4VIWZazrlbEDd8,7,14.5628059,120.9955955,1785486561321,51.09999847412109
RJ2D1B4VIWZazrlbEDd8,8,14.5628207,120.9956318,1785486563336,51.09999847412109
RJ2D1B4VIWZazrlbEDd8,9,14.562825,120.9956531,1785486565332,51.09999847412109
RJ2D1B4VIWZazrlbEDd8,10,14.5628511,120.9956819,1785486567334,51.09999847412109
RJ2D1B4VIWZazrlbEDd8,11,14.5628867,120.9958399,1785486569332,51.09999847412109
RJ2D1B4VIWZazrlbEDd8,12,14.562895,120.9958668,1785486571332,51.20000076293945
RJ2D1B4VIWZazrlbEDd8,13,14.5629154,120.9958954,1785486573334,51.20000076293945
RJ2D1B4VIWZazrlbEDd8,14,14.5629477,120.9959201,1785486575332,51.20000076293945
RJ2D1B4VIWZazrlbEDd8,15,14.5629604,120.9959347,1785486577332,51.20000076293945
RJ2D1B4VIWZazrlbEDd8,16,14.5629724,120.9959503,1785486579333,51.20000076293945
RJ2D1B4VIWZazrlbEDd8,17,14.5629858,120.9959692,1785486581333,51.20000076293945
RJ2D1B4VIWZazrlbEDd8,18,14.5629972,120.9959918,1785486585332,51.09999847412109
RJ2D1B4VIWZazrlbEDd8,19,14.5629979,120.9960121,1785486587332,51.09999847412109
RJ2D1B4VIWZazrlbEDd8,20,14.5630028,120.9960386,1785486589332,51.09999847412109
RJ2D1B4VIWZazrlbEDd8,21,14.5630016,120.9960683,1785486591333,51.09999847412109
RJ2D1B4VIWZazrlbEDd8,22,14.5630007,120.9961145,1785486593333,51.09999847412109
RJ2D1B4VIWZazrlbEDd8,23,14.5630163,120.9961775,1785486595333,51.09999847412109
RJ2D1B4VIWZazrlbEDd8,24,14.5630508,120.9962418,1785486597332,51.09999847412109
RJ2D1B4VIWZazrlbEDd8,25,14.5630634,120.996301,1785486599334,50.39999771118164
RJ2D1B4VIWZazrlbEDd8,26,14.5630919,120.9963313,1785486601334,50.39999771118164
RJ2D1B4VIWZazrlbEDd8,27,14.5631169,120.9963646,1785486603333,50.39999771118164
RJ2D1B4VIWZazrlbEDd8,28,14.5631356,120.9964105,1785486605332,50.39999771118164
RJ2D1B4VIWZazrlbEDd8,29,14.5631537,120.9964537,1785486607333,50.39999771118164
RJ2D1B4VIWZazrlbEDd8,30,14.563167,120.9964854,1785486609332,50.39999771118164
RJ2D1B4VIWZazrlbEDd8,31,14.5631863,120.9965214,1785486611332,50.5
RJ2D1B4VIWZazrlbEDd8,32,14.5632033,120.9965602,1785486613333,50.5
RJ2D1B4VIWZazrlbEDd8,33,14.5631849,120.9965821,1785486619332,50.5
RJ2D1B4VIWZazrlbEDd8,34,14.5631634,120.9965945,1785486627332,50.20000076293945
RJ2D1B4VIWZazrlbEDd8,35,14.5631669,120.996622,1785486629333,50.20000076293945
RJ2D1B4VIWZazrlbEDd8,36,14.5631669,120.9966463,1785486631332,50.20000076293945
RJ2D1B4VIWZazrlbEDd8,37,14.5631716,120.9966684,1785486633333,50.20000076293945
RJ2D1B4VIWZazrlbEDd8,38,14.563192,120.9966979,1785486635332,50.20000076293945
RJ2D1B4VIWZazrlbEDd8,39,14.5632145,120.9967453,1785486637333,50.20000076293945
RJ2D1B4VIWZazrlbEDd8,40,14.5632361,120.9968086,1785486639332,50.20000076293945
RJ2D1B4VIWZazrlbEDd8,41,14.5632522,120.9968717,1785486641332,50.20000076293945
RJ2D1B4VIWZazrlbEDd8,42,14.5632735,120.9969225,1785486643332,50.20000076293945
RJ2D1B4VIWZazrlbEDd8,43,14.5632847,120.9969695,1785486645333,50.20000076293945
RJ2D1B4VIWZazrlbEDd8,44,14.5632983,120.9970209,1785486647332,50.20000076293945
RJ2D1B4VIWZazrlbEDd8,45,14.5633379,120.9970774,1785486649333,50.20000076293945
RJ2D1B4VIWZazrlbEDd8,46,14.5633839,120.9971208,1785486651333,50.20000076293945
RJ2D1B4VIWZazrlbEDd8,47,14.5634172,120.9971684,1785486653334,50.20000076293945
RJ2D1B4VIWZazrlbEDd8,48,14.5634437,120.9972183,1785486655332,50.20000076293945
RJ2D1B4VIWZazrlbEDd8,49,14.5634751,120.9972714,1785486657334,50.20000076293945
RJ2D1B4VIWZazrlbEDd8,50,14.5635046,120.9973173,1785486659333,50.20000076293945
RJ2D1B4VIWZazrlbEDd8,51,14.5635447,120.9973483,1785486661332,50.20000076293945
RJ2D1B4VIWZazrlbEDd8,52,14.5635691,120.9973854,1785486663332,50.20000076293945
RJ2D1B4VIWZazrlbEDd8,53,14.563592,120.9974424,1785486665334,50.20000076293945
RJ2D1B4VIWZazrlbEDd8,54,14.5636049,120.9975048,1785486667333,50.20000076293945
RJ2D1B4VIWZazrlbEDd8,55,14.5636021,120.9975469,1785486669332,50.20000076293945
RJ2D1B4VIWZazrlbEDd8,56,14.5636054,120.997574,1785486671333,50.20000076293945
RJ2D1B4VIWZazrlbEDd8,57,14.5636179,120.9975955,1785486673332,50.20000076293945
RJ2D1B4VIWZazrlbEDd8,58,14.5636287,120.9976106,1785486675333,50.20000076293945
RJ2D1B4VIWZazrlbEDd8,59,14.5636483,120.9976448,1785486677332,50.20000076293945
RJ2D1B4VIWZazrlbEDd8,60,14.563687,120.9977076,1785486679332,50.20000076293945
RJ2D1B4VIWZazrlbEDd8,61,14.5637281,120.9977763,1785486681332,50.20000076293945
RJ2D1B4VIWZazrlbEDd8,62,14.5637481,120.9978503,1785486683334,50.20000076293945
RJ2D1B4VIWZazrlbEDd8,63,14.563742,120.9979057,1785486685333,50.20000076293945
RJ2D1B4VIWZazrlbEDd8,64,14.5637456,120.9979596,1785486687332,50.20000076293945
RJ2D1B4VIWZazrlbEDd8,65,14.5637816,120.9980295,1785486689333,50.20000076293945
RJ2D1B4VIWZazrlbEDd8,66,14.5638217,120.9980838,1785486691333,50.20000076293945
RJ2D1B4VIWZazrlbEDd8,67,14.5638643,120.998122,1785486693332,50.20000076293945
RJ2D1B4VIWZazrlbEDd8,68,14.5638954,120.9981638,1785486695334,50.20000076293945
RJ2D1B4VIWZazrlbEDd8,69,14.563918,120.9982048,1785486697332,50.20000076293945
RJ2D1B4VIWZazrlbEDd8,70,14.5639237,120.9982431,1785486699333,50.20000076293945
RJ2D1B4VIWZazrlbEDd8,71,14.5639037,120.9982747,1785486701333,50.20000076293945
RJ2D1B4VIWZazrlbEDd8,72,14.5638526,120.9982937,1785486703332,50.20000076293945
RJ2D1B4VIWZazrlbEDd8,73,14.5637918,120.9983149,1785486705332,50.20000076293945
RJ2D1B4VIWZazrlbEDd8,74,14.5637146,120.9983343,1785486707332,50.20000076293945
RJ2D1B4VIWZazrlbEDd8,75,14.5636232,120.9983546,1785486709332,50.20000076293945
RJ2D1B4VIWZazrlbEDd8,76,14.5635242,120.9983721,1785486711333,50.20000076293945
RJ2D1B4VIWZazrlbEDd8,77,14.5634255,120.9983912,1785486713333,50.20000076293945
RJ2D1B4VIWZazrlbEDd8,78,14.5633298,120.99841,1785486715333,50.20000076293945
RJ2D1B4VIWZazrlbEDd8,79,14.5632412,120.9984318,1785486717332,50.20000076293945
RJ2D1B4VIWZazrlbEDd8,80,14.5631763,120.99845,1785486719332,50.20000076293945
RJ2D1B4VIWZazrlbEDd8,81,14.5631447,120.9984928,1785486721333,50.20000076293945
RJ2D1B4VIWZazrlbEDd8,82,14.5632286,120.998567,1785486723332,50.20000076293945
RJ2D1B4VIWZazrlbEDd8,83,14.5632807,120.9986389,1785486725332,50.20000076293945
RJ2D1B4VIWZazrlbEDd8,84,14.5633261,120.9987039,1785486727332,50.20000076293945
RJ2D1B4VIWZazrlbEDd8,85,14.563311,120.9987685,1785486729333,50.20000076293945
RJ2D1B4VIWZazrlbEDd8,86,14.5633315,120.9988464,1785486731332,50.20000076293945
RJ2D1B4VIWZazrlbEDd8,87,14.5633532,120.9989113,1785486733332,50.20000076293945
RJ2D1B4VIWZazrlbEDd8,88,14.5633602,120.9989615,1785486735333,50.20000076293945
RJ2D1B4VIWZazrlbEDd8,89,14.5633649,120.9990064,1785486737332,50.20000076293945
RJ2D1B4VIWZazrlbEDd8,90,14.5633767,120.9990701,1785486739332,50.20000076293945
RJ2D1B4VIWZazrlbEDd8,91,14.5634119,120.9991318,1785486741333,50.20000076293945
RJ2D1B4VIWZazrlbEDd8,92,14.5634581,120.9991913,1785486743333,50.20000076293945
RJ2D1B4VIWZazrlbEDd8,93,14.5634875,120.9992606,1785486745332,50.20000076293945
RJ2D1B4VIWZazrlbEDd8,94,14.5635212,120.999332,1785486747333,50.20000076293945
RJ2D1B4VIWZazrlbEDd8,95,14.563566,120.9994038,1785486749333,50.20000076293945
RJ2D1B4VIWZazrlbEDd8,96,14.5636001,120.9994587,1785486751333,50.20000076293945
RJ2D1B4VIWZazrlbEDd8,97,14.5636123,120.9994847,1785486753333,50.20000076293945
RJ2D1B4VIWZazrlbEDd8,98,14.5636355,120.9995239,1785486755332,50.20000076293945
RJ2D1B4VIWZazrlbEDd8,99,14.5636697,120.9995706,1785486757333,50.20000076293945
RJ2D1B4VIWZazrlbEDd8,100,14.5637038,120.9996431,1785486759332,50.20000076293945
RJ2D1B4VIWZazrlbEDd8,101,14.5637552,120.9996934,1785486761334,50.20000076293945
RJ2D1B4VIWZazrlbEDd8,102,14.5637917,120.9997555,1785486763333,50.20000076293945
RJ2D1B4VIWZazrlbEDd8,103,14.563832,120.999815,1785486765333,50.20000076293945
RJ2D1B4VIWZazrlbEDd8,104,14.5638746,120.9998765,1785486767332,50.20000076293945
RJ2D1B4VIWZazrlbEDd8,105,14.5639079,120.9999415,1785486769333,50.20000076293945
RJ2D1B4VIWZazrlbEDd8,106,14.5639363,120.9999993,1785486771332,50.20000076293945
RJ2D1B4VIWZazrlbEDd8,107,14.5639577,121.0000584,1785486773332,50.20000076293945
RJ2D1B4VIWZazrlbEDd8,108,14.5639767,121.0001254,1785486775333,50.20000076293945
RJ2D1B4VIWZazrlbEDd8,109,14.5639933,121.0001872,1785486777333,50.20000076293945
RJ2D1B4VIWZazrlbEDd8,110,14.5640224,121.000254,1785486779332,50.20000076293945
RJ2D1B4VIWZazrlbEDd8,111,14.5640466,121.0003137,1785486781332,50.20000076293945
RJ2D1B4VIWZazrlbEDd8,112,14.5640703,121.0003509,1785486783333,50.20000076293945
RJ2D1B4VIWZazrlbEDd8,113,14.5640963,121.000371,1785486785333,50.20000076293945
RJ2D1B4VIWZazrlbEDd8,114,14.5641138,121.0003941,1785486787332,50.20000076293945
RJ2D1B4VIWZazrlbEDd8,115,14.564113,121.0004337,1785486791333,50.20000076293945
RJ2D1B4VIWZazrlbEDd8,116,14.5641368,121.0004864,1785486793333,50.20000076293945
RJ2D1B4VIWZazrlbEDd8,117,14.5641693,121.0005463,1785486795332,50.20000076293945
RJ2D1B4VIWZazrlbEDd8,118,14.5642069,121.000611,1785486797333,50.20000076293945
RJ2D1B4VIWZazrlbEDd8,119,14.5642465,121.0006727,1785486799333,50.20000076293945
RJ2D1B4VIWZazrlbEDd8,120,14.5642718,121.0007239,1785486801333,50.20000076293945
RJ2D1B4VIWZazrlbEDd8,121,14.5642652,121.0007702,1785486803332,50.20000076293945
RJ2D1B4VIWZazrlbEDd8,122,14.5642016,121.0007959,1785486805333,50.20000076293945
RJ2D1B4VIWZazrlbEDd8,123,14.5641345,121.0008124,1785486807332,50.20000076293945
RJ2D1B4VIWZazrlbEDd8,124,14.564065,121.0008362,1785486809333,50.20000076293945
RJ2D1B4VIWZazrlbEDd8,125,14.5639972,121.0008624,1785486811332,50.20000076293945
RJ2D1B4VIWZazrlbEDd8,126,14.5639363,121.0008874,1785486813333,50.20000076293945
RJ2D1B4VIWZazrlbEDd8,127,14.5638864,121.0009094,1785486815332,50.20000076293945
RJ2D1B4VIWZazrlbEDd8,128,14.5638372,121.000935,1785486817332,50.61734625185307
RJ2D1B4VIWZazrlbEDd8,129,14.5637962,121.0009632,1785486819332,50.63765146295347
RJ2D1B4VIWZazrlbEDd8,130,14.5637607,121.000978,1785486821334,50.62619723541253
RJ2D1B4VIWZazrlbEDd8,131,14.563728,121.0009829,1785486823333,50.65743607373096
RJ2D1B4VIWZazrlbEDd8,132,14.5636894,121.0010025,1785486825333,50.69908803467054
RJ2D1B4VIWZazrlbEDd8,133,14.5636461,121.0010007,1785486827333,50.73865758441629
RJ2D1B4VIWZazrlbEDd8,134,14.5636021,121.0009675,1785486829332,50.72824452735747
RJ2D1B4VIWZazrlbEDd8,135,14.5635517,121.0009608,1785486831334,50.7344923600806
RJ2D1B4VIWZazrlbEDd8,136,14.563512,121.0009658,1785486833332,50.75115326952899
RJ2D1B4VIWZazrlbEDd8,137,14.5634736,121.0009577,1785486835332,50.79072305883559
RJ2D1B4VIWZazrlbEDd8,138,14.5634432,121.0009426,1785486837332,50.95941736110721
RJ2D1B4VIWZazrlbEDd8,139,14.5634177,121.0009468,1785486839332,51.201010025983976
SwCi6aOsakLnw3uuiS1e,0,14.5636549,120.998114,1785086113819,50.59999847412109
SwCi6aOsakLnw3uuiS1e,1,14.5636605,120.9981188,1785086122813,50.79999923706055
SwCi6aOsakLnw3uuiS1e,2,14.563737,120.9980804,1785086130794,60.39999771118164
SwCi6aOsakLnw3uuiS1e,3,14.5637687,120.9980111,1785086132806,60.39999771118164
SwCi6aOsakLnw3uuiS1e,4,14.5638332,120.9979847,1785086134801,60.39999771118164
SwCi6aOsakLnw3uuiS1e,5,14.5639193,120.9980261,1785086136814,60.39999771118164
SwCi6aOsakLnw3uuiS1e,6,14.5639804,120.9980936,1785086138816,60.39999771118164
SwCi6aOsakLnw3uuiS1e,7,14.5640128,120.9981714,1785086140810,60.39999771118164
SwCi6aOsakLnw3uuiS1e,8,14.564046,120.9982106,1785086142813,60.39999771118164
SwCi6aOsakLnw3uuiS1e,9,14.5641282,120.9982292,1785086146819,60.39999771118164
SwCi6aOsakLnw3uuiS1e,10,14.5642403,120.9982265,1785086148811,60.39999771118164
SwCi6aOsakLnw3uuiS1e,11,14.5643642,120.9981991,1785086150822,60.39999771118164
SwCi6aOsakLnw3uuiS1e,12,14.5645199,120.9981826,1785086152815,60.39999771118164
SwCi6aOsakLnw3uuiS1e,13,14.5646852,120.9981681,1785086154827,60.39999771118164
SwCi6aOsakLnw3uuiS1e,14,14.5648419,120.9981598,1785086156831,60.39999771118164
SwCi6aOsakLnw3uuiS1e,15,14.5649609,120.9981453,1785086158829,60.39999771118164
SwCi6aOsakLnw3uuiS1e,16,14.5650632,120.9981255,1785086160828,60.39999771118164
SwCi6aOsakLnw3uuiS1e,17,14.5651696,120.998074,1785086162826,60.39999771118164
SwCi6aOsakLnw3uuiS1e,18,14.5653076,120.9980654,1785086164821,60.39999771118164
SwCi6aOsakLnw3uuiS1e,19,14.5654522,120.9980429,1785086166819,60.39999771118164
SwCi6aOsakLnw3uuiS1e,20,14.56557,120.997998,1785086168821,60.39999771118164
SwCi6aOsakLnw3uuiS1e,21,14.5656975,120.9979503,1785086170817,60.39999771118164
SwCi6aOsakLnw3uuiS1e,22,14.5657826,120.9979325,1785086172823,60.39999771118164
SwCi6aOsakLnw3uuiS1e,23,14.5658363,120.9979387,1785086174822,60.39999771118164
SwCi6aOsakLnw3uuiS1e,24,14.565851,120.9979016,1785086176818,60.39999771118164
SwCi6aOsakLnw3uuiS1e,25,14.5658176,120.997808,1785086178823,60.39999771118164
SwCi6aOsakLnw3uuiS1e,26,14.5657782,120.997675,1785086180819,60.39999771118164
SwCi6aOsakLnw3uuiS1e,27,14.565723,120.9975293,1785086182811,60.39999771118164
SwCi6aOsakLnw3uuiS1e,28,14.5656843,120.9973918,1785086184808,60.39999771118164
SwCi6aOsakLnw3uuiS1e,29,14.5656196,120.9972521,1785086186805,60.39999771118164
SwCi6aOsakLnw3uuiS1e,30,14.565568,120.997136,1785086188819,60.39999771118164
SwCi6aOsakLnw3uuiS1e,31,14.5655356,120.9970144,1785086190811,60.39999771118164
SwCi6aOsakLnw3uuiS1e,32,14.5654936,120.9968859,1785086192814,60.39999771118164
SwCi6aOsakLnw3uuiS1e,33,14.5654316,120.9967435,1785086194813,60.39999771118164
SwCi6aOsakLnw3uuiS1e,34,14.5653863,120.9965894,1785086196803,60.39999771118164
SwCi6aOsakLnw3uuiS1e,35,14.5653266,120.9964581,1785086198829,60.39999771118164
SwCi6aOsakLnw3uuiS1e,36,14.5652586,120.9963466,1785086200795,60.39999771118164
SwCi6aOsakLnw3uuiS1e,37,14.5652137,120.996256,1785086202801,60.39999771118164
SwCi6aOsakLnw3uuiS1e,38,14.5652039,120.9961492,1785086204804,60.39999771118164
SwCi6aOsakLnw3uuiS1e,39,14.5651742,120.9960255,1785086206802,60.39999771118164
SwCi6aOsakLnw3uuiS1e,40,14.5651334,120.9958913,1785086208804,60.39999771118164
SwCi6aOsakLnw3uuiS1e,41,14.5650852,120.9957593,1785086210806,60.39999771118164
SwCi6aOsakLnw3uuiS1e,42,14.565053,120.9956275,1785086212809,60.39999771118164
SwCi6aOsakLnw3uuiS1e,43,14.5650017,120.9954992,1785086214809,60.39999771118164
SwCi6aOsakLnw3uuiS1e,44,14.5649448,120.9953888,1785086216808,60.39999771118164
SwCi6aOsakLnw3uuiS1e,45,14.5648741,120.9952489,1785086219833,60.39999771118164
SwCi6aOsakLnw3uuiS1e,46,14.5648331,120.9951703,1785086221824,60.39999771118164
SwCi6aOsakLnw3uuiS1e,47,14.5648441,120.9950646,1785086223838,60.39999771118164
SwCi6aOsakLnw3uuiS1e,48,14.5649367,120.9949994,1785086225823,60.39999771118164
SwCi6aOsakLnw3uuiS1e,49,14.5650454,120.9949236,1785086227816,60.39999771118164
SwCi6aOsakLnw3uuiS1e,50,14.5651833,120.9948824,1785086229814,60.39999771118164
SwCi6aOsakLnw3uuiS1e,51,14.5653314,120.9948464,1785086231819,60.39999771118164
SwCi6aOsakLnw3uuiS1e,52,14.5654566,120.9948352,1785086233827,60.39999771118164
SwCi6aOsakLnw3uuiS1e,53,14.5655672,120.994836,1785086235814,60.39999771118164
SwCi6aOsakLnw3uuiS1e,54,14.5657097,120.9947819,1785086237805,60.39999771118164
SwCi6aOsakLnw3uuiS1e,55,14.5658647,120.9947061,1785086239807,60.39999771118164
SwCi6aOsakLnw3uuiS1e,56,14.5659613,120.994622,1785086241812,60.39999771118164
SwCi6aOsakLnw3uuiS1e,57,14.5660281,120.9945579,1785086243813,60.39999771118164
SwCi6aOsakLnw3uuiS1e,58,14.5660583,120.9945068,1785086245812,60.39999771118164
SwCi6aOsakLnw3uuiS1e,59,14.5659918,120.9944394,1785086247807,60.39999771118164
SwCi6aOsakLnw3uuiS1e,60,14.5659138,120.9943036,1785086249810,60.39999771118164
SwCi6aOsakLnw3uuiS1e,61,14.5658469,120.9941775,1785086251820,60.39999771118164
SwCi6aOsakLnw3uuiS1e,62,14.5657774,120.9940694,1785086253811,60.39999771118164
SwCi6aOsakLnw3uuiS1e,63,14.565729,120.9939704,1785086255805,60.39999771118164
SwCi6aOsakLnw3uuiS1e,64,14.5656978,120.9938889,1785086257802,60.39999771118164
SwCi6aOsakLnw3uuiS1e,65,14.5657228,120.993803,1785086259808,60.39999771118164
SwCi6aOsakLnw3uuiS1e,66,14.5658026,120.9937549,1785086261809,60.39999771118164
SwCi6aOsakLnw3uuiS1e,67,14.5659382,120.9937095,1785086263810,60.39999771118164
SwCi6aOsakLnw3uuiS1e,68,14.5660467,120.9936995,1785086265805,60.39999771118164
SwCi6aOsakLnw3uuiS1e,69,14.5662053,120.9936858,1785086267790,60.39999771118164
SwCi6aOsakLnw3uuiS1e,70,14.5663525,120.9936693,1785086269787,60.39999771118164
SwCi6aOsakLnw3uuiS1e,71,14.5664869,120.9936359,1785086271782,60.39999771118164
SwCi6aOsakLnw3uuiS1e,72,14.5665816,120.9936037,1785086273780,60.39999771118164
SwCi6aOsakLnw3uuiS1e,73,14.5666837,120.9935409,1785086275783,60.39999771118164
SwCi6aOsakLnw3uuiS1e,74,14.5667197,120.9935201,1785086277777,60.39999771118164
SwCi6aOsakLnw3uuiS1e,75,14.5667384,120.9935114,1785086283790,50.39999771118164
SwCi6aOsakLnw3uuiS1e,76,14.5667967,120.9934857,1785086289780,50.39999771118164
SwCi6aOsakLnw3uuiS1e,77,14.5668106,120.9934612,1785086293787,50.39999771118164
SwCi6aOsakLnw3uuiS1e,78,14.5667916,120.9934337,1785086295774,50.39999771118164
SwCi6aOsakLnw3uuiS1e,79,14.5667062,120.9933448,1785086297783,50.59999847412109
SwCi6aOsakLnw3uuiS1e,80,14.5665959,120.9933155,1785086299781,50.59999847412109
SwCi6aOsakLnw3uuiS1e,81,14.566528,120.9932081,1785086301778,50.59999847412109
SwCi6aOsakLnw3uuiS1e,82,14.5664951,120.9931579,1785086303796,50.59999847412109
SwCi6aOsakLnw3uuiS1e,83,14.5665156,120.9931201,1785086305797,50.59999847412109
SwCi6aOsakLnw3uuiS1e,84,14.5665976,120.9930883,1785086307798,50.59999847412109
SwCi6aOsakLnw3uuiS1e,85,14.5666628,120.9930139,1785086309799,50.59999847412109
SwCi6aOsakLnw3uuiS1e,86,14.5667308,120.9929477,1785086311795,50.59999847412109
SwCi6aOsakLnw3uuiS1e,87,14.5668285,120.9929154,1785086313790,50.59999847412109
SwCi6aOsakLnw3uuiS1e,88,14.566933,120.99287,1785086315792,50.59999847412109
SwCi6aOsakLnw3uuiS1e,89,14.5670338,120.9928355,1785086317793,50.59999847412109
SwCi6aOsakLnw3uuiS1e,90,14.5671266,120.9927852,1785086319789,50.59999847412109
SwCi6aOsakLnw3uuiS1e,91,14.5672019,120.9927106,1785086321788,50.09999847412109
SwCi6aOsakLnw3uuiS1e,92,14.567231,120.9926051,1785086323788,50.09999847412109
SwCi6aOsakLnw3uuiS1e,93,14.5672506,120.9925219,1785086325793,50.09999847412109
SwCi6aOsakLnw3uuiS1e,94,14.5672642,120.9925081,1785086327807,50.09999847412109
SwCi6aOsakLnw3uuiS1e,95,14.5672646,120.9924399,1785086329809,50.09999847412109
SwCi6aOsakLnw3uuiS1e,96,14.5672158,120.9922524,1785086331811,50.09999847412109
SwCi6aOsakLnw3uuiS1e,97,14.5671266,120.9920903,1785086333816,50.09999847412109
SwCi6aOsakLnw3uuiS1e,98,14.5670514,120.9919335,1785086335820,50.09999847412109
SwCi6aOsakLnw3uuiS1e,99,14.5670142,120.9918253,1785086337823,50.09999847412109
SwCi6aOsakLnw3uuiS1e,100,14.5669587,120.9917337,1785086339827,50.09999847412109
SwCi6aOsakLnw3uuiS1e,101,14.566925,120.9916404,1785086341826,49.59999847412109
SwCi6aOsakLnw3uuiS1e,102,14.5668748,120.9915913,1785086343833,49.59999847412109
SwCi6aOsakLnw3uuiS1e,103,14.5668655,120.9915512,1785086345821,49.59999847412109
SwCi6aOsakLnw3uuiS1e,104,14.5668736,120.9914991,1785086347827,49.59999847412109
SwCi6aOsakLnw3uuiS1e,105,14.5668729,120.9914716,1785086349823,49.59999847412109
SwCi6aOsakLnw3uuiS1e,106,14.5668542,120.9914589,1785086351823,49.59999847412109
SwCi6aOsakLnw3uuiS1e,107,14.5668256,120.991451,1785086353902,49.59999847412109
SwCi6aOsakLnw3uuiS1e,108,14.5667862,120.9914558,1785086355797,49.59999847412109
SwCi6aOsakLnw3uuiS1e,109,14.5667398,120.9914848,1785086357798,49.59999847412109
SwCi6aOsakLnw3uuiS1e,110,14.5666739,120.9915064,1785086359799,49.59999847412109
SwCi6aOsakLnw3uuiS1e,111,14.5666355,120.9915168,1785086361788,49.59999847412109
SwCi6aOsakLnw3uuiS1e,112,14.5666029,120.9915354,1785086363789,49.59999847412109
SwCi6aOsakLnw3uuiS1e,113,14.5665757,120.9915479,1785086365792,49.59999847412109
SwCi6aOsakLnw3uuiS1e,114,14.5665327,120.9915435,1785086367790,49.59999847412109
SwCi6aOsakLnw3uuiS1e,115,14.5664873,120.9915611,1785086369788,49.59999847412109
SwCi6aOsakLnw3uuiS1e,116,14.5664381,120.9915773,1785086371789,49.59999847412109
SwCi6aOsakLnw3uuiS1e,117,14.5663891,120.9915994,1785086373785,49.59999847412109
SwCi6aOsakLnw3uuiS1e,118,14.5663232,120.9916134,1785086375787,49.59999847412109
SwCi6aOsakLnw3uuiS1e,119,14.5662638,120.9916652,1785086377789,49.59999847412109
SwCi6aOsakLnw3uuiS1e,120,14.5662233,120.9916845,1785086379783,49.59999847412109
SwCi6aOsakLnw3uuiS1e,121,14.5662097,120.9916968,1785086381784,49.59999847412109
SwCi6aOsakLnw3uuiS1e,122,14.5661836,120.991707,1785086383798,49.59999847412109
TZ2PUjvNBOIwQhL080Pp,0,14.5668283,120.9923867,1785073207313,50.39999771118164
TZ2PUjvNBOIwQhL080Pp,1,14.5668233,120.9923683,1785073211313,50.39999771118164
TZ2PUjvNBOIwQhL080Pp,2,14.5668133,120.99235,1785073213313,50.39999771118164
TZ2PUjvNBOIwQhL080Pp,3,14.5668,120.9923667,1785073216313,50.39999771118164
TZ2PUjvNBOIwQhL080Pp,4,14.56678,120.9923883,1785073218313,50.39999771118164
TZ2PUjvNBOIwQhL080Pp,5,14.5667433,120.9924183,1785073220313,50.39999771118164
TZ2PUjvNBOIwQhL080Pp,6,14.566715,120.99245,1785073222313,50.5
TZ2PUjvNBOIwQhL080Pp,7,14.566685,120.99247,1785073224313,50.5
TZ2PUjvNBOIwQhL080Pp,8,14.566655,120.9924867,1785073226313,50.5
TZ2PUjvNBOIwQhL080Pp,9,14.566635,120.9925017,1785073228313,50.5
TZ2PUjvNBOIwQhL080Pp,10,14.56661,120.99251,1785073230313,50.5
TZ2PUjvNBOIwQhL080Pp,11,14.56659,120.9925317,1785073232313,50.5
TZ2PUjvNBOIwQhL080Pp,12,14.5665717,120.9925383,1785073234313,50.5
TZ2PUjvNBOIwQhL080Pp,13,14.566535,120.9925333,1785073236313,50.5
TZ2PUjvNBOIwQhL080Pp,14,14.566495,120.9925417,1785073238313,50.5
TZ2PUjvNBOIwQhL080Pp,15,14.5664667,120.9925567,1785073240313,50.5
TZ2PUjvNBOIwQhL080Pp,16,14.5664633,120.9926033,1785073242313,50.5
TZ2PUjvNBOIwQhL080Pp,17,14.5664517,120.9926367,1785073244313,50.5
TZ2PUjvNBOIwQhL080Pp,18,14.566455,120.992665,1785073246313,50.5
TZ2PUjvNBOIwQhL080Pp,19,14.5664567,120.9926917,1785073248313,50.5
TZ2PUjvNBOIwQhL080Pp,20,14.5664633,120.9927283,1785073250313,50.5
TZ2PUjvNBOIwQhL080Pp,21,14.5664583,120.9927633,1785073252313,50.5
TZ2PUjvNBOIwQhL080Pp,22,14.5664683,120.9927917,1785073254313,50.59999847412109
TZ2PUjvNBOIwQhL080Pp,23,14.5664933,120.9928683,1785073256313,50.59999847412109
TZ2PUjvNBOIwQhL080Pp,24,14.5665133,120.992915,1785073258313,50.59999847412109
TZ2PUjvNBOIwQhL080Pp,25,14.5665683,120.9929567,1785073260313,50.59999847412109
TZ2PUjvNBOIwQhL080Pp,26,14.566605,120.9929833,1785073262313,50.59999847412109
TZ2PUjvNBOIwQhL080Pp,27,14.5666433,120.9930233,1785073264313,50.59999847412109
TZ2PUjvNBOIwQhL080Pp,28,14.5666433,120.9930817,1785073266313,50.59999847412109
TZ2PUjvNBOIwQhL080Pp,29,14.5666017,120.99313,1785073268313,50.59999847412109
TZ2PUjvNBOIwQhL080Pp,30,14.56655,120.9931617,1785073270313,50.59999847412109
TZ2PUjvNBOIwQhL080Pp,31,14.5664917,120.9932017,1785073272313,50.59999847412109
TZ2PUjvNBOIwQhL080Pp,32,14.5664383,120.99323,1785073274313,50.59999847412109
TZ2PUjvNBOIwQhL080Pp,33,14.5663717,120.9932617,1785073276313,50.59999847412109
TZ2PUjvNBOIwQhL080Pp,34,14.5662983,120.9933117,1785073278313,50.59999847412109
TZ2PUjvNBOIwQhL080Pp,35,14.5662267,120.9933467,1785073280313,50.59999847412109
TZ2PUjvNBOIwQhL080Pp,36,14.5661517,120.9933683,1785073282313,50.59999847412109
TZ2PUjvNBOIwQhL080Pp,37,14.5660567,120.9934083,1785073284313,50.59999847412109
TZ2PUjvNBOIwQhL080Pp,38,14.5659617,120.9934433,1785073286313,50.59999847412109
TZ2PUjvNBOIwQhL080Pp,39,14.5658933,120.9934767,1785073288313,50.59999847412109
TZ2PUjvNBOIwQhL080Pp,40,14.5658367,120.993525,1785073290312,50.59999847412109
TZ2PUjvNBOIwQhL080Pp,41,14.5658,120.9936,1785073292312,50.59999847412109
TZ2PUjvNBOIwQhL080Pp,42,14.56578,120.9936717,1785073294312,50.59999847412109
TZ2PUjvNBOIwQhL080Pp,43,14.5657767,120.9937433,1785073296313,50.59999847412109
TZ2PUjvNBOIwQhL080Pp,44,14.5658,120.9938167,1785073298313,50.59999847412109
TZ2PUjvNBOIwQhL080Pp,45,14.5658183,120.9938817,1785073300313,50.59999847412109
TZ2PUjvNBOIwQhL080Pp,46,14.5658533,120.993945,1785073302313,50.59999847412109
TZ2PUjvNBOIwQhL080Pp,47,14.565905,120.99399,1785073304313,50.59999847412109
TZ2PUjvNBOIwQhL080Pp,48,14.5659383,120.9940517,1785073306312,50.59999847412109
TZ2PUjvNBOIwQhL080Pp,49,14.5659717,120.99412,1785073308313,50.59999847412109
TZ2PUjvNBOIwQhL080Pp,50,14.56599,120.9941917,1785073310313,50.59999847412109
TZ2PUjvNBOIwQhL080Pp,51,14.5660083,120.9942633,1785073312313,50.59999847412109
TZ2PUjvNBOIwQhL080Pp,52,14.5660283,120.9943283,1785073314313,50.59999847412109
TZ2PUjvNBOIwQhL080Pp,53,14.5660533,120.9943917,1785073316313,50.59999847412109
TZ2PUjvNBOIwQhL080Pp,54,14.5660533,120.9944467,1785073318313,50.59999847412109
TZ2PUjvNBOIwQhL080Pp,55,14.56603,120.9944967,1785073320313,50.59999847412109
TZ2PUjvNBOIwQhL080Pp,56,14.5659817,120.994565,1785073322313,50.59999847412109
TZ2PUjvNBOIwQhL080Pp,57,14.5659133,120.9946183,1785073324313,50.59999847412109
TZ2PUjvNBOIwQhL080Pp,58,14.5658433,120.9946567,1785073326313,50.59999847412109
TZ2PUjvNBOIwQhL080Pp,59,14.5657733,120.9946917,1785073328313,50.59999847412109
TZ2PUjvNBOIwQhL080Pp,60,14.56572,120.99473,1785073330313,50.59999847412109
TZ2PUjvNBOIwQhL080Pp,61,14.5656617,120.99477,1785073332313,50.59999847412109
TZ2PUjvNBOIwQhL080Pp,62,14.5656067,120.9948083,1785073334313,50.59999847412109
TZ2PUjvNBOIwQhL080Pp,63,14.5655533,120.99484,1785073336313,50.59999847412109
TZ2PUjvNBOIwQhL080Pp,64,14.5655067,120.9948817,1785073338313,50.59999847412109
TZ2PUjvNBOIwQhL080Pp,65,14.5654733,120.9949183,1785073340313,50.59999847412109
TZ2PUjvNBOIwQhL080Pp,66,14.5654717,120.9949483,1785073342313,64.5
TZ2PUjvNBOIwQhL080Pp,67,14.5654817,120.9949967,1785073344313,64.0
TZ2PUjvNBOIwQhL080Pp,68,14.5654917,120.9950667,1785073346313,64.6
TZ2PUjvNBOIwQhL080Pp,69,14.5655017,120.99514,1785073348313,65.1
TZ2PUjvNBOIwQhL080Pp,70,14.5655167,120.9951933,1785073350313,64.9
TZ2PUjvNBOIwQhL080Pp,71,14.5655367,120.99525,1785073352313,64.5
TZ2PUjvNBOIwQhL080Pp,72,14.5655483,120.99529,1785073354313,64.8
TZ2PUjvNBOIwQhL080Pp,73,14.56557,120.9953283,1785073356313,65.2
TZ2PUjvNBOIwQhL080Pp,74,14.5655917,120.9953783,1785073358313,64.8
TZ2PUjvNBOIwQhL080Pp,75,14.5656167,120.9954183,1785073360313,64.4
TZ2PUjvNBOIwQhL080Pp,76,14.5656233,120.995505,1785073362313,64.4
TZ2PUjvNBOIwQhL080Pp,77,14.5656267,120.9955883,1785073364313,63.1
TZ2PUjvNBOIwQhL080Pp,78,14.5656417,120.9956583,1785073366313,62.3
TZ2PUjvNBOIwQhL080Pp,79,14.5656683,120.9957317,1785073368313,61.6
TZ2PUjvNBOIwQhL080Pp,80,14.5657083,120.9958,1785073370313,59.7
TZ2PUjvNBOIwQhL080Pp,81,14.56575,120.99586,1785073372313,58.7
TZ2PUjvNBOIwQhL080Pp,82,14.565805,120.9959067,1785073374313,58.2
TZ2PUjvNBOIwQhL080Pp,83,14.565845,120.9959567,1785073376313,57.5
TZ2PUjvNBOIwQhL080Pp,84,14.5658683,120.9959983,1785073378312,56.6
TZ2PUjvNBOIwQhL080Pp,85,14.5658767,120.996035,1785073380313,56.2
VPlfkGA7TlKYs3GD0Aox,0,14.5248689,120.9851694,1784973652334,79.80000305175781
VPlfkGA7TlKYs3GD0Aox,1,14.5248189,120.9851751,1784973656370,83.0999984741211
VPlfkGA7TlKYs3GD0Aox,2,14.5247459,120.9851712,1784973658346,83.0999984741211
VPlfkGA7TlKYs3GD0Aox,3,14.5246543,120.9851773,1784973660341,83.0999984741211
VPlfkGA7TlKYs3GD0Aox,4,14.5245504,120.9852138,1784973662328,79.5999984741211
VPlfkGA7TlKYs3GD0Aox,5,14.5244026,120.985199,1784973664328,79.5999984741211
VPlfkGA7TlKYs3GD0Aox,6,14.5242058,120.9852301,1784973666329,79.5999984741211
VPlfkGA7TlKYs3GD0Aox,7,14.5239933,120.9852662,1784973668335,79.5999984741211
VPlfkGA7TlKYs3GD0Aox,8,14.5237822,120.9853028,1784973670332,79.5999984741211
VPlfkGA7TlKYs3GD0Aox,9,14.5235506,120.985355,1784973672336,79.5999984741211
VPlfkGA7TlKYs3GD0Aox,10,14.523311,120.9853947,1784973674329,79.5999984741211
VPlfkGA7TlKYs3GD0Aox,11,14.5231447,120.9854459,1784973676331,79.5999984741211
VPlfkGA7TlKYs3GD0Aox,12,14.522992,120.9854732,1784973678335,79.5999984741211
VPlfkGA7TlKYs3GD0Aox,13,14.5228324,120.9854967,1784973680326,79.5999984741211
VPlfkGA7TlKYs3GD0Aox,14,14.5226815,120.9854686,1784973682329,79.5999984741211
VPlfkGA7TlKYs3GD0Aox,15,14.5225273,120.9853951,1784973684327,79.5999984741211
VPlfkGA7TlKYs3GD0Aox,16,14.5223682,120.9852861,1784973686336,79.5999984741211
VPlfkGA7TlKYs3GD0Aox,17,14.5222459,120.985176,1784973688337,79.5999984741211
VPlfkGA7TlKYs3GD0Aox,18,14.5221258,120.9850964,1784973690339,79.5999984741211
VPlfkGA7TlKYs3GD0Aox,19,14.5220328,120.984983,1784973692322,79.5999984741211
VPlfkGA7TlKYs3GD0Aox,20,14.5219079,120.9848215,1784973694328,79.5999984741211
VPlfkGA7TlKYs3GD0Aox,21,14.5217724,120.984639,1784973696331,79.5999984741211
VPlfkGA7TlKYs3GD0Aox,22,14.5216464,120.9844619,1784973698327,79.5999984741211
VPlfkGA7TlKYs3GD0Aox,23,14.5215017,120.9843084,1784973700326,79.5999984741211
VPlfkGA7TlKYs3GD0Aox,24,14.5213713,120.9841752,1784973702326,79.5999984741211
VPlfkGA7TlKYs3GD0Aox,25,14.5212233,120.9840307,1784973704330,79.5999984741211
VPlfkGA7TlKYs3GD0Aox,26,14.5210323,120.9839147,1784973706328,79.5999984741211
VPlfkGA7TlKYs3GD0Aox,27,14.5208665,120.9837524,1784973708320,79.5999984741211
VPlfkGA7TlKYs3GD0Aox,28,14.5207457,120.9835997,1784973710319,79.5999984741211
VPlfkGA7TlKYs3GD0Aox,29,14.5206198,120.9834594,1784973712322,79.5999984741211
VPlfkGA7TlKYs3GD0Aox,30,14.5204789,120.983324,1784973714496,79.5999984741211
VPlfkGA7TlKYs3GD0Aox,31,14.5203096,120.9831893,1784973716497,79.5999984741211
VPlfkGA7TlKYs3GD0Aox,32,14.5201407,120.9830471,1784973718587,79.5999984741211
VPlfkGA7TlKYs3GD0Aox,33,14.5199374,120.9829337,1784973720505,79.5999984741211
VPlfkGA7TlKYs3GD0Aox,34,14.5197249,120.9828113,1784973722664,79.5999984741211
VPlfkGA7TlKYs3GD0Aox,35,14.5195292,120.9826777,1784973724511,79.5999984741211
VPlfkGA7TlKYs3GD0Aox,36,14.5193314,120.9825562,1784973726662,79.5999984741211
VPlfkGA7TlKYs3GD0Aox,37,14.5191401,120.9824561,1784973728505,79.5999984741211
VPlfkGA7TlKYs3GD0Aox,38,14.5189621,120.9823624,1784973730510,79.5999984741211
VPlfkGA7TlKYs3GD0Aox,39,14.5187899,120.9822699,1784973732508,79.5999984741211
VPlfkGA7TlKYs3GD0Aox,40,14.51863,120.9821774,1784973734500,79.5999984741211
VPlfkGA7TlKYs3GD0Aox,41,14.5184902,120.9821097,1784973736496,79.5999984741211
VPlfkGA7TlKYs3GD0Aox,42,14.5184002,120.982047,1784973738507,79.5999984741211
VPlfkGA7TlKYs3GD0Aox,43,14.5183264,120.9819923,1784973740355,79.5999984741211
VPlfkGA7TlKYs3GD0Aox,44,14.5182554,120.9819421,1784973742354,79.5999984741211
VPlfkGA7TlKYs3GD0Aox,45,14.518204,120.981884,1784973744350,79.5999984741211
VPlfkGA7TlKYs3GD0Aox,46,14.5181385,120.9818092,1784973746339,50.79999923706055
VPlfkGA7TlKYs3GD0Aox,47,14.5180406,120.9817304,1784973748334,50.79999923706055
VPlfkGA7TlKYs3GD0Aox,48,14.5179314,120.9816399,1784973750330,50.672
VPlfkGA7TlKYs3GD0Aox,49,14.5178253,120.9815456,1784973752333,51.211
VPlfkGA7TlKYs3GD0Aox,50,14.5177183,120.9814484,1784973754332,50.79999923706055
VPlfkGA7TlKYs3GD0Aox,51,14.5176204,120.9812944,1784973756329,50.839
VPlfkGA7TlKYs3GD0Aox,52,14.5175105,120.9811597,1784973758336,50.79999923706055
VPlfkGA7TlKYs3GD0Aox,53,14.5174265,120.9810142,1784973760360,50.79999923706055
VPlfkGA7TlKYs3GD0Aox,54,14.5173476,120.9809195,1784973762340,50.79999923706055
VPlfkGA7TlKYs3GD0Aox,55,14.5172903,120.9808488,1784973764343,50.79999923706055
VPlfkGA7TlKYs3GD0Aox,56,14.5172688,120.9808295,1784973766357,50.79999923706055
VPlfkGA7TlKYs3GD0Aox,57,14.5172574,120.9808045,1784973769343,50.79999923706055
VPlfkGA7TlKYs3GD0Aox,58,14.5172896,120.9807562,1784973771337,50.79999923706055
VPlfkGA7TlKYs3GD0Aox,59,14.5173478,120.9806966,1784973773340,50.79999923706055
VPlfkGA7TlKYs3GD0Aox,60,14.5174241,120.980642,1784973775330,50.79999923706055
VPlfkGA7TlKYs3GD0Aox,61,14.5174849,120.9805873,1784973777327,50.79999923706055
VPlfkGA7TlKYs3GD0Aox,62,14.517543,120.9805329,1784973779322,50.79999923706055
VPlfkGA7TlKYs3GD0Aox,63,14.5175998,120.9804787,1784973781317,51.5
VPlfkGA7TlKYs3GD0Aox,64,14.5176751,120.980422,1784973783314,51.5
VPlfkGA7TlKYs3GD0Aox,65,14.5177631,120.9803502,1784973785308,51.5
VPlfkGA7TlKYs3GD0Aox,66,14.5178397,120.9802744,1784973787314,68.0999984741211
VPlfkGA7TlKYs3GD0Aox,67,14.5179396,120.9802429,1784973789321,68.0999984741211
VPlfkGA7TlKYs3GD0Aox,68,14.5180732,120.9802542,1784973791307,68.0999984741211
VPlfkGA7TlKYs3GD0Aox,69,14.5180794,120.9802516,1784973796291,68.0999984741211
VPlfkGA7TlKYs3GD0Aox,70,14.5174829,120.9802828,1784973804830,68.0999984741211
VPlfkGA7TlKYs3GD0Aox,71,14.5174307,120.9806413,1784973809972,68.0999984741211
VPlfkGA7TlKYs3GD0Aox,72,14.5174307,120.9806413,1784973815074,68.0999984741211
VPlfkGA7TlKYs3GD0Aox,73,14.5174307,120.9806413,1784973820163,68.0999984741211
VPlfkGA7TlKYs3GD0Aox,74,14.5174307,120.9806413,1784973827901,68.0999984741211
VPlfkGA7TlKYs3GD0Aox,75,14.5171074,120.9806413,1784973835613,68.0999984741211
VPlfkGA7TlKYs3GD0Aox,76,14.5171074,120.9806413,1784973843184,68.0999984741211
VPlfkGA7TlKYs3GD0Aox,77,14.5171074,120.9806413,1784973848271,68.0999984741211
VPlfkGA7TlKYs3GD0Aox,78,14.5171074,120.9806413,1784973855977,68.0999984741211
VPlfkGA7TlKYs3GD0Aox,79,14.5171074,120.9806413,1784973861120,68.0999984741211
VPlfkGA7TlKYs3GD0Aox,80,14.5171074,120.9806413,1784973866221,68.0999984741211
VPlfkGA7TlKYs3GD0Aox,81,14.5171074,120.9806413,1784973871367,68.0999984741211
VPlfkGA7TlKYs3GD0Aox,82,14.5171074,120.9806413,1784973876460,68.0999984741211
VPlfkGA7TlKYs3GD0Aox,83,14.5171074,120.9806413,1784973881603,68.0999984741211
VPlfkGA7TlKYs3GD0Aox,84,14.5171074,120.9806413,1784973886705,68.0999984741211
VPlfkGA7TlKYs3GD0Aox,85,14.5171074,120.9806413,1784973891803,68.0999984741211
VPlfkGA7TlKYs3GD0Aox,86,14.5171074,120.9806413,1784973896945,68.0999984741211
VPlfkGA7TlKYs3GD0Aox,87,14.5171074,120.9806413,1784973902025,68.0999984741211
VPlfkGA7TlKYs3GD0Aox,88,14.5171074,120.9806413,1784973907092,68.0999984741211
VPlfkGA7TlKYs3GD0Aox,89,14.5171074,120.9806413,1784973912177,68.0999984741211
VPlfkGA7TlKYs3GD0Aox,90,14.5171074,120.9806413,1784973917263,68.0999984741211
VPlfkGA7TlKYs3GD0Aox,91,14.5171074,120.9806413,1784973922357,68.0999984741211
VPlfkGA7TlKYs3GD0Aox,92,14.5171074,120.9806413,1784973927454,68.0999984741211
VPlfkGA7TlKYs3GD0Aox,93,14.5171074,120.9806413,1784973935215,68.0999984741211
VPlfkGA7TlKYs3GD0Aox,94,14.5171074,120.9806413,1784973943030,68.0999984741211
VPlfkGA7TlKYs3GD0Aox,95,14.5171074,120.9806413,1784973948118,68.0999984741211
VPlfkGA7TlKYs3GD0Aox,96,14.5171074,120.9806413,1784973953261,68.0999984741211
VPlfkGA7TlKYs3GD0Aox,97,14.5171074,120.9806413,1784973958396,68.0999984741211
VPlfkGA7TlKYs3GD0Aox,98,14.5171074,120.9806413,1784973963503,68.0999984741211
VPlfkGA7TlKYs3GD0Aox,99,14.5171074,120.9806413,1784973968600,68.0999984741211
VPlfkGA7TlKYs3GD0Aox,100,14.5177539,120.9806413,1784973973753,68.0999984741211
VPlfkGA7TlKYs3GD0Aox,101,14.5171074,120.9806413,1784973978873,68.0999984741211
VPlfkGA7TlKYs3GD0Aox,102,14.5171074,120.9806413,1784973983965,68.0999984741211
VPlfkGA7TlKYs3GD0Aox,103,14.5171074,120.9806413,1784973989114,68.0999984741211
VPlfkGA7TlKYs3GD0Aox,104,14.5171074,120.9806413,1784973994225,68.0999984741211
VPlfkGA7TlKYs3GD0Aox,105,14.5171074,120.9806413,1784973999319,68.0999984741211
VPlfkGA7TlKYs3GD0Aox,106,14.5171074,120.9806413,1784974004400,68.0999984741211
VPlfkGA7TlKYs3GD0Aox,107,14.5171074,120.9806413,1784974009489,68.0999984741211
VPlfkGA7TlKYs3GD0Aox,108,14.5171074,120.9806413,1784974016600,68.0999984741211
VPlfkGA7TlKYs3GD0Aox,109,14.5177539,120.9806413,1784974024259,68.0999984741211
VPlfkGA7TlKYs3GD0Aox,110,14.5177539,120.9806413,1784974031286,68.0999984741211
VPlfkGA7TlKYs3GD0Aox,111,14.5177539,120.9806413,1784974038345,68.0999984741211
VPlfkGA7TlKYs3GD0Aox,112,14.5179114,120.9799949,1784974045887,60.0
VPlfkGA7TlKYs3GD0Aox,113,14.5179288,120.9798979,1784974053052,68.4000015258789
VPlfkGA7TlKYs3GD0Aox,114,14.5175918,120.9805402,1784974060783,51.79999923706055
VPlfkGA7TlKYs3GD0Aox,115,14.5171841,120.9807855,1784974068459,51.70000076293945
VPlfkGA7TlKYs3GD0Aox,116,14.516891,120.9806865,1784974072309,51.70000076293945
VPlfkGA7TlKYs3GD0Aox,117,14.5168251,120.9806094,1784974074325,51.70000076293945
VPlfkGA7TlKYs3GD0Aox,118,14.5168474,120.9805275,1784974076324,51.70000076293945
VPlfkGA7TlKYs3GD0Aox,119,14.5168084,120.9804553,1784974078325,51.70000076293945
VPlfkGA7TlKYs3GD0Aox,120,14.5167242,120.9803703,1784974080327,51.70000076293945
VPlfkGA7TlKYs3GD0Aox,121,14.516685,120.9802839,1784974082327,52.0
VPlfkGA7TlKYs3GD0Aox,122,14.5166715,120.9801724,1784974084327,52.0
VPlfkGA7TlKYs3GD0Aox,123,14.5166345,120.980132,1784974086323,52.0
VPlfkGA7TlKYs3GD0Aox,124,14.5166625,120.980068,1784974088340,52.39999771118164
VPlfkGA7TlKYs3GD0Aox,125,14.516608,120.9800349,1784974090334,52.39999771118164
VPlfkGA7TlKYs3GD0Aox,126,14.5165223,120.9799916,1784974092339,52.39999771118164
VPlfkGA7TlKYs3GD0Aox,127,14.5164414,120.9799246,1784974094328,52.39999771118164
VPlfkGA7TlKYs3GD0Aox,128,14.5164046,120.979863,1784974096328,52.39999771118164
VPlfkGA7TlKYs3GD0Aox,129,14.5163744,120.9798078,1784974098330,52.39999771118164
VPlfkGA7TlKYs3GD0Aox,130,14.5163396,120.9797309,1784974100322,61.20000076293945
VPlfkGA7TlKYs3GD0Aox,131,14.5162962,120.979677,1784974102299,61.20000076293945
VPlfkGA7TlKYs3GD0Aox,132,14.5162744,120.9796488,1784974103609,52.29999923706055
VPlfkGA7TlKYs3GD0Aox,133,14.5149667,120.9793335,1784974114863,57.09999847412109
VPlfkGA7TlKYs3GD0Aox,134,14.5154093,120.9791814,1784974118311,57.09999847412109
VPlfkGA7TlKYs3GD0Aox,135,14.5152497,120.979067,1784974120325,57.09999847412109
VPlfkGA7TlKYs3GD0Aox,136,14.515117,120.9789854,1784974122320,57.09999847412109
VPlfkGA7TlKYs3GD0Aox,137,14.5149724,120.9788955,1784974124327,57.09999847412109
VPlfkGA7TlKYs3GD0Aox,138,14.5148448,120.9788475,1784974126326,57.09999847412109
VPlfkGA7TlKYs3GD0Aox,139,14.5147406,120.9787836,1784974128326,57.09999847412109
VPlfkGA7TlKYs3GD0Aox,140,14.5146769,120.9787195,1784974130337,57.09999847412109
VPlfkGA7TlKYs3GD0Aox,141,14.5146116,120.9786675,1784974132333,56.70000076293945
VPlfkGA7TlKYs3GD0Aox,142,14.5145608,120.9786368,1784974134334,56.70000076293945
VPlfkGA7TlKYs3GD0Aox,143,14.5144572,120.9786003,1784974136334,56.70000076293945
VPlfkGA7TlKYs3GD0Aox,144,14.5143122,120.9785465,1784974138329,56.70000076293945
VPlfkGA7TlKYs3GD0Aox,145,14.5141361,120.9784875,1784974140325,56.70000076293945
VPlfkGA7TlKYs3GD0Aox,146,14.5139286,120.9784407,1784974142304,56.70000076293945
VPlfkGA7TlKYs3GD0Aox,147,14.5137059,120.9783307,1784974144326,56.70000076293945
VPlfkGA7TlKYs3GD0Aox,148,14.5134491,120.9782165,1784974146325,56.70000076293945
VPlfkGA7TlKYs3GD0Aox,149,14.5132085,120.9781352,1784974148325,56.70000076293945
VPlfkGA7TlKYs3GD0Aox,150,14.5130308,120.9780671,1784974150325,56.70000076293945
VPlfkGA7TlKYs3GD0Aox,151,14.5128834,120.9780255,1784974152331,56.70000076293945
VPlfkGA7TlKYs3GD0Aox,152,14.5128284,120.978007,1784974154339,56.70000076293945
VPlfkGA7TlKYs3GD0Aox,153,14.5127667,120.9779625,1784974156335,56.70000076293945
VPlfkGA7TlKYs3GD0Aox,154,14.5126553,120.9778786,1784974158334,56.70000076293945
VPlfkGA7TlKYs3GD0Aox,155,14.5125429,120.9778096,1784974160335,56.70000076293945
VPlfkGA7TlKYs3GD0Aox,156,14.512441,120.9777495,1784974162332,56.70000076293945
VPlfkGA7TlKYs3GD0Aox,157,14.5123818,120.9777465,1784974164332,56.70000076293945
VPlfkGA7TlKYs3GD0Aox,158,14.5123559,120.9777328,1784974166329,56.70000076293945
VPlfkGA7TlKYs3GD0Aox,159,14.5123046,120.9777103,1784974169335,56.70000076293945
VPlfkGA7TlKYs3GD0Aox,160,14.5122092,120.9776855,1784974171335,50.79999923706055
VPlfkGA7TlKYs3GD0Aox,161,14.5121584,120.9778146,1784974173329,50.79999923706055
VPlfkGA7TlKYs3GD0Aox,162,14.5121703,120.9779472,1784974175326,50.79999923706055
VPlfkGA7TlKYs3GD0Aox,163,14.51222,120.9780704,1784974177325,50.79999923706055
VPlfkGA7TlKYs3GD0Aox,164,14.5122722,120.9781922,1784974179315,50.79999923706055
VPlfkGA7TlKYs3GD0Aox,165,14.5122898,120.9783306,1784974181330,50.79999923706055
VPlfkGA7TlKYs3GD0Aox,166,14.512303,120.97847,1784974183328,50.79999923706055
VPlfkGA7TlKYs3GD0Aox,167,14.5123156,120.9786158,1784974185390,50.79999923706055
VPlfkGA7TlKYs3GD0Aox,168,14.5123242,120.978742,1784974187331,50.79999923706055
VPlfkGA7TlKYs3GD0Aox,169,14.5123046,120.9788737,1784974189331,50.79999923706055
VPlfkGA7TlKYs3GD0Aox,170,14.5122754,120.9790183,1784974191334,50.79999923706055
VPlfkGA7TlKYs3GD0Aox,171,14.5122314,120.9791665,1784974193334,50.79999923706055
VPlfkGA7TlKYs3GD0Aox,172,14.512192,120.9793172,1784974195332,50.79999923706055
VPlfkGA7TlKYs3GD0Aox,173,14.5121574,120.9794848,1784974197332,50.79999923706055
VPlfkGA7TlKYs3GD0Aox,174,14.5121591,120.9795993,1784974199334,50.79999923706055
VPlfkGA7TlKYs3GD0Aox,175,14.5121755,120.9796484,1784974201332,50.79999923706055
VPlfkGA7TlKYs3GD0Aox,176,14.5122196,120.9796639,1784974203324,50.79999923706055
VPlfkGA7TlKYs3GD0Aox,177,14.5122385,120.9796905,1784974205314,50.79999923706055
VPlfkGA7TlKYs3GD0Aox,178,14.5122779,120.979719,1784974207309,50.79999923706055
VPlfkGA7TlKYs3GD0Aox,179,14.5123183,120.9797409,1784974209299,50.79999923706055
VPlfkGA7TlKYs3GD0Aox,180,14.5123958,120.979798,1784974213291,50.79999923706055
VPlfkGA7TlKYs3GD0Aox,181,14.5123958,120.979798,1784974214243,51.20000076293945
VPlfkGA7TlKYs3GD0Aox,182,14.5124003,120.9794876,1784974222310,51.20000076293945
VPlfkGA7TlKYs3GD0Aox,183,14.5124056,120.9794673,1784974229941,51.20000076293945
VPlfkGA7TlKYs3GD0Aox,184,14.5124326,120.9794951,1784974236463,51.20000076293945
VPlfkGA7TlKYs3GD0Aox,185,14.5124386,120.9794942,1784974243492,51.20000076293945
VPlfkGA7TlKYs3GD0Aox,186,14.5124386,120.9794944,1784974250762,51.20000076293945
VPlfkGA7TlKYs3GD0Aox,187,14.5124383,120.9794935,1784974256925,51.20000076293945
VPlfkGA7TlKYs3GD0Aox,188,14.5124258,120.9794912,1784974264454,51.20000076293945
VPlfkGA7TlKYs3GD0Aox,189,14.5124329,120.979497,1784974271587,51.20000076293945
VPlfkGA7TlKYs3GD0Aox,190,14.5124395,120.9794955,1784974278720,51.20000076293945
VPlfkGA7TlKYs3GD0Aox,191,14.5124385,120.9794941,1784974285644,51.20000076293945
VPlfkGA7TlKYs3GD0Aox,192,14.5124195,120.9794911,1784974292749,51.20000076293945
VPlfkGA7TlKYs3GD0Aox,193,14.5118151,120.9788544,1784974300224,51.20000076293945
VPlfkGA7TlKYs3GD0Aox,194,14.5124385,120.9794941,1784974307176,51.20000076293945
VPlfkGA7TlKYs3GD0Aox,195,14.5124384,120.9794938,1784974314213,51.20000076293945
VPlfkGA7TlKYs3GD0Aox,196,14.5124383,120.9794935,1784974321626,51.20000076293945
VPlfkGA7TlKYs3GD0Aox,197,14.5124384,120.9794938,1784974328704,51.20000076293945
VPlfkGA7TlKYs3GD0Aox,198,14.512344,120.9793551,1784974335281,51.20000076293945
VPlfkGA7TlKYs3GD0Aox,199,14.5124328,120.9794356,1784974342139,51.20000076293945
VPlfkGA7TlKYs3GD0Aox,200,14.5118021,120.9788903,1784974349171,51.20000076293945
VPlfkGA7TlKYs3GD0Aox,201,14.5124383,120.9794935,1784974356748,51.20000076293945
VPlfkGA7TlKYs3GD0Aox,202,14.5124385,120.9794943,1784974363773,51.20000076293945
VPlfkGA7TlKYs3GD0Aox,203,14.5124393,120.979495,1784974370594,51.20000076293945
VPlfkGA7TlKYs3GD0Aox,204,14.5124253,120.9794802,1784974377368,51.20000076293945
VPlfkGA7TlKYs3GD0Aox,205,14.5124325,120.9795015,1784974384741,51.20000076293945
VPlfkGA7TlKYs3GD0Aox,206,14.5123209,120.9793815,1784974391805,51.20000076293945
VPlfkGA7TlKYs3GD0Aox,207,14.5124331,120.9794952,1784974398974,51.20000076293945
VPlfkGA7TlKYs3GD0Aox,208,14.5124394,120.9794955,1784974406106,51.20000076293945
VPlfkGA7TlKYs3GD0Aox,209,14.5124092,120.9794738,1784974413644,51.20000076293945
VPlfkGA7TlKYs3GD0Aox,210,14.512103,120.9782423,1784974421127,51.20000076293945
VPlfkGA7TlKYs3GD0Aox,211,14.512407,120.9794922,1784974429227,51.20000076293945
VPlfkGA7TlKYs3GD0Aox,212,14.5123491,120.9785122,1784974435668,51.20000076293945
VPlfkGA7TlKYs3GD0Aox,213,14.5122937,120.9794019,1784974443029,51.20000076293945
VPlfkGA7TlKYs3GD0Aox,214,14.5124075,120.9794816,1784974450208,51.20000076293945
VPlfkGA7TlKYs3GD0Aox,215,14.5124332,120.9795002,1784974457342,51.20000076293945
VPlfkGA7TlKYs3GD0Aox,216,14.5122185,120.9784935,1784974464374,51.20000076293945
VPlfkGA7TlKYs3GD0Aox,217,14.5124385,120.9794941,1784974472381,51.20000076293945
VPlfkGA7TlKYs3GD0Aox,218,14.5124324,120.9794924,1784974479006,51.20000076293945
VPlfkGA7TlKYs3GD0Aox,219,14.5120829,120.9782262,1784974486185,51.20000076293945
VPlfkGA7TlKYs3GD0Aox,220,14.5124317,120.9794901,1784974493183,51.20000076293945
VPlfkGA7TlKYs3GD0Aox,221,14.5113892,120.9775343,1784974499942,51.20000076293945
VPlfkGA7TlKYs3GD0Aox,222,14.5124248,120.9794936,1784974506632,51.20000076293945
VPlfkGA7TlKYs3GD0Aox,223,14.5124044,120.9792668,1784974513698,51.20000076293945
VPlfkGA7TlKYs3GD0Aox,224,14.5124337,120.9794941,1784974520728,51.20000076293945
VPlfkGA7TlKYs3GD0Aox,225,14.5124322,120.9794893,1784974527488,51.20000076293945
VPlfkGA7TlKYs3GD0Aox,226,14.5123939,120.9794329,1784974534236,51.20000076293945
VPlfkGA7TlKYs3GD0Aox,227,14.5124316,120.9794844,1784974540594,51.20000076293945
VPlfkGA7TlKYs3GD0Aox,228,14.5121561,120.9784669,1784974547114,51.20000076293945
VPlfkGA7TlKYs3GD0Aox,229,14.5113939,120.9777575,1784974553600,51.20000076293945
VPlfkGA7TlKYs3GD0Aox,230,14.5125289,120.9793544,1784974560912,52.79999923706055
VPlfkGA7TlKYs3GD0Aox,231,14.5125269,120.9793129,1784974568047,53.20000076293945
VPlfkGA7TlKYs3GD0Aox,232,14.5126014,120.9791728,1784974574804,57.59999847412109
VPlfkGA7TlKYs3GD0Aox,233,14.5116179,120.9788193,1784974581770,57.59999847412109
VPlfkGA7TlKYs3GD0Aox,234,14.5125049,120.9791396,1784974589038,57.59999847412109
VPlfkGA7TlKYs3GD0Aox,235,14.5125545,120.9791653,1784974591846,57.59999847412109
VPlfkGA7TlKYs3GD0Aox,236,14.512559,120.9791849,1784974594307,57.59999847412109
VPlfkGA7TlKYs3GD0Aox,237,14.5125441,120.9792065,1784974596525,57.59999847412109
VPlfkGA7TlKYs3GD0Aox,238,14.5125407,120.9791834,1784974598512,56.59999847412109
VPlfkGA7TlKYs3GD0Aox,239,14.5125172,120.979173,1784974600326,56.59999847412109
VPlfkGA7TlKYs3GD0Aox,240,14.5124967,120.9791629,1784974602199,56.59999847412109
VPlfkGA7TlKYs3GD0Aox,241,14.5124721,120.9791618,1784974604125,56.59999847412109
VPlfkGA7TlKYs3GD0Aox,242,14.512444,120.9791719,1784974605979,56.59999847412109
VPlfkGA7TlKYs3GD0Aox,243,14.5124254,120.9792205,1784974608128,56.89999771118164
VPlfkGA7TlKYs3GD0Aox,244,14.5123238,120.9796967,1784974611287,56.89999771118164
VPlfkGA7TlKYs3GD0Aox,245,14.5127044,120.9795959,1784974614293,64.0999984741211
VPlfkGA7TlKYs3GD0Aox,246,14.51277,120.979653,1784974617531,64.0999984741211
VPlfkGA7TlKYs3GD0Aox,247,14.5127408,120.9796423,1784974621292,56.79999923706055
VPlfkGA7TlKYs3GD0Aox,248,14.5126474,120.9796007,1784974623298,56.79999923706055
VPlfkGA7TlKYs3GD0Aox,249,14.5126262,120.9795862,1784974626291,56.79999923706055
VPlfkGA7TlKYs3GD0Aox,250,14.5126124,120.9795675,1784974628961,56.79999923706055
VPlfkGA7TlKYs3GD0Aox,251,14.5127771,120.9795413,1784974634777,56.79999923706055
VPlfkGA7TlKYs3GD0Aox,252,14.5129371,120.9795526,1784974637381,56.59999847412109
VPlfkGA7TlKYs3GD0Aox,253,14.5128611,120.9795557,1784974639539,56.59999847412109
VPlfkGA7TlKYs3GD0Aox,254,14.5128345,120.9795127,1784974641677,63.639
VPlfkGA7TlKYs3GD0Aox,255,14.5126862,120.9795123,1784974643874,56.59999847412109
VPlfkGA7TlKYs3GD0Aox,256,14.5127065,120.9795031,1784974645971,56.59999847412109
VPlfkGA7TlKYs3GD0Aox,257,14.5127399,120.9795438,1784974648315,56.59999847412109
VPlfkGA7TlKYs3GD0Aox,258,14.5127287,120.9795266,1784974653521,57.59999847412109
VPlfkGA7TlKYs3GD0Aox,259,14.5127013,120.979535,1784974655780,57.59999847412109
VPlfkGA7TlKYs3GD0Aox,260,14.5127208,120.9795348,1784974658576,57.59999847412109
VPlfkGA7TlKYs3GD0Aox,261,14.5127022,120.9794922,1784974660593,57.59999847412109
VPlfkGA7TlKYs3GD0Aox,262,14.512696,120.9794681,1784974663256,57.59999847412109
VPlfkGA7TlKYs3GD0Aox,263,14.5126864,120.9794596,1784974667026,57.59999847412109
VPlfkGA7TlKYs3GD0Aox,264,14.512681,120.9793928,1784974674624,57.59999847412109
VPlfkGA7TlKYs3GD0Aox,265,14.5126873,120.979338,1784974681718,57.59999847412109
VPlfkGA7TlKYs3GD0Aox,266,14.5126832,120.9793152,1784974685416,57.59999847412109
VPlfkGA7TlKYs3GD0Aox,267,14.5126648,120.979303,1784974696256,53.20000076293945
VPlfkGA7TlKYs3GD0Aox,268,14.5125788,120.9792911,1784974698212,52.79999923706055
VPlfkGA7TlKYs3GD0Aox,269,14.5125496,120.979313,1784974700359,52.79999923706055
VPlfkGA7TlKYs3GD0Aox,270,14.5125238,120.9793567,1784974704393,51.20000076293945
VPlfkGA7TlKYs3GD0Aox,271,14.5125066,120.9793798,1784974706438,51.20000076293945
VPlfkGA7TlKYs3GD0Aox,272,14.5124794,120.9794153,1784974708993,51.20000076293945
VPlfkGA7TlKYs3GD0Aox,273,14.5124761,120.9794399,1784974711019,51.20000076293945
VPlfkGA7TlKYs3GD0Aox,274,14.5125049,120.9794418,1784974714555,51.20000076293945
VPlfkGA7TlKYs3GD0Aox,275,14.5125262,120.9794294,1784974718191,51.20000076293945
VPlfkGA7TlKYs3GD0Aox,276,14.5125363,120.9794099,1784974725285,51.20000076293945
VPlfkGA7TlKYs3GD0Aox,277,14.5124918,120.9794252,1784974729741,51.20000076293945
VPlfkGA7TlKYs3GD0Aox,278,14.5121553,120.9789147,1784974737342,51.20000076293945
VPlfkGA7TlKYs3GD0Aox,279,14.5121702,120.9792986,1784974747309,51.20000076293945
VPlfkGA7TlKYs3GD0Aox,280,14.5121283,120.9793592,1784974749320,57.59999847412109
VPlfkGA7TlKYs3GD0Aox,281,14.5119942,120.9795834,1784974751324,57.59999847412109
VPlfkGA7TlKYs3GD0Aox,282,14.5118711,120.97985,1784974753325,57.59999847412109
VPlfkGA7TlKYs3GD0Aox,283,14.5117512,120.9800766,1784974755480,57.59999847412109
VPlfkGA7TlKYs3GD0Aox,284,14.5116402,120.9802801,1784974757323,57.59999847412109
VPlfkGA7TlKYs3GD0Aox,285,14.5115214,120.9805046,1784974759324,57.59999847412109
VPlfkGA7TlKYs3GD0Aox,286,14.5114017,120.9807407,1784974761323,57.59999847412109
VPlfkGA7TlKYs3GD0Aox,287,14.5112846,120.9809587,1784974763326,57.59999847412109
VPlfkGA7TlKYs3GD0Aox,288,14.511176,120.9811636,1784974765487,57.59999847412109
VPlfkGA7TlKYs3GD0Aox,289,14.5110932,120.9813525,1784974767325,57.59999847412109
VPlfkGA7TlKYs3GD0Aox,290,14.5110269,120.9815626,1784974769344,57.59999847412109
VPlfkGA7TlKYs3GD0Aox,291,14.5110084,120.9817638,1784974771331,57.59999847412109
VPlfkGA7TlKYs3GD0Aox,292,14.5110339,120.9819644,1784974773329,57.59999847412109
VPlfkGA7TlKYs3GD0Aox,293,14.5111114,120.9821724,1784974775372,57.59999847412109
VPlfkGA7TlKYs3GD0Aox,294,14.5112519,120.9823603,1784974777331,57.59999847412109
VPlfkGA7TlKYs3GD0Aox,295,14.5114411,120.9825064,1784974779326,57.59999847412109
VPlfkGA7TlKYs3GD0Aox,296,14.5116535,120.9826097,1784974781333,57.59999847412109
VPlfkGA7TlKYs3GD0Aox,297,14.5118569,120.9826756,1784974783336,57.59999847412109
VPlfkGA7TlKYs3GD0Aox,298,14.5120051,120.9827003,1784974785330,57.59999847412109
VPlfkGA7TlKYs3GD0Aox,299,14.5120765,120.9827011,1784974787336,57.59999847412109
VPlfkGA7TlKYs3GD0Aox,300,14.5121842,120.9827038,1784974789324,51.09999847412109
VPlfkGA7TlKYs3GD0Aox,301,14.512351,120.9827074,1784974791327,51.09999847412109
VPlfkGA7TlKYs3GD0Aox,302,14.5125417,120.9826973,1784974793333,51.09999847412109
VPlfkGA7TlKYs3GD0Aox,303,14.5127201,120.9826653,1784974795335,51.09999847412109
VPlfkGA7TlKYs3GD0Aox,304,14.5128772,120.9826454,1784974797328,51.09999847412109
VPlfkGA7TlKYs3GD0Aox,305,14.5130566,120.9826564,1784974799340,51.09999847412109
VPlfkGA7TlKYs3GD0Aox,306,14.5132555,120.9827101,1784974801331,51.09999847412109
VPlfkGA7TlKYs3GD0Aox,307,14.5134632,120.9827854,1784974803331,51.09999847412109
VPlfkGA7TlKYs3GD0Aox,308,14.5136728,120.9828715,1784974805334,51.09999847412109
VPlfkGA7TlKYs3GD0Aox,309,14.5138818,120.9829735,1784974807343,51.09999847412109
VPlfkGA7TlKYs3GD0Aox,310,14.5140824,120.9830906,1784974809337,51.09999847412109
VPlfkGA7TlKYs3GD0Aox,311,14.5142932,120.9832088,1784974811336,51.09999847412109
VPlfkGA7TlKYs3GD0Aox,312,14.5145076,120.9833308,1784974813342,51.09999847412109
VPlfkGA7TlKYs3GD0Aox,313,14.5147174,120.9834378,1784974815340,51.09999847412109
VPlfkGA7TlKYs3GD0Aox,314,14.5149034,120.9835247,1784974817340,51.09999847412109
VPlfkGA7TlKYs3GD0Aox,315,14.5150717,120.9835934,1784974819341,51.09999847412109
VPlfkGA7TlKYs3GD0Aox,316,14.5151817,120.9836283,1784974821340,51.09999847412109
VPlfkGA7TlKYs3GD0Aox,317,14.5152493,120.9836548,1784974823348,51.09999847412109
VPlfkGA7TlKYs3GD0Aox,318,14.5152753,120.9837305,1784974825343,51.09999847412109
VPlfkGA7TlKYs3GD0Aox,319,14.5152798,120.9838721,1784974827338,51.09999847412109
VPlfkGA7TlKYs3GD0Aox,320,14.5153101,120.9840618,1784974829343,51.09999847412109
VPlfkGA7TlKYs3GD0Aox,321,14.5153808,120.984258,1784974831330,51.09999847412109
VPlfkGA7TlKYs3GD0Aox,322,14.5154487,120.9844598,1784974833334,51.09999847412109
VPlfkGA7TlKYs3GD0Aox,323,14.5155294,120.9846842,1784974835323,51.09999847412109
VPlfkGA7TlKYs3GD0Aox,324,14.5156481,120.984803,1784974837324,51.09999847412109
VPlfkGA7TlKYs3GD0Aox,325,14.5158131,120.984874,1784974839325,51.09999847412109
VPlfkGA7TlKYs3GD0Aox,326,14.5159805,120.9849234,1784974841326,51.09999847412109
VPlfkGA7TlKYs3GD0Aox,327,14.5161481,120.9849537,1784974843334,51.09999847412109
VPlfkGA7TlKYs3GD0Aox,328,14.5162995,120.9849841,1784974845334,51.09999847412109
VPlfkGA7TlKYs3GD0Aox,329,14.5164435,120.9850124,1784974847337,51.09999847412109
VPlfkGA7TlKYs3GD0Aox,330,14.5165848,120.9850407,1784974849339,51.09999847412109
VPlfkGA7TlKYs3GD0Aox,331,14.5167396,120.985076,1784974851339,51.09999847412109
VPlfkGA7TlKYs3GD0Aox,332,14.5168991,120.9851125,1784974853339,51.09999847412109
VPlfkGA7TlKYs3GD0Aox,333,14.5170414,120.9851854,1784974855341,58.353
VPlfkGA7TlKYs3GD0Aox,334,14.517166,120.9852948,1784974857349,51.09999847412109
VPlfkGA7TlKYs3GD0Aox,335,14.5172602,120.9854241,1784974859354,51.09999847412109
VPlfkGA7TlKYs3GD0Aox,336,14.5173287,120.9855633,1784974861342,51.09999847412109
VPlfkGA7TlKYs3GD0Aox,337,14.517368,120.9857183,1784974863347,51.09999847412109
VPlfkGA7TlKYs3GD0Aox,338,14.5173786,120.9859035,1784974865344,51.09999847412109
VPlfkGA7TlKYs3GD0Aox,339,14.5173795,120.9860821,1784974867340,51.09999847412109
VPlfkGA7TlKYs3GD0Aox,340,14.5173682,120.9862795,1784974869321,51.09999847412109
VPlfkGA7TlKYs3GD0Aox,341,14.5173469,120.986479,1784974871331,51.09999847412109
VPlfkGA7TlKYs3GD0Aox,342,14.5173295,120.9866653,1784974873339,51.09999847412109
VPlfkGA7TlKYs3GD0Aox,343,14.5173212,120.9868382,1784974875337,51.09999847412109
VPlfkGA7TlKYs3GD0Aox,344,14.5173096,120.9870123,1784974877339,56.693
VPlfkGA7TlKYs3GD0Aox,345,14.5173059,120.9872028,1784974879344,59.001
VPlfkGA7TlKYs3GD0Aox,346,14.5172936,120.987401,1784974881347,60.144
VPlfkGA7TlKYs3GD0Aox,347,14.5172793,120.9876064,1784974883352,60.591
VPlfkGA7TlKYs3GD0Aox,348,14.5172708,120.9878112,1784974885346,61.614
VPlfkGA7TlKYs3GD0Aox,349,14.5172609,120.9880314,1784974887345,62.648
VPlfkGA7TlKYs3GD0Aox,350,14.517256,120.98826,1784974889345,63.912
VPlfkGA7TlKYs3GD0Aox,351,14.5172439,120.9884739,1784974891348,58.314
VPlfkGA7TlKYs3GD0Aox,352,14.5172278,120.9886887,1784974893347,57.849
VPlfkGA7TlKYs3GD0Aox,353,14.5171947,120.9889482,1784974895345,56.397
VPlfkGA7TlKYs3GD0Aox,354,14.5171707,120.9892127,1784974897355,56.185
VPlfkGA7TlKYs3GD0Aox,355,14.517143,120.9894687,1784974899351,58.142
VPlfkGA7TlKYs3GD0Aox,356,14.5171245,120.9897183,1784974901348,59.346
VPlfkGA7TlKYs3GD0Aox,357,14.5171062,120.9899695,1784974903346,61.826
VPlfkGA7TlKYs3GD0Aox,358,14.5170899,120.9901736,1784974905344,63.668
VPlfkGA7TlKYs3GD0Aox,359,14.5170704,120.9903146,1784974907346,65.576
VPlfkGA7TlKYs3GD0Aox,360,14.5170136,120.9904153,1784974909345,67.895
VPlfkGA7TlKYs3GD0Aox,361,14.5169141,120.9904856,1784974911373,68.494
VPlfkGA7TlKYs3GD0Aox,362,14.5167926,120.9905218,1784974913345,69.304
VPlfkGA7TlKYs3GD0Aox,363,14.5166728,120.9905154,1784974915345,68.357
VPlfkGA7TlKYs3GD0Aox,364,14.5166063,120.9905101,1784974917351,64.859
VPlfkGA7TlKYs3GD0Aox,365,14.5165221,120.9905169,1784974919367,63.234
VPlfkGA7TlKYs3GD0Aox,366,14.5163526,120.9904954,1784974921355,62.261
VPlfkGA7TlKYs3GD0Aox,367,14.5161226,120.9904565,1784974923350,60.755
VPlfkGA7TlKYs3GD0Aox,368,14.5158701,120.9904216,1784974925349,60.72
VPlfkGA7TlKYs3GD0Aox,369,14.5156065,120.9903942,1784974927349,61.076
VPlfkGA7TlKYs3GD0Aox,370,14.5153716,120.9903646,1784974929354,61.462
VPlfkGA7TlKYs3GD0Aox,371,14.5151426,120.9903359,1784974931354,61.482
VPlfkGA7TlKYs3GD0Aox,372,14.5149443,120.9903236,1784974933355,61.689
VPlfkGA7TlKYs3GD0Aox,373,14.514781,120.9903086,1784974935360,61.954
VPlfkGA7TlKYs3GD0Aox,374,14.5146543,120.9902867,1784974937350,61.844
VPlfkGA7TlKYs3GD0Aox,375,14.5145152,120.9902654,1784974939352,63.066
VPlfkGA7TlKYs3GD0Aox,376,14.5143435,120.9902511,1784974941349,62.618
VPlfkGA7TlKYs3GD0Aox,377,14.514138,120.9902347,1784974943346,63.073
VPlfkGA7TlKYs3GD0Aox,378,14.5139399,120.9902244,1784974945351,63.847
VPlfkGA7TlKYs3GD0Aox,379,14.5137515,120.9901894,1784974947352,64.498
VPlfkGA7TlKYs3GD0Aox,380,14.5135348,120.9901789,1784974949358,64.723
VPlfkGA7TlKYs3GD0Aox,381,14.5133022,120.9901555,1784974951352,65.184
VPlfkGA7TlKYs3GD0Aox,382,14.5130769,120.9901257,1784974953349,65.23
VPlfkGA7TlKYs3GD0Aox,383,14.5128704,120.9900739,1784974955341,65.81
VPlfkGA7TlKYs3GD0Aox,384,14.5126631,120.9900255,1784974957351,67.227
VPlfkGA7TlKYs3GD0Aox,385,14.5124463,120.9899577,1784974959350,67.505
VPlfkGA7TlKYs3GD0Aox,386,14.5122185,120.9898803,1784974961343,65.937
VPlfkGA7TlKYs3GD0Aox,387,14.5120067,120.9898255,1784974963347,65.801
VPlfkGA7TlKYs3GD0Aox,388,14.5118167,120.9897666,1784974965368,66.409
VPlfkGA7TlKYs3GD0Aox,389,14.511639,120.9896843,1784974967342,63.173
VPlfkGA7TlKYs3GD0Aox,390,14.5114822,120.9896163,1784974969351,61.789
VPlfkGA7TlKYs3GD0Aox,391,14.5113316,120.9895567,1784974971351,78.9000015258789
VPlfkGA7TlKYs3GD0Aox,392,14.5111826,120.9895048,1784974973335,78.9000015258789
VPlfkGA7TlKYs3GD0Aox,393,14.511025,120.9894568,1784974975345,78.9000015258789
VPlfkGA7TlKYs3GD0Aox,394,14.5108398,120.9893908,1784974977348,60.028
VPlfkGA7TlKYs3GD0Aox,395,14.5106372,120.9893183,1784974979355,60.646
VPlfkGA7TlKYs3GD0Aox,396,14.5104123,120.9892459,1784974981352,61.959
VPlfkGA7TlKYs3GD0Aox,397,14.5101762,120.9891768,1784974983346,78.9000015258789
VPlfkGA7TlKYs3GD0Aox,398,14.5099334,120.9891002,1784974985346,78.9000015258789
VPlfkGA7TlKYs3GD0Aox,399,14.5096793,120.9890215,1784974987349,78.9000015258789
VPlfkGA7TlKYs3GD0Aox,400,14.5094161,120.9889507,1784974989336,78.9000015258789
VPlfkGA7TlKYs3GD0Aox,401,14.5091703,120.9888752,1784974991345,78.9000015258789
VPlfkGA7TlKYs3GD0Aox,402,14.508929,120.9888041,1784974993366,78.9000015258789
VPlfkGA7TlKYs3GD0Aox,403,14.508688,120.9887325,1784974995373,78.9000015258789
VPlfkGA7TlKYs3GD0Aox,404,14.5084547,120.9886688,1784974997350,78.9000015258789
VPlfkGA7TlKYs3GD0Aox,405,14.5082447,120.9885964,1784974999349,78.9000015258789
VPlfkGA7TlKYs3GD0Aox,406,14.5080403,120.9885282,1784975001343,78.9000015258789
VPlfkGA7TlKYs3GD0Aox,407,14.5078339,120.9884494,1784975003343,78.9000015258789
VPlfkGA7TlKYs3GD0Aox,408,14.5076349,120.988355,1784975005346,78.9000015258789
VPlfkGA7TlKYs3GD0Aox,409,14.5074416,120.9882621,1784975007331,78.9000015258789
VPlfkGA7TlKYs3GD0Aox,410,14.5072302,120.9881562,1784975009344,78.9000015258789
VPlfkGA7TlKYs3GD0Aox,411,14.507028,120.9880465,1784975011341,78.9000015258789
VPlfkGA7TlKYs3GD0Aox,412,14.5068258,120.9879539,1784975013339,49.5
VPlfkGA7TlKYs3GD0Aox,413,14.5066376,120.9878587,1784975015341,49.5
VPlfkGA7TlKYs3GD0Aox,414,14.5064523,120.9877863,1784975017346,49.5
VPlfkGA7TlKYs3GD0Aox,415,14.5062844,120.9877167,1784975019427,49.5
VPlfkGA7TlKYs3GD0Aox,416,14.5061611,120.9876452,1784975021342,49.5
VPlfkGA7TlKYs3GD0Aox,417,14.5060584,120.9875461,1784975023348,49.5
VPlfkGA7TlKYs3GD0Aox,418,14.5060021,120.9874464,1784975025346,49.5
VPlfkGA7TlKYs3GD0Aox,419,14.5060253,120.9873324,1784975027340,49.5
VPlfkGA7TlKYs3GD0Aox,420,14.5061166,120.9871896,1784975029351,49.5
VPlfkGA7TlKYs3GD0Aox,421,14.5061862,120.9870646,1784975031350,49.5
VPlfkGA7TlKYs3GD0Aox,422,14.5062352,120.986982,1784975033345,49.5
VPlfkGA7TlKYs3GD0Aox,423,14.5062775,120.9868947,1784975035352,49.5
VPlfkGA7TlKYs3GD0Aox,424,14.5063688,120.9867582,1784975037354,49.5
VPlfkGA7TlKYs3GD0Aox,425,14.5064774,120.9866629,1784975039356,49.5
VPlfkGA7TlKYs3GD0Aox,426,14.5065202,120.9865881,1784975041352,49.5
VPlfkGA7TlKYs3GD0Aox,427,14.506521,120.986541,1784975043345,49.5
VPlfkGA7TlKYs3GD0Aox,428,14.5065363,120.9864956,1784975045344,49.5
VPlfkGA7TlKYs3GD0Aox,429,14.5065493,120.9865088,1784975050347,49.5
VPlfkGA7TlKYs3GD0Aox,430,14.5065345,120.9864764,1784975058353,50.5
VPlfkGA7TlKYs3GD0Aox,431,14.5065245,120.9864483,1784975073364,50.39999771118164
VPlfkGA7TlKYs3GD0Aox,432,14.5065316,120.9864169,1784975078354,50.39999771118164
VPlfkGA7TlKYs3GD0Aox,433,14.5065427,120.986373,1784975080346,50.39999771118164
VPlfkGA7TlKYs3GD0Aox,434,14.5065699,120.986329,1784975082340,50.39999771118164
VPlfkGA7TlKYs3GD0Aox,435,14.5065918,120.9862493,1784975084342,50.39999771118164
VPlfkGA7TlKYs3GD0Aox,436,14.5066244,120.9861142,1784975086345,50.39999771118164
VPlfkGA7TlKYs3GD0Aox,437,14.5066895,120.9859265,1784975088344,50.39999771118164
VPlfkGA7TlKYs3GD0Aox,438,14.5067719,120.9857441,1784975090335,50.39999771118164
VPlfkGA7TlKYs3GD0Aox,439,14.5068514,120.985561,1784975092333,50.39999771118164
VPlfkGA7TlKYs3GD0Aox,440,14.5069158,120.9853663,1784975094334,50.39999771118164
VPlfkGA7TlKYs3GD0Aox,441,14.5069723,120.9851709,1784975096342,50.39999771118164
VPlfkGA7TlKYs3GD0Aox,442,14.5070353,120.9849881,1784975098337,50.39999771118164
VPlfkGA7TlKYs3GD0Aox,443,14.5070873,120.9848239,1784975100342,50.39999771118164
VPlfkGA7TlKYs3GD0Aox,444,14.5071453,120.9846598,1784975102343,50.39999771118164
VPlfkGA7TlKYs3GD0Aox,445,14.5072073,120.9844892,1784975104341,50.39999771118164
VPlfkGA7TlKYs3GD0Aox,446,14.5072658,120.984333,1784975106345,50.39999771118164
VPlfkGA7TlKYs3GD0Aox,447,14.5073218,120.9841939,1784975108352,50.39999771118164
VPlfkGA7TlKYs3GD0Aox,448,14.5073679,120.9840601,1784975110350,50.39999771118164
VPlfkGA7TlKYs3GD0Aox,449,14.5074159,120.9839464,1784975112357,50.39999771118164
VPlfkGA7TlKYs3GD0Aox,450,14.5074561,120.9838232,1784975114351,50.39999771118164
VPlfkGA7TlKYs3GD0Aox,451,14.5075058,120.9837056,1784975116351,50.39999771118164
VPlfkGA7TlKYs3GD0Aox,452,14.5075525,120.9835856,1784975118349,50.39999771118164
VPlfkGA7TlKYs3GD0Aox,453,14.5076062,120.9834533,1784975120347,50.39999771118164
VPlfkGA7TlKYs3GD0Aox,454,14.5076649,120.9833004,1784975122356,50.39999771118164
VPlfkGA7TlKYs3GD0Aox,455,14.5077188,120.9831768,1784975124350,50.39999771118164
VPlfkGA7TlKYs3GD0Aox,456,14.507764,120.9830608,1784975126350,50.39999771118164
VPlfkGA7TlKYs3GD0Aox,457,14.5078192,120.9829963,1784975128365,50.39999771118164
VPlfkGA7TlKYs3GD0Aox,458,14.5078667,120.9829456,1784975130356,50.39999771118164
VPlfkGA7TlKYs3GD0Aox,459,14.5078829,120.9828829,1784975132341,50.39999771118164
VPlfkGA7TlKYs3GD0Aox,460,14.5079007,120.9827761,1784975134372,50.39999771118164
VPlfkGA7TlKYs3GD0Aox,461,14.5078411,120.9826779,1784975136354,50.39999771118164
VPlfkGA7TlKYs3GD0Aox,462,14.507705,120.982582,1784975138337,50.39999771118164
VPlfkGA7TlKYs3GD0Aox,463,14.5075466,120.9824889,1784975140348,50.39999771118164
VPlfkGA7TlKYs3GD0Aox,464,14.5073933,120.9824106,1784975142347,50.39999771118164
VPlfkGA7TlKYs3GD0Aox,465,14.5072467,120.9823379,1784975144348,50.39999771118164
VPlfkGA7TlKYs3GD0Aox,466,14.5071106,120.9822616,1784975146346,50.39999771118164
VPlfkGA7TlKYs3GD0Aox,467,14.5069781,120.9821898,1784975148351,50.39999771118164
VPlfkGA7TlKYs3GD0Aox,468,14.5068524,120.9821187,1784975150355,50.39999771118164
VPlfkGA7TlKYs3GD0Aox,469,14.5067075,120.9820392,1784975152353,50.39999771118164
VPlfkGA7TlKYs3GD0Aox,470,14.5065503,120.9819556,1784975154362,50.39999771118164
VPlfkGA7TlKYs3GD0Aox,471,14.5063986,120.981881,1784975156350,50.39999771118164
VPlfkGA7TlKYs3GD0Aox,472,14.5062547,120.9818099,1784975158355,50.39999771118164
VPlfkGA7TlKYs3GD0Aox,473,14.5061271,120.9817399,1784975160357,50.39999771118164
VPlfkGA7TlKYs3GD0Aox,474,14.506015,120.9816842,1784975162354,50.39999771118164
VPlfkGA7TlKYs3GD0Aox,475,14.5059426,120.9816575,1784975164364,50.39999771118164
VPlfkGA7TlKYs3GD0Aox,476,14.5058904,120.9816294,1784975166369,57.396
VPlfkGA7TlKYs3GD0Aox,477,14.5058432,120.9815994,1784975168359,57.955
VPlfkGA7TlKYs3GD0Aox,478,14.5058229,120.9815556,1784975170359,55.168
VPlfkGA7TlKYs3GD0Aox,479,14.505816,120.9814532,1784975172351,54.983
VPlfkGA7TlKYs3GD0Aox,480,14.5058391,120.9813548,1784975174361,54.838
VPlfkGA7TlKYs3GD0Aox,481,14.505846,120.9813035,1784975176360,49.29999923706055
VPlfkGA7TlKYs3GD0Aox,482,14.5058593,120.9812316,1784975178350,49.29999923706055
VPlfkGA7TlKYs3GD0Aox,483,14.5058962,120.9811097,1784975180351,49.29999923706055
VPlfkGA7TlKYs3GD0Aox,484,14.5059508,120.9809301,1784975182353,49.29999923706055
VPlfkGA7TlKYs3GD0Aox,485,14.5060123,120.9807461,1784975184349,49.29999923706055
VPlfkGA7TlKYs3GD0Aox,486,14.5060882,120.9805552,1784975186358,49.29999923706055
VPlfkGA7TlKYs3GD0Aox,487,14.506158,120.9803714,1784975188349,49.29999923706055
VPlfkGA7TlKYs3GD0Aox,488,14.5062196,120.9802086,1784975190351,49.29999923706055
VPlfkGA7TlKYs3GD0Aox,489,14.5062594,120.980059,1784975192342,49.29999923706055
VPlfkGA7TlKYs3GD0Aox,490,14.5063014,120.9799195,1784975194331,49.29999923706055
VPlfkGA7TlKYs3GD0Aox,491,14.5063317,120.9798043,1784975196343,49.29999923706055
VPlfkGA7TlKYs3GD0Aox,492,14.5063315,120.9797133,1784975198347,49.29999923706055
VPlfkGA7TlKYs3GD0Aox,493,14.5063331,120.9796904,1784975200340,49.29999923706055
VPlfkGA7TlKYs3GD0Aox,494,14.5063433,120.9797099,1784975205344,49.29999923706055
VPlfkGA7TlKYs3GD0Aox,495,14.50636,120.9797183,1784975211341,58.09999847412109
aOy5nRqwR4sQA5XKsSQj,0,14.5627114,121.0037566,1785208874679,50.79999923706055
aOy5nRqwR4sQA5XKsSQj,1,14.5627119,121.003746,1785208888773,50.79999923706055
aOy5nRqwR4sQA5XKsSQj,2,14.5627198,121.0037006,1785208892254,50.79999923706055
aOy5nRqwR4sQA5XKsSQj,3,14.5627408,121.0036812,1785208898254,50.89999771118164
aOy5nRqwR4sQA5XKsSQj,4,14.5628157,121.0036314,1785208900254,50.89999771118164
aOy5nRqwR4sQA5XKsSQj,5,14.5629062,121.0035596,1785208902253,50.89999771118164
aOy5nRqwR4sQA5XKsSQj,6,14.5629961,121.0034713,1785208904254,50.89999771118164
aOy5nRqwR4sQA5XKsSQj,7,14.5630862,121.0034009,1785208906253,50.89999771118164
aOy5nRqwR4sQA5XKsSQj,8,14.5631724,121.003333,1785208908255,50.89999771118164
aOy5nRqwR4sQA5XKsSQj,9,14.5632715,121.0032647,1785208910253,50.89999771118164
aOy5nRqwR4sQA5XKsSQj,10,14.5633854,121.003204,1785208912253,50.89999771118164
aOy5nRqwR4sQA5XKsSQj,11,14.5634817,121.0031043,1785208914254,50.89999771118164
aOy5nRqwR4sQA5XKsSQj,12,14.5635879,121.0030221,1785208916254,50.89999771118164
aOy5nRqwR4sQA5XKsSQj,13,14.5636901,121.0029612,1785208918253,50.89999771118164
aOy5nRqwR4sQA5XKsSQj,14,14.5637931,121.0028842,1785208920253,50.89999771118164
aOy5nRqwR4sQA5XKsSQj,15,14.5638957,121.0028059,1785208922254,50.89999771118164
aOy5nRqwR4sQA5XKsSQj,16,14.5640089,121.0027242,1785208924253,50.89999771118164
aOy5nRqwR4sQA5XKsSQj,17,14.564116,121.0026398,1785208926254,50.89999771118164
aOy5nRqwR4sQA5XKsSQj,18,14.5642219,121.0025632,1785208928253,50.89999771118164
aOy5nRqwR4sQA5XKsSQj,19,14.564326,121.0024823,1785208930254,50.89999771118164
aOy5nRqwR4sQA5XKsSQj,20,14.5644334,121.0024091,1785208932254,50.89999771118164
aOy5nRqwR4sQA5XKsSQj,21,14.5645341,121.0023395,1785208934254,50.89999771118164
aOy5nRqwR4sQA5XKsSQj,22,14.5646373,121.0022675,1785208936254,50.89999771118164
aOy5nRqwR4sQA5XKsSQj,23,14.5647252,121.0022064,1785208938253,50.89999771118164
aOy5nRqwR4sQA5XKsSQj,24,14.5647983,121.0021493,1785208940255,50.89999771118164
aOy5nRqwR4sQA5XKsSQj,25,14.5648542,121.0021208,1785208942254,50.89999771118164
aOy5nRqwR4sQA5XKsSQj,26,14.5648832,121.002094,1785208944254,50.89999771118164
aOy5nRqwR4sQA5XKsSQj,27,14.5649128,121.0020723,1785208948253,50.89999771118164
aOy5nRqwR4sQA5XKsSQj,28,14.5649439,121.0020617,1785208950253,50.89999771118164
aOy5nRqwR4sQA5XKsSQj,29,14.56499,121.0020817,1785208952254,50.89999771118164
aOy5nRqwR4sQA5XKsSQj,30,14.5650634,121.0021455,1785208954253,50.89999771118164
aOy5nRqwR4sQA5XKsSQj,31,14.5651337,121.0022042,1785208956255,50.89999771118164
aOy5nRqwR4sQA5XKsSQj,32,14.5651986,121.0022524,1785208958254,50.89999771118164
aOy5nRqwR4sQA5XKsSQj,33,14.5652921,121.0022318,1785208960254,50.89999771118164
aOy5nRqwR4sQA5XKsSQj,34,14.5653749,121.0022018,1785208962254,50.89999771118164
aOy5nRqwR4sQA5XKsSQj,35,14.5654376,121.0021606,1785208964253,50.29999923706055
aOy5nRqwR4sQA5XKsSQj,36,14.5655139,121.0021192,1785208966254,50.29999923706055
aOy5nRqwR4sQA5XKsSQj,37,14.5655819,121.002095,1785208968254,50.29999923706055
aOy5nRqwR4sQA5XKsSQj,38,14.5656315,121.0020714,1785208970253,50.29999923706055
aOy5nRqwR4sQA5XKsSQj,39,14.5656743,121.0020483,1785208972253,50.29999923706055
aOy5nRqwR4sQA5XKsSQj,40,14.565736,121.0020182,1785208974253,50.29999923706055
aOy5nRqwR4sQA5XKsSQj,41,14.5657936,121.0019914,1785208976253,50.29999923706055
aOy5nRqwR4sQA5XKsSQj,42,14.5658352,121.0019685,1785208978254,50.29999923706055
aOy5nRqwR4sQA5XKsSQj,43,14.56586,121.0019527,1785208980254,50.29999923706055
aOy5nRqwR4sQA5XKsSQj,44,14.5658987,121.001939,1785208982254,50.29999923706055
aOy5nRqwR4sQA5XKsSQj,45,14.5659607,121.0019116,1785208984254,50.29999923706055
aOy5nRqwR4sQA5XKsSQj,46,14.5660417,121.0018579,1785208986253,50.29999923706055
aOy5nRqwR4sQA5XKsSQj,47,14.5661246,121.0018137,1785208988253,50.29999923706055
aOy5nRqwR4sQA5XKsSQj,48,14.5662164,121.001776,1785208990254,50.29999923706055
aOy5nRqwR4sQA5XKsSQj,49,14.5663118,121.0017375,1785208992254,50.29999923706055
aOy5nRqwR4sQA5XKsSQj,50,14.5663985,121.0017001,1785208994255,50.29999923706055
aOy5nRqwR4sQA5XKsSQj,51,14.566484,121.0016392,1785208996254,50.29999923706055
aOy5nRqwR4sQA5XKsSQj,52,14.5665875,121.0015624,1785208998254,50.29999923706055
aOy5nRqwR4sQA5XKsSQj,53,14.5666825,121.0015202,1785209000253,50.29999923706055
aOy5nRqwR4sQA5XKsSQj,54,14.5667715,121.0014984,1785209002255,50.29999923706055
aOy5nRqwR4sQA5XKsSQj,55,14.5668653,121.0014553,1785209004254,50.29999923706055
aOy5nRqwR4sQA5XKsSQj,56,14.5669536,121.0014106,1785209006253,50.29999923706055
aOy5nRqwR4sQA5XKsSQj,57,14.5670503,121.0013636,1785209008253,50.29999923706055
aOy5nRqwR4sQA5XKsSQj,58,14.567139,121.0013161,1785209010254,50.29999923706055
aOy5nRqwR4sQA5XKsSQj,59,14.56722,121.0012654,1785209012254,50.29999923706055
aOy5nRqwR4sQA5XKsSQj,60,14.5673005,121.0012353,1785209014253,50.29999923706055
aOy5nRqwR4sQA5XKsSQj,61,14.567364,121.0012048,1785209016255,50.29999923706055
aOy5nRqwR4sQA5XKsSQj,62,14.5674121,121.0011786,1785209018253,50.29999923706055
aOy5nRqwR4sQA5XKsSQj,63,14.5674437,121.0011308,1785209020254,50.29999923706055
aOy5nRqwR4sQA5XKsSQj,64,14.56742,121.0010445,1785209022253,50.29999923706055
aOy5nRqwR4sQA5XKsSQj,65,14.567404,121.0009395,1785209024253,50.29999923706055
aOy5nRqwR4sQA5XKsSQj,66,14.567375,121.0008398,1785209026254,50.29999923706055
aOy5nRqwR4sQA5XKsSQj,67,14.5673329,121.0007203,1785209028255,50.29999923706055
aOy5nRqwR4sQA5XKsSQj,68,14.5672706,121.0006132,1785209030255,50.29999923706055
aOy5nRqwR4sQA5XKsSQj,69,14.5672149,121.0004784,1785209032253,50.29999923706055
aOy5nRqwR4sQA5XKsSQj,70,14.5671501,121.0003833,1785209034253,50.29999923706055
aOy5nRqwR4sQA5XKsSQj,71,14.5670908,121.0002928,1785209036253,50.29999923706055
aOy5nRqwR4sQA5XKsSQj,72,14.5670502,121.0001706,1785209038253,50.29999923706055
aOy5nRqwR4sQA5XKsSQj,73,14.5669902,121.0000669,1785209040254,50.29999923706055
aOy5nRqwR4sQA5XKsSQj,74,14.5669534,120.9999655,1785209042254,50.29999923706055
aOy5nRqwR4sQA5XKsSQj,75,14.5669045,120.999842,1785209044254,50.29999923706055
aOy5nRqwR4sQA5XKsSQj,76,14.5668621,120.9997411,1785209046255,50.29999923706055
aOy5nRqwR4sQA5XKsSQj,77,14.5668071,120.9996297,1785209048254,50.29999923706055
aOy5nRqwR4sQA5XKsSQj,78,14.5667548,120.9995089,1785209050255,50.29999923706055
aOy5nRqwR4sQA5XKsSQj,79,14.5666921,120.9993937,1785209052253,50.29999923706055
aOy5nRqwR4sQA5XKsSQj,80,14.566643,120.9992668,1785209054254,50.29999923706055
aOy5nRqwR4sQA5XKsSQj,81,14.5665853,120.9991522,1785209056253,50.29999923706055
aOy5nRqwR4sQA5XKsSQj,82,14.5665489,120.999036,1785209058254,50.29999923706055
aOy5nRqwR4sQA5XKsSQj,83,14.5665145,120.9989243,1785209060254,50.29999923706055
aOy5nRqwR4sQA5XKsSQj,84,14.5664607,120.9988137,1785209062254,50.29999923706055
aOy5nRqwR4sQA5XKsSQj,85,14.5663864,120.9987053,1785209064254,50.29999923706055
aOy5nRqwR4sQA5XKsSQj,86,14.5663464,120.998604,1785209066254,50.29999923706055
aOy5nRqwR4sQA5XKsSQj,87,14.5662983,120.9985246,1785209068254,50.29999923706055
aOy5nRqwR4sQA5XKsSQj,88,14.5662597,120.9984344,1785209070254,50.29999923706055
aOy5nRqwR4sQA5XKsSQj,89,14.5662078,120.9983499,1785209072253,50.29999923706055
aOy5nRqwR4sQA5XKsSQj,90,14.5661821,120.9982667,1785209074253,50.29999923706055
aOy5nRqwR4sQA5XKsSQj,91,14.5661375,120.9981971,1785209076254,50.29999923706055
aOy5nRqwR4sQA5XKsSQj,92,14.566114,120.9981348,1785209078254,50.29999923706055
aOy5nRqwR4sQA5XKsSQj,93,14.5661053,120.998114,1785209080253,50.29999923706055
aOy5nRqwR4sQA5XKsSQj,94,14.5660939,120.998089,1785209082253,50.29999923706055
aOy5nRqwR4sQA5XKsSQj,95,14.5660884,120.9980691,1785209086254,50.29999923706055
aOy5nRqwR4sQA5XKsSQj,96,14.5660755,120.9980373,1785209088254,50.29999923706055
aOy5nRqwR4sQA5XKsSQj,97,14.5660061,120.9979061,1785209090254,50.29999923706055
aOy5nRqwR4sQA5XKsSQj,98,14.5659893,120.9977754,1785209092253,50.29999923706055
aOy5nRqwR4sQA5XKsSQj,99,14.5660086,120.9976544,1785209094254,50.29999923706055
aOy5nRqwR4sQA5XKsSQj,100,14.5659861,120.9975462,1785209096253,50.29999923706055
aOy5nRqwR4sQA5XKsSQj,101,14.5659326,120.9974558,1785209098253,50.29999923706055
aOy5nRqwR4sQA5XKsSQj,102,14.5658195,120.9973677,1785209100254,50.29999923706055
aOy5nRqwR4sQA5XKsSQj,103,14.5657775,120.9972821,1785209102254,50.29999923706055
aOy5nRqwR4sQA5XKsSQj,104,14.5657416,120.9972224,1785209104254,50.29999923706055
aOy5nRqwR4sQA5XKsSQj,105,14.5656979,120.9971912,1785209108254,50.29999923706055
aOy5nRqwR4sQA5XKsSQj,106,14.5656815,120.9971476,1785209110253,50.29999923706055
aOy5nRqwR4sQA5XKsSQj,107,14.5656701,120.9971017,1785209112254,50.29999923706055
aOy5nRqwR4sQA5XKsSQj,108,14.5656629,120.9970287,1785209114253,50.29999923706055
aOy5nRqwR4sQA5XKsSQj,109,14.5656297,120.9969401,1785209116255,50.29999923706055
aOy5nRqwR4sQA5XKsSQj,110,14.5655886,120.996834,1785209118254,50.29999923706055
aOy5nRqwR4sQA5XKsSQj,111,14.5655547,120.9967133,1785209120253,50.29999923706055
aOy5nRqwR4sQA5XKsSQj,112,14.5655353,120.9965985,1785209122253,50.29999923706055
aOy5nRqwR4sQA5XKsSQj,113,14.565485,120.996498,1785209124253,50.29999923706055
aOy5nRqwR4sQA5XKsSQj,114,14.5654339,120.9963972,1785209126253,50.29999923706055
aOy5nRqwR4sQA5XKsSQj,115,14.5653824,120.9963099,1785209128253,50.29999923706055
aOy5nRqwR4sQA5XKsSQj,116,14.5653435,120.9962423,1785209130253,50.0
aOy5nRqwR4sQA5XKsSQj,117,14.5653203,120.9961984,1785209132254,50.0
aOy5nRqwR4sQA5XKsSQj,118,14.5653392,120.9961825,1785209134254,50.0
aOy5nRqwR4sQA5XKsSQj,119,14.5653003,120.9961678,1785209138254,50.0
aOy5nRqwR4sQA5XKsSQj,120,14.5652686,120.9961627,1785209140253,50.0
aOy5nRqwR4sQA5XKsSQj,121,14.5652804,120.9962592,1785209142254,50.0
aOy5nRqwR4sQA5XKsSQj,122,14.565259,120.99627,1785209157253,51.59999847412109
aTj3bXMTL3inZhIgq22m,0,14.563411,120.9946151,1784969497539,51.39999771118164
aTj3bXMTL3inZhIgq22m,1,14.5634043,120.9946053,1784969505989,51.09999847412109
aTj3bXMTL3inZhIgq22m,2,14.5635469,120.9947251,1784969509077,51.09999847412109
aTj3bXMTL3inZhIgq22m,3,14.5635784,120.9947173,1784969511082,51.09999847412109
aTj3bXMTL3inZhIgq22m,4,14.5635787,120.9946932,1784969513082,51.09999847412109
aTj3bXMTL3inZhIgq22m,5,14.5635823,120.9946591,1784969515081,51.09999847412109
aTj3bXMTL3inZhIgq22m,6,14.5635786,120.9946338,1784969551088,51.09999847412109
aTj3bXMTL3inZhIgq22m,7,14.5635613,120.9946252,1784969609101,51.09999847412109
aTj3bXMTL3inZhIgq22m,8,14.5635364,120.9946383,1784969611094,51.09999847412109
aTj3bXMTL3inZhIgq22m,9,14.5635179,120.9946377,1784969615083,51.09999847412109
aTj3bXMTL3inZhIgq22m,10,14.5634876,120.9946361,1784969617083,51.09999847412109
aTj3bXMTL3inZhIgq22m,11,14.5634591,120.9946457,1784969619088,51.09999847412109
aTj3bXMTL3inZhIgq22m,12,14.5634275,120.9946383,1784969623084,51.09999847412109
aTj3bXMTL3inZhIgq22m,13,14.5633979,120.9946509,1784969625081,51.09999847412109
aTj3bXMTL3inZhIgq22m,14,14.5633615,120.9946684,1784969627076,51.09999847412109
aTj3bXMTL3inZhIgq22m,15,14.5633259,120.9946789,1784969629079,51.09999847412109
aTj3bXMTL3inZhIgq22m,16,14.5632844,120.9946905,1784969631071,51.09999847412109
aTj3bXMTL3inZhIgq22m,17,14.5632448,120.9946974,1784969633060,51.09999847412109
aTj3bXMTL3inZhIgq22m,18,14.5631919,120.9946998,1784969635081,51.09999847412109
aTj3bXMTL3inZhIgq22m,19,14.5631165,120.9947134,1784969637080,51.09999847412109
aTj3bXMTL3inZhIgq22m,20,14.5630413,120.9947343,1784969639079,51.09999847412109
aTj3bXMTL3inZhIgq22m,21,14.5629658,120.9947731,1784969641084,51.09999847412109
aTj3bXMTL3inZhIgq22m,22,14.562887,120.9948241,1784969643081,51.09999847412109
aTj3bXMTL3inZhIgq22m,23,14.5627988,120.9948704,1784969645097,51.09999847412109
aTj3bXMTL3inZhIgq22m,24,14.5627315,120.9949104,1784969647069,51.09999847412109
aTj3bXMTL3inZhIgq22m,25,14.5626791,120.9949459,1784969649068,51.09999847412109
aTj3bXMTL3inZhIgq22m,26,14.5626634,120.9949557,1784969663083,51.09999847412109
aTj3bXMTL3inZhIgq22m,27,14.5626471,120.9949645,1784969699080,76.961
aTj3bXMTL3inZhIgq22m,28,14.562626,120.9949737,1784969713077,76.961
aTj3bXMTL3inZhIgq22m,29,14.5626083,120.9949854,1784969715082,77.328
aTj3bXMTL3inZhIgq22m,30,14.5625955,120.995059,1784969717079,78.98
aTj3bXMTL3inZhIgq22m,31,14.5626079,120.9951714,1784969719077,79.777
aTj3bXMTL3inZhIgq22m,32,14.5626334,120.995317,1784969721075,79.405
aTj3bXMTL3inZhIgq22m,33,14.5626648,120.9954603,1784969723085,71.955
aTj3bXMTL3inZhIgq22m,34,14.5627184,120.9956069,1784969725084,68.388
aTj3bXMTL3inZhIgq22m,35,14.5627636,120.995696,1784969727087,68.088
aTj3bXMTL3inZhIgq22m,36,14.5628055,120.9957684,1784969729089,72.56
aTj3bXMTL3inZhIgq22m,37,14.5628508,120.9958437,1784969731084,72.003
aTj3bXMTL3inZhIgq22m,38,14.5628994,120.9959408,1784969733080,68.017
aTj3bXMTL3inZhIgq22m,39,14.562949,120.9960277,1784969735083,66.226
aTj3bXMTL3inZhIgq22m,40,14.5629891,120.9961195,1784969737090,64.688
aTj3bXMTL3inZhIgq22m,41,14.5630176,120.9962026,1784969739078,63.815
aTj3bXMTL3inZhIgq22m,42,14.5630431,120.9962955,1784969741081,63.231
aTj3bXMTL3inZhIgq22m,43,14.5630943,120.9964127,1784969743087,60.976
aTj3bXMTL3inZhIgq22m,44,14.563142,120.9965328,1784969745083,62.013
aTj3bXMTL3inZhIgq22m,45,14.5631978,120.996673,1784969747083,64.187
aTj3bXMTL3inZhIgq22m,46,14.5632386,120.9968036,1784969749086,61.658
aTj3bXMTL3inZhIgq22m,47,14.5632765,120.9969328,1784969751082,56.724
aTj3bXMTL3inZhIgq22m,48,14.5633305,120.9970516,1784969753091,57.328
aTj3bXMTL3inZhIgq22m,49,14.563378,120.9971466,1784969755089,62.983
aTj3bXMTL3inZhIgq22m,50,14.5634398,120.9972684,1784969757090,68.046
aTj3bXMTL3inZhIgq22m,51,14.5634957,120.9974131,1784969759089,70.59
aTj3bXMTL3inZhIgq22m,52,14.5635734,120.99757,1784969761084,70.321
aTj3bXMTL3inZhIgq22m,53,14.563658,120.9977102,1784969763088,72.289
aTj3bXMTL3inZhIgq22m,54,14.5637262,120.997834,1784969765084,74.974
aTj3bXMTL3inZhIgq22m,55,14.563764,120.9979432,1784969767126,70.42
aTj3bXMTL3inZhIgq22m,56,14.563799,120.9980626,1784969769098,66.562
aTj3bXMTL3inZhIgq22m,57,14.5638599,120.9981785,1784969771094,67.443
aTj3bXMTL3inZhIgq22m,58,14.5639351,120.9982789,1784969773088,72.048
aTj3bXMTL3inZhIgq22m,59,14.5639982,120.9983803,1784969775092,75.476
aTj3bXMTL3inZhIgq22m,60,14.5640501,120.9984492,1784969777088,77.445
aTj3bXMTL3inZhIgq22m,61,14.564108,120.9984588,1784969779089,74.57
aTj3bXMTL3inZhIgq22m,62,14.564201,120.9984164,1784969781088,74.876
aTj3bXMTL3inZhIgq22m,63,14.5642943,120.9983536,1784969783085,75.972
aTj3bXMTL3inZhIgq22m,64,14.5643889,120.9982857,1784969785089,77.113
aTj3bXMTL3inZhIgq22m,65,14.5644851,120.9982239,1784969787078,76.942
aTj3bXMTL3inZhIgq22m,66,14.5645999,120.9981773,1784969789094,76.825
aTj3bXMTL3inZhIgq22m,67,14.5647456,120.9981308,1784969791091,76.559
aTj3bXMTL3inZhIgq22m,68,14.5648789,120.998094,1784969793084,74.479
aTj3bXMTL3inZhIgq22m,69,14.564988,120.9980658,1784969795091,72.904
aTj3bXMTL3inZhIgq22m,70,14.5650867,120.9980298,1784969797103,73.487
aTj3bXMTL3inZhIgq22m,71,14.5651849,120.9979933,1784969799096,75.398
aTj3bXMTL3inZhIgq22m,72,14.5652925,120.9979627,1784969801102,76.309
aTj3bXMTL3inZhIgq22m,73,14.565395,120.9979605,1784969803092,78.797
aTj3bXMTL3inZhIgq22m,74,14.5654958,120.9979354,1784969805092,81.185
aTj3bXMTL3inZhIgq22m,75,14.565584,120.9979089,1784969807088,84.467
aTj3bXMTL3inZhIgq22m,76,14.5656744,120.9978957,1784969809092,87.374
aTj3bXMTL3inZhIgq22m,77,14.5657634,120.9978533,1784969811087,94.104
aTj3bXMTL3inZhIgq22m,78,14.5658248,120.9978271,1784969813104,95.502
aTj3bXMTL3inZhIgq22m,79,14.5658807,120.9977972,1784969815101,96.356
aTj3bXMTL3inZhIgq22m,80,14.565974,120.9977733,1784969817102,95.663
aTj3bXMTL3inZhIgq22m,81,14.5660759,120.9977679,1784969819103,94.376
aTj3bXMTL3inZhIgq22m,82,14.5661705,120.9977601,1784969821096,94.132
aTj3bXMTL3inZhIgq22m,83,14.5662948,120.9977258,1784969823097,92.742
aTj3bXMTL3inZhIgq22m,84,14.5664277,120.9977115,1784969825100,89.866
aTj3bXMTL3inZhIgq22m,85,14.5665427,120.9976945,1784969827110,91.492
aTj3bXMTL3inZhIgq22m,86,14.5666737,120.9976989,1784969829123,91.672
aTj3bXMTL3inZhIgq22m,87,14.5668096,120.9977071,1784969831105,90.537
aTj3bXMTL3inZhIgq22m,88,14.5669457,120.9977442,1784969833097,88.637
aTj3bXMTL3inZhIgq22m,89,14.567096,120.9977885,1784969835093,85.074
aTj3bXMTL3inZhIgq22m,90,14.5672336,120.9978365,1784969837093,80.047
aTj3bXMTL3inZhIgq22m,91,14.5673546,120.997882,1784969839107,76.957
aTj3bXMTL3inZhIgq22m,92,14.5674388,120.9979188,1784969841110,74.312
aTj3bXMTL3inZhIgq22m,93,14.5674726,120.99793,1784969845116,74.246
aTj3bXMTL3inZhIgq22m,94,14.5674969,120.9979298,1784969847111,74.923
aTj3bXMTL3inZhIgq22m,95,14.5675578,120.9979311,1784969849111,76.219
aTj3bXMTL3inZhIgq22m,96,14.5676243,120.9979391,1784969851102,75.378
aTj3bXMTL3inZhIgq22m,97,14.5676881,120.997939,1784969853094,72.633
aTj3bXMTL3inZhIgq22m,98,14.567718,120.9979407,1784969859103,72.633
aTj3bXMTL3inZhIgq22m,99,14.5677416,120.9979359,1784969861098,71.899
aTj3bXMTL3inZhIgq22m,100,14.5677473,120.9979108,1784969863105,71.292
aTj3bXMTL3inZhIgq22m,101,14.567747,120.9978904,1784969865095,71.527
aTj3bXMTL3inZhIgq22m,102,14.5677432,120.9978658,1784969867096,70.481
aTj3bXMTL3inZhIgq22m,103,14.5677438,120.9978371,1784969869101,68.5
aTj3bXMTL3inZhIgq22m,104,14.5677484,120.9978074,1784969871101,66.992
aTj3bXMTL3inZhIgq22m,105,14.5677488,120.997782,1784969873103,66.578
aTj3bXMTL3inZhIgq22m,106,14.5677502,120.9977584,1784969875103,64.8
aTj3bXMTL3inZhIgq22m,107,14.5677614,120.9977384,1784969879097,63.637
aTj3bXMTL3inZhIgq22m,108,14.567784,120.9977064,1784969883098,63.456
aTj3bXMTL3inZhIgq22m,109,14.5677914,120.9976844,1784969885091,66.202
aTj3bXMTL3inZhIgq22m,110,14.5677991,120.9976507,1784969887103,65.551
aTj3bXMTL3inZhIgq22m,111,14.567802,120.9976085,1784969889095,64.173
aTj3bXMTL3inZhIgq22m,112,14.5677988,120.9975655,1784969891112,63.435
aTj3bXMTL3inZhIgq22m,113,14.5677915,120.9975307,1784969893096,64.024
aTj3bXMTL3inZhIgq22m,114,14.5677908,120.9975093,1784969895106,64.672
aTj3bXMTL3inZhIgq22m,115,14.5677946,120.9974714,1784969897098,66.668
aTj3bXMTL3inZhIgq22m,116,14.567811,120.9974104,1784969899094,67.937
aTj3bXMTL3inZhIgq22m,117,14.5678548,120.9973615,1784969901065,59.517
aTj3bXMTL3inZhIgq22m,118,14.5678758,120.9973394,1784969903063,52.836
aTj3bXMTL3inZhIgq22m,119,14.5678807,120.9973151,1784969906072,47.948
aTj3bXMTL3inZhIgq22m,120,14.5678906,120.9972692,1784969908085,49.711
aTj3bXMTL3inZhIgq22m,121,14.5678768,120.9972543,1784969915075,51.191
aTj3bXMTL3inZhIgq22m,122,14.5678739,120.9972346,1784969919079,52.506
aTj3bXMTL3inZhIgq22m,123,14.5679016,120.9972305,1784969923097,56.454
aTj3bXMTL3inZhIgq22m,124,14.5679422,120.9972126,1784969925093,57.09
aTj3bXMTL3inZhIgq22m,125,14.5679956,120.9971935,1784969927084,57.269
aTj3bXMTL3inZhIgq22m,126,14.5680517,120.9971878,1784969929078,58.827
aTj3bXMTL3inZhIgq22m,127,14.5680954,120.9971973,1784969931069,60.573
aTj3bXMTL3inZhIgq22m,128,14.568131,120.9972189,1784969933074,57.437
aTj3bXMTL3inZhIgq22m,129,14.5681722,120.9972369,1784969935069,53.911
aTj3bXMTL3inZhIgq22m,130,14.5682074,120.9972385,1784969937080,53.468
aTj3bXMTL3inZhIgq22m,131,14.5682402,120.9972302,1784969939072,55.795
aTj3bXMTL3inZhIgq22m,132,14.5682698,120.9972247,1784969941066,58.519
aTj3bXMTL3inZhIgq22m,133,14.5682881,120.9972306,1784969944070,60.221
aTj3bXMTL3inZhIgq22m,134,14.5682779,120.9972546,1784969952060,59.993
aTj3bXMTL3inZhIgq22m,135,14.5682642,120.9972771,1784969954051,56.016
aTj3bXMTL3inZhIgq22m,136,14.568253,120.9972948,1784969957053,52.361
aTj3bXMTL3inZhIgq22m,137,14.5682718,120.9972921,1784969969070,57.554
aTj3bXMTL3inZhIgq22m,138,14.5682964,120.9972792,1784969974075,59.186
aTj3bXMTL3inZhIgq22m,139,14.568329,120.9972424,1784969976084,58.691
aTj3bXMTL3inZhIgq22m,140,14.56835,120.9972233,1784969978070,56.025
aTj3bXMTL3inZhIgq22m,141,14.568366,120.997201,1784969982073,58.485
aTj3bXMTL3inZhIgq22m,142,14.5683558,120.9971853,1784969988067,58.844
aTj3bXMTL3inZhIgq22m,143,14.5683592,120.9971656,1784969995067,61.187
aTj3bXMTL3inZhIgq22m,144,14.5683574,120.9971398,1784969998052,63.668
aTj3bXMTL3inZhIgq22m,145,14.5683333,120.9971391,1784970001049,60.071
aTj3bXMTL3inZhIgq22m,146,14.568303,120.9971701,1784970003047,57.252
aTj3bXMTL3inZhIgq22m,147,14.5682722,120.9972159,1784970005033,56.533
aTj3bXMTL3inZhIgq22m,148,14.5682369,120.9972437,1784970007030,56.533
aTj3bXMTL3inZhIgq22m,149,14.568205,120.9972441,1784970009029,57.736
aTj3bXMTL3inZhIgq22m,150,14.5681825,120.9972436,1784970011023,57.736
aTj3bXMTL3inZhIgq22m,151,14.5681508,120.997256,1784970013049,57.658
aTj3bXMTL3inZhIgq22m,152,14.5681172,120.9972839,1784970015071,54.622
aTj3bXMTL3inZhIgq22m,153,14.5680929,120.9973292,1784970017051,50.845
aTj3bXMTL3inZhIgq22m,154,14.5680552,120.9973937,1784970019068,42.051
aTj3bXMTL3inZhIgq22m,155,14.5680395,120.9974394,1784970021048,43.621
aTj3bXMTL3inZhIgq22m,156,14.5680074,120.9974904,1784970023053,42.996
aTj3bXMTL3inZhIgq22m,157,14.5679646,120.9975409,1784970025052,49.5
aTj3bXMTL3inZhIgq22m,158,14.5679345,120.9975738,1784970027060,49.5
aTj3bXMTL3inZhIgq22m,159,14.5679177,120.9975879,1784970034056,49.5
aTj3bXMTL3inZhIgq22m,160,14.5679078,120.9976137,1784970037095,49.5
aTj3bXMTL3inZhIgq22m,161,14.5678984,120.9976318,1784970040086,49.5
aTj3bXMTL3inZhIgq22m,162,14.5678868,120.9976551,1784970044089,49.5
aTj3bXMTL3inZhIgq22m,163,14.5678731,120.9976804,1784970047076,49.5
aTj3bXMTL3inZhIgq22m,164,14.5678683,120.9976537,1784970050057,49.5
aTj3bXMTL3inZhIgq22m,165,14.5678898,120.9974959,1784970052078,49.5
aTj3bXMTL3inZhIgq22m,166,14.5679105,120.9974258,1784970054079,49.5
aTj3bXMTL3inZhIgq22m,167,14.5679151,120.9973719,1784970056084,49.5
aTj3bXMTL3inZhIgq22m,168,14.5678674,120.9973391,1784970058089,49.5
aTj3bXMTL3inZhIgq22m,169,14.5678183,120.9973224,1784970060086,49.5
aTj3bXMTL3inZhIgq22m,170,14.5677933,120.9973165,1784970064103,49.5
aTj3bXMTL3inZhIgq22m,171,14.5677723,120.9973129,1784970066085,49.5
aTj3bXMTL3inZhIgq22m,172,14.5677696,120.9973464,1784970068087,49.5
aTj3bXMTL3inZhIgq22m,173,14.5677725,120.9973793,1784970070079,49.5
aTj3bXMTL3inZhIgq22m,174,14.5677923,120.9973974,1784970072080,49.5
aTj3bXMTL3inZhIgq22m,175,14.567823,120.9973978,1784970074076,49.5
aTj3bXMTL3inZhIgq22m,176,14.5678301,120.9974231,1784970076097,49.5
aTj3bXMTL3inZhIgq22m,177,14.5678439,120.997464,1784970078098,49.5
aTj3bXMTL3inZhIgq22m,178,14.5678668,120.9974985,1784970080089,49.5
aTj3bXMTL3inZhIgq22m,179,14.5678512,120.9975293,1784970083083,49.5
aTj3bXMTL3inZhIgq22m,180,14.5678445,120.9975709,1784970085091,49.5
aTj3bXMTL3inZhIgq22m,181,14.5678379,120.9976125,1784970087094,49.5
aTj3bXMTL3inZhIgq22m,182,14.5678391,120.9976478,1784970089086,49.5
aTj3bXMTL3inZhIgq22m,183,14.5678333,120.9976966,1784970091088,64.089
aTj3bXMTL3inZhIgq22m,184,14.567816,120.9977309,1784970093086,59.098
aTj3bXMTL3inZhIgq22m,185,14.5678026,120.9977521,1784970095094,55.806
aTj3bXMTL3inZhIgq22m,186,14.5677946,120.99777,1784970098093,54.577
aTj3bXMTL3inZhIgq22m,187,14.5677865,120.9977878,1784970109097,52.997
aTj3bXMTL3inZhIgq22m,188,14.5677862,120.9978065,1784970111095,52.167
aTj3bXMTL3inZhIgq22m,189,14.5677763,120.9978313,1784970113093,49.83
aTj3bXMTL3inZhIgq22m,190,14.5677654,120.9978462,1784970115104,46.578
aTj3bXMTL3inZhIgq22m,191,14.5677631,120.9978648,1784970120108,43.158
aTj3bXMTL3inZhIgq22m,192,14.5677565,120.9978871,1784970123109,40.456
aTj3bXMTL3inZhIgq22m,193,14.5677565,120.997906,1784970127121,37.822
aTj3bXMTL3inZhIgq22m,194,14.5677425,120.997919,1784970130118,50.0
aTj3bXMTL3inZhIgq22m,195,14.5677184,120.9979382,1784970132110,50.0
aTj3bXMTL3inZhIgq22m,196,14.5676935,120.9979565,1784970134104,50.0
aTj3bXMTL3inZhIgq22m,197,14.5676619,120.9979679,1784970136110,50.0
aTj3bXMTL3inZhIgq22m,198,14.5676321,120.997975,1784970138107,50.0
aTj3bXMTL3inZhIgq22m,199,14.5676131,120.9979791,1784970143115,50.0
aTj3bXMTL3inZhIgq22m,200,14.5675916,120.997983,1784970145123,50.0
aTj3bXMTL3inZhIgq22m,201,14.567572,120.9979925,1784970147118,50.0
aTj3bXMTL3inZhIgq22m,202,14.5675537,120.9979944,1784970152121,50.0
aTj3bXMTL3inZhIgq22m,203,14.5675369,120.9980048,1784970157132,50.0
aTj3bXMTL3inZhIgq22m,204,14.5675092,120.9980139,1784970159115,50.0
aTj3bXMTL3inZhIgq22m,205,14.56749,120.9980305,1784970162115,50.0
aTj3bXMTL3inZhIgq22m,206,14.5674787,120.9980456,1784970169101,50.0
aTj3bXMTL3inZhIgq22m,207,14.56748,120.9980268,1784970173096,50.0
aTj3bXMTL3inZhIgq22m,208,14.5674832,120.9979853,1784970175096,50.0
aTj3bXMTL3inZhIgq22m,209,14.5674851,120.9979537,1784970177100,50.0
aTj3bXMTL3inZhIgq22m,210,14.5674695,120.9979439,1784970184101,50.0
aTj3bXMTL3inZhIgq22m,211,14.5674499,120.9979416,1784970201072,50.0
aTj3bXMTL3inZhIgq22m,212,14.5674328,120.9979285,1784970203080,50.0
aTj3bXMTL3inZhIgq22m,213,14.5674362,120.9979031,1784970206081,50.0
aTj3bXMTL3inZhIgq22m,214,14.5674573,120.9978906,1784970209075,50.0
aTj3bXMTL3inZhIgq22m,215,14.5674762,120.9978755,1784970232104,64.062
aTj3bXMTL3inZhIgq22m,216,14.5674966,120.997872,1784970234082,60.816
aTj3bXMTL3inZhIgq22m,217,14.5674605,120.9978696,1784970277110,68.712
aTj3bXMTL3inZhIgq22m,218,14.5673907,120.9978818,1784970279099,66.936
aTj3bXMTL3inZhIgq22m,219,14.5672825,120.9978922,1784970281100,68.231
aTj3bXMTL3inZhIgq22m,220,14.5671729,120.9978855,1784970283094,67.356
aTj3bXMTL3inZhIgq22m,221,14.5670558,120.9979013,1784970285096,68.637
aTj3bXMTL3inZhIgq22m,222,14.5669529,120.9979089,1784970287098,69.01
aTj3bXMTL3inZhIgq22m,223,14.5668477,120.9979019,1784970289095,67.648
aTj3bXMTL3inZhIgq22m,224,14.5667241,120.9978865,1784970291090,65.908
aTj3bXMTL3inZhIgq22m,225,14.566598,120.9978835,1784970293092,61.303
aTj3bXMTL3inZhIgq22m,226,14.5664758,120.9978802,1784970295087,58.067
aTj3bXMTL3inZhIgq22m,227,14.5663451,120.99789,1784970297086,56.202
aTj3bXMTL3inZhIgq22m,228,14.5662274,120.9978986,1784970299085,54.668
aTj3bXMTL3inZhIgq22m,229,14.5661188,120.9978996,1784970301081,52.95
aTj3bXMTL3inZhIgq22m,230,14.5660227,120.9978864,1784970303086,51.925
aTj3bXMTL3inZhIgq22m,231,14.5659372,120.9978894,1784970305093,50.818
aTj3bXMTL3inZhIgq22m,232,14.5658845,120.9978611,1784970307098,47.558
aTj3bXMTL3inZhIgq22m,233,14.5658563,120.9977933,1784970309089,48.254
aTj3bXMTL3inZhIgq22m,234,14.5658217,120.9977032,1784970311081,49.593
aTj3bXMTL3inZhIgq22m,235,14.56577,120.9975665,1784970313081,49.595
aTj3bXMTL3inZhIgq22m,236,14.5657008,120.9974416,1784970315073,50.413
aTj3bXMTL3inZhIgq22m,237,14.5656434,120.9973274,1784970317078,55.704
aTj3bXMTL3inZhIgq22m,238,14.5655953,120.9972355,1784970319075,60.136
aTj3bXMTL3inZhIgq22m,239,14.5655766,120.9971902,1784970321079,61.601
aTj3bXMTL3inZhIgq22m,240,14.5655663,120.9971544,1784970323079,61.915
aTj3bXMTL3inZhIgq22m,241,14.5655491,120.9970962,1784970327091,61.915
aTj3bXMTL3inZhIgq22m,242,14.56552,120.9969886,1784970329086,61.116
aTj3bXMTL3inZhIgq22m,243,14.5654906,120.9968753,1784970331086,58.183
aTj3bXMTL3inZhIgq22m,244,14.5654606,120.9967444,1784970333076,57.173
aTj3bXMTL3inZhIgq22m,245,14.5654284,120.9966087,1784970335075,57.158
aTj3bXMTL3inZhIgq22m,246,14.5653769,120.9964814,1784970337078,56.162
aTj3bXMTL3inZhIgq22m,247,14.5653344,120.9963603,1784970339067,52.502
aTj3bXMTL3inZhIgq22m,248,14.565292,120.9962238,1784970341071,48.156
aTj3bXMTL3inZhIgq22m,249,14.5652533,120.9960906,1784970343063,46.774
aTj3bXMTL3inZhIgq22m,250,14.5652011,120.9959529,1784970345060,38.926
aTj3bXMTL3inZhIgq22m,251,14.5651526,120.9958154,1784970347069,35.011
aTj3bXMTL3inZhIgq22m,252,14.5650942,120.9956661,1784970349072,34.888
aTj3bXMTL3inZhIgq22m,253,14.5650501,120.995526,1784970351075,35.128
aTj3bXMTL3inZhIgq22m,254,14.5650076,120.9953997,1784970353071,37.749
aTj3bXMTL3inZhIgq22m,255,14.5649745,120.9952707,1784970355077,41.633
aTj3bXMTL3inZhIgq22m,256,14.5649091,120.9951607,1784970357077,43.864
aTj3bXMTL3inZhIgq22m,257,14.5648327,120.9950645,1784970359080,43.58
aTj3bXMTL3inZhIgq22m,258,14.5647858,120.9949951,1784970361076,42.626
aTj3bXMTL3inZhIgq22m,259,14.5647635,120.9949271,1784970363067,45.245
aTj3bXMTL3inZhIgq22m,260,14.5647498,120.9948618,1784970365068,50.684
aTj3bXMTL3inZhIgq22m,261,14.5647244,120.9947847,1784970367073,55.58
aTj3bXMTL3inZhIgq22m,262,14.5646702,120.9947001,1784970369058,62.015
aTj3bXMTL3inZhIgq22m,263,14.5646047,120.9946034,1784970371065,68.931
aTj3bXMTL3inZhIgq22m,264,14.5645557,120.9945392,1784970373062,72.137
aTj3bXMTL3inZhIgq22m,265,14.5645428,120.9945209,1784970378064,72.138
aTj3bXMTL3inZhIgq22m,266,14.5645338,120.9945048,1784970381062,72.138
aTj3bXMTL3inZhIgq22m,267,14.5645247,120.994471,1784970383057,71.692
aTj3bXMTL3inZhIgq22m,268,14.5644606,120.9944581,1784970385074,71.847
aTj3bXMTL3inZhIgq22m,269,14.5643904,120.9944718,1784970387094,75.956
aTj3bXMTL3inZhIgq22m,270,14.5643204,120.9944933,1784970389070,78.183
aTj3bXMTL3inZhIgq22m,271,14.5642416,120.9945133,1784970391069,78.916
aTj3bXMTL3inZhIgq22m,272,14.5641488,120.9945383,1784970393081,81.296
aTj3bXMTL3inZhIgq22m,273,14.564129,120.9945402,1784970401075,81.391
aTj3bXMTL3inZhIgq22m,274,14.5641069,120.9945417,1784970409087,81.289
aTj3bXMTL3inZhIgq22m,275,14.5640876,120.9945481,1784970414076,80.92
aTj3bXMTL3inZhIgq22m,276,14.5640692,120.9945508,1784970430047,80.487
aTj3bXMTL3inZhIgq22m,277,14.5640517,120.9945571,1784970447067,75.853
aTj3bXMTL3inZhIgq22m,278,14.5640287,120.9945685,1784970459065,75.956
aTj3bXMTL3inZhIgq22m,279,14.5640079,120.9945761,1784970483064,75.956
aTj3bXMTL3inZhIgq22m,280,14.5639891,120.9945841,1784970527061,75.956
aTj3bXMTL3inZhIgq22m,281,14.5639683,120.994589,1784970562079,76.374
aTj3bXMTL3inZhIgq22m,282,14.5639457,120.9945828,1784970566070,77.06
aTj3bXMTL3inZhIgq22m,283,14.5639197,120.9945848,1784970572055,77.06
aTj3bXMTL3inZhIgq22m,284,14.5638975,120.9945909,1784970578062,77.06
aTj3bXMTL3inZhIgq22m,285,14.5638786,120.9945906,1784970604092,70.825
aTj3bXMTL3inZhIgq22m,286,14.5638596,120.9945999,1784970606069,70.471
aTj3bXMTL3inZhIgq22m,287,14.5638442,120.9946163,1784970608064,71.272
aTj3bXMTL3inZhIgq22m,288,14.5638339,120.994632,1784970610064,73.054
aTj3bXMTL3inZhIgq22m,289,14.5638381,120.9946525,1784970614064,71.96
aTj3bXMTL3inZhIgq22m,290,14.5638629,120.9946604,1784970630090,69.662
aTj3bXMTL3inZhIgq22m,291,14.5638813,120.9946758,1784970642069,69.576
aTj3bXMTL3inZhIgq22m,292,14.5638997,120.9946799,1784970652084,67.182
aTj3bXMTL3inZhIgq22m,293,14.5639464,120.9946382,1784970654079,69.525
aTj3bXMTL3inZhIgq22m,294,14.5639844,120.9946003,1784970656081,70.059
aTj3bXMTL3inZhIgq22m,295,14.5639974,120.9945868,1784970658084,70.059
aTj3bXMTL3inZhIgq22m,296,14.5640137,120.9945719,1784970662073,69.275
aTj3bXMTL3inZhIgq22m,297,14.564032,120.9945737,1784970682070,65.09
aTj3bXMTL3inZhIgq22m,298,14.5640501,120.9945717,1784970688069,64.174
aTj3bXMTL3inZhIgq22m,299,14.564058,120.9945531,1784970690067,68.2
aTj3bXMTL3inZhIgq22m,300,14.5640679,120.9945355,1784970692066,70.88
aTj3bXMTL3inZhIgq22m,301,14.5640498,120.9945405,1784970706062,72.546
aTj3bXMTL3inZhIgq22m,302,14.5640551,120.994559,1784970770067,74.544
aTj3bXMTL3inZhIgq22m,303,14.5640389,120.994547,1784970786069,78.198
aTj3bXMTL3inZhIgq22m,304,14.5640415,120.9945722,1784970804071,68.265
aTj3bXMTL3inZhIgq22m,305,14.5640503,120.9945909,1784970806076,60.85
aTj3bXMTL3inZhIgq22m,306,14.5640604,120.9946122,1784970810057,52.922
aTj3bXMTL3inZhIgq22m,307,14.5640607,120.9945842,1784970870072,45.425
aTj3bXMTL3inZhIgq22m,308,14.5640496,120.9945611,1784970874073,47.769
aTj3bXMTL3inZhIgq22m,309,14.5640284,120.9945566,1784970880075,48.423
aTj3bXMTL3inZhIgq22m,310,14.56403,120.9945787,1784970884067,45.66
aTj3bXMTL3inZhIgq22m,311,14.5639936,120.9945745,1784970904064,45.265
aTj3bXMTL3inZhIgq22m,312,14.5639765,120.9945528,1784970910064,49.596
aTj3bXMTL3inZhIgq22m,313,14.5639514,120.9945231,1784970920066,52.578
aTj3bXMTL3inZhIgq22m,314,14.5639311,120.9945092,1784970924071,52.578
aTj3bXMTL3inZhIgq22m,315,14.5639526,120.9945215,1784970962067,61.714
aTj3bXMTL3inZhIgq22m,316,14.563976,120.9945498,1784970966058,60.378
aTj3bXMTL3inZhIgq22m,317,14.5639952,120.9945288,1784970972047,70.014
aTj3bXMTL3inZhIgq22m,318,14.5640001,120.9945107,1784970976072,70.014
aTj3bXMTL3inZhIgq22m,319,14.5640054,120.9945306,1784970991058,66.164
aTj3bXMTL3inZhIgq22m,320,14.5640218,120.9945478,1784970993046,63.651
aTj3bXMTL3inZhIgq22m,321,14.5640351,120.9945706,1784970995039,60.44
aTj3bXMTL3inZhIgq22m,322,14.5640527,120.9945643,1784971004053,67.638
aTj3bXMTL3inZhIgq22m,323,14.564048,120.9945459,1784971042054,66.807
aTj3bXMTL3inZhIgq22m,324,14.5640339,120.9945181,1784971054047,74.009
aTj3bXMTL3inZhIgq22m,325,14.5640227,120.9944893,1784971056047,82.643
aTj3bXMTL3inZhIgq22m,326,14.5640144,120.9944725,1784971061055,82.643
aTj3bXMTL3inZhIgq22m,327,14.5640252,120.9944874,1784971153066,51.20000076293945
aTj3bXMTL3inZhIgq22m,328,14.564035,120.9944669,1784971169062,51.20000076293945
aTj3bXMTL3inZhIgq22m,329,14.5640358,120.9944477,1784971208056,83.957
aTj3bXMTL3inZhIgq22m,330,14.564044,120.9944304,1784971232060,88.236
aTj3bXMTL3inZhIgq22m,331,14.5640395,120.994451,1784971240043,78.997
aTj3bXMTL3inZhIgq22m,332,14.5640121,120.9944588,1784971242048,77.276
aTj3bXMTL3inZhIgq22m,333,14.5639782,120.9944643,1784971244054,73.169
aTj3bXMTL3inZhIgq22m,334,14.5639414,120.9944619,1784971246053,74.757
aTj3bXMTL3inZhIgq22m,335,14.5639222,120.9944583,1784971248055,74.757
aTj3bXMTL3inZhIgq22m,336,14.5639278,120.9944346,1784971263043,79.715
aTj3bXMTL3inZhIgq22m,337,14.5639357,120.9944179,1784971268063,79.715
aTj3bXMTL3inZhIgq22m,338,14.5639362,120.9944396,1784971279063,83.194
aTj3bXMTL3inZhIgq22m,339,14.5639553,120.9944335,1784971310058,87.719
aTj3bXMTL3inZhIgq22m,340,14.5639721,120.9944258,1784971324057,87.892
aTj3bXMTL3inZhIgq22m,341,14.5639904,120.994435,1784971328056,79.076
aTj3bXMTL3inZhIgq22m,342,14.5640097,120.9944388,1784971331053,75.901
aTj3bXMTL3inZhIgq22m,343,14.5640175,120.9944181,1784971343065,78.246
aTj3bXMTL3inZhIgq22m,344,14.5640172,120.9943971,1784971346062,79.76
aTj3bXMTL3inZhIgq22m,345,14.5640054,120.9944145,1784971397043,81.851
aTj3bXMTL3inZhIgq22m,346,14.5639851,120.9944005,1784971411054,84.455
aTj3bXMTL3inZhIgq22m,347,14.5640143,120.99442,1784971447048,73.752
aTj3bXMTL3inZhIgq22m,348,14.5640365,120.9944404,1784971451045,68.62
aTj3bXMTL3inZhIgq22m,349,14.5640754,120.9944331,1784971455043,69.77
aTj3bXMTL3inZhIgq22m,350,14.5641061,120.9944263,1784971457049,71.117
aTj3bXMTL3inZhIgq22m,351,14.564126,120.9944199,1784971459051,71.487
aTj3bXMTL3inZhIgq22m,352,14.5641412,120.9944084,1784971483054,71.48
aTj3bXMTL3inZhIgq22m,353,14.5641344,120.9943878,1784971495054,77.208
aTj3bXMTL3inZhIgq22m,354,14.5641509,120.9943739,1784971511039,80.819
aTj3bXMTL3inZhIgq22m,355,14.5641701,120.9943737,1784971517013,83.998
aTj3bXMTL3inZhIgq22m,356,14.5641758,120.9944074,1784971521035,88.639
aTj3bXMTL3inZhIgq22m,357,14.5641885,120.9944217,1784971523039,86.712
aTj3bXMTL3inZhIgq22m,358,14.564209,120.9944264,1784971527042,84.612
aTj3bXMTL3inZhIgq22m,359,14.564198,120.994407,1784971529035,94.489
aTj3bXMTL3inZhIgq22m,360,14.5641802,120.9943854,1784971531036,99.242
aTj3bXMTL3inZhIgq22m,361,14.5641644,120.9943678,1784971535044,99.242
aTj3bXMTL3inZhIgq22m,362,14.5641434,120.9943558,1784971543046,100.525
aTj3bXMTL3inZhIgq22m,363,14.5641281,120.9943835,1784971552048,96.853
aTj3bXMTL3inZhIgq22m,364,14.5641188,120.9944027,1784971554040,92.126
aTj3bXMTL3inZhIgq22m,365,14.5641088,120.9944208,1784971559040,91.012
aTj3bXMTL3inZhIgq22m,366,14.5640983,120.9944408,1784971562042,87.262
aTj3bXMTL3inZhIgq22m,367,14.5640962,120.9944635,1784971567053,79.722
aTj3bXMTL3inZhIgq22m,368,14.5640936,120.9944875,1784971569044,77.019
aTj3bXMTL3inZhIgq22m,369,14.5640921,120.9945099,1784971573016,82.732
aTj3bXMTL3inZhIgq22m,370,14.5640929,120.9945119,1784971575136,51.20000076293945
aTj3bXMTL3inZhIgq22m,371,14.5640471,120.9946235,1784971582133,51.20000076293945
aTj3bXMTL3inZhIgq22m,372,14.5640542,120.9946313,1784971588115,51.20000076293945
aTj3bXMTL3inZhIgq22m,373,14.5640218,120.9946315,1784971594049,51.20000076293945
aTj3bXMTL3inZhIgq22m,374,14.5640264,120.9946211,1784971600017,51.20000076293945
aTj3bXMTL3inZhIgq22m,375,14.5640406,120.9946262,1784971606002,51.09999847412109
aTj3bXMTL3inZhIgq22m,376,14.5640377,120.9946156,1784971612007,51.20000076293945
aTj3bXMTL3inZhIgq22m,377,14.5640337,120.9946166,1784971618021,51.09999847412109
aTj3bXMTL3inZhIgq22m,378,14.5640402,120.9946289,1784971623978,51.09999847412109
aTj3bXMTL3inZhIgq22m,379,14.5640414,120.9946219,1784971630044,51.20000076293945
aTj3bXMTL3inZhIgq22m,380,14.5640542,120.9946157,1784971635999,51.20000076293945
aTj3bXMTL3inZhIgq22m,381,14.56405,120.9946269,1784971642028,51.09999847412109
aTj3bXMTL3inZhIgq22m,382,14.5640419,120.9946191,1784971648027,51.20000076293945
aTj3bXMTL3inZhIgq22m,383,14.5640394,120.9946114,1784971653999,51.20000076293945
aTj3bXMTL3inZhIgq22m,384,14.5640061,120.9945999,1784971660086,51.09999847412109
aTj3bXMTL3inZhIgq22m,385,14.5640328,120.9946035,1784971666061,51.20000076293945
aTj3bXMTL3inZhIgq22m,386,14.5640563,120.9946262,1784971672015,51.20000076293945
aTj3bXMTL3inZhIgq22m,387,14.564045,120.9946129,1784971677996,51.20000076293945
aTj3bXMTL3inZhIgq22m,388,14.5640306,120.994623,1784971684015,51.20000076293945
aTj3bXMTL3inZhIgq22m,389,14.5640303,120.9946189,1784971690069,51.09999847412109
aTj3bXMTL3inZhIgq22m,390,14.564038,120.99462,1784971696039,51.09999847412109
aTj3bXMTL3inZhIgq22m,391,14.5640349,120.9946134,1784971702112,51.20000076293945
aTj3bXMTL3inZhIgq22m,392,14.5640404,120.9946195,1784971708025,51.20000076293945
aTj3bXMTL3inZhIgq22m,393,14.5640612,120.9946365,1784971714041,51.20000076293945
aTj3bXMTL3inZhIgq22m,394,14.5640444,120.9946268,1784971719991,51.20000076293945
aTj3bXMTL3inZhIgq22m,395,14.5640393,120.9946289,1784971726065,51.09999847412109
aTj3bXMTL3inZhIgq22m,396,14.5640011,120.9946078,1784971731979,51.20000076293945
aTj3bXMTL3inZhIgq22m,397,14.5640455,120.9946289,1784971738009,51.09999847412109
aTj3bXMTL3inZhIgq22m,398,14.5640138,120.9946219,1784971744161,51.20000076293945
aTj3bXMTL3inZhIgq22m,399,14.5640289,120.9946158,1784971750029,51.20000076293945
aTj3bXMTL3inZhIgq22m,400,14.5640361,120.9946186,1784971755995,51.09999847412109
aTj3bXMTL3inZhIgq22m,401,14.5640487,120.9946207,1784971761977,51.20000076293945
aTj3bXMTL3inZhIgq22m,402,14.564044,120.9946311,1784971768089,51.20000076293945
aTj3bXMTL3inZhIgq22m,403,14.564045,120.9946095,1784971774147,51.20000076293945
aTj3bXMTL3inZhIgq22m,404,14.5640421,120.994605,1784971780243,51.20000076293945
aTj3bXMTL3inZhIgq22m,405,14.5640459,120.9946169,1784971786230,51.20000076293945
aTj3bXMTL3inZhIgq22m,406,14.5640537,120.9946318,1784971792322,51.20000076293945
aTj3bXMTL3inZhIgq22m,407,14.5640451,120.9946104,1784971798243,51.20000076293945
aTj3bXMTL3inZhIgq22m,408,14.5640339,120.9946131,1784971804231,51.20000076293945
aTj3bXMTL3inZhIgq22m,409,14.564039,120.994603,1784971810306,51.20000076293945
aTj3bXMTL3inZhIgq22m,410,14.5640383,120.9946166,1784971816283,51.20000076293945
aTj3bXMTL3inZhIgq22m,411,14.5640353,120.9946138,1784971822172,51.20000076293945
aTj3bXMTL3inZhIgq22m,412,14.5640372,120.9946104,1784971828198,51.20000076293945
aTj3bXMTL3inZhIgq22m,413,14.5640447,120.9946132,1784971834244,51.20000076293945
aTj3bXMTL3inZhIgq22m,414,14.5640296,120.9946149,1784971840312,51.20000076293945
aTj3bXMTL3inZhIgq22m,415,14.5640309,120.9946234,1784971846897,51.20000076293945
aTj3bXMTL3inZhIgq22m,416,14.5640386,120.9946354,1784971853084,51.20000076293945
aTj3bXMTL3inZhIgq22m,417,14.5640405,120.9946177,1784971859189,51.20000076293945
aTj3bXMTL3inZhIgq22m,418,14.5640308,120.9946042,1784971865237,51.20000076293945
aTj3bXMTL3inZhIgq22m,419,14.5640477,120.9946141,1784971871321,51.20000076293945
aTj3bXMTL3inZhIgq22m,420,14.5640568,120.9946063,1784971877444,51.20000076293945
aTj3bXMTL3inZhIgq22m,421,14.5640363,120.9946227,1784971883543,51.20000076293945
aTj3bXMTL3inZhIgq22m,422,14.5640384,120.9946163,1784971889582,51.20000076293945
aTj3bXMTL3inZhIgq22m,423,14.5640448,120.9946222,1784971895525,51.20000076293945
aTj3bXMTL3inZhIgq22m,424,14.5640409,120.9946334,1784971901545,51.20000076293945
aTj3bXMTL3inZhIgq22m,425,14.5640486,120.9946227,1784971907630,51.20000076293945
aTj3bXMTL3inZhIgq22m,426,14.5640399,120.9946212,1784971913669,51.20000076293945
aTj3bXMTL3inZhIgq22m,427,14.5640223,120.9946052,1784971919783,51.20000076293945
aTj3bXMTL3inZhIgq22m,428,14.5640287,120.9946106,1784971925869,51.20000076293945
aTj3bXMTL3inZhIgq22m,429,14.5640238,120.9946127,1784971931853,51.20000076293945
aTj3bXMTL3inZhIgq22m,430,14.5640373,120.9946161,1784971937878,51.20000076293945
aTj3bXMTL3inZhIgq22m,431,14.5640228,120.994612,1784971943866,51.20000076293945
aTj3bXMTL3inZhIgq22m,432,14.5640273,120.9946194,1784971949908,51.20000076293945
aTj3bXMTL3inZhIgq22m,433,14.564055,120.994638,1784971955960,51.20000076293945
aTj3bXMTL3inZhIgq22m,434,14.5640671,120.9946663,1784971961863,51.20000076293945
aTj3bXMTL3inZhIgq22m,435,14.5640341,120.9946232,1784971967867,51.20000076293945
aTj3bXMTL3inZhIgq22m,436,14.5640153,120.9946183,1784971973869,51.20000076293945
aTj3bXMTL3inZhIgq22m,437,14.5640287,120.9946162,1784971979926,51.20000076293945
aTj3bXMTL3inZhIgq22m,438,14.5640378,120.9946103,1784971985912,51.20000076293945
aTj3bXMTL3inZhIgq22m,439,14.5640418,120.9946276,1784971991916,51.20000076293945
aTj3bXMTL3inZhIgq22m,440,14.5640447,120.9946241,1784971997936,51.20000076293945
aTj3bXMTL3inZhIgq22m,441,14.5640338,120.9946112,1784972003904,51.20000076293945
aTj3bXMTL3inZhIgq22m,442,14.5640462,120.9946319,1784972009963,51.20000076293945
aTj3bXMTL3inZhIgq22m,443,14.5640357,120.9946222,1784972015961,51.20000076293945
aTj3bXMTL3inZhIgq22m,444,14.5640305,120.9946138,1784972021905,51.20000076293945
aTj3bXMTL3inZhIgq22m,445,14.5640348,120.9946148,1784972027874,51.20000076293945
aTj3bXMTL3inZhIgq22m,446,14.5640474,120.9946181,1784972033934,51.20000076293945
aTj3bXMTL3inZhIgq22m,447,14.5640378,120.9946176,1784972039923,51.20000076293945
aTj3bXMTL3inZhIgq22m,448,14.5640265,120.9946166,1784972045904,51.20000076293945
aTj3bXMTL3inZhIgq22m,449,14.5640222,120.9946086,1784972051920,51.20000076293945
aTj3bXMTL3inZhIgq22m,450,14.5640623,120.994621,1784972057895,51.20000076293945
aTj3bXMTL3inZhIgq22m,451,14.5640461,120.9946221,1784972063896,51.20000076293945
aTj3bXMTL3inZhIgq22m,452,14.5640285,120.9946195,1784972069903,51.20000076293945
aTj3bXMTL3inZhIgq22m,453,14.56403,120.9946126,1784972075884,51.20000076293945
aTj3bXMTL3inZhIgq22m,454,14.5640409,120.9946102,1784972081997,51.20000076293945
aTj3bXMTL3inZhIgq22m,455,14.5640317,120.9946064,1784972087985,51.20000076293945
aTj3bXMTL3inZhIgq22m,456,14.5640243,120.9946065,1784972093999,51.20000076293945
aTj3bXMTL3inZhIgq22m,457,14.564027,120.9946166,1784972099937,51.20000076293945
aTj3bXMTL3inZhIgq22m,458,14.564024,120.9946117,1784972106026,51.20000076293945
aTj3bXMTL3inZhIgq22m,459,14.5640257,120.9946047,1784972112062,51.20000076293945
aTj3bXMTL3inZhIgq22m,460,14.564022,120.9946221,1784972118168,51.20000076293945
aTj3bXMTL3inZhIgq22m,461,14.5640232,120.9946242,1784972124309,51.20000076293945
aTj3bXMTL3inZhIgq22m,462,14.5640311,120.9946203,1784972130280,51.20000076293945
aTj3bXMTL3inZhIgq22m,463,14.5640387,120.9946229,1784972136192,51.20000076293945
aTj3bXMTL3inZhIgq22m,464,14.5640275,120.9946056,1784972142594,51.20000076293945
aTj3bXMTL3inZhIgq22m,465,14.5640294,120.9946174,1784972145450,51.20000076293945
aTj3bXMTL3inZhIgq22m,466,14.5640418,120.9946249,1784972153723,51.20000076293945
aTj3bXMTL3inZhIgq22m,467,14.5640381,120.994614,1784972159787,51.20000076293945
aTj3bXMTL3inZhIgq22m,468,14.5640543,120.9946151,1784972165836,51.20000076293945
aTj3bXMTL3inZhIgq22m,469,14.5640596,120.9946328,1784972166999,51.20000076293945
aTj3bXMTL3inZhIgq22m,470,14.5640511,120.9946146,1784972177045,51.20000076293945
aTj3bXMTL3inZhIgq22m,471,14.5640356,120.9946063,1784972183230,51.20000076293945
aTj3bXMTL3inZhIgq22m,472,14.5640425,120.9946213,1784972189461,51.20000076293945
aTj3bXMTL3inZhIgq22m,473,14.5640497,120.9946346,1784972195580,51.20000076293945
aTj3bXMTL3inZhIgq22m,474,14.5640475,120.9946203,1784972201547,51.20000076293945
aTj3bXMTL3inZhIgq22m,475,14.5640473,120.9946287,1784972207719,51.20000076293945
aTj3bXMTL3inZhIgq22m,476,14.5640379,120.9946217,1784972213603,51.20000076293945
aTj3bXMTL3inZhIgq22m,477,14.5640312,120.9946157,1784972219630,51.20000076293945
aTj3bXMTL3inZhIgq22m,478,14.5640427,120.9946174,1784972225816,51.20000076293945
aTj3bXMTL3inZhIgq22m,479,14.5640551,120.9946149,1784972231970,51.20000076293945
aTj3bXMTL3inZhIgq22m,480,14.564071,120.9946247,1784972237925,51.29999923706055
aTj3bXMTL3inZhIgq22m,481,14.5640539,120.994619,1784972243902,51.20000076293945
aTj3bXMTL3inZhIgq22m,482,14.564055,120.9946107,1784972249955,51.20000076293945
aTj3bXMTL3inZhIgq22m,483,14.5640378,120.9946197,1784972255977,51.20000076293945
aTj3bXMTL3inZhIgq22m,484,14.5640545,120.9946147,1784972262071,51.20000076293945
aTj3bXMTL3inZhIgq22m,485,14.5640362,120.9946266,1784972268271,51.20000076293945
aTj3bXMTL3inZhIgq22m,486,14.5640393,120.9946352,1784972274281,51.20000076293945
aTj3bXMTL3inZhIgq22m,487,14.5640576,120.9946341,1784972280323,51.20000076293945
aTj3bXMTL3inZhIgq22m,488,14.5640355,120.9946169,1784972286272,51.20000076293945
aTj3bXMTL3inZhIgq22m,489,14.5640461,120.9946182,1784972292193,51.20000076293945
aTj3bXMTL3inZhIgq22m,490,14.564039,120.994613,1784972298288,51.20000076293945
aTj3bXMTL3inZhIgq22m,491,14.5640429,120.9946247,1784972299765,51.20000076293945
aTj3bXMTL3inZhIgq22m,492,14.5640421,120.9945752,1784972309280,51.20000076293945
aTj3bXMTL3inZhIgq22m,493,14.5640231,120.9945604,1784972315343,51.20000076293945
aTj3bXMTL3inZhIgq22m,494,14.5640341,120.9946222,1784972321431,51.20000076293945
aTj3bXMTL3inZhIgq22m,495,14.5640408,120.9946239,1784972327472,51.20000076293945
aTj3bXMTL3inZhIgq22m,496,14.5640553,120.9946303,1784972333412,51.09999847412109
aTj3bXMTL3inZhIgq22m,497,14.5640534,120.9946018,1784972339391,51.20000076293945
aTj3bXMTL3inZhIgq22m,498,14.5640624,120.9946198,1784972345234,51.20000076293945
aTj3bXMTL3inZhIgq22m,499,14.5640268,120.9945831,1784972351041,51.20000076293945
aTj3bXMTL3inZhIgq22m,500,14.5640511,120.9946528,1784972356904,51.20000076293945
aTj3bXMTL3inZhIgq22m,501,14.5640562,120.9946406,1784972364644,51.09999847412109
aTj3bXMTL3inZhIgq22m,502,14.5640618,120.9946247,1784972366913,51.20000076293945
aTj3bXMTL3inZhIgq22m,503,14.5640487,120.9946144,1784972376304,51.09999847412109
aTj3bXMTL3inZhIgq22m,504,14.5640805,120.99464,1784972381896,51.09999847412109
aTj3bXMTL3inZhIgq22m,505,14.5640761,120.9946434,1784972387682,51.09999847412109
aTj3bXMTL3inZhIgq22m,506,14.5640748,120.9946452,1784972393010,51.09999847412109
aTj3bXMTL3inZhIgq22m,507,14.5640823,120.9946505,1784972398731,51.09999847412109
aTj3bXMTL3inZhIgq22m,508,14.5640611,120.9946429,1784972404427,51.20000076293945
aTj3bXMTL3inZhIgq22m,509,14.564082,120.9946498,1784972410521,51.09999847412109
aTj3bXMTL3inZhIgq22m,510,14.5640698,120.9946352,1784972416199,51.20000076293945
aTj3bXMTL3inZhIgq22m,511,14.5640793,120.9946445,1784972421908,51.09999847412109
aTj3bXMTL3inZhIgq22m,512,14.5640815,120.9946433,1784972423729,51.09999847412109
aTj3bXMTL3inZhIgq22m,513,14.5640801,120.9946464,1784972432509,51.09999847412109
aTj3bXMTL3inZhIgq22m,514,14.5640711,120.9946421,1784972438344,51.09999847412109
aTj3bXMTL3inZhIgq22m,515,14.5640783,120.9946425,1784972443682,51.20000076293945
aTj3bXMTL3inZhIgq22m,516,14.5640886,120.9946485,1784972449433,51.09999847412109
aTj3bXMTL3inZhIgq22m,517,14.5640861,120.9946437,1784972455110,51.20000076293945
aTj3bXMTL3inZhIgq22m,518,14.5640737,120.9946311,1784972461239,51.20000076293945
aTj3bXMTL3inZhIgq22m,519,14.5640784,120.9946612,1784972466738,51.09999847412109
aTj3bXMTL3inZhIgq22m,520,14.5640735,120.9946406,1784972472522,51.20000076293945
aTj3bXMTL3inZhIgq22m,521,14.5640569,120.9946285,1784972478549,51.09999847412109
aTj3bXMTL3inZhIgq22m,522,14.5640491,120.9946441,1784972483941,51.09999847412109
aTj3bXMTL3inZhIgq22m,523,14.564057,120.9946314,1784972489584,51.20000076293945
aTj3bXMTL3inZhIgq22m,524,14.564073,120.9946304,1784972495308,51.20000076293945
aTj3bXMTL3inZhIgq22m,525,14.5640681,120.994622,1784972501289,51.20000076293945
aTj3bXMTL3inZhIgq22m,526,14.5640821,120.9946473,1784972506790,51.09999847412109
aTj3bXMTL3inZhIgq22m,527,14.5640812,120.9946429,1784972512409,51.20000076293945
aTj3bXMTL3inZhIgq22m,528,14.5640856,120.9946444,1784972518143,51.20000076293945
aTj3bXMTL3inZhIgq22m,529,14.5640729,120.9946433,1784972523856,51.20000076293945
aTj3bXMTL3inZhIgq22m,530,14.5640821,120.9946521,1784972529796,51.09999847412109
aTj3bXMTL3inZhIgq22m,531,14.564086,120.9946488,1784972535291,51.09999847412109
aTj3bXMTL3inZhIgq22m,532,14.5640851,120.9946551,1784972540979,51.09999847412109
aTj3bXMTL3inZhIgq22m,533,14.5640594,120.9946347,1784972546714,51.09999847412109
aTj3bXMTL3inZhIgq22m,534,14.5640749,120.9946378,1784972552437,51.20000076293945
aTj3bXMTL3inZhIgq22m,535,14.5640686,120.9946397,1784972558302,51.09999847412109
aTj3bXMTL3inZhIgq22m,536,14.5640779,120.9946462,1784972564000,51.09999847412109
aTj3bXMTL3inZhIgq22m,537,14.5640635,120.9946359,1784972569752,51.20000076293945
aTj3bXMTL3inZhIgq22m,538,14.5640738,120.99464,1784972575467,51.20000076293945
aTj3bXMTL3inZhIgq22m,539,14.5640749,120.9946436,1784972580860,51.20000076293945
aTj3bXMTL3inZhIgq22m,540,14.5640751,120.994648,1784972586547,51.09999847412109
aTj3bXMTL3inZhIgq22m,541,14.5640682,120.9946385,1784972592359,51.20000076293945
aTj3bXMTL3inZhIgq22m,542,14.5640454,120.9946261,1784972597994,51.20000076293945
aTj3bXMTL3inZhIgq22m,543,14.5640705,120.9946429,1784972603648,51.09999847412109
aTj3bXMTL3inZhIgq22m,544,14.5640731,120.9946407,1784972609335,51.20000076293945
aTj3bXMTL3inZhIgq22m,545,14.5640597,120.9946288,1784972615236,51.09999847412109
aTj3bXMTL3inZhIgq22m,546,14.5640489,120.9946315,1784972620748,51.20000076293945
aTj3bXMTL3inZhIgq22m,547,14.5640741,120.994639,1784972626631,51.20000076293945
aTj3bXMTL3inZhIgq22m,548,14.564075,120.9946443,1784972632114,51.09999847412109
aTj3bXMTL3inZhIgq22m,549,14.5640804,120.9946471,1784972637850,51.09999847412109
aTj3bXMTL3inZhIgq22m,550,14.564078,120.9946369,1784972643538,51.20000076293945
aTj3bXMTL3inZhIgq22m,551,14.5640621,120.994635,1784972649206,51.20000076293945
aTj3bXMTL3inZhIgq22m,552,14.5640653,120.994648,1784972655153,51.09999847412109
aTj3bXMTL3inZhIgq22m,553,14.5640597,120.9946342,1784972660599,51.20000076293945
aTj3bXMTL3inZhIgq22m,554,14.5640741,120.9946325,1784972666316,51.20000076293945
aTj3bXMTL3inZhIgq22m,555,14.5640796,120.9946394,1784972672217,51.20000076293945
aTj3bXMTL3inZhIgq22m,556,14.5640798,120.9946425,1784972677916,51.09999847412109
aTj3bXMTL3inZhIgq22m,557,14.5641283,120.9946206,1784972683418,51.20000076293945
aTj3bXMTL3inZhIgq22m,558,14.5640904,120.9946389,1784972689333,51.20000076293945
aTj3bXMTL3inZhIgq22m,559,14.5640724,120.9946427,1784972694911,51.20000076293945
aTj3bXMTL3inZhIgq22m,560,14.5640837,120.9946503,1784972700621,51.09999847412109
aTj3bXMTL3inZhIgq22m,561,14.5640833,120.9946496,1784972706429,51.09999847412109
aTj3bXMTL3inZhIgq22m,562,14.5640854,120.9946486,1784972712004,51.20000076293945
aTj3bXMTL3inZhIgq22m,563,14.5640605,120.9946458,1784972717799,51.20000076293945
aTj3bXMTL3inZhIgq22m,564,14.5640864,120.994643,1784972723559,51.20000076293945
aTj3bXMTL3inZhIgq22m,565,14.5640739,120.9946395,1784972729331,51.09999847412109
aTj3bXMTL3inZhIgq22m,566,14.5640767,120.994638,1784972734887,51.20000076293945
aTj3bXMTL3inZhIgq22m,567,14.56408,120.9946469,1784972740687,51.09999847412109
aTj3bXMTL3inZhIgq22m,568,14.5640626,120.9946477,1784972746524,51.20000076293945
aTj3bXMTL3inZhIgq22m,569,14.5640616,120.9946425,1784972752337,51.09999847412109
aTj3bXMTL3inZhIgq22m,570,14.5640843,120.9946456,1784972757864,51.20000076293945
aTj3bXMTL3inZhIgq22m,571,14.5640837,120.9946519,1784972763583,51.09999847412109
aTj3bXMTL3inZhIgq22m,572,14.5640756,120.9946473,1784972769579,51.09999847412109
aTj3bXMTL3inZhIgq22m,573,14.5641252,120.9946257,1784972775361,51.20000076293945
aTj3bXMTL3inZhIgq22m,574,14.5640879,120.9946296,1784972781006,51.09999847412109
aTj3bXMTL3inZhIgq22m,575,14.5640484,120.9946306,1784972786823,51.20000076293945
aTj3bXMTL3inZhIgq22m,576,14.5640794,120.9946431,1784972792516,51.20000076293945
aTj3bXMTL3inZhIgq22m,577,14.5640761,120.9946487,1784972798285,51.09999847412109
aTj3bXMTL3inZhIgq22m,578,14.5640675,120.9946279,1784972804141,51.20000076293945
aTj3bXMTL3inZhIgq22m,579,14.5640663,120.9946395,1784972809835,51.20000076293945
aTj3bXMTL3inZhIgq22m,580,14.5640519,120.9946338,1784972815576,51.09999847412109
aTj3bXMTL3inZhIgq22m,581,14.564055,120.9946354,1784972822221,51.0
aTj3bXMTL3inZhIgq22m,582,14.5640553,120.9946424,1784972828153,51.20000076293945
aTj3bXMTL3inZhIgq22m,583,14.5640441,120.9946225,1784972829915,51.09999847412109
aTj3bXMTL3inZhIgq22m,584,14.5640784,120.9946135,1784972839456,51.20000076293945
aTj3bXMTL3inZhIgq22m,585,14.564094,120.9946365,1784972845100,51.20000076293945
aTj3bXMTL3inZhIgq22m,586,14.5640972,120.994625,1784972850992,55.59999847412109
aTj3bXMTL3inZhIgq22m,587,14.5640719,120.9946268,1784972856704,51.20000076293945
aTj3bXMTL3inZhIgq22m,588,14.5640698,120.9946418,1784972862192,51.09999847412109
aTj3bXMTL3inZhIgq22m,589,14.5640581,120.9946464,1784972867902,51.20000076293945
aTj3bXMTL3inZhIgq22m,590,14.5640673,120.9946484,1784972873576,51.09999847412109
aTj3bXMTL3inZhIgq22m,591,14.5640731,120.99465,1784972879311,51.20000076293945
aTj3bXMTL3inZhIgq22m,592,14.5640891,120.9946422,1784972885178,51.20000076293945
aTj3bXMTL3inZhIgq22m,593,14.5640828,120.994648,1784972890678,51.09999847412109
aTj3bXMTL3inZhIgq22m,594,14.5640377,120.9946224,1784972896412,51.20000076293945
aTj3bXMTL3inZhIgq22m,595,14.5640691,120.9946357,1784972902122,51.09999847412109
aTj3bXMTL3inZhIgq22m,596,14.5640613,120.9946374,1784972907852,51.20000076293945
aTj3bXMTL3inZhIgq22m,597,14.5640858,120.994643,1784972913488,51.20000076293945
aTj3bXMTL3inZhIgq22m,598,14.5640379,120.9946424,1784972919223,51.09999847412109
aTj3bXMTL3inZhIgq22m,599,14.5641287,120.9945925,1784972924909,55.39999771118164
aTj3bXMTL3inZhIgq22m,600,14.5640866,120.9946362,1784972930519,51.09999847412109
aTj3bXMTL3inZhIgq22m,601,14.5640712,120.9946386,1784972936246,51.20000076293945
aTj3bXMTL3inZhIgq22m,602,14.5640688,120.9946328,1784972941979,51.20000076293945
aTj3bXMTL3inZhIgq22m,603,14.5640829,120.9946504,1784972947611,51.09999847412109
aTj3bXMTL3inZhIgq22m,604,14.5640578,120.9946456,1784972953227,51.20000076293945
aTj3bXMTL3inZhIgq22m,605,14.5640508,120.9946307,1784972958935,51.09999847412109
aTj3bXMTL3inZhIgq22m,606,14.564054,120.9946316,1784972964611,51.09999847412109
aTj3bXMTL3inZhIgq22m,607,14.5640724,120.9946381,1784972970299,51.20000076293945
aTj3bXMTL3inZhIgq22m,608,14.5640623,120.9946311,1784972976008,51.20000076293945
aTj3bXMTL3inZhIgq22m,609,14.5640799,120.9946399,1784972981715,51.20000076293945
aTj3bXMTL3inZhIgq22m,610,14.5640886,120.9946421,1784972987376,51.20000076293945
aTj3bXMTL3inZhIgq22m,611,14.5640731,120.9946417,1784972993078,51.09999847412109
aTj3bXMTL3inZhIgq22m,612,14.5640699,120.9946314,1784972998812,51.20000076293945
aTj3bXMTL3inZhIgq22m,613,14.5640743,120.9946228,1784973004481,51.20000076293945
aTj3bXMTL3inZhIgq22m,614,14.5640723,120.9946458,1784973010189,51.09999847412109
aTj3bXMTL3inZhIgq22m,615,14.5640831,120.9946481,1784973015810,51.09999847412109
aTj3bXMTL3inZhIgq22m,616,14.5640881,120.9946285,1784973021692,51.20000076293945
aTj3bXMTL3inZhIgq22m,617,14.5640823,120.9946416,1784973027160,51.09999847412109
aTj3bXMTL3inZhIgq22m,618,14.5640839,120.9946289,1784973032876,51.20000076293945
aTj3bXMTL3inZhIgq22m,619,14.5640785,120.994646,1784973038545,51.09999847412109
aTj3bXMTL3inZhIgq22m,620,14.5640839,120.9946269,1784973044274,51.20000076293945
aTj3bXMTL3inZhIgq22m,621,14.5640543,120.9946148,1784973045344,51.20000076293945
aTj3bXMTL3inZhIgq22m,622,14.5640163,120.9946142,1784973050243,56.89999771118164
aTj3bXMTL3inZhIgq22m,623,14.5640503,120.9945666,1784973055348,51.39999771118164
aTj3bXMTL3inZhIgq22m,624,14.564061,120.9945924,1784973065225,51.20000076293945
aTj3bXMTL3inZhIgq22m,625,14.5641175,120.9945872,1784973071861,51.20000076293945
aTj3bXMTL3inZhIgq22m,626,14.5641732,120.9946406,1784973077845,51.20000076293945
aTj3bXMTL3inZhIgq22m,627,14.5641511,120.9945951,1784973083776,51.89999771118164
aTj3bXMTL3inZhIgq22m,628,14.5642837,120.994539,1784973087085,55.29999923706055
aTj3bXMTL3inZhIgq22m,629,14.5642991,120.9946091,1784973094635,51.89999771118164
aTj3bXMTL3inZhIgq22m,630,14.5643075,120.9946205,1784973097085,52.0
aTj3bXMTL3inZhIgq22m,631,14.5643141,120.9946268,1784973106024,51.39999771118164
aTj3bXMTL3inZhIgq22m,632,14.5643178,120.994632,1784973112441,51.70000076293945
aTj3bXMTL3inZhIgq22m,633,14.5643093,120.9946023,1784973118858,51.70000076293945
aTj3bXMTL3inZhIgq22m,634,14.5642862,120.9945654,1784973123072,52.0
aTj3bXMTL3inZhIgq22m,635,14.5642843,120.9946032,1784973130377,55.39999771118164
aTj3bXMTL3inZhIgq22m,636,14.5642354,120.9946238,1784973136609,51.39999771118164
aTj3bXMTL3inZhIgq22m,637,14.5642134,120.9946292,1784973142567,51.20000076293945
aTj3bXMTL3inZhIgq22m,638,14.5640279,120.9945693,1784973148449,51.20000076293945
aTj3bXMTL3inZhIgq22m,639,14.5640666,120.994594,1784973154332,51.20000076293945
aTj3bXMTL3inZhIgq22m,640,14.5640721,120.9945991,1784973160243,51.29999923706055
aTj3bXMTL3inZhIgq22m,641,14.5640576,120.9946142,1784973166153,51.20000076293945
aTj3bXMTL3inZhIgq22m,642,14.5640027,120.9945323,1784973169039,51.20000076293945
aTj3bXMTL3inZhIgq22m,643,14.5639826,120.9945178,1784973171045,51.20000076293945
aTj3bXMTL3inZhIgq22m,644,14.5639925,120.9945341,1784973175057,51.20000076293945
aTj3bXMTL3inZhIgq22m,645,14.5639884,120.9945579,1784973179063,51.20000076293945
aTj3bXMTL3inZhIgq22m,646,14.5640066,120.9945859,1784973185062,51.20000076293945
aTj3bXMTL3inZhIgq22m,647,14.5640273,120.9945945,1784973191054,51.20000076293945
aTj3bXMTL3inZhIgq22m,648,14.5640487,120.9945862,1784973203054,51.20000076293945
aTj3bXMTL3inZhIgq22m,649,14.5640877,120.9945812,1784973211048,51.20000076293945
aTj3bXMTL3inZhIgq22m,650,14.5641116,120.9945795,1784973213046,51.20000076293945
aTj3bXMTL3inZhIgq22m,651,14.5641316,120.9945671,1784973217054,51.20000076293945
aTj3bXMTL3inZhIgq22m,652,14.5641827,120.9945431,1784973219038,51.20000076293945
aTj3bXMTL3inZhIgq22m,653,14.5642528,120.9944947,1784973221029,51.20000076293945
aTj3bXMTL3inZhIgq22m,654,14.5643082,120.9944174,1784973223025,51.20000076293945
aTj3bXMTL3inZhIgq22m,655,14.5643154,120.9943405,1784973225028,51.20000076293945
aTj3bXMTL3inZhIgq22m,656,14.5641569,120.9943161,1784973227027,51.20000076293945
aTj3bXMTL3inZhIgq22m,657,14.5640065,120.994356,1784973229037,51.20000076293945
aTj3bXMTL3inZhIgq22m,658,14.5638943,120.9944187,1784973231040,51.20000076293945
aTj3bXMTL3inZhIgq22m,659,14.5637989,120.9944675,1784973233042,51.20000076293945
aTj3bXMTL3inZhIgq22m,660,14.563704,120.9944945,1784973235039,51.20000076293945
aTj3bXMTL3inZhIgq22m,661,14.5636248,120.9944893,1784973237046,51.20000076293945
aTj3bXMTL3inZhIgq22m,662,14.5635623,120.9944971,1784973239039,51.20000076293945
aTj3bXMTL3inZhIgq22m,663,14.5635278,120.9945142,1784973241041,51.20000076293945
aTj3bXMTL3inZhIgq22m,664,14.5635027,120.9945358,1784973243036,51.20000076293945
aTj3bXMTL3inZhIgq22m,665,14.5634845,120.9945536,1784973245033,51.20000076293945
aTj3bXMTL3inZhIgq22m,666,14.5634529,120.9945671,1784973249029,51.20000076293945
aTj3bXMTL3inZhIgq22m,667,14.5634252,120.9945836,1784973253025,51.20000076293945
aTj3bXMTL3inZhIgq22m,668,14.5633938,120.9945927,1784973255022,51.20000076293945
aTj3bXMTL3inZhIgq22m,669,14.5633586,120.9946096,1784973257018,51.20000076293945
aTj3bXMTL3inZhIgq22m,670,14.5633174,120.9946321,1784973259008,51.20000076293945
aTj3bXMTL3inZhIgq22m,671,14.5632686,120.9946549,1784973261004,51.20000076293945
aTj3bXMTL3inZhIgq22m,672,14.5632046,120.9947257,1784973263038,51.20000076293945
aTj3bXMTL3inZhIgq22m,673,14.563149,120.9948036,1784973265022,51.20000076293945
aTj3bXMTL3inZhIgq22m,674,14.5630941,120.9948661,1784973267032,51.20000076293945
aTj3bXMTL3inZhIgq22m,675,14.5630299,120.9949107,1784973269034,51.20000076293945
aTj3bXMTL3inZhIgq22m,676,14.5629414,120.9949374,1784973271039,51.20000076293945
aTj3bXMTL3inZhIgq22m,677,14.5628172,120.9949576,1784973273039,51.20000076293945
aTj3bXMTL3inZhIgq22m,678,14.5627075,120.9949722,1784973275046,51.20000076293945
aTj3bXMTL3inZhIgq22m,679,14.5626425,120.9949966,1784973277049,51.20000076293945
aTj3bXMTL3inZhIgq22m,680,14.562605,120.9949897,1784973281045,51.20000076293945
aTj3bXMTL3inZhIgq22m,681,14.5625599,120.9949352,1784973283046,51.20000076293945
aTj3bXMTL3inZhIgq22m,682,14.5625105,120.9948659,1784973285043,51.20000076293945
aTj3bXMTL3inZhIgq22m,683,14.5624459,120.9947868,1784973287037,51.20000076293945
aTj3bXMTL3inZhIgq22m,684,14.5623773,120.9947029,1784973289042,51.20000076293945
aTj3bXMTL3inZhIgq22m,685,14.5622845,120.9946293,1784973291050,51.20000076293945
aTj3bXMTL3inZhIgq22m,686,14.5622103,120.9945703,1784973293043,51.20000076293945
aTj3bXMTL3inZhIgq22m,687,14.562133,120.9945354,1784973295040,51.20000076293945
aTj3bXMTL3inZhIgq22m,688,14.5620709,120.994524,1784973297041,51.20000076293945
aTj3bXMTL3inZhIgq22m,689,14.562001,120.9945133,1784973299043,51.20000076293945
aTj3bXMTL3inZhIgq22m,690,14.5619123,120.9944713,1784973301042,51.20000076293945
aTj3bXMTL3inZhIgq22m,691,14.56182,120.9944151,1784973303038,51.20000076293945
aTj3bXMTL3inZhIgq22m,692,14.5617585,120.9943738,1784973305036,51.20000076293945
aTj3bXMTL3inZhIgq22m,693,14.5617239,120.9943424,1784973307049,51.20000076293945
aTj3bXMTL3inZhIgq22m,694,14.5616863,120.9943251,1784973309042,51.20000076293945
aTj3bXMTL3inZhIgq22m,695,14.5616713,120.99435,1784973313033,51.20000076293945
aTj3bXMTL3inZhIgq22m,696,14.5616762,120.9943738,1784973315025,51.20000076293945
aTj3bXMTL3inZhIgq22m,697,14.5616844,120.9943534,1784973325033,51.20000076293945
aTj3bXMTL3inZhIgq22m,698,14.5616824,120.9943803,1784973334113,51.20000076293945
aTj3bXMTL3inZhIgq22m,699,14.5616801,120.9944139,1784973336011,51.20000076293945
aTj3bXMTL3inZhIgq22m,700,14.5616719,120.994483,1784973337997,51.20000076293945
aTj3bXMTL3inZhIgq22m,701,14.5616479,120.9945854,1784973339986,53.981
aTj3bXMTL3inZhIgq22m,702,14.5615952,120.9947389,1784973341984,53.981
aTj3bXMTL3inZhIgq22m,703,14.5615597,120.9948329,1784973342980,53.981
aTj3bXMTL3inZhIgq22m,704,14.5615376,120.9948995,1784973344079,49.89999771118164
aTj3bXMTL3inZhIgq22m,705,14.5616011,120.9946362,1784973354052,49.79999923706055
aTj3bXMTL3inZhIgq22m,706,14.5616803,120.9945306,1784973360504,49.79999923706055
aTj3bXMTL3inZhIgq22m,707,14.5616744,120.9945362,1784973367639,49.79999923706055
aTj3bXMTL3inZhIgq22m,708,14.5617377,120.9944836,1784973373517,49.79999923706055
aTj3bXMTL3inZhIgq22m,709,14.5616945,120.9945355,1784973379979,49.79999923706055
aTj3bXMTL3inZhIgq22m,710,14.5617977,120.994475,1784973386420,49.5
aTj3bXMTL3inZhIgq22m,711,14.5617005,120.9943993,1784973390037,50.0
aTj3bXMTL3inZhIgq22m,712,14.5616968,120.9943442,1784973397846,49.5
aTj3bXMTL3inZhIgq22m,713,14.5617747,120.9944278,1784973404368,49.5
aTj3bXMTL3inZhIgq22m,714,14.5617164,120.9943906,1784973410826,49.5
aTj3bXMTL3inZhIgq22m,715,14.5617665,120.99434,1784973417349,49.5
aTj3bXMTL3inZhIgq22m,716,14.5618196,120.9943926,1784973423819,49.59999847412109
aTj3bXMTL3inZhIgq22m,717,14.5615815,120.9944829,1784973430024,49.59999847412109
aTj3bXMTL3inZhIgq22m,718,14.5615733,120.9945022,1784973433021,49.59999847412109
aTj3bXMTL3inZhIgq22m,719,14.561593,120.9944827,1784973435020,49.59999847412109
aTj3bXMTL3inZhIgq22m,720,14.5616082,120.994464,1784973437025,49.59999847412109
aTj3bXMTL3inZhIgq22m,721,14.5616269,120.9944387,1784973439029,49.59999847412109
aTj3bXMTL3inZhIgq22m,722,14.5616528,120.9943991,1784973441031,49.59999847412109
aTj3bXMTL3inZhIgq22m,723,14.5616816,120.9943642,1784973443030,49.59999847412109
aTj3bXMTL3inZhIgq22m,724,14.5616958,120.9943514,1784973445028,49.59999847412109
aTj3bXMTL3inZhIgq22m,725,14.5616943,120.9943723,1784973450028,49.59999847412109
aTj3bXMTL3inZhIgq22m,726,14.5617074,120.9943462,1784973462024,49.59999847412109
aTj3bXMTL3inZhIgq22m,727,14.5617498,120.9943492,1784973464027,49.59999847412109
aTj3bXMTL3inZhIgq22m,728,14.5618141,120.9944075,1784973466032,49.59999847412109
aTj3bXMTL3inZhIgq22m,729,14.561899,120.9944872,1784973468037,49.59999847412109
aTj3bXMTL3inZhIgq22m,730,14.5619758,120.9945525,1784973470041,49.59999847412109
aTj3bXMTL3inZhIgq22m,731,14.5620677,120.9946205,1784973472041,49.59999847412109
aTj3bXMTL3inZhIgq22m,732,14.5621454,120.9946768,1784973474045,49.59999847412109
aTj3bXMTL3inZhIgq22m,733,14.5621986,120.9947093,1784973476043,49.59999847412109
aTj3bXMTL3inZhIgq22m,734,14.5622302,120.9947323,1784973478044,49.59999847412109
aTj3bXMTL3inZhIgq22m,735,14.5622778,120.9947651,1784973480064,49.59999847412109
aTj3bXMTL3inZhIgq22m,736,14.5623349,120.9948127,1784973482043,49.59999847412109
aTj3bXMTL3inZhIgq22m,737,14.5623581,120.9948352,1784973484046,49.59999847412109
aTj3bXMTL3inZhIgq22m,738,14.5623843,120.9948579,1784973487039,49.59999847412109
aTj3bXMTL3inZhIgq22m,739,14.5624325,120.9948999,1784973489040,49.59999847412109
aTj3bXMTL3inZhIgq22m,740,14.5624687,120.9949463,1784973491047,49.59999847412109
aTj3bXMTL3inZhIgq22m,741,14.5624837,120.9949808,1784973493049,49.59999847412109
aTj3bXMTL3inZhIgq22m,742,14.562487,120.9950033,1784973495058,49.59999847412109
aTj3bXMTL3inZhIgq22m,743,14.5624964,120.9950325,1784973497055,49.59999847412109
aTj3bXMTL3inZhIgq22m,744,14.5625097,120.9950492,1784973499054,49.59999847412109
aTj3bXMTL3inZhIgq22m,745,14.5625279,120.9950641,1784973523074,56.298
aTj3bXMTL3inZhIgq22m,746,14.5625476,120.9950799,1784973525072,56.027
aTj3bXMTL3inZhIgq22m,747,14.5625658,120.9951034,1784973527071,56.125
aTj3bXMTL3inZhIgq22m,748,14.5625946,120.9951334,1784973529067,54.295
aTj3bXMTL3inZhIgq22m,749,14.5626309,120.9951605,1784973531070,54.73
aTj3bXMTL3inZhIgq22m,750,14.5626627,120.9951748,1784973533069,55.638
aTj3bXMTL3inZhIgq22m,751,14.5626968,120.9951668,1784973535062,58.475
aTj3bXMTL3inZhIgq22m,752,14.5627243,120.9951445,1784973537068,61.221
aTj3bXMTL3inZhIgq22m,753,14.5627642,120.9951061,1784973539065,63.738
aTj3bXMTL3inZhIgq22m,754,14.5628554,120.9950459,1784973541059,66.024
aTj3bXMTL3inZhIgq22m,755,14.5629297,120.9950119,1784973543055,65.254
aTj3bXMTL3inZhIgq22m,756,14.5630022,120.9949822,1784973545060,61.025
aTj3bXMTL3inZhIgq22m,757,14.5630908,120.9949341,1784973547044,57.252
aTj3bXMTL3inZhIgq22m,758,14.5631904,120.9948747,1784973549042,63.145
aTj3bXMTL3inZhIgq22m,759,14.563271,120.9948058,1784973551050,58.657
aTj3bXMTL3inZhIgq22m,760,14.5633032,120.9947578,1784973553047,54.207
aTj3bXMTL3inZhIgq22m,761,14.5633114,120.9947383,1784973564048,57.137
aTj3bXMTL3inZhIgq22m,762,14.5633275,120.9947246,1784973566043,59.372
aTj3bXMTL3inZhIgq22m,763,14.5633437,120.9947104,1784973568045,59.969
aTj3bXMTL3inZhIgq22m,764,14.5633397,120.9947311,1784973605020,63.358
aTj3bXMTL3inZhIgq22m,765,14.5633174,120.9947349,1784973611016,66.1
aTj3bXMTL3inZhIgq22m,766,14.5632987,120.9947248,1784973613006,62.271
aTj3bXMTL3inZhIgq22m,767,14.5633183,120.9947461,1784973615009,53.164
aTj3bXMTL3inZhIgq22m,768,14.5633817,120.9948014,1784973617013,45.345
aTj3bXMTL3inZhIgq22m,769,14.5634781,120.9947948,1784973619023,59.508
aTj3bXMTL3inZhIgq22m,770,14.563587,120.9947891,1784973621022,68.455
aTj3bXMTL3inZhIgq22m,771,14.563659,120.9947778,1784973623023,76.347
aTj3bXMTL3inZhIgq22m,772,14.5637082,120.9947351,1784973625022,79.463
aTj3bXMTL3inZhIgq22m,773,14.563747,120.9947094,1784973627036,78.645
aTj3bXMTL3inZhIgq22m,774,14.5637281,120.9946992,1784973629027,69.34
aTj3bXMTL3inZhIgq22m,775,14.5637094,120.994696,1784973633032,69.34
aTj3bXMTL3inZhIgq22m,776,14.5637068,120.9947149,1784973640017,69.155
aTj3bXMTL3inZhIgq22m,777,14.5637148,120.9946902,1784973647015,70.996
aTj3bXMTL3inZhIgq22m,778,14.5636874,120.994714,1784973650992,70.237
aTj3bXMTL3inZhIgq22m,779,14.5636659,120.9947655,1784973655016,51.09999847412109
aTj3bXMTL3inZhIgq22m,780,14.5636556,120.9948403,1784973657021,51.09999847412109
aTj3bXMTL3inZhIgq22m,781,14.5636274,120.9948799,1784973659025,51.09999847412109
aTj3bXMTL3inZhIgq22m,782,14.563598,120.9949001,1784973661018,51.09999847412109
aTj3bXMTL3inZhIgq22m,783,14.5636176,120.9949455,1784973665034,51.09999847412109
aTj3bXMTL3inZhIgq22m,784,14.563623,120.9949671,1784973667023,51.09999847412109
aTj3bXMTL3inZhIgq22m,785,14.5636073,120.9949514,1784973669030,51.09999847412109
aTj3bXMTL3inZhIgq22m,786,14.5635904,120.9949423,1784973671016,51.09999847412109
aTj3bXMTL3inZhIgq22m,787,14.5635693,120.9949036,1784973673012,51.09999847412109
aTj3bXMTL3inZhIgq22m,788,14.5635466,120.9948836,1784973675006,51.09999847412109
aTj3bXMTL3inZhIgq22m,789,14.5635349,120.9948577,1784973677007,51.09999847412109
aTj3bXMTL3inZhIgq22m,790,14.5635472,120.9948192,1784973681018,51.09999847412109
aTj3bXMTL3inZhIgq22m,791,14.5635834,120.9947761,1784973683020,51.09999847412109
aTj3bXMTL3inZhIgq22m,792,14.5636339,120.9947312,1784973685017,51.09999847412109
aTj3bXMTL3inZhIgq22m,793,14.5637074,120.9946904,1784973687023,51.09999847412109
aTj3bXMTL3inZhIgq22m,794,14.5637397,120.9946731,1784973689031,51.09999847412109
aTj3bXMTL3inZhIgq22m,795,14.5637732,120.9946557,1784973691022,51.09999847412109
aTj3bXMTL3inZhIgq22m,796,14.5638091,120.9946397,1784973693021,51.09999847412109
aTj3bXMTL3inZhIgq22m,797,14.5638258,120.9946254,1784973695022,51.09999847412109
aTj3bXMTL3inZhIgq22m,798,14.5638462,120.9946035,1784973705020,51.09999847412109
aTj3bXMTL3inZhIgq22m,799,14.5638281,120.9946051,1784973715027,51.09999847412109
aTj3bXMTL3inZhIgq22m,800,14.5638528,120.9945935,1784973719022,51.09999847412109
aTj3bXMTL3inZhIgq22m,801,14.5637989,120.994624,1784973721020,51.09999847412109
aTj3bXMTL3inZhIgq22m,802,14.5637371,120.9946552,1784973723032,51.09999847412109
aTj3bXMTL3inZhIgq22m,803,14.5636803,120.9946744,1784973725035,51.09999847412109
aTj3bXMTL3inZhIgq22m,804,14.5636264,120.9946843,1784973727048,51.09999847412109
aTj3bXMTL3inZhIgq22m,805,14.5635905,120.9946854,1784973729036,51.09999847412109
aTj3bXMTL3inZhIgq22m,806,14.5635699,120.9946858,1784973731035,51.09999847412109
aTj3bXMTL3inZhIgq22m,807,14.5635488,120.9946867,1784973743030,51.09999847412109
aTj3bXMTL3inZhIgq22m,808,14.563526,120.9946962,1784973749030,56.89999771118164
aTj3bXMTL3inZhIgq22m,809,14.563547,120.9947252,1784973757033,56.89999771118164
aTj3bXMTL3inZhIgq22m,810,14.5635648,120.9947354,1784973767031,56.89999771118164
aTj3bXMTL3inZhIgq22m,811,14.563576,120.9947574,1784973771034,56.89999771118164
aTj3bXMTL3inZhIgq22m,812,14.5636038,120.9947648,1784973781036,56.89999771118164
aTj3bXMTL3inZhIgq22m,813,14.5636219,120.9947681,1784973783040,56.89999771118164
aTj3bXMTL3inZhIgq22m,814,14.5636532,120.994773,1784973839014,56.89999771118164
aTj3bXMTL3inZhIgq22m,815,14.5636757,120.9947818,1784973841011,56.89999771118164
aTj3bXMTL3inZhIgq22m,816,14.5637019,120.9948076,1784973843019,56.89999771118164
aTj3bXMTL3inZhIgq22m,817,14.5637107,120.9948314,1784973845022,56.89999771118164
aTj3bXMTL3inZhIgq22m,818,14.563706,120.9948589,1784973867035,56.89999771118164
aTj3bXMTL3inZhIgq22m,819,14.5636897,120.9948782,1784973887037,56.89999771118164
aTj3bXMTL3inZhIgq22m,820,14.5636461,120.9948705,1784973891029,56.89999771118164
aTj3bXMTL3inZhIgq22m,821,14.5636224,120.9948509,1784973893024,56.89999771118164
aTj3bXMTL3inZhIgq22m,822,14.563585,120.9948409,1784973897025,56.89999771118164
aTj3bXMTL3inZhIgq22m,823,14.5635286,120.9948486,1784973899015,56.89999771118164
aTj3bXMTL3inZhIgq22m,824,14.5634788,120.9948619,1784973901025,56.89999771118164
aTj3bXMTL3inZhIgq22m,825,14.5634375,120.994875,1784973903022,56.89999771118164
aTj3bXMTL3inZhIgq22m,826,14.5634103,120.9949019,1784973905021,56.89999771118164
aTj3bXMTL3inZhIgq22m,827,14.5633737,120.9948992,1784973909019,56.89999771118164
aTj3bXMTL3inZhIgq22m,828,14.5633465,120.9948934,1784973913047,56.89999771118164
aTj3bXMTL3inZhIgq22m,829,14.5632814,120.9949373,1784973917044,56.89999771118164
aTj3bXMTL3inZhIgq22m,830,14.5632359,120.9949487,1784973919043,56.89999771118164
aTj3bXMTL3inZhIgq22m,831,14.5632119,120.9949532,1784973921043,56.89999771118164
aTj3bXMTL3inZhIgq22m,832,14.5631942,120.9949571,1784973923045,29.07
aTj3bXMTL3inZhIgq22m,833,14.5631707,120.9949493,1784973925036,31.303
aTj3bXMTL3inZhIgq22m,834,14.5631553,120.9949375,1784973927035,31.205
aTj3bXMTL3inZhIgq22m,835,14.5631395,120.9949248,1784973929034,32.802
aTj3bXMTL3inZhIgq22m,836,14.5631181,120.9949355,1784973931042,36.547
aTj3bXMTL3inZhIgq22m,837,14.5631031,120.9949507,1784973933038,35.641
aTj3bXMTL3inZhIgq22m,838,14.5630906,120.9949663,1784973935034,33.524
aTj3bXMTL3inZhIgq22m,839,14.5630759,120.9949969,1784973939040,35.971
aTj3bXMTL3inZhIgq22m,840,14.5630723,120.9950374,1784973941046,38.902
aTj3bXMTL3inZhIgq22m,841,14.5630665,120.9950556,1784973943040,39.176
aTj3bXMTL3inZhIgq22m,842,14.5630557,120.9950777,1784973949052,43.922
aTj3bXMTL3inZhIgq22m,843,14.5630373,120.9951155,1784973953052,50.217
aTj3bXMTL3inZhIgq22m,844,14.5630283,120.9951446,1784973955052,53.665
aTj3bXMTL3inZhIgq22m,845,14.5630208,120.9951773,1784973959057,58.139
aTj3bXMTL3inZhIgq22m,846,14.5630138,120.9951808,1784973975079,51.79999923706055
aTj3bXMTL3inZhIgq22m,847,14.5630112,120.9951811,1784973976980,51.89999771118164
aTj3bXMTL3inZhIgq22m,848,14.5628825,120.9951955,1784973989432,51.79999923706055
aTj3bXMTL3inZhIgq22m,849,14.5625165,120.995421,1784973996014,51.79999923706055
aTj3bXMTL3inZhIgq22m,850,14.5626358,120.9953066,1784973998024,51.79999923706055
aTj3bXMTL3inZhIgq22m,851,14.5626526,120.9952014,1784974000033,51.79999923706055
aTj3bXMTL3inZhIgq22m,852,14.5626496,120.9951641,1784974002028,51.79999923706055
aTj3bXMTL3inZhIgq22m,853,14.5626515,120.9951412,1784974004028,51.79999923706055
aTj3bXMTL3inZhIgq22m,854,14.5626596,120.9951234,1784974007005,51.79999923706055
aTj3bXMTL3inZhIgq22m,855,14.5626626,120.9951277,1784974008976,51.79999923706055
aTj3bXMTL3inZhIgq22m,856,14.5628333,120.9952064,1784974018106,52.59999847412109
aTj3bXMTL3inZhIgq22m,857,14.5628947,120.995245,1784974024531,52.5
aTj3bXMTL3inZhIgq22m,858,14.562911,120.995208,1784974030925,51.89999771118164
aTj3bXMTL3inZhIgq22m,859,14.562903,120.995214,1784974037308,52.5
aTj3bXMTL3inZhIgq22m,860,14.5629047,120.9952125,1784974043726,52.59999847412109
aTj3bXMTL3inZhIgq22m,861,14.5628917,120.99519,1784974050113,52.59999847412109
aTj3bXMTL3inZhIgq22m,862,14.5628996,120.9952101,1784974056526,52.59999847412109
aTj3bXMTL3inZhIgq22m,863,14.562901,120.995213,1784974062813,51.89999771118164
aTj3bXMTL3inZhIgq22m,864,14.5628922,120.9952264,1784974069286,51.89999771118164
aTj3bXMTL3inZhIgq22m,865,14.5628971,120.995235,1784974075809,52.5
aTj3bXMTL3inZhIgq22m,866,14.5629116,120.9952245,1784974082321,51.89999771118164
aTj3bXMTL3inZhIgq22m,867,14.5629016,120.9952408,1784974088674,51.89999771118164
aTj3bXMTL3inZhIgq22m,868,14.5628974,120.9952244,1784974095094,52.5
aTj3bXMTL3inZhIgq22m,869,14.5628916,120.9952223,1784974101509,52.5
aTj3bXMTL3inZhIgq22m,870,14.5628963,120.9952322,1784974107941,52.5
aTj3bXMTL3inZhIgq22m,871,14.5629051,120.9952071,1784974114295,52.5
aTj3bXMTL3inZhIgq22m,872,14.5629078,120.9952209,1784974120761,52.5
aTj3bXMTL3inZhIgq22m,873,14.5628857,120.9951945,1784974127254,51.89999771118164
aTj3bXMTL3inZhIgq22m,874,14.5629072,120.9952151,1784974133683,51.29999923706055
aTj3bXMTL3inZhIgq22m,875,14.5629057,120.9952333,1784974140165,51.09999847412109
aTj3bXMTL3inZhIgq22m,876,14.5628432,120.9951971,1784974146667,51.20000076293945
aTj3bXMTL3inZhIgq22m,877,14.5628236,120.9951642,1784974153169,51.09999847412109
aTj3bXMTL3inZhIgq22m,878,14.5627824,120.9951578,1784974159623,51.29999923706055
aTj3bXMTL3inZhIgq22m,879,14.5628405,120.9951301,1784974166016,51.29999923706055
aTj3bXMTL3inZhIgq22m,880,14.5628658,120.9951533,1784974172515,51.29999923706055
aTj3bXMTL3inZhIgq22m,881,14.5628458,120.9951832,1784974178982,51.20000076293945
aTj3bXMTL3inZhIgq22m,882,14.5627018,120.9950029,1784974181053,51.20000076293945
aTj3bXMTL3inZhIgq22m,883,14.5626828,120.9949901,1784974183047,51.20000076293945
aTj3bXMTL3inZhIgq22m,884,14.5627003,120.9949842,1784974233037,51.20000076293945
aTj3bXMTL3inZhIgq22m,885,14.5627232,120.9949645,1784974263016,51.20000076293945
aTj3bXMTL3inZhIgq22m,886,14.562752,120.9949468,1784974265007,51.20000076293945
aTj3bXMTL3inZhIgq22m,887,14.5627765,120.9949355,1784974266991,51.20000076293945
aTj3bXMTL3inZhIgq22m,888,14.5627963,120.9949292,1784974268984,51.20000076293945
aTj3bXMTL3inZhIgq22m,889,14.5628131,120.9949253,1784974270978,51.79999923706055
aTj3bXMTL3inZhIgq22m,890,14.5629003,120.9951478,1784974280055,51.89999771118164
aTj3bXMTL3inZhIgq22m,891,14.5629089,120.9952073,1784974285889,52.5
aTj3bXMTL3inZhIgq22m,892,14.5629041,120.9952063,1784974292007,51.29999923706055
aTj3bXMTL3inZhIgq22m,893,14.5628949,120.9952284,1784974297894,51.89999771118164
aTj3bXMTL3inZhIgq22m,894,14.5628999,120.995233,1784974303956,52.09999847412109
aTj3bXMTL3inZhIgq22m,895,14.5628982,120.995214,1784974310015,52.59999847412109
aTj3bXMTL3inZhIgq22m,896,14.562902,120.9952172,1784974315993,52.59999847412109
aTj3bXMTL3inZhIgq22m,897,14.5629018,120.9952118,1784974321931,52.59999847412109
aTj3bXMTL3inZhIgq22m,898,14.5629032,120.9952109,1784974327866,52.59999847412109
aTj3bXMTL3inZhIgq22m,899,14.5629025,120.9952081,1784974333883,52.59999847412109
aTj3bXMTL3inZhIgq22m,900,14.5628797,120.9951896,1784974339907,52.09999847412109
aTj3bXMTL3inZhIgq22m,901,14.5628923,120.9951919,1784974346046,52.59999847412109
aTj3bXMTL3inZhIgq22m,902,14.5628917,120.9952217,1784974352109,52.5
aTj3bXMTL3inZhIgq22m,903,14.5628988,120.9952353,1784974356650,52.5
aTj3bXMTL3inZhIgq22m,904,14.5628955,120.9952425,1784974363457,52.5
aTj3bXMTL3inZhIgq22m,905,14.5629179,120.9951961,1784974369534,51.29999923706055
aTj3bXMTL3inZhIgq22m,906,14.5628397,120.9951729,1784974375580,51.29999923706055
aTj3bXMTL3inZhIgq22m,907,14.562841,120.9951433,1784974381685,51.39999771118164
aTj3bXMTL3inZhIgq22m,908,14.5628552,120.9951425,1784974387592,51.59999847412109
aTj3bXMTL3inZhIgq22m,909,14.5629551,120.9950821,1784974393972,51.29999923706055
aTj3bXMTL3inZhIgq22m,910,14.5630568,120.9951098,1784974400438,51.89999771118164
aTj3bXMTL3inZhIgq22m,911,14.5631989,120.9950107,1784974406368,51.20000076293945
aTj3bXMTL3inZhIgq22m,912,14.5630159,120.9949349,1784974409063,51.20000076293945
aTj3bXMTL3inZhIgq22m,913,14.5630463,120.9949482,1784974412036,51.20000076293945
aTj3bXMTL3inZhIgq22m,914,14.5630703,120.9949622,1784974414032,51.20000076293945
aTj3bXMTL3inZhIgq22m,915,14.5630855,120.9949516,1784974417045,51.20000076293945
aTj3bXMTL3inZhIgq22m,916,14.563096,120.9949356,1784974419055,51.20000076293945
aTj3bXMTL3inZhIgq22m,917,14.5631107,120.9949157,1784974431042,51.20000076293945
aTj3bXMTL3inZhIgq22m,918,14.5631262,120.9948987,1784974433041,51.20000076293945
b72kbSj4zms7yk6xGF5G,0,14.5571785,120.9963526,1784965201135,50.59999847412109
b72kbSj4zms7yk6xGF5G,1,14.5570852,120.9963537,1784965208138,50.29999923706055
b72kbSj4zms7yk6xGF5G,2,14.5570454,120.9963622,1784965210140,50.29999923706055
b72kbSj4zms7yk6xGF5G,3,14.5570223,120.9963563,1784965212135,50.29999923706055
b72kbSj4zms7yk6xGF5G,4,14.5569878,120.9963409,1784965218138,50.29999923706055
b72kbSj4zms7yk6xGF5G,5,14.5569545,120.9963354,1784965222134,50.29999923706055
b72kbSj4zms7yk6xGF5G,6,14.5569011,120.9963644,1784965224136,50.29999923706055
b72kbSj4zms7yk6xGF5G,7,14.5567758,120.9963922,1784965226123,50.29999923706055
b72kbSj4zms7yk6xGF5G,8,14.5566581,120.9964344,1784965228122,50.29999923706055
b72kbSj4zms7yk6xGF5G,9,14.5565118,120.9964677,1784965230117,50.29999923706055
b72kbSj4zms7yk6xGF5G,10,14.5563562,120.9964876,1784965232127,50.29999923706055
b72kbSj4zms7yk6xGF5G,11,14.5562469,120.9964734,1784965234125,50.29999923706055
b72kbSj4zms7yk6xGF5G,12,14.556161,120.9964964,1784965236129,50.29999923706055
b72kbSj4zms7yk6xGF5G,13,14.5560492,120.9965176,1784965238129,50.29999923706055
b72kbSj4zms7yk6xGF5G,14,14.5559335,120.9965147,1784965240128,50.29999923706055
b72kbSj4zms7yk6xGF5G,15,14.5558261,120.9965271,1784965242146,50.29999923706055
b72kbSj4zms7yk6xGF5G,16,14.5557551,120.9965319,1784965244142,50.29999923706055
b72kbSj4zms7yk6xGF5G,17,14.555718,120.9964966,1784965246140,50.29999923706055
b72kbSj4zms7yk6xGF5G,18,14.5556774,120.9964116,1784965248142,50.29999923706055
b72kbSj4zms7yk6xGF5G,19,14.5556514,120.9963097,1784965250131,50.29999923706055
b72kbSj4zms7yk6xGF5G,20,14.5556604,120.9962101,1784965252127,50.29999923706055
b72kbSj4zms7yk6xGF5G,21,14.5556595,120.9961051,1784965254136,50.29999923706055
b72kbSj4zms7yk6xGF5G,22,14.5556374,120.9960115,1784965256133,50.29999923706055
b72kbSj4zms7yk6xGF5G,23,14.5556003,120.9959384,1784965258135,50.29999923706055
b72kbSj4zms7yk6xGF5G,24,14.5555475,120.9958459,1784965260141,50.29999923706055
b72kbSj4zms7yk6xGF5G,25,14.5554826,120.9957329,1784965262133,50.29999923706055
b72kbSj4zms7yk6xGF5G,26,14.5554365,120.9955939,1784965264125,50.29999923706055
b72kbSj4zms7yk6xGF5G,27,14.5553782,120.9954691,1784965266124,50.29999923706055
b72kbSj4zms7yk6xGF5G,28,14.5553337,120.9953471,1784965268125,50.29999923706055
b72kbSj4zms7yk6xGF5G,29,14.5552846,120.9952367,1784965270129,50.29999923706055
b72kbSj4zms7yk6xGF5G,30,14.5552505,120.9951467,1784965272133,50.29999923706055
b72kbSj4zms7yk6xGF5G,31,14.555217,120.9950499,1784965274131,50.29999923706055
b72kbSj4zms7yk6xGF5G,32,14.555175,120.9949608,1784965276121,50.29999923706055
b72kbSj4zms7yk6xGF5G,33,14.5551177,120.9948642,1784965278131,50.29999923706055
b72kbSj4zms7yk6xGF5G,34,14.5550656,120.9947766,1784965280130,50.29999923706055
b72kbSj4zms7yk6xGF5G,35,14.5550449,120.994693,1784965282123,50.29999923706055
b72kbSj4zms7yk6xGF5G,36,14.5550258,120.9946169,1784965284126,50.29999923706055
b72kbSj4zms7yk6xGF5G,37,14.5550044,120.9945547,1784965286144,50.29999923706055
b72kbSj4zms7yk6xGF5G,38,14.5549846,120.994531,1784965288132,50.29999923706055
b72kbSj4zms7yk6xGF5G,39,14.5549725,120.994517,1784965294142,50.29999923706055
b72kbSj4zms7yk6xGF5G,40,14.5549593,120.994502,1784965296137,50.29999923706055
b72kbSj4zms7yk6xGF5G,41,14.5549222,120.9944933,1784965298132,50.29999923706055
b72kbSj4zms7yk6xGF5G,42,14.554868,120.9944954,1784965300131,50.29999923706055
b72kbSj4zms7yk6xGF5G,43,14.5547904,120.9944911,1784965302122,50.29999923706055
b72kbSj4zms7yk6xGF5G,44,14.5547125,120.9944996,1784965304123,50.29999923706055
b72kbSj4zms7yk6xGF5G,45,14.5546203,120.9945005,1784965306121,50.29999923706055
b72kbSj4zms7yk6xGF5G,46,14.5545666,120.9945047,1784965308123,50.29999923706055
b72kbSj4zms7yk6xGF5G,47,14.5545364,120.9945125,1784965310130,50.29999923706055
b72kbSj4zms7yk6xGF5G,48,14.5545114,120.9945204,1784965312128,50.29999923706055
b72kbSj4zms7yk6xGF5G,49,14.554466,120.9945303,1784965314127,50.29999923706055
b72kbSj4zms7yk6xGF5G,50,14.5544208,120.994548,1784965316117,50.29999923706055
b72kbSj4zms7yk6xGF5G,51,14.5543654,120.9945753,1784965318133,50.29999923706055
b72kbSj4zms7yk6xGF5G,52,14.5542672,120.9946099,1784965320129,50.29999923706055
b72kbSj4zms7yk6xGF5G,53,14.5541531,120.9946475,1784965322136,50.29999923706055
b72kbSj4zms7yk6xGF5G,54,14.5540681,120.9946995,1784965324140,50.29999923706055
b72kbSj4zms7yk6xGF5G,55,14.5539983,120.9947584,1784965326140,50.29999923706055
b72kbSj4zms7yk6xGF5G,56,14.5539275,120.9947982,1784965328138,50.29999923706055
b72kbSj4zms7yk6xGF5G,57,14.5538327,120.9948402,1784965330134,50.29999923706055
b72kbSj4zms7yk6xGF5G,58,14.5537422,120.9948529,1784965332144,50.29999923706055
b72kbSj4zms7yk6xGF5G,59,14.5536838,120.9948309,1784965334133,50.29999923706055
b72kbSj4zms7yk6xGF5G,60,14.5536437,120.9947756,1784965336130,50.29999923706055
b72kbSj4zms7yk6xGF5G,61,14.5536313,120.9946959,1784965338125,50.29999923706055
b72kbSj4zms7yk6xGF5G,62,14.5536287,120.994606,1784965340134,50.29999923706055
b72kbSj4zms7yk6xGF5G,63,14.5535945,120.9944586,1784965342129,50.29999923706055
b72kbSj4zms7yk6xGF5G,64,14.5535508,120.9943105,1784965344120,50.29999923706055
b72kbSj4zms7yk6xGF5G,65,14.5535389,120.994162,1784965346116,50.29999923706055
b72kbSj4zms7yk6xGF5G,66,14.553539,120.9940439,1784965348117,50.29999923706055
b72kbSj4zms7yk6xGF5G,67,14.5535247,120.9939228,1784965350120,50.29999923706055
b72kbSj4zms7yk6xGF5G,68,14.553479,120.9937849,1784965352129,50.29999923706055
b72kbSj4zms7yk6xGF5G,69,14.5534567,120.993641,1784965354130,50.29999923706055
b72kbSj4zms7yk6xGF5G,70,14.5534586,120.9934485,1784965356146,50.29999923706055
b72kbSj4zms7yk6xGF5G,71,14.5534404,120.99325,1784965358147,50.29999923706055
b72kbSj4zms7yk6xGF5G,72,14.5534114,120.9930554,1784965360142,50.29999923706055
b72kbSj4zms7yk6xGF5G,73,14.5533794,120.9928544,1784965362146,50.29999923706055
b72kbSj4zms7yk6xGF5G,74,14.5533513,120.9926422,1784965364145,50.29999923706055
b72kbSj4zms7yk6xGF5G,75,14.5533178,120.9924131,1784965366151,50.29999923706055
b72kbSj4zms7yk6xGF5G,76,14.5532406,120.9921988,1784965368143,50.29999923706055
b72kbSj4zms7yk6xGF5G,77,14.5531717,120.9920282,1784965370149,50.29999923706055
b72kbSj4zms7yk6xGF5G,78,14.5531305,120.9918813,1784965372144,50.29999923706055
b72kbSj4zms7yk6xGF5G,79,14.5530717,120.9917497,1784965374151,50.29999923706055
b72kbSj4zms7yk6xGF5G,80,14.5530262,120.9916163,1784965376147,50.29999923706055
b72kbSj4zms7yk6xGF5G,81,14.5529934,120.991443,1784965378169,50.29999923706055
b72kbSj4zms7yk6xGF5G,82,14.5529398,120.9912412,1784965380157,50.29999923706055
b72kbSj4zms7yk6xGF5G,83,14.5528827,120.9910557,1784965382154,50.29999923706055
b72kbSj4zms7yk6xGF5G,84,14.55282,120.9908745,1784965384151,63.021
b72kbSj4zms7yk6xGF5G,85,14.5527534,120.9906958,1784965386141,65.953
b72kbSj4zms7yk6xGF5G,86,14.5527111,120.9905032,1784965388143,68.305
b72kbSj4zms7yk6xGF5G,87,14.5526505,120.9903213,1784965390146,69.366
b72kbSj4zms7yk6xGF5G,88,14.5525917,120.9901727,1784965392142,70.709
b72kbSj4zms7yk6xGF5G,89,14.5525411,120.9900165,1784965394152,68.647
b72kbSj4zms7yk6xGF5G,90,14.5525017,120.9898818,1784965396147,65.259
b72kbSj4zms7yk6xGF5G,91,14.552465,120.9897862,1784965398153,63.257
b72kbSj4zms7yk6xGF5G,92,14.5524484,120.9897337,1784965400165,50.20000076293945
b72kbSj4zms7yk6xGF5G,93,14.5524509,120.9896906,1784965402174,50.20000076293945
b72kbSj4zms7yk6xGF5G,94,14.5524763,120.9896606,1784965404176,50.20000076293945
b72kbSj4zms7yk6xGF5G,95,14.5525363,120.9896474,1784965406176,50.20000076293945
b72kbSj4zms7yk6xGF5G,96,14.5526296,120.9896324,1784965408165,50.20000076293945
b72kbSj4zms7yk6xGF5G,97,14.5527236,120.9896247,1784965410155,50.20000076293945
b72kbSj4zms7yk6xGF5G,98,14.5528117,120.9896063,1784965412150,50.20000076293945
b72kbSj4zms7yk6xGF5G,99,14.5529222,120.9895526,1784965414146,50.20000076293945
b72kbSj4zms7yk6xGF5G,100,14.5530705,120.989515,1784965416147,50.20000076293945
b72kbSj4zms7yk6xGF5G,101,14.5532204,120.9894711,1784965418145,50.20000076293945
b72kbSj4zms7yk6xGF5G,102,14.5533299,120.9894307,1784965420142,50.20000076293945
b72kbSj4zms7yk6xGF5G,103,14.5533906,120.9894255,1784965422145,50.20000076293945
b72kbSj4zms7yk6xGF5G,104,14.5534351,120.9894125,1784965424147,50.20000076293945
b72kbSj4zms7yk6xGF5G,105,14.5534903,120.9893897,1784965426142,50.20000076293945
b72kbSj4zms7yk6xGF5G,106,14.5535912,120.9893581,1784965428139,50.20000076293945
b72kbSj4zms7yk6xGF5G,107,14.5537206,120.9893249,1784965430127,50.20000076293945
b72kbSj4zms7yk6xGF5G,108,14.5538639,120.9892831,1784965432125,50.20000076293945
b72kbSj4zms7yk6xGF5G,109,14.5540059,120.9892358,1784965434126,50.20000076293945
b72kbSj4zms7yk6xGF5G,110,14.5541362,120.989196,1784965436127,50.20000076293945
b72kbSj4zms7yk6xGF5G,111,14.5542423,120.9891683,1784965438135,50.20000076293945
b72kbSj4zms7yk6xGF5G,112,14.5543199,120.9891661,1784965440153,50.20000076293945
b72kbSj4zms7yk6xGF5G,113,14.5543778,120.9891546,1784965442142,50.20000076293945
b72kbSj4zms7yk6xGF5G,114,14.5544301,120.9891629,1784965444133,50.20000076293945
b72kbSj4zms7yk6xGF5G,115,14.5544996,120.9891558,1784965446133,50.20000076293945
b72kbSj4zms7yk6xGF5G,116,14.5546187,120.9891363,1784965448135,50.20000076293945
b72kbSj4zms7yk6xGF5G,117,14.5547593,120.9890979,1784965450128,50.20000076293945
b72kbSj4zms7yk6xGF5G,118,14.5548972,120.9890527,1784965452133,50.20000076293945
b72kbSj4zms7yk6xGF5G,119,14.5550264,120.9889999,1784965454126,50.20000076293945
b72kbSj4zms7yk6xGF5G,120,14.5551079,120.9889742,1784965456127,50.20000076293945
b72kbSj4zms7yk6xGF5G,121,14.5551841,120.9889646,1784965458129,50.20000076293945
b72kbSj4zms7yk6xGF5G,122,14.5552854,120.988945,1784965460145,50.20000076293945
b72kbSj4zms7yk6xGF5G,123,14.5554012,120.9889362,1784965462123,50.20000076293945
b72kbSj4zms7yk6xGF5G,124,14.5555557,120.9888837,1784965465127,50.20000076293945
b72kbSj4zms7yk6xGF5G,125,14.5556652,120.9888384,1784965467137,50.20000076293945
b72kbSj4zms7yk6xGF5G,126,14.5557864,120.988792,1784965469153,50.20000076293945
b72kbSj4zms7yk6xGF5G,127,14.5559128,120.9887489,1784965471168,50.20000076293945
b72kbSj4zms7yk6xGF5G,128,14.5560294,120.9887018,1784965473147,50.20000076293945
b72kbSj4zms7yk6xGF5G,129,14.5561311,120.9886503,1784965475152,50.20000076293945
b72kbSj4zms7yk6xGF5G,130,14.5562231,120.9886035,1784965477153,50.20000076293945
b72kbSj4zms7yk6xGF5G,131,14.5563137,120.9885761,1784965479147,50.20000076293945
b72kbSj4zms7yk6xGF5G,132,14.5563872,120.9885334,1784965481143,50.20000076293945
b72kbSj4zms7yk6xGF5G,133,14.5564883,120.9884912,1784965483144,50.20000076293945
b72kbSj4zms7yk6xGF5G,134,14.5566291,120.9884302,1784965485152,50.20000076293945
b72kbSj4zms7yk6xGF5G,135,14.5567634,120.9883892,1784965487147,50.20000076293945
b72kbSj4zms7yk6xGF5G,136,14.5568844,120.9883394,1784965489153,50.20000076293945
b72kbSj4zms7yk6xGF5G,137,14.5569936,120.9882952,1784965491141,50.20000076293945
b72kbSj4zms7yk6xGF5G,138,14.5571097,120.9882539,1784965493138,50.20000076293945
b72kbSj4zms7yk6xGF5G,139,14.557212,120.9882389,1784965495127,50.20000076293945
b72kbSj4zms7yk6xGF5G,140,14.5573086,120.9882132,1784965497125,50.20000076293945
b72kbSj4zms7yk6xGF5G,141,14.5573929,120.9881963,1784965499123,50.20000076293945
b72kbSj4zms7yk6xGF5G,142,14.5574506,120.9881916,1784965501120,50.20000076293945
b72kbSj4zms7yk6xGF5G,143,14.557495,120.9882123,1784965503133,50.20000076293945
b72kbSj4zms7yk6xGF5G,144,14.557539,120.9882698,1784965505119,50.20000076293945
b72kbSj4zms7yk6xGF5G,145,14.5575795,120.9883632,1784965507112,50.20000076293945
b72kbSj4zms7yk6xGF5G,146,14.5576145,120.9884385,1784965509114,50.20000076293945
b72kbSj4zms7yk6xGF5G,147,14.5576351,120.9884764,1784965511107,50.20000076293945
b72kbSj4zms7yk6xGF5G,148,14.5576417,120.9884994,1784965517114,50.20000076293945
b72kbSj4zms7yk6xGF5G,149,14.5576488,120.9885207,1784965523108,50.20000076293945
b72kbSj4zms7yk6xGF5G,150,14.5576531,120.9885411,1784965527101,50.20000076293945
b72kbSj4zms7yk6xGF5G,151,14.5576624,120.9885597,1784965533103,50.20000076293945
b72kbSj4zms7yk6xGF5G,152,14.5576688,120.9885863,1784965535093,50.20000076293945
b72kbSj4zms7yk6xGF5G,153,14.5576509,120.9886083,1784965537098,50.20000076293945
b72kbSj4zms7yk6xGF5G,154,14.5576312,120.9886029,1784965541112,50.20000076293945
b72kbSj4zms7yk6xGF5G,155,14.5576029,120.9885122,1784965543110,50.20000076293945
b72kbSj4zms7yk6xGF5G,156,14.5575851,120.9883519,1784965545112,78.954
b72kbSj4zms7yk6xGF5G,157,14.5574932,120.9881814,1784965548125,76.523
b72kbSj4zms7yk6xGF5G,158,14.5574381,120.9881462,1784965550125,76.82
b72kbSj4zms7yk6xGF5G,159,14.5574148,120.9881422,1784965552133,76.173
b72kbSj4zms7yk6xGF5G,160,14.5573955,120.9881543,1784965554133,74.753
b72kbSj4zms7yk6xGF5G,161,14.5573963,120.9881987,1784965556124,73.313
b72kbSj4zms7yk6xGF5G,162,14.557406,120.988264,1784965558120,74.484
b72kbSj4zms7yk6xGF5G,163,14.5574425,120.9883219,1784965560122,78.446
b72kbSj4zms7yk6xGF5G,164,14.5574889,120.9883543,1784965562117,79.969
b72kbSj4zms7yk6xGF5G,165,14.5575038,120.9883842,1784965566102,79.138
b72kbSj4zms7yk6xGF5G,166,14.5575096,120.9884107,1784965568100,73.472
b72kbSj4zms7yk6xGF5G,167,14.5575294,120.9884086,1784965570106,74.769
b72kbSj4zms7yk6xGF5G,168,14.557544,120.9883911,1784965572105,79.0
b72kbSj4zms7yk6xGF5G,169,14.5575834,120.9883841,1784965574115,83.15
b72kbSj4zms7yk6xGF5G,170,14.5576435,120.9884056,1784965576120,79.964
b72kbSj4zms7yk6xGF5G,171,14.5576691,120.9884201,1784965578126,79.122
b72kbSj4zms7yk6xGF5G,172,14.5576845,120.9884375,1784965580121,75.884
b72kbSj4zms7yk6xGF5G,173,14.5577191,120.9884408,1784965584112,72.909
b72kbSj4zms7yk6xGF5G,174,14.5577401,120.9884272,1784965586114,72.944
b72kbSj4zms7yk6xGF5G,175,14.5577624,120.9884173,1784965588115,71.59
b72kbSj4zms7yk6xGF5G,176,14.5577805,120.9884147,1784965590112,70.299
bSxpMrYtTZbKj06HwuQr,0,14.5635569,121.0009314,1785487076333,51.79999923706055
bSxpMrYtTZbKj06HwuQr,1,14.5635764,121.0009551,1785487086225,51.89999771118164
bSxpMrYtTZbKj06HwuQr,2,14.5635221,121.0009763,1785487089332,51.89999771118164
bSxpMrYtTZbKj06HwuQr,3,14.5635117,121.0009541,1785487091332,51.89999771118164
bSxpMrYtTZbKj06HwuQr,4,14.563488,121.0009871,1785487095331,51.89999771118164
bSxpMrYtTZbKj06HwuQr,5,14.5635609,121.001041,1785487097333,51.89999771118164
bSxpMrYtTZbKj06HwuQr,6,14.5636259,121.0010677,1785487099331,51.89999771118164
bSxpMrYtTZbKj06HwuQr,7,14.5636634,121.0010761,1785487101331,51.89999771118164
bSxpMrYtTZbKj06HwuQr,8,14.5636993,121.001067,1785487103332,51.89999771118164
bSxpMrYtTZbKj06HwuQr,9,14.5637498,121.0010339,1785487105332,51.89999771118164
bSxpMrYtTZbKj06HwuQr,10,14.5637797,121.0010145,1785487107331,51.70000076293945
bSxpMrYtTZbKj06HwuQr,11,14.5638076,121.0009978,1785487109331,51.70000076293945
bSxpMrYtTZbKj06HwuQr,12,14.5638298,121.0009808,1785487111332,51.70000076293945
bSxpMrYtTZbKj06HwuQr,13,14.5638453,121.0009628,1785487113333,51.70000076293945
bSxpMrYtTZbKj06HwuQr,14,14.5638663,121.0009405,1785487115331,51.70000076293945
bSxpMrYtTZbKj06HwuQr,15,14.5638995,121.0009392,1785487117332,51.70000076293945
bSxpMrYtTZbKj06HwuQr,16,14.5639381,121.0009159,1785487119333,50.79999923706055
bSxpMrYtTZbKj06HwuQr,17,14.5639867,121.0008995,1785487121333,50.79999923706055
bSxpMrYtTZbKj06HwuQr,18,14.5640376,121.0008894,1785487123331,50.79999923706055
bSxpMrYtTZbKj06HwuQr,19,14.5641164,121.0008729,1785487125331,50.79999923706055
bSxpMrYtTZbKj06HwuQr,20,14.5641343,121.0008591,1785487127331,50.79999923706055
bSxpMrYtTZbKj06HwuQr,21,14.5641972,121.0008307,1785487129332,50.79999923706055
bSxpMrYtTZbKj06HwuQr,22,14.5642627,121.0008054,1785487131331,50.59999847412109
bSxpMrYtTZbKj06HwuQr,23,14.5643208,121.000762,1785487133332,50.59999847412109
bSxpMrYtTZbKj06HwuQr,24,14.564361,121.0007336,1785487135332,50.59999847412109
bSxpMrYtTZbKj06HwuQr,25,14.5644053,121.0007086,1785487137331,50.59999847412109
bSxpMrYtTZbKj06HwuQr,26,14.5644486,121.0006675,1785487139332,50.59999847412109
bSxpMrYtTZbKj06HwuQr,27,14.5645089,121.0006508,1785487141332,50.59999847412109
bSxpMrYtTZbKj06HwuQr,28,14.5645629,121.0006401,1785487143332,50.29999923706055
bSxpMrYtTZbKj06HwuQr,29,14.5648514,121.00051,1785487145331,50.29999923706055
bSxpMrYtTZbKj06HwuQr,30,14.5648677,121.0004995,1785487153332,50.29999923706055
bSxpMrYtTZbKj06HwuQr,31,14.5649448,121.0004748,1785487155331,50.29999923706055
bSxpMrYtTZbKj06HwuQr,32,14.5650194,121.0004624,1785487157331,50.29999923706055
bSxpMrYtTZbKj06HwuQr,33,14.5650674,121.0004422,1785487159332,50.29999923706055
bSxpMrYtTZbKj06HwuQr,34,14.5650852,121.0004388,1785487161331,50.29999923706055
bSxpMrYtTZbKj06HwuQr,35,14.5651197,121.0003716,1785487165331,50.29999923706055
bSxpMrYtTZbKj06HwuQr,36,14.5650814,121.0002912,1785487167332,50.39999771118164
bSxpMrYtTZbKj06HwuQr,37,14.5650436,121.0001994,1785487169331,50.39999771118164
bSxpMrYtTZbKj06HwuQr,38,14.5650093,121.0001167,1785487171332,50.39999771118164
bSxpMrYtTZbKj06HwuQr,39,14.5649732,121.000018,1785487173332,50.39999771118164
bSxpMrYtTZbKj06HwuQr,40,14.564923,120.9999189,1785487175331,50.39999771118164
bSxpMrYtTZbKj06HwuQr,41,14.5648795,120.9998204,1785487177333,50.39999771118164
bSxpMrYtTZbKj06HwuQr,42,14.5648519,120.9997315,1785487179331,50.39999771118164
bSxpMrYtTZbKj06HwuQr,43,14.5648271,120.9996376,1785487181331,50.39999771118164
bSxpMrYtTZbKj06HwuQr,44,14.564788,120.9995608,1785487183331,50.39999771118164
bSxpMrYtTZbKj06HwuQr,45,14.5647543,120.9994932,1785487185331,50.39999771118164
bSxpMrYtTZbKj06HwuQr,46,14.5647246,120.999429,1785487187331,50.39999771118164
bSxpMrYtTZbKj06HwuQr,47,14.5647076,120.9993974,1785487189331,50.39999771118164
bSxpMrYtTZbKj06HwuQr,48,14.5646743,120.9993737,1785487191332,50.39999771118164
bSxpMrYtTZbKj06HwuQr,49,14.5646448,120.999327,1785487193331,50.39999771118164
bSxpMrYtTZbKj06HwuQr,50,14.5646065,120.9992591,1785487195331,50.39999771118164
bSxpMrYtTZbKj06HwuQr,51,14.5645748,120.9991857,1785487197331,50.39999771118164
bSxpMrYtTZbKj06HwuQr,52,14.5645503,120.9991124,1785487199332,50.39999771118164
bSxpMrYtTZbKj06HwuQr,53,14.5645219,120.9990437,1785487201333,50.39999771118164
bSxpMrYtTZbKj06HwuQr,54,14.5644942,120.9989858,1785487203332,50.39999771118164
bSxpMrYtTZbKj06HwuQr,55,14.5644511,120.9989214,1785487205332,50.39999771118164
bSxpMrYtTZbKj06HwuQr,56,14.5644163,120.9988643,1785487207333,50.39999771118164
bSxpMrYtTZbKj06HwuQr,57,14.564378,120.998798,1785487209332,50.39999771118164
bSxpMrYtTZbKj06HwuQr,58,14.5643453,120.9987271,1785487211332,50.39999771118164
bSxpMrYtTZbKj06HwuQr,59,14.5643015,120.9986591,1785487213331,50.39999771118164
bSxpMrYtTZbKj06HwuQr,60,14.5642661,120.9985929,1785487215331,50.39999771118164
bSxpMrYtTZbKj06HwuQr,61,14.5642431,120.9985286,1785487217332,50.39999771118164
bSxpMrYtTZbKj06HwuQr,62,14.5642276,120.998473,1785487219331,50.39999771118164
bSxpMrYtTZbKj06HwuQr,63,14.5641958,120.9984216,1785487221331,50.39999771118164
bSxpMrYtTZbKj06HwuQr,64,14.5641731,120.9983965,1785487223332,50.39999771118164
bSxpMrYtTZbKj06HwuQr,65,14.5641553,120.9983884,1785487225332,50.39999771118164
bSxpMrYtTZbKj06HwuQr,66,14.5641385,120.9983661,1785487229331,50.39999771118164
bSxpMrYtTZbKj06HwuQr,67,14.5641211,120.998328,1785487233331,50.39999771118164
bSxpMrYtTZbKj06HwuQr,68,14.5641112,120.9982914,1785487235332,50.39999771118164
bSxpMrYtTZbKj06HwuQr,69,14.5641168,120.9982627,1785487237332,49.70000076293945
bSxpMrYtTZbKj06HwuQr,70,14.5641353,120.9982485,1785487239333,49.70000076293945
bSxpMrYtTZbKj06HwuQr,71,14.5641753,120.9982498,1785487243333,49.70000076293945
bSxpMrYtTZbKj06HwuQr,72,14.5642101,120.9982563,1785487245332,49.70000076293945
bSxpMrYtTZbKj06HwuQr,73,14.5642384,120.9982663,1785487247331,49.70000076293945
bSxpMrYtTZbKj06HwuQr,74,14.5642592,120.9982761,1785487249333,49.70000076293945
bSxpMrYtTZbKj06HwuQr,75,14.564297,120.9982924,1785487251332,49.70000076293945
bSxpMrYtTZbKj06HwuQr,76,14.5643481,120.998292,1785487253332,49.70000076293945
bSxpMrYtTZbKj06HwuQr,77,14.5643852,120.9982863,1785487255333,49.70000076293945
bSxpMrYtTZbKj06HwuQr,78,14.5644009,120.998276,1785487257334,49.70000076293945
bSxpMrYtTZbKj06HwuQr,79,14.5644216,120.9982632,1785487259332,49.70000076293945
bSxpMrYtTZbKj06HwuQr,80,14.5644643,120.9982504,1785487261332,49.70000076293945
bSxpMrYtTZbKj06HwuQr,81,14.5645217,120.9982363,1785487263333,49.70000076293945
bSxpMrYtTZbKj06HwuQr,82,14.5645844,120.9982079,1785487265333,49.70000076293945
bSxpMrYtTZbKj06HwuQr,83,14.5646617,120.9981745,1785487267332,49.70000076293945
bSxpMrYtTZbKj06HwuQr,84,14.5647592,120.9981547,1785487269332,49.70000076293945
bSxpMrYtTZbKj06HwuQr,85,14.5648328,120.9981243,1785487271332,49.70000076293945
bSxpMrYtTZbKj06HwuQr,86,14.5648827,120.9981071,1785487273332,49.70000076293945
bSxpMrYtTZbKj06HwuQr,87,14.5649247,120.9981062,1785487275332,49.70000076293945
bSxpMrYtTZbKj06HwuQr,88,14.5649823,120.998112,1785487277332,49.70000076293945
bSxpMrYtTZbKj06HwuQr,89,14.5650433,120.9980987,1785487279333,49.70000076293945
bSxpMrYtTZbKj06HwuQr,90,14.5650955,120.9980886,1785487281332,49.70000076293945
bSxpMrYtTZbKj06HwuQr,91,14.5651492,120.9981067,1785487283333,49.70000076293945
bSxpMrYtTZbKj06HwuQr,92,14.5652265,120.9981077,1785487285332,49.70000076293945
bSxpMrYtTZbKj06HwuQr,93,14.5653082,120.9981004,1785487287333,49.70000076293945
bSxpMrYtTZbKj06HwuQr,94,14.5653898,120.9980853,1785487289332,49.70000076293945
bSxpMrYtTZbKj06HwuQr,95,14.5654482,120.998073,1785487291333,49.70000076293945
bSxpMrYtTZbKj06HwuQr,96,14.5654764,120.9980596,1785487293333,49.70000076293945
bSxpMrYtTZbKj06HwuQr,97,14.565499,120.9980506,1785487295332,49.70000076293945
bSxpMrYtTZbKj06HwuQr,98,14.5655218,120.9980497,1785487297332,49.70000076293945
bSxpMrYtTZbKj06HwuQr,99,14.565558,120.9980487,1785487299332,49.70000076293945
bSxpMrYtTZbKj06HwuQr,100,14.5656107,120.9980474,1785487301333,49.70000076293945
bSxpMrYtTZbKj06HwuQr,101,14.5656307,120.9980491,1785487303332,49.70000076293945
bSxpMrYtTZbKj06HwuQr,102,14.5656563,120.9980527,1785487313334,49.7611888565981
bSxpMrYtTZbKj06HwuQr,103,14.5656757,120.9980459,1785487315333,49.74140580279916
bSxpMrYtTZbKj06HwuQr,104,14.5656943,120.998038,1785487317332,49.725787634577
bSxpMrYtTZbKj06HwuQr,105,14.5657258,120.9980201,1785487321333,49.70704587015032
bSxpMrYtTZbKj06HwuQr,106,14.5657725,120.9980045,1785487323333,49.82406811932743
bSxpMrYtTZbKj06HwuQr,107,14.56583,120.9979837,1785487325333,49.83396838066083
bSxpMrYtTZbKj06HwuQr,108,14.5658572,120.997969,1785487327332,49.808979128464486
bSxpMrYtTZbKj06HwuQr,109,14.5658702,120.9979479,1785487329333,49.79440209821549
bSxpMrYtTZbKj06HwuQr,110,14.565878,120.9979095,1785487331333,49.71707185324314
bSxpMrYtTZbKj06HwuQr,111,14.5658722,120.9978709,1785487333333,49.510914591068776
bSxpMrYtTZbKj06HwuQr,112,14.565864,120.9978333,1785487335332,49.4692672593444
bSxpMrYtTZbKj06HwuQr,113,14.5658426,120.9977893,1785487337332,49.479679073365936
bSxpMrYtTZbKj06HwuQr,114,14.565839,120.9977354,1785487339333,49.45469074088747
bSxpMrYtTZbKj06HwuQr,115,14.5658461,120.9976785,1785487341332,49.510914591068776
bSxpMrYtTZbKj06HwuQr,116,14.5658419,120.9976203,1785487343332,49.71915427504325
bSxpMrYtTZbKj06HwuQr,117,14.5657978,120.9975504,1785487345334,49.90944811601927
bSxpMrYtTZbKj06HwuQr,118,14.5657583,120.9974845,1785487347332,49.96359196776162
bSxpMrYtTZbKj06HwuQr,119,14.565731,120.9974323,1785487349333,49.929481474170856
bSxpMrYtTZbKj06HwuQr,120,14.5657008,120.9973831,1785487351333,49.979460970948274
bSxpMrYtTZbKj06HwuQr,121,14.5656811,120.9973215,1785487353333,50.050265755264434
bSxpMrYtTZbKj06HwuQr,122,14.5656573,120.997261,1785487355333,49.95655366553604
bSxpMrYtTZbKj06HwuQr,123,14.5656378,120.9972075,1785487357332,49.879502267851
bSxpMrYtTZbKj06HwuQr,124,14.5656383,120.9971731,1785487359332,49.80453400297158
bSxpMrYtTZbKj06HwuQr,125,14.5656364,120.997143,1785487361332,49.7941217956464
bSxpMrYtTZbKj06HwuQr,126,14.5656193,120.9971069,1785487363332,49.74830823317824
bSxpMrYtTZbKj06HwuQr,127,14.5656134,120.9970632,1785487365332,49.70457733303641
bSxpMrYtTZbKj06HwuQr,128,14.56561,120.9970033,1785487367332,49.75455552278146
bSxpMrYtTZbKj06HwuQr,129,14.565596,120.9969378,1785487369334,49.92323405749495
bSxpMrYtTZbKj06HwuQr,130,14.565556,120.9968815,1785487371334,50.121860565852245
bSxpMrYtTZbKj06HwuQr,131,14.5655323,120.9968086,1785487373332,50.15518064186097
bSxpMrYtTZbKj06HwuQr,132,14.5655212,120.996714,1785487375333,50.20228976166023
bSxpMrYtTZbKj06HwuQr,133,14.5654965,120.9965961,1785487377332,50.23769299825116
bSxpMrYtTZbKj06HwuQr,134,14.565439,120.9964824,1785487379334,50.235610450887286
bSxpMrYtTZbKj06HwuQr,135,14.5653851,120.9963748,1785487381333,50.133566247854695
bSxpMrYtTZbKj06HwuQr,136,14.5653726,120.9963585,1785487383332,49.92115158627968
bSxpMrYtTZbKj06HwuQr,137,14.5653387,120.9963089,1785487385332,49.90904259443713
bSxpMrYtTZbKj06HwuQr,138,14.5653251,120.9962864,1785487387332,49.825744401326375
bSxpMrYtTZbKj06HwuQr,139,14.5653189,120.9962646,1785487389333,49.729952476663
ctuvwPHtY2EPSiJOstwg,0,14.5635421,120.9945309,1785082031858,56.39999771118164
ctuvwPHtY2EPSiJOstwg,1,14.5635439,120.9945359,1785082039893,56.39999771118164
ctuvwPHtY2EPSiJOstwg,2,14.5635544,120.9945159,1785082065849,55.5
ctuvwPHtY2EPSiJOstwg,3,14.563566,120.9944964,1785082069855,55.5
ctuvwPHtY2EPSiJOstwg,4,14.563561,120.9945261,1785082081854,55.5
ctuvwPHtY2EPSiJOstwg,5,14.5635561,120.9945731,1785082083851,55.5
ctuvwPHtY2EPSiJOstwg,6,14.5635088,120.9946075,1785082085838,55.5
ctuvwPHtY2EPSiJOstwg,7,14.5634536,120.9946202,1785082087826,55.5
ctuvwPHtY2EPSiJOstwg,8,14.5633529,120.9946623,1785082089812,55.5
ctuvwPHtY2EPSiJOstwg,9,14.5631509,120.9947639,1785082091804,55.5
ctuvwPHtY2EPSiJOstwg,10,14.5629821,120.9948859,1785082093812,55.5
ctuvwPHtY2EPSiJOstwg,11,14.5628741,120.9949588,1785082095819,55.5
ctuvwPHtY2EPSiJOstwg,12,14.5627855,120.9950286,1785082097843,55.5
ctuvwPHtY2EPSiJOstwg,13,14.5627318,120.9950487,1785082099841,55.5
ctuvwPHtY2EPSiJOstwg,14,14.5626867,120.9950484,1785082101834,55.5
ctuvwPHtY2EPSiJOstwg,15,14.5626685,120.9950477,1785082111850,55.5
ctuvwPHtY2EPSiJOstwg,16,14.5626506,120.995057,1785082113845,55.5
ctuvwPHtY2EPSiJOstwg,17,14.5626343,120.9950751,1785082115838,55.5
ctuvwPHtY2EPSiJOstwg,18,14.5626268,120.9951234,1785082117840,55.5
ctuvwPHtY2EPSiJOstwg,19,14.5626565,120.9952177,1785082119832,55.5
ctuvwPHtY2EPSiJOstwg,20,14.5627422,120.9953603,1785082121827,55.5
ctuvwPHtY2EPSiJOstwg,21,14.5628001,120.9955402,1785082123834,55.5
ctuvwPHtY2EPSiJOstwg,22,14.5629182,120.9957659,1785082125839,55.5
ctuvwPHtY2EPSiJOstwg,23,14.5629884,120.9959475,1785082127840,55.5
ctuvwPHtY2EPSiJOstwg,24,14.5630561,120.9960725,1785082129841,55.5
ctuvwPHtY2EPSiJOstwg,25,14.5631223,120.9962177,1785082131840,55.5
ctuvwPHtY2EPSiJOstwg,26,14.5631883,120.9963518,1785082133843,55.5
ctuvwPHtY2EPSiJOstwg,27,14.5632338,120.9964901,1785082135837,55.5
ctuvwPHtY2EPSiJOstwg,28,14.5632864,120.9966316,1785082137839,55.5
ctuvwPHtY2EPSiJOstwg,29,14.5633545,120.9967957,1785082139827,55.5
ctuvwPHtY2EPSiJOstwg,30,14.5634041,120.9969751,1785082141829,55.5
ctuvwPHtY2EPSiJOstwg,31,14.563478,120.9971298,1785082143832,55.5
ctuvwPHtY2EPSiJOstwg,32,14.5635214,120.9972693,1785082145838,55.5
ctuvwPHtY2EPSiJOstwg,33,14.5635467,120.9973909,1785082147832,55.5
ctuvwPHtY2EPSiJOstwg,34,14.563572,120.9975134,1785082149834,55.5
ctuvwPHtY2EPSiJOstwg,35,14.5636161,120.9975955,1785082151843,55.5
ctuvwPHtY2EPSiJOstwg,36,14.5636302,120.9976245,1785082153847,55.5
ctuvwPHtY2EPSiJOstwg,37,14.5636462,120.9976601,1785082155848,55.5
ctuvwPHtY2EPSiJOstwg,38,14.5636554,120.9976868,1785082161849,55.5
ctuvwPHtY2EPSiJOstwg,39,14.5636829,120.9977352,1785082163854,55.5
ctuvwPHtY2EPSiJOstwg,40,14.5637238,120.9978377,1785082165856,55.5
ctuvwPHtY2EPSiJOstwg,41,14.5637938,120.9979597,1785082167859,55.5
ctuvwPHtY2EPSiJOstwg,42,14.5638773,120.9980893,1785082169854,55.5
ctuvwPHtY2EPSiJOstwg,43,14.5639495,120.9982129,1785082171856,55.5
ctuvwPHtY2EPSiJOstwg,44,14.5639868,120.9983529,1785082173858,55.5
ctuvwPHtY2EPSiJOstwg,45,14.564058,120.9984109,1785082175854,55.5
ctuvwPHtY2EPSiJOstwg,46,14.5641836,120.9984045,1785082177860,55.5
ctuvwPHtY2EPSiJOstwg,47,14.5643115,120.9983683,1785082179855,55.5
ctuvwPHtY2EPSiJOstwg,48,14.5644247,120.9983367,1785082181868,55.5
ctuvwPHtY2EPSiJOstwg,49,14.5645184,120.9983196,1785082183850,55.5
ctuvwPHtY2EPSiJOstwg,50,14.564599,120.998355,1785082185852,55.5
ctuvwPHtY2EPSiJOstwg,51,14.5646733,120.9984297,1785082187846,55.5
ctuvwPHtY2EPSiJOstwg,52,14.5647376,120.9985302,1785082189851,55.5
ctuvwPHtY2EPSiJOstwg,53,14.564785,120.9986354,1785082191851,55.5
ctuvwPHtY2EPSiJOstwg,54,14.564831,120.9987409,1785082193859,55.5
ctuvwPHtY2EPSiJOstwg,55,14.5648735,120.9988685,1785082195864,55.5
ctuvwPHtY2EPSiJOstwg,56,14.5649021,120.9989772,1785082197859,55.5
ctuvwPHtY2EPSiJOstwg,57,14.5649504,120.9990193,1785082199854,55.5
ctuvwPHtY2EPSiJOstwg,58,14.5650016,120.9990917,1785082201855,55.5
ctuvwPHtY2EPSiJOstwg,59,14.5650562,120.9991945,1785082203858,55.5
ctuvwPHtY2EPSiJOstwg,60,14.5651166,120.9992873,1785082205864,55.5
ctuvwPHtY2EPSiJOstwg,61,14.5651789,120.9993778,1785082207860,55.5
ctuvwPHtY2EPSiJOstwg,62,14.5652194,120.9994728,1785082209859,55.5
ctuvwPHtY2EPSiJOstwg,63,14.5652444,120.9995327,1785082211858,55.5
ctuvwPHtY2EPSiJOstwg,64,14.5652799,120.9995822,1785082213859,55.5
ctuvwPHtY2EPSiJOstwg,65,14.5653139,120.999682,1785082215860,55.5
ctuvwPHtY2EPSiJOstwg,66,14.5653701,120.9997825,1785082217863,55.5
ctuvwPHtY2EPSiJOstwg,67,14.5654249,120.9998826,1785082219865,52.91
ctuvwPHtY2EPSiJOstwg,68,14.5654778,120.9999871,1785082221873,53.142
ctuvwPHtY2EPSiJOstwg,69,14.5655346,121.0000819,1785082223854,50.524
ctuvwPHtY2EPSiJOstwg,70,14.5655837,121.0001459,1785082225855,51.439
ctuvwPHtY2EPSiJOstwg,71,14.5656138,121.0001906,1785082227857,51.788
ctuvwPHtY2EPSiJOstwg,72,14.5656221,121.0002562,1785082230383,54.15
ctuvwPHtY2EPSiJOstwg,73,14.5656975,121.0004639,1785082233860,63.426
ctuvwPHtY2EPSiJOstwg,74,14.5657183,121.0005895,1785082235864,61.149
ctuvwPHtY2EPSiJOstwg,75,14.5657863,121.0006744,1785082237858,57.355
ctuvwPHtY2EPSiJOstwg,76,14.5658417,121.0007436,1785082239859,54.54
ctuvwPHtY2EPSiJOstwg,77,14.5658607,121.0007657,1785082241862,53.128
ctuvwPHtY2EPSiJOstwg,78,14.565911,121.0008299,1785082247845,50.247
ctuvwPHtY2EPSiJOstwg,79,14.5659532,121.0008825,1785082249856,47.372
ctuvwPHtY2EPSiJOstwg,80,14.5659866,121.0009541,1785082251848,45.052
ctuvwPHtY2EPSiJOstwg,81,14.5660224,121.0010426,1785082253847,44.127
ctuvwPHtY2EPSiJOstwg,82,14.5661151,121.0012124,1785082255848,51.508
ctuvwPHtY2EPSiJOstwg,83,14.5661874,121.0013312,1785082257841,56.851
ctuvwPHtY2EPSiJOstwg,84,14.5661524,121.0013739,1785082259833,51.891
ctuvwPHtY2EPSiJOstwg,85,14.5660487,121.0014668,1785082261838,54.793
ctuvwPHtY2EPSiJOstwg,86,14.5659681,121.0015398,1785082263834,53.142
ctuvwPHtY2EPSiJOstwg,87,14.5659075,121.0015849,1785082265850,50.325
ctuvwPHtY2EPSiJOstwg,88,14.5658531,121.001611,1785082267866,50.632
ctuvwPHtY2EPSiJOstwg,89,14.5657847,121.001621,1785082269864,53.046
ctuvwPHtY2EPSiJOstwg,90,14.5657166,121.0015716,1785082271871,56.018
ctuvwPHtY2EPSiJOstwg,91,14.5656712,121.0014855,1785082273863,62.188
ctuvwPHtY2EPSiJOstwg,92,14.5656507,121.0014234,1785082275856,66.305
ctuvwPHtY2EPSiJOstwg,93,14.5656443,121.0013747,1785082277866,66.748
ctuvwPHtY2EPSiJOstwg,94,14.5656293,121.0013457,1785082279871,67.132
ctuvwPHtY2EPSiJOstwg,95,14.5656133,121.0013345,1785082297872,67.422
ctuvwPHtY2EPSiJOstwg,96,14.5655905,121.0013127,1785082301865,66.797
ctuvwPHtY2EPSiJOstwg,97,14.5655818,121.001289,1785082308862,65.93
ctuvwPHtY2EPSiJOstwg,98,14.5655722,121.0012653,1785082322866,62.181
ctuvwPHtY2EPSiJOstwg,99,14.5655726,121.0012454,1785082325870,62.718
ctuvwPHtY2EPSiJOstwg,100,14.5655759,121.0012259,1785082337883,63.108
fEMOBzqndZ8A8jZvsTLJ,0,14.536907,120.9891729,1784976577362,87.9000015258789
fEMOBzqndZ8A8jZvsTLJ,1,14.5370416,120.9891594,1784976579350,87.9000015258789
fEMOBzqndZ8A8jZvsTLJ,2,14.5371959,120.9891187,1784976581364,87.9000015258789
fEMOBzqndZ8A8jZvsTLJ,3,14.537366,120.9890689,1784976583360,87.9000015258789
fEMOBzqndZ8A8jZvsTLJ,4,14.5375391,120.9890128,1784976585361,87.9000015258789
fEMOBzqndZ8A8jZvsTLJ,5,14.537737,120.9889543,1784976587365,87.9000015258789
fEMOBzqndZ8A8jZvsTLJ,6,14.5379822,120.9889023,1784976589368,87.9000015258789
fEMOBzqndZ8A8jZvsTLJ,7,14.5381923,120.9888705,1784976591365,87.9000015258789
fEMOBzqndZ8A8jZvsTLJ,8,14.5383994,120.9888303,1784976593361,87.9000015258789
fEMOBzqndZ8A8jZvsTLJ,9,14.5386286,120.9887822,1784976595366,87.9000015258789
fEMOBzqndZ8A8jZvsTLJ,10,14.5389165,120.9887466,1784976597366,87.9000015258789
fEMOBzqndZ8A8jZvsTLJ,11,14.5391863,120.9887182,1784976599369,87.9000015258789
fEMOBzqndZ8A8jZvsTLJ,12,14.5394154,120.9886783,1784976601372,87.9000015258789
fEMOBzqndZ8A8jZvsTLJ,13,14.5396496,120.9886507,1784976603371,87.9000015258789
fEMOBzqndZ8A8jZvsTLJ,14,14.5398466,120.9886279,1784976605371,87.9000015258789
fEMOBzqndZ8A8jZvsTLJ,15,14.5400221,120.9886101,1784976607378,87.9000015258789
fEMOBzqndZ8A8jZvsTLJ,16,14.5401856,120.9885983,1784976609379,87.9000015258789
fEMOBzqndZ8A8jZvsTLJ,17,14.5403414,120.9885861,1784976611377,87.9000015258789
fEMOBzqndZ8A8jZvsTLJ,18,14.5404147,120.988565,1784976613376,87.9000015258789
fEMOBzqndZ8A8jZvsTLJ,19,14.5404338,120.9885556,1784976615376,87.9000015258789
fEMOBzqndZ8A8jZvsTLJ,20,14.5404704,120.9885384,1784976630376,48.09999847412109
fEMOBzqndZ8A8jZvsTLJ,21,14.5404872,120.9885306,1784976632370,48.09999847412109
fEMOBzqndZ8A8jZvsTLJ,22,14.5405187,120.9885225,1784976634381,48.09999847412109
fEMOBzqndZ8A8jZvsTLJ,23,14.5405694,120.988511,1784976636375,48.29999923706055
fEMOBzqndZ8A8jZvsTLJ,24,14.5406557,120.9884948,1784976638384,48.29999923706055
fEMOBzqndZ8A8jZvsTLJ,25,14.540762,120.9884686,1784976640366,48.29999923706055
fEMOBzqndZ8A8jZvsTLJ,26,14.540907,120.9884524,1784976642361,48.29999923706055
fEMOBzqndZ8A8jZvsTLJ,27,14.5410955,120.9884319,1784976644356,48.29999923706055
fEMOBzqndZ8A8jZvsTLJ,28,14.5413248,120.988404,1784976646355,48.29999923706055
fEMOBzqndZ8A8jZvsTLJ,29,14.5415823,120.9883579,1784976648342,48.29999923706055
fEMOBzqndZ8A8jZvsTLJ,30,14.5418801,120.9882949,1784976650346,48.29999923706055
fEMOBzqndZ8A8jZvsTLJ,31,14.542197,120.9882256,1784976652359,48.29999923706055
fEMOBzqndZ8A8jZvsTLJ,32,14.5424713,120.9882084,1784976654368,48.29999923706055
fEMOBzqndZ8A8jZvsTLJ,33,14.5426833,120.9881993,1784976656366,48.29999923706055
fEMOBzqndZ8A8jZvsTLJ,34,14.5428194,120.9881841,1784976658380,48.29999923706055
fEMOBzqndZ8A8jZvsTLJ,35,14.5429334,120.988192,1784976660383,48.29999923706055
fEMOBzqndZ8A8jZvsTLJ,36,14.5430564,120.9881685,1784976662384,48.29999923706055
fEMOBzqndZ8A8jZvsTLJ,37,14.5431963,120.9881525,1784976664384,48.29999923706055
fEMOBzqndZ8A8jZvsTLJ,38,14.5433855,120.9881434,1784976666373,48.29999923706055
fEMOBzqndZ8A8jZvsTLJ,39,14.5436146,120.9881237,1784976668383,48.29999923706055
fEMOBzqndZ8A8jZvsTLJ,40,14.5438368,120.9880744,1784976670382,48.29999923706055
fEMOBzqndZ8A8jZvsTLJ,41,14.5440296,120.9880276,1784976672384,48.29999923706055
fEMOBzqndZ8A8jZvsTLJ,42,14.5442417,120.9879661,1784976674392,48.29999923706055
fEMOBzqndZ8A8jZvsTLJ,43,14.544442,120.9878948,1784976676391,48.29999923706055
fEMOBzqndZ8A8jZvsTLJ,44,14.5446113,120.987833,1784976678394,48.29999923706055
fEMOBzqndZ8A8jZvsTLJ,45,14.5447308,120.9877851,1784976680388,48.29999923706055
fEMOBzqndZ8A8jZvsTLJ,46,14.5448251,120.987746,1784976682392,48.29999923706055
fEMOBzqndZ8A8jZvsTLJ,47,14.5449288,120.9877165,1784976684395,48.29999923706055
fEMOBzqndZ8A8jZvsTLJ,48,14.545024,120.9876872,1784976686396,48.29999923706055
fEMOBzqndZ8A8jZvsTLJ,49,14.5450989,120.9876555,1784976688400,48.29999923706055
fEMOBzqndZ8A8jZvsTLJ,50,14.5451646,120.9876367,1784976690399,48.29999923706055
fEMOBzqndZ8A8jZvsTLJ,51,14.5452314,120.987609,1784976692391,48.29999923706055
fEMOBzqndZ8A8jZvsTLJ,52,14.5453145,120.9875732,1784976694394,48.29999923706055
fEMOBzqndZ8A8jZvsTLJ,53,14.5454292,120.9875422,1784976696380,48.29999923706055
fEMOBzqndZ8A8jZvsTLJ,54,14.5455767,120.9875084,1784976698387,48.29999923706055
fEMOBzqndZ8A8jZvsTLJ,55,14.5457296,120.9874801,1784976700387,48.29999923706055
fEMOBzqndZ8A8jZvsTLJ,56,14.5458843,120.9874504,1784976702380,48.29999923706055
fEMOBzqndZ8A8jZvsTLJ,57,14.5460372,120.98741,1784976704392,48.29999923706055
fEMOBzqndZ8A8jZvsTLJ,58,14.546214,120.9873666,1784976706383,48.29999923706055
fEMOBzqndZ8A8jZvsTLJ,59,14.5463559,120.9873226,1784976708388,48.29999923706055
fEMOBzqndZ8A8jZvsTLJ,60,14.546523,120.987292,1784976710383,48.29999923706055
fEMOBzqndZ8A8jZvsTLJ,61,14.5466944,120.9872396,1784976712388,48.29999923706055
fEMOBzqndZ8A8jZvsTLJ,62,14.5468985,120.9871847,1784976714387,48.29999923706055
fEMOBzqndZ8A8jZvsTLJ,63,14.5471097,120.9871289,1784976716393,48.29999923706055
fEMOBzqndZ8A8jZvsTLJ,64,14.5473251,120.9870495,1784976718394,48.29999923706055
fEMOBzqndZ8A8jZvsTLJ,65,14.5475312,120.9869852,1784976720388,48.29999923706055
fEMOBzqndZ8A8jZvsTLJ,66,14.5477217,120.9869389,1784976722394,57.779
fEMOBzqndZ8A8jZvsTLJ,67,14.5479059,120.9868861,1784976724392,57.401
fEMOBzqndZ8A8jZvsTLJ,68,14.5480798,120.986835,1784976726388,57.765
fEMOBzqndZ8A8jZvsTLJ,69,14.5482216,120.9867991,1784976728381,57.925
fEMOBzqndZ8A8jZvsTLJ,70,14.548358,120.9867499,1784976730386,58.647
fEMOBzqndZ8A8jZvsTLJ,71,14.5485239,120.9866992,1784976732390,59.791
fEMOBzqndZ8A8jZvsTLJ,72,14.5487145,120.9866535,1784976734387,60.665
fEMOBzqndZ8A8jZvsTLJ,73,14.5489349,120.986612,1784976736384,60.404
fEMOBzqndZ8A8jZvsTLJ,74,14.5491693,120.9865423,1784976738391,60.15
fEMOBzqndZ8A8jZvsTLJ,75,14.5493972,120.9864626,1784976740390,59.607
fEMOBzqndZ8A8jZvsTLJ,76,14.549636,120.9863868,1784976742384,59.646
fEMOBzqndZ8A8jZvsTLJ,77,14.5499053,120.9863211,1784976744390,60.215
fEMOBzqndZ8A8jZvsTLJ,78,14.5501858,120.986267,1784976746386,61.295
fEMOBzqndZ8A8jZvsTLJ,79,14.5504568,120.9862387,1784976748391,60.388
fEMOBzqndZ8A8jZvsTLJ,80,14.5506818,120.9862001,1784976750383,59.41
fEMOBzqndZ8A8jZvsTLJ,81,14.5508708,120.9861843,1784976752373,56.766
fEMOBzqndZ8A8jZvsTLJ,82,14.5510406,120.9861508,1784976754374,55.563
fEMOBzqndZ8A8jZvsTLJ,83,14.551179,120.9861459,1784976756381,57.02
fEMOBzqndZ8A8jZvsTLJ,84,14.5512892,120.9861742,1784976758380,57.757
fEMOBzqndZ8A8jZvsTLJ,85,14.5513946,120.9862842,1784976760377,59.546
fEMOBzqndZ8A8jZvsTLJ,86,14.5514775,120.9864793,1784976762386,59.972
fEMOBzqndZ8A8jZvsTLJ,87,14.5515537,120.986729,1784976764385,59.947
fEMOBzqndZ8A8jZvsTLJ,88,14.5516386,120.986988,1784976766385,58.614
fEMOBzqndZ8A8jZvsTLJ,89,14.5517085,120.9872135,1784976768387,58.65
fEMOBzqndZ8A8jZvsTLJ,90,14.5517726,120.9874301,1784976770382,59.154
fEMOBzqndZ8A8jZvsTLJ,91,14.5518136,120.987648,1784976772387,59.435
fEMOBzqndZ8A8jZvsTLJ,92,14.5518302,120.9878866,1784976774378,60.252
fEMOBzqndZ8A8jZvsTLJ,93,14.5518381,120.9881076,1784976776390,59.109
fEMOBzqndZ8A8jZvsTLJ,94,14.5518499,120.9882898,1784976778375,57.696
fEMOBzqndZ8A8jZvsTLJ,95,14.5518673,120.9883964,1784976780378,54.49
fEMOBzqndZ8A8jZvsTLJ,96,14.5518912,120.9884939,1784976782370,55.476
fEMOBzqndZ8A8jZvsTLJ,97,14.5519372,120.988651,1784976784378,56.54
fEMOBzqndZ8A8jZvsTLJ,98,14.5520094,120.9888314,1784976786380,56.494
fEMOBzqndZ8A8jZvsTLJ,99,14.5520694,120.9890293,1784976788368,56.0
fEMOBzqndZ8A8jZvsTLJ,100,14.5521304,120.9892432,1784976790379,56.675
fEMOBzqndZ8A8jZvsTLJ,101,14.5521994,120.9894306,1784976792380,56.265
fEMOBzqndZ8A8jZvsTLJ,102,14.552253,120.9895764,1784976794376,56.506
fEMOBzqndZ8A8jZvsTLJ,103,14.5522965,120.9896997,1784976796372,56.071
fEMOBzqndZ8A8jZvsTLJ,104,14.5523437,120.9898589,1784976798385,55.621
fEMOBzqndZ8A8jZvsTLJ,105,14.5523862,120.9900547,1784976800372,56.598
fEMOBzqndZ8A8jZvsTLJ,106,14.5524376,120.9902121,1784976802376,57.41
fEMOBzqndZ8A8jZvsTLJ,107,14.5524821,120.9903084,1784976804378,58.574
fEMOBzqndZ8A8jZvsTLJ,108,14.5525212,120.9904398,1784976806374,59.135
fEMOBzqndZ8A8jZvsTLJ,109,14.5525708,120.990629,1784976808376,59.602
fEMOBzqndZ8A8jZvsTLJ,110,14.5526281,120.9908657,1784976810383,60.144
fEMOBzqndZ8A8jZvsTLJ,111,14.5527099,120.9911254,1784976812378,59.278
fEMOBzqndZ8A8jZvsTLJ,112,14.5527949,120.9913709,1784976814377,60.614
fEMOBzqndZ8A8jZvsTLJ,113,14.552869,120.9916127,1784976816367,62.854
fEMOBzqndZ8A8jZvsTLJ,114,14.5529449,120.9918335,1784976818369,65.112
fEMOBzqndZ8A8jZvsTLJ,115,14.5530168,120.9920365,1784976820379,67.468
fEMOBzqndZ8A8jZvsTLJ,116,14.553078,120.9922257,1784976822369,67.901
fEMOBzqndZ8A8jZvsTLJ,117,14.5531376,120.9924305,1784976824378,69.14
fEMOBzqndZ8A8jZvsTLJ,118,14.5531951,120.9926733,1784976826381,69.521
fEMOBzqndZ8A8jZvsTLJ,119,14.5532593,120.9929209,1784976828374,69.202
fEMOBzqndZ8A8jZvsTLJ,120,14.5533066,120.9931451,1784976830381,68.865
fEMOBzqndZ8A8jZvsTLJ,121,14.5533303,120.9933604,1784976832378,67.341
fEMOBzqndZ8A8jZvsTLJ,122,14.5533416,120.9935457,1784976834369,66.481
fEMOBzqndZ8A8jZvsTLJ,123,14.5533641,120.9937094,1784976836374,66.873
fEMOBzqndZ8A8jZvsTLJ,124,14.5533722,120.99383,1784976838364,50.20000076293945
fEMOBzqndZ8A8jZvsTLJ,125,14.5533726,120.9938943,1784976840386,65.689
fEMOBzqndZ8A8jZvsTLJ,126,14.5533573,120.9939738,1784976842378,61.598
fEMOBzqndZ8A8jZvsTLJ,127,14.5533535,120.9940001,1784976844375,60.376
fEMOBzqndZ8A8jZvsTLJ,128,14.5533519,120.9940244,1784976850388,50.59999847412109
fEMOBzqndZ8A8jZvsTLJ,129,14.5533499,120.9940554,1784976852391,50.59999847412109
fEMOBzqndZ8A8jZvsTLJ,130,14.5533509,120.9940751,1784976854383,50.59999847412109
fEMOBzqndZ8A8jZvsTLJ,131,14.5533616,120.9940236,1784976856395,50.59999847412109
fEMOBzqndZ8A8jZvsTLJ,132,14.553356,120.9938514,1784976858378,50.59999847412109
fEMOBzqndZ8A8jZvsTLJ,133,14.5533463,120.9936127,1784976860377,50.59999847412109
fEMOBzqndZ8A8jZvsTLJ,134,14.5533357,120.9933611,1784976862381,50.59999847412109
fEMOBzqndZ8A8jZvsTLJ,135,14.5533106,120.9931008,1784976864379,50.59999847412109
fEMOBzqndZ8A8jZvsTLJ,136,14.5532645,120.9928583,1784976866379,50.59999847412109
fEMOBzqndZ8A8jZvsTLJ,137,14.5532287,120.992652,1784976868384,50.59999847412109
fEMOBzqndZ8A8jZvsTLJ,138,14.5531973,120.992452,1784976870381,50.59999847412109
fEMOBzqndZ8A8jZvsTLJ,139,14.5531689,120.9923011,1784976872385,50.59999847412109
fEMOBzqndZ8A8jZvsTLJ,140,14.553141,120.9921775,1784976874374,50.59999847412109
fEMOBzqndZ8A8jZvsTLJ,141,14.553129,120.9920879,1784976876383,50.59999847412109
fEMOBzqndZ8A8jZvsTLJ,142,14.5531308,120.9920292,1784976878381,50.59999847412109
fEMOBzqndZ8A8jZvsTLJ,143,14.5531374,120.9919802,1784976880383,50.59999847412109
fEMOBzqndZ8A8jZvsTLJ,144,14.5532373,120.9919406,1784976882386,50.59999847412109
fEMOBzqndZ8A8jZvsTLJ,145,14.5533668,120.9918859,1784976884386,50.59999847412109
fEMOBzqndZ8A8jZvsTLJ,146,14.553477,120.9918425,1784976886379,50.59999847412109
fEMOBzqndZ8A8jZvsTLJ,147,14.5536083,120.9918073,1784976888375,50.59999847412109
fEMOBzqndZ8A8jZvsTLJ,148,14.5536775,120.9917708,1784976890387,50.59999847412109
fEMOBzqndZ8A8jZvsTLJ,149,14.5537358,120.991754,1784976892388,50.20000076293945
fEMOBzqndZ8A8jZvsTLJ,150,14.5537535,120.9917482,1784976894398,50.20000076293945
fEMOBzqndZ8A8jZvsTLJ,151,14.5537815,120.9917423,1784976896402,50.20000076293945
fEMOBzqndZ8A8jZvsTLJ,152,14.5538271,120.9917393,1784976898400,50.20000076293945
fEMOBzqndZ8A8jZvsTLJ,153,14.5538833,120.9917287,1784976900395,50.20000076293945
fEMOBzqndZ8A8jZvsTLJ,154,14.5539422,120.9917152,1784976902396,50.20000076293945
fEMOBzqndZ8A8jZvsTLJ,155,14.5539922,120.9916987,1784976904399,50.20000076293945
fEMOBzqndZ8A8jZvsTLJ,156,14.5540359,120.9916854,1784976906394,50.20000076293945
fEMOBzqndZ8A8jZvsTLJ,157,14.5540947,120.991675,1784976908393,50.20000076293945
fEMOBzqndZ8A8jZvsTLJ,158,14.5541841,120.9916403,1784976910382,50.20000076293945
fEMOBzqndZ8A8jZvsTLJ,159,14.5543087,120.9916082,1784976912380,50.29999923706055
fEMOBzqndZ8A8jZvsTLJ,160,14.5544779,120.9915768,1784976914382,50.29999923706055
fEMOBzqndZ8A8jZvsTLJ,161,14.5546236,120.9915374,1784976916386,50.29999923706055
fEMOBzqndZ8A8jZvsTLJ,162,14.554752,120.9914871,1784976918390,50.29999923706055
fEMOBzqndZ8A8jZvsTLJ,163,14.554858,120.9914331,1784976920396,50.29999923706055
fEMOBzqndZ8A8jZvsTLJ,164,14.5549716,120.991384,1784976922393,50.29999923706055
fEMOBzqndZ8A8jZvsTLJ,165,14.5550937,120.9913517,1784976924387,50.29999923706055
fEMOBzqndZ8A8jZvsTLJ,166,14.5551903,120.991319,1784976926399,50.29999923706055
fEMOBzqndZ8A8jZvsTLJ,167,14.5552603,120.9912863,1784976928399,50.29999923706055
fEMOBzqndZ8A8jZvsTLJ,168,14.5553602,120.991262,1784976930394,50.29999923706055
fEMOBzqndZ8A8jZvsTLJ,169,14.5554737,120.9912132,1784976932385,50.39999771118164
fEMOBzqndZ8A8jZvsTLJ,170,14.5555593,120.9911999,1784976934395,50.39999771118164
fEMOBzqndZ8A8jZvsTLJ,171,14.5556386,120.9911704,1784976936396,50.39999771118164
fEMOBzqndZ8A8jZvsTLJ,172,14.555749,120.9911288,1784976938388,50.39999771118164
fEMOBzqndZ8A8jZvsTLJ,173,14.5559097,120.9910757,1784976940386,50.39999771118164
fEMOBzqndZ8A8jZvsTLJ,174,14.5560562,120.9910358,1784976942392,50.39999771118164
fEMOBzqndZ8A8jZvsTLJ,175,14.5561907,120.9909919,1784976944389,50.39999771118164
fEMOBzqndZ8A8jZvsTLJ,176,14.5563334,120.9909305,1784976946397,50.39999771118164
fEMOBzqndZ8A8jZvsTLJ,177,14.556488,120.9908799,1784976948384,50.39999771118164
fEMOBzqndZ8A8jZvsTLJ,178,14.5566515,120.9908069,1784976950384,50.39999771118164
fEMOBzqndZ8A8jZvsTLJ,179,14.5568273,120.9907568,1784976952380,50.39999771118164
fEMOBzqndZ8A8jZvsTLJ,180,14.5569934,120.9907087,1784976954386,50.39999771118164
fEMOBzqndZ8A8jZvsTLJ,181,14.5571635,120.9906557,1784976956373,50.39999771118164
fEMOBzqndZ8A8jZvsTLJ,182,14.5573214,120.9905846,1784976958369,50.39999771118164
fEMOBzqndZ8A8jZvsTLJ,183,14.5574572,120.9905293,1784976960361,50.39999771118164
fEMOBzqndZ8A8jZvsTLJ,184,14.5575616,120.9904938,1784976962368,50.39999771118164
fEMOBzqndZ8A8jZvsTLJ,185,14.5576466,120.9904698,1784976964366,50.39999771118164
fEMOBzqndZ8A8jZvsTLJ,186,14.5577253,120.9904566,1784976966373,50.39999771118164
fEMOBzqndZ8A8jZvsTLJ,187,14.5578514,120.9904298,1784976968368,50.39999771118164
fEMOBzqndZ8A8jZvsTLJ,188,14.5579925,120.9904126,1784976970378,50.39999771118164
fEMOBzqndZ8A8jZvsTLJ,189,14.5581043,120.990372,1784976972385,50.39999771118164
fEMOBzqndZ8A8jZvsTLJ,190,14.5582252,120.9903287,1784976974392,50.39999771118164
fEMOBzqndZ8A8jZvsTLJ,191,14.5583331,120.990273,1784976976390,50.39999771118164
fEMOBzqndZ8A8jZvsTLJ,192,14.5583925,120.9902507,1784976978394,50.39999771118164
fEMOBzqndZ8A8jZvsTLJ,193,14.5584372,120.9902395,1784976980403,50.39999771118164
fEMOBzqndZ8A8jZvsTLJ,194,14.5584799,120.9902265,1784976982397,50.39999771118164
fEMOBzqndZ8A8jZvsTLJ,195,14.5585183,120.9902059,1784976984399,50.39999771118164
fEMOBzqndZ8A8jZvsTLJ,196,14.5585722,120.9901807,1784976986392,50.39999771118164
fEMOBzqndZ8A8jZvsTLJ,197,14.5586375,120.9901423,1784976988403,50.39999771118164
fEMOBzqndZ8A8jZvsTLJ,198,14.5587069,120.9901058,1784976990412,50.39999771118164
fEMOBzqndZ8A8jZvsTLJ,199,14.5587854,120.9900727,1784976992403,50.39999771118164
fEMOBzqndZ8A8jZvsTLJ,200,14.5588676,120.9900242,1784976994397,50.39999771118164
fEMOBzqndZ8A8jZvsTLJ,201,14.5589616,120.9899667,1784976996389,50.39999771118164
fEMOBzqndZ8A8jZvsTLJ,202,14.5590356,120.9899235,1784976998388,50.39999771118164
fEMOBzqndZ8A8jZvsTLJ,203,14.5590608,120.9899046,1784977000391,49.89999771118164
fEMOBzqndZ8A8jZvsTLJ,204,14.5590977,120.9899154,1784977003392,49.89999771118164
fEMOBzqndZ8A8jZvsTLJ,205,14.5591441,120.9899051,1784977005394,49.89999771118164
fEMOBzqndZ8A8jZvsTLJ,206,14.5591892,120.9898682,1784977007386,49.89999771118164
fEMOBzqndZ8A8jZvsTLJ,207,14.5592304,120.9898237,1784977009384,49.89999771118164
fEMOBzqndZ8A8jZvsTLJ,208,14.5593164,120.9897824,1784977011386,49.89999771118164
fEMOBzqndZ8A8jZvsTLJ,209,14.5594104,120.9897455,1784977013385,49.89999771118164
fEMOBzqndZ8A8jZvsTLJ,210,14.5595009,120.989712,1784977015386,49.89999771118164
fEMOBzqndZ8A8jZvsTLJ,211,14.5595755,120.989683,1784977017405,49.89999771118164
fEMOBzqndZ8A8jZvsTLJ,212,14.559659,120.9896494,1784977019410,49.89999771118164
fEMOBzqndZ8A8jZvsTLJ,213,14.559729,120.9896159,1784977021403,49.89999771118164
fEMOBzqndZ8A8jZvsTLJ,214,14.5598085,120.9895703,1784977023406,49.89999771118164
fEMOBzqndZ8A8jZvsTLJ,215,14.5599334,120.9894975,1784977025393,49.89999771118164
fEMOBzqndZ8A8jZvsTLJ,216,14.5600671,120.9894517,1784977027395,49.89999771118164
fEMOBzqndZ8A8jZvsTLJ,217,14.5601973,120.9894127,1784977029387,49.89999771118164
fEMOBzqndZ8A8jZvsTLJ,218,14.5603489,120.9893205,1784977031387,49.89999771118164
fEMOBzqndZ8A8jZvsTLJ,219,14.5605382,120.9892212,1784977033390,49.89999771118164
fEMOBzqndZ8A8jZvsTLJ,220,14.5607355,120.9891176,1784977035385,49.89999771118164
fEMOBzqndZ8A8jZvsTLJ,221,14.560936,120.9890292,1784977037388,49.89999771118164
fEMOBzqndZ8A8jZvsTLJ,222,14.5611461,120.9889225,1784977039401,49.89999771118164
fEMOBzqndZ8A8jZvsTLJ,223,14.5613595,120.9888014,1784977041388,49.89999771118164
fEMOBzqndZ8A8jZvsTLJ,224,14.5615745,120.9886868,1784977043396,49.89999771118164
fEMOBzqndZ8A8jZvsTLJ,225,14.5617612,120.9885797,1784977045396,49.89999771118164
fEMOBzqndZ8A8jZvsTLJ,226,14.5619635,120.9884556,1784977047396,49.89999771118164
fEMOBzqndZ8A8jZvsTLJ,227,14.5621619,120.988335,1784977049390,49.89999771118164
fEMOBzqndZ8A8jZvsTLJ,228,14.562353,120.9882349,1784977051398,49.89999771118164
fEMOBzqndZ8A8jZvsTLJ,229,14.5625529,120.9881178,1784977053389,49.89999771118164
fEMOBzqndZ8A8jZvsTLJ,230,14.5627426,120.9879991,1784977055391,49.89999771118164
fEMOBzqndZ8A8jZvsTLJ,231,14.5629245,120.9878982,1784977057390,49.89999771118164
fEMOBzqndZ8A8jZvsTLJ,232,14.563129,120.9878049,1784977059390,49.89999771118164
fEMOBzqndZ8A8jZvsTLJ,233,14.5633077,120.9877112,1784977061393,49.89999771118164
fEMOBzqndZ8A8jZvsTLJ,234,14.5634741,120.9876264,1784977063390,49.89999771118164
fEMOBzqndZ8A8jZvsTLJ,235,14.5636492,120.9875211,1784977065391,49.89999771118164
fEMOBzqndZ8A8jZvsTLJ,236,14.5638312,120.9874135,1784977067392,49.89999771118164
fEMOBzqndZ8A8jZvsTLJ,237,14.5640025,120.9873198,1784977069392,49.89999771118164
fEMOBzqndZ8A8jZvsTLJ,238,14.564161,120.9872332,1784977071395,49.89999771118164
fEMOBzqndZ8A8jZvsTLJ,239,14.5643132,120.9871503,1784977073388,49.89999771118164
fEMOBzqndZ8A8jZvsTLJ,240,14.5644947,120.9870576,1784977075386,49.89999771118164
fEMOBzqndZ8A8jZvsTLJ,241,14.5646808,120.9869788,1784977077382,49.89999771118164
fEMOBzqndZ8A8jZvsTLJ,242,14.5648564,120.9869007,1784977079385,49.89999771118164
fEMOBzqndZ8A8jZvsTLJ,243,14.5650052,120.9868447,1784977081376,49.89999771118164
fEMOBzqndZ8A8jZvsTLJ,244,14.5650997,120.9867738,1784977083380,49.89999771118164
fEMOBzqndZ8A8jZvsTLJ,245,14.5651869,120.9867295,1784977085386,49.89999771118164
fEMOBzqndZ8A8jZvsTLJ,246,14.5653229,120.9866678,1784977087385,49.89999771118164
fEMOBzqndZ8A8jZvsTLJ,247,14.5654678,120.9865974,1784977089383,49.89999771118164
fEMOBzqndZ8A8jZvsTLJ,248,14.5655889,120.9865402,1784977091376,49.89999771118164
fEMOBzqndZ8A8jZvsTLJ,249,14.5656755,120.9864875,1784977093383,49.89999771118164
fEMOBzqndZ8A8jZvsTLJ,250,14.5657477,120.9864451,1784977095393,49.89999771118164
fEMOBzqndZ8A8jZvsTLJ,251,14.5658447,120.9864162,1784977097386,49.89999771118164
fEMOBzqndZ8A8jZvsTLJ,252,14.5659802,120.9863659,1784977099382,49.89999771118164
fEMOBzqndZ8A8jZvsTLJ,253,14.5661346,120.9863115,1784977101372,49.89999771118164
fEMOBzqndZ8A8jZvsTLJ,254,14.5662822,120.9862523,1784977103372,49.89999771118164
fEMOBzqndZ8A8jZvsTLJ,255,14.5663882,120.9861546,1784977105380,51.168
fEMOBzqndZ8A8jZvsTLJ,256,14.5665034,120.9860681,1784977107381,50.637
fEMOBzqndZ8A8jZvsTLJ,257,14.5666454,120.9859833,1784977109393,50.251
fEMOBzqndZ8A8jZvsTLJ,258,14.5668335,120.9859215,1784977111376,50.622
fEMOBzqndZ8A8jZvsTLJ,259,14.5670128,120.985883,1784977113380,49.622
fEMOBzqndZ8A8jZvsTLJ,260,14.5671958,120.9858161,1784977115379,48.855
fEMOBzqndZ8A8jZvsTLJ,261,14.567408,120.9857604,1784977117388,48.2
fEMOBzqndZ8A8jZvsTLJ,262,14.5676129,120.9856952,1784977119381,50.041
fEMOBzqndZ8A8jZvsTLJ,263,14.5677879,120.9856418,1784977121381,51.654
fEMOBzqndZ8A8jZvsTLJ,264,14.5679741,120.9855862,1784977123389,49.316
fEMOBzqndZ8A8jZvsTLJ,265,14.5681896,120.9854876,1784977125387,46.503
fEMOBzqndZ8A8jZvsTLJ,266,14.5683856,120.9854065,1784977127391,45.675
fEMOBzqndZ8A8jZvsTLJ,267,14.5685662,120.9853328,1784977129389,45.33
fEMOBzqndZ8A8jZvsTLJ,268,14.5687315,120.9852636,1784977131388,46.853
fEMOBzqndZ8A8jZvsTLJ,269,14.5688945,120.9852021,1784977133392,48.274
fEMOBzqndZ8A8jZvsTLJ,270,14.5690698,120.9851363,1784977135383,50.408
fEMOBzqndZ8A8jZvsTLJ,271,14.5692451,120.9850746,1784977137382,51.462
fEMOBzqndZ8A8jZvsTLJ,272,14.5693906,120.9850251,1784977139391,52.727
fEMOBzqndZ8A8jZvsTLJ,273,14.5695232,120.9849838,1784977141387,52.111
fEMOBzqndZ8A8jZvsTLJ,274,14.569635,120.9849628,1784977143390,52.145
fEMOBzqndZ8A8jZvsTLJ,275,14.569742,120.9849365,1784977145380,52.069
fEMOBzqndZ8A8jZvsTLJ,276,14.569861,120.9848667,1784977147385,51.307
fEMOBzqndZ8A8jZvsTLJ,277,14.5699708,120.9848002,1784977149388,51.141
fEMOBzqndZ8A8jZvsTLJ,278,14.5701019,120.9847299,1784977151393,52.012
fEMOBzqndZ8A8jZvsTLJ,279,14.5702522,120.9846541,1784977153395,52.341
fEMOBzqndZ8A8jZvsTLJ,280,14.5703956,120.9845771,1784977155388,53.227
fEMOBzqndZ8A8jZvsTLJ,281,14.5705371,120.9845083,1784977157393,54.722
fEMOBzqndZ8A8jZvsTLJ,282,14.5706464,120.9844402,1784977159380,56.683
fEMOBzqndZ8A8jZvsTLJ,283,14.5707468,120.9843779,1784977161387,56.866
fEMOBzqndZ8A8jZvsTLJ,284,14.5708767,120.9843143,1784977163370,55.991
fEMOBzqndZ8A8jZvsTLJ,285,14.5709842,120.9842621,1784977165372,54.405
fEMOBzqndZ8A8jZvsTLJ,286,14.5710636,120.9842234,1784977167378,53.27
fEMOBzqndZ8A8jZvsTLJ,287,14.5711461,120.9842162,1784977169384,53.117
fEMOBzqndZ8A8jZvsTLJ,288,14.5712214,120.9841816,1784977171380,53.063
fEMOBzqndZ8A8jZvsTLJ,289,14.5712716,120.9841294,1784977173381,54.191
fEMOBzqndZ8A8jZvsTLJ,290,14.5712965,120.9840992,1784977175380,54.745
fEMOBzqndZ8A8jZvsTLJ,291,14.5713393,120.9840704,1784977177383,55.732
fEMOBzqndZ8A8jZvsTLJ,292,14.5714148,120.9840328,1784977179381,57.416
fEMOBzqndZ8A8jZvsTLJ,293,14.5715194,120.9839926,1784977181371,58.223
fEMOBzqndZ8A8jZvsTLJ,294,14.5716437,120.9839458,1784977183377,56.107
fEMOBzqndZ8A8jZvsTLJ,295,14.5717594,120.9839226,1784977185377,54.356
fEMOBzqndZ8A8jZvsTLJ,296,14.5718448,120.9839123,1784977187384,54.233
fEMOBzqndZ8A8jZvsTLJ,297,14.5719052,120.983918,1784977189387,51.0
fEMOBzqndZ8A8jZvsTLJ,298,14.571967,120.9840182,1784977191376,51.0
fEMOBzqndZ8A8jZvsTLJ,299,14.572033,120.9841421,1784977193373,51.0
fEMOBzqndZ8A8jZvsTLJ,300,14.5721026,120.984258,1784977195368,51.0
fEMOBzqndZ8A8jZvsTLJ,301,14.5721532,120.9843847,1784977197362,51.0
fEMOBzqndZ8A8jZvsTLJ,302,14.5722126,120.9845039,1784977199361,51.0
fEMOBzqndZ8A8jZvsTLJ,303,14.5722716,120.9846099,1784977201367,51.0
fEMOBzqndZ8A8jZvsTLJ,304,14.5723306,120.9846819,1784977203369,51.0
fEMOBzqndZ8A8jZvsTLJ,305,14.5723802,120.9847734,1784977205365,51.0
fEMOBzqndZ8A8jZvsTLJ,306,14.57244,120.9848723,1784977207372,51.0
fEMOBzqndZ8A8jZvsTLJ,307,14.5725078,120.9849686,1784977209372,51.0
fEMOBzqndZ8A8jZvsTLJ,308,14.5725652,120.9850356,1784977211375,51.0
fEMOBzqndZ8A8jZvsTLJ,309,14.5726396,120.9851082,1784977213382,51.0
fEMOBzqndZ8A8jZvsTLJ,310,14.5726888,120.9851552,1784977215395,51.0
fEMOBzqndZ8A8jZvsTLJ,311,14.5727156,120.9852084,1784977217395,51.0
fEMOBzqndZ8A8jZvsTLJ,312,14.5727249,120.9852296,1784977219396,51.0
fEMOBzqndZ8A8jZvsTLJ,313,14.57273,120.9852501,1784977229393,50.0
fEMOBzqndZ8A8jZvsTLJ,314,14.5727382,120.9852688,1784977231364,50.09999847412109
fEMOBzqndZ8A8jZvsTLJ,315,14.5727458,120.9852874,1784977234365,50.09999847412109
fEMOBzqndZ8A8jZvsTLJ,316,14.5727535,120.9853058,1784977239365,50.09999847412109
fEMOBzqndZ8A8jZvsTLJ,317,14.572758,120.9853278,1784977253310,50.09999847412109
fEMOBzqndZ8A8jZvsTLJ,318,14.5727591,120.9853301,1784977254309,50.0
fEMOBzqndZ8A8jZvsTLJ,319,14.5727295,120.9851904,1784977263388,50.09999847412109
fEMOBzqndZ8A8jZvsTLJ,320,14.5727368,120.9851894,1784977270951,50.09999847412109
fEMOBzqndZ8A8jZvsTLJ,321,14.5727334,120.9851946,1784977278682,50.09999847412109
fEMOBzqndZ8A8jZvsTLJ,322,14.5727253,120.9851752,1784977286161,50.09999847412109
fEMOBzqndZ8A8jZvsTLJ,323,14.5727323,120.9851892,1784977293582,50.09999847412109
fEMOBzqndZ8A8jZvsTLJ,324,14.5727276,120.9851718,1784977301208,50.09999847412109
fEMOBzqndZ8A8jZvsTLJ,325,14.5727636,120.9852339,1784977308590,50.09999847412109
fEMOBzqndZ8A8jZvsTLJ,326,14.5727381,120.9852227,1784977315461,50.0
fEMOBzqndZ8A8jZvsTLJ,327,14.5727841,120.9853105,1784977322288,50.0
fEMOBzqndZ8A8jZvsTLJ,328,14.5722283,120.9858625,1784977326319,50.0
fEMOBzqndZ8A8jZvsTLJ,329,14.5722283,120.9858625,1784977328733,50.0
fEMOBzqndZ8A8jZvsTLJ,330,14.5723253,120.9853216,1784977334337,50.0
fEMOBzqndZ8A8jZvsTLJ,331,14.5722841,120.9853927,1784977336336,50.0
fEMOBzqndZ8A8jZvsTLJ,332,14.5724361,120.985502,1784977338335,50.0
fEMOBzqndZ8A8jZvsTLJ,333,14.5724785,120.9854468,1784977340359,50.0
fEMOBzqndZ8A8jZvsTLJ,334,14.5725215,120.9853647,1784977342365,50.0
fEMOBzqndZ8A8jZvsTLJ,335,14.5725503,120.9853295,1784977344369,50.0
fEMOBzqndZ8A8jZvsTLJ,336,14.57256,120.9853021,1784977347355,50.0
fEMOBzqndZ8A8jZvsTLJ,337,14.572564,120.9852784,1784977355374,50.0
fEMOBzqndZ8A8jZvsTLJ,338,14.5725618,120.9852583,1784977357381,50.0
fEMOBzqndZ8A8jZvsTLJ,339,14.572583,120.9852524,1784977363394,50.09999847412109
fEMOBzqndZ8A8jZvsTLJ,340,14.5725934,120.985229,1784977366387,50.0
fEMOBzqndZ8A8jZvsTLJ,341,14.5725911,120.9851876,1784977368391,50.0
fEMOBzqndZ8A8jZvsTLJ,342,14.5725797,120.9851651,1784977370392,50.0
fEMOBzqndZ8A8jZvsTLJ,343,14.5725617,120.9851293,1784977373392,50.0
fEMOBzqndZ8A8jZvsTLJ,344,14.5725468,120.9851024,1784977375390,50.0
fEMOBzqndZ8A8jZvsTLJ,345,14.5725304,120.9850607,1784977377379,50.0
fEMOBzqndZ8A8jZvsTLJ,346,14.5725196,120.985028,1784977379383,50.0
fEMOBzqndZ8A8jZvsTLJ,347,14.5725127,120.985007,1784977381392,50.0
fEMOBzqndZ8A8jZvsTLJ,348,14.5724908,120.9849875,1784977390368,50.29999923706055
fEMOBzqndZ8A8jZvsTLJ,349,14.5724684,120.9849485,1784977392380,50.29999923706055
fEMOBzqndZ8A8jZvsTLJ,350,14.5724469,120.9849335,1784977394381,50.29999923706055
fEMOBzqndZ8A8jZvsTLJ,351,14.572433,120.9848927,1784977396390,50.29999923706055
fEMOBzqndZ8A8jZvsTLJ,352,14.5724011,120.9848405,1784977398379,50.29999923706055
fEMOBzqndZ8A8jZvsTLJ,353,14.5723114,120.9847542,1784977400376,50.29999923706055
fEMOBzqndZ8A8jZvsTLJ,354,14.5722313,120.9846354,1784977402358,50.29999923706055
fEMOBzqndZ8A8jZvsTLJ,355,14.5721633,120.9845481,1784977404375,50.29999923706055
fEMOBzqndZ8A8jZvsTLJ,356,14.5720842,120.9844064,1784977406373,50.29999923706055
fEMOBzqndZ8A8jZvsTLJ,357,14.5720276,120.984271,1784977408366,50.29999923706055
fEMOBzqndZ8A8jZvsTLJ,358,14.5719925,120.9841814,1784977410374,50.29999923706055
fEMOBzqndZ8A8jZvsTLJ,359,14.5719858,120.9841368,1784977412382,50.29999923706055
fEMOBzqndZ8A8jZvsTLJ,360,14.5720075,120.9840867,1784977414390,50.29999923706055
fEMOBzqndZ8A8jZvsTLJ,361,14.5721006,120.9840251,1784977416381,50.29999923706055
fEMOBzqndZ8A8jZvsTLJ,362,14.5722483,120.9839411,1784977418376,50.89999771118164
fEMOBzqndZ8A8jZvsTLJ,363,14.5724014,120.9838503,1784977420374,50.89999771118164
fEMOBzqndZ8A8jZvsTLJ,364,14.5725551,120.9837712,1784977422385,50.89999771118164
fEMOBzqndZ8A8jZvsTLJ,365,14.5726981,120.9836852,1784977424379,50.89999771118164
fEMOBzqndZ8A8jZvsTLJ,366,14.5728294,120.9836284,1784977426377,50.89999771118164
fEMOBzqndZ8A8jZvsTLJ,367,14.5729941,120.9835755,1784977428376,50.89999771118164
fEMOBzqndZ8A8jZvsTLJ,368,14.5731534,120.9835122,1784977430372,50.89999771118164
fEMOBzqndZ8A8jZvsTLJ,369,14.573287,120.9834492,1784977432372,50.89999771118164
fEMOBzqndZ8A8jZvsTLJ,370,14.5734231,120.9833902,1784977434378,50.89999771118164
fEMOBzqndZ8A8jZvsTLJ,371,14.5735474,120.9833205,1784977436370,50.89999771118164
fEMOBzqndZ8A8jZvsTLJ,372,14.5736249,120.9832433,1784977438377,50.89999771118164
fEMOBzqndZ8A8jZvsTLJ,373,14.5737037,120.9832072,1784977440383,50.89999771118164
fEMOBzqndZ8A8jZvsTLJ,374,14.5737787,120.9831561,1784977442384,50.89999771118164
fEMOBzqndZ8A8jZvsTLJ,375,14.5738725,120.9831085,1784977444369,50.89999771118164
fEMOBzqndZ8A8jZvsTLJ,376,14.5740154,120.9830311,1784977446369,50.89999771118164
fEMOBzqndZ8A8jZvsTLJ,377,14.574168,120.9829509,1784977448363,50.89999771118164
fEMOBzqndZ8A8jZvsTLJ,378,14.5743235,120.9828836,1784977450369,50.89999771118164
fEMOBzqndZ8A8jZvsTLJ,379,14.5744741,120.9828058,1784977452370,50.89999771118164
fEMOBzqndZ8A8jZvsTLJ,380,14.5746491,120.982704,1784977454366,50.89999771118164
fEMOBzqndZ8A8jZvsTLJ,381,14.5748346,120.9826098,1784977456366,50.89999771118164
fEMOBzqndZ8A8jZvsTLJ,382,14.5750019,120.982523,1784977458364,50.89999771118164
fEMOBzqndZ8A8jZvsTLJ,383,14.5751464,120.9824662,1784977460357,50.89999771118164
fEMOBzqndZ8A8jZvsTLJ,384,14.5752117,120.9824279,1784977462373,50.89999771118164
fEMOBzqndZ8A8jZvsTLJ,385,14.5751944,120.9823623,1784977464363,50.89999771118164
fEMOBzqndZ8A8jZvsTLJ,386,14.5751383,120.9822644,1784977466367,50.89999771118164
fEMOBzqndZ8A8jZvsTLJ,387,14.5750537,120.9821259,1784977468360,50.89999771118164
fEMOBzqndZ8A8jZvsTLJ,388,14.5749695,120.9820179,1784977470364,50.89999771118164
fEMOBzqndZ8A8jZvsTLJ,389,14.5749047,120.9819226,1784977472351,50.89999771118164
fEMOBzqndZ8A8jZvsTLJ,390,14.5748605,120.9818739,1784977474366,50.89999771118164
fEMOBzqndZ8A8jZvsTLJ,391,14.5748331,120.9818181,1784977476381,50.89999771118164
fEMOBzqndZ8A8jZvsTLJ,392,14.5747695,120.9817703,1784977478384,50.89999771118164
fEMOBzqndZ8A8jZvsTLJ,393,14.5746657,120.9817709,1784977480378,50.89999771118164
fEMOBzqndZ8A8jZvsTLJ,394,14.5746173,120.9817479,1784977482372,50.89999771118164
fEMOBzqndZ8A8jZvsTLJ,395,14.574592,120.9817569,1784977484385,50.89999771118164
fEMOBzqndZ8A8jZvsTLJ,396,14.5745498,120.9817734,1784977486388,50.89999771118164
fEMOBzqndZ8A8jZvsTLJ,397,14.5745206,120.9817826,1784977496381,50.09999847412109
fEMOBzqndZ8A8jZvsTLJ,398,14.5745018,120.9817877,1784977498384,50.09999847412109
fEMOBzqndZ8A8jZvsTLJ,399,14.5745324,120.9817906,1784977500366,50.09999847412109
fEMOBzqndZ8A8jZvsTLJ,400,14.5745238,120.9817699,1784977502503,50.0
fEMOBzqndZ8A8jZvsTLJ,401,14.5745222,120.9817735,1784977509848,49.89999771118164
fEMOBzqndZ8A8jZvsTLJ,402,14.574546,120.9817585,1784977515726,49.89999771118164
fEMOBzqndZ8A8jZvsTLJ,403,14.5745643,120.9817482,1784977521804,50.0
fEMOBzqndZ8A8jZvsTLJ,404,14.5745688,120.98173,1784977526242,50.0
fEMOBzqndZ8A8jZvsTLJ,405,14.5745687,120.9817295,1784977527803,50.0
fEMOBzqndZ8A8jZvsTLJ,406,14.5745683,120.9817284,1784977534084,50.0
fEMOBzqndZ8A8jZvsTLJ,407,14.5745735,120.9817203,1784977540569,50.0
fEMOBzqndZ8A8jZvsTLJ,408,14.5745785,120.9817107,1784977546951,50.0
fEMOBzqndZ8A8jZvsTLJ,409,14.5745858,120.9817029,1784977552859,50.0
fEMOBzqndZ8A8jZvsTLJ,410,14.5744677,120.9813829,1784977559330,50.09999847412109
fEMOBzqndZ8A8jZvsTLJ,411,14.5747202,120.9819573,1784977561317,50.09999847412109
fEMOBzqndZ8A8jZvsTLJ,412,14.5746456,120.9817195,1784977563362,50.09999847412109
fEMOBzqndZ8A8jZvsTLJ,413,14.5746383,120.9816934,1784977565364,50.09999847412109
fEMOBzqndZ8A8jZvsTLJ,414,14.5746137,120.981676,1784977568371,50.09999847412109
fEMOBzqndZ8A8jZvsTLJ,415,14.5746293,120.9816237,1784977570371,50.0
fEMOBzqndZ8A8jZvsTLJ,416,14.5746022,120.9816111,1784977573293,50.0
fEMOBzqndZ8A8jZvsTLJ,417,14.5745605,120.9816013,1784977575369,50.0
fEMOBzqndZ8A8jZvsTLJ,418,14.5745412,120.981598,1784977582410,50.09999847412109
fEMOBzqndZ8A8jZvsTLJ,419,14.5745798,120.9815884,1784977589372,50.09999847412109
fEMOBzqndZ8A8jZvsTLJ,420,14.5746243,120.9815835,1784977591365,50.09999847412109
fEMOBzqndZ8A8jZvsTLJ,421,14.5743965,120.9816955,1784977593357,50.09999847412109
fEMOBzqndZ8A8jZvsTLJ,422,14.5742063,120.9818114,1784977595361,50.09999847412109
fEMOBzqndZ8A8jZvsTLJ,423,14.5740739,120.9819109,1784977597365,50.09999847412109
fEMOBzqndZ8A8jZvsTLJ,424,14.5739702,120.9819861,1784977599367,50.09999847412109
fEMOBzqndZ8A8jZvsTLJ,425,14.5738461,120.9820662,1784977601370,50.09999847412109
fEMOBzqndZ8A8jZvsTLJ,426,14.5737368,120.9821186,1784977603369,50.09999847412109
fEMOBzqndZ8A8jZvsTLJ,427,14.5736565,120.9821654,1784977605367,50.09999847412109
fEMOBzqndZ8A8jZvsTLJ,428,14.5735656,120.9822269,1784977607366,50.09999847412109
fEMOBzqndZ8A8jZvsTLJ,429,14.5734758,120.982261,1784977609366,50.09999847412109
fEMOBzqndZ8A8jZvsTLJ,430,14.5733802,120.9822919,1784977611372,50.09999847412109
fEMOBzqndZ8A8jZvsTLJ,431,14.573274,120.9823533,1784977613362,50.09999847412109
fEMOBzqndZ8A8jZvsTLJ,432,14.5731441,120.9824282,1784977615355,50.09999847412109
fEMOBzqndZ8A8jZvsTLJ,433,14.5730152,120.9825007,1784977617357,50.09999847412109
fEMOBzqndZ8A8jZvsTLJ,434,14.5729087,120.9825588,1784977619356,50.09999847412109
fEMOBzqndZ8A8jZvsTLJ,435,14.5728235,120.9826144,1784977621353,50.09999847412109
fEMOBzqndZ8A8jZvsTLJ,436,14.5727193,120.9826726,1784977623357,50.09999847412109
fEMOBzqndZ8A8jZvsTLJ,437,14.5725833,120.98273,1784977625361,50.09999847412109
fEMOBzqndZ8A8jZvsTLJ,438,14.5724234,120.9827884,1784977627362,50.09999847412109
fEMOBzqndZ8A8jZvsTLJ,439,14.572281,120.9828109,1784977629359,50.09999847412109
fEMOBzqndZ8A8jZvsTLJ,440,14.5721222,120.9828385,1784977631364,50.09999847412109
fEMOBzqndZ8A8jZvsTLJ,441,14.5719488,120.9829038,1784977633360,50.09999847412109
fEMOBzqndZ8A8jZvsTLJ,442,14.5717686,120.9829844,1784977635368,50.09999847412109
fEMOBzqndZ8A8jZvsTLJ,443,14.5715716,120.983076,1784977637362,50.09999847412109
fEMOBzqndZ8A8jZvsTLJ,444,14.5714133,120.9831334,1784977639366,50.09999847412109
fEMOBzqndZ8A8jZvsTLJ,445,14.57127,120.9831711,1784977641358,50.09999847412109
fEMOBzqndZ8A8jZvsTLJ,446,14.5711515,120.9832248,1784977643365,50.09999847412109
fEMOBzqndZ8A8jZvsTLJ,447,14.5710494,120.9832605,1784977645361,50.09999847412109
fEMOBzqndZ8A8jZvsTLJ,448,14.5709944,120.9833021,1784977647443,50.09999847412109
fEMOBzqndZ8A8jZvsTLJ,449,14.5709935,120.9833655,1784977649370,50.09999847412109
fEMOBzqndZ8A8jZvsTLJ,450,14.5710185,120.9834402,1784977651362,50.09999847412109
fEMOBzqndZ8A8jZvsTLJ,451,14.5710328,120.9835465,1784977653363,50.09999847412109
fEMOBzqndZ8A8jZvsTLJ,452,14.5710847,120.9836665,1784977655346,50.09999847412109
fEMOBzqndZ8A8jZvsTLJ,453,14.5711392,120.9837837,1784977657350,50.09999847412109
fEMOBzqndZ8A8jZvsTLJ,454,14.5711889,120.9839226,1784977659347,50.09999847412109
fEMOBzqndZ8A8jZvsTLJ,455,14.5712577,120.9840056,1784977661363,50.09999847412109
fEMOBzqndZ8A8jZvsTLJ,456,14.5712883,120.9840296,1784977663362,50.70000076293945
fEMOBzqndZ8A8jZvsTLJ,457,14.5713177,120.9840404,1784977666372,50.70000076293945
fEMOBzqndZ8A8jZvsTLJ,458,14.5713465,120.9840442,1784977668368,50.70000076293945
fEMOBzqndZ8A8jZvsTLJ,459,14.5713999,120.9840409,1784977670371,51.0
fEMOBzqndZ8A8jZvsTLJ,460,14.5714291,120.9840531,1784977672362,51.0
fEMOBzqndZ8A8jZvsTLJ,461,14.5714516,120.9840837,1784977674375,51.0
fEMOBzqndZ8A8jZvsTLJ,462,14.5714875,120.9841163,1784977676371,51.0
fEMOBzqndZ8A8jZvsTLJ,463,14.5715324,120.9841473,1784977678375,51.0
fEMOBzqndZ8A8jZvsTLJ,464,14.5715801,120.9841896,1784977680377,51.0
fEMOBzqndZ8A8jZvsTLJ,465,14.5716185,120.9843048,1784977682360,50.70000076293945
fEMOBzqndZ8A8jZvsTLJ,466,14.5716618,120.9844605,1784977684364,50.70000076293945
fEMOBzqndZ8A8jZvsTLJ,467,14.5716468,120.9845886,1784977686374,50.70000076293945
fEMOBzqndZ8A8jZvsTLJ,468,14.571668,120.9846512,1784977688376,50.59999847412109
fEMOBzqndZ8A8jZvsTLJ,469,14.5716684,120.9846807,1784977692371,50.59999847412109
fEMOBzqndZ8A8jZvsTLJ,470,14.5716681,120.9847107,1784977694372,50.59999847412109
fEMOBzqndZ8A8jZvsTLJ,471,14.5716872,120.9847675,1784977696373,50.5
fEMOBzqndZ8A8jZvsTLJ,472,14.5717086,120.984818,1784977698371,50.5
fEMOBzqndZ8A8jZvsTLJ,473,14.5717455,120.9848874,1784977700369,50.5
fEMOBzqndZ8A8jZvsTLJ,474,14.5717564,120.9849192,1784977702376,50.5
fEMOBzqndZ8A8jZvsTLJ,475,14.5717554,120.984945,1784977706379,50.09999847412109
fEMOBzqndZ8A8jZvsTLJ,476,14.5717318,120.9849791,1784977708376,50.09999847412109
fEMOBzqndZ8A8jZvsTLJ,477,14.5716793,120.9850122,1784977710372,50.09999847412109
fEMOBzqndZ8A8jZvsTLJ,478,14.5716165,120.985054,1784977712363,50.09999847412109
fEMOBzqndZ8A8jZvsTLJ,479,14.5715707,120.9850847,1784977714352,50.09999847412109
fEMOBzqndZ8A8jZvsTLJ,480,14.5715157,120.9851399,1784977716358,50.09999847412109
fEMOBzqndZ8A8jZvsTLJ,481,14.5714574,120.985188,1784977718359,50.09999847412109
fEMOBzqndZ8A8jZvsTLJ,482,14.5713842,120.9852498,1784977720358,50.09999847412109
fEMOBzqndZ8A8jZvsTLJ,483,14.5712796,120.985298,1784977722364,50.09999847412109
fEMOBzqndZ8A8jZvsTLJ,484,14.5711467,120.9854019,1784977724358,50.09999847412109
fEMOBzqndZ8A8jZvsTLJ,485,14.5710184,120.9855091,1784977726361,50.09999847412109
fEMOBzqndZ8A8jZvsTLJ,486,14.5709165,120.9856024,1784977728360,50.09999847412109
fEMOBzqndZ8A8jZvsTLJ,487,14.5708447,120.9856735,1784977730364,50.09999847412109
fEMOBzqndZ8A8jZvsTLJ,488,14.5707972,120.9856835,1784977733362,50.70000076293945
fEMOBzqndZ8A8jZvsTLJ,489,14.5707486,120.9857131,1784977735357,50.70000076293945
fEMOBzqndZ8A8jZvsTLJ,490,14.5707066,120.9857632,1784977737361,50.70000076293945
fEMOBzqndZ8A8jZvsTLJ,491,14.5706495,120.9857928,1784977739370,50.70000076293945
fEMOBzqndZ8A8jZvsTLJ,492,14.5705576,120.9858352,1784977741356,50.70000076293945
fEMOBzqndZ8A8jZvsTLJ,493,14.5704386,120.9859061,1784977743355,50.70000076293945
fEMOBzqndZ8A8jZvsTLJ,494,14.5703334,120.985968,1784977745357,50.70000076293945
fEMOBzqndZ8A8jZvsTLJ,495,14.5702913,120.9860131,1784977747358,50.70000076293945
fEMOBzqndZ8A8jZvsTLJ,496,14.5702664,120.9860698,1784977749365,50.09999847412109
fEMOBzqndZ8A8jZvsTLJ,497,14.5702246,120.9861735,1784977751358,50.09999847412109
fEMOBzqndZ8A8jZvsTLJ,498,14.5701423,120.9863093,1784977753366,50.09999847412109
fEMOBzqndZ8A8jZvsTLJ,499,14.5700706,120.9864528,1784977755368,50.09999847412109
fEMOBzqndZ8A8jZvsTLJ,500,14.570051,120.986582,1784977757356,50.09999847412109
fEMOBzqndZ8A8jZvsTLJ,501,14.5700801,120.9866751,1784977759366,50.09999847412109
fEMOBzqndZ8A8jZvsTLJ,502,14.5701063,120.98671,1784977761369,50.29999923706055
fEMOBzqndZ8A8jZvsTLJ,503,14.5701044,120.986733,1784977765352,50.29999923706055
fEMOBzqndZ8A8jZvsTLJ,504,14.5700989,120.9867523,1784977767351,50.29999923706055
fEMOBzqndZ8A8jZvsTLJ,505,14.5701203,120.986756,1784977769343,50.0
fEMOBzqndZ8A8jZvsTLJ,506,14.5701473,120.9867595,1784977771356,50.0
fEMOBzqndZ8A8jZvsTLJ,507,14.570189,120.9867585,1784977773355,50.0
fEMOBzqndZ8A8jZvsTLJ,508,14.5702262,120.9867695,1784977775351,50.0
fEMOBzqndZ8A8jZvsTLJ,509,14.5702591,120.9867643,1784977777351,50.0
fsyywUuXJq0Pkixim4IZ,0,14.5623136,120.9947654,1784876098709,75.69999694824219
fsyywUuXJq0Pkixim4IZ,1,14.5631023,120.9960891,1784876375025,32.846852848045714
fsyywUuXJq0Pkixim4IZ,2,14.5624402,120.9954305,1784876381180,69.9000015258789
fsyywUuXJq0Pkixim4IZ,3,14.5625704,120.9949768,1784876390471,52.0
fsyywUuXJq0Pkixim4IZ,4,14.5626482,120.9948677,1784876400376,51.89999771118164
fsyywUuXJq0Pkixim4IZ,5,14.5628122,120.9955478,1784876409496,51.20000076293945
fsyywUuXJq0Pkixim4IZ,6,14.5630964,120.9959518,1784876420392,51.09999847412109
fsyywUuXJq0Pkixim4IZ,7,14.5632309,120.9964517,1784876430390,51.09999847412109
fsyywUuXJq0Pkixim4IZ,8,14.5633437,120.9968042,1784876440393,51.09999847412109
fsyywUuXJq0Pkixim4IZ,9,14.5635766,120.9973293,1784876447642,51.09999847412109
fsyywUuXJq0Pkixim4IZ,10,14.5636686,120.9975183,1784876451154,50.39999771118164
fsyywUuXJq0Pkixim4IZ,11,14.5637139,120.9975918,1784876453153,50.39999771118164
fsyywUuXJq0Pkixim4IZ,12,14.5637454,120.9976553,1784876455154,50.09999847412109
fsyywUuXJq0Pkixim4IZ,13,14.5637813,120.9977152,1784876457153,50.09999847412109
fsyywUuXJq0Pkixim4IZ,14,14.5639037,120.9983633,1784876481487,49.59999847412109
fsyywUuXJq0Pkixim4IZ,15,14.5634795,120.9984859,1784876491339,49.59999847412109
fsyywUuXJq0Pkixim4IZ,16,14.5633922,120.9984692,1784876493153,49.59999847412109
fsyywUuXJq0Pkixim4IZ,17,14.5633116,120.9984738,1784876495153,49.70000076293945
fsyywUuXJq0Pkixim4IZ,18,14.5632202,120.9984963,1784876497153,49.70000076293945
fsyywUuXJq0Pkixim4IZ,19,14.5631292,120.9985159,1784876499154,49.70000076293945
fsyywUuXJq0Pkixim4IZ,20,14.5630382,120.998551,1784876501153,49.70000076293945
fsyywUuXJq0Pkixim4IZ,21,14.5629479,120.9985789,1784876503153,49.70000076293945
fsyywUuXJq0Pkixim4IZ,22,14.5628585,120.9986169,1784876505155,49.70000076293945
fsyywUuXJq0Pkixim4IZ,23,14.5627688,120.9986491,1784876507153,49.70000076293945
fsyywUuXJq0Pkixim4IZ,24,14.5626893,120.9986721,1784876509154,49.70000076293945
fsyywUuXJq0Pkixim4IZ,25,14.5626019,120.9987042,1784876511153,49.70000076293945
fsyywUuXJq0Pkixim4IZ,26,14.562513,120.9987374,1784876513153,49.70000076293945
fsyywUuXJq0Pkixim4IZ,27,14.5624212,120.9987626,1784876515154,49.70000076293945
fsyywUuXJq0Pkixim4IZ,28,14.5623385,120.9988014,1784876517153,49.70000076293945
fsyywUuXJq0Pkixim4IZ,29,14.5622626,120.9988378,1784876519155,49.70000076293945
fsyywUuXJq0Pkixim4IZ,30,14.5621875,120.9988701,1784876521154,49.89999771118164
fsyywUuXJq0Pkixim4IZ,31,14.5621167,120.9989044,1784876523154,49.89999771118164
fsyywUuXJq0Pkixim4IZ,32,14.5620578,120.9989345,1784876525154,49.89999771118164
fsyywUuXJq0Pkixim4IZ,33,14.5619977,120.9989596,1784876527155,49.89999771118164
fsyywUuXJq0Pkixim4IZ,34,14.5619516,120.9989895,1784876529153,49.89999771118164
fsyywUuXJq0Pkixim4IZ,35,14.5619275,120.9990424,1784876531154,49.89999771118164
fsyywUuXJq0Pkixim4IZ,36,14.5619437,120.9991191,1784876533155,49.89999771118164
fsyywUuXJq0Pkixim4IZ,37,14.5620041,120.9991869,1784876535154,49.89999771118164
fsyywUuXJq0Pkixim4IZ,38,14.5620872,120.9992463,1784876537153,49.89999771118164
fsyywUuXJq0Pkixim4IZ,39,14.5621625,120.9993139,1784876539153,49.89999771118164
fsyywUuXJq0Pkixim4IZ,40,14.5622363,120.9993765,1784876541155,49.89999771118164
fsyywUuXJq0Pkixim4IZ,41,14.5622855,120.9994301,1784876543153,49.89999771118164
fsyywUuXJq0Pkixim4IZ,42,14.5623311,120.9994712,1784876545155,51.59999847412109
fsyywUuXJq0Pkixim4IZ,43,14.562399,120.9995319,1784876547153,51.59999847412109
fsyywUuXJq0Pkixim4IZ,44,14.5624511,120.9996097,1784876549154,51.59999847412109
fsyywUuXJq0Pkixim4IZ,45,14.5625203,120.9996829,1784876551153,51.59999847412109
fsyywUuXJq0Pkixim4IZ,46,14.5625833,120.9997585,1784876553155,51.59999847412109
fsyywUuXJq0Pkixim4IZ,47,14.5626555,120.999866,1784876555153,51.59999847412109
fsyywUuXJq0Pkixim4IZ,48,14.5627498,120.99994,1784876557154,51.59999847412109
fsyywUuXJq0Pkixim4IZ,49,14.5628409,121.0000216,1784876559154,51.59999847412109
fsyywUuXJq0Pkixim4IZ,50,14.5629373,121.0001112,1784876561153,51.59999847412109
fsyywUuXJq0Pkixim4IZ,51,14.5630099,121.0001784,1784876563155,51.59999847412109
fsyywUuXJq0Pkixim4IZ,52,14.5630996,121.0002487,1784876565154,51.59999847412109
fsyywUuXJq0Pkixim4IZ,53,14.5631669,121.0003385,1784876567155,51.59999847412109
fsyywUuXJq0Pkixim4IZ,54,14.5632419,121.0004236,1784876569154,51.59999847412109
fsyywUuXJq0Pkixim4IZ,55,14.5633163,121.0004971,1784876571153,51.59999847412109
fsyywUuXJq0Pkixim4IZ,56,14.5633931,121.0005791,1784876573154,51.59999847412109
fsyywUuXJq0Pkixim4IZ,57,14.5634774,121.0006505,1784876575155,51.59999847412109
fsyywUuXJq0Pkixim4IZ,58,14.5635522,121.0007246,1784876577154,51.59999847412109
fsyywUuXJq0Pkixim4IZ,59,14.5636108,121.0007961,1784876579154,51.59999847412109
fsyywUuXJq0Pkixim4IZ,60,14.5636374,121.0008796,1784876581155,51.59999847412109
fsyywUuXJq0Pkixim4IZ,61,14.5636492,121.0009508,1784876583153,51.59999847412109
fsyywUuXJq0Pkixim4IZ,62,14.5636597,121.0010096,1784876585154,51.59999847412109
fsyywUuXJq0Pkixim4IZ,63,14.5636474,121.0010469,1784876587152,51.59999847412109
fsyywUuXJq0Pkixim4IZ,64,14.5636021,121.0010841,1784876589153,51.59999847412109
fsyywUuXJq0Pkixim4IZ,65,14.5635285,121.0011364,1784876591155,51.59999847412109
fsyywUuXJq0Pkixim4IZ,66,14.5634434,121.0012101,1784876593153,51.59999847412109
fsyywUuXJq0Pkixim4IZ,67,14.5633717,121.0012751,1784876595154,51.59999847412109
fsyywUuXJq0Pkixim4IZ,68,14.5632787,121.0013303,1784876597154,51.59999847412109
fsyywUuXJq0Pkixim4IZ,69,14.5631879,121.0013791,1784876599154,51.59999847412109
fsyywUuXJq0Pkixim4IZ,70,14.5631039,121.001439,1784876601153,51.59999847412109
fsyywUuXJq0Pkixim4IZ,71,14.5630143,121.0014885,1784876603153,51.59999847412109
fsyywUuXJq0Pkixim4IZ,72,14.5629298,121.0015136,1784876605155,51.59999847412109
fsyywUuXJq0Pkixim4IZ,73,14.5628435,121.0015676,1784876607153,51.59999847412109
fsyywUuXJq0Pkixim4IZ,74,14.5627636,121.0016166,1784876609153,51.59999847412109
fsyywUuXJq0Pkixim4IZ,75,14.5626947,121.0016645,1784876611153,51.59999847412109
fsyywUuXJq0Pkixim4IZ,76,14.5626186,121.0017049,1784876613154,51.59999847412109
fsyywUuXJq0Pkixim4IZ,77,14.5625587,121.0017513,1784876615154,51.59999847412109
fsyywUuXJq0Pkixim4IZ,78,14.5624958,121.001786,1784876617154,51.59999847412109
fsyywUuXJq0Pkixim4IZ,79,14.5624474,121.0018086,1784876619154,51.59999847412109
fsyywUuXJq0Pkixim4IZ,80,14.5624128,121.0018179,1784876621154,51.59999847412109
jiQWmvaS14llN37DCUox,0,14.5641665,120.9945979,1785149689835,51.20000076293945
jiQWmvaS14llN37DCUox,1,14.5643439,120.99454,1785149696824,51.20000076293945
jiQWmvaS14llN37DCUox,2,14.5643269,120.9945474,1785149698830,51.20000076293945
jiQWmvaS14llN37DCUox,3,14.5643105,120.9945172,1785149702842,51.20000076293945
jiQWmvaS14llN37DCUox,4,14.5643056,120.99449,1785149706838,51.20000076293945
jiQWmvaS14llN37DCUox,5,14.5643353,120.9944436,1785149710841,51.20000076293945
jiQWmvaS14llN37DCUox,6,14.564411,120.9944104,1785149712833,51.20000076293945
jiQWmvaS14llN37DCUox,7,14.5645775,120.994339,1785149714826,51.20000076293945
jiQWmvaS14llN37DCUox,8,14.5647686,120.9942517,1785149716826,51.20000076293945
jiQWmvaS14llN37DCUox,9,14.5649313,120.9941826,1785149718834,51.20000076293945
jiQWmvaS14llN37DCUox,10,14.5650793,120.9941308,1785149720830,51.20000076293945
jiQWmvaS14llN37DCUox,11,14.5651797,120.9940836,1785149722826,51.20000076293945
jiQWmvaS14llN37DCUox,12,14.5652718,120.9940683,1785149724831,51.20000076293945
jiQWmvaS14llN37DCUox,13,14.5653701,120.9940487,1785149726836,51.20000076293945
jiQWmvaS14llN37DCUox,14,14.5654783,120.9939989,1785149728839,51.20000076293945
jiQWmvaS14llN37DCUox,15,14.5655815,120.9939608,1785149730837,51.20000076293945
jiQWmvaS14llN37DCUox,16,14.5656674,120.9939139,1785149732838,51.20000076293945
jiQWmvaS14llN37DCUox,17,14.5657387,120.9938776,1785149734831,51.20000076293945
jiQWmvaS14llN37DCUox,18,14.5657755,120.9938455,1785149736833,51.20000076293945
jiQWmvaS14llN37DCUox,19,14.5658024,120.9938885,1785149738839,51.20000076293945
jiQWmvaS14llN37DCUox,20,14.5658431,120.9939678,1785149740837,51.20000076293945
jiQWmvaS14llN37DCUox,21,14.5658626,120.9940241,1785149742840,51.20000076293945
jiQWmvaS14llN37DCUox,22,14.5658934,120.9940799,1785149744835,51.20000076293945
jiQWmvaS14llN37DCUox,23,14.5659202,120.9941143,1785149746837,51.20000076293945
jiQWmvaS14llN37DCUox,24,14.5659431,120.9941219,1785149748845,51.20000076293945
jiQWmvaS14llN37DCUox,25,14.5659558,120.9941405,1785149752839,51.20000076293945
jiQWmvaS14llN37DCUox,26,14.5659648,120.9941626,1785149754837,51.20000076293945
jiQWmvaS14llN37DCUox,27,14.5659899,120.9941916,1785149756837,51.20000076293945
jiQWmvaS14llN37DCUox,28,14.5660166,120.9942339,1785149758841,51.20000076293945
jiQWmvaS14llN37DCUox,29,14.5660438,120.994276,1785149760845,51.20000076293945
jiQWmvaS14llN37DCUox,30,14.566055,120.9943192,1785149762845,51.20000076293945
jiQWmvaS14llN37DCUox,31,14.5660674,120.9943688,1785149764836,51.20000076293945
jiQWmvaS14llN37DCUox,32,14.5660718,120.9944313,1785149766848,51.20000076293945
jiQWmvaS14llN37DCUox,33,14.566068,120.9944971,1785149768849,51.20000076293945
jiQWmvaS14llN37DCUox,34,14.5660542,120.9945703,1785149770849,51.20000076293945
jiQWmvaS14llN37DCUox,35,14.5659874,120.9946233,1785149772840,51.20000076293945
jiQWmvaS14llN37DCUox,36,14.565849,120.9946786,1785149774831,51.20000076293945
jiQWmvaS14llN37DCUox,37,14.5657355,120.9947321,1785149776833,51.20000076293945
jiQWmvaS14llN37DCUox,38,14.5656177,120.9948178,1785149778837,51.20000076293945
jiQWmvaS14llN37DCUox,39,14.5654976,120.994845,1785149780841,51.20000076293945
jiQWmvaS14llN37DCUox,40,14.5653756,120.994907,1785149782836,51.20000076293945
jiQWmvaS14llN37DCUox,41,14.5652581,120.9949687,1785149784839,51.20000076293945
jiQWmvaS14llN37DCUox,42,14.5651379,120.9950672,1785149786841,51.20000076293945
jiQWmvaS14llN37DCUox,43,14.5649933,120.9951576,1785149788837,51.20000076293945
jiQWmvaS14llN37DCUox,44,14.5648762,120.9951981,1785149790833,51.20000076293945
jiQWmvaS14llN37DCUox,45,14.5647802,120.9952226,1785149792837,51.20000076293945
jiQWmvaS14llN37DCUox,46,14.5647145,120.9952404,1785149794840,51.20000076293945
jiQWmvaS14llN37DCUox,47,14.5646588,120.9952741,1785149796834,51.20000076293945
jiQWmvaS14llN37DCUox,48,14.5645764,120.9953214,1785149798836,51.20000076293945
jiQWmvaS14llN37DCUox,49,14.5644638,120.9953582,1785149800843,51.20000076293945
jiQWmvaS14llN37DCUox,50,14.5643159,120.9954233,1785149802855,51.20000076293945
jiQWmvaS14llN37DCUox,51,14.5641546,120.9955018,1785149804849,51.20000076293945
jiQWmvaS14llN37DCUox,52,14.5640261,120.9955686,1785149806843,51.20000076293945
jiQWmvaS14llN37DCUox,53,14.563899,120.9956524,1785149808832,61.578
jiQWmvaS14llN37DCUox,54,14.5637164,120.9957275,1785149810839,59.454
jiQWmvaS14llN37DCUox,55,14.5635395,120.9958141,1785149812835,57.724
jiQWmvaS14llN37DCUox,56,14.5633507,120.9958862,1785149814835,51.20000076293945
jiQWmvaS14llN37DCUox,57,14.5632016,120.9959497,1785149816844,56.174
jiQWmvaS14llN37DCUox,58,14.5630985,120.9959958,1785149818846,51.20000076293945
jiQWmvaS14llN37DCUox,59,14.5630279,120.9960333,1785149820832,51.20000076293945
jiQWmvaS14llN37DCUox,60,14.5630555,120.9961181,1785149824817,56.498
jiQWmvaS14llN37DCUox,61,14.5631063,120.9962438,1785149826832,51.20000076293945
jiQWmvaS14llN37DCUox,62,14.5631694,120.9963682,1785149828829,58.449
jiQWmvaS14llN37DCUox,63,14.5632261,120.9964924,1785149830833,58.382
jiQWmvaS14llN37DCUox,64,14.5633089,120.9966237,1785149832834,51.20000076293945
jiQWmvaS14llN37DCUox,65,14.5633805,120.9967727,1785149834821,51.20000076293945
jiQWmvaS14llN37DCUox,66,14.5634396,120.9969386,1785149836820,51.20000076293945
jiQWmvaS14llN37DCUox,67,14.5634947,120.9971443,1785149838828,51.20000076293945
jiQWmvaS14llN37DCUox,68,14.5635201,120.9973195,1785149840828,51.20000076293945
jiQWmvaS14llN37DCUox,69,14.5635578,120.9974934,1785149842821,51.20000076293945
jiQWmvaS14llN37DCUox,70,14.5636511,120.9976209,1785149844825,51.20000076293945
jiQWmvaS14llN37DCUox,71,14.5637381,120.9977507,1785149846832,51.20000076293945
jiQWmvaS14llN37DCUox,72,14.5638161,120.9978841,1785149848834,51.20000076293945
jiQWmvaS14llN37DCUox,73,14.5638738,120.9980238,1785149850830,51.20000076293945
jiQWmvaS14llN37DCUox,74,14.5639024,120.9981281,1785149852825,51.20000076293945
jiQWmvaS14llN37DCUox,75,14.563949,120.998221,1785149854831,51.20000076293945
jiQWmvaS14llN37DCUox,76,14.564014,120.99831,1785149856836,51.20000076293945
jiQWmvaS14llN37DCUox,77,14.5640051,120.9983467,1785149858835,51.20000076293945
jiQWmvaS14llN37DCUox,78,14.5639225,120.9983772,1785149860834,51.20000076293945
jiQWmvaS14llN37DCUox,79,14.5637707,120.9984143,1785149862832,51.20000076293945
jiQWmvaS14llN37DCUox,80,14.5636034,120.9984583,1785149864848,51.20000076293945
jiQWmvaS14llN37DCUox,81,14.5634529,120.9984958,1785149866832,51.20000076293945
jiQWmvaS14llN37DCUox,82,14.5633069,120.9985432,1785149868834,51.20000076293945
jiQWmvaS14llN37DCUox,83,14.5631531,120.9985643,1785149870833,68.224
jiQWmvaS14llN37DCUox,84,14.5630027,120.9985741,1785149872843,67.247
jiQWmvaS14llN37DCUox,85,14.5628522,120.9986025,1785149874845,67.879
jiQWmvaS14llN37DCUox,86,14.5626979,120.9986478,1785149876859,68.043
jiQWmvaS14llN37DCUox,87,14.5625568,120.9986876,1785149878855,63.916
jiQWmvaS14llN37DCUox,88,14.5624459,120.9987498,1785149880848,60.835
jiQWmvaS14llN37DCUox,89,14.5623257,120.9988164,1785149882848,54.698
jiQWmvaS14llN37DCUox,90,14.5622283,120.9988784,1785149884841,53.734
jiQWmvaS14llN37DCUox,91,14.5621547,120.9989222,1785149886840,51.93
jiQWmvaS14llN37DCUox,92,14.5620683,120.9989656,1785149888853,48.565
jiQWmvaS14llN37DCUox,93,14.5619645,120.9990397,1785149890854,50.151
jiQWmvaS14llN37DCUox,94,14.5619052,120.9991221,1785149892859,50.928
jiQWmvaS14llN37DCUox,95,14.5618575,120.9992092,1785149894858,49.949
jiQWmvaS14llN37DCUox,96,14.5617804,120.9992964,1785149896851,46.859
jiQWmvaS14llN37DCUox,97,14.5616874,120.9993898,1785149898849,46.695
jiQWmvaS14llN37DCUox,98,14.5616218,120.9994856,1785149900849,43.324
jiQWmvaS14llN37DCUox,99,14.5615631,120.9995667,1785149902856,38.958
jiQWmvaS14llN37DCUox,100,14.561499,120.9996488,1785149904850,37.563
jiQWmvaS14llN37DCUox,101,14.5614391,120.9996946,1785149906872,34.362
jiQWmvaS14llN37DCUox,102,14.5613919,120.9997262,1785149908854,30.966
jiQWmvaS14llN37DCUox,103,14.5613565,120.9997882,1785149910852,30.992
jiQWmvaS14llN37DCUox,104,14.5613217,120.9998742,1785149912852,33.242
jiQWmvaS14llN37DCUox,105,14.5612796,120.9999686,1785149914849,27.684
jiQWmvaS14llN37DCUox,106,14.5612674,121.0001016,1785149916854,15.938
jiQWmvaS14llN37DCUox,107,14.5612448,121.0002733,1785149918857,12.681
jiQWmvaS14llN37DCUox,108,14.5612058,121.0004591,1785149920852,16.087
jiQWmvaS14llN37DCUox,109,14.561181,121.0006128,1785149922850,23.403
jiQWmvaS14llN37DCUox,110,14.5611416,121.0007215,1785149924855,31.567
jiQWmvaS14llN37DCUox,111,14.5610769,121.0007745,1785149926868,38.244
jiQWmvaS14llN37DCUox,112,14.5610115,121.0008216,1785149928858,43.766
jiQWmvaS14llN37DCUox,113,14.5609064,121.0008677,1785149930851,46.783
jiQWmvaS14llN37DCUox,114,14.5607443,121.0009272,1785149932849,50.47
jiQWmvaS14llN37DCUox,115,14.5605931,121.0010081,1785149934850,51.17
jiQWmvaS14llN37DCUox,116,14.5604381,121.0010372,1785149936853,52.516
jiQWmvaS14llN37DCUox,117,14.5603016,121.0010584,1785149938855,53.128
jiQWmvaS14llN37DCUox,118,14.5601646,121.0010589,1785149940860,53.843
jiQWmvaS14llN37DCUox,119,14.5600467,121.0010892,1785149942861,55.214
jiQWmvaS14llN37DCUox,120,14.5599249,121.001111,1785149944866,57.01
jiQWmvaS14llN37DCUox,121,14.5598007,121.0011396,1785149946863,58.691
jiQWmvaS14llN37DCUox,122,14.5596973,121.0011731,1785149948865,59.379
jiQWmvaS14llN37DCUox,123,14.5595983,121.0012073,1785149950866,59.193
jiQWmvaS14llN37DCUox,124,14.559504,121.0012269,1785149952867,56.666
jiQWmvaS14llN37DCUox,125,14.5593691,121.0012519,1785149954874,57.423
jiQWmvaS14llN37DCUox,126,14.5592517,121.0012653,1785149956867,56.863
jiQWmvaS14llN37DCUox,127,14.5591321,121.0013031,1785149958867,55.535
jiQWmvaS14llN37DCUox,128,14.559001,121.0013278,1785149960869,52.9
jiQWmvaS14llN37DCUox,129,14.5588717,121.0013406,1785149962858,50.768
jiQWmvaS14llN37DCUox,130,14.5587307,121.001373,1785149964867,49.4
jiQWmvaS14llN37DCUox,131,14.5585784,121.0014057,1785149966872,48.346
jiQWmvaS14llN37DCUox,132,14.5584096,121.001461,1785149968867,50.446
jiQWmvaS14llN37DCUox,133,14.5582498,121.0015263,1785149970866,51.254
jiQWmvaS14llN37DCUox,134,14.5580766,121.0016036,1785149972868,53.245
jiQWmvaS14llN37DCUox,135,14.5579152,121.0016478,1785149974869,55.719
jiQWmvaS14llN37DCUox,136,14.5577916,121.0016795,1785149976873,55.987
jiQWmvaS14llN37DCUox,137,14.5576888,121.0017104,1785149978870,58.829
jiQWmvaS14llN37DCUox,138,14.5576214,121.0017495,1785149980868,59.615
jiQWmvaS14llN37DCUox,139,14.5576022,121.0018164,1785149982868,58.944
jiQWmvaS14llN37DCUox,140,14.5576334,121.0018905,1785149984861,57.984
jiQWmvaS14llN37DCUox,141,14.5576738,121.0019649,1785149986869,59.736
jiQWmvaS14llN37DCUox,142,14.5577063,121.0020447,1785149988882,59.165
jiQWmvaS14llN37DCUox,143,14.5577425,121.0021545,1785149990871,57.341
jiQWmvaS14llN37DCUox,144,14.5577459,121.0022339,1785149992866,56.285
jiQWmvaS14llN37DCUox,145,14.5577378,121.0022683,1785149994876,56.726
jiQWmvaS14llN37DCUox,146,14.5577381,121.0023032,1785150019866,55.345
jiQWmvaS14llN37DCUox,147,14.5577445,121.0023264,1785150069867,56.48
jiQWmvaS14llN37DCUox,148,14.5577432,121.0023463,1785150073855,56.48
jiQWmvaS14llN37DCUox,149,14.5577417,121.002368,1785150097796,56.48
jiQWmvaS14llN37DCUox,150,14.5577063,121.0023507,1785150101806,57.665
jiQWmvaS14llN37DCUox,151,14.5576906,121.0023224,1785150103811,58.119
jiQWmvaS14llN37DCUox,152,14.5576503,121.0023059,1785150125804,50.70000076293945
jiQWmvaS14llN37DCUox,153,14.5575908,121.0023333,1785150127829,50.70000076293945
jiQWmvaS14llN37DCUox,154,14.5575569,121.0023841,1785150129818,50.70000076293945
jiQWmvaS14llN37DCUox,155,14.5575339,121.0023822,1785150135856,50.70000076293945
jiQWmvaS14llN37DCUox,156,14.5575519,121.0023582,1785150137842,50.70000076293945
jiQWmvaS14llN37DCUox,157,14.5575251,121.0023561,1785150158855,50.70000076293945
jiQWmvaS14llN37DCUox,158,14.5575007,121.0023437,1785150160863,50.70000076293945
jiQWmvaS14llN37DCUox,159,14.5574887,121.0022745,1785150162876,50.70000076293945
jiQWmvaS14llN37DCUox,160,14.5574933,121.0021955,1785150164861,50.70000076293945
jiQWmvaS14llN37DCUox,161,14.5575411,121.0021189,1785150166846,50.70000076293945
jiQWmvaS14llN37DCUox,162,14.557605,121.0020151,1785150168838,50.70000076293945
jiQWmvaS14llN37DCUox,163,14.5576425,121.0018719,1785150170850,50.70000076293945
jiQWmvaS14llN37DCUox,164,14.5576669,121.0017318,1785150172849,50.70000076293945
jiQWmvaS14llN37DCUox,165,14.557753,121.001677,1785150174882,50.70000076293945
jiQWmvaS14llN37DCUox,166,14.5578739,121.0016478,1785150176868,50.70000076293945
jiQWmvaS14llN37DCUox,167,14.5579749,121.0016159,1785150178869,50.70000076293945
jiQWmvaS14llN37DCUox,168,14.5580894,121.0015874,1785150180868,50.70000076293945
jiQWmvaS14llN37DCUox,169,14.558216,121.0015649,1785150182865,50.70000076293945
jiQWmvaS14llN37DCUox,170,14.5583254,121.0015294,1785150184871,50.70000076293945
jiQWmvaS14llN37DCUox,171,14.5584243,121.0015046,1785150186871,50.70000076293945
jiQWmvaS14llN37DCUox,172,14.5585278,121.0014751,1785150188876,50.70000076293945
jiQWmvaS14llN37DCUox,173,14.5586296,121.0014489,1785150190874,50.70000076293945
jiQWmvaS14llN37DCUox,174,14.5587257,121.0014304,1785150192876,50.70000076293945
jiQWmvaS14llN37DCUox,175,14.5588427,121.0014142,1785150194875,50.70000076293945
jiQWmvaS14llN37DCUox,176,14.558948,121.0013889,1785150196879,50.70000076293945
jiQWmvaS14llN37DCUox,177,14.5590542,121.0013538,1785150198873,50.70000076293945
jiQWmvaS14llN37DCUox,178,14.5591623,121.0013244,1785150200880,50.70000076293945
jiQWmvaS14llN37DCUox,179,14.5592821,121.0013094,1785150202876,50.70000076293945
jiQWmvaS14llN37DCUox,180,14.5593738,121.0012784,1785150204874,50.70000076293945
jiQWmvaS14llN37DCUox,181,14.5594545,121.0012509,1785150206908,50.70000076293945
jiQWmvaS14llN37DCUox,182,14.5595554,121.0011941,1785150208867,50.70000076293945
jiQWmvaS14llN37DCUox,183,14.559653,121.0011875,1785150210865,50.70000076293945
jiQWmvaS14llN37DCUox,184,14.559744,121.001184,1785150212865,49.047
jiQWmvaS14llN37DCUox,185,14.5598429,121.001159,1785150214869,47.165
jiQWmvaS14llN37DCUox,186,14.5599441,121.0011392,1785150216864,47.478
jiQWmvaS14llN37DCUox,187,14.5600493,121.001102,1785150218868,48.458
jiQWmvaS14llN37DCUox,188,14.5601563,121.0010645,1785150220863,46.454
jiQWmvaS14llN37DCUox,189,14.5602542,121.0010389,1785150222859,44.831
jiQWmvaS14llN37DCUox,190,14.5603597,121.0010235,1785150224871,45.721
jiQWmvaS14llN37DCUox,191,14.5604816,121.0009991,1785150226863,45.417
jiQWmvaS14llN37DCUox,192,14.5605991,121.0009718,1785150228867,45.011
jiQWmvaS14llN37DCUox,193,14.5607228,121.0009432,1785150230870,44.838
jiQWmvaS14llN37DCUox,194,14.5608422,121.0009076,1785150232868,46.125
jiQWmvaS14llN37DCUox,195,14.5609544,121.0008568,1785150234867,45.571
jiQWmvaS14llN37DCUox,196,14.5610598,121.0008276,1785150236878,47.694
jiQWmvaS14llN37DCUox,197,14.5611691,121.0007833,1785150238867,49.786
jiQWmvaS14llN37DCUox,198,14.5612897,121.0007386,1785150240863,47.938
jiQWmvaS14llN37DCUox,199,14.5614116,121.0006837,1785150242868,47.851
jiQWmvaS14llN37DCUox,200,14.5615315,121.0006143,1785150244860,48.502
jiQWmvaS14llN37DCUox,201,14.561662,121.0005466,1785150246861,50.534
jiQWmvaS14llN37DCUox,202,14.5617777,121.0004889,1785150248864,54.147
jiQWmvaS14llN37DCUox,203,14.5619053,121.0004215,1785150250861,57.173
jiQWmvaS14llN37DCUox,204,14.5620375,121.0003372,1785150252865,60.116
jiQWmvaS14llN37DCUox,205,14.5621554,121.0002515,1785150254865,61.319
jiQWmvaS14llN37DCUox,206,14.5622828,121.0001994,1785150256873,62.639
jiQWmvaS14llN37DCUox,207,14.5623825,121.0001545,1785150258867,62.716
jiQWmvaS14llN37DCUox,208,14.562476,121.0000993,1785150260870,61.625
jiQWmvaS14llN37DCUox,209,14.5625654,121.0000543,1785150262865,60.347
jiQWmvaS14llN37DCUox,210,14.5626539,121.0000169,1785150264867,59.796
jiQWmvaS14llN37DCUox,211,14.5627327,120.999976,1785150266868,61.61
jiQWmvaS14llN37DCUox,212,14.5628169,120.9999345,1785150268864,62.339
jiQWmvaS14llN37DCUox,213,14.5628805,120.9999006,1785150270863,64.932
jiQWmvaS14llN37DCUox,214,14.562955,120.9998554,1785150272865,64.817
jiQWmvaS14llN37DCUox,215,14.5630519,120.9997927,1785150274863,64.09
jiQWmvaS14llN37DCUox,216,14.5631434,120.9997504,1785150276854,64.5
jiQWmvaS14llN37DCUox,217,14.5632341,120.9997071,1785150278845,62.04
jiQWmvaS14llN37DCUox,218,14.5633315,120.9996512,1785150280846,57.838
jiQWmvaS14llN37DCUox,219,14.5634293,120.9995865,1785150282834,55.283
jiQWmvaS14llN37DCUox,220,14.5635204,120.99954,1785150284840,56.429
jiQWmvaS14llN37DCUox,221,14.5636128,120.9994822,1785150286851,59.468
jiQWmvaS14llN37DCUox,222,14.5637197,120.9994246,1785150288844,61.104
jiQWmvaS14llN37DCUox,223,14.5638275,120.9993528,1785150290848,63.81
jiQWmvaS14llN37DCUox,224,14.5639362,120.9992928,1785150292850,63.982
jiQWmvaS14llN37DCUox,225,14.564079,120.9992423,1785150294845,62.823
jiQWmvaS14llN37DCUox,226,14.5642226,120.9992098,1785150296845,58.501
jiQWmvaS14llN37DCUox,227,14.5643301,120.9991563,1785150298860,58.277
jiQWmvaS14llN37DCUox,228,14.5644169,120.9991358,1785150300841,59.533
jiQWmvaS14llN37DCUox,229,14.5644647,120.9991042,1785150302848,60.512
jiQWmvaS14llN37DCUox,230,14.5645112,120.999089,1785150304845,61.337
jiQWmvaS14llN37DCUox,231,14.564581,120.9990661,1785150306849,62.999
jiQWmvaS14llN37DCUox,232,14.5646354,120.9990503,1785150308844,64.701
jiQWmvaS14llN37DCUox,233,14.5647204,120.9990126,1785150310855,66.089
jiQWmvaS14llN37DCUox,234,14.5648204,120.9989566,1785150312855,69.51
jiQWmvaS14llN37DCUox,235,14.5649066,120.9989237,1785150314852,72.181
jiQWmvaS14llN37DCUox,236,14.5649443,120.9988916,1785150316851,72.211
jiQWmvaS14llN37DCUox,237,14.5649975,120.9988345,1785150318846,71.92
jiQWmvaS14llN37DCUox,238,14.5651161,120.998785,1785150320847,72.491
jiQWmvaS14llN37DCUox,239,14.5652011,120.9987089,1785150322847,73.24
jiQWmvaS14llN37DCUox,240,14.5652926,120.9986655,1785150324840,73.577
jiQWmvaS14llN37DCUox,241,14.5653611,120.9986482,1785150326845,71.723
jiQWmvaS14llN37DCUox,242,14.5654203,120.9986226,1785150328844,69.885
jiQWmvaS14llN37DCUox,243,14.5654972,120.9985684,1785150330844,69.284
jiQWmvaS14llN37DCUox,244,14.5655998,120.9985013,1785150332848,67.018
jiQWmvaS14llN37DCUox,245,14.5657046,120.9984541,1785150334852,67.983
jiQWmvaS14llN37DCUox,246,14.5658024,120.998423,1785150336853,65.634
jiQWmvaS14llN37DCUox,247,14.5658905,120.9984018,1785150338844,64.915
jiQWmvaS14llN37DCUox,248,14.5659634,120.9983755,1785150340846,67.322
jiQWmvaS14llN37DCUox,249,14.566016,120.998345,1785150342843,68.203
jiQWmvaS14llN37DCUox,250,14.5660526,120.9983235,1785150344848,67.247
jiQWmvaS14llN37DCUox,251,14.5660855,120.9983116,1785150346852,65.821
jiQWmvaS14llN37DCUox,252,14.566114,120.9982809,1785150348849,64.564
jiQWmvaS14llN37DCUox,253,14.5661157,120.9982406,1785150350842,63.641
jiQWmvaS14llN37DCUox,254,14.5660802,120.9981608,1785150352847,62.445
jiQWmvaS14llN37DCUox,255,14.5660158,120.9981062,1785150354843,59.845
jiQWmvaS14llN37DCUox,256,14.5659588,120.9980512,1785150356846,58.664
jiQWmvaS14llN37DCUox,257,14.5659033,120.9979871,1785150358851,60.075
jiQWmvaS14llN37DCUox,258,14.5658737,120.9978755,1785150360868,60.225
jiQWmvaS14llN37DCUox,259,14.5658228,120.9977529,1785150362849,61.219
jiQWmvaS14llN37DCUox,260,14.5657624,120.9976109,1785150364844,62.837
jiQWmvaS14llN37DCUox,261,14.5657049,120.9974698,1785150366848,62.774
jiQWmvaS14llN37DCUox,262,14.5656561,120.9973617,1785150368846,61.071
jiQWmvaS14llN37DCUox,263,14.565612,120.9972989,1785150370835,58.352
jiQWmvaS14llN37DCUox,264,14.5655842,120.9972253,1785150372844,57.007
jiQWmvaS14llN37DCUox,265,14.5655592,120.9971642,1785150374848,56.952
jiQWmvaS14llN37DCUox,266,14.5655581,120.9971285,1785150376855,58.15
jiQWmvaS14llN37DCUox,267,14.5655571,120.9971004,1785150378857,59.674
jiQWmvaS14llN37DCUox,268,14.5655532,120.9970791,1785150388848,61.727
jiQWmvaS14llN37DCUox,269,14.5655466,120.9970544,1785150397858,61.774
jiQWmvaS14llN37DCUox,270,14.5655554,120.9970292,1785150399848,59.81
jiQWmvaS14llN37DCUox,271,14.565519,120.9969419,1785150401845,60.194
jiQWmvaS14llN37DCUox,272,14.5654827,120.9967799,1785150403840,63.909
jiQWmvaS14llN37DCUox,273,14.5654476,120.9966116,1785150405845,65.244
jiQWmvaS14llN37DCUox,274,14.565371,120.9964501,1785150407838,65.025
jiQWmvaS14llN37DCUox,275,14.5652878,120.9962905,1785150409834,70.513
jiQWmvaS14llN37DCUox,276,14.5651951,120.9961483,1785150411835,73.438
jiQWmvaS14llN37DCUox,277,14.5651013,120.9960234,1785150413843,68.695
jiQWmvaS14llN37DCUox,278,14.5650181,120.9958892,1785150415833,70.113
jiQWmvaS14llN37DCUox,279,14.5649547,120.9957418,1785150417841,69.879
jiQWmvaS14llN37DCUox,280,14.5648927,120.9955832,1785150419846,70.502
jiQWmvaS14llN37DCUox,281,14.5648413,120.995447,1785150421848,68.895
jiQWmvaS14llN37DCUox,282,14.5648171,120.9953161,1785150423842,66.865
jiQWmvaS14llN37DCUox,283,14.5647956,120.9951926,1785150425836,71.423
jiQWmvaS14llN37DCUox,284,14.5647489,120.9951262,1785150427853,71.569
jiQWmvaS14llN37DCUox,285,14.5647097,120.9950407,1785150429844,70.927
jiQWmvaS14llN37DCUox,286,14.5646649,120.9949444,1785150431835,73.119
jiQWmvaS14llN37DCUox,287,14.5646442,120.9948506,1785150433830,74.829
jiQWmvaS14llN37DCUox,288,14.5646152,120.9947764,1785150435832,75.542
jiQWmvaS14llN37DCUox,289,14.5646106,120.9947249,1785150437840,73.964
jiQWmvaS14llN37DCUox,290,14.564583,120.9946898,1785150439834,68.974
jiQWmvaS14llN37DCUox,291,14.5645353,120.9946391,1785150441825,65.819
jiQWmvaS14llN37DCUox,292,14.5645139,120.9946206,1785150449826,64.491
jiQWmvaS14llN37DCUox,293,14.5644899,120.9945705,1785150451826,63.013
jiQWmvaS14llN37DCUox,294,14.5644182,120.9944561,1785150455823,63.65
jiQWmvaS14llN37DCUox,295,14.5643727,120.9943897,1785150457841,55.29999923706055
jiQWmvaS14llN37DCUox,296,14.5643245,120.9943677,1785150459825,55.29999923706055
jmMRQmtIgBrUHyJYMGlP,0,14.5572905,120.9964367,1785080607844,50.59999847412109
jmMRQmtIgBrUHyJYMGlP,1,14.5572819,120.9964031,1785080614888,50.59999847412109
jmMRQmtIgBrUHyJYMGlP,2,14.5573074,120.9963769,1785080620858,50.59999847412109
jmMRQmtIgBrUHyJYMGlP,3,14.5573676,120.9963683,1785080622842,50.59999847412109
jmMRQmtIgBrUHyJYMGlP,4,14.5574748,120.9963533,1785080624854,50.59999847412109
jmMRQmtIgBrUHyJYMGlP,5,14.5576029,120.9963373,1785080626841,50.59999847412109
jmMRQmtIgBrUHyJYMGlP,6,14.5577744,120.9963059,1785080628840,50.59999847412109
jmMRQmtIgBrUHyJYMGlP,7,14.5579699,120.9962701,1785080630832,50.59999847412109
jmMRQmtIgBrUHyJYMGlP,8,14.5581437,120.9962093,1785080632839,50.59999847412109
jmMRQmtIgBrUHyJYMGlP,9,14.5583105,120.9961442,1785080634846,50.59999847412109
jmMRQmtIgBrUHyJYMGlP,10,14.5584847,120.9961266,1785080636835,50.59999847412109
jmMRQmtIgBrUHyJYMGlP,11,14.5586582,120.9960844,1785080638836,50.59999847412109
jmMRQmtIgBrUHyJYMGlP,12,14.5588389,120.9960616,1785080640848,50.59999847412109
jmMRQmtIgBrUHyJYMGlP,13,14.5590177,120.9960412,1785080642854,50.59999847412109
jmMRQmtIgBrUHyJYMGlP,14,14.5591721,120.9960176,1785080644871,50.59999847412109
jmMRQmtIgBrUHyJYMGlP,15,14.559329,120.9960069,1785080646845,50.59999847412109
jmMRQmtIgBrUHyJYMGlP,16,14.5594814,120.9959784,1785080648855,50.59999847412109
jmMRQmtIgBrUHyJYMGlP,17,14.5596272,120.9959627,1785080650861,50.59999847412109
jmMRQmtIgBrUHyJYMGlP,18,14.5597705,120.9959443,1785080652852,50.59999847412109
jmMRQmtIgBrUHyJYMGlP,19,14.5598935,120.9959071,1785080654852,50.59999847412109
jmMRQmtIgBrUHyJYMGlP,20,14.5599972,120.9958822,1785080656844,50.59999847412109
jmMRQmtIgBrUHyJYMGlP,21,14.5601388,120.9958586,1785080658839,50.59999847412109
jmMRQmtIgBrUHyJYMGlP,22,14.5602651,120.9958485,1785080660852,50.59999847412109
jmMRQmtIgBrUHyJYMGlP,23,14.56041,120.9958402,1785080662849,50.59999847412109
jmMRQmtIgBrUHyJYMGlP,24,14.5605373,120.9958488,1785080664842,50.59999847412109
jmMRQmtIgBrUHyJYMGlP,25,14.5606539,120.9958146,1785080666842,50.59999847412109
jmMRQmtIgBrUHyJYMGlP,26,14.5607861,120.9957619,1785080668853,50.59999847412109
jmMRQmtIgBrUHyJYMGlP,27,14.5609308,120.995733,1785080670855,50.59999847412109
jmMRQmtIgBrUHyJYMGlP,28,14.5610718,120.9957181,1785080672849,50.59999847412109
jmMRQmtIgBrUHyJYMGlP,29,14.561232,120.9956785,1785080674853,50.59999847412109
jmMRQmtIgBrUHyJYMGlP,30,14.5613929,120.9956552,1785080676855,50.59999847412109
jmMRQmtIgBrUHyJYMGlP,31,14.5615322,120.9956178,1785080678836,50.59999847412109
jmMRQmtIgBrUHyJYMGlP,32,14.56166,120.9955572,1785080680821,50.59999847412109
jmMRQmtIgBrUHyJYMGlP,33,14.56181,120.9955216,1785080682822,50.59999847412109
jmMRQmtIgBrUHyJYMGlP,34,14.5619345,120.9954646,1785080684820,50.59999847412109
jmMRQmtIgBrUHyJYMGlP,35,14.5620552,120.9954495,1785080686822,50.59999847412109
jmMRQmtIgBrUHyJYMGlP,36,14.5621819,120.9954678,1785080688825,50.59999847412109
jmMRQmtIgBrUHyJYMGlP,37,14.5622823,120.9954845,1785080690826,50.59999847412109
jmMRQmtIgBrUHyJYMGlP,38,14.5623734,120.9954593,1785080692821,50.59999847412109
jmMRQmtIgBrUHyJYMGlP,39,14.5624644,120.9954162,1785080694836,50.59999847412109
jmMRQmtIgBrUHyJYMGlP,40,14.5625082,120.9953583,1785080696837,50.59999847412109
jmMRQmtIgBrUHyJYMGlP,41,14.5625501,120.9953497,1785080698838,50.59999847412109
jmMRQmtIgBrUHyJYMGlP,42,14.5625716,120.9953453,1785080700833,50.59999847412109
jmMRQmtIgBrUHyJYMGlP,43,14.5625965,120.9953389,1785080702849,50.59999847412109
jmMRQmtIgBrUHyJYMGlP,44,14.5626434,120.9953294,1785080706852,50.59999847412109
jmMRQmtIgBrUHyJYMGlP,45,14.5627156,120.9953109,1785080708821,50.59999847412109
jmMRQmtIgBrUHyJYMGlP,46,14.5627869,120.9953657,1785080710821,50.59999847412109
jmMRQmtIgBrUHyJYMGlP,47,14.5628294,120.9955156,1785080712824,50.59999847412109
jmMRQmtIgBrUHyJYMGlP,48,14.5629012,120.9956298,1785080714834,50.59999847412109
jmMRQmtIgBrUHyJYMGlP,49,14.5629583,120.995775,1785080716832,50.59999847412109
jmMRQmtIgBrUHyJYMGlP,50,14.5630111,120.9959073,1785080718833,50.59999847412109
jmMRQmtIgBrUHyJYMGlP,51,14.5630636,120.9960528,1785080720826,50.59999847412109
jmMRQmtIgBrUHyJYMGlP,52,14.5631499,120.9961883,1785080722828,50.59999847412109
jmMRQmtIgBrUHyJYMGlP,53,14.5632173,120.9963266,1785080724836,50.59999847412109
jmMRQmtIgBrUHyJYMGlP,54,14.5632661,120.9964547,1785080726843,50.59999847412109
jmMRQmtIgBrUHyJYMGlP,55,14.5633116,120.9966126,1785080728836,50.59999847412109
jmMRQmtIgBrUHyJYMGlP,56,14.5633567,120.9967728,1785080730830,50.59999847412109
jmMRQmtIgBrUHyJYMGlP,57,14.5634024,120.9969263,1785080732828,50.59999847412109
jmMRQmtIgBrUHyJYMGlP,58,14.5634607,120.9970844,1785080734824,50.59999847412109
jmMRQmtIgBrUHyJYMGlP,59,14.5634838,120.9972316,1785080736828,50.59999847412109
jmMRQmtIgBrUHyJYMGlP,60,14.5635112,120.9973421,1785080738830,50.59999847412109
jmMRQmtIgBrUHyJYMGlP,61,14.5635833,120.997432,1785080740831,50.59999847412109
jmMRQmtIgBrUHyJYMGlP,62,14.5636229,120.9975006,1785080742842,50.59999847412109
jmMRQmtIgBrUHyJYMGlP,63,14.5636687,120.9975604,1785080744839,50.59999847412109
jmMRQmtIgBrUHyJYMGlP,64,14.5637204,120.9976581,1785080746841,86.867
jmMRQmtIgBrUHyJYMGlP,65,14.5637993,120.99778,1785080748849,86.772
jmMRQmtIgBrUHyJYMGlP,66,14.5638731,120.9979241,1785080750847,88.906
jmMRQmtIgBrUHyJYMGlP,67,14.5639465,120.9980496,1785080752848,92.634
jmMRQmtIgBrUHyJYMGlP,68,14.5639846,120.9981473,1785080754853,91.463
jmMRQmtIgBrUHyJYMGlP,69,14.5640184,120.9982275,1785080756846,91.87
jmMRQmtIgBrUHyJYMGlP,70,14.5640512,120.9982752,1785080758860,86.614
jmMRQmtIgBrUHyJYMGlP,71,14.5640818,120.9982881,1785080760865,84.316
jmMRQmtIgBrUHyJYMGlP,72,14.5641237,120.9982743,1785080762855,83.079
jmMRQmtIgBrUHyJYMGlP,73,14.5641989,120.998257,1785080764858,82.039
jmMRQmtIgBrUHyJYMGlP,74,14.5643233,120.9982201,1785080766850,81.82
jmMRQmtIgBrUHyJYMGlP,75,14.564445,120.9981844,1785080768877,81.857
jmMRQmtIgBrUHyJYMGlP,76,14.5645795,120.9981757,1785080770857,81.314
jmMRQmtIgBrUHyJYMGlP,77,14.564653,120.998212,1785080772851,77.782
jmMRQmtIgBrUHyJYMGlP,78,14.5647191,120.998308,1785080774847,77.891
jmMRQmtIgBrUHyJYMGlP,79,14.5647726,120.9984174,1785080776846,78.291
jmMRQmtIgBrUHyJYMGlP,80,14.5648374,120.9985427,1785080778852,77.118
jmMRQmtIgBrUHyJYMGlP,81,14.5648943,120.9986577,1785080780861,73.269
jmMRQmtIgBrUHyJYMGlP,82,14.5649375,120.9987512,1785080782855,65.612
jmMRQmtIgBrUHyJYMGlP,83,14.564974,120.9988301,1785080784860,60.277
jmMRQmtIgBrUHyJYMGlP,84,14.5650269,120.9989062,1785080786859,59.842
jmMRQmtIgBrUHyJYMGlP,85,14.5650928,120.9990396,1785080788854,60.658
jmMRQmtIgBrUHyJYMGlP,86,14.5651564,120.9991848,1785080790855,64.693
jmMRQmtIgBrUHyJYMGlP,87,14.5652183,120.9993294,1785080792856,64.439
jmMRQmtIgBrUHyJYMGlP,88,14.5652541,120.9994349,1785080794858,64.501
jmMRQmtIgBrUHyJYMGlP,89,14.5652799,120.9994959,1785080796859,60.559
jmMRQmtIgBrUHyJYMGlP,90,14.5653081,120.9995554,1785080798851,61.261
jmMRQmtIgBrUHyJYMGlP,91,14.5653498,120.9996876,1785080800859,62.81
jmMRQmtIgBrUHyJYMGlP,92,14.5654188,120.9998414,1785080802846,64.733
jmMRQmtIgBrUHyJYMGlP,93,14.5654829,120.9999737,1785080804843,65.995
jmMRQmtIgBrUHyJYMGlP,94,14.5655453,121.0000917,1785080806842,67.559
jmMRQmtIgBrUHyJYMGlP,95,14.5655954,121.0001425,1785080808848,66.188
jmMRQmtIgBrUHyJYMGlP,96,14.5656102,121.000176,1785080810854,64.414
jmMRQmtIgBrUHyJYMGlP,97,14.5656406,121.0002561,1785080812855,64.254
jmMRQmtIgBrUHyJYMGlP,98,14.5656979,121.0003638,1785080814851,64.782
jmMRQmtIgBrUHyJYMGlP,99,14.5657704,121.0004766,1785080816851,65.25
jmMRQmtIgBrUHyJYMGlP,100,14.5658245,121.0005956,1785080818851,62.633
jmMRQmtIgBrUHyJYMGlP,101,14.5658976,121.0006811,1785080820850,63.586
jmMRQmtIgBrUHyJYMGlP,102,14.5659094,121.0007122,1785080822856,64.286
jmMRQmtIgBrUHyJYMGlP,103,14.5659252,121.0007498,1785080824861,64.286
jmMRQmtIgBrUHyJYMGlP,104,14.5659466,121.0007431,1785080826862,62.539
jmMRQmtIgBrUHyJYMGlP,105,14.5660327,121.0007093,1785080828852,64.454
jmMRQmtIgBrUHyJYMGlP,106,14.5661344,121.0006527,1785080830870,65.246
jmMRQmtIgBrUHyJYMGlP,107,14.5662519,121.0005691,1785080832851,66.796
jmMRQmtIgBrUHyJYMGlP,108,14.5663827,121.0004841,1785080834843,69.349
jmMRQmtIgBrUHyJYMGlP,109,14.5665314,121.0004256,1785080836856,70.121
jmMRQmtIgBrUHyJYMGlP,110,14.5666719,121.0003673,1785080838858,71.263
jmMRQmtIgBrUHyJYMGlP,111,14.5668066,121.0003138,1785080840860,68.836
jmMRQmtIgBrUHyJYMGlP,112,14.5669082,121.0002595,1785080842852,62.543
jmMRQmtIgBrUHyJYMGlP,113,14.5669839,121.0002321,1785080844851,58.802
jmMRQmtIgBrUHyJYMGlP,114,14.5670439,121.0002866,1785080846856,58.093
jmMRQmtIgBrUHyJYMGlP,115,14.5671237,121.0004267,1785080848861,58.924
jmMRQmtIgBrUHyJYMGlP,116,14.5672084,121.0005822,1785080850860,60.488
jmMRQmtIgBrUHyJYMGlP,117,14.5672813,121.0007394,1785080852862,62.103
jmMRQmtIgBrUHyJYMGlP,118,14.5673537,121.0008938,1785080854858,65.291
jmMRQmtIgBrUHyJYMGlP,119,14.5674099,121.001033,1785080856860,66.153
jmMRQmtIgBrUHyJYMGlP,120,14.5674571,121.0011389,1785080858855,66.271
jmMRQmtIgBrUHyJYMGlP,121,14.5675146,121.0011589,1785080860850,64.937
jmMRQmtIgBrUHyJYMGlP,122,14.5675668,121.0011477,1785080862848,62.679
jmMRQmtIgBrUHyJYMGlP,123,14.5676523,121.0010851,1785080864841,51.39999771118164
jmMRQmtIgBrUHyJYMGlP,124,14.5677981,121.0010146,1785080866832,51.39999771118164
jmMRQmtIgBrUHyJYMGlP,125,14.5679113,121.0009551,1785080868838,51.39999771118164
jmMRQmtIgBrUHyJYMGlP,126,14.5679731,121.0009009,1785080870843,51.39999771118164
jmMRQmtIgBrUHyJYMGlP,127,14.5680339,121.0008673,1785080872853,51.39999771118164
jmMRQmtIgBrUHyJYMGlP,128,14.5681461,121.0008098,1785080874852,51.39999771118164
jmMRQmtIgBrUHyJYMGlP,129,14.568276,121.0007518,1785080876859,51.39999771118164
jmMRQmtIgBrUHyJYMGlP,130,14.5683754,121.0007055,1785080878856,51.39999771118164
jmMRQmtIgBrUHyJYMGlP,131,14.5684258,121.0006603,1785080880855,51.39999771118164
jmMRQmtIgBrUHyJYMGlP,132,14.568507,121.0006079,1785080882846,51.39999771118164
jmMRQmtIgBrUHyJYMGlP,133,14.5686317,121.0005473,1785080884853,51.39999771118164
jmMRQmtIgBrUHyJYMGlP,134,14.5687524,121.0004942,1785080886844,51.39999771118164
jmMRQmtIgBrUHyJYMGlP,135,14.5688108,121.0004818,1785080888845,51.39999771118164
jmMRQmtIgBrUHyJYMGlP,136,14.5688565,121.0004482,1785080890852,51.39999771118164
jmMRQmtIgBrUHyJYMGlP,137,14.5689325,121.0004205,1785080892864,51.39999771118164
jmMRQmtIgBrUHyJYMGlP,138,14.5690013,121.0003999,1785080894853,51.39999771118164
jmMRQmtIgBrUHyJYMGlP,139,14.5690727,121.0003485,1785080896857,51.39999771118164
jmMRQmtIgBrUHyJYMGlP,140,14.5691224,121.0003173,1785080898869,51.39999771118164
jmMRQmtIgBrUHyJYMGlP,141,14.5691461,121.0003087,1785080900863,51.39999771118164
jmMRQmtIgBrUHyJYMGlP,142,14.5691716,121.0002979,1785080904863,51.39999771118164
jmMRQmtIgBrUHyJYMGlP,143,14.5692004,121.0002778,1785080910864,51.39999771118164
jmMRQmtIgBrUHyJYMGlP,144,14.569217,121.000265,1785080912866,51.39999771118164
jmMRQmtIgBrUHyJYMGlP,145,14.5692475,121.0002603,1785080914863,51.39999771118164
jmMRQmtIgBrUHyJYMGlP,146,14.5692914,121.0002534,1785080916852,51.39999771118164
jmMRQmtIgBrUHyJYMGlP,147,14.5693584,121.0002281,1785080918843,51.39999771118164
jmMRQmtIgBrUHyJYMGlP,148,14.5694883,121.0001831,1785080920845,51.39999771118164
jmMRQmtIgBrUHyJYMGlP,149,14.5696347,121.0001148,1785080922837,51.39999771118164
jmMRQmtIgBrUHyJYMGlP,150,14.5697236,121.0000475,1785080924838,51.39999771118164
jmMRQmtIgBrUHyJYMGlP,151,14.5697971,120.9999892,1785080926838,51.39999771118164
jmMRQmtIgBrUHyJYMGlP,152,14.5699078,120.9999362,1785080928851,51.39999771118164
jmMRQmtIgBrUHyJYMGlP,153,14.5700096,120.9999091,1785080930831,51.39999771118164
jmMRQmtIgBrUHyJYMGlP,154,14.5701228,120.9998685,1785080932831,51.39999771118164
jmMRQmtIgBrUHyJYMGlP,155,14.5702005,120.9998277,1785080934834,51.39999771118164
jmMRQmtIgBrUHyJYMGlP,156,14.5703151,120.9997468,1785080936829,51.39999771118164
jmMRQmtIgBrUHyJYMGlP,157,14.5703983,120.999704,1785080938832,51.39999771118164
jmMRQmtIgBrUHyJYMGlP,158,14.5704637,120.9996742,1785080940831,51.39999771118164
jmMRQmtIgBrUHyJYMGlP,159,14.5705188,120.9996491,1785080942846,51.39999771118164
jmMRQmtIgBrUHyJYMGlP,160,14.5704505,120.9995312,1785080944853,51.39999771118164
jmMRQmtIgBrUHyJYMGlP,161,14.570334,120.9994274,1785080946850,51.39999771118164
jmMRQmtIgBrUHyJYMGlP,162,14.5702316,120.9993956,1785080948852,51.39999771118164
jmMRQmtIgBrUHyJYMGlP,163,14.5701675,120.9994234,1785080950848,51.39999771118164
jmMRQmtIgBrUHyJYMGlP,164,14.5700849,120.9994555,1785080952846,51.39999771118164
jmMRQmtIgBrUHyJYMGlP,165,14.5700279,120.9994909,1785080954871,51.39999771118164
jmMRQmtIgBrUHyJYMGlP,166,14.5699699,120.9995198,1785080956849,51.39999771118164
jmMRQmtIgBrUHyJYMGlP,167,14.5699183,120.9995469,1785080958850,51.39999771118164
jmMRQmtIgBrUHyJYMGlP,168,14.5698649,120.999569,1785080962851,51.39999771118164
jmMRQmtIgBrUHyJYMGlP,169,14.569827,120.9995918,1785080964850,51.39999771118164
jmMRQmtIgBrUHyJYMGlP,170,14.569798,120.9996139,1785080966859,51.39999771118164
jmMRQmtIgBrUHyJYMGlP,171,14.5697803,120.9996206,1785080968881,51.39999771118164
jmMRQmtIgBrUHyJYMGlP,172,14.5697584,120.9996129,1785080973844,51.39999771118164
jmMRQmtIgBrUHyJYMGlP,173,14.5697137,120.9996234,1785080975843,51.39999771118164
jmMRQmtIgBrUHyJYMGlP,174,14.569666,120.9996373,1785080977832,51.39999771118164
jmMRQmtIgBrUHyJYMGlP,175,14.569617,120.9996531,1785080979850,51.39999771118164
jmMRQmtIgBrUHyJYMGlP,176,14.5695626,120.9996749,1785080981839,51.39999771118164
jmMRQmtIgBrUHyJYMGlP,177,14.569527,120.999703,1785080983852,51.39999771118164
jmMRQmtIgBrUHyJYMGlP,178,14.5695057,120.9997361,1785080985846,51.39999771118164
jmMRQmtIgBrUHyJYMGlP,179,14.5694821,120.9997782,1785080987852,51.39999771118164
jmMRQmtIgBrUHyJYMGlP,180,14.5694405,120.9998051,1785080989866,51.39999771118164
jmMRQmtIgBrUHyJYMGlP,181,14.5693809,120.9998371,1785080991844,51.39999771118164
jmMRQmtIgBrUHyJYMGlP,182,14.569348,120.9998666,1785080993845,51.39999771118164
jmMRQmtIgBrUHyJYMGlP,183,14.569318,120.9998917,1785080995858,51.39999771118164
jmMRQmtIgBrUHyJYMGlP,184,14.5692815,120.999918,1785080997860,51.39999771118164
jmMRQmtIgBrUHyJYMGlP,185,14.5692496,120.9999163,1785080999871,51.39999771118164
jmMRQmtIgBrUHyJYMGlP,186,14.5692282,120.9999013,1785081001864,51.39999771118164
jmMRQmtIgBrUHyJYMGlP,187,14.5691998,120.9999065,1785081007863,42.847
jmMRQmtIgBrUHyJYMGlP,188,14.5691717,120.999932,1785081009859,41.344
jmMRQmtIgBrUHyJYMGlP,189,14.5691516,120.9999232,1785081023847,41.429
oH4wwFa6BEipVvZqJyLG,0,14.4403759,121.0002337,1785074267295,64.70000457763672
oH4wwFa6BEipVvZqJyLG,1,14.4403551,121.0002548,1785074273324,64.70000457763672
oH4wwFa6BEipVvZqJyLG,2,14.4403347,121.0003026,1785074275312,64.70000457763672
oH4wwFa6BEipVvZqJyLG,3,14.4402538,121.0004345,1785074277370,64.70000457763672
oH4wwFa6BEipVvZqJyLG,4,14.4401973,121.000568,1785074279386,64.70000457763672
oH4wwFa6BEipVvZqJyLG,5,14.4401131,121.0007137,1785074281372,64.70000457763672
oH4wwFa6BEipVvZqJyLG,6,14.4400199,121.0008802,1785074283340,64.70000457763672
oH4wwFa6BEipVvZqJyLG,7,14.43993,121.0010309,1785074285346,64.70000457763672
oH4wwFa6BEipVvZqJyLG,8,14.4398372,121.0012148,1785074287356,64.70000457763672
oH4wwFa6BEipVvZqJyLG,9,14.4397219,121.0014217,1785074289355,64.70000457763672
oH4wwFa6BEipVvZqJyLG,10,14.4396101,121.0016262,1785074291377,64.70000457763672
oH4wwFa6BEipVvZqJyLG,11,14.4394973,121.0018251,1785074293354,64.70000457763672
oH4wwFa6BEipVvZqJyLG,12,14.4394085,121.0020277,1785074295338,64.70000457763672
oH4wwFa6BEipVvZqJyLG,13,14.4393198,121.0022458,1785074297361,64.70000457763672
oH4wwFa6BEipVvZqJyLG,14,14.4392116,121.0024484,1785074299353,64.70000457763672
oH4wwFa6BEipVvZqJyLG,15,14.4391125,121.0026157,1785074301376,64.70000457763672
oH4wwFa6BEipVvZqJyLG,16,14.439016,121.0027856,1785074303348,64.70000457763672
oH4wwFa6BEipVvZqJyLG,17,14.4389282,121.0029522,1785074305362,64.70000457763672
oH4wwFa6BEipVvZqJyLG,18,14.4388363,121.0031182,1785074307351,64.70000457763672
oH4wwFa6BEipVvZqJyLG,19,14.4387378,121.0032936,1785074309385,64.70000457763672
oH4wwFa6BEipVvZqJyLG,20,14.4386439,121.0034503,1785074311388,64.70000457763672
oH4wwFa6BEipVvZqJyLG,21,14.4385505,121.0036171,1785074313376,64.70000457763672
oH4wwFa6BEipVvZqJyLG,22,14.4384611,121.0037897,1785074315398,64.70000457763672
oH4wwFa6BEipVvZqJyLG,23,14.438367,121.0039535,1785074317383,64.70000457763672
oH4wwFa6BEipVvZqJyLG,24,14.4382733,121.004118,1785074319376,64.70000457763672
oH4wwFa6BEipVvZqJyLG,25,14.4381797,121.0042931,1785074321351,64.70000457763672
oH4wwFa6BEipVvZqJyLG,26,14.438084,121.0044604,1785074323411,64.70000457763672
oH4wwFa6BEipVvZqJyLG,27,14.4380004,121.0046161,1785074325399,64.70000457763672
oH4wwFa6BEipVvZqJyLG,28,14.4379176,121.0047781,1785074327416,64.70000457763672
oH4wwFa6BEipVvZqJyLG,29,14.4378332,121.004929,1785074329358,64.70000457763672
oH4wwFa6BEipVvZqJyLG,30,14.4377555,121.0050676,1785074331382,64.70000457763672
oH4wwFa6BEipVvZqJyLG,31,14.4376809,121.005206,1785074333377,64.70000457763672
oH4wwFa6BEipVvZqJyLG,32,14.4376097,121.0053312,1785074335371,64.70000457763672
oH4wwFa6BEipVvZqJyLG,33,14.4375505,121.0054287,1785074337401,64.70000457763672
oH4wwFa6BEipVvZqJyLG,34,14.4375088,121.005508,1785074339355,64.70000457763672
oH4wwFa6BEipVvZqJyLG,35,14.4374665,121.0055686,1785074341355,64.70000457763672
oH4wwFa6BEipVvZqJyLG,36,14.4374355,121.0056103,1785074343392,64.70000457763672
oH4wwFa6BEipVvZqJyLG,37,14.437425,121.005641,1785074345351,64.70000457763672
oH4wwFa6BEipVvZqJyLG,38,14.4373952,121.0056918,1785074347365,68.5999984741211
oH4wwFa6BEipVvZqJyLG,39,14.4373634,121.0057596,1785074349388,68.5999984741211
oH4wwFa6BEipVvZqJyLG,40,14.4373229,121.0058451,1785074351370,68.5999984741211
oH4wwFa6BEipVvZqJyLG,41,14.4372643,121.0059593,1785074353398,68.5999984741211
oH4wwFa6BEipVvZqJyLG,42,14.4372119,121.0060603,1785074355359,68.5999984741211
oH4wwFa6BEipVvZqJyLG,43,14.4371549,121.0061563,1785074357370,68.5999984741211
oH4wwFa6BEipVvZqJyLG,44,14.4371002,121.0062573,1785074359363,68.5999984741211
oH4wwFa6BEipVvZqJyLG,45,14.4370576,121.0063434,1785074361357,68.5999984741211
oH4wwFa6BEipVvZqJyLG,46,14.4370392,121.0063794,1785074363364,68.5999984741211
oH4wwFa6BEipVvZqJyLG,47,14.4370233,121.0064036,1785074365375,69.5
oH4wwFa6BEipVvZqJyLG,48,14.4370063,121.0064446,1785074367355,69.5
oH4wwFa6BEipVvZqJyLG,49,14.4369779,121.0064984,1785074369354,69.5
oH4wwFa6BEipVvZqJyLG,50,14.4369463,121.0065576,1785074371347,69.5
oH4wwFa6BEipVvZqJyLG,51,14.4369042,121.0066263,1785074373354,69.5
oH4wwFa6BEipVvZqJyLG,52,14.4368643,121.0067056,1785074375358,69.5
oH4wwFa6BEipVvZqJyLG,53,14.4368371,121.006765,1785074377289,69.5
oH4wwFa6BEipVvZqJyLG,54,14.4367737,121.0067584,1785074379286,69.5
oH4wwFa6BEipVvZqJyLG,55,14.4366784,121.0067337,1785074381278,69.5
oH4wwFa6BEipVvZqJyLG,56,14.4366187,121.006701,1785074383282,69.5
oH4wwFa6BEipVvZqJyLG,57,14.4365822,121.0066918,1785074385282,69.5
oH4wwFa6BEipVvZqJyLG,58,14.4365307,121.0066598,1785074387290,69.5
oH4wwFa6BEipVvZqJyLG,59,14.4364558,121.0066276,1785074389293,69.5
oH4wwFa6BEipVvZqJyLG,60,14.4363809,121.0065875,1785074391300,69.5
oH4wwFa6BEipVvZqJyLG,61,14.4362962,121.0065329,1785074393301,69.69999694824219
oH4wwFa6BEipVvZqJyLG,62,14.4362204,121.0064989,1785074395298,69.69999694824219
oH4wwFa6BEipVvZqJyLG,63,14.4361359,121.0064619,1785074397312,69.69999694824219
oH4wwFa6BEipVvZqJyLG,64,14.4360645,121.0064132,1785074399293,69.69999694824219
oH4wwFa6BEipVvZqJyLG,65,14.4359906,121.0063719,1785074401317,69.69999694824219
oH4wwFa6BEipVvZqJyLG,66,14.4359026,121.0063318,1785074403309,67.19999694824219
oH4wwFa6BEipVvZqJyLG,67,14.4358206,121.006291,1785074405281,67.19999694824219
oH4wwFa6BEipVvZqJyLG,68,14.4357253,121.0062379,1785074407329,67.19999694824219
oH4wwFa6BEipVvZqJyLG,69,14.4356126,121.0061722,1785074409302,67.19999694824219
oH4wwFa6BEipVvZqJyLG,70,14.4354974,121.006102,1785074411291,67.19999694824219
oH4wwFa6BEipVvZqJyLG,71,14.4353645,121.0060168,1785074413330,67.19999694824219
oH4wwFa6BEipVvZqJyLG,72,14.4352237,121.0059371,1785074415310,67.19999694824219
oH4wwFa6BEipVvZqJyLG,73,14.4350683,121.0058457,1785074417313,67.19999694824219
oH4wwFa6BEipVvZqJyLG,74,14.4348968,121.0057613,1785074419321,67.19999694824219
oH4wwFa6BEipVvZqJyLG,75,14.4347307,121.0056792,1785074421286,67.19999694824219
oH4wwFa6BEipVvZqJyLG,76,14.4345769,121.0056067,1785074423305,67.19999694824219
oH4wwFa6BEipVvZqJyLG,77,14.4344556,121.0055464,1785074425292,67.19999694824219
oH4wwFa6BEipVvZqJyLG,78,14.4343283,121.0054807,1785074427303,67.19999694824219
oH4wwFa6BEipVvZqJyLG,79,14.4342128,121.0054195,1785074429312,67.19999694824219
oH4wwFa6BEipVvZqJyLG,80,14.4340963,121.0053547,1785074431333,67.19999694824219
oH4wwFa6BEipVvZqJyLG,81,14.4339762,121.005288,1785074433290,67.19999694824219
oH4wwFa6BEipVvZqJyLG,82,14.4338565,121.0052346,1785074435298,67.19999694824219
oH4wwFa6BEipVvZqJyLG,83,14.4337422,121.0051896,1785074437302,67.19999694824219
oH4wwFa6BEipVvZqJyLG,84,14.4336248,121.0051297,1785074439285,67.19999694824219
oH4wwFa6BEipVvZqJyLG,85,14.433491,121.0050641,1785074441284,67.19999694824219
oH4wwFa6BEipVvZqJyLG,86,14.4333546,121.0050114,1785074443281,67.19999694824219
oH4wwFa6BEipVvZqJyLG,87,14.433257,121.0049711,1785074445298,67.19999694824219
oH4wwFa6BEipVvZqJyLG,88,14.4331454,121.0049247,1785074447286,67.19999694824219
oH4wwFa6BEipVvZqJyLG,89,14.4330311,121.0048691,1785074449283,67.19999694824219
oH4wwFa6BEipVvZqJyLG,90,14.432915,121.0048148,1785074451290,67.19999694824219
oH4wwFa6BEipVvZqJyLG,91,14.4328072,121.0047609,1785074453283,67.19999694824219
oH4wwFa6BEipVvZqJyLG,92,14.4326812,121.0046811,1785074455319,67.19999694824219
oH4wwFa6BEipVvZqJyLG,93,14.4325465,121.0046231,1785074457345,67.19999694824219
oH4wwFa6BEipVvZqJyLG,94,14.432363,121.004544,1785074459329,67.19999694824219
oH4wwFa6BEipVvZqJyLG,95,14.4321437,121.0044616,1785074461302,67.19999694824219
oH4wwFa6BEipVvZqJyLG,96,14.4319206,121.0043479,1785074463295,67.19999694824219
oH4wwFa6BEipVvZqJyLG,97,14.4317099,121.0042367,1785074465320,67.19999694824219
oH4wwFa6BEipVvZqJyLG,98,14.4315008,121.0041231,1785074467296,67.19999694824219
oH4wwFa6BEipVvZqJyLG,99,14.4312651,121.0040048,1785074469309,67.19999694824219
oH4wwFa6BEipVvZqJyLG,100,14.4310414,121.0039009,1785074471330,67.19999694824219
oH4wwFa6BEipVvZqJyLG,101,14.4308734,121.0038167,1785074473332,67.19999694824219
oH4wwFa6BEipVvZqJyLG,102,14.4307258,121.003744,1785074475326,67.19999694824219
oH4wwFa6BEipVvZqJyLG,103,14.4306146,121.0036899,1785074477331,67.19999694824219
oH4wwFa6BEipVvZqJyLG,104,14.4305165,121.0036481,1785074479313,67.19999694824219
oH4wwFa6BEipVvZqJyLG,105,14.4303954,121.0035799,1785074481329,67.19999694824219
oH4wwFa6BEipVvZqJyLG,106,14.4302506,121.0035017,1785074483291,67.19999694824219
oH4wwFa6BEipVvZqJyLG,107,14.4300909,121.0034206,1785074485318,67.19999694824219
oH4wwFa6BEipVvZqJyLG,108,14.4299402,121.0033517,1785074487334,80.0
oH4wwFa6BEipVvZqJyLG,109,14.4298297,121.0032938,1785074489309,80.0
oH4wwFa6BEipVvZqJyLG,110,14.4297028,121.003254,1785074491286,80.0
oH4wwFa6BEipVvZqJyLG,111,14.4295636,121.0031892,1785074493295,80.0
oH4wwFa6BEipVvZqJyLG,112,14.42943,121.0031149,1785074495325,80.0
oH4wwFa6BEipVvZqJyLG,113,14.4292639,121.0030359,1785074497281,80.0
oH4wwFa6BEipVvZqJyLG,114,14.4291221,121.0029718,1785074499329,80.0
oH4wwFa6BEipVvZqJyLG,115,14.4290071,121.0029156,1785074501321,80.0
oH4wwFa6BEipVvZqJyLG,116,14.428887,121.002858,1785074503284,79.0
oH4wwFa6BEipVvZqJyLG,117,14.4287699,121.0027988,1785074505317,80.0
oH4wwFa6BEipVvZqJyLG,118,14.4286549,121.0027507,1785074507319,81.0
oH4wwFa6BEipVvZqJyLG,119,14.4285582,121.0027184,1785074509314,81.0
oH4wwFa6BEipVvZqJyLG,120,14.4284376,121.0026646,1785074511329,80.0
oH4wwFa6BEipVvZqJyLG,121,14.428302,121.0026197,1785074513305,80.0
oH4wwFa6BEipVvZqJyLG,122,14.4281654,121.0025795,1785074515315,81.0
oH4wwFa6BEipVvZqJyLG,123,14.4280393,121.0025334,1785074517322,81.0
oH4wwFa6BEipVvZqJyLG,124,14.4279437,121.0025013,1785074519292,80.0
oH4wwFa6BEipVvZqJyLG,125,14.4278613,121.0024848,1785074521322,80.0
oH4wwFa6BEipVvZqJyLG,126,14.4277782,121.0024673,1785074523323,79.0
oH4wwFa6BEipVvZqJyLG,127,14.4276944,121.0024368,1785074525283,80.0
oH4wwFa6BEipVvZqJyLG,128,14.4276256,121.0024123,1785074527329,81.0
oH4wwFa6BEipVvZqJyLG,129,14.4275374,121.0023758,1785074529315,80.0
oH4wwFa6BEipVvZqJyLG,130,14.427466,121.0023442,1785074531311,81.0
oH4wwFa6BEipVvZqJyLG,131,14.4274123,121.0023348,1785074533315,80.0
oH4wwFa6BEipVvZqJyLG,132,14.4273814,121.0023265,1785074535156,80.0
oH4wwFa6BEipVvZqJyLG,133,14.4273529,121.0023174,1785074537303,80.0
oH4wwFa6BEipVvZqJyLG,134,14.4273316,121.0023124,1785074539309,80.0
oH4wwFa6BEipVvZqJyLG,135,14.4273086,121.0023069,1785074541878,80.0
oH4wwFa6BEipVvZqJyLG,136,14.427256,121.0022908,1785074544315,74.69999694824219
oH4wwFa6BEipVvZqJyLG,137,14.4272091,121.002274,1785074546338,74.69999694824219
oH4wwFa6BEipVvZqJyLG,138,14.4270231,121.0022458,1785074548320,74.69999694824219
oH4wwFa6BEipVvZqJyLG,139,14.4268717,121.0022138,1785074550328,74.69999694824219
oH4wwFa6BEipVvZqJyLG,140,14.4267016,121.002158,1785074552321,74.69999694824219
oH4wwFa6BEipVvZqJyLG,141,14.4265198,121.0021002,1785074554326,74.69999694824219
oH4wwFa6BEipVvZqJyLG,142,14.4263477,121.0020514,1785074556318,74.69999694824219
oH4wwFa6BEipVvZqJyLG,143,14.426163,121.0019792,1785074558333,74.69999694824219
oH4wwFa6BEipVvZqJyLG,144,14.4260048,121.001872,1785074560317,74.69999694824219
oH4wwFa6BEipVvZqJyLG,145,14.4258752,121.0017338,1785074562293,74.69999694824219
oH4wwFa6BEipVvZqJyLG,146,14.4257528,121.001606,1785074564322,74.69999694824219
oH4wwFa6BEipVvZqJyLG,147,14.4255979,121.0014586,1785074566326,74.69999694824219
oH4wwFa6BEipVvZqJyLG,148,14.4254187,121.001297,1785074568337,74.69999694824219
oH4wwFa6BEipVvZqJyLG,149,14.4252556,121.0011466,1785074570327,74.69999694824219
oH4wwFa6BEipVvZqJyLG,150,14.4251031,121.0009956,1785074572309,74.69999694824219
oH4wwFa6BEipVvZqJyLG,151,14.424984,121.0008501,1785074574323,74.69999694824219
oH4wwFa6BEipVvZqJyLG,152,14.4248873,121.0006837,1785074576313,74.69999694824219
oH4wwFa6BEipVvZqJyLG,153,14.4247831,121.0004755,1785074578321,74.69999694824219
oH4wwFa6BEipVvZqJyLG,154,14.4246869,121.0002795,1785074580346,74.69999694824219
oH4wwFa6BEipVvZqJyLG,155,14.424602,121.0000949,1785074582309,74.69999694824219
oH4wwFa6BEipVvZqJyLG,156,14.4245104,120.9999034,1785074584311,74.69999694824219
oH4wwFa6BEipVvZqJyLG,157,14.4244248,120.9997311,1785074586311,74.69999694824219
oH4wwFa6BEipVvZqJyLG,158,14.4243452,120.999576,1785074588300,74.69999694824219
oH4wwFa6BEipVvZqJyLG,159,14.4242784,120.9994515,1785074590313,74.69999694824219
oH4wwFa6BEipVvZqJyLG,160,14.4242113,120.9993206,1785074592296,74.69999694824219
oH4wwFa6BEipVvZqJyLG,161,14.4241332,120.9991889,1785074594276,74.69999694824219
oH4wwFa6BEipVvZqJyLG,162,14.4240632,120.9990614,1785074596291,74.69999694824219
oH4wwFa6BEipVvZqJyLG,163,14.424001,120.998965,1785074598308,74.69999694824219
oH4wwFa6BEipVvZqJyLG,164,14.4239393,120.9989113,1785074600325,74.69999694824219
oH4wwFa6BEipVvZqJyLG,165,14.4238587,120.9988367,1785074602349,74.69999694824219
oH4wwFa6BEipVvZqJyLG,166,14.4237597,120.9987204,1785074604321,74.69999694824219
oH4wwFa6BEipVvZqJyLG,167,14.4236481,120.9985857,1785074606280,74.69999694824219
oH4wwFa6BEipVvZqJyLG,168,14.423527,120.9984366,1785074608278,74.69999694824219
oH4wwFa6BEipVvZqJyLG,169,14.4233977,120.9982814,1785074610313,74.69999694824219
oH4wwFa6BEipVvZqJyLG,170,14.4232573,120.9981426,1785074612312,74.69999694824219
oH4wwFa6BEipVvZqJyLG,171,14.4231348,120.9980219,1785074614326,74.69999694824219
oH4wwFa6BEipVvZqJyLG,172,14.4230101,120.9978857,1785074616330,74.69999694824219
oH4wwFa6BEipVvZqJyLG,173,14.4228799,120.9977391,1785074618325,74.69999694824219
oH4wwFa6BEipVvZqJyLG,174,14.4227434,120.9975768,1785074620312,74.69999694824219
oH4wwFa6BEipVvZqJyLG,175,14.4225848,120.9974119,1785074622329,74.69999694824219
oH4wwFa6BEipVvZqJyLG,176,14.4224381,120.9972364,1785074624317,74.69999694824219
oH4wwFa6BEipVvZqJyLG,177,14.4222957,120.9970827,1785074626332,74.69999694824219
oH4wwFa6BEipVvZqJyLG,178,14.4221784,120.9969598,1785074628314,74.69999694824219
oH4wwFa6BEipVvZqJyLG,179,14.422062,120.9968272,1785074630282,74.69999694824219
oH4wwFa6BEipVvZqJyLG,180,14.421931,120.9966907,1785074632306,77.0
oH4wwFa6BEipVvZqJyLG,181,14.4218104,120.9965579,1785074634299,78.0
oH4wwFa6BEipVvZqJyLG,182,14.421689,120.9964192,1785074636294,77.0
oH4wwFa6BEipVvZqJyLG,183,14.4215673,120.9962866,1785074638316,77.0
oH4wwFa6BEipVvZqJyLG,184,14.4214573,120.9961538,1785074640316,77.0
oH4wwFa6BEipVvZqJyLG,185,14.4213369,120.9960291,1785074642315,78.0
oH4wwFa6BEipVvZqJyLG,186,14.4212078,120.9958885,1785074644308,79.0
oH4wwFa6BEipVvZqJyLG,187,14.42107,120.9957253,1785074646328,79.0
oH4wwFa6BEipVvZqJyLG,188,14.4209402,120.9955825,1785074648292,78.0
oH4wwFa6BEipVvZqJyLG,189,14.4208235,120.9954548,1785074650318,77.0
oH4wwFa6BEipVvZqJyLG,190,14.4207285,120.9953782,1785074652316,77.0
oH4wwFa6BEipVvZqJyLG,191,14.4206444,120.9953796,1785074654314,78.0
oH4wwFa6BEipVvZqJyLG,192,14.42055,120.9954477,1785074656310,78.0
oH4wwFa6BEipVvZqJyLG,193,14.420464,120.9955482,1785074658327,78.0
oH4wwFa6BEipVvZqJyLG,194,14.4203597,120.9956936,1785074660321,78.0
oH4wwFa6BEipVvZqJyLG,195,14.420237,120.9958401,1785074662324,77.0
oH4wwFa6BEipVvZqJyLG,196,14.420109,120.9959597,1785074664323,77.0
oH4wwFa6BEipVvZqJyLG,197,14.4200187,120.9960502,1785074666314,76.0
oH4wwFa6BEipVvZqJyLG,198,14.4199301,120.9961241,1785074668309,77.0
oH4wwFa6BEipVvZqJyLG,199,14.4198399,120.9962265,1785074670325,76.0
oH4wwFa6BEipVvZqJyLG,200,14.4197478,120.9963371,1785074672304,76.0
oH4wwFa6BEipVvZqJyLG,201,14.419641,120.9964621,1785074674308,77.0
oH4wwFa6BEipVvZqJyLG,202,14.4195309,120.9965889,1785074676332,77.0
oH4wwFa6BEipVvZqJyLG,203,14.4194302,120.9967079,1785074678298,76.0
oH4wwFa6BEipVvZqJyLG,204,14.419359,120.9968115,1785074680319,77.0
oH4wwFa6BEipVvZqJyLG,205,14.4193078,120.9968758,1785074682304,78.0
oH4wwFa6BEipVvZqJyLG,206,14.419264,120.996929,1785074684326,78.0
oH4wwFa6BEipVvZqJyLG,207,14.4191923,120.9970089,1785074686332,77.0
oH4wwFa6BEipVvZqJyLG,208,14.4190999,120.9971092,1785074688330,78.0
oH4wwFa6BEipVvZqJyLG,209,14.4189893,120.9972211,1785074690313,78.0
oH4wwFa6BEipVvZqJyLG,210,14.4188973,120.9973049,1785074692318,77.0
oH4wwFa6BEipVvZqJyLG,211,14.4188331,120.9973533,1785074694307,78.0
oH4wwFa6BEipVvZqJyLG,212,14.4187886,120.9974084,1785074696306,78.0
oH4wwFa6BEipVvZqJyLG,213,14.4187827,120.9974901,1785074698320,77.0
oH4wwFa6BEipVvZqJyLG,214,14.4188398,120.9975755,1785074700320,80.0
oH4wwFa6BEipVvZqJyLG,215,14.4189183,120.9976447,1785074702316,80.0
oH4wwFa6BEipVvZqJyLG,216,14.4190068,120.9977078,1785074704311,80.0
oH4wwFa6BEipVvZqJyLG,217,14.4191005,120.9977971,1785074706309,81.0
oH4wwFa6BEipVvZqJyLG,218,14.4191755,120.9978908,1785074708318,81.0
oH4wwFa6BEipVvZqJyLG,219,14.4192115,120.9979427,1785074710313,82.0
oH4wwFa6BEipVvZqJyLG,220,14.4192562,120.9979976,1785074712309,76.9000015258789
oH4wwFa6BEipVvZqJyLG,221,14.4193392,120.9981071,1785074714315,76.9000015258789
oH4wwFa6BEipVvZqJyLG,222,14.4193972,120.9982022,1785074716320,76.9000015258789
oH4wwFa6BEipVvZqJyLG,223,14.4194278,120.998255,1785074718305,76.9000015258789
oH4wwFa6BEipVvZqJyLG,224,14.419481,120.9983321,1785074720294,76.9000015258789
oH4wwFa6BEipVvZqJyLG,225,14.4195462,120.9984338,1785074722301,76.5999984741211
oH4wwFa6BEipVvZqJyLG,226,14.419608,120.9985476,1785074724303,76.5999984741211
oH4wwFa6BEipVvZqJyLG,227,14.4196663,120.9986464,1785074726319,76.5999984741211
oH4wwFa6BEipVvZqJyLG,228,14.4197237,120.9987533,1785074728314,76.5999984741211
oH4wwFa6BEipVvZqJyLG,229,14.4197915,120.9988629,1785074730307,76.5999984741211
oH4wwFa6BEipVvZqJyLG,230,14.4198522,120.998975,1785074732317,76.5999984741211
oH4wwFa6BEipVvZqJyLG,231,14.4199185,120.9990738,1785074734332,76.5999984741211
oH4wwFa6BEipVvZqJyLG,232,14.419981,120.999176,1785074736322,76.5999984741211
oH4wwFa6BEipVvZqJyLG,233,14.4200325,120.9992624,1785074738310,76.5999984741211
oH4wwFa6BEipVvZqJyLG,234,14.4200574,120.9993552,1785074740324,76.5999984741211
oH4wwFa6BEipVvZqJyLG,235,14.4200319,120.9994195,1785074742319,76.5999984741211
oH4wwFa6BEipVvZqJyLG,236,14.4199267,120.9994623,1785074744322,76.5999984741211
oH4wwFa6BEipVvZqJyLG,237,14.4198042,120.999475,1785074746297,76.5999984741211
oH4wwFa6BEipVvZqJyLG,238,14.419701,120.999499,1785074748323,76.5999984741211
oH4wwFa6BEipVvZqJyLG,239,14.4196156,120.9995122,1785074750321,76.5999984741211
oH4wwFa6BEipVvZqJyLG,240,14.4195263,120.9995001,1785074752328,76.5999984741211
oH4wwFa6BEipVvZqJyLG,241,14.4194054,120.9995329,1785074754318,76.5999984741211
oH4wwFa6BEipVvZqJyLG,242,14.4192479,120.9995624,1785074756316,76.5999984741211
oH4wwFa6BEipVvZqJyLG,243,14.4191075,120.9995768,1785074758294,76.5999984741211
oH4wwFa6BEipVvZqJyLG,244,14.4189941,120.9995988,1785074760331,76.5999984741211
oH4wwFa6BEipVvZqJyLG,245,14.4189071,120.9996261,1785074762284,76.5999984741211
oH4wwFa6BEipVvZqJyLG,246,14.4188342,120.999646,1785074764315,75.4000015258789
oH4wwFa6BEipVvZqJyLG,247,14.4187641,120.9996715,1785074766323,75.4000015258789
oH4wwFa6BEipVvZqJyLG,248,14.4186933,120.9996869,1785074768302,75.4000015258789
oH4wwFa6BEipVvZqJyLG,249,14.4185973,120.9996985,1785074770311,75.4000015258789
oH4wwFa6BEipVvZqJyLG,250,14.4185222,120.9997203,1785074772320,75.4000015258789
oH4wwFa6BEipVvZqJyLG,251,14.4184705,120.9997352,1785074774334,75.4000015258789
oH4wwFa6BEipVvZqJyLG,252,14.4184503,120.999767,1785074776347,76.0999984741211
oH4wwFa6BEipVvZqJyLG,253,14.418453,120.9998078,1785074778315,76.0999984741211
oH4wwFa6BEipVvZqJyLG,254,14.4184628,120.9998432,1785074780317,76.0999984741211
oH4wwFa6BEipVvZqJyLG,255,14.4184787,120.9999107,1785074782339,76.0999984741211
oH4wwFa6BEipVvZqJyLG,256,14.4185043,120.9999958,1785074784320,76.0999984741211
oH4wwFa6BEipVvZqJyLG,257,14.4185177,121.0001011,1785074786338,76.0999984741211
oH4wwFa6BEipVvZqJyLG,258,14.418542,121.0002176,1785074788325,76.0999984741211
oH4wwFa6BEipVvZqJyLG,259,14.4185704,121.0003348,1785074790321,76.0999984741211
oH4wwFa6BEipVvZqJyLG,260,14.4185969,121.0004279,1785074792312,76.0999984741211
oH4wwFa6BEipVvZqJyLG,261,14.4186201,121.0005015,1785074794318,76.0999984741211
oH4wwFa6BEipVvZqJyLG,262,14.4186301,121.0005696,1785074796325,76.0999984741211
oH4wwFa6BEipVvZqJyLG,263,14.4186312,121.0006372,1785074798322,77.4000015258789
oH4wwFa6BEipVvZqJyLG,264,14.4186363,121.0006656,1785074800358,77.4000015258789
oH4wwFa6BEipVvZqJyLG,265,14.418658,121.0006642,1785074802357,77.4000015258789
oH4wwFa6BEipVvZqJyLG,266,14.4186564,121.000685,1785074804350,77.4000015258789
oH4wwFa6BEipVvZqJyLG,267,14.4186797,121.0007415,1785074806317,77.4000015258789
oH4wwFa6BEipVvZqJyLG,268,14.4186868,121.000801,1785074808326,77.69999694824219
oH4wwFa6BEipVvZqJyLG,269,14.4186785,121.0008351,1785074810305,77.69999694824219
oH4wwFa6BEipVvZqJyLG,270,14.4186454,121.0008433,1785074814312,77.69999694824219
oH4wwFa6BEipVvZqJyLG,271,14.4185619,121.0008718,1785074816299,77.69999694824219
oH4wwFa6BEipVvZqJyLG,272,14.4185058,121.0008905,1785074818302,77.69999694824219
oH4wwFa6BEipVvZqJyLG,273,14.4184586,121.0008916,1785074820338,77.69999694824219
oH4wwFa6BEipVvZqJyLG,274,14.4184162,121.0008894,1785074822321,77.69999694824219
oH4wwFa6BEipVvZqJyLG,275,14.4183938,121.0008917,1785074824129,78.0
oH4wwFa6BEipVvZqJyLG,276,14.4183242,121.0009024,1785074826320,78.0
oH4wwFa6BEipVvZqJyLG,277,14.4182994,121.000915,1785074828332,78.0
oH4wwFa6BEipVvZqJyLG,278,14.4182666,121.0009202,1785074831316,78.0
oH4wwFa6BEipVvZqJyLG,279,14.4182485,121.0009209,1785074836326,78.0
oH4wwFa6BEipVvZqJyLG,280,14.4182353,121.0009459,1785074839307,77.9000015258789
oH4wwFa6BEipVvZqJyLG,281,14.4182411,121.0010117,1785074841321,77.9000015258789
oH4wwFa6BEipVvZqJyLG,282,14.4182643,121.0010945,1785074843300,77.9000015258789
oH4wwFa6BEipVvZqJyLG,283,14.4182716,121.0011429,1785074845313,77.9000015258789
oH4wwFa6BEipVvZqJyLG,284,14.4182962,121.001223,1785074847312,77.9000015258789
oH4wwFa6BEipVvZqJyLG,285,14.4183185,121.0013461,1785074849312,77.9000015258789
oH4wwFa6BEipVvZqJyLG,286,14.4183535,121.0014732,1785074851287,77.9000015258789
oH4wwFa6BEipVvZqJyLG,287,14.4183776,121.0015869,1785074853320,77.9000015258789
oH4wwFa6BEipVvZqJyLG,288,14.4184086,121.0016813,1785074855313,77.9000015258789
oH4wwFa6BEipVvZqJyLG,289,14.4184339,121.0017794,1785074857323,77.9000015258789
oH4wwFa6BEipVvZqJyLG,290,14.4184511,121.0018686,1785074859313,77.9000015258789
oH4wwFa6BEipVvZqJyLG,291,14.4184851,121.0019341,1785074861311,77.9000015258789
oH4wwFa6BEipVvZqJyLG,292,14.4185058,121.0019924,1785074863295,77.9000015258789
oH4wwFa6BEipVvZqJyLG,293,14.4185373,121.0020553,1785074865294,78.5999984741211
oH4wwFa6BEipVvZqJyLG,294,14.4185642,121.0021158,1785074867303,78.5999984741211
oH4wwFa6BEipVvZqJyLG,295,14.4185928,121.0021701,1785074869313,78.5999984741211
oH4wwFa6BEipVvZqJyLG,296,14.4186115,121.0022245,1785074871321,78.5999984741211
oH4wwFa6BEipVvZqJyLG,297,14.4186209,121.0022453,1785074873313,78.5999984741211
oH4wwFa6BEipVvZqJyLG,298,14.4186252,121.002296,1785074875310,78.5999984741211
oH4wwFa6BEipVvZqJyLG,299,14.4186289,121.002369,1785074877309,78.5999984741211
oH4wwFa6BEipVvZqJyLG,300,14.4186371,121.0024515,1785074879303,78.5999984741211
oH4wwFa6BEipVvZqJyLG,301,14.4186719,121.0025002,1785074881307,78.5999984741211
oH4wwFa6BEipVvZqJyLG,302,14.4187505,121.002496,1785074883283,78.5999984741211
oH4wwFa6BEipVvZqJyLG,303,14.4188503,121.0025103,1785074885292,78.5999984741211
oH4wwFa6BEipVvZqJyLG,304,14.4189182,121.0025217,1785074887316,77.5
oH4wwFa6BEipVvZqJyLG,305,14.4189734,121.0025407,1785074889309,77.5
oH4wwFa6BEipVvZqJyLG,306,14.418999,121.0025764,1785074891322,77.5
oH4wwFa6BEipVvZqJyLG,307,14.4190101,121.0026587,1785074893308,77.5
oH4wwFa6BEipVvZqJyLG,308,14.4189444,121.0027989,1785074895290,77.5
oH4wwFa6BEipVvZqJyLG,309,14.4188658,121.0029331,1785074897326,77.5
oH4wwFa6BEipVvZqJyLG,310,14.4187933,121.0030323,1785074899309,77.5
oH4wwFa6BEipVvZqJyLG,311,14.4187469,121.0031151,1785074901316,77.5
oH4wwFa6BEipVvZqJyLG,312,14.418688,121.0031995,1785074903282,77.5
oH4wwFa6BEipVvZqJyLG,313,14.4186281,121.0032775,1785074905315,79.0999984741211
oH4wwFa6BEipVvZqJyLG,314,14.4185785,121.0033366,1785074907305,79.0999984741211
oH4wwFa6BEipVvZqJyLG,315,14.4185388,121.0034059,1785074909302,79.0999984741211
oH4wwFa6BEipVvZqJyLG,316,14.4184707,121.0035066,1785074911326,79.0999984741211
oH4wwFa6BEipVvZqJyLG,317,14.4184265,121.003571,1785074913320,79.0999984741211
oH4wwFa6BEipVvZqJyLG,318,14.4184054,121.0036242,1785074915307,79.0999984741211
oH4wwFa6BEipVvZqJyLG,319,14.4184153,121.0036588,1785074917339,79.19999694824219
oH4wwFa6BEipVvZqJyLG,320,14.4184741,121.0037008,1785074919275,79.19999694824219
oH4wwFa6BEipVvZqJyLG,321,14.418536,121.003725,1785074921286,79.19999694824219
oH4wwFa6BEipVvZqJyLG,322,14.418579,121.0037467,1785074923306,79.19999694824219
oH4wwFa6BEipVvZqJyLG,323,14.4185459,121.0037487,1785074928304,79.19999694824219
oH4wwFa6BEipVvZqJyLG,324,14.4185274,121.0037561,1785074939330,79.9000015258789
oH4wwFa6BEipVvZqJyLG,325,14.4185051,121.0037741,1785074941331,79.9000015258789
oH4wwFa6BEipVvZqJyLG,326,14.4185243,121.003775,1785074944362,79.9000015258789
oH4wwFa6BEipVvZqJyLG,327,14.4185144,121.0037553,1785074947357,79.80000305175781
oH4wwFa6BEipVvZqJyLG,328,14.418536,121.0037584,1785074949284,79.80000305175781
oH4wwFa6BEipVvZqJyLG,329,14.4185537,121.0037511,1785074957290,79.9000015258789
oH4wwFa6BEipVvZqJyLG,330,14.4185319,121.0037539,1785074961297,79.9000015258789
oH4wwFa6BEipVvZqJyLG,331,14.4185359,121.0037729,1785074977310,79.9000015258789
oH4wwFa6BEipVvZqJyLG,332,14.4185166,121.0037728,1785074980342,79.9000015258789
oH4wwFa6BEipVvZqJyLG,333,14.4185469,121.0037796,1785074982355,79.80000305175781
oH4wwFa6BEipVvZqJyLG,334,14.4185656,121.0037615,1785074984332,79.80000305175781
oH4wwFa6BEipVvZqJyLG,335,14.4185728,121.0037398,1785074993343,79.9000015258789
oH4wwFa6BEipVvZqJyLG,336,14.4186,121.0037594,1785074996289,79.9000015258789
oH4wwFa6BEipVvZqJyLG,337,14.418646,121.0037925,1785074998333,79.9000015258789
oH4wwFa6BEipVvZqJyLG,338,14.4186898,121.0038196,1785075000320,79.9000015258789
oH4wwFa6BEipVvZqJyLG,339,14.4187233,121.0038324,1785075002330,79.9000015258789
oH4wwFa6BEipVvZqJyLG,340,14.4187428,121.0038416,1785075004299,79.9000015258789
oH4wwFa6BEipVvZqJyLG,341,14.4187643,121.003825,1785075006300,79.9000015258789
oH4wwFa6BEipVvZqJyLG,342,14.4187978,121.0037936,1785075008326,79.9000015258789
oH4wwFa6BEipVvZqJyLG,343,14.4188257,121.0037532,1785075010276,79.9000015258789
oH4wwFa6BEipVvZqJyLG,344,14.4188569,121.0037006,1785075012321,79.9000015258789
oH4wwFa6BEipVvZqJyLG,345,14.4188211,121.0035779,1785075014352,79.9000015258789
oH4wwFa6BEipVvZqJyLG,346,14.4188608,121.0035563,1785075016306,79.9000015258789
oH4wwFa6BEipVvZqJyLG,347,14.4188726,121.0035288,1785075018301,79.19999694824219
oH4wwFa6BEipVvZqJyLG,348,14.4188802,121.0035085,1785075020912,79.19999694824219
oH4wwFa6BEipVvZqJyLG,349,14.4189156,121.0035112,1785075023341,79.19999694824219
oH4wwFa6BEipVvZqJyLG,350,14.4189291,121.003524,1785075028089,78.9000015258789
oH4wwFa6BEipVvZqJyLG,351,14.4189281,121.0035429,1785075034067,78.9000015258789
tFwslOEcuPRKb9nGtpNO,0,14.5627226,120.9951785,1785077363878,51.39999771118164
tFwslOEcuPRKb9nGtpNO,1,14.5627463,120.9951357,1785077369869,51.39999771118164
tFwslOEcuPRKb9nGtpNO,2,14.5627461,120.9950505,1785077371852,51.39999771118164
tFwslOEcuPRKb9nGtpNO,3,14.5627068,120.994979,1785077373856,51.39999771118164
tFwslOEcuPRKb9nGtpNO,4,14.5626599,120.9949342,1785077375850,51.39999771118164
tFwslOEcuPRKb9nGtpNO,5,14.5626333,120.9949087,1785077377857,51.39999771118164
tFwslOEcuPRKb9nGtpNO,6,14.5626131,120.994897,1785077381868,51.39999771118164
tFwslOEcuPRKb9nGtpNO,7,14.5626009,120.9948811,1785077383867,51.39999771118164
tFwslOEcuPRKb9nGtpNO,8,14.5625861,120.9948603,1785077385860,51.39999771118164
tFwslOEcuPRKb9nGtpNO,9,14.5625382,120.994911,1785077387858,51.39999771118164
tFwslOEcuPRKb9nGtpNO,10,14.5624435,120.9950146,1785077389856,51.39999771118164
tFwslOEcuPRKb9nGtpNO,11,14.5623675,120.9951375,1785077391854,51.39999771118164
tFwslOEcuPRKb9nGtpNO,12,14.5622852,120.9951562,1785077393862,51.39999771118164
tFwslOEcuPRKb9nGtpNO,13,14.5621256,120.9952481,1785077395852,51.39999771118164
tFwslOEcuPRKb9nGtpNO,14,14.5619544,120.9953561,1785077397864,51.39999771118164
tFwslOEcuPRKb9nGtpNO,15,14.5617644,120.995406,1785077399857,51.39999771118164
tFwslOEcuPRKb9nGtpNO,16,14.5615405,120.9954224,1785077401861,51.39999771118164
tFwslOEcuPRKb9nGtpNO,17,14.5613606,120.9954167,1785077403864,51.39999771118164
tFwslOEcuPRKb9nGtpNO,18,14.5611603,120.9954342,1785077405865,51.39999771118164
tFwslOEcuPRKb9nGtpNO,19,14.5609982,120.9954254,1785077407877,51.39999771118164
tFwslOEcuPRKb9nGtpNO,20,14.5608352,120.9954407,1785077409882,51.39999771118164
tFwslOEcuPRKb9nGtpNO,21,14.5606485,120.9955099,1785077411880,51.39999771118164
tFwslOEcuPRKb9nGtpNO,22,14.5604873,120.9955392,1785077413876,51.39999771118164
tFwslOEcuPRKb9nGtpNO,23,14.5603593,120.9955912,1785077415886,51.39999771118164
tFwslOEcuPRKb9nGtpNO,24,14.5602365,120.9956201,1785077417887,51.39999771118164
tFwslOEcuPRKb9nGtpNO,25,14.5601115,120.9956545,1785077419900,51.39999771118164
tFwslOEcuPRKb9nGtpNO,26,14.5599502,120.9956945,1785077421884,51.39999771118164
tFwslOEcuPRKb9nGtpNO,27,14.5597875,120.9957474,1785077423889,51.39999771118164
tFwslOEcuPRKb9nGtpNO,28,14.5596234,120.9957979,1785077425882,51.39999771118164
tFwslOEcuPRKb9nGtpNO,29,14.5594737,120.9958358,1785077427882,51.39999771118164
tFwslOEcuPRKb9nGtpNO,30,14.5593332,120.9958704,1785077429888,51.39999771118164
tFwslOEcuPRKb9nGtpNO,31,14.5592081,120.9959119,1785077431878,51.39999771118164
tFwslOEcuPRKb9nGtpNO,32,14.5590753,120.995931,1785077433884,51.39999771118164
tFwslOEcuPRKb9nGtpNO,33,14.5589437,120.9959648,1785077435885,51.39999771118164
tFwslOEcuPRKb9nGtpNO,34,14.5587923,120.9960118,1785077437884,51.39999771118164
tFwslOEcuPRKb9nGtpNO,35,14.5586578,120.9960542,1785077439888,51.39999771118164
tFwslOEcuPRKb9nGtpNO,36,14.558506,120.9960821,1785077441890,51.39999771118164
tFwslOEcuPRKb9nGtpNO,37,14.5583631,120.9961035,1785077443890,51.39999771118164
tFwslOEcuPRKb9nGtpNO,38,14.5582469,120.996121,1785077445883,51.39999771118164
tFwslOEcuPRKb9nGtpNO,39,14.5581487,120.9961168,1785077447887,51.39999771118164
tFwslOEcuPRKb9nGtpNO,40,14.5580678,120.9961407,1785077449872,51.39999771118164
tFwslOEcuPRKb9nGtpNO,41,14.5579967,120.9961453,1785077451868,51.39999771118164
tFwslOEcuPRKb9nGtpNO,42,14.557941,120.996141,1785077453863,51.39999771118164
tFwslOEcuPRKb9nGtpNO,43,14.5578421,120.9961418,1785077455867,51.39999771118164
tFwslOEcuPRKb9nGtpNO,44,14.5577683,120.996143,1785077457859,51.39999771118164
tFwslOEcuPRKb9nGtpNO,45,14.5576657,120.9961749,1785077459858,51.39999771118164
tFwslOEcuPRKb9nGtpNO,46,14.557529,120.9961759,1785077461867,51.39999771118164
tFwslOEcuPRKb9nGtpNO,47,14.5573901,120.9962356,1785077463877,51.39999771118164
tFwslOEcuPRKb9nGtpNO,48,14.5572541,120.9962831,1785077465878,51.39999771118164
tFwslOEcuPRKb9nGtpNO,49,14.5571117,120.9963225,1785077467877,51.39999771118164
tFwslOEcuPRKb9nGtpNO,50,14.5569624,120.9963071,1785077469883,51.39999771118164
tFwslOEcuPRKb9nGtpNO,51,14.5568049,120.9963369,1785077471881,51.39999771118164
tFwslOEcuPRKb9nGtpNO,52,14.5566746,120.9963833,1785077473878,51.39999771118164
tFwslOEcuPRKb9nGtpNO,53,14.556526,120.996451,1785077475879,51.39999771118164
tFwslOEcuPRKb9nGtpNO,54,14.5563752,120.9965036,1785077477881,51.39999771118164
tFwslOEcuPRKb9nGtpNO,55,14.5562449,120.9965517,1785077479876,51.39999771118164
tFwslOEcuPRKb9nGtpNO,56,14.5561057,120.9965893,1785077481899,51.39999771118164
tFwslOEcuPRKb9nGtpNO,57,14.5559673,120.996609,1785077483877,51.39999771118164
tFwslOEcuPRKb9nGtpNO,58,14.5558503,120.9966391,1785077485871,51.39999771118164
tFwslOEcuPRKb9nGtpNO,59,14.5557632,120.9966469,1785077487869,51.39999771118164
tFwslOEcuPRKb9nGtpNO,60,14.5557014,120.9966449,1785077489868,51.39999771118164
tFwslOEcuPRKb9nGtpNO,61,14.5556582,120.9966106,1785077491875,51.39999771118164
tFwslOEcuPRKb9nGtpNO,62,14.55564,120.9965121,1785077493878,51.39999771118164
tFwslOEcuPRKb9nGtpNO,63,14.5556137,120.9964122,1785077495880,51.39999771118164
tFwslOEcuPRKb9nGtpNO,64,14.555605,120.9963195,1785077497873,51.39999771118164
tFwslOEcuPRKb9nGtpNO,65,14.5556153,120.9962183,1785077499878,51.39999771118164
tFwslOEcuPRKb9nGtpNO,66,14.5556001,120.9961329,1785077501872,51.39999771118164
tFwslOEcuPRKb9nGtpNO,67,14.5555856,120.9960598,1785077503874,51.39999771118164
tFwslOEcuPRKb9nGtpNO,68,14.5555897,120.9959958,1785077505879,51.39999771118164
tFwslOEcuPRKb9nGtpNO,69,14.5556554,120.9959306,1785077507880,51.39999771118164
tFwslOEcuPRKb9nGtpNO,70,14.5557835,120.9959032,1785077509874,51.39999771118164
tFwslOEcuPRKb9nGtpNO,71,14.5558772,120.9958679,1785077511891,51.39999771118164
tFwslOEcuPRKb9nGtpNO,72,14.5559821,120.9958234,1785077513874,51.39999771118164
tFwslOEcuPRKb9nGtpNO,73,14.5560795,120.9957903,1785077515863,51.39999771118164
tFwslOEcuPRKb9nGtpNO,74,14.5561268,120.9957628,1785077517866,51.39999771118164
tFwslOEcuPRKb9nGtpNO,75,14.5561949,120.9957329,1785077519848,51.39999771118164
tFwslOEcuPRKb9nGtpNO,76,14.5563514,120.9956952,1785077521845,51.39999771118164
tFwslOEcuPRKb9nGtpNO,77,14.5564187,120.9956441,1785077523855,51.39999771118164
tFwslOEcuPRKb9nGtpNO,78,14.556468,120.9955898,1785077525861,51.39999771118164
tFwslOEcuPRKb9nGtpNO,79,14.5565185,120.9955401,1785077527857,51.39999771118164
tFwslOEcuPRKb9nGtpNO,80,14.5565944,120.9955278,1785077529865,51.5
tFwslOEcuPRKb9nGtpNO,81,14.5566302,120.9955368,1785077535876,51.5
tFwslOEcuPRKb9nGtpNO,82,14.5566539,120.9955428,1785077537873,51.5
tFwslOEcuPRKb9nGtpNO,83,14.5566995,120.9955318,1785077539860,51.5
tFwslOEcuPRKb9nGtpNO,84,14.5567983,120.9954495,1785077541855,51.5
tg0PavX0kuqIGY6HM9Ig,0,14.5652635,120.9940717,1785070262334,51.0
tg0PavX0kuqIGY6HM9Ig,1,14.5652802,120.9940631,1785070328300,51.0
tg0PavX0kuqIGY6HM9Ig,2,14.5652634,120.9940544,1785070400335,50.89999771118164
tg0PavX0kuqIGY6HM9Ig,3,14.5652461,120.9940605,1785070405337,50.89999771118164
tg0PavX0kuqIGY6HM9Ig,4,14.5652378,120.9940795,1785070409329,50.89999771118164
tg0PavX0kuqIGY6HM9Ig,5,14.565264,120.9940778,1785070415285,50.89999771118164
tg0PavX0kuqIGY6HM9Ig,6,14.5656965,120.9938373,1785070427201,50.89999771118164
tg0PavX0kuqIGY6HM9Ig,7,14.565731,120.9938542,1785070429326,50.89999771118164
tg0PavX0kuqIGY6HM9Ig,8,14.5658448,120.994011,1785070431335,50.89999771118164
tg0PavX0kuqIGY6HM9Ig,9,14.5659016,120.9941355,1785070433328,50.89999771118164
tg0PavX0kuqIGY6HM9Ig,10,14.565943,120.9942387,1785070435360,50.89999771118164
tg0PavX0kuqIGY6HM9Ig,11,14.5659708,120.9943431,1785070437340,50.89999771118164
tg0PavX0kuqIGY6HM9Ig,12,14.5660035,120.9944202,1785070439367,50.89999771118164
tg0PavX0kuqIGY6HM9Ig,13,14.5660343,120.9944798,1785070441312,50.89999771118164
tg0PavX0kuqIGY6HM9Ig,14,14.5660472,120.9944933,1785070444365,50.0
tg0PavX0kuqIGY6HM9Ig,15,14.5661448,120.9945194,1785070446307,50.0
tg0PavX0kuqIGY6HM9Ig,16,14.5663179,120.9944525,1785070448334,50.0
tg0PavX0kuqIGY6HM9Ig,17,14.5664906,120.9943637,1785070450303,50.0
tg0PavX0kuqIGY6HM9Ig,18,14.5666576,120.9942726,1785070452342,50.0
tg0PavX0kuqIGY6HM9Ig,19,14.5668172,120.9941972,1785070454314,50.0
tg0PavX0kuqIGY6HM9Ig,20,14.5669713,120.9941281,1785070456316,50.0
tg0PavX0kuqIGY6HM9Ig,21,14.5671483,120.9940488,1785070458302,50.0
tg0PavX0kuqIGY6HM9Ig,22,14.5673108,120.9939671,1785070460271,50.0
tg0PavX0kuqIGY6HM9Ig,23,14.5674515,120.9938875,1785070462273,50.0
tg0PavX0kuqIGY6HM9Ig,24,14.5675854,120.9938066,1785070464276,50.0
tg0PavX0kuqIGY6HM9Ig,25,14.5677057,120.9937465,1785070466280,50.0
tg0PavX0kuqIGY6HM9Ig,26,14.5678252,120.9936774,1785070468282,50.0
tg0PavX0kuqIGY6HM9Ig,27,14.5679666,120.9936236,1785070470285,50.0
tg0PavX0kuqIGY6HM9Ig,28,14.5681193,120.9935682,1785070472309,50.0
tg0PavX0kuqIGY6HM9Ig,29,14.5682982,120.9934868,1785070474315,50.0
tg0PavX0kuqIGY6HM9Ig,30,14.5684794,120.9934046,1785070476277,50.0
tg0PavX0kuqIGY6HM9Ig,31,14.5686205,120.9933333,1785070478286,50.0
tg0PavX0kuqIGY6HM9Ig,32,14.5687142,120.9932765,1785070480296,50.0
tg0PavX0kuqIGY6HM9Ig,33,14.5688556,120.9932469,1785070482300,50.0
tg0PavX0kuqIGY6HM9Ig,34,14.5689674,120.9931709,1785070484304,50.0
tg0PavX0kuqIGY6HM9Ig,35,14.5691362,120.9930991,1785070486320,50.0
tg0PavX0kuqIGY6HM9Ig,36,14.5692999,120.9930329,1785070488342,50.0
tg0PavX0kuqIGY6HM9Ig,37,14.5694488,120.9929543,1785070490309,50.0
tg0PavX0kuqIGY6HM9Ig,38,14.5696095,120.9928864,1785070492359,50.0
tg0PavX0kuqIGY6HM9Ig,39,14.5697914,120.9928008,1785070494352,50.0
tg0PavX0kuqIGY6HM9Ig,40,14.5699807,120.9927144,1785070496366,50.0
tg0PavX0kuqIGY6HM9Ig,41,14.5701498,120.9926395,1785070498300,50.0
tg0PavX0kuqIGY6HM9Ig,42,14.5702853,120.9925797,1785070500321,50.0
tg0PavX0kuqIGY6HM9Ig,43,14.5703601,120.9925413,1785070502342,50.0
tg0PavX0kuqIGY6HM9Ig,44,14.5704368,120.9925119,1785070504324,50.0
tg0PavX0kuqIGY6HM9Ig,45,14.5705185,120.9924456,1785070506329,50.0
tg0PavX0kuqIGY6HM9Ig,46,14.5706221,120.9923926,1785070508327,50.0
tg0PavX0kuqIGY6HM9Ig,47,14.5707295,120.9923414,1785070510344,50.0
tg0PavX0kuqIGY6HM9Ig,48,14.5708402,120.9923096,1785070512352,50.0
tg0PavX0kuqIGY6HM9Ig,49,14.5709056,120.99227,1785070514331,50.0
tg0PavX0kuqIGY6HM9Ig,50,14.5710057,120.9922636,1785070516351,50.0
tg0PavX0kuqIGY6HM9Ig,51,14.5711144,120.9923189,1785070518334,50.0
tg0PavX0kuqIGY6HM9Ig,52,14.571268,120.9924202,1785070520347,50.0
tg0PavX0kuqIGY6HM9Ig,53,14.5714189,120.9925416,1785070522282,50.0
tg0PavX0kuqIGY6HM9Ig,54,14.5715568,120.9926677,1785070524312,50.0
tg0PavX0kuqIGY6HM9Ig,55,14.5716699,120.9927653,1785070526290,50.0
tg0PavX0kuqIGY6HM9Ig,56,14.5717639,120.9928627,1785070528312,50.0
tg0PavX0kuqIGY6HM9Ig,57,14.57185,120.9929463,1785070530317,50.0
tg0PavX0kuqIGY6HM9Ig,58,14.5719406,120.9930102,1785070532300,53.0
tg0PavX0kuqIGY6HM9Ig,59,14.5720147,120.9930501,1785070534312,52.0
tg0PavX0kuqIGY6HM9Ig,60,14.5720638,120.9930885,1785070536305,52.0
tg0PavX0kuqIGY6HM9Ig,61,14.5721041,120.993117,1785070612369,49.79999923706055
tg0PavX0kuqIGY6HM9Ig,62,14.572184,120.9932048,1785070614305,49.79999923706055
tg0PavX0kuqIGY6HM9Ig,63,14.5722842,120.9933114,1785070616343,49.79999923706055
tg0PavX0kuqIGY6HM9Ig,64,14.5723799,120.9934096,1785070618300,49.79999923706055
tg0PavX0kuqIGY6HM9Ig,65,14.572485,120.9935161,1785070620363,49.79999923706055
tg0PavX0kuqIGY6HM9Ig,66,14.5725837,120.9935967,1785070622341,49.79999923706055
tg0PavX0kuqIGY6HM9Ig,67,14.572651,120.9936562,1785070624294,49.79999923706055
tg0PavX0kuqIGY6HM9Ig,68,14.5726951,120.9937024,1785070626353,49.79999923706055
tg0PavX0kuqIGY6HM9Ig,69,14.5726906,120.9937413,1785070628304,50.0
tg0PavX0kuqIGY6HM9Ig,70,14.5726768,120.9937577,1785070631340,50.0
ulzOmkAiXPHGx4JA1Ilv,0,14.5641492,120.9944424,1785138423950,51.20000076293945
ulzOmkAiXPHGx4JA1Ilv,1,14.5641351,120.9944467,1785138432935,51.20000076293945
ulzOmkAiXPHGx4JA1Ilv,2,14.5641678,120.9944391,1785138438939,51.29999923706055
ulzOmkAiXPHGx4JA1Ilv,3,14.5642389,120.9944087,1785138440933,51.29999923706055
ulzOmkAiXPHGx4JA1Ilv,4,14.5643142,120.9943856,1785138442947,51.29999923706055
ulzOmkAiXPHGx4JA1Ilv,5,14.5643321,120.9943885,1785138454923,51.29999923706055
ulzOmkAiXPHGx4JA1Ilv,6,14.5643505,120.9943898,1785138460928,51.29999923706055
ulzOmkAiXPHGx4JA1Ilv,7,14.5643717,120.9943797,1785138468933,51.29999923706055
ulzOmkAiXPHGx4JA1Ilv,8,14.5643915,120.9943747,1785138470931,51.29999923706055
ulzOmkAiXPHGx4JA1Ilv,9,14.5644501,120.9943577,1785138472931,51.29999923706055
ulzOmkAiXPHGx4JA1Ilv,10,14.5645761,120.9942914,1785138474935,51.29999923706055
ulzOmkAiXPHGx4JA1Ilv,11,14.5647233,120.9942083,1785138476931,51.29999923706055
ulzOmkAiXPHGx4JA1Ilv,12,14.564871,120.9941425,1785138478927,51.29999923706055
ulzOmkAiXPHGx4JA1Ilv,13,14.564992,120.9940701,1785138480921,51.29999923706055
ulzOmkAiXPHGx4JA1Ilv,14,14.5651217,120.9939894,1785138482924,51.29999923706055
ulzOmkAiXPHGx4JA1Ilv,15,14.5652481,120.9938976,1785138484920,51.29999923706055
ulzOmkAiXPHGx4JA1Ilv,16,14.5653712,120.9938571,1785138486918,51.29999923706055
ulzOmkAiXPHGx4JA1Ilv,17,14.5654603,120.9938304,1785138488921,51.29999923706055
ulzOmkAiXPHGx4JA1Ilv,18,14.5655814,120.993807,1785138490919,51.29999923706055
ulzOmkAiXPHGx4JA1Ilv,19,14.5656898,120.9937594,1785138492915,51.29999923706055
ulzOmkAiXPHGx4JA1Ilv,20,14.565778,120.9937246,1785138494920,51.29999923706055
ulzOmkAiXPHGx4JA1Ilv,21,14.5658278,120.9937371,1785138496922,51.29999923706055
ulzOmkAiXPHGx4JA1Ilv,22,14.5658472,120.9938105,1785138498928,51.29999923706055
ulzOmkAiXPHGx4JA1Ilv,23,14.5658816,120.9939084,1785138500926,51.29999923706055
ulzOmkAiXPHGx4JA1Ilv,24,14.5659378,120.9940429,1785138502935,51.29999923706055
ulzOmkAiXPHGx4JA1Ilv,25,14.5659872,120.9941895,1785138504953,51.29999923706055
ulzOmkAiXPHGx4JA1Ilv,26,14.566062,120.9943254,1785138506925,51.29999923706055
ulzOmkAiXPHGx4JA1Ilv,27,14.5661166,120.9944393,1785138508928,51.29999923706055
ulzOmkAiXPHGx4JA1Ilv,28,14.5661625,120.9945244,1785138510921,51.29999923706055
ulzOmkAiXPHGx4JA1Ilv,29,14.5661606,120.9945913,1785138512915,51.29999923706055
ulzOmkAiXPHGx4JA1Ilv,30,14.5661754,120.9946125,1785138514929,51.29999923706055
ulzOmkAiXPHGx4JA1Ilv,31,14.5662397,120.9946018,1785138516918,51.29999923706055
ulzOmkAiXPHGx4JA1Ilv,32,14.5663448,120.9945681,1785138518915,51.29999923706055
ulzOmkAiXPHGx4JA1Ilv,33,14.5665243,120.9945063,1785138520915,51.29999923706055
ulzOmkAiXPHGx4JA1Ilv,34,14.5666982,120.9943932,1785138522919,51.29999923706055
ulzOmkAiXPHGx4JA1Ilv,35,14.5668616,120.9942483,1785138524918,51.29999923706055
ulzOmkAiXPHGx4JA1Ilv,36,14.5670663,120.9941369,1785138526924,51.29999923706055
ulzOmkAiXPHGx4JA1Ilv,37,14.5672578,120.9940517,1785138528929,51.29999923706055
ulzOmkAiXPHGx4JA1Ilv,38,14.5674329,120.9939638,1785138530919,51.29999923706055
ulzOmkAiXPHGx4JA1Ilv,39,14.5675966,120.9938707,1785138532926,51.29999923706055
ulzOmkAiXPHGx4JA1Ilv,40,14.5677287,120.993772,1785138534930,51.29999923706055
ulzOmkAiXPHGx4JA1Ilv,41,14.5678707,120.9936759,1785138536926,51.29999923706055
ulzOmkAiXPHGx4JA1Ilv,42,14.568013,120.9935811,1785138538929,51.29999923706055
ulzOmkAiXPHGx4JA1Ilv,43,14.5681486,120.9934953,1785138540923,51.29999923706055
ulzOmkAiXPHGx4JA1Ilv,44,14.5682989,120.9934335,1785138542931,51.29999923706055
ulzOmkAiXPHGx4JA1Ilv,45,14.5684553,120.9933958,1785138544936,51.29999923706055
ulzOmkAiXPHGx4JA1Ilv,46,14.5686026,120.993353,1785138546935,51.29999923706055
ulzOmkAiXPHGx4JA1Ilv,47,14.5687549,120.9933041,1785138548928,51.29999923706055
ulzOmkAiXPHGx4JA1Ilv,48,14.5689,120.9932314,1785138550937,51.29999923706055
ulzOmkAiXPHGx4JA1Ilv,49,14.5690292,120.9931528,1785138552932,51.29999923706055
ulzOmkAiXPHGx4JA1Ilv,50,14.5691741,120.99306,1785138554923,51.29999923706055
ulzOmkAiXPHGx4JA1Ilv,51,14.5693218,120.9929793,1785138556927,51.29999923706055
ulzOmkAiXPHGx4JA1Ilv,52,14.5694668,120.9929307,1785138558931,51.29999923706055
ulzOmkAiXPHGx4JA1Ilv,53,14.5696049,120.9928634,1785138560934,51.29999923706055
ulzOmkAiXPHGx4JA1Ilv,54,14.5697412,120.9928004,1785138562929,51.29999923706055
ulzOmkAiXPHGx4JA1Ilv,55,14.569875,120.9927367,1785138564922,51.29999923706055
ulzOmkAiXPHGx4JA1Ilv,56,14.5700042,120.9926623,1785138566957,51.29999923706055
ulzOmkAiXPHGx4JA1Ilv,57,14.5701258,120.9925864,1785138568913,51.29999923706055
ulzOmkAiXPHGx4JA1Ilv,58,14.5702435,120.9925374,1785138570922,51.29999923706055
ulzOmkAiXPHGx4JA1Ilv,59,14.5703582,120.9925036,1785138572923,51.29999923706055
ulzOmkAiXPHGx4JA1Ilv,60,14.5704544,120.9924482,1785138574919,51.29999923706055
ulzOmkAiXPHGx4JA1Ilv,61,14.5705289,120.992452,1785138576918,51.29999923706055
ulzOmkAiXPHGx4JA1Ilv,62,14.5705855,120.9925832,1785138578923,51.29999923706055
ulzOmkAiXPHGx4JA1Ilv,63,14.5706108,120.9927196,1785138580919,51.29999923706055
ulzOmkAiXPHGx4JA1Ilv,64,14.5706606,120.9928193,1785138582923,51.29999923706055
ulzOmkAiXPHGx4JA1Ilv,65,14.5707066,120.9929425,1785138584925,51.29999923706055
ulzOmkAiXPHGx4JA1Ilv,66,14.5707486,120.9931447,1785138586921,51.29999923706055
ulzOmkAiXPHGx4JA1Ilv,67,14.5708279,120.9933331,1785138588926,51.29999923706055
ulzOmkAiXPHGx4JA1Ilv,68,14.5709152,120.9935058,1785138590927,51.29999923706055
ulzOmkAiXPHGx4JA1Ilv,69,14.5709769,120.9936341,1785138592929,51.29999923706055
ulzOmkAiXPHGx4JA1Ilv,70,14.5710158,120.9937718,1785138594931,51.29999923706055
ulzOmkAiXPHGx4JA1Ilv,71,14.5710462,120.9938528,1785138596934,50.29999923706055
ulzOmkAiXPHGx4JA1Ilv,72,14.5710558,120.9939168,1785138598933,50.29999923706055
ulzOmkAiXPHGx4JA1Ilv,73,14.5710489,120.993947,1785138600936,50.29999923706055
ulzOmkAiXPHGx4JA1Ilv,74,14.5710576,120.9939887,1785138604935,50.29999923706055
ulzOmkAiXPHGx4JA1Ilv,75,14.5710746,120.9940202,1785138606935,50.29999923706055
ulzOmkAiXPHGx4JA1Ilv,76,14.5711077,120.9940885,1785138608929,50.29999923706055
ulzOmkAiXPHGx4JA1Ilv,77,14.571165,120.9941836,1785138610936,50.29999923706055
ulzOmkAiXPHGx4JA1Ilv,78,14.5712007,120.9942916,1785138612932,50.29999923706055
ulzOmkAiXPHGx4JA1Ilv,79,14.571254,120.9943981,1785138614927,50.29999923706055
ulzOmkAiXPHGx4JA1Ilv,80,14.5713269,120.9945236,1785138616928,50.29999923706055
ulzOmkAiXPHGx4JA1Ilv,81,14.5713834,120.9946364,1785138618932,50.29999923706055
ulzOmkAiXPHGx4JA1Ilv,82,14.5714159,120.9947396,1785138620925,50.29999923706055
ulzOmkAiXPHGx4JA1Ilv,83,14.5714506,120.9948327,1785138622930,50.29999923706055
ulzOmkAiXPHGx4JA1Ilv,84,14.5714901,120.9949413,1785138624938,50.29999923706055
ulzOmkAiXPHGx4JA1Ilv,85,14.5715704,120.9950623,1785138626936,50.29999923706055
ulzOmkAiXPHGx4JA1Ilv,86,14.5716631,120.9951795,1785138628925,50.29999923706055
ulzOmkAiXPHGx4JA1Ilv,87,14.571749,120.9953001,1785138630921,50.29999923706055
ulzOmkAiXPHGx4JA1Ilv,88,14.5718203,120.9954113,1785138632925,50.29999923706055
ulzOmkAiXPHGx4JA1Ilv,89,14.5718737,120.9955051,1785138634930,50.29999923706055
ulzOmkAiXPHGx4JA1Ilv,90,14.5719382,120.9955948,1785138636920,50.29999923706055
ulzOmkAiXPHGx4JA1Ilv,91,14.5719969,120.9956858,1785138638924,50.29999923706055
ulzOmkAiXPHGx4JA1Ilv,92,14.572052,120.9957521,1785138640940,50.29999923706055
ulzOmkAiXPHGx4JA1Ilv,93,14.572088,120.9958059,1785138642946,50.29999923706055
ulzOmkAiXPHGx4JA1Ilv,94,14.5720964,120.9958251,1785138644949,50.29999923706055
ulzOmkAiXPHGx4JA1Ilv,95,14.5720903,120.9958471,1785138666937,50.29999923706055
ulzOmkAiXPHGx4JA1Ilv,96,14.572078,120.9958943,1785138668933,50.29999923706055
ulzOmkAiXPHGx4JA1Ilv,97,14.5720879,120.9959789,1785138670918,50.29999923706055
ulzOmkAiXPHGx4JA1Ilv,98,14.5721319,120.9960958,1785138672917,50.29999923706055
ulzOmkAiXPHGx4JA1Ilv,99,14.5721973,120.9961548,1785138674926,50.29999923706055
ulzOmkAiXPHGx4JA1Ilv,100,14.5722194,120.9962241,1785138676938,50.29999923706055
ulzOmkAiXPHGx4JA1Ilv,101,14.5722198,120.9962533,1785138678928,50.29999923706055
ulzOmkAiXPHGx4JA1Ilv,102,14.572246,120.9963048,1785138680927,50.29999923706055
ulzOmkAiXPHGx4JA1Ilv,103,14.5722385,120.9963869,1785138682929,50.29999923706055
ulzOmkAiXPHGx4JA1Ilv,104,14.5722694,120.9965052,1785138684935,50.29999923706055
ulzOmkAiXPHGx4JA1Ilv,105,14.5722651,120.9966704,1785138686922,50.29999923706055
ulzOmkAiXPHGx4JA1Ilv,106,14.5722551,120.9968249,1785138688923,50.29999923706055
ulzOmkAiXPHGx4JA1Ilv,107,14.5722496,120.9969863,1785138690932,50.29999923706055
ulzOmkAiXPHGx4JA1Ilv,108,14.5722619,120.9971378,1785138692928,50.29999923706055
ulzOmkAiXPHGx4JA1Ilv,109,14.5722785,120.997264,1785138694935,50.29999923706055
ulzOmkAiXPHGx4JA1Ilv,110,14.5723004,120.9973862,1785138696926,50.29999923706055
ulzOmkAiXPHGx4JA1Ilv,111,14.5723278,120.9975162,1785138698930,50.29999923706055
ulzOmkAiXPHGx4JA1Ilv,112,14.5723395,120.9976318,1785138700937,50.29999923706055
ulzOmkAiXPHGx4JA1Ilv,113,14.5723375,120.9977185,1785138702939,50.29999923706055
ulzOmkAiXPHGx4JA1Ilv,114,14.5723439,120.9977847,1785138704934,50.29999923706055
ulzOmkAiXPHGx4JA1Ilv,115,14.5723451,120.9978353,1785138706935,50.29999923706055
ulzOmkAiXPHGx4JA1Ilv,116,14.5723364,120.9979025,1785138708927,50.29999923706055
ulzOmkAiXPHGx4JA1Ilv,117,14.5723332,120.9979999,1785138710933,50.29999923706055
ulzOmkAiXPHGx4JA1Ilv,118,14.5723448,120.9980662,1785138712935,50.29999923706055
ulzOmkAiXPHGx4JA1Ilv,119,14.5723497,120.9980924,1785138714940,50.29999923706055
ulzOmkAiXPHGx4JA1Ilv,120,14.5723552,120.9981826,1785138716947,50.29999923706055
ulzOmkAiXPHGx4JA1Ilv,121,14.5723661,120.9982392,1785138718945,50.29999923706055
ulzOmkAiXPHGx4JA1Ilv,122,14.5723818,120.9982698,1785138720951,50.29999923706055
ulzOmkAiXPHGx4JA1Ilv,123,14.5723888,120.9982961,1785138722944,50.29999923706055
ulzOmkAiXPHGx4JA1Ilv,124,14.5723995,120.998353,1785138724941,50.29999923706055
ulzOmkAiXPHGx4JA1Ilv,125,14.57241,120.9984526,1785138726934,50.29999923706055
ulzOmkAiXPHGx4JA1Ilv,126,14.5724482,120.9985698,1785138728929,50.29999923706055
ulzOmkAiXPHGx4JA1Ilv,127,14.5724725,120.998638,1785138730939,50.29999923706055
ulzOmkAiXPHGx4JA1Ilv,128,14.5724779,120.9986927,1785138732937,50.29999923706055
ulzOmkAiXPHGx4JA1Ilv,129,14.572491,120.9987601,1785138734937,50.29999923706055
ulzOmkAiXPHGx4JA1Ilv,130,14.5724861,120.9988349,1785138736943,50.29999923706055
ulzOmkAiXPHGx4JA1Ilv,131,14.5724998,120.9988865,1785138738936,50.29999923706055
ulzOmkAiXPHGx4JA1Ilv,132,14.5725046,120.9989441,1785138740934,50.29999923706055
ulzOmkAiXPHGx4JA1Ilv,133,14.5725056,120.9990022,1785138742944,50.29999923706055
ulzOmkAiXPHGx4JA1Ilv,134,14.5724843,120.999065,1785138746950,50.29999923706055
ulzOmkAiXPHGx4JA1Ilv,135,14.572505,120.9990561,1785138754956,50.29999923706055
ulzOmkAiXPHGx4JA1Ilv,136,14.5725267,120.9990794,1785138756938,50.29999923706055
ulzOmkAiXPHGx4JA1Ilv,137,14.5725522,120.9991187,1785138758935,50.29999923706055
ulzOmkAiXPHGx4JA1Ilv,138,14.5725614,120.9991381,1785138780932,51.09999847412109
ulzOmkAiXPHGx4JA1Ilv,139,14.572571,120.9991593,1785138786942,51.09999847412109
ulzOmkAiXPHGx4JA1Ilv,140,14.5725907,120.9991924,1785138806939,51.09999847412109
ulzOmkAiXPHGx4JA1Ilv,141,14.5725891,120.9992221,1785138808946,51.09999847412109
ulzOmkAiXPHGx4JA1Ilv,142,14.5725826,120.9992422,1785138810944,51.09999847412109
ulzOmkAiXPHGx4JA1Ilv,143,14.5725782,120.9992631,1785138814951,51.09999847412109
ulzOmkAiXPHGx4JA1Ilv,144,14.5725754,120.9992873,1785138834940,51.09999847412109
ulzOmkAiXPHGx4JA1Ilv,145,14.5726118,120.9993651,1785138836931,51.09999847412109
ulzOmkAiXPHGx4JA1Ilv,146,14.5726464,120.9995194,1785138838928,51.09999847412109
ulzOmkAiXPHGx4JA1Ilv,147,14.5726761,120.9996531,1785138840930,51.09999847412109
ulzOmkAiXPHGx4JA1Ilv,148,14.5727071,120.999763,1785138842949,51.09999847412109
ulzOmkAiXPHGx4JA1Ilv,149,14.5727028,120.9998994,1785138844932,51.09999847412109
ulzOmkAiXPHGx4JA1Ilv,150,14.5726932,121.0000852,1785138846931,51.09999847412109
ulzOmkAiXPHGx4JA1Ilv,151,14.5726803,121.0002719,1785138848936,51.09999847412109
ulzOmkAiXPHGx4JA1Ilv,152,14.5726767,121.0004404,1785138850927,51.09999847412109
ulzOmkAiXPHGx4JA1Ilv,153,14.5726504,121.0006073,1785138852938,51.09999847412109
ulzOmkAiXPHGx4JA1Ilv,154,14.5726036,121.0007793,1785138854925,51.09999847412109
ulzOmkAiXPHGx4JA1Ilv,155,14.5725635,121.0009406,1785138856921,51.09999847412109
ulzOmkAiXPHGx4JA1Ilv,156,14.5725512,121.001074,1785138858924,51.09999847412109
ulzOmkAiXPHGx4JA1Ilv,157,14.5725624,121.0011671,1785138860916,51.09999847412109
ulzOmkAiXPHGx4JA1Ilv,158,14.5726304,121.0011893,1785138862921,51.09999847412109
ulzOmkAiXPHGx4JA1Ilv,159,14.5727156,121.0011405,1785138864950,51.09999847412109
ulzOmkAiXPHGx4JA1Ilv,160,14.5728247,121.0009837,1785138866925,51.09999847412109
ulzOmkAiXPHGx4JA1Ilv,161,14.5729413,121.0008327,1785138868924,51.09999847412109
ulzOmkAiXPHGx4JA1Ilv,162,14.5730826,121.0006759,1785138870931,51.09999847412109
ulzOmkAiXPHGx4JA1Ilv,163,14.5731898,121.0005461,1785138872933,51.09999847412109
ulzOmkAiXPHGx4JA1Ilv,164,14.5732488,121.0004791,1785138874932,51.09999847412109
ulzOmkAiXPHGx4JA1Ilv,165,14.5732924,121.0004217,1785138876930,51.09999847412109
ulzOmkAiXPHGx4JA1Ilv,166,14.5733334,121.0003713,1785138878927,51.09999847412109
ulzOmkAiXPHGx4JA1Ilv,167,14.5733958,121.0003151,1785138880930,51.09999847412109
ulzOmkAiXPHGx4JA1Ilv,168,14.5734821,121.0002248,1785138882929,51.09999847412109
ulzOmkAiXPHGx4JA1Ilv,169,14.5735667,121.0001356,1785138884930,51.09999847412109
ulzOmkAiXPHGx4JA1Ilv,170,14.5736212,121.0000868,1785138886933,51.09999847412109
ulzOmkAiXPHGx4JA1Ilv,171,14.5736818,121.0000327,1785138888937,51.09999847412109
ulzOmkAiXPHGx4JA1Ilv,172,14.5737517,120.9999599,1785138890934,51.09999847412109
ulzOmkAiXPHGx4JA1Ilv,173,14.5737915,120.9999267,1785138892940,51.09999847412109
ulzOmkAiXPHGx4JA1Ilv,174,14.573857,120.9998694,1785138894946,51.09999847412109
ulzOmkAiXPHGx4JA1Ilv,175,14.5739272,120.9998093,1785138896930,51.09999847412109
ulzOmkAiXPHGx4JA1Ilv,176,14.5739768,120.9997539,1785138898936,51.09999847412109
ulzOmkAiXPHGx4JA1Ilv,177,14.5739974,120.999734,1785138900941,51.09999847412109
ulzOmkAiXPHGx4JA1Ilv,178,14.5740329,120.9997334,1785138902944,51.09999847412109
ulzOmkAiXPHGx4JA1Ilv,179,14.5740936,120.999721,1785138904961,51.09999847412109
ulzOmkAiXPHGx4JA1Ilv,180,14.5741364,120.9997146,1785138906935,51.09999847412109
ulzOmkAiXPHGx4JA1Ilv,181,14.5741753,120.999707,1785138908941,51.09999847412109
ulzOmkAiXPHGx4JA1Ilv,182,14.5742093,120.9996996,1785138910943,51.09999847412109
ulzOmkAiXPHGx4JA1Ilv,183,14.5742407,120.9996905,1785138912952,51.09999847412109
ulzOmkAiXPHGx4JA1Ilv,184,14.5742555,120.9996793,1785138920943,51.09999847412109
ulzOmkAiXPHGx4JA1Ilv,185,14.5742839,120.9996667,1785138922937,51.09999847412109
ulzOmkAiXPHGx4JA1Ilv,186,14.5743566,120.9996549,1785138924940,51.09999847412109
ulzOmkAiXPHGx4JA1Ilv,187,14.5744383,120.9996581,1785138926923,51.09999847412109
ulzOmkAiXPHGx4JA1Ilv,188,14.5745595,120.9996551,1785138928931,51.09999847412109
ulzOmkAiXPHGx4JA1Ilv,189,14.5747084,120.999669,1785138930925,51.09999847412109
ulzOmkAiXPHGx4JA1Ilv,190,14.5748269,120.9996865,1785138932936,51.09999847412109
ulzOmkAiXPHGx4JA1Ilv,191,14.5749217,120.9996848,1785138934937,51.09999847412109
ulzOmkAiXPHGx4JA1Ilv,192,14.5750358,120.9996779,1785138936926,51.09999847412109
ulzOmkAiXPHGx4JA1Ilv,193,14.5751241,120.9996748,1785138938927,45.158
ulzOmkAiXPHGx4JA1Ilv,194,14.5752046,120.9996799,1785138940920,42.377
ulzOmkAiXPHGx4JA1Ilv,195,14.5752931,120.9996822,1785138942924,38.367
ulzOmkAiXPHGx4JA1Ilv,196,14.5753888,120.9996789,1785138944918,39.327
ulzOmkAiXPHGx4JA1Ilv,197,14.5754265,120.9996872,1785138946914,40.784
ulzOmkAiXPHGx4JA1Ilv,198,14.575488,120.9996722,1785138948927,40.784
ulzOmkAiXPHGx4JA1Ilv,199,14.5755555,120.9996491,1785138950923,41.228
ulzOmkAiXPHGx4JA1Ilv,200,14.5756328,120.9996184,1785138952929,44.114
ulzOmkAiXPHGx4JA1Ilv,201,14.5757207,120.9995866,1785138954935,42.938
ulzOmkAiXPHGx4JA1Ilv,202,14.5758114,120.9995483,1785138956940,42.626
ulzOmkAiXPHGx4JA1Ilv,203,14.5758916,120.9995147,1785138958938,50.20000076293945
ulzOmkAiXPHGx4JA1Ilv,204,14.5759742,120.9994701,1785138960939,50.20000076293945
ulzOmkAiXPHGx4JA1Ilv,205,14.5760739,120.9994089,1785138962942,50.20000076293945
ulzOmkAiXPHGx4JA1Ilv,206,14.5761486,120.9993684,1785138964940,50.20000076293945
ulzOmkAiXPHGx4JA1Ilv,207,14.5762215,120.9993143,1785138966960,50.20000076293945
ulzOmkAiXPHGx4JA1Ilv,208,14.5763077,120.9992561,1785138968949,50.20000076293945
ulzOmkAiXPHGx4JA1Ilv,209,14.5763814,120.9992001,1785138970956,50.20000076293945
ulzOmkAiXPHGx4JA1Ilv,210,14.5764255,120.9991704,1785138972933,50.20000076293945
ulzOmkAiXPHGx4JA1Ilv,211,14.5764272,120.9991111,1785138977931,50.20000076293945
ulzOmkAiXPHGx4JA1Ilv,212,14.5764325,120.99893,1785138980909,50.20000076293945
ulzOmkAiXPHGx4JA1Ilv,213,14.5764288,120.9988352,1785138982912,50.20000076293945
ulzOmkAiXPHGx4JA1Ilv,214,14.576431,120.9987503,1785138984934,50.20000076293945
ulzOmkAiXPHGx4JA1Ilv,215,14.5764393,120.9987269,1785138986929,50.20000076293945
ulzOmkAiXPHGx4JA1Ilv,216,14.5764777,120.9987086,1785138988933,50.20000076293945
ulzOmkAiXPHGx4JA1Ilv,217,14.5764977,120.9987137,1785138993940,50.20000076293945
ulzOmkAiXPHGx4JA1Ilv,218,14.5765392,120.9987191,1785138995937,50.20000076293945
ulzOmkAiXPHGx4JA1Ilv,219,14.5765189,120.9987451,1785139002928,50.20000076293945
ulzOmkAiXPHGx4JA1Ilv,220,14.5765206,120.9987234,1785139007954,50.20000076293945
ulzOmkAiXPHGx4JA1Ilv,221,14.5765296,120.9987045,1785139014921,50.20000076293945
ulzOmkAiXPHGx4JA1Ilv,222,14.5765144,120.9987227,1785139019944,50.20000076293945
ulzOmkAiXPHGx4JA1Ilv,223,14.5764826,120.9987364,1785139024946,50.20000076293945
ulzOmkAiXPHGx4JA1Ilv,224,14.5764433,120.9987552,1785139026940,50.20000076293945
ulzOmkAiXPHGx4JA1Ilv,225,14.5764256,120.9987618,1785139031935,50.20000076293945
ulzOmkAiXPHGx4JA1Ilv,226,14.5764512,120.998773,1785139034939,50.20000076293945
ulzOmkAiXPHGx4JA1Ilv,227,14.5764627,120.9987584,1785139039934,50.20000076293945
ulzOmkAiXPHGx4JA1Ilv,228,14.5764518,120.998738,1785139042938,50.20000076293945
ulzOmkAiXPHGx4JA1Ilv,229,14.5764255,120.9987313,1785139045937,50.20000076293945
ulzOmkAiXPHGx4JA1Ilv,230,14.5764124,120.9987473,1785139047918,50.20000076293945
ulzOmkAiXPHGx4JA1Ilv,231,14.5764305,120.9987382,1785139051891,59.723
ulzOmkAiXPHGx4JA1Ilv,232,14.5764573,120.9987213,1785139053901,59.855
ulzOmkAiXPHGx4JA1Ilv,233,14.5764813,120.9987358,1785139055900,60.593
ulzOmkAiXPHGx4JA1Ilv,234,14.5764938,120.9987143,1785139067938,62.15
ulzOmkAiXPHGx4JA1Ilv,235,14.5764969,120.9986949,1785139069940,64.457
ulzOmkAiXPHGx4JA1Ilv,236,14.5764648,120.9987082,1785139079947,63.436
ulzOmkAiXPHGx4JA1Ilv,237,14.5764026,120.9987325,1785139082935,60.567
ulzOmkAiXPHGx4JA1Ilv,238,14.5763864,120.9987585,1785139084936,59.476
uzgYfBW44KGZ6mkTxTpW,0,14.5691317,120.9956933,1785072553315,49.29999923706055
uzgYfBW44KGZ6mkTxTpW,1,14.56916,120.9957283,1785072559315,49.29999923706055
uzgYfBW44KGZ6mkTxTpW,2,14.5691967,120.9957033,1785072561315,49.29999923706055
uzgYfBW44KGZ6mkTxTpW,3,14.5692367,120.9956617,1785072563315,49.29999923706055
uzgYfBW44KGZ6mkTxTpW,4,14.5692767,120.99562,1785072565315,49.29999923706055
uzgYfBW44KGZ6mkTxTpW,5,14.56932,120.9955867,1785072567315,49.29999923706055
uzgYfBW44KGZ6mkTxTpW,6,14.5693667,120.9955533,1785072569314,49.29999923706055
uzgYfBW44KGZ6mkTxTpW,7,14.5694217,120.9955233,1785072571315,49.29999923706055
uzgYfBW44KGZ6mkTxTpW,8,14.5694683,120.9954883,1785072573315,49.29999923706055
uzgYfBW44KGZ6mkTxTpW,9,14.5695283,120.9954567,1785072575315,49.29999923706055
uzgYfBW44KGZ6mkTxTpW,10,14.569595,120.9954333,1785072577315,49.29999923706055
uzgYfBW44KGZ6mkTxTpW,11,14.5696583,120.9953967,1785072579315,49.29999923706055
uzgYfBW44KGZ6mkTxTpW,12,14.569715,120.9953633,1785072581315,49.29999923706055
uzgYfBW44KGZ6mkTxTpW,13,14.5697717,120.99533,1785072583315,49.29999923706055
uzgYfBW44KGZ6mkTxTpW,14,14.56983,120.9952917,1785072585315,49.29999923706055
uzgYfBW44KGZ6mkTxTpW,15,14.5698867,120.99526,1785072587315,49.29999923706055
uzgYfBW44KGZ6mkTxTpW,16,14.5699583,120.9952367,1785072589315,49.29999923706055
uzgYfBW44KGZ6mkTxTpW,17,14.570025,120.995215,1785072591315,49.29999923706055
uzgYfBW44KGZ6mkTxTpW,18,14.5700917,120.995195,1785072593315,49.29999923706055
uzgYfBW44KGZ6mkTxTpW,19,14.5701567,120.99517,1785072595315,50.39999771118164
uzgYfBW44KGZ6mkTxTpW,20,14.570215,120.995145,1785072597315,50.39999771118164
uzgYfBW44KGZ6mkTxTpW,21,14.5702817,120.9951283,1785072599315,50.39999771118164
uzgYfBW44KGZ6mkTxTpW,22,14.5703467,120.9951217,1785072601315,50.39999771118164
uzgYfBW44KGZ6mkTxTpW,23,14.5704117,120.9951067,1785072603315,50.39999771118164
uzgYfBW44KGZ6mkTxTpW,24,14.5704717,120.9950933,1785072605315,50.39999771118164
uzgYfBW44KGZ6mkTxTpW,25,14.57053,120.995075,1785072607315,50.39999771118164
uzgYfBW44KGZ6mkTxTpW,26,14.5705883,120.9950683,1785072609315,50.39999771118164
uzgYfBW44KGZ6mkTxTpW,27,14.57065,120.9950733,1785072611315,50.39999771118164
uzgYfBW44KGZ6mkTxTpW,28,14.5707183,120.9950567,1785072613315,50.39999771118164
uzgYfBW44KGZ6mkTxTpW,29,14.570785,120.9950317,1785072615315,50.39999771118164
uzgYfBW44KGZ6mkTxTpW,30,14.57085,120.9950083,1785072617315,50.39999771118164
uzgYfBW44KGZ6mkTxTpW,31,14.57091,120.9949917,1785072619315,50.39999771118164
uzgYfBW44KGZ6mkTxTpW,32,14.570965,120.9949833,1785072621315,50.39999771118164
uzgYfBW44KGZ6mkTxTpW,33,14.5710217,120.994975,1785072623315,50.39999771118164
uzgYfBW44KGZ6mkTxTpW,34,14.57108,120.9949667,1785072625315,50.39999771118164
uzgYfBW44KGZ6mkTxTpW,35,14.5711367,120.9949467,1785072627315,50.39999771118164
uzgYfBW44KGZ6mkTxTpW,36,14.57119,120.9949217,1785072629315,50.39999771118164
uzgYfBW44KGZ6mkTxTpW,37,14.5712367,120.9949017,1785072631315,50.39999771118164
uzgYfBW44KGZ6mkTxTpW,38,14.571265,120.9948783,1785072633315,50.39999771118164
uzgYfBW44KGZ6mkTxTpW,39,14.571275,120.99486,1785072635315,50.39999771118164
uzgYfBW44KGZ6mkTxTpW,40,14.5712783,120.9948283,1785072637315,50.29999923706055
uzgYfBW44KGZ6mkTxTpW,41,14.5712767,120.9947833,1785072639315,50.29999923706055
uzgYfBW44KGZ6mkTxTpW,42,14.571265,120.994735,1785072641315,50.29999923706055
uzgYfBW44KGZ6mkTxTpW,43,14.57125,120.99468,1785072643315,50.29999923706055
uzgYfBW44KGZ6mkTxTpW,44,14.5712383,120.9946183,1785072645315,50.29999923706055
uzgYfBW44KGZ6mkTxTpW,45,14.5712267,120.99455,1785072647315,50.29999923706055
uzgYfBW44KGZ6mkTxTpW,46,14.5712183,120.9945067,1785072649315,50.29999923706055
uzgYfBW44KGZ6mkTxTpW,47,14.5712033,120.9944633,1785072651315,50.29999923706055
uzgYfBW44KGZ6mkTxTpW,48,14.571185,120.9944067,1785072653315,50.29999923706055
uzgYfBW44KGZ6mkTxTpW,49,14.5711533,120.99433,1785072655315,50.29999923706055
uzgYfBW44KGZ6mkTxTpW,50,14.571125,120.9942733,1785072657315,50.29999923706055
uzgYfBW44KGZ6mkTxTpW,51,14.5711033,120.994225,1785072659315,50.29999923706055
uzgYfBW44KGZ6mkTxTpW,52,14.5710867,120.9941667,1785072661315,50.29999923706055
uzgYfBW44KGZ6mkTxTpW,53,14.5710633,120.99411,1785072663315,50.29999923706055
uzgYfBW44KGZ6mkTxTpW,54,14.57104,120.9940533,1785072665315,50.29999923706055
uzgYfBW44KGZ6mkTxTpW,55,14.57101,120.993985,1785072667315,50.29999923706055
uzgYfBW44KGZ6mkTxTpW,56,14.570985,120.9939117,1785072669315,50.29999923706055
uzgYfBW44KGZ6mkTxTpW,57,14.57095,120.9938317,1785072671315,50.29999923706055
uzgYfBW44KGZ6mkTxTpW,58,14.5709167,120.99376,1785072673315,50.29999923706055
uzgYfBW44KGZ6mkTxTpW,59,14.5708933,120.99367,1785072675315,50.29999923706055
uzgYfBW44KGZ6mkTxTpW,60,14.57087,120.993585,1785072677315,50.29999923706055
uzgYfBW44KGZ6mkTxTpW,61,14.5708433,120.9934983,1785072679315,50.29999923706055
uzgYfBW44KGZ6mkTxTpW,62,14.5708133,120.9934183,1785072681315,50.29999923706055
uzgYfBW44KGZ6mkTxTpW,63,14.5707933,120.993345,1785072683315,50.29999923706055
uzgYfBW44KGZ6mkTxTpW,64,14.57076,120.9932767,1785072685315,50.29999923706055
uzgYfBW44KGZ6mkTxTpW,65,14.5707233,120.9931933,1785072687315,50.29999923706055
uzgYfBW44KGZ6mkTxTpW,66,14.5706667,120.9931033,1785072689315,50.29999923706055
uzgYfBW44KGZ6mkTxTpW,67,14.57063,120.9930333,1785072691315,50.29999923706055
uzgYfBW44KGZ6mkTxTpW,68,14.5705983,120.9929617,1785072693315,50.29999923706055
uzgYfBW44KGZ6mkTxTpW,69,14.5705717,120.9928883,1785072695315,50.29999923706055
uzgYfBW44KGZ6mkTxTpW,70,14.5705417,120.992815,1785072697314,50.29999923706055
uzgYfBW44KGZ6mkTxTpW,71,14.5705117,120.9927433,1785072699315,49.5
uzgYfBW44KGZ6mkTxTpW,72,14.5704917,120.99268,1785072701315,49.5
uzgYfBW44KGZ6mkTxTpW,73,14.5704833,120.992625,1785072703315,49.5
uzgYfBW44KGZ6mkTxTpW,74,14.57047,120.992555,1785072705315,49.5
uzgYfBW44KGZ6mkTxTpW,75,14.5704783,120.9925233,1785072707315,49.5
uzgYfBW44KGZ6mkTxTpW,76,14.5705133,120.9924933,1785072709315,49.5
uzgYfBW44KGZ6mkTxTpW,77,14.5705667,120.9924467,1785072711314,49.5
uzgYfBW44KGZ6mkTxTpW,78,14.5706217,120.9923933,1785072713314,49.5
uzgYfBW44KGZ6mkTxTpW,79,14.5706767,120.9923483,1785072715314,49.5
uzgYfBW44KGZ6mkTxTpW,80,14.5707267,120.9923067,1785072717314,50.20000076293945
uzgYfBW44KGZ6mkTxTpW,81,14.5707717,120.9922683,1785072719313,50.20000076293945
uzgYfBW44KGZ6mkTxTpW,82,14.5708167,120.9922283,1785072721313,50.20000076293945
uzgYfBW44KGZ6mkTxTpW,83,14.5708567,120.9921917,1785072723314,50.20000076293945
uzgYfBW44KGZ6mkTxTpW,84,14.5708967,120.99216,1785072725314,50.20000076293945
uzgYfBW44KGZ6mkTxTpW,85,14.57093,120.9921367,1785072727314,50.20000076293945
uzgYfBW44KGZ6mkTxTpW,86,14.570965,120.99212,1785072729314,50.20000076293945
uzgYfBW44KGZ6mkTxTpW,87,14.5709883,120.992095,1785072731314,50.20000076293945
uzgYfBW44KGZ6mkTxTpW,88,14.571,120.99206,1785072733314,50.20000076293945
uzgYfBW44KGZ6mkTxTpW,89,14.5709967,120.9920283,1785072735314,50.20000076293945
uzgYfBW44KGZ6mkTxTpW,90,14.5709867,120.9920067,1785072737314,50.20000076293945
uzgYfBW44KGZ6mkTxTpW,91,14.5709817,120.9919867,1785072740314,50.5
wFGPnR9h9dWI8UwbcSLb,0,14.5625051,120.9948859,1784948448778,75.69999694824219
wFGPnR9h9dWI8UwbcSLb,1,14.5624823,120.9948493,1784948458293,75.69999694824219
wFGPnR9h9dWI8UwbcSLb,2,14.5625442,120.9950683,1784948467819,75.69999694824219
wFGPnR9h9dWI8UwbcSLb,3,14.5625409,120.9950137,1784948477244,75.69999694824219
wFGPnR9h9dWI8UwbcSLb,4,14.5622897,120.9947867,1784948486739,75.69999694824219
wFGPnR9h9dWI8UwbcSLb,5,14.5622162,120.9946852,1784948496244,75.69999694824219
wFGPnR9h9dWI8UwbcSLb,6,14.5621688,120.9946618,1784948505790,75.69999694824219
wFGPnR9h9dWI8UwbcSLb,7,14.5622121,120.9946807,1784948515314,75.69999694824219
wFGPnR9h9dWI8UwbcSLb,8,14.5621976,120.9946904,1784948524838,75.69999694824219
wFGPnR9h9dWI8UwbcSLb,9,14.5622108,120.9946885,1784948534347,75.69999694824219
wFGPnR9h9dWI8UwbcSLb,10,14.5622125,120.9946882,1784948543787,75.69999694824219
wFGPnR9h9dWI8UwbcSLb,11,14.5622002,120.9946967,1784948553202,75.69999694824219
wFGPnR9h9dWI8UwbcSLb,12,14.5622218,120.9946896,1784948562625,75.69999694824219
wFGPnR9h9dWI8UwbcSLb,13,14.5622144,120.9946883,1784948572147,75.69999694824219
wFGPnR9h9dWI8UwbcSLb,14,14.562207,120.9946758,1784948581672,75.69999694824219
wFGPnR9h9dWI8UwbcSLb,15,14.5622122,120.9946872,1784948591177,75.69999694824219
wFGPnR9h9dWI8UwbcSLb,16,14.5622126,120.9946883,1784948600711,75.69999694824219
wFGPnR9h9dWI8UwbcSLb,17,14.5622133,120.9946885,1784948610247,75.69999694824219
wFGPnR9h9dWI8UwbcSLb,18,14.5622126,120.9946883,1784948619745,75.69999694824219
wFGPnR9h9dWI8UwbcSLb,19,14.5622128,120.9946884,1784948629287,75.69999694824219
wFGPnR9h9dWI8UwbcSLb,20,14.5621995,120.9946968,1784948638810,75.69999694824219
wFGPnR9h9dWI8UwbcSLb,21,14.5622149,120.9946853,1784948648333,75.69999694824219
wFGPnR9h9dWI8UwbcSLb,22,14.5622276,120.9946774,1784948657769,75.69999694824219
wFGPnR9h9dWI8UwbcSLb,23,14.5622049,120.9946924,1784948667278,75.69999694824219
wFGPnR9h9dWI8UwbcSLb,24,14.5621936,120.99468,1784948676803,75.69999694824219
wFGPnR9h9dWI8UwbcSLb,25,14.5622116,120.9946879,1784948686217,75.69999694824219
wFGPnR9h9dWI8UwbcSLb,26,14.5622066,120.994678,1784948695745,75.69999694824219
wFGPnR9h9dWI8UwbcSLb,27,14.5621967,120.9946626,1784948705167,75.69999694824219
wFGPnR9h9dWI8UwbcSLb,28,14.5622349,120.9946825,1784948714631,75.69999694824219
wFGPnR9h9dWI8UwbcSLb,29,14.5622169,120.9946883,1784948724110,75.69999694824219
wFGPnR9h9dWI8UwbcSLb,30,14.5622494,120.9946991,1784948733571,75.69999694824219
wFGPnR9h9dWI8UwbcSLb,31,14.562316,120.9947561,1784948743129,75.69999694824219
wFGPnR9h9dWI8UwbcSLb,32,14.562241,120.9947122,1784948752618,75.69999694824219
wFGPnR9h9dWI8UwbcSLb,33,14.5622774,120.9947324,1784948762124,75.69999694824219
wFGPnR9h9dWI8UwbcSLb,34,14.5622491,120.9947135,1784948771666,75.69999694824219
wFGPnR9h9dWI8UwbcSLb,35,14.5622175,120.9946912,1784948781267,75.69999694824219
wFGPnR9h9dWI8UwbcSLb,36,14.5622464,120.9947105,1784948790712,75.69999694824219
wFGPnR9h9dWI8UwbcSLb,37,14.5622301,120.994705,1784948800224,75.69999694824219
wFGPnR9h9dWI8UwbcSLb,38,14.5622353,120.9947042,1784948809846,75.69999694824219
wFGPnR9h9dWI8UwbcSLb,39,14.5623157,120.9947393,1784948819271,75.69999694824219
wFGPnR9h9dWI8UwbcSLb,40,14.5622704,120.9947212,1784948828805,75.69999694824219
wFGPnR9h9dWI8UwbcSLb,41,14.5622945,120.9947234,1784948838338,75.69999694824219
wFGPnR9h9dWI8UwbcSLb,42,14.5622782,120.9947101,1784948847849,75.69999694824219
wFGPnR9h9dWI8UwbcSLb,43,14.5623206,120.9947323,1784948857365,75.69999694824219
wFGPnR9h9dWI8UwbcSLb,44,14.5622889,120.9947339,1784948866888,75.69999694824219
wFGPnR9h9dWI8UwbcSLb,45,14.5622802,120.9947451,1784948876441,75.69999694824219
wFGPnR9h9dWI8UwbcSLb,46,14.5622295,120.9947069,1784948885945,75.69999694824219
wFGPnR9h9dWI8UwbcSLb,47,14.5623129,120.9947364,1784948895466,75.69999694824219
wFGPnR9h9dWI8UwbcSLb,48,14.5623184,120.9947345,1784948904989,75.69999694824219
wFGPnR9h9dWI8UwbcSLb,49,14.5622379,120.9947061,1784948914508,75.69999694824219
wFGPnR9h9dWI8UwbcSLb,50,14.5622234,120.9947021,1784948924035,75.69999694824219
wFGPnR9h9dWI8UwbcSLb,51,14.5623005,120.9947373,1784948933566,75.69999694824219
wFGPnR9h9dWI8UwbcSLb,52,14.5622609,120.9946984,1784948943081,75.69999694824219
wFGPnR9h9dWI8UwbcSLb,53,14.5622258,120.9948786,1784948952504,75.69999694824219
wFGPnR9h9dWI8UwbcSLb,54,14.5622287,120.9947112,1784948960807,75.69999694824219
wFGPnR9h9dWI8UwbcSLb,55,14.5622397,120.994689,1784948970731,75.69999694824219
wFGPnR9h9dWI8UwbcSLb,56,14.5622338,120.9946811,1784948980277,75.69999694824219
wFGPnR9h9dWI8UwbcSLb,57,14.5622478,120.9946888,1784948990728,75.69999694824219
wFGPnR9h9dWI8UwbcSLb,58,14.5622398,120.9946798,1784949000222,75.69999694824219
wFGPnR9h9dWI8UwbcSLb,59,14.5622564,120.9946937,1784949010713,75.69999694824219
wFGPnR9h9dWI8UwbcSLb,60,14.5622279,120.9946942,1784949020194,75.69999694824219
wFGPnR9h9dWI8UwbcSLb,61,14.5622302,120.9946891,1784949030734,75.69999694824219
wFGPnR9h9dWI8UwbcSLb,62,14.5622126,120.9946788,1784949040784,75.69999694824219
wFGPnR9h9dWI8UwbcSLb,63,14.562224,120.994693,1784949050193,75.69999694824219
wFGPnR9h9dWI8UwbcSLb,64,14.5622611,120.9946897,1784949060736,75.69999694824219
wFGPnR9h9dWI8UwbcSLb,65,14.5622273,120.9946845,1784949070759,75.69999694824219
wFGPnR9h9dWI8UwbcSLb,66,14.5622195,120.9946877,1784949569903,75.69999694824219
wFGPnR9h9dWI8UwbcSLb,67,14.5622263,120.9947022,1784950263717,78.06393460656524
wFGPnR9h9dWI8UwbcSLb,68,14.5622916,120.9947352,1784950986787,75.69999694824219
wFGPnR9h9dWI8UwbcSLb,69,14.5623926,120.9947799,1784951397958,75.69999694824219
wFGPnR9h9dWI8UwbcSLb,70,14.5623201,120.9947157,1784952033764,75.69999694824219
wFGPnR9h9dWI8UwbcSLb,71,14.5623331,120.9947562,1784952101169,75.69999694824219
wFGPnR9h9dWI8UwbcSLb,72,14.5623709,120.9947804,1784952104167,75.69999694824219
wFGPnR9h9dWI8UwbcSLb,73,14.5624057,120.9947804,1784952106074,75.69999694824219
wFGPnR9h9dWI8UwbcSLb,74,14.5623997,120.9947552,1784952110071,75.69999694824219
wFGPnR9h9dWI8UwbcSLb,75,14.5623777,120.9947155,1784952112013,75.69999694824219
wFGPnR9h9dWI8UwbcSLb,76,14.5625637,120.9949583,1784952114168,75.69999694824219
wFGPnR9h9dWI8UwbcSLb,77,14.5625292,120.9948355,1784952122168,75.69999694824219
wFGPnR9h9dWI8UwbcSLb,78,14.562553,120.994872,1784952130975,75.69999694824219
wFGPnR9h9dWI8UwbcSLb,79,14.5625352,120.9948339,1784952134168,75.69999694824219
wFGPnR9h9dWI8UwbcSLb,80,14.5625438,120.9948556,1784952140168,75.69999694824219
wFGPnR9h9dWI8UwbcSLb,81,14.5625108,120.9947906,1784952142167,75.69999694824219
wFGPnR9h9dWI8UwbcSLb,82,14.5625291,120.9948136,1784952150051,75.69999694824219
wFGPnR9h9dWI8UwbcSLb,83,14.5625162,120.9947834,1784952152168,75.69999694824219
wFGPnR9h9dWI8UwbcSLb,84,14.5625259,120.9948019,1784952160168,75.69999694824219
wFGPnR9h9dWI8UwbcSLb,85,14.5625367,120.994816,1784952175634,75.69999694824219
wFGPnR9h9dWI8UwbcSLb,86,14.5624191,120.9948502,1784952180841,75.69999694824219
wFGPnR9h9dWI8UwbcSLb,87,14.5624694,120.9950284,1784952195187,75.69999694824219
wFGPnR9h9dWI8UwbcSLb,88,14.5622989,120.9948112,1784952204668,75.69999694824219
wFGPnR9h9dWI8UwbcSLb,89,14.5624057,120.9948938,1784952210708,75.69999694824219
wFGPnR9h9dWI8UwbcSLb,90,14.5624508,120.9949151,1784952225161,75.69999694824219
wFGPnR9h9dWI8UwbcSLb,91,14.5622903,120.9947719,1784952234643,75.69999694824219
wFGPnR9h9dWI8UwbcSLb,92,14.5622659,120.9947294,1784952241704,75.69999694824219
wFGPnR9h9dWI8UwbcSLb,93,14.5622649,120.994717,1784952256241,75.69999694824219
wFGPnR9h9dWI8UwbcSLb,94,14.5622508,120.9947207,1784952265722,75.69999694824219
wFGPnR9h9dWI8UwbcSLb,95,14.5622339,120.9947168,1784952271704,75.69999694824219
wFGPnR9h9dWI8UwbcSLb,96,14.5622263,120.994713,1784952285732,75.69999694824219
wFGPnR9h9dWI8UwbcSLb,97,14.5622206,120.9947044,1784952296154,75.69999694824219
wFGPnR9h9dWI8UwbcSLb,98,14.5624277,120.9948849,1784952800601,75.69999694824219
wFGPnR9h9dWI8UwbcSLb,99,14.5622019,120.9947048,1784953099926,77.4885591154788
wFGPnR9h9dWI8UwbcSLb,100,14.5622247,120.9947041,1784953339772,77.92277807536585
wFGPnR9h9dWI8UwbcSLb,101,14.5622129,120.9946799,1784953826068,75.69999694824219
wFGPnR9h9dWI8UwbcSLb,102,14.5622017,120.9946912,1784954554249,75.69999694824219
wFGPnR9h9dWI8UwbcSLb,103,14.562295,120.9947438,1784955507894,75.69999694824219
wFGPnR9h9dWI8UwbcSLb,104,14.5622352,120.994785,1784955792692,75.69999694824219
wFGPnR9h9dWI8UwbcSLb,105,14.5622238,120.9947107,1784955811689,75.69999694824219
wFGPnR9h9dWI8UwbcSLb,106,14.5622319,120.9947114,1784955826252,75.69999694824219
wFGPnR9h9dWI8UwbcSLb,107,14.5624907,120.9949427,1784955842665,75.69999694824219
wFGPnR9h9dWI8UwbcSLb,108,14.5624909,120.9949408,1784955857189,75.69999694824219
wFGPnR9h9dWI8UwbcSLb,109,14.5625248,120.9949746,1784955872665,75.69999694824219
wFGPnR9h9dWI8UwbcSLb,110,14.5622054,120.9946794,1784955892657,75.69999694824219
wFGPnR9h9dWI8UwbcSLb,111,14.5622036,120.9946758,1784955906735,75.69999694824219
wFGPnR9h9dWI8UwbcSLb,112,14.5625128,120.9949501,1784955916101,75.69999694824219
wFGPnR9h9dWI8UwbcSLb,113,14.5624852,120.9949321,1784955925582,75.69999694824219
wFGPnR9h9dWI8UwbcSLb,114,14.5622198,120.9946941,1784956246508,75.69999694824219
wFGPnR9h9dWI8UwbcSLb,115,14.562216,120.9947064,1784956901621,75.69999694824219
wFGPnR9h9dWI8UwbcSLb,116,14.562435,120.9949103,1784957292943,75.69999694824219
wFGPnR9h9dWI8UwbcSLb,117,14.5622106,120.9946804,1784957932614,75.69999694824219
wFGPnR9h9dWI8UwbcSLb,118,14.5622835,120.9947949,1784957937170,75.69999694824219
wFGPnR9h9dWI8UwbcSLb,119,14.5623095,120.9947998,1784957942170,75.69999694824219
wFGPnR9h9dWI8UwbcSLb,120,14.5623323,120.9947966,1784957944169,75.69999694824219
wFGPnR9h9dWI8UwbcSLb,121,14.562355,120.994788,1784957946170,75.69999694824219
wFGPnR9h9dWI8UwbcSLb,122,14.562373,120.9947457,1784957948170,75.69999694824219
wFGPnR9h9dWI8UwbcSLb,123,14.56239,120.9947381,1784957950170,75.69999694824219
wFGPnR9h9dWI8UwbcSLb,124,14.5624056,120.9947479,1784957956171,75.69999694824219
wFGPnR9h9dWI8UwbcSLb,125,14.5624185,120.994783,1784957966169,75.69999694824219
wFGPnR9h9dWI8UwbcSLb,126,14.5624184,120.9948033,1784957975170,75.69999694824219
wFGPnR9h9dWI8UwbcSLb,127,14.5624166,120.9948263,1784957985170,75.69999694824219
wIPO1j96ud6El1nYbscc,0,14.5529704,120.9874528,1784873784593,49.09999847412109
wIPO1j96ud6El1nYbscc,1,14.5517189,120.9878551,1784873806898,49.09999847412109
wIPO1j96ud6El1nYbscc,2,14.5518077,120.9881785,1784873821509,49.0
wIPO1j96ud6El1nYbscc,3,14.551821,120.9883582,1784873825154,49.09999847412109
wIPO1j96ud6El1nYbscc,4,14.5518197,120.9884574,1784873827154,49.70000076293945
wIPO1j96ud6El1nYbscc,5,14.5518117,120.9885543,1784873829153,49.0
wIPO1j96ud6El1nYbscc,6,14.5518181,120.9886568,1784873831153,49.09999847412109
wIPO1j96ud6El1nYbscc,7,14.5518415,120.9887892,1784873833154,49.09999847412109
wIPO1j96ud6El1nYbscc,8,14.551884,120.9889101,1784873835154,49.09999847412109
wIPO1j96ud6El1nYbscc,9,14.5519429,120.9890436,1784873837154,49.70000076293945
wIPO1j96ud6El1nYbscc,10,14.5519912,120.9891572,1784873839153,49.0
wIPO1j96ud6El1nYbscc,11,14.5520463,120.9892673,1784873841155,49.09999847412109
wIPO1j96ud6El1nYbscc,12,14.5520994,120.9893915,1784873843153,49.09999847412109
wIPO1j96ud6El1nYbscc,13,14.5521601,120.9895053,1784873845155,49.09999847412109
wIPO1j96ud6El1nYbscc,14,14.5522131,120.9896642,1784873847155,49.70000076293945
wIPO1j96ud6El1nYbscc,15,14.5522706,120.9897853,1784873849153,49.0
wIPO1j96ud6El1nYbscc,16,14.5523293,120.9899021,1784873851154,49.09999847412109
wIPO1j96ud6El1nYbscc,17,14.5523353,120.9900133,1784873853154,49.09999847412109
wIPO1j96ud6El1nYbscc,18,14.5523569,120.990107,1784873855154,49.09999847412109
wIPO1j96ud6El1nYbscc,19,14.5524055,120.9901932,1784873857153,49.09999847412109
wIPO1j96ud6El1nYbscc,20,14.5524363,120.9902692,1784873859154,49.70000076293945
wIPO1j96ud6El1nYbscc,21,14.5524812,120.9903698,1784873861154,49.0
wIPO1j96ud6El1nYbscc,22,14.5525086,120.9904857,1784873863153,49.09999847412109
wIPO1j96ud6El1nYbscc,23,14.5525404,120.9905973,1784873865154,49.09999847412109
wIPO1j96ud6El1nYbscc,24,14.5525797,120.9907353,1784873867155,51.5
wIPO1j96ud6El1nYbscc,25,14.5525859,120.9908844,1784873869153,51.5
wIPO1j96ud6El1nYbscc,26,14.5526303,120.9910237,1784873871154,51.5
wIPO1j96ud6El1nYbscc,27,14.552674,120.9911439,1784873873153,51.5
wIPO1j96ud6El1nYbscc,28,14.5526948,120.9912912,1784873875154,51.5
wIPO1j96ud6El1nYbscc,29,14.5527321,120.9914296,1784873877153,51.5
wIPO1j96ud6El1nYbscc,30,14.5527868,120.9915706,1784873879154,51.5
wIPO1j96ud6El1nYbscc,31,14.5528302,120.9916927,1784873881155,51.5
wIPO1j96ud6El1nYbscc,32,14.5528672,120.9918229,1784873883154,51.5
wIPO1j96ud6El1nYbscc,33,14.5529654,120.9919453,1784873885153,51.5
wIPO1j96ud6El1nYbscc,34,14.5529985,120.9920778,1784873887153,51.5
wIPO1j96ud6El1nYbscc,35,14.553029,120.9921835,1784873889154,51.5
wIPO1j96ud6El1nYbscc,36,14.5530483,120.9922977,1784873891153,51.5
wIPO1j96ud6El1nYbscc,37,14.5530502,120.9924167,1784873893154,51.5
wIPO1j96ud6El1nYbscc,38,14.5530903,120.99254,1784873895154,51.5
wIPO1j96ud6El1nYbscc,39,14.5530937,120.9926509,1784873897154,51.5
wIPO1j96ud6El1nYbscc,40,14.5531331,120.99277,1784873899154,51.5
wIPO1j96ud6El1nYbscc,41,14.5531847,120.9928895,1784873901154,51.5
wIPO1j96ud6El1nYbscc,42,14.5531918,120.9930209,1784873903153,51.5
wIPO1j96ud6El1nYbscc,43,14.553201,120.9931591,1784873905155,51.5
wIPO1j96ud6El1nYbscc,44,14.553207,120.9933079,1784873907153,51.5
wIPO1j96ud6El1nYbscc,45,14.553235,120.9934358,1784873909154,51.5
wIPO1j96ud6El1nYbscc,46,14.5532358,120.9935531,1784873911154,51.5
wIPO1j96ud6El1nYbscc,47,14.5532444,120.9936672,1784873913155,51.5
wIPO1j96ud6El1nYbscc,48,14.5532602,120.9937842,1784873915155,51.5
wIPO1j96ud6El1nYbscc,49,14.5532673,120.9938694,1784873917155,51.5
wIPO1j96ud6El1nYbscc,50,14.5532692,120.99394,1784873919155,51.5
wIPO1j96ud6El1nYbscc,51,14.5532825,120.9940127,1784873921153,51.5
wIPO1j96ud6El1nYbscc,52,14.5532911,120.9940746,1784873923154,51.5
wIPO1j96ud6El1nYbscc,53,14.5532856,120.9941018,1784873927154,51.5
wIPO1j96ud6El1nYbscc,54,14.5532867,120.9941265,1784873929153,51.5
wIPO1j96ud6El1nYbscc,55,14.55329,120.9941601,1784873931155,51.5
wIPO1j96ud6El1nYbscc,56,14.553301,120.9942339,1784873933154,51.5
wIPO1j96ud6El1nYbscc,57,14.5533127,120.9943428,1784873935153,51.5
wIPO1j96ud6El1nYbscc,58,14.5533312,120.9944511,1784873937154,51.5
wIPO1j96ud6El1nYbscc,59,14.5533432,120.9945631,1784873939153,51.5
wIPO1j96ud6El1nYbscc,60,14.5533477,120.9946952,1784873941154,51.5
wIPO1j96ud6El1nYbscc,61,14.5534404,120.9948601,1784873943154,51.5
wIPO1j96ud6El1nYbscc,62,14.5534641,120.9950148,1784873945155,51.5
wIPO1j96ud6El1nYbscc,63,14.5534826,120.9951708,1784873947155,51.5
wIPO1j96ud6El1nYbscc,64,14.553485,120.9953283,1784873949153,51.5
wIPO1j96ud6El1nYbscc,65,14.5535472,120.9955287,1784873951153,51.5
wIPO1j96ud6El1nYbscc,66,14.5535845,120.9957081,1784873953153,51.5
wIPO1j96ud6El1nYbscc,67,14.5536224,120.9958638,1784873955154,51.5
wIPO1j96ud6El1nYbscc,68,14.5536497,120.9960137,1784873957153,51.5
wIPO1j96ud6El1nYbscc,69,14.5536838,120.9961692,1784873959154,51.5
wIPO1j96ud6El1nYbscc,70,14.5537056,120.9963005,1784873961153,51.5
wIPO1j96ud6El1nYbscc,71,14.5537411,120.9964302,1784873963154,51.5
wIPO1j96ud6El1nYbscc,72,14.5537749,120.9965993,1784873966154,51.5
wIPO1j96ud6El1nYbscc,73,14.5537907,120.9966876,1784873968154,51.5
wIPO1j96ud6El1nYbscc,74,14.5538068,120.9967556,1784873970154,51.5
wIPO1j96ud6El1nYbscc,75,14.553805,120.9968223,1784873972153,51.5
wIPO1j96ud6El1nYbscc,76,14.5538444,120.9969006,1784873974154,51.5
wIPO1j96ud6El1nYbscc,77,14.5538921,120.9969846,1784873976153,51.5
wIPO1j96ud6El1nYbscc,78,14.5539644,120.9970442,1784873978153,51.5
wIPO1j96ud6El1nYbscc,79,14.5540152,120.9971061,1784873980154,51.5
wIPO1j96ud6El1nYbscc,80,14.5540326,120.9971945,1784873982153,51.5
wIPO1j96ud6El1nYbscc,81,14.5540353,120.9972716,1784873984153,51.5
wIPO1j96ud6El1nYbscc,82,14.5540895,120.9973244,1784873986154,51.5
wIPO1j96ud6El1nYbscc,83,14.5541975,120.9973252,1784873988155,51.5
wIPO1j96ud6El1nYbscc,84,14.5542485,120.9973079,1784873990154,51.5
wIPO1j96ud6El1nYbscc,85,14.5543104,120.9973235,1784873992155,51.5
wIPO1j96ud6El1nYbscc,86,14.5543568,120.9973023,1784873994154,51.5
wIPO1j96ud6El1nYbscc,87,14.554463,120.9972416,1784873996153,51.5
wIPO1j96ud6El1nYbscc,88,14.55456,120.9971854,1784873998154,51.5
wIPO1j96ud6El1nYbscc,89,14.5546654,120.9971528,1784874000154,51.5
wIPO1j96ud6El1nYbscc,90,14.5547495,120.9971306,1784874002154,51.29999923706055
wIPO1j96ud6El1nYbscc,91,14.5548161,120.9971246,1784874004154,51.29999923706055
wIPO1j96ud6El1nYbscc,92,14.5548886,120.9971149,1784874006154,51.29999923706055
wIPO1j96ud6El1nYbscc,93,14.5549666,120.9970905,1784874008154,51.29999923706055
wIPO1j96ud6El1nYbscc,94,14.5550378,120.9970772,1784874010153,51.29999923706055
wIPO1j96ud6El1nYbscc,95,14.5551246,120.99706,1784874012154,51.29999923706055
wIPO1j96ud6El1nYbscc,96,14.5552514,120.997038,1784874014154,51.29999923706055
wIPO1j96ud6El1nYbscc,97,14.5553451,120.9970365,1784874016153,51.29999923706055
wIPO1j96ud6El1nYbscc,98,14.5554352,120.99704,1784874018154,51.29999923706055
wIPO1j96ud6El1nYbscc,99,14.5555176,120.9969996,1784874020155,51.29999923706055
wIPO1j96ud6El1nYbscc,100,14.5555958,120.9969778,1784874022153,51.29999923706055
wIPO1j96ud6El1nYbscc,101,14.5556774,120.9969425,1784874024154,51.29999923706055
wIPO1j96ud6El1nYbscc,102,14.5557424,120.996919,1784874026154,51.09999847412109
wIPO1j96ud6El1nYbscc,103,14.5558225,120.9968805,1784874028153,51.09999847412109
wIPO1j96ud6El1nYbscc,104,14.5559142,120.9968338,1784874030155,51.09999847412109
wIPO1j96ud6El1nYbscc,105,14.5559877,120.996803,1784874032155,51.09999847412109
wIPO1j96ud6El1nYbscc,106,14.5560637,120.9967791,1784874034155,51.09999847412109
wIPO1j96ud6El1nYbscc,107,14.556158,120.9967619,1784874036153,51.09999847412109
wIPO1j96ud6El1nYbscc,108,14.5562535,120.996729,1784874038154,51.20000076293945
wIPO1j96ud6El1nYbscc,109,14.5563564,120.9967036,1784874040155,51.20000076293945
wIPO1j96ud6El1nYbscc,110,14.5564597,120.9966645,1784874042153,51.20000076293945
wIPO1j96ud6El1nYbscc,111,14.5565547,120.9966577,1784874044155,51.20000076293945
wIPO1j96ud6El1nYbscc,112,14.5566349,120.9966191,1784874046153,51.20000076293945
wIPO1j96ud6El1nYbscc,113,14.5567109,120.9965822,1784874048155,51.20000076293945
wIPO1j96ud6El1nYbscc,114,14.5567737,120.9965708,1784874050154,51.20000076293945
wIPO1j96ud6El1nYbscc,115,14.556863,120.9965618,1784874052153,51.20000076293945
wIPO1j96ud6El1nYbscc,116,14.5569759,120.9965688,1784874054154,51.20000076293945
wIPO1j96ud6El1nYbscc,117,14.5570669,120.9965721,1784874056153,51.20000076293945
wIPO1j96ud6El1nYbscc,118,14.5571648,120.9965354,1784874058153,51.20000076293945
wIPO1j96ud6El1nYbscc,119,14.5572819,120.9965006,1784874060154,51.20000076293945
wIPO1j96ud6El1nYbscc,120,14.5573965,120.9964733,1784874062154,51.20000076293945
wIPO1j96ud6El1nYbscc,121,14.5575094,120.996378,1784874064153,51.20000076293945
wIPO1j96ud6El1nYbscc,122,14.5576525,120.9963525,1784874066153,51.20000076293945
wIPO1j96ud6El1nYbscc,123,14.5577799,120.996309,1784874068155,51.20000076293945
wIPO1j96ud6El1nYbscc,124,14.5578979,120.9962671,1784874070154,51.20000076293945
wIPO1j96ud6El1nYbscc,125,14.5580104,120.9962271,1784874072154,51.20000076293945
wIPO1j96ud6El1nYbscc,126,14.5581258,120.9962236,1784874074154,51.20000076293945
wIPO1j96ud6El1nYbscc,127,14.5582308,120.9962074,1784874076154,51.20000076293945
wIPO1j96ud6El1nYbscc,128,14.5583426,120.9961846,1784874078154,51.20000076293945
wIPO1j96ud6El1nYbscc,129,14.5584618,120.9961651,1784874080153,51.20000076293945
wIPO1j96ud6El1nYbscc,130,14.5585673,120.9961364,1784874082155,51.20000076293945
wIPO1j96ud6El1nYbscc,131,14.5586724,120.9961158,1784874084154,51.20000076293945
wIPO1j96ud6El1nYbscc,132,14.5587756,120.9961394,1784874086153,51.20000076293945
wIPO1j96ud6El1nYbscc,133,14.5588816,120.9961173,1784874088154,51.20000076293945
wIPO1j96ud6El1nYbscc,134,14.559003,120.9960828,1784874090154,51.20000076293945
wIPO1j96ud6El1nYbscc,135,14.5591155,120.9960517,1784874092153,51.20000076293945
wIPO1j96ud6El1nYbscc,136,14.5592236,120.9960612,1784874094153,51.20000076293945
wIPO1j96ud6El1nYbscc,137,14.5593304,120.9960529,1784874096154,51.20000076293945
wIPO1j96ud6El1nYbscc,138,14.559419,120.9960369,1784874098154,51.20000076293945
wIPO1j96ud6El1nYbscc,139,14.5594967,120.9960203,1784874100153,51.20000076293945
wIPO1j96ud6El1nYbscc,140,14.5595685,120.9960108,1784874102154,51.20000076293945
wIPO1j96ud6El1nYbscc,141,14.5596068,120.9960065,1784874104153,51.20000076293945
wIPO1j96ud6El1nYbscc,142,14.5596357,120.9959976,1784874106153,51.20000076293945
wIPO1j96ud6El1nYbscc,143,14.5596679,120.9959867,1784874108154,51.20000076293945
wIPO1j96ud6El1nYbscc,144,14.5596981,120.9959742,1784874110154,51.20000076293945
wIPO1j96ud6El1nYbscc,145,14.5597251,120.9959639,1784874112154,51.20000076293945
wIPO1j96ud6El1nYbscc,146,14.5597642,120.9959642,1784874114153,51.20000076293945
wIPO1j96ud6El1nYbscc,147,14.5598252,120.9959428,1784874116154,51.20000076293945
wIPO1j96ud6El1nYbscc,148,14.5599065,120.9959238,1784874118154,51.20000076293945
wIPO1j96ud6El1nYbscc,149,14.5599914,120.9959209,1784874120153,51.20000076293945
wIPO1j96ud6El1nYbscc,150,14.560052,120.9959168,1784874122154,51.20000076293945
wIPO1j96ud6El1nYbscc,151,14.5601114,120.9959097,1784874124154,51.20000076293945
wIPO1j96ud6El1nYbscc,152,14.5601599,120.9959042,1784874126154,51.20000076293945
wIPO1j96ud6El1nYbscc,153,14.5601959,120.9958904,1784874128154,51.20000076293945
wIPO1j96ud6El1nYbscc,154,14.5602214,120.9958826,1784874130154,51.20000076293945
wIPO1j96ud6El1nYbscc,155,14.5602354,120.9958423,1784874134154,51.20000076293945
wIPO1j96ud6El1nYbscc,156,14.5602331,120.9957995,1784874136154,49.5
wIPO1j96ud6El1nYbscc,157,14.5602174,120.9957441,1784874138153,49.5
wIPO1j96ud6El1nYbscc,158,14.56021,120.9956626,1784874140154,49.5
wIPO1j96ud6El1nYbscc,159,14.5602011,120.9955585,1784874142154,49.5
wIPO1j96ud6El1nYbscc,160,14.5601567,120.9954295,1784874144153,49.5
wIPO1j96ud6El1nYbscc,161,14.5601363,120.9953424,1784874146155,49.59999847412109
wIPO1j96ud6El1nYbscc,162,14.5601195,120.9952594,1784874148153,49.59999847412109
wIPO1j96ud6El1nYbscc,163,14.5601127,120.9951686,1784874150154,49.59999847412109
wIPO1j96ud6El1nYbscc,164,14.560097,120.9950784,1784874152154,49.59999847412109
wIPO1j96ud6El1nYbscc,165,14.5600844,120.994986,1784874154154,49.59999847412109
wIPO1j96ud6El1nYbscc,166,14.5600705,120.9948965,1784874156153,49.59999847412109
wIPO1j96ud6El1nYbscc,167,14.5600596,120.9948151,1784874158154,49.59999847412109
wIPO1j96ud6El1nYbscc,168,14.5600492,120.9947363,1784874160154,49.59999847412109
wIPO1j96ud6El1nYbscc,169,14.5600445,120.9946653,1784874162153,49.59999847412109
wIPO1j96ud6El1nYbscc,170,14.5600173,120.9946012,1784874164155,49.5
wIPO1j96ud6El1nYbscc,171,14.5600322,120.9945356,1784874166154,49.59999847412109
wIPO1j96ud6El1nYbscc,172,14.5601074,120.9944971,1784874168155,49.59999847412109
wIPO1j96ud6El1nYbscc,173,14.5601914,120.9944689,1784874170153,49.59999847412109
wIPO1j96ud6El1nYbscc,174,14.5602702,120.9944288,1784874172154,49.59999847412109
wIPO1j96ud6El1nYbscc,175,14.5603475,120.9943932,1784874174154,49.59999847412109
wIPO1j96ud6El1nYbscc,176,14.560418,120.9943701,1784874176154,49.59999847412109
wIPO1j96ud6El1nYbscc,177,14.5604841,120.9943494,1784874178154,49.89999771118164
wIPO1j96ud6El1nYbscc,178,14.5605456,120.9943165,1784874180154,49.89999771118164
wIPO1j96ud6El1nYbscc,179,14.560588,120.9942966,1784874182153,49.89999771118164
wIPO1j96ud6El1nYbscc,180,14.5606103,120.9942791,1784874184155,49.89999771118164
wIPO1j96ud6El1nYbscc,181,14.5606288,120.9942624,1784874186154,49.89999771118164
wIPO1j96ud6El1nYbscc,182,14.5606521,120.9942434,1784874188154,49.89999771118164
wIPO1j96ud6El1nYbscc,183,14.5606882,120.9942261,1784874190153,49.89999771118164
wIPO1j96ud6El1nYbscc,184,14.56073,120.9941981,1784874192154,49.89999771118164
wIPO1j96ud6El1nYbscc,185,14.560774,120.9941714,1784874194154,49.89999771118164
wIPO1j96ud6El1nYbscc,186,14.5608226,120.9941388,1784874196155,49.89999771118164
wIPO1j96ud6El1nYbscc,187,14.5608742,120.9941022,1784874198154,49.89999771118164
wIPO1j96ud6El1nYbscc,188,14.5609335,120.9940803,1784874200155,49.89999771118164
wIPO1j96ud6El1nYbscc,189,14.5610097,120.9940648,1784874202153,49.89999771118164
wIPO1j96ud6El1nYbscc,190,14.5610739,120.9940286,1784874204155,49.89999771118164
wIPO1j96ud6El1nYbscc,191,14.5611221,120.9940001,1784874206155,49.89999771118164
wIPO1j96ud6El1nYbscc,192,14.5611521,120.9939766,1784874208154,49.89999771118164
wIPO1j96ud6El1nYbscc,193,14.5611894,120.9939839,1784874210154,49.89999771118164
wIPO1j96ud6El1nYbscc,194,14.5612392,120.9940217,1784874212154,49.89999771118164
wIPO1j96ud6El1nYbscc,195,14.5612971,120.99408,1784874214154,49.89999771118164
wIPO1j96ud6El1nYbscc,196,14.5613747,120.9941469,1784874216155,49.89999771118164
wIPO1j96ud6El1nYbscc,197,14.5614356,120.9942068,1784874218154,49.79999923706055
wIPO1j96ud6El1nYbscc,198,14.5615285,120.9942594,1784874220154,49.79999923706055
wIPO1j96ud6El1nYbscc,199,14.561606,120.9943009,1784874222153,49.79999923706055
wIPO1j96ud6El1nYbscc,200,14.5616709,120.9943498,1784874224154,49.79999923706055
wIPO1j96ud6El1nYbscc,201,14.5617371,120.994397,1784874226154,49.79999923706055
wIPO1j96ud6El1nYbscc,202,14.5618066,120.9944405,1784874228155,49.79999923706055
wIPO1j96ud6El1nYbscc,203,14.5618682,120.9944766,1784874230154,49.59999847412109
wIPO1j96ud6El1nYbscc,204,14.561911,120.9945003,1784874232155,49.59999847412109
wIPO1j96ud6El1nYbscc,205,14.5619298,120.994511,1784874234153,49.59999847412109
wbYD9pTHrVY7hWNfTddd,0,14.5580108,120.9844795,1784907176112,47.88945820929217
wbYD9pTHrVY7hWNfTddd,1,14.5579993,120.9844773,1784907226730,47.93211446306113
wbYD9pTHrVY7hWNfTddd,2,14.5580048,120.9845018,1784907238154,48.6322971537922
wbYD9pTHrVY7hWNfTddd,3,14.5580113,120.9845244,1784907240154,50.29999923706055
wbYD9pTHrVY7hWNfTddd,4,14.5581587,120.9847018,1784907242156,50.29999923706055
wbYD9pTHrVY7hWNfTddd,5,14.5582291,120.9847696,1784907244154,50.29999923706055
wbYD9pTHrVY7hWNfTddd,6,14.5583034,120.9848383,1784907246156,50.29999923706055
wbYD9pTHrVY7hWNfTddd,7,14.5583831,120.9849197,1784907248155,50.29999923706055
wbYD9pTHrVY7hWNfTddd,8,14.5584512,120.9850099,1784907250154,50.29999923706055
wbYD9pTHrVY7hWNfTddd,9,14.5585216,120.9851067,1784907252155,50.29999923706055
wbYD9pTHrVY7hWNfTddd,10,14.5585922,120.9852066,1784907254155,50.29999923706055
wbYD9pTHrVY7hWNfTddd,11,14.5586604,120.9853136,1784907256156,50.29999923706055
wbYD9pTHrVY7hWNfTddd,12,14.5587267,120.9854246,1784907258155,50.29999923706055
wbYD9pTHrVY7hWNfTddd,13,14.5587896,120.9855386,1784907260155,50.29999923706055
wbYD9pTHrVY7hWNfTddd,14,14.558853,120.9856506,1784907262154,50.29999923706055
wbYD9pTHrVY7hWNfTddd,15,14.5589168,120.9857688,1784907264156,50.29999923706055
wbYD9pTHrVY7hWNfTddd,16,14.5589816,120.9858852,1784907266156,50.29999923706055
wbYD9pTHrVY7hWNfTddd,17,14.5590519,120.986001,1784907268155,50.29999923706055
wbYD9pTHrVY7hWNfTddd,18,14.5591151,120.9861138,1784907270155,50.29999923706055
wbYD9pTHrVY7hWNfTddd,19,14.5591719,120.9862219,1784907272154,50.29999923706055
wbYD9pTHrVY7hWNfTddd,20,14.5592114,120.9863196,1784907274155,50.29999923706055
wbYD9pTHrVY7hWNfTddd,21,14.5592491,120.9864141,1784907276154,50.29999923706055
wbYD9pTHrVY7hWNfTddd,22,14.5592826,120.9865034,1784907278155,50.29999923706055
wbYD9pTHrVY7hWNfTddd,23,14.5593094,120.9865896,1784907280155,50.29999923706055
wbYD9pTHrVY7hWNfTddd,24,14.5593402,120.9866764,1784907282155,50.29999923706055
wbYD9pTHrVY7hWNfTddd,25,14.5593582,120.9867513,1784907284156,50.29999923706055
wbYD9pTHrVY7hWNfTddd,26,14.5593741,120.9868016,1784907286155,50.29999923706055
wbYD9pTHrVY7hWNfTddd,27,14.5593834,120.9868318,1784907288154,50.29999923706055
wbYD9pTHrVY7hWNfTddd,28,14.559389,120.9868538,1784907290153,50.29999923706055
wbYD9pTHrVY7hWNfTddd,29,14.5593994,120.9868743,1784907292154,48.61771063827491
wbYD9pTHrVY7hWNfTddd,30,14.5594168,120.9869006,1784907294154,48.5843701242805
wbYD9pTHrVY7hWNfTddd,31,14.5594288,120.9869235,1784907296155,50.29999923706055
wbYD9pTHrVY7hWNfTddd,32,14.5594536,120.9869786,1784907302154,48.61771063827491
wbYD9pTHrVY7hWNfTddd,33,14.5594869,120.9870607,1784907304153,48.6437580047685
wbYD9pTHrVY7hWNfTddd,34,14.5595258,120.9871721,1784907306156,50.29999923706055
wbYD9pTHrVY7hWNfTddd,35,14.5595686,120.987291,1784907308155,50.29999923706055
wbYD9pTHrVY7hWNfTddd,36,14.5595952,120.9874239,1784907310154,50.29999923706055
wbYD9pTHrVY7hWNfTddd,37,14.5596209,120.9875595,1784907312155,50.29999923706055
wbYD9pTHrVY7hWNfTddd,38,14.5596478,120.9876878,1784907314153,50.29999923706055
wbYD9pTHrVY7hWNfTddd,39,14.5596832,120.9878097,1784907316156,50.29999923706055
wbYD9pTHrVY7hWNfTddd,40,14.5597103,120.9879349,1784907318155,49.93315245248761
wbYD9pTHrVY7hWNfTddd,41,14.5597291,120.9880607,1784907320155,49.87224140730557
wbYD9pTHrVY7hWNfTddd,42,14.5597543,120.9881827,1784907322154,51.87855335554076
wbYD9pTHrVY7hWNfTddd,43,14.5597968,120.9882803,1784907324155,51.476388810184496
wbYD9pTHrVY7hWNfTddd,44,14.559829,120.988415,1784907326155,50.04199496370242
wbYD9pTHrVY7hWNfTddd,45,14.5598602,120.9885302,1784907328154,50.12436671102649
wbYD9pTHrVY7hWNfTddd,46,14.5598938,120.9886648,1784907330156,50.16813297029843
wbYD9pTHrVY7hWNfTddd,47,14.5599287,120.9887874,1784907332155,50.218151825056125
wbYD9pTHrVY7hWNfTddd,48,14.559965,120.9889145,1784907334154,50.0
wbYD9pTHrVY7hWNfTddd,49,14.5599931,120.9890329,1784907336153,51.713978600610986
wbYD9pTHrVY7hWNfTddd,50,14.5600202,120.9891287,1784907338154,50.17235562682897
wbYD9pTHrVY7hWNfTddd,51,14.5600458,120.9892262,1784907340154,50.208501178091495
wbYD9pTHrVY7hWNfTddd,52,14.560096,120.9893098,1784907342154,50.03323887914453
wbYD9pTHrVY7hWNfTddd,53,14.5601748,120.9893831,1784907344154,50.21033635982406
wbYD9pTHrVY7hWNfTddd,54,14.5602765,120.9893861,1784907346154,49.93320126053666
wbYD9pTHrVY7hWNfTddd,55,14.5603723,120.9893483,1784907348155,50.0
wbYD9pTHrVY7hWNfTddd,56,14.5604735,120.9893058,1784907350153,51.46648937802476
wbYD9pTHrVY7hWNfTddd,57,14.5605658,120.9892504,1784907352153,49.82639154600803
wbYD9pTHrVY7hWNfTddd,58,14.5606591,120.9892025,1784907354153,49.90705033431686
wbYD9pTHrVY7hWNfTddd,59,14.5607405,120.9891568,1784907356153,50.0
wbYD9pTHrVY7hWNfTddd,60,14.5608203,120.9891125,1784907358155,50.0
wbYD9pTHrVY7hWNfTddd,61,14.560894,120.9890733,1784907360153,50.0
wbYD9pTHrVY7hWNfTddd,62,14.5609673,120.9890729,1784907362154,50.0
wbYD9pTHrVY7hWNfTddd,63,14.5610168,120.9891292,1784907364154,50.952255599042026
wbYD9pTHrVY7hWNfTddd,64,14.5610676,120.9892,1784907366153,50.0
wbYD9pTHrVY7hWNfTddd,65,14.5611177,120.9892876,1784907368155,50.0
wbYD9pTHrVY7hWNfTddd,66,14.5611606,120.989368,1784907370155,50.0
wbYD9pTHrVY7hWNfTddd,67,14.5612008,120.9894698,1784907372153,50.0
wbYD9pTHrVY7hWNfTddd,68,14.5612407,120.9895738,1784907374154,50.0
wbYD9pTHrVY7hWNfTddd,69,14.5612979,120.9896664,1784907376153,50.0
wbYD9pTHrVY7hWNfTddd,70,14.5613358,120.989768,1784907378155,50.0
wbYD9pTHrVY7hWNfTddd,71,14.5613912,120.9898661,1784907380153,50.0
wbYD9pTHrVY7hWNfTddd,72,14.5614622,120.9899595,1784907382153,50.0
wbYD9pTHrVY7hWNfTddd,73,14.56151,120.9900589,1784907384154,50.0
wbYD9pTHrVY7hWNfTddd,74,14.5615533,120.9901625,1784907386153,50.0
wbYD9pTHrVY7hWNfTddd,75,14.5615929,120.9902679,1784907388154,50.0
wbYD9pTHrVY7hWNfTddd,76,14.5616306,120.9903709,1784907390154,50.0
wbYD9pTHrVY7hWNfTddd,77,14.5616775,120.9904635,1784907392153,50.0
wbYD9pTHrVY7hWNfTddd,78,14.5617347,120.9905556,1784907394156,50.0
wbYD9pTHrVY7hWNfTddd,79,14.5617775,120.9906495,1784907396155,50.0
wbYD9pTHrVY7hWNfTddd,80,14.5618348,120.9907483,1784907398154,50.0
wbYD9pTHrVY7hWNfTddd,81,14.5618817,120.9908536,1784907400155,50.0
wbYD9pTHrVY7hWNfTddd,82,14.5619261,120.9909519,1784907402153,50.0
wbYD9pTHrVY7hWNfTddd,83,14.5619758,120.9910512,1784907404154,50.0
wbYD9pTHrVY7hWNfTddd,84,14.5620206,120.9911434,1784907406153,50.0
wbYD9pTHrVY7hWNfTddd,85,14.5620659,120.9912314,1784907408154,50.0
wbYD9pTHrVY7hWNfTddd,86,14.5621051,120.9913182,1784907410155,50.0
wbYD9pTHrVY7hWNfTddd,87,14.5621452,120.991397,1784907412153,50.0
wbYD9pTHrVY7hWNfTddd,88,14.5621724,120.9914668,1784907414154,50.0
wbYD9pTHrVY7hWNfTddd,89,14.5621778,120.9915156,1784907416154,50.0
wbYD9pTHrVY7hWNfTddd,90,14.5621658,120.9915364,1784907418154,50.0
wbYD9pTHrVY7hWNfTddd,91,14.5621415,120.9915606,1784907420153,50.0
wbYD9pTHrVY7hWNfTddd,92,14.5621032,120.9915884,1784907422153,50.0
wbYD9pTHrVY7hWNfTddd,93,14.5620708,120.9916055,1784907424154,50.0
wbYD9pTHrVY7hWNfTddd,94,14.562032,120.9916277,1784907426153,50.0
wbYD9pTHrVY7hWNfTddd,95,14.5619989,120.9916507,1784907428153,50.0
wbYD9pTHrVY7hWNfTddd,96,14.5619784,120.99166,1784907430153,50.215586824695976
wbYD9pTHrVY7hWNfTddd,97,14.5619522,120.991675,1784907432154,50.26767989470616
wbYD9pTHrVY7hWNfTddd,98,14.5619143,120.9916918,1784907434154,49.80204216109085
wbYD9pTHrVY7hWNfTddd,99,14.5618762,120.9917109,1784907436154,50.031192319940224
wbYD9pTHrVY7hWNfTddd,100,14.5618409,120.9917321,1784907438153,50.038485419982095
wbYD9pTHrVY7hWNfTddd,101,14.5618073,120.9917474,1784907440154,50.06140663180962
wbYD9pTHrVY7hWNfTddd,102,14.5617842,120.9917855,1784907442155,50.3447782174162
wbYD9pTHrVY7hWNfTddd,103,14.5617478,120.9918151,1784907444154,50.3468619654612
wbYD9pTHrVY7hWNfTddd,104,14.5616908,120.991848,1784907446154,50.38228575946398
wbYD9pTHrVY7hWNfTddd,105,14.5616182,120.991887,1784907448153,50.14058946998807
wbYD9pTHrVY7hWNfTddd,106,14.5615499,120.9919395,1784907450154,48.81981763270104
wbYD9pTHrVY7hWNfTddd,107,14.5614822,120.9919916,1784907452154,50.35730412371449
wbYD9pTHrVY7hWNfTddd,108,14.5614208,120.9920323,1784907454154,50.4865019963537
wbYD9pTHrVY7hWNfTddd,109,14.5613595,120.9920637,1784907456154,50.78237638680622
wbYD9pTHrVY7hWNfTddd,110,14.5613003,120.9920912,1784907458155,50.79071180613837
wbYD9pTHrVY7hWNfTddd,111,14.5612475,120.9921196,1784907460153,50.84905996767532
wbYD9pTHrVY7hWNfTddd,112,14.5611972,120.9921461,1784907462154,50.56152100665225
wbYD9pTHrVY7hWNfTddd,113,14.5611568,120.9921686,1784907464154,50.505256687578346
wbYD9pTHrVY7hWNfTddd,114,14.5611142,120.9921916,1784907466154,50.52609528135304
wbYD9pTHrVY7hWNfTddd,115,14.5610796,120.992209,1784907468154,50.50317283097786
wbYD9pTHrVY7hWNfTddd,116,14.5610493,120.9922317,1784907470153,50.76153787382299
wbYD9pTHrVY7hWNfTddd,117,14.5610379,120.9922479,1784907472155,50.70527414097924
wbYD9pTHrVY7hWNfTddd,118,14.5609917,120.9922752,1784907480156,49.39999771118164
wbYD9pTHrVY7hWNfTddd,119,14.560948,120.9923288,1784907482154,49.39999771118164
wbYD9pTHrVY7hWNfTddd,120,14.5609275,120.9924188,1784907484154,49.39999771118164
wbYD9pTHrVY7hWNfTddd,121,14.5609395,120.9925186,1784907486153,49.39999771118164
wbYD9pTHrVY7hWNfTddd,122,14.5609625,120.9926185,1784907488155,49.39999771118164
wbYD9pTHrVY7hWNfTddd,123,14.5609883,120.9927078,1784907490155,49.39999771118164
wbYD9pTHrVY7hWNfTddd,124,14.5610111,120.9927939,1784907492154,49.39999771118164
wbYD9pTHrVY7hWNfTddd,125,14.561024,120.9929054,1784907494153,49.39999771118164
wbYD9pTHrVY7hWNfTddd,126,14.5610461,120.9930057,1784907496154,49.39999771118164
wbYD9pTHrVY7hWNfTddd,127,14.561071,120.9931141,1784907498154,49.39999771118164
wbYD9pTHrVY7hWNfTddd,128,14.5610871,120.9932345,1784907500153,49.39999771118164
wbYD9pTHrVY7hWNfTddd,129,14.5610939,120.9933442,1784907502154,49.39999771118164
wbYD9pTHrVY7hWNfTddd,130,14.5610937,120.9934631,1784907504154,49.39999771118164
wbYD9pTHrVY7hWNfTddd,131,14.5610947,120.9935871,1784907506155,49.39999771118164
wbYD9pTHrVY7hWNfTddd,132,14.561103,120.9936989,1784907508155,49.39999771118164
wbYD9pTHrVY7hWNfTddd,133,14.5611277,120.9937986,1784907510155,49.39999771118164
wbYD9pTHrVY7hWNfTddd,134,14.561155,120.9939042,1784907512155,49.39999771118164
wbYD9pTHrVY7hWNfTddd,135,14.5612,120.9939973,1784907514155,49.39999771118164
wbYD9pTHrVY7hWNfTddd,136,14.5612602,120.9940739,1784907516154,49.39999771118164
wbYD9pTHrVY7hWNfTddd,137,14.5613596,120.9941575,1784907518155,49.39999771118164
wbYD9pTHrVY7hWNfTddd,138,14.5614329,120.9942322,1784907520155,49.39999771118164
wbYD9pTHrVY7hWNfTddd,139,14.56152,120.9942967,1784907522155,49.39999771118164
wbYD9pTHrVY7hWNfTddd,140,14.5616168,120.9943568,1784907524156,49.39999771118164
wbYD9pTHrVY7hWNfTddd,141,14.5617057,120.99441,1784907526155,49.39999771118164
wbYD9pTHrVY7hWNfTddd,142,14.561798,120.9944663,1784907528155,49.39999771118164
wbYD9pTHrVY7hWNfTddd,143,14.5618775,120.9945092,1784907530153,49.39999771118164
wbYD9pTHrVY7hWNfTddd,144,14.5619401,120.994532,1784907532153,49.39999771118164
wbYD9pTHrVY7hWNfTddd,145,14.5619883,120.9945685,1784907534154,49.39999771118164
wbYD9pTHrVY7hWNfTddd,146,14.5620351,120.9946108,1784907536154,49.39999771118164
wbYD9pTHrVY7hWNfTddd,147,14.562077,120.9946501,1784907538154,49.39999771118164
wbYD9pTHrVY7hWNfTddd,148,14.562107,120.9946612,1784907544153,49.39999771118164
wbYD9pTHrVY7hWNfTddd,149,14.5621266,120.9946657,1784907546154,50.20000076293945
whmYkMhuCYVUlGUGrqY7,0,14.5641858,120.9945647,1785127791150,51.20000076293945
whmYkMhuCYVUlGUGrqY7,1,14.5640611,120.9944795,1785127799015,51.20000076293945
whmYkMhuCYVUlGUGrqY7,2,14.5640867,120.994472,1785127801014,51.20000076293945
whmYkMhuCYVUlGUGrqY7,3,14.5641418,120.9944697,1785127803010,51.20000076293945
whmYkMhuCYVUlGUGrqY7,4,14.564233,120.9944512,1785127805020,51.20000076293945
whmYkMhuCYVUlGUGrqY7,5,14.5643573,120.9944281,1785127807012,51.20000076293945
whmYkMhuCYVUlGUGrqY7,6,14.5644685,120.9943883,1785127809021,51.20000076293945
whmYkMhuCYVUlGUGrqY7,7,14.5646086,120.9943408,1785127811018,51.20000076293945
whmYkMhuCYVUlGUGrqY7,8,14.5647559,120.9942863,1785127813018,51.20000076293945
whmYkMhuCYVUlGUGrqY7,9,14.564894,120.9942304,1785127815017,51.20000076293945
whmYkMhuCYVUlGUGrqY7,10,14.5650234,120.9941894,1785127817019,51.20000076293945
whmYkMhuCYVUlGUGrqY7,11,14.5651516,120.9941346,1785127819009,51.20000076293945
whmYkMhuCYVUlGUGrqY7,12,14.5652691,120.9940815,1785127821002,51.20000076293945
whmYkMhuCYVUlGUGrqY7,13,14.5654185,120.9940505,1785127823009,51.20000076293945
whmYkMhuCYVUlGUGrqY7,14,14.5655499,120.9939872,1785127825013,51.20000076293945
whmYkMhuCYVUlGUGrqY7,15,14.5656561,120.9939352,1785127827010,51.20000076293945
whmYkMhuCYVUlGUGrqY7,16,14.5657363,120.9938779,1785127829010,51.20000076293945
whmYkMhuCYVUlGUGrqY7,17,14.5657963,120.9938247,1785127831008,51.20000076293945
whmYkMhuCYVUlGUGrqY7,18,14.5658621,120.9938068,1785127833008,51.20000076293945
whmYkMhuCYVUlGUGrqY7,19,14.5659502,120.9938765,1785127835009,51.20000076293945
whmYkMhuCYVUlGUGrqY7,20,14.5659994,120.9940434,1785127837006,51.20000076293945
whmYkMhuCYVUlGUGrqY7,21,14.5660756,120.9941649,1785127839011,51.20000076293945
whmYkMhuCYVUlGUGrqY7,22,14.5661223,120.9943199,1785127841001,51.20000076293945
whmYkMhuCYVUlGUGrqY7,23,14.5661556,120.9944496,1785127843018,51.20000076293945
whmYkMhuCYVUlGUGrqY7,24,14.5661723,120.9945057,1785127845017,51.20000076293945
whmYkMhuCYVUlGUGrqY7,25,14.5660896,120.9945427,1785127847018,51.20000076293945
whmYkMhuCYVUlGUGrqY7,26,14.565971,120.9945378,1785127849034,51.20000076293945
whmYkMhuCYVUlGUGrqY7,27,14.5658233,120.9946014,1785127851015,51.20000076293945
whmYkMhuCYVUlGUGrqY7,28,14.5656938,120.9946849,1785127853016,51.20000076293945
whmYkMhuCYVUlGUGrqY7,29,14.5655703,120.9947704,1785127855014,51.20000076293945
whmYkMhuCYVUlGUGrqY7,30,14.565457,120.9948385,1785127857004,51.20000076293945
whmYkMhuCYVUlGUGrqY7,31,14.5653581,120.9948723,1785127859013,51.20000076293945
whmYkMhuCYVUlGUGrqY7,32,14.5652332,120.9949025,1785127861012,51.20000076293945
whmYkMhuCYVUlGUGrqY7,33,14.5651234,120.9949679,1785127863009,51.20000076293945
whmYkMhuCYVUlGUGrqY7,34,14.5650217,120.9950329,1785127865017,51.20000076293945
whmYkMhuCYVUlGUGrqY7,35,14.5649102,120.9950937,1785127867022,51.20000076293945
whmYkMhuCYVUlGUGrqY7,36,14.5648334,120.9951389,1785127869026,51.20000076293945
whmYkMhuCYVUlGUGrqY7,37,14.564799,120.9951721,1785127871023,51.20000076293945
whmYkMhuCYVUlGUGrqY7,38,14.5647368,120.9952293,1785127873021,51.20000076293945
whmYkMhuCYVUlGUGrqY7,39,14.5645964,120.9952808,1785127875016,51.20000076293945
whmYkMhuCYVUlGUGrqY7,40,14.5644237,120.9953597,1785127877011,51.20000076293945
whmYkMhuCYVUlGUGrqY7,41,14.5642556,120.9954299,1785127879015,51.20000076293945
whmYkMhuCYVUlGUGrqY7,42,14.564076,120.9955195,1785127881021,51.20000076293945
whmYkMhuCYVUlGUGrqY7,43,14.5639161,120.9955907,1785127883012,51.20000076293945
whmYkMhuCYVUlGUGrqY7,44,14.5637593,120.9956375,1785127885015,51.20000076293945
whmYkMhuCYVUlGUGrqY7,45,14.5636176,120.9957095,1785127887009,51.20000076293945
whmYkMhuCYVUlGUGrqY7,46,14.5634513,120.9957968,1785127889005,51.20000076293945
whmYkMhuCYVUlGUGrqY7,47,14.5633008,120.9958767,1785127891013,51.20000076293945
whmYkMhuCYVUlGUGrqY7,48,14.5631875,120.9959188,1785127893008,51.20000076293945
whmYkMhuCYVUlGUGrqY7,49,14.563102,120.9959867,1785127895011,51.20000076293945
whmYkMhuCYVUlGUGrqY7,50,14.563058,120.9960112,1785127897014,51.20000076293945
whmYkMhuCYVUlGUGrqY7,51,14.5630607,120.9960572,1785127899021,51.20000076293945
whmYkMhuCYVUlGUGrqY7,52,14.563115,120.9961637,1785127901020,51.20000076293945
whmYkMhuCYVUlGUGrqY7,53,14.5631587,120.9963029,1785127903024,51.20000076293945
whmYkMhuCYVUlGUGrqY7,54,14.5631934,120.9964311,1785127905017,51.20000076293945
whmYkMhuCYVUlGUGrqY7,55,14.5632581,120.9965406,1785127907007,51.20000076293945
whmYkMhuCYVUlGUGrqY7,56,14.5632986,120.9966555,1785127909005,51.20000076293945
whmYkMhuCYVUlGUGrqY7,57,14.5633229,120.9967785,1785127911051,51.20000076293945
whmYkMhuCYVUlGUGrqY7,58,14.5633536,120.9969185,1785127913033,51.20000076293945
whmYkMhuCYVUlGUGrqY7,59,14.5634023,120.9970603,1785127915008,51.20000076293945
whmYkMhuCYVUlGUGrqY7,60,14.5634566,120.997223,1785127917009,51.20000076293945
whmYkMhuCYVUlGUGrqY7,61,14.5635043,120.9974008,1785127919019,51.20000076293945
whmYkMhuCYVUlGUGrqY7,62,14.5635863,120.9975653,1785127921018,51.20000076293945
whmYkMhuCYVUlGUGrqY7,63,14.5636743,120.9977134,1785127923023,51.20000076293945
whmYkMhuCYVUlGUGrqY7,64,14.5637577,120.9978651,1785127925025,51.20000076293945
whmYkMhuCYVUlGUGrqY7,65,14.5638468,120.9980102,1785127927021,51.20000076293945
whmYkMhuCYVUlGUGrqY7,66,14.5639248,120.9981175,1785127929035,51.20000076293945
whmYkMhuCYVUlGUGrqY7,67,14.5639799,120.9982023,1785127931036,51.20000076293945
whmYkMhuCYVUlGUGrqY7,68,14.5640091,120.9982849,1785127933044,51.20000076293945
whmYkMhuCYVUlGUGrqY7,69,14.5640091,120.9983423,1785127935038,51.20000076293945
whmYkMhuCYVUlGUGrqY7,70,14.5639318,120.9983575,1785127937027,51.20000076293945
whmYkMhuCYVUlGUGrqY7,71,14.563821,120.9983917,1785127939025,51.20000076293945
whmYkMhuCYVUlGUGrqY7,72,14.5636858,120.9984174,1785127941029,51.20000076293945
whmYkMhuCYVUlGUGrqY7,73,14.5635671,120.9984144,1785127943027,51.20000076293945
whmYkMhuCYVUlGUGrqY7,74,14.5634737,120.9984075,1785127945027,51.20000076293945
whmYkMhuCYVUlGUGrqY7,75,14.5633924,120.9984226,1785127947016,51.20000076293945
whmYkMhuCYVUlGUGrqY7,76,14.5633034,120.9984513,1785127949018,51.20000076293945
whmYkMhuCYVUlGUGrqY7,77,14.5631968,120.9984874,1785127951011,51.20000076293945
whmYkMhuCYVUlGUGrqY7,78,14.5630657,120.9985432,1785127953020,51.20000076293945
whmYkMhuCYVUlGUGrqY7,79,14.5629206,120.9986058,1785127955022,51.20000076293945
whmYkMhuCYVUlGUGrqY7,80,14.5627727,120.9986774,1785127957010,51.20000076293945
whmYkMhuCYVUlGUGrqY7,81,14.5626324,120.9987297,1785127959024,51.20000076293945
whmYkMhuCYVUlGUGrqY7,82,14.5625058,120.9987978,1785127961015,51.20000076293945
whmYkMhuCYVUlGUGrqY7,83,14.5623937,120.9988417,1785127963012,51.20000076293945
whmYkMhuCYVUlGUGrqY7,84,14.5622912,120.998883,1785127965009,51.20000076293945
whmYkMhuCYVUlGUGrqY7,85,14.5621868,120.9989116,1785127967011,51.20000076293945
whmYkMhuCYVUlGUGrqY7,86,14.5620874,120.9989816,1785127969017,51.20000076293945
whmYkMhuCYVUlGUGrqY7,87,14.561994,120.999045,1785127971022,51.20000076293945
whmYkMhuCYVUlGUGrqY7,88,14.5619202,120.9991532,1785127973027,51.20000076293945
whmYkMhuCYVUlGUGrqY7,89,14.5618274,120.9992455,1785127975023,51.20000076293945
whmYkMhuCYVUlGUGrqY7,90,14.561725,120.9993521,1785127977029,63.423
whmYkMhuCYVUlGUGrqY7,91,14.5616283,120.9994597,1785127979032,64.101
whmYkMhuCYVUlGUGrqY7,92,14.5615418,120.9995525,1785127981034,61.37
whmYkMhuCYVUlGUGrqY7,93,14.5614554,120.9996471,1785127983031,60.127
whmYkMhuCYVUlGUGrqY7,94,14.561386,120.9997385,1785127985037,54.082
whmYkMhuCYVUlGUGrqY7,95,14.5613212,120.9998473,1785127987030,55.047
whmYkMhuCYVUlGUGrqY7,96,14.5612649,120.999987,1785127989039,56.532
whmYkMhuCYVUlGUGrqY7,97,14.5612082,121.0001766,1785127991028,57.841
whmYkMhuCYVUlGUGrqY7,98,14.5611651,121.0003538,1785127993021,57.275
whmYkMhuCYVUlGUGrqY7,99,14.5611566,121.0004899,1785127995031,57.731
whmYkMhuCYVUlGUGrqY7,100,14.5611371,121.0006182,1785127997023,59.042
whmYkMhuCYVUlGUGrqY7,101,14.5611133,121.0007008,1785127999032,61.891
whmYkMhuCYVUlGUGrqY7,102,14.5611038,121.0007792,1785128001036,63.724
whmYkMhuCYVUlGUGrqY7,103,14.5610342,121.0008305,1785128003040,63.672
whmYkMhuCYVUlGUGrqY7,104,14.5609042,121.0008493,1785128005040,62.968
whmYkMhuCYVUlGUGrqY7,105,14.5607683,121.00088,1785128007029,60.496
whmYkMhuCYVUlGUGrqY7,106,14.5606282,121.0009136,1785128009038,59.613
whmYkMhuCYVUlGUGrqY7,107,14.5605031,121.0009375,1785128011035,57.841
whmYkMhuCYVUlGUGrqY7,108,14.5604127,121.0009738,1785128013032,56.493
whmYkMhuCYVUlGUGrqY7,109,14.5603118,121.000984,1785128015032,54.442
whmYkMhuCYVUlGUGrqY7,110,14.5602125,121.0010053,1785128017033,51.95
whmYkMhuCYVUlGUGrqY7,111,14.5601032,121.0010246,1785128019042,51.987
whmYkMhuCYVUlGUGrqY7,112,14.5599968,121.0010613,1785128021029,54.017
whmYkMhuCYVUlGUGrqY7,113,14.5598833,121.0010882,1785128023043,55.527
whmYkMhuCYVUlGUGrqY7,114,14.5597916,121.0011146,1785128025023,56.367
whmYkMhuCYVUlGUGrqY7,115,14.5597302,121.0011361,1785128027026,56.185
whmYkMhuCYVUlGUGrqY7,116,14.5597141,121.0012089,1785128029026,56.91
whmYkMhuCYVUlGUGrqY7,117,14.5597355,121.001292,1785128031025,56.06
whmYkMhuCYVUlGUGrqY7,118,14.5597601,121.0014043,1785128033023,56.347
whmYkMhuCYVUlGUGrqY7,119,14.5597855,121.001517,1785128035027,55.564
whmYkMhuCYVUlGUGrqY7,120,14.5598058,121.0016454,1785128037021,54.606
whmYkMhuCYVUlGUGrqY7,121,14.559832,121.001782,1785128039031,56.703
whmYkMhuCYVUlGUGrqY7,122,14.5598564,121.0019071,1785128041032,59.492
whmYkMhuCYVUlGUGrqY7,123,14.5598819,121.0020526,1785128043027,64.195
whmYkMhuCYVUlGUGrqY7,124,14.5599066,121.0022003,1785128045032,67.244
whmYkMhuCYVUlGUGrqY7,125,14.5599268,121.0023326,1785128047032,68.04
whmYkMhuCYVUlGUGrqY7,126,14.5599497,121.0024453,1785128049036,66.502
whmYkMhuCYVUlGUGrqY7,127,14.5599698,121.0025497,1785128051034,63.731
whmYkMhuCYVUlGUGrqY7,128,14.5599828,121.0026606,1785128053034,63.542
whmYkMhuCYVUlGUGrqY7,129,14.5600061,121.0027871,1785128055035,64.861
whmYkMhuCYVUlGUGrqY7,130,14.5600109,121.0028919,1785128057039,65.254
whmYkMhuCYVUlGUGrqY7,131,14.560021,121.0029663,1785128059038,66.847
whmYkMhuCYVUlGUGrqY7,132,14.5600312,121.0030054,1785128061034,62.884
whmYkMhuCYVUlGUGrqY7,133,14.5600427,121.0030445,1785128063037,61.546
whmYkMhuCYVUlGUGrqY7,134,14.560063,121.003151,1785128065047,60.414
whmYkMhuCYVUlGUGrqY7,135,14.5600793,121.0032661,1785128067038,59.933
whmYkMhuCYVUlGUGrqY7,136,14.5600928,121.0033935,1785128069033,61.043
whmYkMhuCYVUlGUGrqY7,137,14.5601189,121.0034991,1785128071032,63.088
whmYkMhuCYVUlGUGrqY7,138,14.5601253,121.0036171,1785128073026,63.849
whmYkMhuCYVUlGUGrqY7,139,14.5601426,121.0037498,1785128075019,63.9
whmYkMhuCYVUlGUGrqY7,140,14.5601651,121.0038885,1785128077018,61.179
whmYkMhuCYVUlGUGrqY7,141,14.5601636,121.0040326,1785128079028,56.599
whmYkMhuCYVUlGUGrqY7,142,14.5601824,121.0041848,1785128081031,57.14
whmYkMhuCYVUlGUGrqY7,143,14.5602002,121.0043293,1785128083037,59.357
whmYkMhuCYVUlGUGrqY7,144,14.5602141,121.0044634,1785128085034,60.154
whmYkMhuCYVUlGUGrqY7,145,14.5602269,121.0045876,1785128087031,61.559
whmYkMhuCYVUlGUGrqY7,146,14.5602408,121.0047116,1785128089034,61.962
whmYkMhuCYVUlGUGrqY7,147,14.5602309,121.0048204,1785128091029,62.926
whmYkMhuCYVUlGUGrqY7,148,14.5602213,121.0048563,1785128093035,64.451
whmYkMhuCYVUlGUGrqY7,149,14.5601379,121.004861,1785128097040,60.287
whmYkMhuCYVUlGUGrqY7,150,14.5600778,121.0048691,1785128099025,59.84
whmYkMhuCYVUlGUGrqY7,151,14.5599997,121.0048875,1785128101019,56.468
whmYkMhuCYVUlGUGrqY7,152,14.5598893,121.004906,1785128103027,56.661
whmYkMhuCYVUlGUGrqY7,153,14.5598191,121.0049126,1785128105035,55.504
whmYkMhuCYVUlGUGrqY7,154,14.5597621,121.004936,1785128107034,56.45
whmYkMhuCYVUlGUGrqY7,155,14.55971,121.0048802,1785128111032,55.415
whmYkMhuCYVUlGUGrqY7,156,14.5596926,121.0047927,1785128113034,54.62
whmYkMhuCYVUlGUGrqY7,157,14.559666,121.0046407,1785128115045,55.736
whmYkMhuCYVUlGUGrqY7,158,14.5596542,121.0045012,1785128117036,55.558
whmYkMhuCYVUlGUGrqY7,159,14.5596284,121.0043752,1785128119032,57.097
whmYkMhuCYVUlGUGrqY7,160,14.5595993,121.0042239,1785128121037,59.351
whmYkMhuCYVUlGUGrqY7,161,14.5595906,121.0040949,1785128123037,62.128
whmYkMhuCYVUlGUGrqY7,162,14.5595685,121.0039712,1785128125036,63.703
whmYkMhuCYVUlGUGrqY7,163,14.5595456,121.0038347,1785128127046,63.3
whmYkMhuCYVUlGUGrqY7,164,14.5595325,121.0037441,1785128129052,62.619
whmYkMhuCYVUlGUGrqY7,165,14.5595272,121.0036746,1785128131040,63.369
whmYkMhuCYVUlGUGrqY7,166,14.5595212,121.0036396,1785128133036,64.643
whmYkMhuCYVUlGUGrqY7,167,14.5595187,121.0035983,1785128135042,62.278
whmYkMhuCYVUlGUGrqY7,168,14.5595348,121.0035758,1785128139036,56.255
whmYkMhuCYVUlGUGrqY7,169,14.559557,121.0035684,1785128143027,53.022
whmYkMhuCYVUlGUGrqY7,170,14.5595698,121.0035818,1785128149047,54.757
whmYkMhuCYVUlGUGrqY7,171,14.5595582,121.0035621,1785128153037,54.769
whmYkMhuCYVUlGUGrqY7,172,14.5595457,121.0035386,1785128157038,55.266
whmYkMhuCYVUlGUGrqY7,173,14.5595366,121.0035066,1785128209038,60.859
whmYkMhuCYVUlGUGrqY7,174,14.5595213,121.0034443,1785128211039,61.971
whmYkMhuCYVUlGUGrqY7,175,14.5595121,121.003412,1785128213044,63.81
whmYkMhuCYVUlGUGrqY7,176,14.5594911,121.0034168,1785128359053,62.984
whmYkMhuCYVUlGUGrqY7,177,14.5594726,121.0033939,1785128361052,61.746
whmYkMhuCYVUlGUGrqY7,178,14.5594429,121.003305,1785128363053,59.745
whmYkMhuCYVUlGUGrqY7,179,14.5594092,121.0032079,1785128365054,58.288
whmYkMhuCYVUlGUGrqY7,180,14.5594078,121.003177,1785128367058,59.32
whmYkMhuCYVUlGUGrqY7,181,14.5594036,121.0031267,1785128369057,59.32
whmYkMhuCYVUlGUGrqY7,182,14.5593988,121.0030527,1785128371053,59.739
whmYkMhuCYVUlGUGrqY7,183,14.5593819,121.0029164,1785128373062,58.843
whmYkMhuCYVUlGUGrqY7,184,14.559361,121.0027604,1785128375047,59.716
whmYkMhuCYVUlGUGrqY7,185,14.5593229,121.0026156,1785128377047,60.158
whmYkMhuCYVUlGUGrqY7,186,14.559307,121.0024612,1785128379058,61.158
whmYkMhuCYVUlGUGrqY7,187,14.5593033,121.0023155,1785128381038,59.587
whmYkMhuCYVUlGUGrqY7,188,14.559293,121.0021871,1785128383055,58.759
whmYkMhuCYVUlGUGrqY7,189,14.5592643,121.0020436,1785128385047,57.285
whmYkMhuCYVUlGUGrqY7,190,14.5592387,121.001899,1785128387049,56.506
whmYkMhuCYVUlGUGrqY7,191,14.5592147,121.0017706,1785128389054,58.384
whmYkMhuCYVUlGUGrqY7,192,14.5592079,121.0016607,1785128391052,58.669
whmYkMhuCYVUlGUGrqY7,193,14.5591949,121.0015337,1785128393050,58.573
whmYkMhuCYVUlGUGrqY7,194,14.5591722,121.0014392,1785128395058,60.031
whmYkMhuCYVUlGUGrqY7,195,14.5591477,121.0013694,1785128397058,60.108
whmYkMhuCYVUlGUGrqY7,196,14.5591385,121.0013274,1785128399065,60.108
whmYkMhuCYVUlGUGrqY7,197,14.5591254,121.0012681,1785128401063,60.108
whmYkMhuCYVUlGUGrqY7,198,14.5591488,121.0012061,1785128403062,61.448
whmYkMhuCYVUlGUGrqY7,199,14.559278,121.0011879,1785128405077,62.595
whmYkMhuCYVUlGUGrqY7,200,14.5594656,121.0011705,1785128407075,64.872
whmYkMhuCYVUlGUGrqY7,201,14.559619,121.0011566,1785128409060,63.604
whmYkMhuCYVUlGUGrqY7,202,14.5597674,121.0011382,1785128411061,60.275
whmYkMhuCYVUlGUGrqY7,203,14.5599149,121.0011005,1785128413060,59.25
whmYkMhuCYVUlGUGrqY7,204,14.5600562,121.0010605,1785128415059,58.521
whmYkMhuCYVUlGUGrqY7,205,14.5601937,121.0010313,1785128417062,57.852
whmYkMhuCYVUlGUGrqY7,206,14.56033,121.0009894,1785128419060,58.435
whmYkMhuCYVUlGUGrqY7,207,14.5604767,121.0009434,1785128421054,58.773
whmYkMhuCYVUlGUGrqY7,208,14.5606071,121.0009016,1785128423063,60.956
whmYkMhuCYVUlGUGrqY7,209,14.5607414,121.0008769,1785128425055,62.085
whmYkMhuCYVUlGUGrqY7,210,14.5608669,121.0008435,1785128427055,60.141
whmYkMhuCYVUlGUGrqY7,211,14.5609783,121.0008101,1785128429052,58.769
whmYkMhuCYVUlGUGrqY7,212,14.5611,121.0007816,1785128431058,59.103
whmYkMhuCYVUlGUGrqY7,213,14.5612437,121.0007344,1785128433057,58.6
whmYkMhuCYVUlGUGrqY7,214,14.5613906,121.000657,1785128435052,58.311
whmYkMhuCYVUlGUGrqY7,215,14.5615177,121.0005789,1785128437053,56.954
whmYkMhuCYVUlGUGrqY7,216,14.5616662,121.000512,1785128439064,56.387
whmYkMhuCYVUlGUGrqY7,217,14.5617913,121.0004359,1785128441054,57.404
whmYkMhuCYVUlGUGrqY7,218,14.5619149,121.0003852,1785128443053,58.124
whmYkMhuCYVUlGUGrqY7,219,14.562031,121.0003099,1785128445049,57.374
whmYkMhuCYVUlGUGrqY7,220,14.5621455,121.0002638,1785128447047,59.112
whmYkMhuCYVUlGUGrqY7,221,14.562256,121.0002249,1785128449048,61.628
whmYkMhuCYVUlGUGrqY7,222,14.5623335,121.0001867,1785128451056,61.489
whmYkMhuCYVUlGUGrqY7,223,14.5624328,121.0001452,1785128453062,61.626
whmYkMhuCYVUlGUGrqY7,224,14.5625196,121.0000857,1785128455056,61.004
whmYkMhuCYVUlGUGrqY7,225,14.5626016,121.0000232,1785128457057,61.714
whmYkMhuCYVUlGUGrqY7,226,14.5626738,120.9999542,1785128459050,62.594
whmYkMhuCYVUlGUGrqY7,227,14.5627109,120.9999349,1785128461064,63.137
whmYkMhuCYVUlGUGrqY7,228,14.5627471,120.9999193,1785128464056,63.137
whmYkMhuCYVUlGUGrqY7,229,14.5627842,120.9999019,1785128466064,63.861
whmYkMhuCYVUlGUGrqY7,230,14.562853,120.9998798,1785128468059,59.027
whmYkMhuCYVUlGUGrqY7,231,14.5629843,120.999819,1785128470051,57.448
whmYkMhuCYVUlGUGrqY7,232,14.5631424,120.9997449,1785128472047,57.338
whmYkMhuCYVUlGUGrqY7,233,14.563318,120.9996562,1785128474026,57.316
whmYkMhuCYVUlGUGrqY7,234,14.563472,120.9995744,1785128476053,59.728
y7SNNRVVOTkrM0dTVYZh,0,14.5600508,120.9957233,1784872275275,49.70000076293945
y7SNNRVVOTkrM0dTVYZh,1,14.5600476,120.9957236,1784872282017,49.70000076293945
y7SNNRVVOTkrM0dTVYZh,2,14.5600732,120.9957426,1784872287154,49.70000076293945
y7SNNRVVOTkrM0dTVYZh,3,14.560095,120.9957263,1784872289155,49.70000076293945
y7SNNRVVOTkrM0dTVYZh,4,14.560131,120.9957076,1784872291154,49.70000076293945
y7SNNRVVOTkrM0dTVYZh,5,14.5601649,120.995697,1784872293154,49.70000076293945
y7SNNRVVOTkrM0dTVYZh,6,14.5601808,120.9956804,1784872295156,49.59999847412109
y7SNNRVVOTkrM0dTVYZh,7,14.5601981,120.995666,1784872297155,49.59999847412109
y7SNNRVVOTkrM0dTVYZh,8,14.560219,120.9956516,1784872299155,49.59999847412109
y7SNNRVVOTkrM0dTVYZh,9,14.5602075,120.9956145,1784872311155,49.59999847412109
y7SNNRVVOTkrM0dTVYZh,10,14.5601912,120.9955825,1784872313154,49.59999847412109
y7SNNRVVOTkrM0dTVYZh,11,14.56018,120.9955377,1784872315155,49.59999847412109
y7SNNRVVOTkrM0dTVYZh,12,14.5601807,120.9954777,1784872317154,49.59999847412109
y7SNNRVVOTkrM0dTVYZh,13,14.5601716,120.9954107,1784872319154,49.59999847412109
y7SNNRVVOTkrM0dTVYZh,14,14.560152,120.9953415,1784872321154,49.59999847412109
y7SNNRVVOTkrM0dTVYZh,15,14.5601406,120.9952654,1784872323155,49.59999847412109
y7SNNRVVOTkrM0dTVYZh,16,14.5601347,120.9951845,1784872325155,49.59999847412109
y7SNNRVVOTkrM0dTVYZh,17,14.5601119,120.995087,1784872327154,49.59999847412109
y7SNNRVVOTkrM0dTVYZh,18,14.5600982,120.9949945,1784872329155,49.59999847412109
y7SNNRVVOTkrM0dTVYZh,19,14.5600865,120.9949083,1784872331156,49.59999847412109
y7SNNRVVOTkrM0dTVYZh,20,14.5600733,120.9948207,1784872333156,49.59999847412109
y7SNNRVVOTkrM0dTVYZh,21,14.5600602,120.9947425,1784872335154,49.59999847412109
y7SNNRVVOTkrM0dTVYZh,22,14.5600451,120.9946679,1784872337154,49.59999847412109
y7SNNRVVOTkrM0dTVYZh,23,14.5600348,120.9946053,1784872339154,49.59999847412109
y7SNNRVVOTkrM0dTVYZh,24,14.5600221,120.9945514,1784872341156,49.59999847412109
y7SNNRVVOTkrM0dTVYZh,25,14.5600469,120.9945105,1784872343154,49.59999847412109
y7SNNRVVOTkrM0dTVYZh,26,14.5601006,120.9944951,1784872345155,49.59999847412109
y7SNNRVVOTkrM0dTVYZh,27,14.5601712,120.9944779,1784872347155,49.59999847412109
y7SNNRVVOTkrM0dTVYZh,28,14.5602421,120.9944469,1784872349155,49.59999847412109
y7SNNRVVOTkrM0dTVYZh,29,14.5603123,120.9944176,1784872351154,49.59999847412109
y7SNNRVVOTkrM0dTVYZh,30,14.5603752,120.9943942,1784872353155,49.59999847412109
y7SNNRVVOTkrM0dTVYZh,31,14.5604333,120.9943692,1784872355155,49.59999847412109
y7SNNRVVOTkrM0dTVYZh,32,14.560487,120.9943412,1784872357156,49.59999847412109
y7SNNRVVOTkrM0dTVYZh,33,14.5605437,120.9943061,1784872359154,49.59999847412109
y7SNNRVVOTkrM0dTVYZh,34,14.5606101,120.9942691,1784872361155,49.59999847412109
y7SNNRVVOTkrM0dTVYZh,35,14.5606101,120.9942452,1784872364008,49.59999847412109
y7SNNRVVOTkrM0dTVYZh,36,14.5607436,120.9941778,1784872367155,49.59999847412109
y7SNNRVVOTkrM0dTVYZh,37,14.5608914,120.9941029,1784872369155,49.59999847412109
y7SNNRVVOTkrM0dTVYZh,38,14.5609933,120.9940544,1784872371155,49.59999847412109
y7SNNRVVOTkrM0dTVYZh,39,14.561071,120.9940072,1784872373154,49.59999847412109
y7SNNRVVOTkrM0dTVYZh,40,14.5611304,120.9939634,1784872375155,49.79999923706055
y7SNNRVVOTkrM0dTVYZh,41,14.5611592,120.9939674,1784872379154,49.79999923706055
y7SNNRVVOTkrM0dTVYZh,42,14.5611951,120.9939783,1784872381156,49.79999923706055
y7SNNRVVOTkrM0dTVYZh,43,14.5612067,120.9940022,1784872383155,49.79999923706055
y7SNNRVVOTkrM0dTVYZh,44,14.5612285,120.9940204,1784872385154,49.79999923706055
y7SNNRVVOTkrM0dTVYZh,45,14.5612577,120.9940326,1784872387133,49.79999923706055
y7SNNRVVOTkrM0dTVYZh,46,14.5613274,120.9940602,1784872389154,49.79999923706055
y7SNNRVVOTkrM0dTVYZh,47,14.5613827,120.9940572,1784872391155,49.79999923706055
y7SNNRVVOTkrM0dTVYZh,48,14.5614174,120.9940362,1784872393156,49.79999923706055
y7SNNRVVOTkrM0dTVYZh,49,14.561456,120.9940089,1784872395156,49.79999923706055
y7SNNRVVOTkrM0dTVYZh,50,14.5614005,120.99387,1784872397155,49.79999923706055
y7SNNRVVOTkrM0dTVYZh,51,14.5613597,120.9937794,1784872399154,49.79999923706055
y7SNNRVVOTkrM0dTVYZh,52,14.5613623,120.9937426,1784872401156,49.79999923706055
y7SNNRVVOTkrM0dTVYZh,53,14.5613517,120.9937828,1784872402985,49.79999923706055
y7SNNRVVOTkrM0dTVYZh,54,14.5612341,120.9934758,1784872405155,49.79999923706055
y7SNNRVVOTkrM0dTVYZh,55,14.5611848,120.9933517,1784872407154,49.79999923706055
y7SNNRVVOTkrM0dTVYZh,56,14.5611596,120.9932382,1784872409155,49.79999923706055
y7SNNRVVOTkrM0dTVYZh,57,14.561168,120.9931481,1784872411155,49.79999923706055
y7SNNRVVOTkrM0dTVYZh,58,14.5611628,120.9930609,1784872413155,49.79999923706055
y7SNNRVVOTkrM0dTVYZh,59,14.5611409,120.9929648,1784872415154,49.79999923706055
y7SNNRVVOTkrM0dTVYZh,60,14.561115,120.9928733,1784872417155,49.79999923706055
y7SNNRVVOTkrM0dTVYZh,61,14.5611018,120.9927993,1784872419155,49.79999923706055
y7SNNRVVOTkrM0dTVYZh,62,14.5610982,120.9927353,1784872421156,49.79999923706055
y7SNNRVVOTkrM0dTVYZh,63,14.5611305,120.9926243,1784872423156,49.79999923706055
y7SNNRVVOTkrM0dTVYZh,64,14.5611878,120.9925128,1784872425154,49.79999923706055
y7SNNRVVOTkrM0dTVYZh,65,14.5612299,120.9924151,1784872427155,49.79999923706055
y7SNNRVVOTkrM0dTVYZh,66,14.5612681,120.9923325,1784872429154,49.79999923706055
y7SNNRVVOTkrM0dTVYZh,67,14.5613488,120.9922809,1784872431154,49.79999923706055
y7SNNRVVOTkrM0dTVYZh,68,14.561441,120.9922297,1784872433154,49.79999923706055
y7SNNRVVOTkrM0dTVYZh,69,14.5615556,120.9921823,1784872435155,49.79999923706055
y7SNNRVVOTkrM0dTVYZh,70,14.5616623,120.9921415,1784872437155,49.79999923706055
y7SNNRVVOTkrM0dTVYZh,71,14.5617661,120.9920802,1784872439155,49.79999923706055
y7SNNRVVOTkrM0dTVYZh,72,14.5618755,120.9920389,1784872441154,49.79999923706055
y7SNNRVVOTkrM0dTVYZh,73,14.5619878,120.9919897,1784872443154,49.79999923706055
y7SNNRVVOTkrM0dTVYZh,74,14.5621036,120.9919251,1784872445155,49.79999923706055
y7SNNRVVOTkrM0dTVYZh,75,14.5622181,120.9918532,1784872447154,49.79999923706055
y7SNNRVVOTkrM0dTVYZh,76,14.5623311,120.9917937,1784872449156,49.79999923706055
y7SNNRVVOTkrM0dTVYZh,77,14.5624445,120.991725,1784872451154,49.79999923706055
y7SNNRVVOTkrM0dTVYZh,78,14.5625614,120.9916662,1784872453156,49.79999923706055
y7SNNRVVOTkrM0dTVYZh,79,14.5626706,120.9916051,1784872455155,49.79999923706055
y7SNNRVVOTkrM0dTVYZh,80,14.5627797,120.9915447,1784872457154,49.79999923706055
y7SNNRVVOTkrM0dTVYZh,81,14.562886,120.9914933,1784872459156,49.79999923706055
y7SNNRVVOTkrM0dTVYZh,82,14.5629938,120.9914367,1784872461155,49.79999923706055
y7SNNRVVOTkrM0dTVYZh,83,14.5630945,120.9913898,1784872463154,49.79999923706055
y7SNNRVVOTkrM0dTVYZh,84,14.5631837,120.9913418,1784872465155,49.79999923706055
y7SNNRVVOTkrM0dTVYZh,85,14.5632684,120.9912884,1784872467156,49.79999923706055
y7SNNRVVOTkrM0dTVYZh,86,14.5633467,120.9912447,1784872469155,49.79999923706055
y7SNNRVVOTkrM0dTVYZh,87,14.5634239,120.9911909,1784872471155,49.79999923706055
y7SNNRVVOTkrM0dTVYZh,88,14.5635004,120.9911531,1784872473154,49.79999923706055
y7SNNRVVOTkrM0dTVYZh,89,14.5635724,120.9911062,1784872475155,49.79999923706055
y7SNNRVVOTkrM0dTVYZh,90,14.563589,120.9910947,1784872477155,49.79999923706055
zGasBnkSGcOdCYb8NHaB,0,14.5627536,120.9952186,1784963155142,51.20000076293945
zGasBnkSGcOdCYb8NHaB,1,14.5627432,120.995309,1784963162130,51.20000076293945
zGasBnkSGcOdCYb8NHaB,2,14.562712,120.9953615,1784963166126,51.20000076293945
zGasBnkSGcOdCYb8NHaB,3,14.5627039,120.9953909,1784963168136,51.20000076293945
zGasBnkSGcOdCYb8NHaB,4,14.5627052,120.995423,1784963170128,51.20000076293945
zGasBnkSGcOdCYb8NHaB,5,14.5627241,120.9954404,1784963172126,51.20000076293945
zGasBnkSGcOdCYb8NHaB,6,14.5627393,120.9954532,1784963174131,51.20000076293945
zGasBnkSGcOdCYb8NHaB,7,14.5627566,120.9954604,1784963176131,51.20000076293945
zGasBnkSGcOdCYb8NHaB,8,14.562784,120.9954861,1784963188134,51.20000076293945
zGasBnkSGcOdCYb8NHaB,9,14.5627978,120.9955261,1784963190141,51.20000076293945
zGasBnkSGcOdCYb8NHaB,10,14.5628121,120.9955862,1784963192140,51.20000076293945
zGasBnkSGcOdCYb8NHaB,11,14.5628759,120.9956598,1784963194138,51.20000076293945
zGasBnkSGcOdCYb8NHaB,12,14.5629256,120.9957588,1784963196145,51.20000076293945
zGasBnkSGcOdCYb8NHaB,13,14.5629846,120.995864,1784963198163,51.20000076293945
zGasBnkSGcOdCYb8NHaB,14,14.5630294,120.99594,1784963200168,51.20000076293945
zGasBnkSGcOdCYb8NHaB,15,14.5630807,120.9960184,1784963202169,51.20000076293945
zGasBnkSGcOdCYb8NHaB,16,14.56314,120.9961162,1784963204159,51.20000076293945
zGasBnkSGcOdCYb8NHaB,17,14.5631855,120.9962254,1784963206160,51.20000076293945
zGasBnkSGcOdCYb8NHaB,18,14.5631994,120.9963061,1784963208155,51.20000076293945
zGasBnkSGcOdCYb8NHaB,19,14.5632128,120.9963532,1784963210161,51.20000076293945
zGasBnkSGcOdCYb8NHaB,20,14.5632244,120.9964011,1784963212168,51.20000076293945
zGasBnkSGcOdCYb8NHaB,21,14.5632415,120.9964649,1784963214159,51.20000076293945
zGasBnkSGcOdCYb8NHaB,22,14.5632753,120.9965754,1784963216146,51.20000076293945
zGasBnkSGcOdCYb8NHaB,23,14.5633117,120.9967102,1784963218146,51.20000076293945
zGasBnkSGcOdCYb8NHaB,24,14.5633495,120.9968657,1784963220144,51.20000076293945
zGasBnkSGcOdCYb8NHaB,25,14.5633839,120.9969939,1784963222146,51.20000076293945
zGasBnkSGcOdCYb8NHaB,26,14.5634129,120.9970851,1784963224146,51.20000076293945
zGasBnkSGcOdCYb8NHaB,27,14.5634245,120.9971779,1784963226148,51.20000076293945
zGasBnkSGcOdCYb8NHaB,28,14.5634312,120.9972699,1784963228149,51.20000076293945
zGasBnkSGcOdCYb8NHaB,29,14.5634342,120.9973344,1784963230151,51.20000076293945
zGasBnkSGcOdCYb8NHaB,30,14.5634522,120.9974146,1784963232151,51.20000076293945
zGasBnkSGcOdCYb8NHaB,31,14.5634945,120.9975103,1784963234149,51.20000076293945
zGasBnkSGcOdCYb8NHaB,32,14.5635602,120.9976208,1784963236149,51.20000076293945
zGasBnkSGcOdCYb8NHaB,33,14.5636228,120.9977338,1784963238148,51.20000076293945
zGasBnkSGcOdCYb8NHaB,34,14.5636896,120.9978201,1784963240161,51.20000076293945
zGasBnkSGcOdCYb8NHaB,35,14.5637681,120.997919,1784963242162,51.20000076293945
zGasBnkSGcOdCYb8NHaB,36,14.5638498,120.9980048,1784963244161,51.20000076293945
zGasBnkSGcOdCYb8NHaB,37,14.5639062,120.9980772,1784963246160,51.20000076293945
zGasBnkSGcOdCYb8NHaB,38,14.5639539,120.9981428,1784963248162,51.20000076293945
zGasBnkSGcOdCYb8NHaB,39,14.5639926,120.9981994,1784963250165,51.20000076293945
zGasBnkSGcOdCYb8NHaB,40,14.5640383,120.9982556,1784963252159,51.20000076293945
zGasBnkSGcOdCYb8NHaB,41,14.5640519,120.9982939,1784963254168,51.20000076293945
zGasBnkSGcOdCYb8NHaB,42,14.5640301,120.9983331,1784963256164,51.20000076293945
zGasBnkSGcOdCYb8NHaB,43,14.5639565,120.9983586,1784963258155,51.20000076293945
zGasBnkSGcOdCYb8NHaB,44,14.5638377,120.9983888,1784963260163,51.20000076293945
zGasBnkSGcOdCYb8NHaB,45,14.5636652,120.9983736,1784963262153,51.20000076293945
zGasBnkSGcOdCYb8NHaB,46,14.5634667,120.9983651,1784963264149,51.20000076293945
zGasBnkSGcOdCYb8NHaB,47,14.5632776,120.9983899,1784963266143,51.20000076293945
zGasBnkSGcOdCYb8NHaB,48,14.5631034,120.9984412,1784963268156,51.20000076293945
zGasBnkSGcOdCYb8NHaB,49,14.5629464,120.998499,1784963270145,51.20000076293945
zGasBnkSGcOdCYb8NHaB,50,14.5628153,120.9985464,1784963272150,51.20000076293945
zGasBnkSGcOdCYb8NHaB,51,14.5627194,120.9985824,1784963274165,51.20000076293945
zGasBnkSGcOdCYb8NHaB,52,14.5625889,120.9986362,1784963276161,51.20000076293945
zGasBnkSGcOdCYb8NHaB,53,14.5624611,120.9986856,1784963278163,51.20000076293945
zGasBnkSGcOdCYb8NHaB,54,14.5623369,120.998752,1784963280164,51.20000076293945
zGasBnkSGcOdCYb8NHaB,55,14.5622258,120.9988153,1784963282162,51.20000076293945
zGasBnkSGcOdCYb8NHaB,56,14.5621208,120.998887,1784963284155,51.20000076293945
zGasBnkSGcOdCYb8NHaB,57,14.5620389,120.9989442,1784963286152,51.20000076293945
zGasBnkSGcOdCYb8NHaB,58,14.5619568,120.9989837,1784963288157,54.859
zGasBnkSGcOdCYb8NHaB,59,14.5618881,120.9990391,1784963290172,56.798
zGasBnkSGcOdCYb8NHaB,60,14.5618829,120.9991175,1784963292169,59.798
zGasBnkSGcOdCYb8NHaB,61,14.5619596,120.9991881,1784963294160,64.337
zGasBnkSGcOdCYb8NHaB,62,14.5620631,120.9992522,1784963296148,68.077
zGasBnkSGcOdCYb8NHaB,63,14.5621682,120.9993152,1784963298152,71.588
zGasBnkSGcOdCYb8NHaB,64,14.5622259,120.9993692,1784963300172,78.204
zGasBnkSGcOdCYb8NHaB,65,14.5621982,120.9994485,1784963302158,81.502
zGasBnkSGcOdCYb8NHaB,66,14.562106,120.9995303,1784963304162,80.721
zGasBnkSGcOdCYb8NHaB,67,14.561997,120.9996296,1784963306169,81.532
zGasBnkSGcOdCYb8NHaB,68,14.5618892,120.9997401,1784963308171,81.24
zGasBnkSGcOdCYb8NHaB,69,14.5617801,120.9998758,1784963310161,79.222
zGasBnkSGcOdCYb8NHaB,70,14.5616823,121.0000283,1784963312161,76.358
zGasBnkSGcOdCYb8NHaB,71,14.5616219,121.0001756,1784963314165,71.971
zGasBnkSGcOdCYb8NHaB,72,14.561584,121.0003074,1784963316163,66.06
zGasBnkSGcOdCYb8NHaB,73,14.5615771,121.0004121,1784963318161,62.494
zGasBnkSGcOdCYb8NHaB,74,14.5615863,121.0004841,1784963320166,57.663
zGasBnkSGcOdCYb8NHaB,75,14.5615916,121.0005116,1784963322170,54.968
zGasBnkSGcOdCYb8NHaB,76,14.5615865,121.0005296,1784963324178,54.968
zGasBnkSGcOdCYb8NHaB,77,14.5615794,121.0005834,1784963326177,54.506
zGasBnkSGcOdCYb8NHaB,78,14.5615768,121.0006736,1784963328174,54.771
zGasBnkSGcOdCYb8NHaB,79,14.5615701,121.0007924,1784963330174,55.978
zGasBnkSGcOdCYb8NHaB,80,14.5615508,121.0008885,1784963332171,59.027
zGasBnkSGcOdCYb8NHaB,81,14.561534,121.0009571,1784963334168,59.488
zGasBnkSGcOdCYb8NHaB,82,14.5615375,121.0009926,1784963336194,60.029
zGasBnkSGcOdCYb8NHaB,83,14.5615128,121.0010585,1784963338175,60.029
zGasBnkSGcOdCYb8NHaB,84,14.5614984,121.001145,1784963340163,59.849
zGasBnkSGcOdCYb8NHaB,85,14.5614941,121.0012681,1784963342171,63.539
zGasBnkSGcOdCYb8NHaB,86,14.5615002,121.0014083,1784963344166,66.049
zGasBnkSGcOdCYb8NHaB,87,14.5614962,121.0015485,1784963346168,66.273
zGasBnkSGcOdCYb8NHaB,88,14.5614925,121.0016756,1784963348171,66.552
zGasBnkSGcOdCYb8NHaB,89,14.561501,121.0018001,1784963350161,65.196
zGasBnkSGcOdCYb8NHaB,90,14.5615093,121.0019001,1784963352157,61.528
zGasBnkSGcOdCYb8NHaB,91,14.5615302,121.0020031,1784963354155,56.03
zGasBnkSGcOdCYb8NHaB,92,14.5615594,121.0020734,1784963356139,52.428
zGasBnkSGcOdCYb8NHaB,93,14.5615708,121.0021661,1784963358135,52.933
zGasBnkSGcOdCYb8NHaB,94,14.5615668,121.0022663,1784963360151,56.954
zGasBnkSGcOdCYb8NHaB,95,14.5615557,121.0023133,1784963362149,56.402
zGasBnkSGcOdCYb8NHaB,96,14.5615498,121.0023567,1784963364151,55.276
zGasBnkSGcOdCYb8NHaB,97,14.561531,121.0023936,1784963366173,56.802
zGasBnkSGcOdCYb8NHaB,98,14.5615147,121.0024205,1784963368170,50.20000076293945
zGasBnkSGcOdCYb8NHaB,99,14.5614659,121.0024731,1784963382161,50.20000076293945
zGasBnkSGcOdCYb8NHaB,100,14.5614162,121.0025172,1784963384168,50.20000076293945
zGasBnkSGcOdCYb8NHaB,101,14.5613674,121.0025415,1784963386179,50.20000076293945
zGasBnkSGcOdCYb8NHaB,102,14.5613281,121.0025667,1784963388169,50.20000076293945
zGasBnkSGcOdCYb8NHaB,103,14.5613064,121.0025837,1784963390172,50.20000076293945
zGasBnkSGcOdCYb8NHaB,104,14.5612845,121.002591,1784963395174,50.20000076293945
zGasBnkSGcOdCYb8NHaB,105,14.5612635,121.0025885,1784963401180,50.20000076293945
zGasBnkSGcOdCYb8NHaB,106,14.5612851,121.0025861,1784963405171,50.20000076293945
zGasBnkSGcOdCYb8NHaB,107,14.5613048,121.0025748,1784963407169,50.20000076293945
zGasBnkSGcOdCYb8NHaB,108,14.561307,121.0025563,1784963418174,50.20000076293945
zaDqAluWIugKykPrWuUB,0,14.5611008,120.9970457,1784950234241,49.89999771118164
zaDqAluWIugKykPrWuUB,1,14.5611015,120.9970454,1784950241235,50.0
zaDqAluWIugKykPrWuUB,2,14.5610837,120.9970543,1784950251232,50.0
zaDqAluWIugKykPrWuUB,3,14.5610587,120.9970569,1784950253241,50.0
zaDqAluWIugKykPrWuUB,4,14.5610084,120.9970579,1784950255251,50.0
zaDqAluWIugKykPrWuUB,5,14.5609602,120.9970643,1784950257250,50.0
zaDqAluWIugKykPrWuUB,6,14.5609086,120.9970705,1784950259246,50.0
zaDqAluWIugKykPrWuUB,7,14.5608939,120.9970904,1784950261249,50.0
zaDqAluWIugKykPrWuUB,8,14.560859,120.9971334,1784950263253,50.0
zaDqAluWIugKykPrWuUB,9,14.5608002,120.9971466,1784950265248,50.0
zaDqAluWIugKykPrWuUB,10,14.5607172,120.997166,1784950267248,50.0
zaDqAluWIugKykPrWuUB,11,14.5606414,120.9972097,1784950269243,50.0
zaDqAluWIugKykPrWuUB,12,14.5605395,120.9972623,1784950271255,50.0
zaDqAluWIugKykPrWuUB,13,14.5604535,120.9973209,1784950273252,50.0
zaDqAluWIugKykPrWuUB,14,14.5604055,120.997349,1784950275253,50.0
zaDqAluWIugKykPrWuUB,15,14.5603757,120.9973803,1784950277261,50.0
zaDqAluWIugKykPrWuUB,16,14.560326,120.9974009,1784950279254,50.0
zaDqAluWIugKykPrWuUB,17,14.560238,120.9974245,1784950281261,50.0
zaDqAluWIugKykPrWuUB,18,14.5601367,120.9974414,1784950283280,50.0
zaDqAluWIugKykPrWuUB,19,14.560045,120.9974512,1784950285257,50.0
zaDqAluWIugKykPrWuUB,20,14.5599548,120.9975062,1784950287250,50.0
zaDqAluWIugKykPrWuUB,21,14.5598909,120.9975348,1784950289249,50.0
zaDqAluWIugKykPrWuUB,22,14.5598141,120.9975731,1784950291253,50.0
zaDqAluWIugKykPrWuUB,23,14.5597277,120.9975923,1784950293273,50.0
zaDqAluWIugKykPrWuUB,24,14.5596703,120.997621,1784950295246,50.0
zaDqAluWIugKykPrWuUB,25,14.5595924,120.9976485,1784950297247,50.0
zaDqAluWIugKykPrWuUB,26,14.5594977,120.9976809,1784950299254,50.0
zaDqAluWIugKykPrWuUB,27,14.5593894,120.9977056,1784950301250,50.0
zaDqAluWIugKykPrWuUB,28,14.5592845,120.9977359,1784950303246,50.0
zaDqAluWIugKykPrWuUB,29,14.5592039,120.9977727,1784950305247,50.0
zaDqAluWIugKykPrWuUB,30,14.5591072,120.9977975,1784950307251,50.0
zaDqAluWIugKykPrWuUB,31,14.5589926,120.9978354,1784950309250,50.0
zaDqAluWIugKykPrWuUB,32,14.5588841,120.9978603,1784950311257,50.0
zaDqAluWIugKykPrWuUB,33,14.5587668,120.9978804,1784950313267,50.0
zaDqAluWIugKykPrWuUB,34,14.5586602,120.9979124,1784950315250,50.0
zaDqAluWIugKykPrWuUB,35,14.5585627,120.9979512,1784950317253,50.0
zaDqAluWIugKykPrWuUB,36,14.5584603,120.9980005,1784950319260,50.0
zaDqAluWIugKykPrWuUB,37,14.5583767,120.998049,1784950321261,50.0
zaDqAluWIugKykPrWuUB,38,14.558307,120.9980719,1784950323255,50.0
zaDqAluWIugKykPrWuUB,39,14.5582492,120.998074,1784950325249,50.0
zaDqAluWIugKykPrWuUB,40,14.5582216,120.9980737,1784950343237,50.0
zaDqAluWIugKykPrWuUB,41,14.5581444,120.9980871,1784950345233,50.0
zaDqAluWIugKykPrWuUB,42,14.5580182,120.9981422,1784950347232,50.0
zaDqAluWIugKykPrWuUB,43,14.5578825,120.9981827,1784950349231,50.0
zaDqAluWIugKykPrWuUB,44,14.5577642,120.9982348,1784950351237,50.0
zaDqAluWIugKykPrWuUB,45,14.5576694,120.9982703,1784950353234,50.0
zaDqAluWIugKykPrWuUB,46,14.5575796,120.9983016,1784950355237,50.0
zaDqAluWIugKykPrWuUB,47,14.5575127,120.9983125,1784950357227,50.0
zaDqAluWIugKykPrWuUB,48,14.5574879,120.9983172,1784950359229,50.0
zaDqAluWIugKykPrWuUB,49,14.5574447,120.9983331,1784950363226,50.0
zaDqAluWIugKykPrWuUB,50,14.5574084,120.9983276,1784950365221,50.0
zaDqAluWIugKykPrWuUB,51,14.5573477,120.998336,1784950369221,50.0
zaDqAluWIugKykPrWuUB,52,14.5572864,120.998363,1784950371236,50.0
zaDqAluWIugKykPrWuUB,53,14.5571772,120.9983677,1784950373239,50.0
zaDqAluWIugKykPrWuUB,54,14.5570446,120.9983714,1784950375237,50.0
zaDqAluWIugKykPrWuUB,55,14.5569219,120.998398,1784950377233,50.0
zaDqAluWIugKykPrWuUB,56,14.5567953,120.9984297,1784950379232,50.0
zaDqAluWIugKykPrWuUB,57,14.5566851,120.9984676,1784950381231,50.0
zaDqAluWIugKykPrWuUB,58,14.5565689,120.9985143,1784950383238,50.0
zaDqAluWIugKykPrWuUB,59,14.5564278,120.9985598,1784950385247,50.0
zaDqAluWIugKykPrWuUB,60,14.556283,120.9986049,1784950387247,50.0
zaDqAluWIugKykPrWuUB,61,14.5561321,120.9986451,1784950389241,50.0
zaDqAluWIugKykPrWuUB,62,14.5560075,120.9986772,1784950391240,50.0
zaDqAluWIugKykPrWuUB,63,14.5558652,120.9987197,1784950393247,50.0
zaDqAluWIugKykPrWuUB,64,14.5557263,120.9987748,1784950395248,50.0
zaDqAluWIugKykPrWuUB,65,14.5556105,120.9988222,1784950397251,50.0
zaDqAluWIugKykPrWuUB,66,14.5555218,120.9988589,1784950399248,50.0
zaDqAluWIugKykPrWuUB,67,14.5554508,120.9988957,1784950401249,50.0
zaDqAluWIugKykPrWuUB,68,14.5553546,120.998947,1784950403256,50.0
zaDqAluWIugKykPrWuUB,69,14.5552325,120.998986,1784950405265,50.0
zaDqAluWIugKykPrWuUB,70,14.5551315,120.9990121,1784950407261,50.0
zaDqAluWIugKykPrWuUB,71,14.5550448,120.9990453,1784950409254,50.0
zaDqAluWIugKykPrWuUB,72,14.554961,120.9990918,1784950411259,50.0
zaDqAluWIugKykPrWuUB,73,14.5548667,120.9991196,1784950413254,50.0
zaDqAluWIugKykPrWuUB,74,14.5547829,120.9991417,1784950415247,70.349
zaDqAluWIugKykPrWuUB,75,14.5547176,120.9990998,1784950417269,72.4
zaDqAluWIugKykPrWuUB,76,14.554649,120.9989778,1784950419255,75.862
zaDqAluWIugKykPrWuUB,77,14.5545798,120.9988213,1784950421256,78.636
zaDqAluWIugKykPrWuUB,78,14.5545321,120.9986626,1784950423259,76.947
zaDqAluWIugKykPrWuUB,79,14.5545166,120.9985538,1784950425257,74.923
zaDqAluWIugKykPrWuUB,80,14.5545089,120.9984871,1784950427259,70.931
zaDqAluWIugKykPrWuUB,81,14.5544896,120.9984442,1784950429258,67.888
zaDqAluWIugKykPrWuUB,82,14.5544817,120.9983758,1784950431261,67.091
zaDqAluWIugKykPrWuUB,83,14.5544543,120.99831,1784950433257,63.823
zaDqAluWIugKykPrWuUB,84,14.5544369,120.9982271,1784950435250,58.762
zaDqAluWIugKykPrWuUB,85,14.5544065,120.9981259,1784950437253,56.122
zaDqAluWIugKykPrWuUB,86,14.5543747,120.9980239,1784950439255,56.699
zaDqAluWIugKykPrWuUB,87,14.5543404,120.9979214,1784950441264,57.735
zaDqAluWIugKykPrWuUB,88,14.5543018,120.9977965,1784950443264,58.811
zaDqAluWIugKykPrWuUB,89,14.5542584,120.9976665,1784950445258,59.409
zaDqAluWIugKykPrWuUB,90,14.5542323,120.9975537,1784950447257,58.945
zaDqAluWIugKykPrWuUB,91,14.5542162,120.9974804,1784950449264,59.717
zaDqAluWIugKykPrWuUB,92,14.5541976,120.9974293,1784950451254,58.04
zaDqAluWIugKykPrWuUB,93,14.5541959,120.9973884,1784950453257,57.52
zaDqAluWIugKykPrWuUB,94,14.5541909,120.9973458,1784950455255,57.361
zaDqAluWIugKykPrWuUB,95,14.5541815,120.9972925,1784950457252,57.752
zaDqAluWIugKykPrWuUB,96,14.5541627,120.9972305,1784950459246,59.73
zaDqAluWIugKykPrWuUB,97,14.5541507,120.9971919,1784950461244,58.519
zaDqAluWIugKykPrWuUB,98,14.5541351,120.9971263,1784950463236,57.281
zaDqAluWIugKykPrWuUB,99,14.5540746,120.997013,1784950465236,60.364
zaDqAluWIugKykPrWuUB,100,14.5540234,120.9969047,1784950467249,61.535
zaDqAluWIugKykPrWuUB,101,14.5539909,120.9968096,1784950469244,61.348
zaDqAluWIugKykPrWuUB,102,14.5539618,120.9967058,1784950471244,65.766
zaDqAluWIugKykPrWuUB,103,14.5539364,120.9965823,1784950473246,68.52
zaDqAluWIugKykPrWuUB,104,14.553913,120.9964736,1784950475245,67.998
zaDqAluWIugKykPrWuUB,105,14.5538851,120.9963425,1784950477248,67.965
zaDqAluWIugKykPrWuUB,106,14.5538598,120.9962091,1784950479257,66.757
zaDqAluWIugKykPrWuUB,107,14.5538553,120.9960677,1784950481246,67.573
zaDqAluWIugKykPrWuUB,108,14.55384,120.9959441,1784950483261,66.589
zaDqAluWIugKykPrWuUB,109,14.5538207,120.9958031,1784950485260,65.068
zaDqAluWIugKykPrWuUB,110,14.5537892,120.9956489,1784950487255,65.51
zaDqAluWIugKykPrWuUB,111,14.5537693,120.9954998,1784950489246,62.89
zaDqAluWIugKykPrWuUB,112,14.5537323,120.9953447,1784950491241,60.857
zaDqAluWIugKykPrWuUB,113,14.553714,120.995175,1784950493234,57.748
zaDqAluWIugKykPrWuUB,114,14.5537015,120.99498,1784950495241,56.22
zaDqAluWIugKykPrWuUB,115,14.5536877,120.994801,1784950497236,57.101
zaDqAluWIugKykPrWuUB,116,14.5536595,120.9946526,1784950499241,58.867
zaDqAluWIugKykPrWuUB,117,14.5536533,120.9945247,1784950501241,61.618
zaDqAluWIugKykPrWuUB,118,14.5536354,120.9944469,1784950503246,60.125
zaDqAluWIugKykPrWuUB,119,14.5536291,120.9944088,1784950505239,59.201
zaDqAluWIugKykPrWuUB,120,14.5536209,120.994371,1784950507238,60.394
zaDqAluWIugKykPrWuUB,121,14.5535839,120.9943057,1784950509249,62.262
zaDqAluWIugKykPrWuUB,122,14.5535502,120.9942316,1784950511245,63.021
zaDqAluWIugKykPrWuUB,123,14.5535188,120.9941881,1784950513248,62.497
zaDqAluWIugKykPrWuUB,124,14.553469,120.9941727,1784950515241,61.571
zaDqAluWIugKykPrWuUB,125,14.5534157,120.9941684,1784950517253,62.702
zaDqAluWIugKykPrWuUB,126,14.5533827,120.9941886,1784950519248,65.137
zaDqAluWIugKykPrWuUB,127,14.5533701,120.9942445,1784950521244,67.282
zaDqAluWIugKykPrWuUB,128,14.5533667,120.9943345,1784950523247,72.12
zaDqAluWIugKykPrWuUB,129,14.5533873,120.994457,1784950525241,74.729
zaDqAluWIugKykPrWuUB,130,14.5534121,120.9945756,1784950527239,73.278
zaDqAluWIugKykPrWuUB,131,14.5534049,120.9946899,1784950529233,70.222
zaDqAluWIugKykPrWuUB,132,14.5533372,120.9947802,1784950531240,65.47
zaDqAluWIugKykPrWuUB,133,14.5532171,120.9948223,1784950533230,60.327
zaDqAluWIugKykPrWuUB,134,14.5531246,120.9948545,1784950535224,60.372
zaDqAluWIugKykPrWuUB,135,14.5530139,120.9948842,1784950537217,62.537
zaDqAluWIugKykPrWuUB,136,14.5529055,120.9948983,1784950539224,63.073
zaDqAluWIugKykPrWuUB,137,14.5527966,120.9948878,1784950541234,60.983
zaDqAluWIugKykPrWuUB,138,14.5527005,120.9949005,1784950543222,56.563
zaDqAluWIugKykPrWuUB,139,14.5526409,120.9949413,1784950545225,52.552
zaDqAluWIugKykPrWuUB,140,14.5525954,120.9949915,1784950547229,45.914
zaDqAluWIugKykPrWuUB,141,14.5525711,120.9950096,1784950549216,41.38
zaDqAluWIugKykPrWuUB,142,14.5525829,120.9949913,1784950555233,39.573
zaDqAluWIugKykPrWuUB,143,14.5525574,120.9950073,1784950557232,44.171
zaDqAluWIugKykPrWuUB,144,14.5525209,120.9950577,1784950559239,53.883
zaDqAluWIugKykPrWuUB,145,14.5525221,120.9951081,1784950561242,57.814
zaDqAluWIugKykPrWuUB,146,14.5525234,120.9951402,1784950563244,60.0
zaDqAluWIugKykPrWuUB,147,14.5525134,120.9951593,1784950565253,58.761
zaDqAluWIugKykPrWuUB,148,14.552494,120.995179,1784950571252,57.587
zaDqAluWIugKykPrWuUB,149,14.5524877,120.9951974,1784950577264,58.093
